------------------------------------
Thu 24 Sep 2026 21:24:33 IDT
SLURM_JOBID:		21666052
SLURM_JOB_NODELIST:	ise-cpu128-14
SLURM_SCRATCH_DIR:	/scratch/yakovelm/21666052
Allocated Resouces:	cpu - 12 / mem - 16384 MB / gpu - 
SLURM_GPU_INDEX:	
Running as yakovelm from sturm account with normal QOS
------------------------------------
Thu 24 Sep 2026 21:24:33 IDT

SLURM_JOBID:		21666052
SLURM_JOB_NODELIST:	ise-cpu128-14

Source: Apache
Results: /home/yakovelm/Master/Tasks/jira-url-to-instability-model/cluster_runs/20260924-212417/apache/results
Log: /home/yakovelm/Master/Tasks/jira-url-to-instability-model/cluster_runs/20260924-212417/apache/logs/job-21666052.out
[1/1] Starting Apache: https://issues.apache.org/jira
Downloaded 25/178,552 issues (0 errors)
Downloaded 50/178,552 issues (0 errors)
Downloaded 75/178,552 issues (0 errors)
Downloaded 100/178,552 issues (0 errors)
Downloaded 125/178,552 issues (0 errors)
Downloaded 150/178,552 issues (0 errors)
Downloaded 175/178,552 issues (0 errors)
Downloaded 200/178,552 issues (0 errors)
Downloaded 225/178,552 issues (0 errors)
Downloaded 250/178,552 issues (0 errors)
Downloaded 275/178,552 issues (0 errors)
Downloaded 300/178,552 issues (0 errors)
Downloaded 325/178,552 issues (0 errors)
Downloaded 350/178,552 issues (0 errors)
Downloaded 375/178,552 issues (0 errors)
Downloaded 400/178,552 issues (0 errors)
Downloaded 425/178,552 issues (0 errors)
Downloaded 450/178,552 issues (0 errors)
Downloaded 475/178,552 issues (0 errors)
Downloaded 500/178,552 issues (0 errors)
Downloaded 525/178,552 issues (0 errors)
Downloaded 550/178,552 issues (0 errors)
Downloaded 575/178,552 issues (0 errors)
Downloaded 600/178,552 issues (0 errors)
Downloaded 625/178,552 issues (0 errors)
Downloaded 650/178,552 issues (0 errors)
Downloaded 675/178,552 issues (0 errors)
Downloaded 700/178,552 issues (0 errors)
Downloaded 725/178,552 issues (0 errors)
Downloaded 750/178,552 issues (0 errors)
Downloaded 775/178,552 issues (0 errors)
Downloaded 800/178,552 issues (0 errors)
Downloaded 825/178,552 issues (0 errors)
Downloaded 850/178,552 issues (0 errors)
Downloaded 875/178,552 issues (0 errors)
Downloaded 900/178,552 issues (0 errors)
Downloaded 925/178,552 issues (0 errors)
Downloaded 950/178,552 issues (0 errors)
Downloaded 975/178,552 issues (0 errors)
Downloaded 1,000/178,552 issues (0 errors)
Downloaded 1,025/178,552 issues (0 errors)
Downloaded 1,050/178,552 issues (0 errors)
Downloaded 1,075/178,552 issues (0 errors)
Downloaded 1,100/178,552 issues (0 errors)
Downloaded 1,125/178,552 issues (0 errors)
Downloaded 1,150/178,552 issues (0 errors)
Downloaded 1,175/178,552 issues (0 errors)
Downloaded 1,200/178,552 issues (0 errors)
Downloaded 1,225/178,552 issues (0 errors)
Downloaded 1,250/178,552 issues (0 errors)
Downloaded 1,275/178,552 issues (0 errors)
Downloaded 1,300/178,552 issues (0 errors)
Downloaded 1,325/178,552 issues (0 errors)
Downloaded 1,350/178,552 issues (0 errors)
Downloaded 1,375/178,552 issues (0 errors)
Downloaded 1,400/178,552 issues (0 errors)
Downloaded 1,425/178,552 issues (0 errors)
Downloaded 1,450/178,552 issues (0 errors)
Downloaded 1,475/178,552 issues (0 errors)
Downloaded 1,500/178,552 issues (0 errors)
Downloaded 1,525/178,552 issues (0 errors)
Downloaded 1,550/178,552 issues (0 errors)
Downloaded 1,575/178,552 issues (0 errors)
Downloaded 1,600/178,552 issues (0 errors)
Downloaded 1,625/178,552 issues (0 errors)
Downloaded 1,650/178,552 issues (0 errors)
Downloaded 1,675/178,552 issues (0 errors)
Downloaded 1,700/178,552 issues (0 errors)
Downloaded 1,725/178,552 issues (0 errors)
Downloaded 1,750/178,552 issues (0 errors)
Downloaded 1,775/178,552 issues (0 errors)
Downloaded 1,800/178,552 issues (0 errors)
Downloaded 1,825/178,552 issues (0 errors)
Downloaded 1,850/178,552 issues (0 errors)
Downloaded 1,875/178,552 issues (0 errors)
Downloaded 1,900/178,552 issues (0 errors)
Downloaded 1,925/178,552 issues (0 errors)
Downloaded 1,950/178,552 issues (0 errors)
Downloaded 1,975/178,552 issues (0 errors)
Downloaded 2,000/178,552 issues (0 errors)
Downloaded 2,025/178,552 issues (0 errors)
Downloaded 2,050/178,552 issues (0 errors)
Downloaded 2,075/178,552 issues (0 errors)
Downloaded 2,100/178,552 issues (0 errors)
Downloaded 2,125/178,552 issues (0 errors)
Downloaded 2,150/178,552 issues (0 errors)
Downloaded 2,175/178,552 issues (0 errors)
Downloaded 2,200/178,552 issues (0 errors)
Downloaded 2,225/178,552 issues (0 errors)
Downloaded 2,250/178,552 issues (0 errors)
Downloaded 2,275/178,552 issues (0 errors)
Downloaded 2,300/178,552 issues (0 errors)
Downloaded 2,325/178,552 issues (0 errors)
Downloaded 2,350/178,552 issues (0 errors)
Downloaded 2,375/178,552 issues (0 errors)
Downloaded 2,400/178,552 issues (0 errors)
Downloaded 2,425/178,552 issues (0 errors)
Downloaded 2,450/178,552 issues (0 errors)
Downloaded 2,475/178,552 issues (0 errors)
Downloaded 2,500/178,552 issues (0 errors)
Downloaded 2,525/178,552 issues (0 errors)
Downloaded 2,550/178,552 issues (0 errors)
Downloaded 2,575/178,552 issues (0 errors)
Downloaded 2,600/178,552 issues (0 errors)
Downloaded 2,625/178,552 issues (0 errors)
Downloaded 2,650/178,552 issues (0 errors)
Downloaded 2,675/178,552 issues (0 errors)
Downloaded 2,700/178,552 issues (0 errors)
Downloaded 2,725/178,552 issues (0 errors)
Downloaded 2,750/178,552 issues (0 errors)
Downloaded 2,775/178,552 issues (0 errors)
Downloaded 2,800/178,552 issues (0 errors)
Downloaded 2,825/178,552 issues (0 errors)
Downloaded 2,850/178,552 issues (0 errors)
Downloaded 2,875/178,552 issues (0 errors)
Downloaded 2,900/178,552 issues (0 errors)
Downloaded 2,925/178,552 issues (0 errors)
Downloaded 2,950/178,552 issues (0 errors)
Downloaded 2,975/178,552 issues (0 errors)
Downloaded 3,000/178,552 issues (0 errors)
Downloaded 3,025/178,552 issues (0 errors)
Downloaded 3,050/178,552 issues (0 errors)
Downloaded 3,075/178,552 issues (0 errors)
Downloaded 3,100/178,552 issues (0 errors)
Downloaded 3,125/178,552 issues (0 errors)
Downloaded 3,150/178,552 issues (0 errors)
Downloaded 3,175/178,552 issues (0 errors)
Downloaded 3,200/178,552 issues (0 errors)
Downloaded 3,225/178,552 issues (0 errors)
Downloaded 3,250/178,552 issues (0 errors)
Downloaded 3,275/178,552 issues (0 errors)
Downloaded 3,300/178,552 issues (0 errors)
Downloaded 3,325/178,552 issues (0 errors)
Downloaded 3,350/178,552 issues (0 errors)
Downloaded 3,375/178,552 issues (0 errors)
Downloaded 3,400/178,552 issues (0 errors)
Downloaded 3,425/178,552 issues (0 errors)
Downloaded 3,450/178,552 issues (0 errors)
Downloaded 3,475/178,552 issues (0 errors)
Downloaded 3,500/178,552 issues (0 errors)
Downloaded 3,525/178,552 issues (0 errors)
Downloaded 3,550/178,552 issues (0 errors)
Downloaded 3,575/178,552 issues (0 errors)
Downloaded 3,600/178,552 issues (0 errors)
Downloaded 3,625/178,552 issues (0 errors)
Downloaded 3,650/178,552 issues (0 errors)
Downloaded 3,675/178,552 issues (0 errors)
Downloaded 3,700/178,552 issues (0 errors)
Downloaded 3,725/178,552 issues (0 errors)
Downloaded 3,750/178,552 issues (0 errors)
Downloaded 3,775/178,552 issues (0 errors)
Downloaded 3,800/178,552 issues (0 errors)
Downloaded 3,825/178,552 issues (0 errors)
Downloaded 3,850/178,552 issues (0 errors)
Downloaded 3,875/178,552 issues (0 errors)
Downloaded 3,900/178,552 issues (0 errors)
Downloaded 3,925/178,552 issues (0 errors)
Downloaded 3,950/178,552 issues (0 errors)
Downloaded 3,975/178,552 issues (0 errors)
Downloaded 4,000/178,552 issues (0 errors)
Downloaded 4,025/178,552 issues (0 errors)
Downloaded 4,050/178,552 issues (0 errors)
Downloaded 4,075/178,552 issues (0 errors)
Downloaded 4,100/178,552 issues (0 errors)
Downloaded 4,125/178,552 issues (0 errors)
Downloaded 4,150/178,552 issues (0 errors)
Downloaded 4,175/178,552 issues (0 errors)
Downloaded 4,200/178,552 issues (0 errors)
Downloaded 4,225/178,552 issues (0 errors)
Downloaded 4,250/178,552 issues (0 errors)
Downloaded 4,275/178,552 issues (0 errors)
Downloaded 4,300/178,552 issues (0 errors)
Downloaded 4,325/178,552 issues (0 errors)
Downloaded 4,350/178,552 issues (0 errors)
Downloaded 4,375/178,552 issues (0 errors)
Downloaded 4,400/178,552 issues (0 errors)
Downloaded 4,425/178,552 issues (0 errors)
Downloaded 4,450/178,552 issues (0 errors)
Downloaded 4,475/178,552 issues (0 errors)
Downloaded 4,500/178,552 issues (0 errors)
Downloaded 4,525/178,552 issues (0 errors)
Downloaded 4,550/178,552 issues (0 errors)
Downloaded 4,575/178,552 issues (0 errors)
Downloaded 4,600/178,552 issues (0 errors)
Downloaded 4,625/178,552 issues (0 errors)
Downloaded 4,650/178,552 issues (0 errors)
Downloaded 4,675/178,552 issues (0 errors)
Downloaded 4,700/178,552 issues (0 errors)
Downloaded 4,725/178,552 issues (0 errors)
Downloaded 4,750/178,552 issues (0 errors)
Downloaded 4,775/178,552 issues (0 errors)
Downloaded 4,800/178,552 issues (0 errors)
Downloaded 4,825/178,552 issues (0 errors)
Downloaded 4,850/178,552 issues (0 errors)
Downloaded 4,875/178,552 issues (0 errors)
Downloaded 4,900/178,552 issues (0 errors)
Downloaded 4,925/178,552 issues (0 errors)
Downloaded 4,950/178,552 issues (0 errors)
Downloaded 4,975/178,552 issues (0 errors)
Downloaded 5,000/178,552 issues (0 errors)
Downloaded 5,025/178,552 issues (0 errors)
Downloaded 5,050/178,552 issues (0 errors)
Downloaded 5,075/178,552 issues (0 errors)
Downloaded 5,100/178,552 issues (0 errors)
Downloaded 5,125/178,552 issues (0 errors)
Downloaded 5,150/178,552 issues (0 errors)
Downloaded 5,175/178,552 issues (0 errors)
Downloaded 5,200/178,552 issues (0 errors)
Downloaded 5,225/178,552 issues (0 errors)
Downloaded 5,250/178,552 issues (0 errors)
Downloaded 5,275/178,552 issues (0 errors)
Downloaded 5,300/178,552 issues (0 errors)
Downloaded 5,325/178,552 issues (0 errors)
Downloaded 5,350/178,552 issues (0 errors)
Downloaded 5,375/178,552 issues (0 errors)
Downloaded 5,400/178,552 issues (0 errors)
Downloaded 5,425/178,552 issues (0 errors)
Downloaded 5,450/178,552 issues (0 errors)
Downloaded 5,475/178,552 issues (0 errors)
Downloaded 5,500/178,552 issues (0 errors)
Downloaded 5,525/178,552 issues (0 errors)
Downloaded 5,550/178,552 issues (0 errors)
Downloaded 5,575/178,552 issues (0 errors)
Downloaded 5,600/178,552 issues (0 errors)
Downloaded 5,625/178,552 issues (0 errors)
Downloaded 5,650/178,552 issues (0 errors)
Downloaded 5,675/178,552 issues (0 errors)
Downloaded 5,700/178,552 issues (0 errors)
Downloaded 5,725/178,552 issues (0 errors)
Downloaded 5,750/178,552 issues (0 errors)
Downloaded 5,775/178,552 issues (0 errors)
Downloaded 5,800/178,552 issues (0 errors)
Downloaded 5,825/178,552 issues (0 errors)
Downloaded 5,850/178,552 issues (0 errors)
Downloaded 5,875/178,552 issues (0 errors)
Downloaded 5,900/178,552 issues (0 errors)
Downloaded 5,925/178,552 issues (0 errors)
Downloaded 5,950/178,552 issues (0 errors)
Downloaded 5,975/178,552 issues (0 errors)
Downloaded 6,000/178,552 issues (0 errors)
Downloaded 6,025/178,552 issues (0 errors)
Downloaded 6,050/178,552 issues (0 errors)
Downloaded 6,075/178,552 issues (0 errors)
Downloaded 6,100/178,552 issues (0 errors)
Downloaded 6,125/178,552 issues (0 errors)
Downloaded 6,150/178,552 issues (0 errors)
Downloaded 6,175/178,552 issues (0 errors)
Downloaded 6,200/178,552 issues (0 errors)
Downloaded 6,225/178,552 issues (0 errors)
Downloaded 6,250/178,552 issues (0 errors)
Downloaded 6,275/178,552 issues (0 errors)
Downloaded 6,300/178,552 issues (0 errors)
Downloaded 6,325/178,552 issues (0 errors)
Downloaded 6,350/178,552 issues (0 errors)
Downloaded 6,375/178,552 issues (0 errors)
Downloaded 6,400/178,552 issues (0 errors)
Downloaded 6,425/178,552 issues (0 errors)
Downloaded 6,450/178,552 issues (0 errors)
Downloaded 6,475/178,552 issues (0 errors)
Downloaded 6,500/178,552 issues (0 errors)
Downloaded 6,525/178,552 issues (0 errors)
Downloaded 6,550/178,552 issues (0 errors)
Downloaded 6,575/178,552 issues (0 errors)
Downloaded 6,600/178,552 issues (0 errors)
Downloaded 6,625/178,552 issues (0 errors)
Downloaded 6,650/178,552 issues (0 errors)
Downloaded 6,675/178,552 issues (0 errors)
Downloaded 6,700/178,552 issues (0 errors)
Downloaded 6,725/178,552 issues (0 errors)
Downloaded 6,750/178,552 issues (0 errors)
Downloaded 6,775/178,552 issues (0 errors)
Downloaded 6,800/178,552 issues (0 errors)
Downloaded 6,825/178,552 issues (0 errors)
Downloaded 6,850/178,552 issues (0 errors)
Downloaded 6,875/178,552 issues (0 errors)
Downloaded 6,900/178,552 issues (0 errors)
Downloaded 6,925/178,552 issues (0 errors)
Downloaded 6,950/178,552 issues (0 errors)
Downloaded 6,975/178,552 issues (0 errors)
Downloaded 7,000/178,552 issues (0 errors)
Downloaded 7,025/178,552 issues (0 errors)
Downloaded 7,050/178,552 issues (0 errors)
Downloaded 7,075/178,552 issues (0 errors)
Downloaded 7,100/178,552 issues (0 errors)
Downloaded 7,125/178,552 issues (0 errors)
Downloaded 7,150/178,552 issues (0 errors)
Downloaded 7,175/178,552 issues (0 errors)
Downloaded 7,200/178,552 issues (0 errors)
Downloaded 7,225/178,552 issues (0 errors)
Downloaded 7,250/178,552 issues (0 errors)
Downloaded 7,275/178,552 issues (0 errors)
Downloaded 7,300/178,552 issues (0 errors)
Downloaded 7,325/178,552 issues (0 errors)
Downloaded 7,350/178,552 issues (0 errors)
Downloaded 7,375/178,552 issues (0 errors)
Downloaded 7,400/178,552 issues (0 errors)
Downloaded 7,425/178,552 issues (0 errors)
Downloaded 7,450/178,552 issues (0 errors)
Downloaded 7,475/178,552 issues (0 errors)
Downloaded 7,500/178,552 issues (0 errors)
Downloaded 7,525/178,552 issues (0 errors)
Downloaded 7,550/178,552 issues (0 errors)
Downloaded 7,575/178,552 issues (0 errors)
Downloaded 7,600/178,552 issues (0 errors)
Downloaded 7,625/178,552 issues (0 errors)
Downloaded 7,650/178,552 issues (0 errors)
Downloaded 7,675/178,552 issues (0 errors)
Downloaded 7,700/178,552 issues (0 errors)
Downloaded 7,725/178,552 issues (0 errors)
Downloaded 7,750/178,552 issues (0 errors)
Downloaded 7,775/178,552 issues (0 errors)
Downloaded 7,800/178,552 issues (0 errors)
Downloaded 7,825/178,552 issues (0 errors)
Downloaded 7,850/178,552 issues (0 errors)
Downloaded 7,875/178,552 issues (0 errors)
Downloaded 7,900/178,552 issues (0 errors)
Downloaded 7,925/178,552 issues (0 errors)
Downloaded 7,950/178,552 issues (0 errors)
Downloaded 7,975/178,552 issues (0 errors)
Downloaded 8,000/178,552 issues (0 errors)
Downloaded 8,025/178,552 issues (0 errors)
Downloaded 8,050/178,552 issues (0 errors)
Downloaded 8,075/178,552 issues (0 errors)
Downloaded 8,100/178,552 issues (0 errors)
Downloaded 8,125/178,552 issues (0 errors)
Downloaded 8,150/178,552 issues (0 errors)
Downloaded 8,175/178,552 issues (0 errors)
Downloaded 8,200/178,552 issues (0 errors)
Downloaded 8,225/178,552 issues (0 errors)
Downloaded 8,250/178,552 issues (0 errors)
Downloaded 8,275/178,552 issues (0 errors)
Downloaded 8,300/178,552 issues (0 errors)
Downloaded 8,325/178,552 issues (0 errors)
Downloaded 8,350/178,552 issues (0 errors)
Downloaded 8,375/178,552 issues (0 errors)
Downloaded 8,400/178,552 issues (0 errors)
Downloaded 8,425/178,552 issues (0 errors)
Downloaded 8,450/178,552 issues (0 errors)
Downloaded 8,475/178,552 issues (0 errors)
Downloaded 8,500/178,552 issues (0 errors)
Downloaded 8,525/178,552 issues (0 errors)
Downloaded 8,550/178,552 issues (0 errors)
Downloaded 8,575/178,552 issues (0 errors)
Downloaded 8,600/178,552 issues (0 errors)
Downloaded 8,625/178,552 issues (0 errors)
Downloaded 8,650/178,552 issues (0 errors)
Downloaded 8,675/178,552 issues (0 errors)
Downloaded 8,700/178,552 issues (0 errors)
Downloaded 8,725/178,552 issues (0 errors)
Downloaded 8,750/178,552 issues (0 errors)
Downloaded 8,775/178,552 issues (0 errors)
Downloaded 8,800/178,552 issues (0 errors)
Downloaded 8,825/178,552 issues (0 errors)
Downloaded 8,850/178,552 issues (0 errors)
Downloaded 8,875/178,552 issues (0 errors)
Downloaded 8,900/178,552 issues (0 errors)
Downloaded 8,925/178,552 issues (0 errors)
Downloaded 8,950/178,552 issues (0 errors)
Downloaded 8,975/178,552 issues (0 errors)
Downloaded 9,000/178,552 issues (0 errors)
Downloaded 9,025/178,552 issues (0 errors)
Downloaded 9,050/178,552 issues (0 errors)
Downloaded 9,075/178,552 issues (0 errors)
Downloaded 9,100/178,552 issues (0 errors)
Downloaded 9,125/178,552 issues (0 errors)
Downloaded 9,150/178,552 issues (0 errors)
Downloaded 9,175/178,552 issues (0 errors)
Downloaded 9,200/178,552 issues (0 errors)
Downloaded 9,225/178,552 issues (0 errors)
Downloaded 9,250/178,552 issues (0 errors)
Downloaded 9,275/178,552 issues (0 errors)
Downloaded 9,300/178,552 issues (0 errors)
Downloaded 9,325/178,552 issues (0 errors)
Downloaded 9,350/178,552 issues (0 errors)
Downloaded 9,375/178,552 issues (0 errors)
Downloaded 9,400/178,552 issues (0 errors)
Downloaded 9,425/178,552 issues (0 errors)
Downloaded 9,450/178,552 issues (0 errors)
Downloaded 9,475/178,552 issues (0 errors)
Downloaded 9,500/178,552 issues (0 errors)
Downloaded 9,525/178,552 issues (0 errors)
Downloaded 9,550/178,552 issues (0 errors)
Downloaded 9,575/178,552 issues (0 errors)
Downloaded 9,600/178,552 issues (0 errors)
Downloaded 9,625/178,552 issues (0 errors)
Downloaded 9,650/178,552 issues (0 errors)
Downloaded 9,675/178,552 issues (0 errors)
Downloaded 9,700/178,552 issues (0 errors)
Downloaded 9,725/178,552 issues (0 errors)
Downloaded 9,750/178,552 issues (0 errors)
Downloaded 9,775/178,552 issues (0 errors)
Downloaded 9,800/178,552 issues (0 errors)
Downloaded 9,825/178,552 issues (0 errors)
Downloaded 9,850/178,552 issues (0 errors)
Downloaded 9,875/178,552 issues (0 errors)
Downloaded 9,900/178,552 issues (0 errors)
Downloaded 9,925/178,552 issues (0 errors)
Downloaded 9,950/178,552 issues (0 errors)
Downloaded 9,975/178,552 issues (0 errors)
Downloaded 10,000/178,552 issues (0 errors)
Downloaded 10,025/178,552 issues (0 errors)
Downloaded 10,050/178,552 issues (0 errors)
Downloaded 10,075/178,552 issues (0 errors)
Downloaded 10,100/178,552 issues (0 errors)
Downloaded 10,125/178,552 issues (0 errors)
Downloaded 10,150/178,552 issues (0 errors)
Downloaded 10,175/178,552 issues (0 errors)
Downloaded 10,200/178,552 issues (0 errors)
Downloaded 10,225/178,552 issues (0 errors)
Downloaded 10,250/178,552 issues (0 errors)
Downloaded 10,275/178,552 issues (0 errors)
Downloaded 10,300/178,552 issues (0 errors)
Downloaded 10,325/178,552 issues (0 errors)
Downloaded 10,350/178,552 issues (0 errors)
Downloaded 10,375/178,552 issues (0 errors)
Downloaded 10,400/178,552 issues (0 errors)
Downloaded 10,425/178,552 issues (0 errors)
Downloaded 10,450/178,552 issues (0 errors)
Downloaded 10,475/178,552 issues (0 errors)
Downloaded 10,500/178,552 issues (0 errors)
Downloaded 10,525/178,552 issues (0 errors)
Downloaded 10,550/178,552 issues (0 errors)
Downloaded 10,575/178,552 issues (0 errors)
Downloaded 10,600/178,552 issues (0 errors)
Downloaded 10,625/178,552 issues (0 errors)
Downloaded 10,650/178,552 issues (0 errors)
Downloaded 10,675/178,552 issues (0 errors)
Downloaded 10,700/178,552 issues (0 errors)
Downloaded 10,725/178,552 issues (0 errors)
Downloaded 10,750/178,552 issues (0 errors)
Downloaded 10,775/178,552 issues (0 errors)
Downloaded 10,800/178,552 issues (0 errors)
Downloaded 10,825/178,552 issues (0 errors)
Downloaded 10,850/178,552 issues (0 errors)
Downloaded 10,875/178,552 issues (0 errors)
Downloaded 10,900/178,552 issues (0 errors)
Downloaded 10,925/178,552 issues (0 errors)
Downloaded 10,950/178,552 issues (0 errors)
Downloaded 10,975/178,552 issues (0 errors)
Downloaded 11,000/178,552 issues (0 errors)
Downloaded 11,025/178,552 issues (0 errors)
Downloaded 11,050/178,552 issues (0 errors)
Downloaded 11,075/178,552 issues (0 errors)
Downloaded 11,100/178,552 issues (0 errors)
Downloaded 11,125/178,552 issues (0 errors)
Downloaded 11,150/178,552 issues (0 errors)
Downloaded 11,175/178,552 issues (0 errors)
Downloaded 11,200/178,552 issues (0 errors)
Downloaded 11,225/178,552 issues (0 errors)
Downloaded 11,250/178,552 issues (0 errors)
Downloaded 11,275/178,552 issues (0 errors)
Downloaded 11,300/178,552 issues (0 errors)
Downloaded 11,325/178,552 issues (0 errors)
Downloaded 11,350/178,552 issues (0 errors)
Downloaded 11,375/178,552 issues (0 errors)
Downloaded 11,400/178,552 issues (0 errors)
Downloaded 11,425/178,552 issues (0 errors)
Downloaded 11,450/178,552 issues (0 errors)
Downloaded 11,475/178,552 issues (0 errors)
Downloaded 11,500/178,552 issues (0 errors)
Downloaded 11,525/178,552 issues (0 errors)
Downloaded 11,550/178,552 issues (0 errors)
Downloaded 11,575/178,552 issues (0 errors)
Downloaded 11,600/178,552 issues (0 errors)
Downloaded 11,625/178,552 issues (0 errors)
Downloaded 11,650/178,552 issues (0 errors)
Downloaded 11,675/178,552 issues (0 errors)
Downloaded 11,700/178,552 issues (0 errors)
Downloaded 11,725/178,552 issues (0 errors)
Downloaded 11,750/178,552 issues (0 errors)
Downloaded 11,775/178,552 issues (0 errors)
Downloaded 11,800/178,552 issues (0 errors)
Downloaded 11,825/178,552 issues (0 errors)
Downloaded 11,850/178,552 issues (0 errors)
Downloaded 11,875/178,552 issues (0 errors)
Downloaded 11,900/178,552 issues (0 errors)
Downloaded 11,925/178,552 issues (0 errors)
Downloaded 11,950/178,552 issues (0 errors)
Downloaded 11,975/178,552 issues (0 errors)
Downloaded 12,000/178,552 issues (0 errors)
Downloaded 12,025/178,552 issues (0 errors)
Downloaded 12,050/178,552 issues (0 errors)
Downloaded 12,075/178,552 issues (0 errors)
Downloaded 12,100/178,552 issues (0 errors)
Downloaded 12,125/178,552 issues (0 errors)
Downloaded 12,150/178,552 issues (0 errors)
Downloaded 12,175/178,552 issues (0 errors)
Downloaded 12,200/178,552 issues (0 errors)
Downloaded 12,225/178,552 issues (0 errors)
Downloaded 12,250/178,552 issues (0 errors)
Downloaded 12,275/178,552 issues (0 errors)
Downloaded 12,300/178,552 issues (0 errors)
Downloaded 12,325/178,552 issues (0 errors)
Downloaded 12,350/178,552 issues (0 errors)
Downloaded 12,375/178,552 issues (0 errors)
Downloaded 12,400/178,552 issues (0 errors)
Downloaded 12,425/178,552 issues (0 errors)
Downloaded 12,450/178,552 issues (0 errors)
Downloaded 12,475/178,552 issues (0 errors)
Downloaded 12,500/178,552 issues (0 errors)
Downloaded 12,525/178,552 issues (0 errors)
Downloaded 12,550/178,552 issues (0 errors)
Downloaded 12,575/178,552 issues (0 errors)
Downloaded 12,600/178,552 issues (0 errors)
Downloaded 12,625/178,552 issues (0 errors)
Downloaded 12,650/178,552 issues (0 errors)
Downloaded 12,675/178,552 issues (0 errors)
Downloaded 12,700/178,552 issues (0 errors)
Downloaded 12,725/178,552 issues (0 errors)
Downloaded 12,750/178,552 issues (0 errors)
Downloaded 12,775/178,552 issues (0 errors)
Downloaded 12,800/178,552 issues (0 errors)
Downloaded 12,825/178,552 issues (0 errors)
Downloaded 12,850/178,552 issues (0 errors)
Downloaded 12,875/178,552 issues (0 errors)
Downloaded 12,900/178,552 issues (0 errors)
Downloaded 12,925/178,552 issues (0 errors)
Downloaded 12,950/178,552 issues (0 errors)
Downloaded 12,975/178,552 issues (0 errors)
Downloaded 13,000/178,552 issues (0 errors)
Downloaded 13,025/178,552 issues (0 errors)
Downloaded 13,050/178,552 issues (0 errors)
Downloaded 13,075/178,552 issues (0 errors)
Downloaded 13,100/178,552 issues (0 errors)
Downloaded 13,125/178,552 issues (0 errors)
Downloaded 13,150/178,552 issues (0 errors)
Downloaded 13,175/178,552 issues (0 errors)
Downloaded 13,200/178,552 issues (0 errors)
Downloaded 13,225/178,552 issues (0 errors)
Downloaded 13,250/178,552 issues (0 errors)
Downloaded 13,275/178,552 issues (0 errors)
Downloaded 13,300/178,552 issues (0 errors)
Downloaded 13,325/178,552 issues (0 errors)
Downloaded 13,350/178,552 issues (0 errors)
Downloaded 13,375/178,552 issues (0 errors)
Downloaded 13,400/178,552 issues (0 errors)
Downloaded 13,425/178,552 issues (0 errors)
Downloaded 13,450/178,552 issues (0 errors)
Downloaded 13,475/178,552 issues (0 errors)
Downloaded 13,500/178,552 issues (0 errors)
Downloaded 13,525/178,552 issues (0 errors)
Downloaded 13,550/178,552 issues (0 errors)
Downloaded 13,575/178,552 issues (0 errors)
Downloaded 13,600/178,552 issues (0 errors)
Downloaded 13,625/178,552 issues (0 errors)
Downloaded 13,650/178,552 issues (0 errors)
Downloaded 13,675/178,552 issues (0 errors)
Downloaded 13,700/178,552 issues (0 errors)
Downloaded 13,725/178,552 issues (0 errors)
Downloaded 13,750/178,552 issues (0 errors)
Downloaded 13,775/178,552 issues (0 errors)
Downloaded 13,800/178,552 issues (0 errors)
Downloaded 13,825/178,552 issues (0 errors)
Downloaded 13,850/178,552 issues (0 errors)
Downloaded 13,875/178,552 issues (0 errors)
Downloaded 13,900/178,552 issues (0 errors)
Downloaded 13,925/178,552 issues (0 errors)
Downloaded 13,950/178,552 issues (0 errors)
Downloaded 13,975/178,552 issues (0 errors)
Downloaded 14,000/178,552 issues (0 errors)
Downloaded 14,025/178,552 issues (0 errors)
Downloaded 14,050/178,552 issues (0 errors)
Downloaded 14,075/178,552 issues (0 errors)
Downloaded 14,100/178,552 issues (0 errors)
Downloaded 14,125/178,552 issues (0 errors)
Downloaded 14,150/178,552 issues (0 errors)
Downloaded 14,175/178,552 issues (0 errors)
Downloaded 14,200/178,552 issues (0 errors)
Downloaded 14,225/178,552 issues (0 errors)
Downloaded 14,250/178,552 issues (0 errors)
Downloaded 14,275/178,552 issues (0 errors)
Downloaded 14,300/178,552 issues (0 errors)
Downloaded 14,325/178,552 issues (0 errors)
Downloaded 14,350/178,552 issues (0 errors)
Downloaded 14,375/178,552 issues (0 errors)
Downloaded 14,400/178,552 issues (0 errors)
Downloaded 14,425/178,552 issues (0 errors)
Downloaded 14,450/178,552 issues (0 errors)
Downloaded 14,475/178,552 issues (0 errors)
Downloaded 14,500/178,552 issues (0 errors)
Downloaded 14,525/178,552 issues (0 errors)
Downloaded 14,550/178,552 issues (0 errors)
Downloaded 14,575/178,552 issues (0 errors)
Downloaded 14,600/178,552 issues (0 errors)
Downloaded 14,625/178,552 issues (0 errors)
Downloaded 14,650/178,552 issues (0 errors)
Downloaded 14,675/178,552 issues (0 errors)
Downloaded 14,700/178,552 issues (0 errors)
Downloaded 14,725/178,552 issues (0 errors)
Downloaded 14,750/178,552 issues (0 errors)
Downloaded 14,775/178,552 issues (0 errors)
Downloaded 14,800/178,552 issues (0 errors)
Downloaded 14,825/178,552 issues (0 errors)
Downloaded 14,850/178,552 issues (0 errors)
Downloaded 14,875/178,552 issues (0 errors)
Downloaded 14,900/178,552 issues (0 errors)
Downloaded 14,925/178,552 issues (0 errors)
Downloaded 14,950/178,552 issues (0 errors)
Downloaded 14,975/178,552 issues (0 errors)
Downloaded 15,000/178,552 issues (0 errors)
Downloaded 15,025/178,552 issues (0 errors)
Downloaded 15,050/178,552 issues (0 errors)
Downloaded 15,075/178,552 issues (0 errors)
Downloaded 15,100/178,552 issues (0 errors)
Downloaded 15,125/178,552 issues (0 errors)
Downloaded 15,150/178,552 issues (0 errors)
Downloaded 15,175/178,552 issues (0 errors)
Downloaded 15,200/178,552 issues (0 errors)
Downloaded 15,225/178,552 issues (0 errors)
Downloaded 15,250/178,552 issues (0 errors)
Downloaded 15,275/178,552 issues (0 errors)
Downloaded 15,300/178,552 issues (0 errors)
Downloaded 15,325/178,552 issues (0 errors)
Downloaded 15,350/178,552 issues (0 errors)
Downloaded 15,375/178,552 issues (0 errors)
Downloaded 15,400/178,552 issues (0 errors)
Downloaded 15,425/178,552 issues (0 errors)
Downloaded 15,450/178,552 issues (0 errors)
Downloaded 15,475/178,552 issues (0 errors)
Downloaded 15,500/178,552 issues (0 errors)
Downloaded 15,525/178,552 issues (0 errors)
Downloaded 15,550/178,552 issues (0 errors)
Downloaded 15,575/178,552 issues (0 errors)
Downloaded 15,600/178,552 issues (0 errors)
Downloaded 15,625/178,552 issues (0 errors)
Downloaded 15,650/178,552 issues (0 errors)
Downloaded 15,675/178,552 issues (0 errors)
Downloaded 15,700/178,552 issues (0 errors)
Downloaded 15,725/178,552 issues (0 errors)
Downloaded 15,750/178,552 issues (0 errors)
Downloaded 15,775/178,552 issues (0 errors)
Downloaded 15,800/178,552 issues (0 errors)
Downloaded 15,825/178,552 issues (0 errors)
Downloaded 15,850/178,552 issues (0 errors)
Downloaded 15,875/178,552 issues (0 errors)
Downloaded 15,900/178,552 issues (0 errors)
Downloaded 15,925/178,552 issues (0 errors)
Downloaded 15,950/178,552 issues (0 errors)
Downloaded 15,975/178,552 issues (0 errors)
Downloaded 16,000/178,552 issues (0 errors)
Downloaded 16,025/178,552 issues (0 errors)
Downloaded 16,050/178,552 issues (0 errors)
Downloaded 16,075/178,552 issues (0 errors)
Downloaded 16,100/178,552 issues (0 errors)
Downloaded 16,125/178,552 issues (0 errors)
Downloaded 16,150/178,552 issues (0 errors)
Downloaded 16,175/178,552 issues (0 errors)
Downloaded 16,200/178,552 issues (0 errors)
Downloaded 16,225/178,552 issues (0 errors)
Downloaded 16,250/178,552 issues (0 errors)
Downloaded 16,275/178,552 issues (0 errors)
Downloaded 16,300/178,552 issues (0 errors)
Downloaded 16,325/178,552 issues (0 errors)
Downloaded 16,350/178,552 issues (0 errors)
Downloaded 16,375/178,552 issues (0 errors)
Downloaded 16,400/178,552 issues (0 errors)
Downloaded 16,425/178,552 issues (0 errors)
Downloaded 16,450/178,552 issues (0 errors)
Downloaded 16,475/178,552 issues (0 errors)
Downloaded 16,500/178,552 issues (0 errors)
Downloaded 16,525/178,552 issues (0 errors)
Downloaded 16,550/178,552 issues (0 errors)
Downloaded 16,575/178,552 issues (0 errors)
Downloaded 16,600/178,552 issues (0 errors)
Downloaded 16,625/178,552 issues (0 errors)
Downloaded 16,650/178,552 issues (0 errors)
Downloaded 16,675/178,552 issues (0 errors)
Downloaded 16,700/178,552 issues (0 errors)
Downloaded 16,725/178,552 issues (0 errors)
Downloaded 16,750/178,552 issues (0 errors)
Downloaded 16,775/178,552 issues (0 errors)
Downloaded 16,800/178,552 issues (0 errors)
Downloaded 16,825/178,552 issues (0 errors)
Downloaded 16,850/178,552 issues (0 errors)
Downloaded 16,875/178,552 issues (0 errors)
Downloaded 16,900/178,552 issues (0 errors)
Downloaded 16,925/178,552 issues (0 errors)
Downloaded 16,950/178,552 issues (0 errors)
Downloaded 16,975/178,552 issues (0 errors)
Downloaded 17,000/178,552 issues (0 errors)
Downloaded 17,025/178,552 issues (0 errors)
Downloaded 17,050/178,552 issues (0 errors)
Downloaded 17,075/178,552 issues (0 errors)
Downloaded 17,100/178,552 issues (0 errors)
Downloaded 17,125/178,552 issues (0 errors)
Downloaded 17,150/178,552 issues (0 errors)
Downloaded 17,175/178,552 issues (0 errors)
Downloaded 17,200/178,552 issues (0 errors)
Downloaded 17,225/178,552 issues (0 errors)
Downloaded 17,250/178,552 issues (0 errors)
Downloaded 17,275/178,552 issues (0 errors)
Downloaded 17,300/178,552 issues (0 errors)
Downloaded 17,325/178,552 issues (0 errors)
Downloaded 17,350/178,552 issues (0 errors)
Downloaded 17,375/178,552 issues (0 errors)
Downloaded 17,400/178,552 issues (0 errors)
Downloaded 17,425/178,552 issues (0 errors)
Downloaded 17,450/178,552 issues (0 errors)
Downloaded 17,475/178,552 issues (0 errors)
Downloaded 17,500/178,552 issues (0 errors)
Downloaded 17,525/178,552 issues (0 errors)
Downloaded 17,550/178,552 issues (0 errors)
Downloaded 17,575/178,552 issues (0 errors)
Downloaded 17,600/178,552 issues (0 errors)
Downloaded 17,625/178,552 issues (0 errors)
Downloaded 17,650/178,552 issues (0 errors)
Downloaded 17,675/178,552 issues (0 errors)
Downloaded 17,700/178,552 issues (0 errors)
Downloaded 17,725/178,552 issues (0 errors)
Downloaded 17,750/178,552 issues (0 errors)
Downloaded 17,775/178,552 issues (0 errors)
Downloaded 17,800/178,552 issues (0 errors)
Downloaded 17,825/178,552 issues (0 errors)
Downloaded 17,850/178,552 issues (0 errors)
Downloaded 17,875/178,552 issues (0 errors)
Downloaded 17,900/178,552 issues (0 errors)
Downloaded 17,925/178,552 issues (0 errors)
Downloaded 17,950/178,552 issues (0 errors)
Downloaded 17,975/178,552 issues (0 errors)
Downloaded 18,000/178,552 issues (0 errors)
Downloaded 18,025/178,552 issues (0 errors)
Downloaded 18,050/178,552 issues (0 errors)
Downloaded 18,075/178,552 issues (0 errors)
Downloaded 18,100/178,552 issues (0 errors)
Downloaded 18,125/178,552 issues (0 errors)
Downloaded 18,150/178,552 issues (0 errors)
Downloaded 18,175/178,552 issues (0 errors)
Downloaded 18,200/178,552 issues (0 errors)
Downloaded 18,225/178,552 issues (0 errors)
Downloaded 18,250/178,552 issues (0 errors)
Downloaded 18,275/178,552 issues (0 errors)
Downloaded 18,300/178,552 issues (0 errors)
Downloaded 18,325/178,552 issues (0 errors)
Downloaded 18,350/178,552 issues (0 errors)
Downloaded 18,375/178,552 issues (0 errors)
Downloaded 18,400/178,552 issues (0 errors)
Downloaded 18,425/178,552 issues (0 errors)
Downloaded 18,450/178,552 issues (0 errors)
Downloaded 18,475/178,552 issues (0 errors)
Downloaded 18,500/178,552 issues (0 errors)
Downloaded 18,525/178,552 issues (0 errors)
Downloaded 18,550/178,552 issues (0 errors)
Downloaded 18,575/178,552 issues (0 errors)
Downloaded 18,600/178,552 issues (0 errors)
Downloaded 18,625/178,552 issues (0 errors)
Downloaded 18,650/178,552 issues (0 errors)
Downloaded 18,675/178,552 issues (0 errors)
Downloaded 18,700/178,552 issues (0 errors)
Downloaded 18,725/178,552 issues (0 errors)
Downloaded 18,750/178,552 issues (0 errors)
Downloaded 18,775/178,552 issues (0 errors)
Downloaded 18,800/178,552 issues (0 errors)
Downloaded 18,825/178,552 issues (0 errors)
Downloaded 18,850/178,552 issues (0 errors)
Downloaded 18,875/178,552 issues (0 errors)
Downloaded 18,900/178,552 issues (0 errors)
Downloaded 18,925/178,552 issues (0 errors)
Downloaded 18,950/178,552 issues (0 errors)
Downloaded 18,975/178,552 issues (0 errors)
Downloaded 19,000/178,552 issues (0 errors)
Downloaded 19,025/178,552 issues (0 errors)
Downloaded 19,050/178,552 issues (0 errors)
Downloaded 19,075/178,552 issues (0 errors)
Downloaded 19,100/178,552 issues (0 errors)
Downloaded 19,125/178,552 issues (0 errors)
Downloaded 19,150/178,552 issues (0 errors)
Downloaded 19,175/178,552 issues (0 errors)
Downloaded 19,200/178,552 issues (0 errors)
Downloaded 19,225/178,552 issues (0 errors)
Downloaded 19,250/178,552 issues (0 errors)
Downloaded 19,275/178,552 issues (0 errors)
Downloaded 19,300/178,552 issues (0 errors)
Downloaded 19,325/178,552 issues (0 errors)
Downloaded 19,350/178,552 issues (0 errors)
Downloaded 19,375/178,552 issues (0 errors)
Downloaded 19,400/178,552 issues (0 errors)
Downloaded 19,425/178,552 issues (0 errors)
Downloaded 19,450/178,552 issues (0 errors)
Downloaded 19,475/178,552 issues (0 errors)
Downloaded 19,500/178,552 issues (0 errors)
Downloaded 19,525/178,552 issues (0 errors)
Downloaded 19,550/178,552 issues (0 errors)
Downloaded 19,575/178,552 issues (0 errors)
Downloaded 19,600/178,552 issues (0 errors)
Downloaded 19,625/178,552 issues (0 errors)
Downloaded 19,650/178,552 issues (0 errors)
Downloaded 19,675/178,552 issues (0 errors)
Downloaded 19,700/178,552 issues (0 errors)
Downloaded 19,725/178,552 issues (0 errors)
Downloaded 19,750/178,552 issues (0 errors)
Downloaded 19,775/178,552 issues (0 errors)
Downloaded 19,800/178,552 issues (0 errors)
Downloaded 19,825/178,552 issues (0 errors)
Downloaded 19,850/178,552 issues (0 errors)
Downloaded 19,875/178,552 issues (0 errors)
Downloaded 19,900/178,552 issues (0 errors)
Downloaded 19,925/178,552 issues (0 errors)
Downloaded 19,950/178,552 issues (0 errors)
Downloaded 19,975/178,552 issues (0 errors)
Downloaded 20,000/178,552 issues (0 errors)
Downloaded 20,025/178,552 issues (0 errors)
Downloaded 20,050/178,552 issues (0 errors)
Downloaded 20,075/178,552 issues (0 errors)
Downloaded 20,100/178,552 issues (0 errors)
Downloaded 20,125/178,552 issues (0 errors)
Downloaded 20,150/178,552 issues (0 errors)
Downloaded 20,175/178,552 issues (0 errors)
Downloaded 20,200/178,552 issues (0 errors)
Downloaded 20,225/178,552 issues (0 errors)
Downloaded 20,250/178,552 issues (0 errors)
Downloaded 20,275/178,552 issues (0 errors)
Downloaded 20,300/178,552 issues (0 errors)
Downloaded 20,325/178,552 issues (0 errors)
Downloaded 20,350/178,552 issues (0 errors)
Downloaded 20,375/178,552 issues (0 errors)
Downloaded 20,400/178,552 issues (0 errors)
Downloaded 20,425/178,552 issues (0 errors)
Downloaded 20,450/178,552 issues (0 errors)
Downloaded 20,475/178,552 issues (0 errors)
Downloaded 20,500/178,552 issues (0 errors)
Downloaded 20,525/178,552 issues (0 errors)
Downloaded 20,550/178,552 issues (0 errors)
Downloaded 20,575/178,552 issues (0 errors)
Downloaded 20,600/178,552 issues (0 errors)
Downloaded 20,625/178,552 issues (0 errors)
Downloaded 20,650/178,552 issues (0 errors)
Downloaded 20,675/178,552 issues (0 errors)
Downloaded 20,700/178,552 issues (0 errors)
Downloaded 20,725/178,552 issues (0 errors)
Downloaded 20,750/178,552 issues (0 errors)
Downloaded 20,775/178,552 issues (0 errors)
Downloaded 20,800/178,552 issues (0 errors)
Downloaded 20,825/178,552 issues (0 errors)
Downloaded 20,850/178,552 issues (0 errors)
Downloaded 20,875/178,552 issues (0 errors)
Downloaded 20,900/178,552 issues (0 errors)
Downloaded 20,925/178,552 issues (0 errors)
Downloaded 20,950/178,552 issues (0 errors)
Downloaded 20,975/178,552 issues (0 errors)
Downloaded 21,000/178,552 issues (0 errors)
Downloaded 21,025/178,552 issues (0 errors)
Downloaded 21,050/178,552 issues (0 errors)
Downloaded 21,075/178,552 issues (0 errors)
Downloaded 21,100/178,552 issues (0 errors)
Downloaded 21,125/178,552 issues (0 errors)
Downloaded 21,150/178,552 issues (0 errors)
Downloaded 21,175/178,552 issues (0 errors)
Downloaded 21,200/178,552 issues (0 errors)
Downloaded 21,225/178,552 issues (0 errors)
Downloaded 21,250/178,552 issues (0 errors)
Downloaded 21,275/178,552 issues (0 errors)
Downloaded 21,300/178,552 issues (0 errors)
Downloaded 21,325/178,552 issues (0 errors)
Downloaded 21,350/178,552 issues (0 errors)
Downloaded 21,375/178,552 issues (0 errors)
Downloaded 21,400/178,552 issues (0 errors)
Downloaded 21,425/178,552 issues (0 errors)
Downloaded 21,450/178,552 issues (0 errors)
Downloaded 21,475/178,552 issues (0 errors)
Downloaded 21,500/178,552 issues (0 errors)
Downloaded 21,525/178,552 issues (0 errors)
Downloaded 21,550/178,552 issues (0 errors)
Downloaded 21,575/178,552 issues (0 errors)
Downloaded 21,600/178,552 issues (0 errors)
Downloaded 21,625/178,552 issues (0 errors)
Downloaded 21,650/178,552 issues (0 errors)
Downloaded 21,675/178,552 issues (0 errors)
Downloaded 21,700/178,552 issues (0 errors)
Downloaded 21,725/178,552 issues (0 errors)
Downloaded 21,750/178,552 issues (0 errors)
Downloaded 21,775/178,552 issues (0 errors)
Downloaded 21,800/178,552 issues (0 errors)
Downloaded 21,825/178,552 issues (0 errors)
Downloaded 21,850/178,552 issues (0 errors)
Downloaded 21,875/178,552 issues (0 errors)
Downloaded 21,900/178,552 issues (0 errors)
Downloaded 21,925/178,552 issues (0 errors)
Downloaded 21,950/178,552 issues (0 errors)
Downloaded 21,975/178,552 issues (0 errors)
Downloaded 22,000/178,552 issues (0 errors)
Downloaded 22,025/178,552 issues (0 errors)
Downloaded 22,050/178,552 issues (0 errors)
Downloaded 22,075/178,552 issues (0 errors)
Downloaded 22,100/178,552 issues (0 errors)
Downloaded 22,125/178,552 issues (0 errors)
Downloaded 22,150/178,552 issues (0 errors)
Downloaded 22,175/178,552 issues (0 errors)
Downloaded 22,200/178,552 issues (0 errors)
Downloaded 22,225/178,552 issues (0 errors)
Downloaded 22,250/178,552 issues (0 errors)
Downloaded 22,275/178,552 issues (0 errors)
Downloaded 22,300/178,552 issues (0 errors)
Downloaded 22,325/178,552 issues (0 errors)
Downloaded 22,350/178,552 issues (0 errors)
Downloaded 22,375/178,552 issues (0 errors)
Downloaded 22,400/178,552 issues (0 errors)
Downloaded 22,425/178,552 issues (0 errors)
Downloaded 22,450/178,552 issues (0 errors)
Downloaded 22,475/178,552 issues (0 errors)
Downloaded 22,500/178,552 issues (0 errors)
Downloaded 22,525/178,552 issues (0 errors)
Downloaded 22,550/178,552 issues (0 errors)
Downloaded 22,575/178,552 issues (0 errors)
Downloaded 22,600/178,552 issues (0 errors)
Downloaded 22,625/178,552 issues (0 errors)
Downloaded 22,650/178,552 issues (0 errors)
Downloaded 22,675/178,552 issues (0 errors)
Downloaded 22,700/178,552 issues (0 errors)
Downloaded 22,725/178,552 issues (0 errors)
Downloaded 22,750/178,552 issues (0 errors)
Downloaded 22,775/178,552 issues (0 errors)
Downloaded 22,800/178,552 issues (0 errors)
Downloaded 22,825/178,552 issues (0 errors)
Downloaded 22,850/178,552 issues (0 errors)
Downloaded 22,875/178,552 issues (0 errors)
Downloaded 22,900/178,552 issues (0 errors)
Downloaded 22,925/178,552 issues (0 errors)
Downloaded 22,950/178,552 issues (0 errors)
Downloaded 22,975/178,552 issues (0 errors)
Downloaded 23,000/178,552 issues (0 errors)
Downloaded 23,025/178,552 issues (0 errors)
Downloaded 23,050/178,552 issues (0 errors)
Downloaded 23,075/178,552 issues (0 errors)
Downloaded 23,100/178,552 issues (0 errors)
Downloaded 23,125/178,552 issues (0 errors)
Downloaded 23,150/178,552 issues (0 errors)
Downloaded 23,175/178,552 issues (0 errors)
Downloaded 23,200/178,552 issues (0 errors)
Downloaded 23,225/178,552 issues (0 errors)
Downloaded 23,250/178,552 issues (0 errors)
Downloaded 23,275/178,552 issues (0 errors)
Downloaded 23,300/178,552 issues (0 errors)
Downloaded 23,325/178,552 issues (0 errors)
Downloaded 23,350/178,552 issues (0 errors)
Downloaded 23,375/178,552 issues (0 errors)
Downloaded 23,400/178,552 issues (0 errors)
Downloaded 23,425/178,552 issues (0 errors)
Downloaded 23,450/178,552 issues (0 errors)
Downloaded 23,475/178,552 issues (0 errors)
Downloaded 23,500/178,552 issues (0 errors)
Downloaded 23,525/178,552 issues (0 errors)
Downloaded 23,550/178,552 issues (0 errors)
Downloaded 23,575/178,552 issues (0 errors)
Downloaded 23,600/178,552 issues (0 errors)
Downloaded 23,625/178,552 issues (0 errors)
Downloaded 23,650/178,552 issues (0 errors)
Downloaded 23,675/178,552 issues (0 errors)
Downloaded 23,700/178,552 issues (0 errors)
Downloaded 23,725/178,552 issues (0 errors)
Downloaded 23,750/178,552 issues (0 errors)
Downloaded 23,775/178,552 issues (0 errors)
Downloaded 23,800/178,552 issues (0 errors)
Downloaded 23,825/178,552 issues (0 errors)
Downloaded 23,850/178,552 issues (0 errors)
Downloaded 23,875/178,552 issues (0 errors)
Downloaded 23,900/178,552 issues (0 errors)
Downloaded 23,925/178,552 issues (0 errors)
Downloaded 23,950/178,552 issues (0 errors)
Downloaded 23,975/178,552 issues (0 errors)
Downloaded 24,000/178,552 issues (0 errors)
Downloaded 24,025/178,552 issues (0 errors)
Downloaded 24,050/178,552 issues (0 errors)
Downloaded 24,075/178,552 issues (0 errors)
Downloaded 24,100/178,552 issues (0 errors)
Downloaded 24,125/178,552 issues (0 errors)
Downloaded 24,150/178,552 issues (0 errors)
Downloaded 24,175/178,552 issues (0 errors)
Downloaded 24,200/178,552 issues (0 errors)
Downloaded 24,225/178,552 issues (0 errors)
Downloaded 24,250/178,552 issues (0 errors)
Downloaded 24,275/178,552 issues (0 errors)
Downloaded 24,300/178,552 issues (0 errors)
Downloaded 24,325/178,552 issues (0 errors)
Downloaded 24,350/178,552 issues (0 errors)
Downloaded 24,375/178,552 issues (0 errors)
Downloaded 24,400/178,552 issues (0 errors)
Downloaded 24,425/178,552 issues (0 errors)
Downloaded 24,450/178,552 issues (0 errors)
Downloaded 24,475/178,552 issues (0 errors)
Downloaded 24,500/178,552 issues (0 errors)
Downloaded 24,525/178,552 issues (0 errors)
Downloaded 24,550/178,552 issues (0 errors)
Downloaded 24,575/178,552 issues (0 errors)
Downloaded 24,600/178,552 issues (0 errors)
Downloaded 24,625/178,552 issues (0 errors)
Downloaded 24,650/178,552 issues (0 errors)
Downloaded 24,675/178,552 issues (0 errors)
Downloaded 24,700/178,552 issues (0 errors)
Downloaded 24,725/178,552 issues (0 errors)
Downloaded 24,750/178,552 issues (0 errors)
Downloaded 24,775/178,552 issues (0 errors)
Downloaded 24,800/178,552 issues (0 errors)
Downloaded 24,825/178,552 issues (0 errors)
Downloaded 24,850/178,552 issues (0 errors)
Downloaded 24,875/178,552 issues (0 errors)
Downloaded 24,900/178,552 issues (0 errors)
Downloaded 24,925/178,552 issues (0 errors)
Downloaded 24,950/178,552 issues (0 errors)
Downloaded 24,975/178,552 issues (0 errors)
Downloaded 25,000/178,552 issues (0 errors)
Downloaded 25,025/178,552 issues (0 errors)
Downloaded 25,050/178,552 issues (0 errors)
Downloaded 25,075/178,552 issues (0 errors)
Downloaded 25,100/178,552 issues (0 errors)
Downloaded 25,125/178,552 issues (0 errors)
Downloaded 25,150/178,552 issues (0 errors)
Downloaded 25,175/178,552 issues (0 errors)
Downloaded 25,200/178,552 issues (0 errors)
Downloaded 25,225/178,552 issues (0 errors)
Downloaded 25,250/178,552 issues (0 errors)
Downloaded 25,275/178,552 issues (0 errors)
Downloaded 25,300/178,552 issues (0 errors)
Downloaded 25,325/178,552 issues (0 errors)
Downloaded 25,350/178,552 issues (0 errors)
Downloaded 25,375/178,552 issues (0 errors)
Downloaded 25,400/178,552 issues (0 errors)
Downloaded 25,425/178,552 issues (0 errors)
Downloaded 25,450/178,552 issues (0 errors)
Downloaded 25,475/178,552 issues (0 errors)
Downloaded 25,500/178,552 issues (0 errors)
Downloaded 25,525/178,552 issues (0 errors)
Downloaded 25,550/178,552 issues (0 errors)
Downloaded 25,575/178,552 issues (0 errors)
Downloaded 25,600/178,552 issues (0 errors)
Downloaded 25,625/178,552 issues (0 errors)
Downloaded 25,650/178,552 issues (0 errors)
Downloaded 25,675/178,552 issues (0 errors)
Downloaded 25,700/178,552 issues (0 errors)
Downloaded 25,725/178,552 issues (0 errors)
Downloaded 25,750/178,552 issues (0 errors)
Downloaded 25,775/178,552 issues (0 errors)
Downloaded 25,800/178,552 issues (0 errors)
Downloaded 25,825/178,552 issues (0 errors)
Downloaded 25,850/178,552 issues (0 errors)
Downloaded 25,875/178,552 issues (0 errors)
Downloaded 25,900/178,552 issues (0 errors)
Downloaded 25,925/178,552 issues (0 errors)
Downloaded 25,950/178,552 issues (0 errors)
Downloaded 25,975/178,552 issues (0 errors)
Downloaded 26,000/178,552 issues (0 errors)
Downloaded 26,025/178,552 issues (0 errors)
Downloaded 26,050/178,552 issues (0 errors)
Downloaded 26,075/178,552 issues (0 errors)
Downloaded 26,100/178,552 issues (0 errors)
Downloaded 26,125/178,552 issues (0 errors)
Downloaded 26,150/178,552 issues (0 errors)
Downloaded 26,175/178,552 issues (0 errors)
Downloaded 26,200/178,552 issues (0 errors)
Downloaded 26,225/178,552 issues (0 errors)
Downloaded 26,250/178,552 issues (0 errors)
Downloaded 26,275/178,552 issues (0 errors)
Downloaded 26,300/178,552 issues (0 errors)
Downloaded 26,325/178,552 issues (0 errors)
Downloaded 26,350/178,552 issues (0 errors)
Downloaded 26,375/178,552 issues (0 errors)
Downloaded 26,400/178,552 issues (0 errors)
Downloaded 26,425/178,552 issues (0 errors)
Downloaded 26,450/178,552 issues (0 errors)
Downloaded 26,475/178,552 issues (0 errors)
Downloaded 26,500/178,552 issues (0 errors)
Downloaded 26,525/178,552 issues (0 errors)
Downloaded 26,550/178,552 issues (0 errors)
Downloaded 26,575/178,552 issues (0 errors)
Downloaded 26,600/178,552 issues (0 errors)
Downloaded 26,625/178,552 issues (0 errors)
Downloaded 26,650/178,552 issues (0 errors)
Downloaded 26,675/178,552 issues (0 errors)
Downloaded 26,700/178,552 issues (0 errors)
Downloaded 26,725/178,552 issues (0 errors)
Downloaded 26,750/178,552 issues (0 errors)
Downloaded 26,775/178,552 issues (0 errors)
Downloaded 26,800/178,552 issues (0 errors)
Downloaded 26,825/178,552 issues (0 errors)
Downloaded 26,850/178,552 issues (0 errors)
Downloaded 26,875/178,552 issues (0 errors)
Downloaded 26,900/178,552 issues (0 errors)
Downloaded 26,925/178,552 issues (0 errors)
Downloaded 26,950/178,552 issues (0 errors)
Downloaded 26,975/178,552 issues (0 errors)
Downloaded 27,000/178,552 issues (0 errors)
Downloaded 27,025/178,552 issues (0 errors)
Downloaded 27,050/178,552 issues (0 errors)
Downloaded 27,075/178,552 issues (0 errors)
Downloaded 27,100/178,552 issues (0 errors)
Downloaded 27,125/178,552 issues (0 errors)
Downloaded 27,150/178,552 issues (0 errors)
Downloaded 27,175/178,552 issues (0 errors)
Downloaded 27,200/178,552 issues (0 errors)
Downloaded 27,225/178,552 issues (0 errors)
Downloaded 27,250/178,552 issues (0 errors)
Downloaded 27,275/178,552 issues (0 errors)
Downloaded 27,300/178,552 issues (0 errors)
Downloaded 27,325/178,552 issues (0 errors)
Downloaded 27,350/178,552 issues (0 errors)
Downloaded 27,375/178,552 issues (0 errors)
Downloaded 27,400/178,552 issues (0 errors)
Downloaded 27,425/178,552 issues (0 errors)
Downloaded 27,450/178,552 issues (0 errors)
Downloaded 27,475/178,552 issues (0 errors)
Downloaded 27,500/178,552 issues (0 errors)
Downloaded 27,525/178,552 issues (0 errors)
Downloaded 27,550/178,552 issues (0 errors)
Downloaded 27,575/178,552 issues (0 errors)
Downloaded 27,600/178,552 issues (0 errors)
Downloaded 27,625/178,552 issues (0 errors)
Downloaded 27,650/178,552 issues (0 errors)
Downloaded 27,675/178,552 issues (0 errors)
Downloaded 27,700/178,552 issues (0 errors)
Downloaded 27,725/178,552 issues (0 errors)
Downloaded 27,750/178,552 issues (0 errors)
Downloaded 27,775/178,552 issues (0 errors)
Downloaded 27,800/178,552 issues (0 errors)
Downloaded 27,825/178,552 issues (0 errors)
Downloaded 27,850/178,552 issues (0 errors)
Downloaded 27,875/178,552 issues (0 errors)
Downloaded 27,900/178,552 issues (0 errors)
Downloaded 27,925/178,552 issues (0 errors)
Downloaded 27,950/178,552 issues (0 errors)
Downloaded 27,975/178,552 issues (0 errors)
Downloaded 28,000/178,552 issues (0 errors)
Downloaded 28,025/178,552 issues (0 errors)
Downloaded 28,050/178,552 issues (0 errors)
Downloaded 28,075/178,552 issues (0 errors)
Downloaded 28,100/178,552 issues (0 errors)
Downloaded 28,125/178,552 issues (0 errors)
Downloaded 28,150/178,552 issues (0 errors)
Downloaded 28,175/178,552 issues (0 errors)
Downloaded 28,200/178,552 issues (0 errors)
Downloaded 28,225/178,552 issues (0 errors)
Downloaded 28,250/178,552 issues (0 errors)
Downloaded 28,275/178,552 issues (0 errors)
Downloaded 28,300/178,552 issues (0 errors)
Downloaded 28,325/178,552 issues (0 errors)
Downloaded 28,350/178,552 issues (0 errors)
Downloaded 28,375/178,552 issues (0 errors)
Downloaded 28,400/178,552 issues (0 errors)
Downloaded 28,425/178,552 issues (0 errors)
Downloaded 28,450/178,552 issues (0 errors)
Downloaded 28,475/178,552 issues (0 errors)
Downloaded 28,500/178,552 issues (0 errors)
Downloaded 28,525/178,552 issues (0 errors)
Downloaded 28,550/178,552 issues (0 errors)
Downloaded 28,575/178,552 issues (0 errors)
Downloaded 28,600/178,552 issues (0 errors)
Downloaded 28,625/178,552 issues (0 errors)
Downloaded 28,650/178,552 issues (0 errors)
Downloaded 28,675/178,552 issues (0 errors)
Downloaded 28,700/178,552 issues (0 errors)
Downloaded 28,725/178,552 issues (0 errors)
Downloaded 28,750/178,552 issues (0 errors)
Downloaded 28,775/178,552 issues (0 errors)
Downloaded 28,800/178,552 issues (0 errors)
Downloaded 28,825/178,552 issues (0 errors)
Downloaded 28,850/178,552 issues (0 errors)
Downloaded 28,875/178,552 issues (0 errors)
Downloaded 28,900/178,552 issues (0 errors)
Downloaded 28,925/178,552 issues (0 errors)
Downloaded 28,950/178,552 issues (0 errors)
Downloaded 28,975/178,552 issues (0 errors)
Downloaded 29,000/178,552 issues (0 errors)
Downloaded 29,025/178,552 issues (0 errors)
Downloaded 29,050/178,552 issues (0 errors)
Downloaded 29,075/178,552 issues (0 errors)
Downloaded 29,100/178,552 issues (0 errors)
Downloaded 29,125/178,552 issues (0 errors)
Downloaded 29,150/178,552 issues (0 errors)
Downloaded 29,175/178,552 issues (0 errors)
Downloaded 29,200/178,552 issues (0 errors)
Downloaded 29,225/178,552 issues (0 errors)
Downloaded 29,250/178,552 issues (0 errors)
Downloaded 29,275/178,552 issues (0 errors)
Downloaded 29,300/178,552 issues (0 errors)
Downloaded 29,325/178,552 issues (0 errors)
Downloaded 29,350/178,552 issues (0 errors)
Downloaded 29,375/178,552 issues (0 errors)
Downloaded 29,400/178,552 issues (0 errors)
Downloaded 29,425/178,552 issues (0 errors)
Downloaded 29,450/178,552 issues (0 errors)
Downloaded 29,475/178,552 issues (0 errors)
Downloaded 29,500/178,552 issues (0 errors)
Downloaded 29,525/178,552 issues (0 errors)
Downloaded 29,550/178,552 issues (0 errors)
Downloaded 29,575/178,552 issues (0 errors)
Downloaded 29,600/178,552 issues (0 errors)
Downloaded 29,625/178,552 issues (0 errors)
Downloaded 29,650/178,552 issues (0 errors)
Downloaded 29,675/178,552 issues (0 errors)
Downloaded 29,700/178,552 issues (0 errors)
Downloaded 29,725/178,552 issues (0 errors)
Downloaded 29,750/178,552 issues (0 errors)
Downloaded 29,775/178,552 issues (0 errors)
Downloaded 29,800/178,552 issues (0 errors)
Downloaded 29,825/178,552 issues (0 errors)
Downloaded 29,850/178,552 issues (0 errors)
Downloaded 29,875/178,552 issues (0 errors)
Downloaded 29,900/178,552 issues (0 errors)
Downloaded 29,925/178,552 issues (0 errors)
Downloaded 29,950/178,552 issues (0 errors)
Downloaded 29,975/178,552 issues (0 errors)
Downloaded 30,000/178,552 issues (0 errors)
Downloaded 30,025/178,552 issues (0 errors)
Downloaded 30,050/178,552 issues (0 errors)
Downloaded 30,075/178,552 issues (0 errors)
Downloaded 30,100/178,552 issues (0 errors)
Downloaded 30,125/178,552 issues (0 errors)
Downloaded 30,150/178,552 issues (0 errors)
Downloaded 30,175/178,552 issues (0 errors)
Downloaded 30,200/178,552 issues (0 errors)
Downloaded 30,225/178,552 issues (0 errors)
Downloaded 30,250/178,552 issues (0 errors)
Downloaded 30,275/178,552 issues (0 errors)
Downloaded 30,300/178,552 issues (0 errors)
Downloaded 30,325/178,552 issues (0 errors)
Downloaded 30,350/178,552 issues (0 errors)
Downloaded 30,375/178,552 issues (0 errors)
Downloaded 30,400/178,552 issues (0 errors)
Downloaded 30,425/178,552 issues (0 errors)
Downloaded 30,450/178,552 issues (0 errors)
Downloaded 30,475/178,552 issues (0 errors)
Downloaded 30,500/178,552 issues (0 errors)
Downloaded 30,525/178,552 issues (0 errors)
Downloaded 30,550/178,552 issues (0 errors)
Downloaded 30,575/178,552 issues (0 errors)
Downloaded 30,600/178,552 issues (0 errors)
Downloaded 30,625/178,552 issues (0 errors)
Downloaded 30,650/178,552 issues (0 errors)
Downloaded 30,675/178,552 issues (0 errors)
Downloaded 30,700/178,552 issues (0 errors)
Downloaded 30,725/178,552 issues (0 errors)
Downloaded 30,750/178,552 issues (0 errors)
Downloaded 30,775/178,552 issues (0 errors)
Downloaded 30,800/178,552 issues (0 errors)
Downloaded 30,825/178,552 issues (0 errors)
Downloaded 30,850/178,552 issues (0 errors)
Downloaded 30,875/178,552 issues (0 errors)
Downloaded 30,900/178,552 issues (0 errors)
Downloaded 30,925/178,552 issues (0 errors)
Downloaded 30,950/178,552 issues (0 errors)
Downloaded 30,975/178,552 issues (0 errors)
Downloaded 31,000/178,552 issues (0 errors)
Downloaded 31,025/178,552 issues (0 errors)
Downloaded 31,050/178,552 issues (0 errors)
Downloaded 31,075/178,552 issues (0 errors)
Downloaded 31,100/178,552 issues (0 errors)
Downloaded 31,125/178,552 issues (0 errors)
Downloaded 31,150/178,552 issues (0 errors)
Downloaded 31,175/178,552 issues (0 errors)
Downloaded 31,200/178,552 issues (0 errors)
Downloaded 31,225/178,552 issues (0 errors)
Downloaded 31,250/178,552 issues (0 errors)
Downloaded 31,275/178,552 issues (0 errors)
Downloaded 31,300/178,552 issues (0 errors)
Downloaded 31,325/178,552 issues (0 errors)
Downloaded 31,350/178,552 issues (0 errors)
Downloaded 31,375/178,552 issues (0 errors)
Downloaded 31,400/178,552 issues (0 errors)
Downloaded 31,425/178,552 issues (0 errors)
Downloaded 31,450/178,552 issues (0 errors)
Downloaded 31,475/178,552 issues (0 errors)
Downloaded 31,500/178,552 issues (0 errors)
Downloaded 31,525/178,552 issues (0 errors)
Downloaded 31,550/178,552 issues (0 errors)
Downloaded 31,575/178,552 issues (0 errors)
Downloaded 31,600/178,552 issues (0 errors)
Downloaded 31,625/178,552 issues (0 errors)
Downloaded 31,650/178,552 issues (0 errors)
Downloaded 31,675/178,552 issues (0 errors)
Downloaded 31,700/178,552 issues (0 errors)
Downloaded 31,725/178,552 issues (0 errors)
Downloaded 31,750/178,552 issues (0 errors)
Downloaded 31,775/178,552 issues (0 errors)
Downloaded 31,800/178,552 issues (0 errors)
Downloaded 31,825/178,552 issues (0 errors)
Downloaded 31,850/178,552 issues (0 errors)
Downloaded 31,875/178,552 issues (0 errors)
Downloaded 31,900/178,552 issues (0 errors)
Downloaded 31,925/178,552 issues (0 errors)
Downloaded 31,950/178,552 issues (0 errors)
Downloaded 31,975/178,552 issues (0 errors)
Downloaded 32,000/178,552 issues (0 errors)
Downloaded 32,025/178,552 issues (0 errors)
Downloaded 32,050/178,552 issues (0 errors)
Downloaded 32,075/178,552 issues (0 errors)
Downloaded 32,100/178,552 issues (0 errors)
Downloaded 32,125/178,552 issues (0 errors)
Downloaded 32,150/178,552 issues (0 errors)
Downloaded 32,175/178,552 issues (0 errors)
Downloaded 32,200/178,552 issues (0 errors)
Downloaded 32,225/178,552 issues (0 errors)
Downloaded 32,250/178,552 issues (0 errors)
Downloaded 32,275/178,552 issues (0 errors)
Downloaded 32,300/178,552 issues (0 errors)
Downloaded 32,325/178,552 issues (0 errors)
Downloaded 32,350/178,552 issues (0 errors)
Downloaded 32,375/178,552 issues (0 errors)
Downloaded 32,400/178,552 issues (0 errors)
Downloaded 32,425/178,552 issues (0 errors)
Downloaded 32,450/178,552 issues (0 errors)
Downloaded 32,475/178,552 issues (0 errors)
Downloaded 32,500/178,552 issues (0 errors)
Downloaded 32,525/178,552 issues (0 errors)
Downloaded 32,550/178,552 issues (0 errors)
Downloaded 32,575/178,552 issues (0 errors)
Downloaded 32,600/178,552 issues (0 errors)
Downloaded 32,625/178,552 issues (0 errors)
Downloaded 32,650/178,552 issues (0 errors)
Downloaded 32,675/178,552 issues (0 errors)
Downloaded 32,700/178,552 issues (0 errors)
Downloaded 32,725/178,552 issues (0 errors)
Downloaded 32,750/178,552 issues (0 errors)
Downloaded 32,775/178,552 issues (0 errors)
Downloaded 32,800/178,552 issues (0 errors)
Downloaded 32,825/178,552 issues (0 errors)
Downloaded 32,850/178,552 issues (0 errors)
Downloaded 32,875/178,552 issues (0 errors)
Downloaded 32,900/178,552 issues (0 errors)
Downloaded 32,925/178,552 issues (0 errors)
Downloaded 32,950/178,552 issues (0 errors)
Downloaded 32,975/178,552 issues (0 errors)
Downloaded 33,000/178,552 issues (0 errors)
Downloaded 33,025/178,552 issues (0 errors)
Downloaded 33,050/178,552 issues (0 errors)
Downloaded 33,075/178,552 issues (0 errors)
Downloaded 33,100/178,552 issues (0 errors)
Downloaded 33,125/178,552 issues (0 errors)
Downloaded 33,150/178,552 issues (0 errors)
Downloaded 33,175/178,552 issues (0 errors)
Downloaded 33,200/178,552 issues (0 errors)
Downloaded 33,225/178,552 issues (0 errors)
Downloaded 33,250/178,552 issues (0 errors)
Downloaded 33,275/178,552 issues (0 errors)
Downloaded 33,300/178,552 issues (0 errors)
Downloaded 33,325/178,552 issues (0 errors)
Downloaded 33,350/178,552 issues (0 errors)
Downloaded 33,375/178,552 issues (0 errors)
Downloaded 33,400/178,552 issues (0 errors)
Downloaded 33,425/178,552 issues (0 errors)
Downloaded 33,450/178,552 issues (0 errors)
Downloaded 33,475/178,552 issues (0 errors)
Downloaded 33,500/178,552 issues (0 errors)
Downloaded 33,525/178,552 issues (0 errors)
Downloaded 33,550/178,552 issues (0 errors)
Downloaded 33,575/178,552 issues (0 errors)
Downloaded 33,600/178,552 issues (0 errors)
Downloaded 33,625/178,552 issues (0 errors)
Downloaded 33,650/178,552 issues (0 errors)
Downloaded 33,675/178,552 issues (0 errors)
Downloaded 33,700/178,552 issues (0 errors)
Downloaded 33,725/178,552 issues (0 errors)
Downloaded 33,750/178,552 issues (0 errors)
Downloaded 33,775/178,552 issues (0 errors)
Downloaded 33,800/178,552 issues (0 errors)
Downloaded 33,825/178,552 issues (0 errors)
Downloaded 33,850/178,552 issues (0 errors)
Downloaded 33,875/178,552 issues (0 errors)
Downloaded 33,900/178,552 issues (0 errors)
Downloaded 33,925/178,552 issues (0 errors)
Downloaded 33,950/178,552 issues (0 errors)
Downloaded 33,975/178,552 issues (0 errors)
Downloaded 34,000/178,552 issues (0 errors)
Downloaded 34,025/178,552 issues (0 errors)
Downloaded 34,050/178,552 issues (0 errors)
Downloaded 34,075/178,552 issues (0 errors)
Downloaded 34,100/178,552 issues (0 errors)
Downloaded 34,125/178,552 issues (0 errors)
Downloaded 34,150/178,552 issues (0 errors)
Downloaded 34,175/178,552 issues (0 errors)
Downloaded 34,200/178,552 issues (0 errors)
Downloaded 34,225/178,552 issues (0 errors)
Downloaded 34,250/178,552 issues (0 errors)
Downloaded 34,275/178,552 issues (0 errors)
Downloaded 34,300/178,552 issues (0 errors)
Downloaded 34,325/178,552 issues (0 errors)
Downloaded 34,350/178,552 issues (0 errors)
Downloaded 34,375/178,552 issues (0 errors)
Downloaded 34,400/178,552 issues (0 errors)
Downloaded 34,425/178,552 issues (0 errors)
Downloaded 34,450/178,552 issues (0 errors)
Downloaded 34,475/178,552 issues (0 errors)
Downloaded 34,500/178,552 issues (0 errors)
Downloaded 34,525/178,552 issues (0 errors)
Downloaded 34,550/178,552 issues (0 errors)
Downloaded 34,575/178,552 issues (0 errors)
Downloaded 34,600/178,552 issues (0 errors)
Downloaded 34,625/178,552 issues (0 errors)
Downloaded 34,650/178,552 issues (0 errors)
Downloaded 34,675/178,552 issues (0 errors)
Downloaded 34,700/178,552 issues (0 errors)
Downloaded 34,725/178,552 issues (0 errors)
Downloaded 34,750/178,552 issues (0 errors)
Downloaded 34,775/178,552 issues (0 errors)
Downloaded 34,800/178,552 issues (0 errors)
Downloaded 34,825/178,552 issues (0 errors)
Downloaded 34,850/178,552 issues (0 errors)
Downloaded 34,875/178,552 issues (0 errors)
Downloaded 34,900/178,552 issues (0 errors)
Downloaded 34,925/178,552 issues (0 errors)
Downloaded 34,950/178,552 issues (0 errors)
Downloaded 34,975/178,552 issues (0 errors)
Downloaded 35,000/178,552 issues (0 errors)
Downloaded 35,025/178,552 issues (0 errors)
Downloaded 35,050/178,552 issues (0 errors)
Downloaded 35,075/178,552 issues (0 errors)
Downloaded 35,100/178,552 issues (0 errors)
Downloaded 35,125/178,552 issues (0 errors)
Downloaded 35,150/178,552 issues (0 errors)
Downloaded 35,175/178,552 issues (0 errors)
Downloaded 35,200/178,552 issues (0 errors)
Downloaded 35,225/178,552 issues (0 errors)
Downloaded 35,250/178,552 issues (0 errors)
Downloaded 35,275/178,552 issues (0 errors)
Downloaded 35,300/178,552 issues (0 errors)
Downloaded 35,325/178,552 issues (0 errors)
Downloaded 35,350/178,552 issues (0 errors)
Downloaded 35,375/178,552 issues (0 errors)
Downloaded 35,400/178,552 issues (0 errors)
Downloaded 35,425/178,552 issues (0 errors)
Downloaded 35,450/178,552 issues (0 errors)
Downloaded 35,475/178,552 issues (0 errors)
Downloaded 35,500/178,552 issues (0 errors)
Downloaded 35,525/178,552 issues (0 errors)
Downloaded 35,550/178,552 issues (0 errors)
Downloaded 35,575/178,552 issues (0 errors)
Downloaded 35,600/178,552 issues (0 errors)
Downloaded 35,625/178,552 issues (0 errors)
Downloaded 35,650/178,552 issues (0 errors)
Downloaded 35,675/178,552 issues (0 errors)
Downloaded 35,700/178,552 issues (0 errors)
Downloaded 35,725/178,552 issues (0 errors)
Downloaded 35,750/178,552 issues (0 errors)
Downloaded 35,775/178,552 issues (0 errors)
Downloaded 35,800/178,552 issues (0 errors)
Downloaded 35,825/178,552 issues (0 errors)
Downloaded 35,850/178,552 issues (0 errors)
Downloaded 35,875/178,552 issues (0 errors)
Downloaded 35,900/178,552 issues (0 errors)
Downloaded 35,925/178,552 issues (0 errors)
Downloaded 35,950/178,552 issues (0 errors)
Downloaded 35,975/178,552 issues (0 errors)
Downloaded 36,000/178,552 issues (0 errors)
Downloaded 36,025/178,552 issues (0 errors)
Downloaded 36,050/178,552 issues (0 errors)
Downloaded 36,075/178,552 issues (0 errors)
Downloaded 36,100/178,552 issues (0 errors)
Downloaded 36,125/178,552 issues (0 errors)
Downloaded 36,150/178,552 issues (0 errors)
Downloaded 36,175/178,552 issues (0 errors)
Downloaded 36,200/178,552 issues (0 errors)
Downloaded 36,225/178,552 issues (0 errors)
Downloaded 36,250/178,552 issues (0 errors)
Downloaded 36,275/178,552 issues (0 errors)
Downloaded 36,300/178,552 issues (0 errors)
Downloaded 36,325/178,552 issues (0 errors)
Downloaded 36,350/178,552 issues (0 errors)
Downloaded 36,375/178,552 issues (0 errors)
Downloaded 36,400/178,552 issues (0 errors)
Downloaded 36,425/178,552 issues (0 errors)
Downloaded 36,450/178,552 issues (0 errors)
Downloaded 36,475/178,552 issues (0 errors)
Downloaded 36,500/178,552 issues (0 errors)
Downloaded 36,525/178,552 issues (0 errors)
Downloaded 36,550/178,552 issues (0 errors)
Downloaded 36,575/178,552 issues (0 errors)
Downloaded 36,600/178,552 issues (0 errors)
Downloaded 36,625/178,552 issues (0 errors)
Downloaded 36,650/178,552 issues (0 errors)
Downloaded 36,675/178,552 issues (0 errors)
Downloaded 36,700/178,552 issues (0 errors)
Downloaded 36,725/178,552 issues (0 errors)
Downloaded 36,750/178,552 issues (0 errors)
Downloaded 36,775/178,552 issues (0 errors)
Downloaded 36,800/178,552 issues (0 errors)
Downloaded 36,825/178,552 issues (0 errors)
Downloaded 36,850/178,552 issues (0 errors)
Downloaded 36,875/178,552 issues (0 errors)
Downloaded 36,900/178,552 issues (0 errors)
Downloaded 36,925/178,552 issues (0 errors)
Downloaded 36,950/178,552 issues (0 errors)
Downloaded 36,975/178,552 issues (0 errors)
Downloaded 37,000/178,552 issues (0 errors)
Downloaded 37,025/178,552 issues (0 errors)
Downloaded 37,050/178,552 issues (0 errors)
Downloaded 37,075/178,552 issues (0 errors)
Downloaded 37,100/178,552 issues (0 errors)
Downloaded 37,125/178,552 issues (0 errors)
Downloaded 37,150/178,552 issues (0 errors)
Downloaded 37,175/178,552 issues (0 errors)
Downloaded 37,200/178,552 issues (0 errors)
Downloaded 37,225/178,552 issues (0 errors)
Downloaded 37,250/178,552 issues (0 errors)
Downloaded 37,275/178,552 issues (0 errors)
Downloaded 37,300/178,552 issues (0 errors)
Downloaded 37,325/178,552 issues (0 errors)
Downloaded 37,350/178,552 issues (0 errors)
Downloaded 37,375/178,552 issues (0 errors)
Downloaded 37,400/178,552 issues (0 errors)
Downloaded 37,425/178,552 issues (0 errors)
Downloaded 37,450/178,552 issues (0 errors)
Downloaded 37,475/178,552 issues (0 errors)
Downloaded 37,500/178,552 issues (0 errors)
Downloaded 37,525/178,552 issues (0 errors)
Downloaded 37,550/178,552 issues (0 errors)
Downloaded 37,575/178,552 issues (0 errors)
Downloaded 37,600/178,552 issues (0 errors)
Downloaded 37,625/178,552 issues (0 errors)
Downloaded 37,650/178,552 issues (0 errors)
Downloaded 37,675/178,552 issues (0 errors)
Downloaded 37,700/178,552 issues (0 errors)
Downloaded 37,725/178,552 issues (0 errors)
Downloaded 37,750/178,552 issues (0 errors)
Downloaded 37,775/178,552 issues (0 errors)
Downloaded 37,800/178,552 issues (0 errors)
Downloaded 37,825/178,552 issues (0 errors)
Downloaded 37,850/178,552 issues (0 errors)
Downloaded 37,875/178,552 issues (0 errors)
Downloaded 37,900/178,552 issues (0 errors)
Downloaded 37,925/178,552 issues (0 errors)
Downloaded 37,950/178,552 issues (0 errors)
Downloaded 37,975/178,552 issues (0 errors)
Downloaded 38,000/178,552 issues (0 errors)
Downloaded 38,025/178,552 issues (0 errors)
Downloaded 38,050/178,552 issues (0 errors)
Downloaded 38,075/178,552 issues (0 errors)
Downloaded 38,100/178,552 issues (0 errors)
Downloaded 38,125/178,552 issues (0 errors)
Downloaded 38,150/178,552 issues (0 errors)
Downloaded 38,175/178,552 issues (0 errors)
Downloaded 38,200/178,552 issues (0 errors)
Downloaded 38,225/178,552 issues (0 errors)
Downloaded 38,250/178,552 issues (0 errors)
Downloaded 38,275/178,552 issues (0 errors)
Downloaded 38,300/178,552 issues (0 errors)
Downloaded 38,325/178,552 issues (0 errors)
Downloaded 38,350/178,552 issues (0 errors)
Downloaded 38,375/178,552 issues (0 errors)
Downloaded 38,400/178,552 issues (0 errors)
Downloaded 38,425/178,552 issues (0 errors)
Downloaded 38,450/178,552 issues (0 errors)
Downloaded 38,475/178,552 issues (0 errors)
Downloaded 38,500/178,552 issues (0 errors)
Downloaded 38,525/178,552 issues (0 errors)
Downloaded 38,550/178,552 issues (0 errors)
Downloaded 38,575/178,552 issues (0 errors)
Downloaded 38,600/178,552 issues (0 errors)
Downloaded 38,625/178,552 issues (0 errors)
Downloaded 38,650/178,552 issues (0 errors)
Downloaded 38,675/178,552 issues (0 errors)
Downloaded 38,700/178,552 issues (0 errors)
Downloaded 38,725/178,552 issues (0 errors)
Downloaded 38,750/178,552 issues (0 errors)
Downloaded 38,775/178,552 issues (0 errors)
Downloaded 38,800/178,552 issues (0 errors)
Downloaded 38,825/178,552 issues (0 errors)
Downloaded 38,850/178,552 issues (0 errors)
Downloaded 38,875/178,552 issues (0 errors)
Downloaded 38,900/178,552 issues (0 errors)
Downloaded 38,925/178,552 issues (0 errors)
Downloaded 38,950/178,552 issues (0 errors)
Downloaded 38,975/178,552 issues (0 errors)
Downloaded 39,000/178,552 issues (0 errors)
Downloaded 39,025/178,552 issues (0 errors)
Downloaded 39,050/178,552 issues (0 errors)
Downloaded 39,075/178,552 issues (0 errors)
Downloaded 39,100/178,552 issues (0 errors)
Downloaded 39,125/178,552 issues (0 errors)
Downloaded 39,150/178,552 issues (0 errors)
Downloaded 39,175/178,552 issues (0 errors)
Downloaded 39,200/178,552 issues (0 errors)
Downloaded 39,225/178,552 issues (0 errors)
Downloaded 39,250/178,552 issues (0 errors)
Downloaded 39,275/178,552 issues (0 errors)
Downloaded 39,300/178,552 issues (0 errors)
Downloaded 39,325/178,552 issues (0 errors)
Downloaded 39,350/178,552 issues (0 errors)
Downloaded 39,375/178,552 issues (0 errors)
Downloaded 39,400/178,552 issues (0 errors)
Downloaded 39,425/178,552 issues (0 errors)
Downloaded 39,450/178,552 issues (0 errors)
Downloaded 39,475/178,552 issues (0 errors)
Downloaded 39,500/178,552 issues (0 errors)
Downloaded 39,525/178,552 issues (0 errors)
Downloaded 39,550/178,552 issues (0 errors)
Downloaded 39,575/178,552 issues (0 errors)
Downloaded 39,600/178,552 issues (0 errors)
Downloaded 39,625/178,552 issues (0 errors)
Downloaded 39,650/178,552 issues (0 errors)
Downloaded 39,675/178,552 issues (0 errors)
Downloaded 39,700/178,552 issues (0 errors)
Downloaded 39,725/178,552 issues (0 errors)
Downloaded 39,750/178,552 issues (0 errors)
Downloaded 39,775/178,552 issues (0 errors)
Downloaded 39,800/178,552 issues (0 errors)
Downloaded 39,825/178,552 issues (0 errors)
Downloaded 39,850/178,552 issues (0 errors)
Downloaded 39,875/178,552 issues (0 errors)
Downloaded 39,900/178,552 issues (0 errors)
Downloaded 39,925/178,552 issues (0 errors)
Downloaded 39,950/178,552 issues (0 errors)
Downloaded 39,975/178,552 issues (0 errors)
Downloaded 40,000/178,552 issues (0 errors)
Downloaded 40,025/178,552 issues (0 errors)
Downloaded 40,050/178,552 issues (0 errors)
Downloaded 40,075/178,552 issues (0 errors)
Downloaded 40,100/178,552 issues (0 errors)
Downloaded 40,125/178,552 issues (0 errors)
Downloaded 40,150/178,552 issues (0 errors)
Downloaded 40,175/178,552 issues (0 errors)
Downloaded 40,200/178,552 issues (0 errors)
Downloaded 40,225/178,552 issues (0 errors)
Downloaded 40,250/178,552 issues (0 errors)
Downloaded 40,275/178,552 issues (0 errors)
Downloaded 40,300/178,552 issues (0 errors)
Downloaded 40,325/178,552 issues (0 errors)
Downloaded 40,350/178,552 issues (0 errors)
Downloaded 40,375/178,552 issues (0 errors)
Downloaded 40,400/178,552 issues (0 errors)
Downloaded 40,425/178,552 issues (0 errors)
Downloaded 40,450/178,552 issues (0 errors)
Downloaded 40,475/178,552 issues (0 errors)
Downloaded 40,500/178,552 issues (0 errors)
Downloaded 40,525/178,552 issues (0 errors)
Downloaded 40,550/178,552 issues (0 errors)
Downloaded 40,575/178,552 issues (0 errors)
Downloaded 40,600/178,552 issues (0 errors)
Downloaded 40,625/178,552 issues (0 errors)
Downloaded 40,650/178,552 issues (0 errors)
Downloaded 40,675/178,552 issues (0 errors)
Downloaded 40,700/178,552 issues (0 errors)
Downloaded 40,725/178,552 issues (0 errors)
Downloaded 40,750/178,552 issues (0 errors)
Downloaded 40,775/178,552 issues (0 errors)
Downloaded 40,800/178,552 issues (0 errors)
Downloaded 40,825/178,552 issues (0 errors)
Downloaded 40,850/178,552 issues (0 errors)
Downloaded 40,875/178,552 issues (0 errors)
Downloaded 40,900/178,552 issues (0 errors)
Downloaded 40,925/178,552 issues (0 errors)
Downloaded 40,950/178,552 issues (0 errors)
Downloaded 40,975/178,552 issues (0 errors)
Downloaded 41,000/178,552 issues (0 errors)
Downloaded 41,025/178,552 issues (0 errors)
Downloaded 41,050/178,552 issues (0 errors)
Downloaded 41,075/178,552 issues (0 errors)
Downloaded 41,100/178,552 issues (0 errors)
Downloaded 41,125/178,552 issues (0 errors)
Downloaded 41,150/178,552 issues (0 errors)
Downloaded 41,175/178,552 issues (0 errors)
Downloaded 41,200/178,552 issues (0 errors)
Downloaded 41,225/178,552 issues (0 errors)
Downloaded 41,250/178,552 issues (0 errors)
Downloaded 41,275/178,552 issues (0 errors)
Downloaded 41,300/178,552 issues (0 errors)
Downloaded 41,325/178,552 issues (0 errors)
Downloaded 41,350/178,552 issues (0 errors)
Downloaded 41,375/178,552 issues (0 errors)
Downloaded 41,400/178,552 issues (0 errors)
Downloaded 41,425/178,552 issues (0 errors)
Downloaded 41,450/178,552 issues (0 errors)
Downloaded 41,475/178,552 issues (0 errors)
Downloaded 41,500/178,552 issues (0 errors)
Downloaded 41,525/178,552 issues (0 errors)
Downloaded 41,550/178,552 issues (0 errors)
Downloaded 41,575/178,552 issues (0 errors)
Downloaded 41,600/178,552 issues (0 errors)
Downloaded 41,625/178,552 issues (0 errors)
Downloaded 41,650/178,552 issues (0 errors)
Downloaded 41,675/178,552 issues (0 errors)
Downloaded 41,700/178,552 issues (0 errors)
Downloaded 41,725/178,552 issues (0 errors)
Downloaded 41,750/178,552 issues (0 errors)
Downloaded 41,775/178,552 issues (0 errors)
Downloaded 41,800/178,552 issues (0 errors)
Downloaded 41,825/178,552 issues (0 errors)
Downloaded 41,850/178,552 issues (0 errors)
Downloaded 41,875/178,552 issues (0 errors)
Downloaded 41,900/178,552 issues (0 errors)
Downloaded 41,925/178,552 issues (0 errors)
Downloaded 41,950/178,552 issues (0 errors)
Downloaded 41,975/178,552 issues (0 errors)
Downloaded 42,000/178,552 issues (0 errors)
Downloaded 42,025/178,552 issues (0 errors)
Downloaded 42,050/178,552 issues (0 errors)
Downloaded 42,075/178,552 issues (0 errors)
Downloaded 42,100/178,552 issues (0 errors)
Downloaded 42,125/178,552 issues (0 errors)
Downloaded 42,150/178,552 issues (0 errors)
Downloaded 42,175/178,552 issues (0 errors)
Downloaded 42,200/178,552 issues (0 errors)
Downloaded 42,225/178,552 issues (0 errors)
Downloaded 42,250/178,552 issues (0 errors)
Downloaded 42,275/178,552 issues (0 errors)
Downloaded 42,300/178,552 issues (0 errors)
Downloaded 42,325/178,552 issues (0 errors)
Downloaded 42,350/178,552 issues (0 errors)
Downloaded 42,375/178,552 issues (0 errors)
Downloaded 42,400/178,552 issues (0 errors)
Downloaded 42,425/178,552 issues (0 errors)
Downloaded 42,450/178,552 issues (0 errors)
Downloaded 42,475/178,552 issues (0 errors)
Downloaded 42,500/178,552 issues (0 errors)
Downloaded 42,525/178,552 issues (0 errors)
Downloaded 42,550/178,552 issues (0 errors)
Downloaded 42,575/178,552 issues (0 errors)
Downloaded 42,600/178,552 issues (0 errors)
Downloaded 42,625/178,552 issues (0 errors)
Downloaded 42,650/178,552 issues (0 errors)
Downloaded 42,675/178,552 issues (0 errors)
Downloaded 42,700/178,552 issues (0 errors)
Downloaded 42,725/178,552 issues (0 errors)
Downloaded 42,750/178,552 issues (0 errors)
Downloaded 42,775/178,552 issues (0 errors)
Downloaded 42,800/178,552 issues (0 errors)
Downloaded 42,825/178,552 issues (0 errors)
Downloaded 42,850/178,552 issues (0 errors)
Downloaded 42,875/178,552 issues (0 errors)
Downloaded 42,900/178,552 issues (0 errors)
Downloaded 42,925/178,552 issues (0 errors)
Downloaded 42,950/178,552 issues (0 errors)
Downloaded 42,975/178,552 issues (0 errors)
Downloaded 43,000/178,552 issues (0 errors)
Downloaded 43,025/178,552 issues (0 errors)
Downloaded 43,050/178,552 issues (0 errors)
Downloaded 43,075/178,552 issues (0 errors)
Downloaded 43,100/178,552 issues (0 errors)
Downloaded 43,125/178,552 issues (0 errors)
Downloaded 43,150/178,552 issues (0 errors)
Downloaded 43,175/178,552 issues (0 errors)
Downloaded 43,200/178,552 issues (0 errors)
Downloaded 43,225/178,552 issues (0 errors)
Downloaded 43,250/178,552 issues (0 errors)
Downloaded 43,275/178,552 issues (0 errors)
Downloaded 43,300/178,552 issues (0 errors)
Downloaded 43,325/178,552 issues (0 errors)
Downloaded 43,350/178,552 issues (0 errors)
Downloaded 43,375/178,552 issues (0 errors)
Downloaded 43,400/178,552 issues (0 errors)
Downloaded 43,425/178,552 issues (0 errors)
Downloaded 43,450/178,552 issues (0 errors)
Downloaded 43,475/178,552 issues (0 errors)
Downloaded 43,500/178,552 issues (0 errors)
Downloaded 43,525/178,552 issues (0 errors)
Downloaded 43,550/178,552 issues (0 errors)
Downloaded 43,575/178,552 issues (0 errors)
Downloaded 43,600/178,552 issues (0 errors)
Downloaded 43,625/178,552 issues (0 errors)
Downloaded 43,650/178,552 issues (0 errors)
Downloaded 43,675/178,552 issues (0 errors)
Downloaded 43,700/178,552 issues (0 errors)
Downloaded 43,725/178,552 issues (0 errors)
Downloaded 43,750/178,552 issues (0 errors)
Downloaded 43,775/178,552 issues (0 errors)
Downloaded 43,800/178,552 issues (0 errors)
Downloaded 43,825/178,552 issues (0 errors)
Downloaded 43,850/178,552 issues (0 errors)
Downloaded 43,875/178,552 issues (0 errors)
Downloaded 43,900/178,552 issues (0 errors)
Downloaded 43,925/178,552 issues (0 errors)
Downloaded 43,950/178,552 issues (0 errors)
Downloaded 43,975/178,552 issues (0 errors)
Downloaded 44,000/178,552 issues (0 errors)
Downloaded 44,025/178,552 issues (0 errors)
Downloaded 44,050/178,552 issues (0 errors)
Downloaded 44,075/178,552 issues (0 errors)
Downloaded 44,100/178,552 issues (0 errors)
Downloaded 44,125/178,552 issues (0 errors)
Downloaded 44,150/178,552 issues (0 errors)
Downloaded 44,175/178,552 issues (0 errors)
Downloaded 44,200/178,552 issues (0 errors)
Downloaded 44,225/178,552 issues (0 errors)
Downloaded 44,250/178,552 issues (0 errors)
Downloaded 44,275/178,552 issues (0 errors)
Downloaded 44,300/178,552 issues (0 errors)
Downloaded 44,325/178,552 issues (0 errors)
Downloaded 44,350/178,552 issues (0 errors)
Downloaded 44,375/178,552 issues (0 errors)
Downloaded 44,400/178,552 issues (0 errors)
Downloaded 44,425/178,552 issues (0 errors)
Downloaded 44,450/178,552 issues (0 errors)
Downloaded 44,475/178,552 issues (0 errors)
Downloaded 44,500/178,552 issues (0 errors)
Downloaded 44,525/178,552 issues (0 errors)
Downloaded 44,550/178,552 issues (0 errors)
Downloaded 44,575/178,552 issues (0 errors)
Downloaded 44,600/178,552 issues (0 errors)
Downloaded 44,625/178,552 issues (0 errors)
Downloaded 44,650/178,552 issues (0 errors)
Downloaded 44,675/178,552 issues (0 errors)
Downloaded 44,700/178,552 issues (0 errors)
Downloaded 44,725/178,552 issues (0 errors)
Downloaded 44,750/178,552 issues (0 errors)
Downloaded 44,775/178,552 issues (0 errors)
Downloaded 44,800/178,552 issues (0 errors)
Downloaded 44,825/178,552 issues (0 errors)
Downloaded 44,850/178,552 issues (0 errors)
Downloaded 44,875/178,552 issues (0 errors)
Downloaded 44,900/178,552 issues (0 errors)
Downloaded 44,925/178,552 issues (0 errors)
Downloaded 44,950/178,552 issues (0 errors)
Downloaded 44,975/178,552 issues (0 errors)
Downloaded 45,000/178,552 issues (0 errors)
Downloaded 45,025/178,552 issues (0 errors)
Downloaded 45,050/178,552 issues (0 errors)
Downloaded 45,075/178,552 issues (0 errors)
Downloaded 45,100/178,552 issues (0 errors)
Downloaded 45,125/178,552 issues (0 errors)
Downloaded 45,150/178,552 issues (0 errors)
Downloaded 45,175/178,552 issues (0 errors)
Downloaded 45,200/178,552 issues (0 errors)
Downloaded 45,225/178,552 issues (0 errors)
Downloaded 45,250/178,552 issues (0 errors)
Downloaded 45,275/178,552 issues (0 errors)
Downloaded 45,300/178,552 issues (0 errors)
Downloaded 45,325/178,552 issues (0 errors)
Downloaded 45,350/178,552 issues (0 errors)
Downloaded 45,375/178,552 issues (0 errors)
Downloaded 45,400/178,552 issues (0 errors)
Downloaded 45,425/178,552 issues (0 errors)
Downloaded 45,450/178,552 issues (0 errors)
Downloaded 45,475/178,552 issues (0 errors)
Downloaded 45,500/178,552 issues (0 errors)
Downloaded 45,525/178,552 issues (0 errors)
Downloaded 45,550/178,552 issues (0 errors)
Downloaded 45,575/178,552 issues (0 errors)
Downloaded 45,600/178,552 issues (0 errors)
Downloaded 45,625/178,552 issues (0 errors)
Downloaded 45,650/178,552 issues (0 errors)
Downloaded 45,675/178,552 issues (0 errors)
Downloaded 45,700/178,552 issues (0 errors)
Downloaded 45,725/178,552 issues (0 errors)
Downloaded 45,750/178,552 issues (0 errors)
Downloaded 45,775/178,552 issues (0 errors)
Downloaded 45,800/178,552 issues (0 errors)
Downloaded 45,825/178,552 issues (0 errors)
Downloaded 45,850/178,552 issues (0 errors)
Downloaded 45,875/178,552 issues (0 errors)
Downloaded 45,900/178,552 issues (0 errors)
Downloaded 45,925/178,552 issues (0 errors)
Downloaded 45,950/178,552 issues (0 errors)
Downloaded 45,975/178,552 issues (0 errors)
Downloaded 46,000/178,552 issues (0 errors)
Downloaded 46,025/178,552 issues (0 errors)
Downloaded 46,050/178,552 issues (0 errors)
Downloaded 46,075/178,552 issues (0 errors)
Downloaded 46,100/178,552 issues (0 errors)
Downloaded 46,125/178,552 issues (0 errors)
Downloaded 46,150/178,552 issues (0 errors)
Downloaded 46,175/178,552 issues (0 errors)
Downloaded 46,200/178,552 issues (0 errors)
Downloaded 46,225/178,552 issues (0 errors)
Downloaded 46,250/178,552 issues (0 errors)
Downloaded 46,275/178,552 issues (0 errors)
Downloaded 46,300/178,552 issues (0 errors)
Downloaded 46,325/178,552 issues (0 errors)
Downloaded 46,350/178,552 issues (0 errors)
Downloaded 46,375/178,552 issues (0 errors)
Downloaded 46,400/178,552 issues (0 errors)
Downloaded 46,425/178,552 issues (0 errors)
Downloaded 46,450/178,552 issues (0 errors)
Downloaded 46,475/178,552 issues (0 errors)
Downloaded 46,500/178,552 issues (0 errors)
Downloaded 46,525/178,552 issues (0 errors)
Downloaded 46,550/178,552 issues (0 errors)
Downloaded 46,575/178,552 issues (0 errors)
Downloaded 46,600/178,552 issues (0 errors)
Downloaded 46,625/178,552 issues (0 errors)
Downloaded 46,650/178,552 issues (0 errors)
Downloaded 46,675/178,552 issues (0 errors)
Downloaded 46,700/178,552 issues (0 errors)
Downloaded 46,725/178,552 issues (0 errors)
Downloaded 46,750/178,552 issues (0 errors)
Downloaded 46,775/178,552 issues (0 errors)
Downloaded 46,800/178,552 issues (0 errors)
Downloaded 46,825/178,552 issues (0 errors)
Downloaded 46,850/178,552 issues (0 errors)
Downloaded 46,875/178,552 issues (0 errors)
Downloaded 46,900/178,552 issues (0 errors)
Downloaded 46,925/178,552 issues (0 errors)
Downloaded 46,950/178,552 issues (0 errors)
Downloaded 46,975/178,552 issues (0 errors)
Downloaded 47,000/178,552 issues (0 errors)
Downloaded 47,025/178,552 issues (0 errors)
Downloaded 47,050/178,552 issues (0 errors)
Downloaded 47,075/178,552 issues (0 errors)
Downloaded 47,100/178,552 issues (0 errors)
Downloaded 47,125/178,552 issues (0 errors)
Downloaded 47,150/178,552 issues (0 errors)
Downloaded 47,175/178,552 issues (0 errors)
Downloaded 47,200/178,552 issues (0 errors)
Downloaded 47,225/178,552 issues (0 errors)
Downloaded 47,250/178,552 issues (0 errors)
Downloaded 47,275/178,552 issues (0 errors)
Downloaded 47,300/178,552 issues (0 errors)
Downloaded 47,325/178,552 issues (0 errors)
Downloaded 47,350/178,552 issues (0 errors)
Downloaded 47,375/178,552 issues (0 errors)
Downloaded 47,400/178,552 issues (0 errors)
Downloaded 47,425/178,552 issues (0 errors)
Downloaded 47,450/178,552 issues (0 errors)
Downloaded 47,475/178,552 issues (0 errors)
Downloaded 47,500/178,552 issues (0 errors)
Downloaded 47,525/178,552 issues (0 errors)
Downloaded 47,550/178,552 issues (0 errors)
Downloaded 47,575/178,552 issues (0 errors)
Downloaded 47,600/178,552 issues (0 errors)
Downloaded 47,625/178,552 issues (0 errors)
Downloaded 47,650/178,552 issues (0 errors)
Downloaded 47,675/178,552 issues (0 errors)
Downloaded 47,700/178,552 issues (0 errors)
Downloaded 47,725/178,552 issues (0 errors)
Downloaded 47,750/178,552 issues (0 errors)
Downloaded 47,775/178,552 issues (0 errors)
Downloaded 47,800/178,552 issues (0 errors)
Downloaded 47,825/178,552 issues (0 errors)
Downloaded 47,850/178,552 issues (0 errors)
Downloaded 47,875/178,552 issues (0 errors)
Downloaded 47,900/178,552 issues (0 errors)
Downloaded 47,925/178,552 issues (0 errors)
Downloaded 47,950/178,552 issues (0 errors)
Downloaded 47,975/178,552 issues (0 errors)
Downloaded 48,000/178,552 issues (0 errors)
Downloaded 48,025/178,552 issues (0 errors)
Downloaded 48,050/178,552 issues (0 errors)
Downloaded 48,075/178,552 issues (0 errors)
Downloaded 48,100/178,552 issues (0 errors)
Downloaded 48,125/178,552 issues (0 errors)
Downloaded 48,150/178,552 issues (0 errors)
Downloaded 48,175/178,552 issues (0 errors)
Downloaded 48,200/178,552 issues (0 errors)
Downloaded 48,225/178,552 issues (0 errors)
Downloaded 48,250/178,552 issues (0 errors)
Downloaded 48,275/178,552 issues (0 errors)
Downloaded 48,300/178,552 issues (0 errors)
Downloaded 48,325/178,552 issues (0 errors)
Downloaded 48,350/178,552 issues (0 errors)
Downloaded 48,375/178,552 issues (0 errors)
Downloaded 48,400/178,552 issues (0 errors)
Downloaded 48,425/178,552 issues (0 errors)
Downloaded 48,450/178,552 issues (0 errors)
Downloaded 48,475/178,552 issues (0 errors)
Downloaded 48,500/178,552 issues (0 errors)
Downloaded 48,525/178,552 issues (0 errors)
Downloaded 48,550/178,552 issues (0 errors)
Downloaded 48,575/178,552 issues (0 errors)
Downloaded 48,600/178,552 issues (0 errors)
Downloaded 48,625/178,552 issues (0 errors)
Downloaded 48,650/178,552 issues (0 errors)
Downloaded 48,675/178,552 issues (0 errors)
Downloaded 48,700/178,552 issues (0 errors)
Downloaded 48,725/178,552 issues (0 errors)
Downloaded 48,750/178,552 issues (0 errors)
Downloaded 48,775/178,552 issues (0 errors)
Downloaded 48,800/178,552 issues (0 errors)
Downloaded 48,825/178,552 issues (0 errors)
Downloaded 48,850/178,552 issues (0 errors)
Downloaded 48,875/178,552 issues (0 errors)
Downloaded 48,900/178,552 issues (0 errors)
Downloaded 48,925/178,552 issues (0 errors)
Downloaded 48,950/178,552 issues (0 errors)
Downloaded 48,975/178,552 issues (0 errors)
Downloaded 49,000/178,552 issues (0 errors)
Downloaded 49,025/178,552 issues (0 errors)
Downloaded 49,050/178,552 issues (0 errors)
Downloaded 49,075/178,552 issues (0 errors)
Downloaded 49,100/178,552 issues (0 errors)
Downloaded 49,125/178,552 issues (0 errors)
Downloaded 49,150/178,552 issues (0 errors)
Downloaded 49,175/178,552 issues (0 errors)
Downloaded 49,200/178,552 issues (0 errors)
Downloaded 49,225/178,552 issues (0 errors)
Downloaded 49,250/178,552 issues (0 errors)
Downloaded 49,275/178,552 issues (0 errors)
Downloaded 49,300/178,552 issues (0 errors)
Downloaded 49,325/178,552 issues (0 errors)
Downloaded 49,350/178,552 issues (0 errors)
Downloaded 49,375/178,552 issues (0 errors)
Downloaded 49,400/178,552 issues (0 errors)
Downloaded 49,425/178,552 issues (0 errors)
Downloaded 49,450/178,552 issues (0 errors)
Downloaded 49,475/178,552 issues (0 errors)
Downloaded 49,500/178,552 issues (0 errors)
Downloaded 49,525/178,552 issues (0 errors)
Downloaded 49,550/178,552 issues (0 errors)
Downloaded 49,575/178,552 issues (0 errors)
Downloaded 49,600/178,552 issues (0 errors)
Downloaded 49,625/178,552 issues (0 errors)
Downloaded 49,650/178,552 issues (0 errors)
Downloaded 49,675/178,552 issues (0 errors)
Downloaded 49,700/178,552 issues (0 errors)
Downloaded 49,725/178,552 issues (0 errors)
Downloaded 49,750/178,552 issues (0 errors)
Downloaded 49,775/178,552 issues (0 errors)
Downloaded 49,800/178,552 issues (0 errors)
Downloaded 49,825/178,552 issues (0 errors)
Downloaded 49,850/178,552 issues (0 errors)
Downloaded 49,875/178,552 issues (0 errors)
Downloaded 49,900/178,552 issues (0 errors)
Downloaded 49,925/178,552 issues (0 errors)
Downloaded 49,950/178,552 issues (0 errors)
Downloaded 49,975/178,552 issues (0 errors)
Downloaded 50,000/178,552 issues (0 errors)
Downloaded 50,025/178,552 issues (0 errors)
Downloaded 50,050/178,552 issues (0 errors)
Downloaded 50,075/178,552 issues (0 errors)
Downloaded 50,100/178,552 issues (0 errors)
Downloaded 50,125/178,552 issues (0 errors)
Downloaded 50,150/178,552 issues (0 errors)
Downloaded 50,175/178,552 issues (0 errors)
Downloaded 50,200/178,552 issues (0 errors)
Downloaded 50,225/178,552 issues (0 errors)
Downloaded 50,250/178,552 issues (0 errors)
Downloaded 50,275/178,552 issues (0 errors)
Downloaded 50,300/178,552 issues (0 errors)
Downloaded 50,325/178,552 issues (0 errors)
Downloaded 50,350/178,552 issues (0 errors)
Downloaded 50,375/178,552 issues (0 errors)
Downloaded 50,400/178,552 issues (0 errors)
Downloaded 50,425/178,552 issues (0 errors)
Downloaded 50,450/178,552 issues (0 errors)
Downloaded 50,475/178,552 issues (0 errors)
Downloaded 50,500/178,552 issues (0 errors)
Downloaded 50,525/178,552 issues (0 errors)
Downloaded 50,550/178,552 issues (0 errors)
Downloaded 50,575/178,552 issues (0 errors)
Downloaded 50,600/178,552 issues (0 errors)
Downloaded 50,625/178,552 issues (0 errors)
Downloaded 50,650/178,552 issues (0 errors)
Downloaded 50,675/178,552 issues (0 errors)
Downloaded 50,700/178,552 issues (0 errors)
Downloaded 50,725/178,552 issues (0 errors)
Downloaded 50,750/178,552 issues (0 errors)
Downloaded 50,775/178,552 issues (0 errors)
Downloaded 50,800/178,552 issues (0 errors)
Downloaded 50,825/178,552 issues (0 errors)
Downloaded 50,850/178,552 issues (0 errors)
Downloaded 50,875/178,552 issues (0 errors)
Downloaded 50,900/178,552 issues (0 errors)
Downloaded 50,925/178,552 issues (0 errors)
Downloaded 50,950/178,552 issues (0 errors)
Downloaded 50,975/178,552 issues (0 errors)
Downloaded 51,000/178,552 issues (0 errors)
Downloaded 51,025/178,552 issues (0 errors)
Downloaded 51,050/178,552 issues (0 errors)
Downloaded 51,075/178,552 issues (0 errors)
Downloaded 51,100/178,552 issues (0 errors)
Downloaded 51,125/178,552 issues (0 errors)
Downloaded 51,150/178,552 issues (0 errors)
Downloaded 51,175/178,552 issues (0 errors)
Downloaded 51,200/178,552 issues (0 errors)
Downloaded 51,225/178,552 issues (0 errors)
Downloaded 51,250/178,552 issues (0 errors)
Downloaded 51,275/178,552 issues (0 errors)
Downloaded 51,300/178,552 issues (0 errors)
Downloaded 51,325/178,552 issues (0 errors)
Downloaded 51,350/178,552 issues (0 errors)
Downloaded 51,375/178,552 issues (0 errors)
Downloaded 51,400/178,552 issues (0 errors)
Downloaded 51,425/178,552 issues (0 errors)
Downloaded 51,450/178,552 issues (0 errors)
Downloaded 51,475/178,552 issues (0 errors)
Downloaded 51,500/178,552 issues (0 errors)
Downloaded 51,525/178,552 issues (0 errors)
Downloaded 51,550/178,552 issues (0 errors)
Downloaded 51,575/178,552 issues (0 errors)
Downloaded 51,600/178,552 issues (0 errors)
Downloaded 51,625/178,552 issues (0 errors)
Downloaded 51,650/178,552 issues (0 errors)
Downloaded 51,675/178,552 issues (0 errors)
Downloaded 51,700/178,552 issues (0 errors)
Downloaded 51,725/178,552 issues (0 errors)
Downloaded 51,750/178,552 issues (0 errors)
Downloaded 51,775/178,552 issues (0 errors)
Downloaded 51,800/178,552 issues (0 errors)
Downloaded 51,825/178,552 issues (0 errors)
Downloaded 51,850/178,552 issues (0 errors)
Downloaded 51,875/178,552 issues (0 errors)
Downloaded 51,900/178,552 issues (0 errors)
Downloaded 51,925/178,552 issues (0 errors)
Downloaded 51,950/178,552 issues (0 errors)
Downloaded 51,975/178,552 issues (0 errors)
Downloaded 52,000/178,552 issues (0 errors)
Downloaded 52,025/178,552 issues (0 errors)
Downloaded 52,050/178,552 issues (0 errors)
Downloaded 52,075/178,552 issues (0 errors)
Downloaded 52,100/178,552 issues (0 errors)
Downloaded 52,125/178,552 issues (0 errors)
Downloaded 52,150/178,552 issues (0 errors)
Downloaded 52,175/178,552 issues (0 errors)
Downloaded 52,200/178,552 issues (0 errors)
Downloaded 52,225/178,552 issues (0 errors)
Downloaded 52,250/178,552 issues (0 errors)
Downloaded 52,275/178,552 issues (0 errors)
Downloaded 52,300/178,552 issues (0 errors)
Downloaded 52,325/178,552 issues (0 errors)
Downloaded 52,350/178,552 issues (0 errors)
Downloaded 52,375/178,552 issues (0 errors)
Downloaded 52,400/178,552 issues (0 errors)
Downloaded 52,425/178,552 issues (0 errors)
Downloaded 52,450/178,552 issues (0 errors)
Downloaded 52,475/178,552 issues (0 errors)
Downloaded 52,500/178,552 issues (0 errors)
Downloaded 52,525/178,552 issues (0 errors)
Downloaded 52,550/178,552 issues (0 errors)
Downloaded 52,575/178,552 issues (0 errors)
Downloaded 52,600/178,552 issues (0 errors)
Downloaded 52,625/178,552 issues (0 errors)
Downloaded 52,650/178,552 issues (0 errors)
Downloaded 52,675/178,552 issues (0 errors)
Downloaded 52,700/178,552 issues (0 errors)
Downloaded 52,725/178,552 issues (0 errors)
Downloaded 52,750/178,552 issues (0 errors)
Downloaded 52,775/178,552 issues (0 errors)
Downloaded 52,800/178,552 issues (0 errors)
Downloaded 52,825/178,552 issues (0 errors)
Downloaded 52,850/178,552 issues (0 errors)
Downloaded 52,875/178,552 issues (0 errors)
Downloaded 52,900/178,552 issues (0 errors)
Downloaded 52,925/178,552 issues (0 errors)
Downloaded 52,950/178,552 issues (0 errors)
Downloaded 52,975/178,552 issues (0 errors)
Downloaded 53,000/178,552 issues (0 errors)
Downloaded 53,025/178,552 issues (0 errors)
Downloaded 53,050/178,552 issues (0 errors)
Downloaded 53,075/178,552 issues (0 errors)
Downloaded 53,100/178,552 issues (0 errors)
Downloaded 53,125/178,552 issues (0 errors)
Downloaded 53,150/178,552 issues (0 errors)
Downloaded 53,175/178,552 issues (0 errors)
Downloaded 53,200/178,552 issues (0 errors)
Downloaded 53,225/178,552 issues (0 errors)
Downloaded 53,250/178,552 issues (0 errors)
Downloaded 53,275/178,552 issues (0 errors)
Downloaded 53,300/178,552 issues (0 errors)
Downloaded 53,325/178,552 issues (0 errors)
Downloaded 53,350/178,552 issues (0 errors)
Downloaded 53,375/178,552 issues (0 errors)
Downloaded 53,400/178,552 issues (0 errors)
Downloaded 53,425/178,552 issues (0 errors)
Downloaded 53,450/178,552 issues (0 errors)
Downloaded 53,475/178,552 issues (0 errors)
Downloaded 53,500/178,552 issues (0 errors)
Downloaded 53,525/178,552 issues (0 errors)
Downloaded 53,550/178,552 issues (0 errors)
Downloaded 53,575/178,552 issues (0 errors)
Downloaded 53,600/178,552 issues (0 errors)
Downloaded 53,625/178,552 issues (0 errors)
Downloaded 53,650/178,552 issues (0 errors)
Downloaded 53,675/178,552 issues (0 errors)
Downloaded 53,700/178,552 issues (0 errors)
Downloaded 53,725/178,552 issues (0 errors)
Downloaded 53,750/178,552 issues (0 errors)
Downloaded 53,775/178,552 issues (0 errors)
Downloaded 53,800/178,552 issues (0 errors)
Downloaded 53,825/178,552 issues (0 errors)
Downloaded 53,850/178,552 issues (0 errors)
Downloaded 53,875/178,552 issues (0 errors)
Downloaded 53,900/178,552 issues (0 errors)
Downloaded 53,925/178,552 issues (0 errors)
Downloaded 53,950/178,552 issues (0 errors)
Downloaded 53,975/178,552 issues (0 errors)
Downloaded 54,000/178,552 issues (0 errors)
Downloaded 54,025/178,552 issues (0 errors)
Downloaded 54,050/178,552 issues (0 errors)
Downloaded 54,075/178,552 issues (0 errors)
Downloaded 54,100/178,552 issues (0 errors)
Downloaded 54,125/178,552 issues (0 errors)
Downloaded 54,150/178,552 issues (0 errors)
Downloaded 54,175/178,552 issues (0 errors)
Downloaded 54,200/178,552 issues (0 errors)
Downloaded 54,225/178,552 issues (0 errors)
Downloaded 54,250/178,552 issues (0 errors)
Downloaded 54,275/178,552 issues (0 errors)
Downloaded 54,300/178,552 issues (0 errors)
Downloaded 54,325/178,552 issues (0 errors)
Downloaded 54,350/178,552 issues (0 errors)
Downloaded 54,375/178,552 issues (0 errors)
Downloaded 54,400/178,552 issues (0 errors)
Downloaded 54,425/178,552 issues (0 errors)
Downloaded 54,450/178,552 issues (0 errors)
Downloaded 54,475/178,552 issues (0 errors)
Downloaded 54,500/178,552 issues (0 errors)
Downloaded 54,525/178,552 issues (0 errors)
Downloaded 54,550/178,552 issues (0 errors)
Downloaded 54,575/178,552 issues (0 errors)
Downloaded 54,600/178,552 issues (0 errors)
Downloaded 54,625/178,552 issues (0 errors)
Downloaded 54,650/178,552 issues (0 errors)
Downloaded 54,675/178,552 issues (0 errors)
Downloaded 54,700/178,552 issues (0 errors)
Downloaded 54,725/178,552 issues (0 errors)
Downloaded 54,750/178,552 issues (0 errors)
Downloaded 54,775/178,552 issues (0 errors)
Downloaded 54,800/178,552 issues (0 errors)
Downloaded 54,825/178,552 issues (0 errors)
Downloaded 54,850/178,552 issues (0 errors)
Downloaded 54,875/178,552 issues (0 errors)
Downloaded 54,900/178,552 issues (0 errors)
Downloaded 54,925/178,552 issues (0 errors)
Downloaded 54,950/178,552 issues (0 errors)
Downloaded 54,975/178,552 issues (0 errors)
Downloaded 55,000/178,552 issues (0 errors)
Downloaded 55,025/178,552 issues (0 errors)
Downloaded 55,050/178,552 issues (0 errors)
Downloaded 55,075/178,552 issues (0 errors)
Downloaded 55,100/178,552 issues (0 errors)
Downloaded 55,125/178,552 issues (0 errors)
Downloaded 55,150/178,552 issues (0 errors)
Downloaded 55,175/178,552 issues (0 errors)
Downloaded 55,200/178,552 issues (0 errors)
Downloaded 55,225/178,552 issues (0 errors)
Downloaded 55,250/178,552 issues (0 errors)
Downloaded 55,275/178,552 issues (0 errors)
Downloaded 55,300/178,552 issues (0 errors)
Downloaded 55,325/178,552 issues (0 errors)
Downloaded 55,350/178,552 issues (0 errors)
Downloaded 55,375/178,552 issues (0 errors)
Downloaded 55,400/178,552 issues (0 errors)
Downloaded 55,425/178,552 issues (0 errors)
Downloaded 55,450/178,552 issues (0 errors)
Downloaded 55,475/178,552 issues (0 errors)
Downloaded 55,500/178,552 issues (0 errors)
Downloaded 55,525/178,552 issues (0 errors)
Downloaded 55,550/178,552 issues (0 errors)
Downloaded 55,575/178,552 issues (0 errors)
Downloaded 55,600/178,552 issues (0 errors)
Downloaded 55,625/178,552 issues (0 errors)
Downloaded 55,650/178,552 issues (0 errors)
Downloaded 55,675/178,552 issues (0 errors)
Downloaded 55,700/178,552 issues (0 errors)
Downloaded 55,725/178,552 issues (0 errors)
Downloaded 55,750/178,552 issues (0 errors)
Downloaded 55,775/178,552 issues (0 errors)
Downloaded 55,800/178,552 issues (0 errors)
Downloaded 55,825/178,552 issues (0 errors)
Downloaded 55,850/178,552 issues (0 errors)
Downloaded 55,875/178,552 issues (0 errors)
Downloaded 55,900/178,552 issues (0 errors)
Downloaded 55,925/178,552 issues (0 errors)
Downloaded 55,950/178,552 issues (0 errors)
Downloaded 55,975/178,552 issues (0 errors)
Downloaded 56,000/178,552 issues (0 errors)
Downloaded 56,025/178,552 issues (0 errors)
Downloaded 56,050/178,552 issues (0 errors)
Downloaded 56,075/178,552 issues (0 errors)
Downloaded 56,100/178,552 issues (0 errors)
Downloaded 56,125/178,552 issues (0 errors)
Downloaded 56,150/178,552 issues (0 errors)
Downloaded 56,175/178,552 issues (0 errors)
Downloaded 56,200/178,552 issues (0 errors)
Downloaded 56,225/178,552 issues (0 errors)
Downloaded 56,250/178,552 issues (0 errors)
Downloaded 56,275/178,552 issues (0 errors)
Downloaded 56,300/178,552 issues (0 errors)
Downloaded 56,325/178,552 issues (0 errors)
Downloaded 56,350/178,552 issues (0 errors)
Downloaded 56,375/178,552 issues (0 errors)
Downloaded 56,400/178,552 issues (0 errors)
Downloaded 56,425/178,552 issues (0 errors)
Downloaded 56,450/178,552 issues (0 errors)
Downloaded 56,475/178,552 issues (0 errors)
Downloaded 56,500/178,552 issues (0 errors)
Downloaded 56,525/178,552 issues (0 errors)
Downloaded 56,550/178,552 issues (0 errors)
Downloaded 56,575/178,552 issues (0 errors)
Downloaded 56,600/178,552 issues (0 errors)
Downloaded 56,625/178,552 issues (0 errors)
Downloaded 56,650/178,552 issues (0 errors)
Downloaded 56,675/178,552 issues (0 errors)
Downloaded 56,700/178,552 issues (0 errors)
Downloaded 56,725/178,552 issues (0 errors)
Downloaded 56,750/178,552 issues (0 errors)
Downloaded 56,775/178,552 issues (0 errors)
Downloaded 56,800/178,552 issues (0 errors)
Downloaded 56,825/178,552 issues (0 errors)
Downloaded 56,850/178,552 issues (0 errors)
Downloaded 56,875/178,552 issues (0 errors)
Downloaded 56,900/178,552 issues (0 errors)
Downloaded 56,925/178,552 issues (0 errors)
Downloaded 56,950/178,552 issues (0 errors)
Downloaded 56,975/178,552 issues (0 errors)
Downloaded 57,000/178,552 issues (0 errors)
Downloaded 57,025/178,552 issues (0 errors)
Downloaded 57,050/178,552 issues (0 errors)
Downloaded 57,075/178,552 issues (0 errors)
Downloaded 57,100/178,552 issues (0 errors)
Downloaded 57,125/178,552 issues (0 errors)
Downloaded 57,150/178,552 issues (0 errors)
Downloaded 57,175/178,552 issues (0 errors)
Downloaded 57,200/178,552 issues (0 errors)
Downloaded 57,225/178,552 issues (0 errors)
Downloaded 57,250/178,552 issues (0 errors)
Downloaded 57,275/178,552 issues (0 errors)
Downloaded 57,300/178,552 issues (0 errors)
Downloaded 57,325/178,552 issues (0 errors)
Downloaded 57,350/178,552 issues (0 errors)
Downloaded 57,375/178,552 issues (0 errors)
Downloaded 57,400/178,552 issues (0 errors)
Downloaded 57,425/178,552 issues (0 errors)
Downloaded 57,450/178,552 issues (0 errors)
Downloaded 57,475/178,552 issues (0 errors)
Downloaded 57,500/178,552 issues (0 errors)
Downloaded 57,525/178,552 issues (0 errors)
Downloaded 57,550/178,552 issues (0 errors)
Downloaded 57,575/178,552 issues (0 errors)
Downloaded 57,600/178,552 issues (0 errors)
Downloaded 57,625/178,552 issues (0 errors)
Downloaded 57,650/178,552 issues (0 errors)
Downloaded 57,675/178,552 issues (0 errors)
Downloaded 57,700/178,552 issues (0 errors)
Downloaded 57,725/178,552 issues (0 errors)
Downloaded 57,750/178,552 issues (0 errors)
Downloaded 57,775/178,552 issues (0 errors)
Downloaded 57,800/178,552 issues (0 errors)
Downloaded 57,825/178,552 issues (0 errors)
Downloaded 57,850/178,552 issues (0 errors)
Downloaded 57,875/178,552 issues (0 errors)
Downloaded 57,900/178,552 issues (0 errors)
Downloaded 57,925/178,552 issues (0 errors)
Downloaded 57,950/178,552 issues (0 errors)
Downloaded 57,975/178,552 issues (0 errors)
Downloaded 58,000/178,552 issues (0 errors)
Downloaded 58,025/178,552 issues (0 errors)
Downloaded 58,050/178,552 issues (0 errors)
Downloaded 58,075/178,552 issues (0 errors)
Downloaded 58,100/178,552 issues (0 errors)
Downloaded 58,125/178,552 issues (0 errors)
Downloaded 58,150/178,552 issues (0 errors)
Downloaded 58,175/178,552 issues (0 errors)
Downloaded 58,200/178,552 issues (0 errors)
Downloaded 58,225/178,552 issues (0 errors)
Downloaded 58,250/178,552 issues (0 errors)
Downloaded 58,275/178,552 issues (0 errors)
Downloaded 58,300/178,552 issues (0 errors)
Downloaded 58,325/178,552 issues (0 errors)
Downloaded 58,350/178,552 issues (0 errors)
Downloaded 58,375/178,552 issues (0 errors)
Downloaded 58,400/178,552 issues (0 errors)
Downloaded 58,425/178,552 issues (0 errors)
Downloaded 58,450/178,552 issues (0 errors)
Downloaded 58,475/178,552 issues (0 errors)
Downloaded 58,500/178,552 issues (0 errors)
Downloaded 58,525/178,552 issues (0 errors)
Downloaded 58,550/178,552 issues (0 errors)
Downloaded 58,575/178,552 issues (0 errors)
Downloaded 58,600/178,552 issues (0 errors)
Downloaded 58,625/178,552 issues (0 errors)
Downloaded 58,650/178,552 issues (0 errors)
Downloaded 58,675/178,552 issues (0 errors)
Downloaded 58,700/178,552 issues (0 errors)
Downloaded 58,725/178,552 issues (0 errors)
Downloaded 58,750/178,552 issues (0 errors)
Downloaded 58,775/178,552 issues (0 errors)
Downloaded 58,800/178,552 issues (0 errors)
Downloaded 58,825/178,552 issues (0 errors)
Downloaded 58,850/178,552 issues (0 errors)
Downloaded 58,875/178,552 issues (0 errors)
Downloaded 58,900/178,552 issues (0 errors)
Downloaded 58,925/178,552 issues (0 errors)
Downloaded 58,950/178,552 issues (0 errors)
Downloaded 58,975/178,552 issues (0 errors)
Downloaded 59,000/178,552 issues (0 errors)
Downloaded 59,025/178,552 issues (0 errors)
Downloaded 59,050/178,552 issues (0 errors)
Downloaded 59,075/178,552 issues (0 errors)
Downloaded 59,100/178,552 issues (0 errors)
Downloaded 59,125/178,552 issues (0 errors)
Downloaded 59,150/178,552 issues (0 errors)
Downloaded 59,175/178,552 issues (0 errors)
Downloaded 59,200/178,552 issues (0 errors)
Downloaded 59,225/178,552 issues (0 errors)
Downloaded 59,250/178,552 issues (0 errors)
Downloaded 59,275/178,552 issues (0 errors)
Downloaded 59,300/178,552 issues (0 errors)
Downloaded 59,325/178,552 issues (0 errors)
Downloaded 59,350/178,552 issues (0 errors)
Downloaded 59,375/178,552 issues (0 errors)
Downloaded 59,400/178,552 issues (0 errors)
Downloaded 59,425/178,552 issues (0 errors)
Downloaded 59,450/178,552 issues (0 errors)
Downloaded 59,475/178,552 issues (0 errors)
Downloaded 59,500/178,552 issues (0 errors)
Downloaded 59,525/178,552 issues (0 errors)
Downloaded 59,550/178,552 issues (0 errors)
Downloaded 59,575/178,552 issues (0 errors)
Downloaded 59,600/178,552 issues (0 errors)
Downloaded 59,625/178,552 issues (0 errors)
Downloaded 59,650/178,552 issues (0 errors)
Downloaded 59,675/178,552 issues (0 errors)
Downloaded 59,700/178,552 issues (0 errors)
Downloaded 59,725/178,552 issues (0 errors)
Downloaded 59,750/178,552 issues (0 errors)
Downloaded 59,775/178,552 issues (0 errors)
Downloaded 59,800/178,552 issues (0 errors)
Downloaded 59,825/178,552 issues (0 errors)
Downloaded 59,850/178,552 issues (0 errors)
Downloaded 59,875/178,552 issues (0 errors)
Downloaded 59,900/178,552 issues (0 errors)
Downloaded 59,925/178,552 issues (0 errors)
Downloaded 59,950/178,552 issues (0 errors)
Downloaded 59,975/178,552 issues (0 errors)
Downloaded 60,000/178,552 issues (0 errors)
Downloaded 60,025/178,552 issues (0 errors)
Downloaded 60,050/178,552 issues (0 errors)
Downloaded 60,075/178,552 issues (0 errors)
Downloaded 60,100/178,552 issues (0 errors)
Downloaded 60,125/178,552 issues (0 errors)
Downloaded 60,150/178,552 issues (0 errors)
Downloaded 60,175/178,552 issues (0 errors)
Downloaded 60,200/178,552 issues (0 errors)
Downloaded 60,225/178,552 issues (0 errors)
Downloaded 60,250/178,552 issues (0 errors)
Downloaded 60,275/178,552 issues (0 errors)
Downloaded 60,300/178,552 issues (0 errors)
Downloaded 60,325/178,552 issues (0 errors)
Downloaded 60,350/178,552 issues (0 errors)
Downloaded 60,375/178,552 issues (0 errors)
Downloaded 60,400/178,552 issues (0 errors)
Downloaded 60,425/178,552 issues (0 errors)
Downloaded 60,450/178,552 issues (0 errors)
Downloaded 60,475/178,552 issues (0 errors)
Downloaded 60,500/178,552 issues (0 errors)
Downloaded 60,525/178,552 issues (0 errors)
Downloaded 60,550/178,552 issues (0 errors)
Downloaded 60,575/178,552 issues (0 errors)
Downloaded 60,600/178,552 issues (0 errors)
Downloaded 60,625/178,552 issues (0 errors)
Downloaded 60,650/178,552 issues (0 errors)
Downloaded 60,675/178,552 issues (0 errors)
Downloaded 60,700/178,552 issues (0 errors)
Downloaded 60,725/178,552 issues (0 errors)
Downloaded 60,750/178,552 issues (0 errors)
Downloaded 60,775/178,552 issues (0 errors)
Downloaded 60,800/178,552 issues (0 errors)
Downloaded 60,825/178,552 issues (0 errors)
Downloaded 60,850/178,552 issues (0 errors)
Downloaded 60,875/178,552 issues (0 errors)
Downloaded 60,900/178,552 issues (0 errors)
Downloaded 60,925/178,552 issues (0 errors)
Downloaded 60,950/178,552 issues (0 errors)
Downloaded 60,975/178,552 issues (0 errors)
Downloaded 61,000/178,552 issues (0 errors)
Downloaded 61,025/178,552 issues (0 errors)
Downloaded 61,050/178,552 issues (0 errors)
Downloaded 61,075/178,552 issues (0 errors)
Downloaded 61,100/178,552 issues (0 errors)
Downloaded 61,125/178,552 issues (0 errors)
Downloaded 61,150/178,552 issues (0 errors)
Downloaded 61,175/178,552 issues (0 errors)
Downloaded 61,200/178,552 issues (0 errors)
Downloaded 61,225/178,552 issues (0 errors)
Downloaded 61,250/178,552 issues (0 errors)
Downloaded 61,275/178,552 issues (0 errors)
Downloaded 61,300/178,552 issues (0 errors)
Downloaded 61,325/178,552 issues (0 errors)
Downloaded 61,350/178,552 issues (0 errors)
Downloaded 61,375/178,552 issues (0 errors)
Downloaded 61,400/178,552 issues (0 errors)
Downloaded 61,425/178,552 issues (0 errors)
Downloaded 61,450/178,552 issues (0 errors)
Downloaded 61,475/178,552 issues (0 errors)
Downloaded 61,500/178,552 issues (0 errors)
Downloaded 61,525/178,552 issues (0 errors)
Downloaded 61,550/178,552 issues (0 errors)
Downloaded 61,575/178,552 issues (0 errors)
Downloaded 61,600/178,552 issues (0 errors)
Downloaded 61,625/178,552 issues (0 errors)
Downloaded 61,650/178,552 issues (0 errors)
Downloaded 61,675/178,552 issues (0 errors)
Downloaded 61,700/178,552 issues (0 errors)
Downloaded 61,725/178,552 issues (0 errors)
Downloaded 61,750/178,552 issues (0 errors)
Downloaded 61,775/178,552 issues (0 errors)
Downloaded 61,800/178,552 issues (0 errors)
Downloaded 61,825/178,552 issues (0 errors)
Downloaded 61,850/178,552 issues (0 errors)
Downloaded 61,875/178,552 issues (0 errors)
Downloaded 61,900/178,552 issues (0 errors)
Downloaded 61,925/178,552 issues (0 errors)
Downloaded 61,950/178,552 issues (0 errors)
Downloaded 61,975/178,552 issues (0 errors)
Downloaded 62,000/178,552 issues (0 errors)
Downloaded 62,025/178,552 issues (0 errors)
Downloaded 62,050/178,552 issues (0 errors)
Downloaded 62,075/178,552 issues (0 errors)
Downloaded 62,100/178,552 issues (0 errors)
Downloaded 62,125/178,552 issues (0 errors)
Downloaded 62,150/178,552 issues (0 errors)
Downloaded 62,175/178,552 issues (0 errors)
Downloaded 62,200/178,552 issues (0 errors)
Downloaded 62,225/178,552 issues (0 errors)
Downloaded 62,250/178,552 issues (0 errors)
Downloaded 62,275/178,552 issues (0 errors)
Downloaded 62,300/178,552 issues (0 errors)
Downloaded 62,325/178,552 issues (0 errors)
Downloaded 62,350/178,552 issues (0 errors)
Downloaded 62,375/178,552 issues (0 errors)
Downloaded 62,400/178,552 issues (0 errors)
Downloaded 62,425/178,552 issues (0 errors)
Downloaded 62,450/178,552 issues (0 errors)
Downloaded 62,475/178,552 issues (0 errors)
Downloaded 62,500/178,552 issues (0 errors)
Downloaded 62,525/178,552 issues (0 errors)
Downloaded 62,550/178,552 issues (0 errors)
Downloaded 62,575/178,552 issues (0 errors)
Downloaded 62,600/178,552 issues (0 errors)
Downloaded 62,625/178,552 issues (0 errors)
Downloaded 62,650/178,552 issues (0 errors)
Downloaded 62,675/178,552 issues (0 errors)
Downloaded 62,700/178,552 issues (0 errors)
Downloaded 62,725/178,552 issues (0 errors)
Downloaded 62,750/178,552 issues (0 errors)
Downloaded 62,775/178,552 issues (0 errors)
Downloaded 62,800/178,552 issues (0 errors)
Downloaded 62,825/178,552 issues (0 errors)
Downloaded 62,850/178,552 issues (0 errors)
Downloaded 62,875/178,552 issues (0 errors)
Downloaded 62,900/178,552 issues (0 errors)
Downloaded 62,925/178,552 issues (0 errors)
Downloaded 62,950/178,552 issues (0 errors)
Downloaded 62,975/178,552 issues (0 errors)
Downloaded 63,000/178,552 issues (0 errors)
Downloaded 63,025/178,552 issues (0 errors)
Downloaded 63,050/178,552 issues (0 errors)
Downloaded 63,075/178,552 issues (0 errors)
Downloaded 63,100/178,552 issues (0 errors)
Downloaded 63,125/178,552 issues (0 errors)
Downloaded 63,150/178,552 issues (0 errors)
Downloaded 63,175/178,552 issues (0 errors)
Downloaded 63,200/178,552 issues (0 errors)
Downloaded 63,225/178,552 issues (0 errors)
Downloaded 63,250/178,552 issues (0 errors)
Downloaded 63,275/178,552 issues (0 errors)
Downloaded 63,300/178,552 issues (0 errors)
Downloaded 63,325/178,552 issues (0 errors)
Downloaded 63,350/178,552 issues (0 errors)
Downloaded 63,375/178,552 issues (0 errors)
Downloaded 63,400/178,552 issues (0 errors)
Downloaded 63,425/178,552 issues (0 errors)
Downloaded 63,450/178,552 issues (0 errors)
Downloaded 63,475/178,552 issues (0 errors)
Downloaded 63,500/178,552 issues (0 errors)
Downloaded 63,525/178,552 issues (0 errors)
Downloaded 63,550/178,552 issues (0 errors)
Downloaded 63,575/178,552 issues (0 errors)
Downloaded 63,600/178,552 issues (0 errors)
Downloaded 63,625/178,552 issues (0 errors)
Downloaded 63,650/178,552 issues (0 errors)
Downloaded 63,675/178,552 issues (0 errors)
Downloaded 63,700/178,552 issues (0 errors)
Downloaded 63,725/178,552 issues (0 errors)
Downloaded 63,750/178,552 issues (0 errors)
Downloaded 63,775/178,552 issues (0 errors)
Downloaded 63,800/178,552 issues (0 errors)
Downloaded 63,825/178,552 issues (0 errors)
Downloaded 63,850/178,552 issues (0 errors)
Downloaded 63,875/178,552 issues (0 errors)
Downloaded 63,900/178,552 issues (0 errors)
Downloaded 63,925/178,552 issues (0 errors)
Downloaded 63,950/178,552 issues (0 errors)
Downloaded 63,975/178,552 issues (0 errors)
Downloaded 64,000/178,552 issues (0 errors)
Downloaded 64,025/178,552 issues (0 errors)
Downloaded 64,050/178,552 issues (0 errors)
Downloaded 64,075/178,552 issues (0 errors)
Downloaded 64,100/178,552 issues (0 errors)
Downloaded 64,125/178,552 issues (0 errors)
Downloaded 64,150/178,552 issues (0 errors)
Downloaded 64,175/178,552 issues (0 errors)
Downloaded 64,200/178,552 issues (0 errors)
Downloaded 64,225/178,552 issues (0 errors)
Downloaded 64,250/178,552 issues (0 errors)
Downloaded 64,275/178,552 issues (0 errors)
Downloaded 64,300/178,552 issues (0 errors)
Downloaded 64,325/178,552 issues (0 errors)
Downloaded 64,350/178,552 issues (0 errors)
Downloaded 64,375/178,552 issues (0 errors)
Downloaded 64,400/178,552 issues (0 errors)
Downloaded 64,425/178,552 issues (0 errors)
Downloaded 64,450/178,552 issues (0 errors)
Downloaded 64,475/178,552 issues (0 errors)
Downloaded 64,500/178,552 issues (0 errors)
Downloaded 64,525/178,552 issues (0 errors)
Downloaded 64,550/178,552 issues (0 errors)
Downloaded 64,575/178,552 issues (0 errors)
Downloaded 64,600/178,552 issues (0 errors)
Downloaded 64,625/178,552 issues (0 errors)
Downloaded 64,650/178,552 issues (0 errors)
Downloaded 64,675/178,552 issues (0 errors)
Downloaded 64,700/178,552 issues (0 errors)
Downloaded 64,725/178,552 issues (0 errors)
Downloaded 64,750/178,552 issues (0 errors)
Downloaded 64,775/178,552 issues (0 errors)
Downloaded 64,800/178,552 issues (0 errors)
Downloaded 64,825/178,552 issues (0 errors)
Downloaded 64,850/178,552 issues (0 errors)
Downloaded 64,875/178,552 issues (0 errors)
Downloaded 64,900/178,552 issues (0 errors)
Downloaded 64,925/178,552 issues (0 errors)
Downloaded 64,950/178,552 issues (0 errors)
Downloaded 64,975/178,552 issues (0 errors)
Downloaded 65,000/178,552 issues (0 errors)
Downloaded 65,025/178,552 issues (0 errors)
Downloaded 65,050/178,552 issues (0 errors)
Downloaded 65,075/178,552 issues (0 errors)
Downloaded 65,100/178,552 issues (0 errors)
Downloaded 65,125/178,552 issues (0 errors)
Downloaded 65,150/178,552 issues (0 errors)
Downloaded 65,175/178,552 issues (0 errors)
Downloaded 65,200/178,552 issues (0 errors)
Downloaded 65,225/178,552 issues (0 errors)
Downloaded 65,250/178,552 issues (0 errors)
Downloaded 65,275/178,552 issues (0 errors)
Downloaded 65,300/178,552 issues (0 errors)
Downloaded 65,325/178,552 issues (0 errors)
Downloaded 65,350/178,552 issues (0 errors)
Downloaded 65,375/178,552 issues (0 errors)
Downloaded 65,400/178,552 issues (0 errors)
Downloaded 65,425/178,552 issues (0 errors)
Downloaded 65,450/178,552 issues (0 errors)
Downloaded 65,475/178,552 issues (0 errors)
Downloaded 65,500/178,552 issues (0 errors)
Downloaded 65,525/178,552 issues (0 errors)
Downloaded 65,550/178,552 issues (0 errors)
Downloaded 65,575/178,552 issues (0 errors)
Downloaded 65,600/178,552 issues (0 errors)
Downloaded 65,625/178,552 issues (0 errors)
Downloaded 65,650/178,552 issues (0 errors)
Downloaded 65,675/178,552 issues (0 errors)
Downloaded 65,700/178,552 issues (0 errors)
Downloaded 65,725/178,552 issues (0 errors)
Downloaded 65,750/178,552 issues (0 errors)
Downloaded 65,775/178,552 issues (0 errors)
Downloaded 65,800/178,552 issues (0 errors)
Downloaded 65,825/178,552 issues (0 errors)
Downloaded 65,850/178,552 issues (0 errors)
Downloaded 65,875/178,552 issues (0 errors)
Downloaded 65,900/178,552 issues (0 errors)
Downloaded 65,925/178,552 issues (0 errors)
Downloaded 65,950/178,552 issues (0 errors)
Downloaded 65,975/178,552 issues (0 errors)
Downloaded 66,000/178,552 issues (0 errors)
Downloaded 66,025/178,552 issues (0 errors)
Downloaded 66,050/178,552 issues (0 errors)
Downloaded 66,075/178,552 issues (0 errors)
Downloaded 66,100/178,552 issues (0 errors)
Downloaded 66,125/178,552 issues (0 errors)
Downloaded 66,150/178,552 issues (0 errors)
Downloaded 66,175/178,552 issues (0 errors)
Downloaded 66,200/178,552 issues (0 errors)
Downloaded 66,225/178,552 issues (0 errors)
Downloaded 66,250/178,552 issues (0 errors)
Downloaded 66,275/178,552 issues (0 errors)
Downloaded 66,300/178,552 issues (0 errors)
Downloaded 66,325/178,552 issues (0 errors)
Downloaded 66,350/178,552 issues (0 errors)
Downloaded 66,375/178,552 issues (0 errors)
Downloaded 66,400/178,552 issues (0 errors)
Downloaded 66,425/178,552 issues (0 errors)
Downloaded 66,450/178,552 issues (0 errors)
Downloaded 66,475/178,552 issues (0 errors)
Downloaded 66,500/178,552 issues (0 errors)
Downloaded 66,525/178,552 issues (0 errors)
Downloaded 66,550/178,552 issues (0 errors)
Downloaded 66,575/178,552 issues (0 errors)
Downloaded 66,600/178,552 issues (0 errors)
Downloaded 66,625/178,552 issues (0 errors)
Downloaded 66,650/178,552 issues (0 errors)
Downloaded 66,675/178,552 issues (0 errors)
Downloaded 66,700/178,552 issues (0 errors)
Downloaded 66,725/178,552 issues (0 errors)
Downloaded 66,750/178,552 issues (0 errors)
Downloaded 66,775/178,552 issues (0 errors)
Downloaded 66,800/178,552 issues (0 errors)
Downloaded 66,825/178,552 issues (0 errors)
Downloaded 66,850/178,552 issues (0 errors)
Downloaded 66,875/178,552 issues (0 errors)
Downloaded 66,900/178,552 issues (0 errors)
Downloaded 66,925/178,552 issues (0 errors)
Downloaded 66,950/178,552 issues (0 errors)
Downloaded 66,975/178,552 issues (0 errors)
Downloaded 67,000/178,552 issues (0 errors)
Downloaded 67,025/178,552 issues (0 errors)
Downloaded 67,050/178,552 issues (0 errors)
Downloaded 67,075/178,552 issues (0 errors)
Downloaded 67,100/178,552 issues (0 errors)
Downloaded 67,125/178,552 issues (0 errors)
Downloaded 67,150/178,552 issues (0 errors)
Downloaded 67,175/178,552 issues (0 errors)
Downloaded 67,200/178,552 issues (0 errors)
Downloaded 67,225/178,552 issues (0 errors)
Downloaded 67,250/178,552 issues (0 errors)
Downloaded 67,275/178,552 issues (0 errors)
Downloaded 67,300/178,552 issues (0 errors)
Downloaded 67,325/178,552 issues (0 errors)
Downloaded 67,350/178,552 issues (0 errors)
Downloaded 67,375/178,552 issues (0 errors)
Downloaded 67,400/178,552 issues (0 errors)
Downloaded 67,425/178,552 issues (0 errors)
Downloaded 67,450/178,552 issues (0 errors)
Downloaded 67,475/178,552 issues (0 errors)
Downloaded 67,500/178,552 issues (0 errors)
Downloaded 67,525/178,552 issues (0 errors)
Downloaded 67,550/178,552 issues (0 errors)
Downloaded 67,575/178,552 issues (0 errors)
Downloaded 67,600/178,552 issues (0 errors)
Downloaded 67,625/178,552 issues (0 errors)
Downloaded 67,650/178,552 issues (0 errors)
Downloaded 67,675/178,552 issues (0 errors)
Downloaded 67,700/178,552 issues (0 errors)
Downloaded 67,725/178,552 issues (0 errors)
Downloaded 67,750/178,552 issues (0 errors)
Downloaded 67,775/178,552 issues (0 errors)
Downloaded 67,800/178,552 issues (0 errors)
Downloaded 67,825/178,552 issues (0 errors)
Downloaded 67,850/178,552 issues (0 errors)
Downloaded 67,875/178,552 issues (0 errors)
Downloaded 67,900/178,552 issues (0 errors)
Downloaded 67,925/178,552 issues (0 errors)
Downloaded 67,950/178,552 issues (0 errors)
Downloaded 67,975/178,552 issues (0 errors)
Downloaded 68,000/178,552 issues (0 errors)
Downloaded 68,025/178,552 issues (0 errors)
Downloaded 68,050/178,552 issues (0 errors)
Downloaded 68,075/178,552 issues (0 errors)
Downloaded 68,100/178,552 issues (0 errors)
Downloaded 68,125/178,552 issues (0 errors)
Downloaded 68,150/178,552 issues (0 errors)
Downloaded 68,175/178,552 issues (0 errors)
Downloaded 68,200/178,552 issues (0 errors)
Downloaded 68,225/178,552 issues (0 errors)
Downloaded 68,250/178,552 issues (0 errors)
Downloaded 68,275/178,552 issues (0 errors)
Downloaded 68,300/178,552 issues (0 errors)
Downloaded 68,325/178,552 issues (0 errors)
Downloaded 68,350/178,552 issues (0 errors)
Downloaded 68,375/178,552 issues (0 errors)
Downloaded 68,400/178,552 issues (0 errors)
Downloaded 68,425/178,552 issues (0 errors)
Downloaded 68,450/178,552 issues (0 errors)
Downloaded 68,475/178,552 issues (0 errors)
Downloaded 68,500/178,552 issues (0 errors)
Downloaded 68,525/178,552 issues (0 errors)
Downloaded 68,550/178,552 issues (0 errors)
Downloaded 68,575/178,552 issues (0 errors)
Downloaded 68,600/178,552 issues (0 errors)
Downloaded 68,625/178,552 issues (0 errors)
Downloaded 68,650/178,552 issues (0 errors)
Downloaded 68,675/178,552 issues (0 errors)
Downloaded 68,700/178,552 issues (0 errors)
Downloaded 68,725/178,552 issues (0 errors)
Downloaded 68,750/178,552 issues (0 errors)
Downloaded 68,775/178,552 issues (0 errors)
Downloaded 68,800/178,552 issues (0 errors)
Downloaded 68,825/178,552 issues (0 errors)
Downloaded 68,850/178,552 issues (0 errors)
Downloaded 68,875/178,552 issues (0 errors)
Downloaded 68,900/178,552 issues (0 errors)
Downloaded 68,925/178,552 issues (0 errors)
Downloaded 68,950/178,552 issues (0 errors)
Downloaded 68,975/178,552 issues (0 errors)
Downloaded 69,000/178,552 issues (0 errors)
Downloaded 69,025/178,552 issues (0 errors)
Downloaded 69,050/178,552 issues (0 errors)
Downloaded 69,075/178,552 issues (0 errors)
Downloaded 69,100/178,552 issues (0 errors)
Downloaded 69,125/178,552 issues (0 errors)
Downloaded 69,150/178,552 issues (0 errors)
Downloaded 69,175/178,552 issues (0 errors)
Downloaded 69,200/178,552 issues (0 errors)
Downloaded 69,225/178,552 issues (0 errors)
Downloaded 69,250/178,552 issues (0 errors)
Downloaded 69,275/178,552 issues (0 errors)
Downloaded 69,300/178,552 issues (0 errors)
Downloaded 69,325/178,552 issues (0 errors)
Downloaded 69,350/178,552 issues (0 errors)
Downloaded 69,375/178,552 issues (0 errors)
Downloaded 69,400/178,552 issues (0 errors)
Downloaded 69,425/178,552 issues (0 errors)
Downloaded 69,450/178,552 issues (0 errors)
Downloaded 69,475/178,552 issues (0 errors)
Downloaded 69,500/178,552 issues (0 errors)
Downloaded 69,525/178,552 issues (0 errors)
Downloaded 69,550/178,552 issues (0 errors)
Downloaded 69,575/178,552 issues (0 errors)
Downloaded 69,600/178,552 issues (0 errors)
Downloaded 69,625/178,552 issues (0 errors)
Downloaded 69,650/178,552 issues (0 errors)
Downloaded 69,675/178,552 issues (0 errors)
Downloaded 69,700/178,552 issues (0 errors)
Downloaded 69,725/178,552 issues (0 errors)
Downloaded 69,750/178,552 issues (0 errors)
Downloaded 69,775/178,552 issues (0 errors)
Downloaded 69,800/178,552 issues (0 errors)
Downloaded 69,825/178,552 issues (0 errors)
Downloaded 69,850/178,552 issues (0 errors)
Downloaded 69,875/178,552 issues (0 errors)
Downloaded 69,900/178,552 issues (0 errors)
Downloaded 69,925/178,552 issues (0 errors)
Downloaded 69,950/178,552 issues (0 errors)
Downloaded 69,975/178,552 issues (0 errors)
Downloaded 70,000/178,552 issues (0 errors)
Downloaded 70,025/178,552 issues (0 errors)
Downloaded 70,050/178,552 issues (0 errors)
Downloaded 70,075/178,552 issues (0 errors)
Downloaded 70,100/178,552 issues (0 errors)
Downloaded 70,125/178,552 issues (0 errors)
Downloaded 70,150/178,552 issues (0 errors)
Downloaded 70,175/178,552 issues (0 errors)
Downloaded 70,200/178,552 issues (0 errors)
Downloaded 70,225/178,552 issues (0 errors)
Downloaded 70,250/178,552 issues (0 errors)
Downloaded 70,275/178,552 issues (0 errors)
Downloaded 70,300/178,552 issues (0 errors)
Downloaded 70,325/178,552 issues (0 errors)
Downloaded 70,350/178,552 issues (0 errors)
Downloaded 70,375/178,552 issues (0 errors)
Downloaded 70,400/178,552 issues (0 errors)
Downloaded 70,425/178,552 issues (0 errors)
Downloaded 70,450/178,552 issues (0 errors)
Downloaded 70,475/178,552 issues (0 errors)
Downloaded 70,500/178,552 issues (0 errors)
Downloaded 70,525/178,552 issues (0 errors)
Downloaded 70,550/178,552 issues (0 errors)
Downloaded 70,575/178,552 issues (0 errors)
Downloaded 70,600/178,552 issues (0 errors)
Downloaded 70,625/178,552 issues (0 errors)
Downloaded 70,650/178,552 issues (0 errors)
Downloaded 70,675/178,552 issues (0 errors)
Downloaded 70,700/178,552 issues (0 errors)
Downloaded 70,725/178,552 issues (0 errors)
Downloaded 70,750/178,552 issues (0 errors)
Downloaded 70,775/178,552 issues (0 errors)
Downloaded 70,800/178,552 issues (0 errors)
Downloaded 70,825/178,552 issues (0 errors)
Downloaded 70,850/178,552 issues (0 errors)
Downloaded 70,875/178,552 issues (0 errors)
Downloaded 70,900/178,552 issues (0 errors)
Downloaded 70,925/178,552 issues (0 errors)
Downloaded 70,950/178,552 issues (0 errors)
Downloaded 70,975/178,552 issues (0 errors)
Downloaded 71,000/178,552 issues (0 errors)
Downloaded 71,025/178,552 issues (0 errors)
Downloaded 71,050/178,552 issues (0 errors)
Downloaded 71,075/178,552 issues (0 errors)
Downloaded 71,100/178,552 issues (0 errors)
Downloaded 71,125/178,552 issues (0 errors)
Downloaded 71,150/178,552 issues (0 errors)
Downloaded 71,175/178,552 issues (0 errors)
Downloaded 71,200/178,552 issues (0 errors)
Downloaded 71,225/178,552 issues (0 errors)
Downloaded 71,250/178,552 issues (0 errors)
Downloaded 71,275/178,552 issues (0 errors)
Downloaded 71,300/178,552 issues (0 errors)
Downloaded 71,325/178,552 issues (0 errors)
Downloaded 71,350/178,552 issues (0 errors)
Downloaded 71,375/178,552 issues (0 errors)
Downloaded 71,400/178,552 issues (0 errors)
Downloaded 71,425/178,552 issues (0 errors)
Downloaded 71,450/178,552 issues (0 errors)
Downloaded 71,475/178,552 issues (0 errors)
Downloaded 71,500/178,552 issues (0 errors)
Downloaded 71,525/178,552 issues (0 errors)
Downloaded 71,550/178,552 issues (0 errors)
Downloaded 71,575/178,552 issues (0 errors)
Downloaded 71,600/178,552 issues (0 errors)
Downloaded 71,625/178,552 issues (0 errors)
Downloaded 71,650/178,552 issues (0 errors)
Downloaded 71,675/178,552 issues (0 errors)
Downloaded 71,700/178,552 issues (0 errors)
Downloaded 71,725/178,552 issues (0 errors)
Downloaded 71,750/178,552 issues (0 errors)
Downloaded 71,775/178,552 issues (0 errors)
Downloaded 71,800/178,552 issues (0 errors)
Downloaded 71,825/178,552 issues (0 errors)
Downloaded 71,850/178,552 issues (0 errors)
Downloaded 71,875/178,552 issues (0 errors)
Downloaded 71,900/178,552 issues (0 errors)
Downloaded 71,925/178,552 issues (0 errors)
Downloaded 71,950/178,552 issues (0 errors)
Downloaded 71,975/178,552 issues (0 errors)
Downloaded 72,000/178,552 issues (0 errors)
Downloaded 72,025/178,552 issues (0 errors)
Downloaded 72,050/178,552 issues (0 errors)
Downloaded 72,075/178,552 issues (0 errors)
Downloaded 72,100/178,552 issues (0 errors)
Downloaded 72,125/178,552 issues (0 errors)
Downloaded 72,150/178,552 issues (0 errors)
Downloaded 72,175/178,552 issues (0 errors)
Downloaded 72,200/178,552 issues (0 errors)
Downloaded 72,225/178,552 issues (0 errors)
Downloaded 72,250/178,552 issues (0 errors)
Downloaded 72,275/178,552 issues (0 errors)
Downloaded 72,300/178,552 issues (0 errors)
Downloaded 72,325/178,552 issues (0 errors)
Downloaded 72,350/178,552 issues (0 errors)
Downloaded 72,375/178,552 issues (0 errors)
Downloaded 72,400/178,552 issues (0 errors)
Downloaded 72,425/178,552 issues (0 errors)
Downloaded 72,450/178,552 issues (0 errors)
Downloaded 72,475/178,552 issues (0 errors)
Downloaded 72,500/178,552 issues (0 errors)
Downloaded 72,525/178,552 issues (0 errors)
Downloaded 72,550/178,552 issues (0 errors)
Downloaded 72,575/178,552 issues (0 errors)
Downloaded 72,600/178,552 issues (0 errors)
Downloaded 72,625/178,552 issues (0 errors)
Downloaded 72,650/178,552 issues (0 errors)
Downloaded 72,675/178,552 issues (0 errors)
Downloaded 72,700/178,552 issues (0 errors)
Downloaded 72,725/178,552 issues (0 errors)
Downloaded 72,750/178,552 issues (0 errors)
Downloaded 72,775/178,552 issues (0 errors)
Downloaded 72,800/178,552 issues (0 errors)
Downloaded 72,825/178,552 issues (0 errors)
Downloaded 72,850/178,552 issues (0 errors)
Downloaded 72,875/178,552 issues (0 errors)
Downloaded 72,900/178,552 issues (0 errors)
Downloaded 72,925/178,552 issues (0 errors)
Downloaded 72,950/178,552 issues (0 errors)
Downloaded 72,975/178,552 issues (0 errors)
Downloaded 73,000/178,552 issues (0 errors)
Downloaded 73,025/178,552 issues (0 errors)
Downloaded 73,050/178,552 issues (0 errors)
Downloaded 73,075/178,552 issues (0 errors)
Downloaded 73,100/178,552 issues (0 errors)
Downloaded 73,125/178,552 issues (0 errors)
Downloaded 73,150/178,552 issues (0 errors)
Downloaded 73,175/178,552 issues (0 errors)
Downloaded 73,200/178,552 issues (0 errors)
Downloaded 73,225/178,552 issues (0 errors)
Downloaded 73,250/178,552 issues (0 errors)
Downloaded 73,275/178,552 issues (0 errors)
Downloaded 73,300/178,552 issues (0 errors)
Downloaded 73,325/178,552 issues (0 errors)
Downloaded 73,350/178,552 issues (0 errors)
Downloaded 73,375/178,552 issues (0 errors)
Downloaded 73,400/178,552 issues (0 errors)
Downloaded 73,425/178,552 issues (0 errors)
Downloaded 73,450/178,552 issues (0 errors)
Downloaded 73,475/178,552 issues (0 errors)
Downloaded 73,500/178,552 issues (0 errors)
Downloaded 73,525/178,552 issues (0 errors)
Downloaded 73,550/178,552 issues (0 errors)
Downloaded 73,575/178,552 issues (0 errors)
Downloaded 73,600/178,552 issues (0 errors)
Downloaded 73,625/178,552 issues (0 errors)
Downloaded 73,650/178,552 issues (0 errors)
Downloaded 73,675/178,552 issues (0 errors)
Downloaded 73,700/178,552 issues (0 errors)
Downloaded 73,725/178,552 issues (0 errors)
Downloaded 73,750/178,552 issues (0 errors)
Downloaded 73,775/178,552 issues (0 errors)
Downloaded 73,800/178,552 issues (0 errors)
Downloaded 73,825/178,552 issues (0 errors)
Downloaded 73,850/178,552 issues (0 errors)
Downloaded 73,875/178,552 issues (0 errors)
Downloaded 73,900/178,552 issues (0 errors)
Downloaded 73,925/178,552 issues (0 errors)
Downloaded 73,950/178,552 issues (0 errors)
Downloaded 73,975/178,552 issues (0 errors)
Downloaded 74,000/178,552 issues (0 errors)
Downloaded 74,025/178,552 issues (0 errors)
Downloaded 74,050/178,552 issues (0 errors)
Downloaded 74,075/178,552 issues (0 errors)
Downloaded 74,100/178,552 issues (0 errors)
Downloaded 74,125/178,552 issues (0 errors)
Downloaded 74,150/178,552 issues (0 errors)
Downloaded 74,175/178,552 issues (0 errors)
Downloaded 74,200/178,552 issues (0 errors)
Downloaded 74,225/178,552 issues (0 errors)
Downloaded 74,250/178,552 issues (0 errors)
Downloaded 74,275/178,552 issues (0 errors)
Downloaded 74,300/178,552 issues (0 errors)
Downloaded 74,325/178,552 issues (0 errors)
Downloaded 74,350/178,552 issues (0 errors)
Downloaded 74,375/178,552 issues (0 errors)
Downloaded 74,400/178,552 issues (0 errors)
Downloaded 74,425/178,552 issues (0 errors)
Downloaded 74,450/178,552 issues (0 errors)
Downloaded 74,475/178,552 issues (0 errors)
Downloaded 74,500/178,552 issues (0 errors)
Downloaded 74,525/178,552 issues (0 errors)
Downloaded 74,550/178,552 issues (0 errors)
Downloaded 74,575/178,552 issues (0 errors)
Downloaded 74,600/178,552 issues (0 errors)
Downloaded 74,625/178,552 issues (0 errors)
Downloaded 74,650/178,552 issues (0 errors)
Downloaded 74,675/178,552 issues (0 errors)
Downloaded 74,700/178,552 issues (0 errors)
Downloaded 74,725/178,552 issues (0 errors)
Downloaded 74,750/178,552 issues (0 errors)
Downloaded 74,775/178,552 issues (0 errors)
Downloaded 74,800/178,552 issues (0 errors)
Downloaded 74,825/178,552 issues (0 errors)
Downloaded 74,850/178,552 issues (0 errors)
Downloaded 74,875/178,552 issues (0 errors)
Downloaded 74,900/178,552 issues (0 errors)
Downloaded 74,925/178,552 issues (0 errors)
Downloaded 74,950/178,552 issues (0 errors)
Downloaded 74,975/178,552 issues (0 errors)
Downloaded 75,000/178,552 issues (0 errors)
Downloaded 75,025/178,552 issues (0 errors)
Downloaded 75,050/178,552 issues (0 errors)
Downloaded 75,075/178,552 issues (0 errors)
Downloaded 75,100/178,552 issues (0 errors)
Downloaded 75,125/178,552 issues (0 errors)
Downloaded 75,150/178,552 issues (0 errors)
Downloaded 75,175/178,552 issues (0 errors)
Downloaded 75,200/178,552 issues (0 errors)
Downloaded 75,225/178,552 issues (0 errors)
Downloaded 75,250/178,552 issues (0 errors)
Downloaded 75,275/178,552 issues (0 errors)
Downloaded 75,300/178,552 issues (0 errors)
Downloaded 75,325/178,552 issues (0 errors)
Downloaded 75,350/178,552 issues (0 errors)
Downloaded 75,375/178,552 issues (0 errors)
Downloaded 75,400/178,552 issues (0 errors)
Downloaded 75,425/178,552 issues (0 errors)
Downloaded 75,450/178,552 issues (0 errors)
Downloaded 75,475/178,552 issues (0 errors)
Downloaded 75,500/178,552 issues (0 errors)
Downloaded 75,525/178,552 issues (0 errors)
Downloaded 75,550/178,552 issues (0 errors)
Downloaded 75,575/178,552 issues (0 errors)
Downloaded 75,600/178,552 issues (0 errors)
Downloaded 75,625/178,552 issues (0 errors)
Downloaded 75,650/178,552 issues (0 errors)
Downloaded 75,675/178,552 issues (0 errors)
Downloaded 75,700/178,552 issues (0 errors)
Downloaded 75,725/178,552 issues (0 errors)
Downloaded 75,750/178,552 issues (0 errors)
Downloaded 75,775/178,552 issues (0 errors)
Downloaded 75,800/178,552 issues (0 errors)
Downloaded 75,825/178,552 issues (0 errors)
Downloaded 75,850/178,552 issues (0 errors)
Downloaded 75,875/178,552 issues (0 errors)
Downloaded 75,900/178,552 issues (0 errors)
Downloaded 75,925/178,552 issues (0 errors)
Downloaded 75,950/178,552 issues (0 errors)
Downloaded 75,975/178,552 issues (0 errors)
Downloaded 76,000/178,552 issues (0 errors)
Downloaded 76,025/178,552 issues (0 errors)
Downloaded 76,050/178,552 issues (0 errors)
Downloaded 76,075/178,552 issues (0 errors)
Downloaded 76,100/178,552 issues (0 errors)
Downloaded 76,125/178,552 issues (0 errors)
Downloaded 76,150/178,552 issues (0 errors)
Downloaded 76,175/178,552 issues (0 errors)
Downloaded 76,200/178,552 issues (0 errors)
Downloaded 76,225/178,552 issues (0 errors)
Downloaded 76,250/178,552 issues (0 errors)
Downloaded 76,275/178,552 issues (0 errors)
Downloaded 76,300/178,552 issues (0 errors)
Downloaded 76,325/178,552 issues (0 errors)
Downloaded 76,350/178,552 issues (0 errors)
Downloaded 76,375/178,552 issues (0 errors)
Downloaded 76,400/178,552 issues (0 errors)
Downloaded 76,425/178,552 issues (0 errors)
Downloaded 76,450/178,552 issues (0 errors)
Downloaded 76,475/178,552 issues (0 errors)
Downloaded 76,500/178,552 issues (0 errors)
Downloaded 76,525/178,552 issues (0 errors)
Downloaded 76,550/178,552 issues (0 errors)
Downloaded 76,575/178,552 issues (0 errors)
Downloaded 76,600/178,552 issues (0 errors)
Downloaded 76,625/178,552 issues (0 errors)
Downloaded 76,650/178,552 issues (0 errors)
Downloaded 76,675/178,552 issues (0 errors)
Downloaded 76,700/178,552 issues (0 errors)
Downloaded 76,725/178,552 issues (0 errors)
Downloaded 76,750/178,552 issues (0 errors)
Downloaded 76,775/178,552 issues (0 errors)
Downloaded 76,800/178,552 issues (0 errors)
Downloaded 76,825/178,552 issues (0 errors)
Downloaded 76,850/178,552 issues (0 errors)
Downloaded 76,875/178,552 issues (0 errors)
Downloaded 76,900/178,552 issues (0 errors)
Downloaded 76,925/178,552 issues (0 errors)
Downloaded 76,950/178,552 issues (0 errors)
Downloaded 76,975/178,552 issues (0 errors)
Downloaded 77,000/178,552 issues (0 errors)
Downloaded 77,025/178,552 issues (0 errors)
Downloaded 77,050/178,552 issues (0 errors)
Downloaded 77,075/178,552 issues (0 errors)
Downloaded 77,100/178,552 issues (0 errors)
Downloaded 77,125/178,552 issues (0 errors)
Downloaded 77,150/178,552 issues (0 errors)
Downloaded 77,175/178,552 issues (0 errors)
Downloaded 77,200/178,552 issues (0 errors)
Downloaded 77,225/178,552 issues (0 errors)
Downloaded 77,250/178,552 issues (0 errors)
Downloaded 77,275/178,552 issues (0 errors)
Downloaded 77,300/178,552 issues (0 errors)
Downloaded 77,325/178,552 issues (0 errors)
Downloaded 77,350/178,552 issues (0 errors)
Downloaded 77,375/178,552 issues (0 errors)
Downloaded 77,400/178,552 issues (0 errors)
Downloaded 77,425/178,552 issues (0 errors)
Downloaded 77,450/178,552 issues (0 errors)
Downloaded 77,475/178,552 issues (0 errors)
Downloaded 77,500/178,552 issues (0 errors)
Downloaded 77,525/178,552 issues (0 errors)
Downloaded 77,550/178,552 issues (0 errors)
Downloaded 77,575/178,552 issues (0 errors)
Downloaded 77,600/178,552 issues (0 errors)
Downloaded 77,625/178,552 issues (0 errors)
Downloaded 77,650/178,552 issues (0 errors)
Downloaded 77,675/178,552 issues (0 errors)
Downloaded 77,700/178,552 issues (0 errors)
Downloaded 77,725/178,552 issues (0 errors)
Downloaded 77,750/178,552 issues (0 errors)
Downloaded 77,775/178,552 issues (0 errors)
Downloaded 77,800/178,552 issues (0 errors)
Downloaded 77,825/178,552 issues (0 errors)
Downloaded 77,850/178,552 issues (0 errors)
Downloaded 77,875/178,552 issues (0 errors)
Downloaded 77,900/178,552 issues (0 errors)
Downloaded 77,925/178,552 issues (0 errors)
Downloaded 77,950/178,552 issues (0 errors)
Downloaded 77,975/178,552 issues (0 errors)
Downloaded 78,000/178,552 issues (0 errors)
Downloaded 78,025/178,552 issues (0 errors)
Downloaded 78,050/178,552 issues (0 errors)
Downloaded 78,075/178,552 issues (0 errors)
Downloaded 78,100/178,552 issues (0 errors)
Downloaded 78,125/178,552 issues (0 errors)
Downloaded 78,150/178,552 issues (0 errors)
Downloaded 78,175/178,552 issues (0 errors)
Downloaded 78,200/178,552 issues (0 errors)
Downloaded 78,225/178,552 issues (0 errors)
Downloaded 78,250/178,552 issues (0 errors)
Downloaded 78,275/178,552 issues (0 errors)
Downloaded 78,300/178,552 issues (0 errors)
Downloaded 78,325/178,552 issues (0 errors)
Downloaded 78,350/178,552 issues (0 errors)
Downloaded 78,375/178,552 issues (0 errors)
Downloaded 78,400/178,552 issues (0 errors)
Downloaded 78,425/178,552 issues (0 errors)
Downloaded 78,450/178,552 issues (0 errors)
Downloaded 78,475/178,552 issues (0 errors)
Downloaded 78,500/178,552 issues (0 errors)
Downloaded 78,525/178,552 issues (0 errors)
Downloaded 78,550/178,552 issues (0 errors)
Downloaded 78,575/178,552 issues (0 errors)
Downloaded 78,600/178,552 issues (0 errors)
Downloaded 78,625/178,552 issues (0 errors)
Downloaded 78,650/178,552 issues (0 errors)
Downloaded 78,675/178,552 issues (0 errors)
Downloaded 78,700/178,552 issues (0 errors)
Downloaded 78,725/178,552 issues (0 errors)
Downloaded 78,750/178,552 issues (0 errors)
Downloaded 78,775/178,552 issues (0 errors)
Downloaded 78,800/178,552 issues (0 errors)
Downloaded 78,825/178,552 issues (0 errors)
Downloaded 78,850/178,552 issues (0 errors)
Downloaded 78,875/178,552 issues (0 errors)
Downloaded 78,900/178,552 issues (0 errors)
Downloaded 78,925/178,552 issues (0 errors)
Downloaded 78,950/178,552 issues (0 errors)
Downloaded 78,975/178,552 issues (0 errors)
Downloaded 79,000/178,552 issues (0 errors)
Downloaded 79,025/178,552 issues (0 errors)
Downloaded 79,050/178,552 issues (0 errors)
Downloaded 79,075/178,552 issues (0 errors)
Downloaded 79,100/178,552 issues (0 errors)
Downloaded 79,125/178,552 issues (0 errors)
Downloaded 79,150/178,552 issues (0 errors)
Downloaded 79,175/178,552 issues (0 errors)
Downloaded 79,200/178,552 issues (0 errors)
Downloaded 79,225/178,552 issues (0 errors)
Downloaded 79,250/178,552 issues (0 errors)
Downloaded 79,275/178,552 issues (0 errors)
Downloaded 79,300/178,552 issues (0 errors)
Downloaded 79,325/178,552 issues (0 errors)
Downloaded 79,350/178,552 issues (0 errors)
Downloaded 79,375/178,552 issues (0 errors)
Downloaded 79,400/178,552 issues (0 errors)
Downloaded 79,425/178,552 issues (0 errors)
Downloaded 79,450/178,552 issues (0 errors)
Downloaded 79,475/178,552 issues (0 errors)
Downloaded 79,500/178,552 issues (0 errors)
Downloaded 79,525/178,552 issues (0 errors)
Downloaded 79,550/178,552 issues (0 errors)
Downloaded 79,575/178,552 issues (0 errors)
Downloaded 79,600/178,552 issues (0 errors)
Downloaded 79,625/178,552 issues (0 errors)
Downloaded 79,650/178,552 issues (0 errors)
Downloaded 79,675/178,552 issues (0 errors)
Downloaded 79,700/178,552 issues (0 errors)
Downloaded 79,725/178,552 issues (0 errors)
Downloaded 79,750/178,552 issues (0 errors)
Downloaded 79,775/178,552 issues (0 errors)
Downloaded 79,800/178,552 issues (0 errors)
Downloaded 79,825/178,552 issues (0 errors)
Downloaded 79,850/178,552 issues (0 errors)
Downloaded 79,875/178,552 issues (0 errors)
Downloaded 79,900/178,552 issues (0 errors)
Downloaded 79,925/178,552 issues (0 errors)
Downloaded 79,950/178,552 issues (0 errors)
Downloaded 79,975/178,552 issues (0 errors)
Downloaded 80,000/178,552 issues (0 errors)
Downloaded 80,025/178,552 issues (0 errors)
Downloaded 80,050/178,552 issues (0 errors)
Downloaded 80,075/178,552 issues (0 errors)
Downloaded 80,100/178,552 issues (0 errors)
Downloaded 80,125/178,552 issues (0 errors)
Downloaded 80,150/178,552 issues (0 errors)
Downloaded 80,175/178,552 issues (0 errors)
Downloaded 80,200/178,552 issues (0 errors)
Downloaded 80,225/178,552 issues (0 errors)
Downloaded 80,250/178,552 issues (0 errors)
Downloaded 80,275/178,552 issues (0 errors)
Downloaded 80,300/178,552 issues (0 errors)
Downloaded 80,325/178,552 issues (0 errors)
Downloaded 80,350/178,552 issues (0 errors)
Downloaded 80,375/178,552 issues (0 errors)
Downloaded 80,400/178,552 issues (0 errors)
Downloaded 80,425/178,552 issues (0 errors)
Downloaded 80,450/178,552 issues (0 errors)
Downloaded 80,475/178,552 issues (0 errors)
Downloaded 80,500/178,552 issues (0 errors)
Downloaded 80,525/178,552 issues (0 errors)
Downloaded 80,550/178,552 issues (0 errors)
Downloaded 80,575/178,552 issues (0 errors)
Downloaded 80,600/178,552 issues (0 errors)
Downloaded 80,625/178,552 issues (0 errors)
Downloaded 80,650/178,552 issues (0 errors)
Downloaded 80,675/178,552 issues (0 errors)
Downloaded 80,700/178,552 issues (0 errors)
Downloaded 80,725/178,552 issues (0 errors)
Downloaded 80,750/178,552 issues (0 errors)
Downloaded 80,775/178,552 issues (0 errors)
Downloaded 80,800/178,552 issues (0 errors)
Downloaded 80,825/178,552 issues (0 errors)
Downloaded 80,850/178,552 issues (0 errors)
Downloaded 80,875/178,552 issues (0 errors)
Downloaded 80,900/178,552 issues (0 errors)
Downloaded 80,925/178,552 issues (0 errors)
Downloaded 80,950/178,552 issues (0 errors)
Downloaded 80,975/178,552 issues (0 errors)
Downloaded 81,000/178,552 issues (0 errors)
Downloaded 81,025/178,552 issues (0 errors)
Downloaded 81,050/178,552 issues (0 errors)
Downloaded 81,075/178,552 issues (0 errors)
Downloaded 81,100/178,552 issues (0 errors)
Downloaded 81,125/178,552 issues (0 errors)
Downloaded 81,150/178,552 issues (0 errors)
Downloaded 81,175/178,552 issues (0 errors)
Downloaded 81,200/178,552 issues (0 errors)
Downloaded 81,225/178,552 issues (0 errors)
Downloaded 81,250/178,552 issues (0 errors)
Downloaded 81,275/178,552 issues (0 errors)
Downloaded 81,300/178,552 issues (0 errors)
Downloaded 81,325/178,552 issues (0 errors)
Downloaded 81,350/178,552 issues (0 errors)
Downloaded 81,375/178,552 issues (0 errors)
Downloaded 81,400/178,552 issues (0 errors)
Downloaded 81,425/178,552 issues (0 errors)
Downloaded 81,450/178,552 issues (0 errors)
Downloaded 81,475/178,552 issues (0 errors)
Downloaded 81,500/178,552 issues (0 errors)
Downloaded 81,525/178,552 issues (0 errors)
Downloaded 81,550/178,552 issues (0 errors)
Downloaded 81,575/178,552 issues (0 errors)
Downloaded 81,600/178,552 issues (0 errors)
Downloaded 81,625/178,552 issues (0 errors)
Downloaded 81,650/178,552 issues (0 errors)
Downloaded 81,675/178,552 issues (0 errors)
Downloaded 81,700/178,552 issues (0 errors)
Downloaded 81,725/178,552 issues (0 errors)
Downloaded 81,750/178,552 issues (0 errors)
Downloaded 81,775/178,552 issues (0 errors)
Downloaded 81,800/178,552 issues (0 errors)
Downloaded 81,825/178,552 issues (0 errors)
Downloaded 81,850/178,552 issues (0 errors)
Downloaded 81,875/178,552 issues (0 errors)
Downloaded 81,900/178,552 issues (0 errors)
Downloaded 81,925/178,552 issues (0 errors)
Downloaded 81,950/178,552 issues (0 errors)
Downloaded 81,975/178,552 issues (0 errors)
Downloaded 82,000/178,552 issues (0 errors)
Downloaded 82,025/178,552 issues (0 errors)
Downloaded 82,050/178,552 issues (0 errors)
Downloaded 82,075/178,552 issues (0 errors)
Downloaded 82,100/178,552 issues (0 errors)
Downloaded 82,125/178,552 issues (0 errors)
Downloaded 82,150/178,552 issues (0 errors)
Downloaded 82,175/178,552 issues (0 errors)
Downloaded 82,200/178,552 issues (0 errors)
Downloaded 82,225/178,552 issues (0 errors)
Downloaded 82,250/178,552 issues (0 errors)
Downloaded 82,275/178,552 issues (0 errors)
Downloaded 82,300/178,552 issues (0 errors)
Downloaded 82,325/178,552 issues (0 errors)
Downloaded 82,350/178,552 issues (0 errors)
Downloaded 82,375/178,552 issues (0 errors)
Downloaded 82,400/178,552 issues (0 errors)
Downloaded 82,425/178,552 issues (0 errors)
Downloaded 82,450/178,552 issues (0 errors)
Downloaded 82,475/178,552 issues (0 errors)
Downloaded 82,500/178,552 issues (0 errors)
Downloaded 82,525/178,552 issues (0 errors)
Downloaded 82,550/178,552 issues (0 errors)
Downloaded 82,575/178,552 issues (0 errors)
Downloaded 82,600/178,552 issues (0 errors)
Downloaded 82,625/178,552 issues (0 errors)
Downloaded 82,650/178,552 issues (0 errors)
Downloaded 82,675/178,552 issues (0 errors)
Downloaded 82,700/178,552 issues (0 errors)
Downloaded 82,725/178,552 issues (0 errors)
Downloaded 82,750/178,552 issues (0 errors)
Downloaded 82,775/178,552 issues (0 errors)
Downloaded 82,800/178,552 issues (0 errors)
Downloaded 82,825/178,552 issues (0 errors)
Downloaded 82,850/178,552 issues (0 errors)
Downloaded 82,875/178,552 issues (0 errors)
Downloaded 82,900/178,552 issues (0 errors)
Downloaded 82,925/178,552 issues (0 errors)
Downloaded 82,950/178,552 issues (0 errors)
Downloaded 82,975/178,552 issues (0 errors)
Downloaded 83,000/178,552 issues (0 errors)
Downloaded 83,025/178,552 issues (0 errors)
Downloaded 83,050/178,552 issues (0 errors)
Downloaded 83,075/178,552 issues (0 errors)
Downloaded 83,100/178,552 issues (0 errors)
Downloaded 83,125/178,552 issues (0 errors)
Downloaded 83,150/178,552 issues (0 errors)
Downloaded 83,175/178,552 issues (0 errors)
Downloaded 83,200/178,552 issues (0 errors)
Downloaded 83,225/178,552 issues (0 errors)
Downloaded 83,250/178,552 issues (0 errors)
Downloaded 83,275/178,552 issues (0 errors)
Downloaded 83,300/178,552 issues (0 errors)
Downloaded 83,325/178,552 issues (0 errors)
Downloaded 83,350/178,552 issues (0 errors)
Downloaded 83,375/178,552 issues (0 errors)
Downloaded 83,400/178,552 issues (0 errors)
Downloaded 83,425/178,552 issues (0 errors)
Downloaded 83,450/178,552 issues (0 errors)
Downloaded 83,475/178,552 issues (0 errors)
Downloaded 83,500/178,552 issues (0 errors)
Downloaded 83,525/178,552 issues (0 errors)
Downloaded 83,550/178,552 issues (0 errors)
Downloaded 83,575/178,552 issues (0 errors)
Downloaded 83,600/178,552 issues (0 errors)
Downloaded 83,625/178,552 issues (0 errors)
Downloaded 83,650/178,552 issues (0 errors)
Downloaded 83,675/178,552 issues (0 errors)
Downloaded 83,700/178,552 issues (0 errors)
Downloaded 83,725/178,552 issues (0 errors)
Downloaded 83,750/178,552 issues (0 errors)
Downloaded 83,775/178,552 issues (0 errors)
Downloaded 83,800/178,552 issues (0 errors)
Downloaded 83,825/178,552 issues (0 errors)
Downloaded 83,850/178,552 issues (0 errors)
Downloaded 83,875/178,552 issues (0 errors)
Downloaded 83,900/178,552 issues (0 errors)
Downloaded 83,925/178,552 issues (0 errors)
Downloaded 83,950/178,552 issues (0 errors)
Downloaded 83,975/178,552 issues (0 errors)
Downloaded 84,000/178,552 issues (0 errors)
Downloaded 84,025/178,552 issues (0 errors)
Downloaded 84,050/178,552 issues (0 errors)
Downloaded 84,075/178,552 issues (0 errors)
Downloaded 84,100/178,552 issues (0 errors)
Downloaded 84,125/178,552 issues (0 errors)
Downloaded 84,150/178,552 issues (0 errors)
Downloaded 84,175/178,552 issues (0 errors)
Downloaded 84,200/178,552 issues (0 errors)
Downloaded 84,225/178,552 issues (0 errors)
Downloaded 84,250/178,552 issues (0 errors)
Downloaded 84,275/178,552 issues (0 errors)
Downloaded 84,300/178,552 issues (0 errors)
Downloaded 84,325/178,552 issues (0 errors)
Downloaded 84,350/178,552 issues (0 errors)
Downloaded 84,375/178,552 issues (0 errors)
Downloaded 84,400/178,552 issues (0 errors)
Downloaded 84,425/178,552 issues (0 errors)
Downloaded 84,450/178,552 issues (0 errors)
Downloaded 84,475/178,552 issues (0 errors)
Downloaded 84,500/178,552 issues (0 errors)
Downloaded 84,525/178,552 issues (0 errors)
Downloaded 84,550/178,552 issues (0 errors)
Downloaded 84,575/178,552 issues (0 errors)
Downloaded 84,600/178,552 issues (0 errors)
Downloaded 84,625/178,552 issues (0 errors)
Downloaded 84,650/178,552 issues (0 errors)
Downloaded 84,675/178,552 issues (0 errors)
Downloaded 84,700/178,552 issues (0 errors)
Downloaded 84,725/178,552 issues (0 errors)
Downloaded 84,750/178,552 issues (0 errors)
Downloaded 84,775/178,552 issues (0 errors)
Downloaded 84,800/178,552 issues (0 errors)
Downloaded 84,825/178,552 issues (0 errors)
Downloaded 84,850/178,552 issues (0 errors)
Downloaded 84,875/178,552 issues (0 errors)
Downloaded 84,900/178,552 issues (0 errors)
Downloaded 84,925/178,552 issues (0 errors)
Downloaded 84,950/178,552 issues (0 errors)
Downloaded 84,975/178,552 issues (0 errors)
Downloaded 85,000/178,552 issues (0 errors)
Downloaded 85,025/178,552 issues (0 errors)
Downloaded 85,050/178,552 issues (0 errors)
Downloaded 85,075/178,552 issues (0 errors)
Downloaded 85,100/178,552 issues (0 errors)
Downloaded 85,125/178,552 issues (0 errors)
Downloaded 85,150/178,552 issues (0 errors)
Downloaded 85,175/178,552 issues (0 errors)
Downloaded 85,200/178,552 issues (0 errors)
Downloaded 85,225/178,552 issues (0 errors)
Downloaded 85,250/178,552 issues (0 errors)
Downloaded 85,275/178,552 issues (0 errors)
Downloaded 85,300/178,552 issues (0 errors)
Downloaded 85,325/178,552 issues (0 errors)
Downloaded 85,350/178,552 issues (0 errors)
Downloaded 85,375/178,552 issues (0 errors)
Downloaded 85,400/178,552 issues (0 errors)
Downloaded 85,425/178,552 issues (0 errors)
Downloaded 85,450/178,552 issues (0 errors)
Downloaded 85,475/178,552 issues (0 errors)
Downloaded 85,500/178,552 issues (0 errors)
Downloaded 85,525/178,552 issues (0 errors)
Downloaded 85,550/178,552 issues (0 errors)
Downloaded 85,575/178,552 issues (0 errors)
Downloaded 85,600/178,552 issues (0 errors)
Downloaded 85,625/178,552 issues (0 errors)
Downloaded 85,650/178,552 issues (0 errors)
Downloaded 85,675/178,552 issues (0 errors)
Downloaded 85,700/178,552 issues (0 errors)
Downloaded 85,725/178,552 issues (0 errors)
Downloaded 85,750/178,552 issues (0 errors)
Downloaded 85,775/178,552 issues (0 errors)
Downloaded 85,800/178,552 issues (0 errors)
Downloaded 85,825/178,552 issues (0 errors)
Downloaded 85,850/178,552 issues (0 errors)
Downloaded 85,875/178,552 issues (0 errors)
Downloaded 85,900/178,552 issues (0 errors)
Downloaded 85,925/178,552 issues (0 errors)
Downloaded 85,950/178,552 issues (0 errors)
Downloaded 85,975/178,552 issues (0 errors)
Downloaded 86,000/178,552 issues (0 errors)
Downloaded 86,025/178,552 issues (0 errors)
Downloaded 86,050/178,552 issues (0 errors)
Downloaded 86,075/178,552 issues (0 errors)
Downloaded 86,100/178,552 issues (0 errors)
Downloaded 86,125/178,552 issues (0 errors)
Downloaded 86,150/178,552 issues (0 errors)
Downloaded 86,175/178,552 issues (0 errors)
Downloaded 86,200/178,552 issues (0 errors)
Downloaded 86,225/178,552 issues (0 errors)
Downloaded 86,250/178,552 issues (0 errors)
Downloaded 86,275/178,552 issues (0 errors)
Downloaded 86,300/178,552 issues (0 errors)
Downloaded 86,325/178,552 issues (0 errors)
Downloaded 86,350/178,552 issues (0 errors)
Downloaded 86,375/178,552 issues (0 errors)
Downloaded 86,400/178,552 issues (0 errors)
Downloaded 86,425/178,552 issues (0 errors)
Downloaded 86,450/178,552 issues (0 errors)
Downloaded 86,475/178,552 issues (0 errors)
Downloaded 86,500/178,552 issues (0 errors)
Downloaded 86,525/178,552 issues (0 errors)
Downloaded 86,550/178,552 issues (0 errors)
Downloaded 86,575/178,552 issues (0 errors)
Downloaded 86,600/178,552 issues (0 errors)
Downloaded 86,625/178,552 issues (0 errors)
Downloaded 86,650/178,552 issues (0 errors)
Downloaded 86,675/178,552 issues (0 errors)
Downloaded 86,700/178,552 issues (0 errors)
Downloaded 86,725/178,552 issues (0 errors)
Downloaded 86,750/178,552 issues (0 errors)
Downloaded 86,775/178,552 issues (0 errors)
Downloaded 86,800/178,552 issues (0 errors)
Downloaded 86,825/178,552 issues (0 errors)
Downloaded 86,850/178,552 issues (0 errors)
Downloaded 86,875/178,552 issues (0 errors)
Downloaded 86,900/178,552 issues (0 errors)
Downloaded 86,925/178,552 issues (0 errors)
Downloaded 86,950/178,552 issues (0 errors)
Downloaded 86,975/178,552 issues (0 errors)
Downloaded 87,000/178,552 issues (0 errors)
Downloaded 87,025/178,552 issues (0 errors)
Downloaded 87,050/178,552 issues (0 errors)
Downloaded 87,075/178,552 issues (0 errors)
Downloaded 87,100/178,552 issues (0 errors)
Downloaded 87,125/178,552 issues (0 errors)
Downloaded 87,150/178,552 issues (0 errors)
Downloaded 87,175/178,552 issues (0 errors)
Downloaded 87,200/178,552 issues (0 errors)
Downloaded 87,225/178,552 issues (0 errors)
Downloaded 87,250/178,552 issues (0 errors)
Downloaded 87,275/178,552 issues (0 errors)
Downloaded 87,300/178,552 issues (0 errors)
Downloaded 87,325/178,552 issues (0 errors)
Downloaded 87,350/178,552 issues (0 errors)
Downloaded 87,375/178,552 issues (0 errors)
Downloaded 87,400/178,552 issues (0 errors)
Downloaded 87,425/178,552 issues (0 errors)
Downloaded 87,450/178,552 issues (0 errors)
Downloaded 87,475/178,552 issues (0 errors)
Downloaded 87,500/178,552 issues (0 errors)
Downloaded 87,525/178,552 issues (0 errors)
Downloaded 87,550/178,552 issues (0 errors)
Downloaded 87,575/178,552 issues (0 errors)
Downloaded 87,600/178,552 issues (0 errors)
Downloaded 87,625/178,552 issues (0 errors)
Downloaded 87,650/178,552 issues (0 errors)
Downloaded 87,675/178,552 issues (0 errors)
Downloaded 87,700/178,552 issues (0 errors)
Downloaded 87,725/178,552 issues (0 errors)
Downloaded 87,750/178,552 issues (0 errors)
Downloaded 87,775/178,552 issues (0 errors)
Downloaded 87,800/178,552 issues (0 errors)
Downloaded 87,825/178,552 issues (0 errors)
Downloaded 87,850/178,552 issues (0 errors)
Downloaded 87,875/178,552 issues (0 errors)
Downloaded 87,900/178,552 issues (0 errors)
Downloaded 87,925/178,552 issues (0 errors)
Downloaded 87,950/178,552 issues (0 errors)
Downloaded 87,975/178,552 issues (0 errors)
Downloaded 88,000/178,552 issues (0 errors)
Downloaded 88,025/178,552 issues (0 errors)
Downloaded 88,050/178,552 issues (0 errors)
Downloaded 88,075/178,552 issues (0 errors)
Downloaded 88,100/178,552 issues (0 errors)
Downloaded 88,125/178,552 issues (0 errors)
Downloaded 88,150/178,552 issues (0 errors)
Downloaded 88,175/178,552 issues (0 errors)
Downloaded 88,200/178,552 issues (0 errors)
Downloaded 88,225/178,552 issues (0 errors)
Downloaded 88,250/178,552 issues (0 errors)
Downloaded 88,275/178,552 issues (0 errors)
Downloaded 88,300/178,552 issues (0 errors)
Downloaded 88,325/178,552 issues (0 errors)
Downloaded 88,350/178,552 issues (0 errors)
Downloaded 88,375/178,552 issues (0 errors)
Downloaded 88,400/178,552 issues (0 errors)
Downloaded 88,425/178,552 issues (0 errors)
Downloaded 88,450/178,552 issues (0 errors)
Downloaded 88,475/178,552 issues (0 errors)
Downloaded 88,500/178,552 issues (0 errors)
Downloaded 88,525/178,552 issues (0 errors)
Downloaded 88,550/178,552 issues (0 errors)
Downloaded 88,575/178,552 issues (0 errors)
Downloaded 88,600/178,552 issues (0 errors)
Downloaded 88,625/178,552 issues (0 errors)
Downloaded 88,650/178,552 issues (0 errors)
Downloaded 88,675/178,552 issues (0 errors)
Downloaded 88,700/178,552 issues (0 errors)
Downloaded 88,725/178,552 issues (0 errors)
Downloaded 88,750/178,552 issues (0 errors)
Downloaded 88,775/178,552 issues (0 errors)
Downloaded 88,800/178,552 issues (0 errors)
Downloaded 88,825/178,552 issues (0 errors)
Downloaded 88,850/178,552 issues (0 errors)
Downloaded 88,875/178,552 issues (0 errors)
Downloaded 88,900/178,552 issues (0 errors)
Downloaded 88,925/178,552 issues (0 errors)
Downloaded 88,950/178,552 issues (0 errors)
Downloaded 88,975/178,552 issues (0 errors)
Downloaded 89,000/178,552 issues (0 errors)
Downloaded 89,025/178,552 issues (0 errors)
Downloaded 89,050/178,552 issues (0 errors)
Downloaded 89,075/178,552 issues (0 errors)
Downloaded 89,100/178,552 issues (0 errors)
Downloaded 89,125/178,552 issues (0 errors)
Downloaded 89,150/178,552 issues (0 errors)
Downloaded 89,175/178,552 issues (0 errors)
Downloaded 89,200/178,552 issues (0 errors)
Downloaded 89,225/178,552 issues (0 errors)
Downloaded 89,250/178,552 issues (0 errors)
Downloaded 89,275/178,552 issues (0 errors)
Downloaded 89,300/178,552 issues (0 errors)
Downloaded 89,325/178,552 issues (0 errors)
Downloaded 89,350/178,552 issues (0 errors)
Downloaded 89,375/178,552 issues (0 errors)
Downloaded 89,400/178,552 issues (0 errors)
Downloaded 89,425/178,552 issues (0 errors)
Downloaded 89,450/178,552 issues (0 errors)
Downloaded 89,475/178,552 issues (0 errors)
Downloaded 89,500/178,552 issues (0 errors)
Downloaded 89,525/178,552 issues (0 errors)
Downloaded 89,550/178,552 issues (0 errors)
Downloaded 89,575/178,552 issues (0 errors)
Downloaded 89,600/178,552 issues (0 errors)
Downloaded 89,625/178,552 issues (0 errors)
Downloaded 89,650/178,552 issues (0 errors)
Downloaded 89,675/178,552 issues (0 errors)
Downloaded 89,700/178,552 issues (0 errors)
Downloaded 89,725/178,552 issues (0 errors)
Downloaded 89,750/178,552 issues (0 errors)
Downloaded 89,775/178,552 issues (0 errors)
Downloaded 89,800/178,552 issues (0 errors)
Downloaded 89,825/178,552 issues (0 errors)
Downloaded 89,850/178,552 issues (0 errors)
Downloaded 89,875/178,552 issues (0 errors)
Downloaded 89,900/178,552 issues (0 errors)
Downloaded 89,925/178,552 issues (0 errors)
Downloaded 89,950/178,552 issues (0 errors)
Downloaded 89,975/178,552 issues (0 errors)
Downloaded 90,000/178,552 issues (0 errors)
Downloaded 90,025/178,552 issues (0 errors)
Downloaded 90,050/178,552 issues (0 errors)
Downloaded 90,075/178,552 issues (0 errors)
Downloaded 90,100/178,552 issues (0 errors)
Downloaded 90,125/178,552 issues (0 errors)
Downloaded 90,150/178,552 issues (0 errors)
Downloaded 90,175/178,552 issues (0 errors)
Downloaded 90,200/178,552 issues (0 errors)
Downloaded 90,225/178,552 issues (0 errors)
Downloaded 90,250/178,552 issues (0 errors)
Downloaded 90,275/178,552 issues (0 errors)
Downloaded 90,300/178,552 issues (0 errors)
Downloaded 90,325/178,552 issues (0 errors)
Downloaded 90,350/178,552 issues (0 errors)
Downloaded 90,375/178,552 issues (0 errors)
Downloaded 90,400/178,552 issues (0 errors)
Downloaded 90,425/178,552 issues (0 errors)
Downloaded 90,450/178,552 issues (0 errors)
Downloaded 90,475/178,552 issues (0 errors)
Downloaded 90,500/178,552 issues (0 errors)
Downloaded 90,525/178,552 issues (0 errors)
Downloaded 90,550/178,552 issues (0 errors)
Downloaded 90,575/178,552 issues (0 errors)
Downloaded 90,600/178,552 issues (0 errors)
Downloaded 90,625/178,552 issues (0 errors)
Downloaded 90,650/178,552 issues (0 errors)
Downloaded 90,675/178,552 issues (0 errors)
Downloaded 90,700/178,552 issues (0 errors)
Downloaded 90,725/178,552 issues (0 errors)
Downloaded 90,750/178,552 issues (0 errors)
Downloaded 90,775/178,552 issues (0 errors)
Downloaded 90,800/178,552 issues (0 errors)
Downloaded 90,825/178,552 issues (0 errors)
Downloaded 90,850/178,552 issues (0 errors)
Downloaded 90,875/178,552 issues (0 errors)
Downloaded 90,900/178,552 issues (0 errors)
Downloaded 90,925/178,552 issues (0 errors)
Downloaded 90,950/178,552 issues (0 errors)
Downloaded 90,975/178,552 issues (0 errors)
Downloaded 91,000/178,552 issues (0 errors)
Downloaded 91,025/178,552 issues (0 errors)
Downloaded 91,050/178,552 issues (0 errors)
Downloaded 91,075/178,552 issues (0 errors)
Downloaded 91,100/178,552 issues (0 errors)
Downloaded 91,125/178,552 issues (0 errors)
Downloaded 91,150/178,552 issues (0 errors)
Downloaded 91,175/178,552 issues (0 errors)
Downloaded 91,200/178,552 issues (0 errors)
Downloaded 91,225/178,552 issues (0 errors)
Downloaded 91,250/178,552 issues (0 errors)
Downloaded 91,275/178,552 issues (0 errors)
Downloaded 91,300/178,552 issues (0 errors)
Downloaded 91,325/178,552 issues (0 errors)
Downloaded 91,350/178,552 issues (0 errors)
Downloaded 91,375/178,552 issues (0 errors)
Downloaded 91,400/178,552 issues (0 errors)
Downloaded 91,425/178,552 issues (0 errors)
Downloaded 91,450/178,552 issues (0 errors)
Downloaded 91,475/178,552 issues (0 errors)
Downloaded 91,500/178,552 issues (0 errors)
Downloaded 91,525/178,552 issues (0 errors)
Downloaded 91,550/178,552 issues (0 errors)
Downloaded 91,575/178,552 issues (0 errors)
Downloaded 91,600/178,552 issues (0 errors)
Downloaded 91,625/178,552 issues (0 errors)
Downloaded 91,650/178,552 issues (0 errors)
Downloaded 91,675/178,552 issues (0 errors)
Downloaded 91,700/178,552 issues (0 errors)
Downloaded 91,725/178,552 issues (0 errors)
Downloaded 91,750/178,552 issues (0 errors)
Downloaded 91,775/178,552 issues (0 errors)
Downloaded 91,800/178,552 issues (0 errors)
Downloaded 91,825/178,552 issues (0 errors)
Downloaded 91,850/178,552 issues (0 errors)
Downloaded 91,875/178,552 issues (0 errors)
Downloaded 91,900/178,552 issues (0 errors)
Downloaded 91,925/178,552 issues (0 errors)
Downloaded 91,950/178,552 issues (0 errors)
Downloaded 91,975/178,552 issues (0 errors)
Downloaded 92,000/178,552 issues (0 errors)
Downloaded 92,025/178,552 issues (0 errors)
Downloaded 92,050/178,552 issues (0 errors)
Downloaded 92,075/178,552 issues (0 errors)
Downloaded 92,100/178,552 issues (0 errors)
Downloaded 92,125/178,552 issues (0 errors)
Downloaded 92,150/178,552 issues (0 errors)
Downloaded 92,175/178,552 issues (0 errors)
Downloaded 92,200/178,552 issues (0 errors)
Downloaded 92,225/178,552 issues (0 errors)
Downloaded 92,250/178,552 issues (0 errors)
Downloaded 92,275/178,552 issues (0 errors)
Downloaded 92,300/178,552 issues (0 errors)
Downloaded 92,325/178,552 issues (0 errors)
Downloaded 92,350/178,552 issues (0 errors)
Downloaded 92,375/178,552 issues (0 errors)
Downloaded 92,400/178,552 issues (0 errors)
Downloaded 92,425/178,552 issues (0 errors)
Downloaded 92,450/178,552 issues (0 errors)
Downloaded 92,475/178,552 issues (0 errors)
Downloaded 92,500/178,552 issues (0 errors)
Downloaded 92,525/178,552 issues (0 errors)
Downloaded 92,550/178,552 issues (0 errors)
Downloaded 92,575/178,552 issues (0 errors)
Downloaded 92,600/178,552 issues (0 errors)
Downloaded 92,625/178,552 issues (0 errors)
Downloaded 92,650/178,552 issues (0 errors)
Downloaded 92,675/178,552 issues (0 errors)
Downloaded 92,700/178,552 issues (0 errors)
Downloaded 92,725/178,552 issues (0 errors)
Downloaded 92,750/178,552 issues (0 errors)
Downloaded 92,775/178,552 issues (0 errors)
Downloaded 92,800/178,552 issues (0 errors)
Downloaded 92,825/178,552 issues (0 errors)
Downloaded 92,850/178,552 issues (0 errors)
Downloaded 92,875/178,552 issues (0 errors)
Downloaded 92,900/178,552 issues (0 errors)
Downloaded 92,925/178,552 issues (0 errors)
Downloaded 92,950/178,552 issues (0 errors)
Downloaded 92,975/178,552 issues (0 errors)
Downloaded 93,000/178,552 issues (0 errors)
Downloaded 93,025/178,552 issues (0 errors)
Downloaded 93,050/178,552 issues (0 errors)
Downloaded 93,075/178,552 issues (0 errors)
Downloaded 93,100/178,552 issues (0 errors)
Downloaded 93,125/178,552 issues (0 errors)
Downloaded 93,150/178,552 issues (0 errors)
Downloaded 93,175/178,552 issues (0 errors)
Downloaded 93,200/178,552 issues (0 errors)
Downloaded 93,225/178,552 issues (0 errors)
Downloaded 93,250/178,552 issues (0 errors)
Downloaded 93,275/178,552 issues (0 errors)
Downloaded 93,300/178,552 issues (0 errors)
Downloaded 93,325/178,552 issues (0 errors)
Downloaded 93,350/178,552 issues (0 errors)
Downloaded 93,375/178,552 issues (0 errors)
Downloaded 93,400/178,552 issues (0 errors)
Downloaded 93,425/178,552 issues (0 errors)
Downloaded 93,450/178,552 issues (0 errors)
Downloaded 93,475/178,552 issues (0 errors)
Downloaded 93,500/178,552 issues (0 errors)
Downloaded 93,525/178,552 issues (0 errors)
Downloaded 93,550/178,552 issues (0 errors)
Downloaded 93,575/178,552 issues (0 errors)
Downloaded 93,600/178,552 issues (0 errors)
Downloaded 93,625/178,552 issues (0 errors)
Downloaded 93,650/178,552 issues (0 errors)
Downloaded 93,675/178,552 issues (0 errors)
Downloaded 93,700/178,552 issues (0 errors)
Downloaded 93,725/178,552 issues (0 errors)
Downloaded 93,750/178,552 issues (0 errors)
Downloaded 93,775/178,552 issues (0 errors)
Downloaded 93,800/178,552 issues (0 errors)
Downloaded 93,825/178,552 issues (0 errors)
Downloaded 93,850/178,552 issues (0 errors)
Downloaded 93,875/178,552 issues (0 errors)
Downloaded 93,900/178,552 issues (0 errors)
Downloaded 93,925/178,552 issues (0 errors)
Downloaded 93,950/178,552 issues (0 errors)
Downloaded 93,975/178,552 issues (0 errors)
Downloaded 94,000/178,552 issues (0 errors)
Downloaded 94,025/178,552 issues (0 errors)
Downloaded 94,050/178,552 issues (0 errors)
Downloaded 94,075/178,552 issues (0 errors)
Downloaded 94,100/178,552 issues (0 errors)
Downloaded 94,125/178,552 issues (0 errors)
Downloaded 94,150/178,552 issues (0 errors)
Downloaded 94,175/178,552 issues (0 errors)
Downloaded 94,200/178,552 issues (0 errors)
Downloaded 94,225/178,552 issues (0 errors)
Downloaded 94,250/178,552 issues (0 errors)
Downloaded 94,275/178,552 issues (0 errors)
Downloaded 94,300/178,552 issues (0 errors)
Downloaded 94,325/178,552 issues (0 errors)
Downloaded 94,350/178,552 issues (0 errors)
Downloaded 94,375/178,552 issues (0 errors)
Downloaded 94,400/178,552 issues (0 errors)
Downloaded 94,425/178,552 issues (0 errors)
Downloaded 94,450/178,552 issues (0 errors)
Downloaded 94,475/178,552 issues (0 errors)
Downloaded 94,500/178,552 issues (0 errors)
Downloaded 94,525/178,552 issues (0 errors)
Downloaded 94,550/178,552 issues (0 errors)
Downloaded 94,575/178,552 issues (0 errors)
Downloaded 94,600/178,552 issues (0 errors)
Downloaded 94,625/178,552 issues (0 errors)
Downloaded 94,650/178,552 issues (0 errors)
Downloaded 94,675/178,552 issues (0 errors)
Downloaded 94,700/178,552 issues (0 errors)
Downloaded 94,725/178,552 issues (0 errors)
Downloaded 94,750/178,552 issues (0 errors)
Downloaded 94,775/178,552 issues (0 errors)
Downloaded 94,800/178,552 issues (0 errors)
Downloaded 94,825/178,552 issues (0 errors)
Downloaded 94,850/178,552 issues (0 errors)
Downloaded 94,875/178,552 issues (0 errors)
Downloaded 94,900/178,552 issues (0 errors)
Downloaded 94,925/178,552 issues (0 errors)
Downloaded 94,950/178,552 issues (0 errors)
Downloaded 94,975/178,552 issues (0 errors)
Downloaded 95,000/178,552 issues (0 errors)
Downloaded 95,025/178,552 issues (0 errors)
Downloaded 95,050/178,552 issues (0 errors)
Downloaded 95,075/178,552 issues (0 errors)
Downloaded 95,100/178,552 issues (0 errors)
Downloaded 95,125/178,552 issues (0 errors)
Downloaded 95,150/178,552 issues (0 errors)
Downloaded 95,175/178,552 issues (0 errors)
Downloaded 95,200/178,552 issues (0 errors)
Downloaded 95,225/178,552 issues (0 errors)
Downloaded 95,250/178,552 issues (0 errors)
Downloaded 95,275/178,552 issues (0 errors)
Downloaded 95,300/178,552 issues (0 errors)
Downloaded 95,325/178,552 issues (0 errors)
Downloaded 95,350/178,552 issues (0 errors)
Downloaded 95,375/178,552 issues (0 errors)
Downloaded 95,400/178,552 issues (0 errors)
Downloaded 95,425/178,552 issues (0 errors)
Downloaded 95,450/178,552 issues (0 errors)
Downloaded 95,475/178,552 issues (0 errors)
Downloaded 95,500/178,552 issues (0 errors)
Downloaded 95,525/178,552 issues (0 errors)
Downloaded 95,550/178,552 issues (0 errors)
Downloaded 95,575/178,552 issues (0 errors)
Downloaded 95,600/178,552 issues (0 errors)
Downloaded 95,625/178,552 issues (0 errors)
Downloaded 95,650/178,552 issues (0 errors)
Downloaded 95,675/178,552 issues (0 errors)
Downloaded 95,700/178,552 issues (0 errors)
Downloaded 95,725/178,552 issues (0 errors)
Downloaded 95,750/178,552 issues (0 errors)
Downloaded 95,775/178,552 issues (0 errors)
Downloaded 95,800/178,552 issues (0 errors)
Downloaded 95,825/178,552 issues (0 errors)
Downloaded 95,850/178,552 issues (0 errors)
Downloaded 95,875/178,552 issues (0 errors)
Downloaded 95,900/178,552 issues (0 errors)
Downloaded 95,925/178,552 issues (0 errors)
Downloaded 95,950/178,552 issues (0 errors)
Downloaded 95,975/178,552 issues (0 errors)
Downloaded 96,000/178,552 issues (0 errors)
Downloaded 96,025/178,552 issues (0 errors)
Downloaded 96,050/178,552 issues (0 errors)
Downloaded 96,075/178,552 issues (0 errors)
Downloaded 96,100/178,552 issues (0 errors)
Downloaded 96,125/178,552 issues (0 errors)
Downloaded 96,150/178,552 issues (0 errors)
Downloaded 96,175/178,552 issues (0 errors)
Downloaded 96,200/178,552 issues (0 errors)
Downloaded 96,225/178,552 issues (0 errors)
Downloaded 96,250/178,552 issues (0 errors)
Downloaded 96,275/178,552 issues (0 errors)
Downloaded 96,300/178,552 issues (0 errors)
Downloaded 96,325/178,552 issues (0 errors)
Downloaded 96,350/178,552 issues (0 errors)
Downloaded 96,375/178,552 issues (0 errors)
Downloaded 96,400/178,552 issues (0 errors)
Downloaded 96,425/178,552 issues (0 errors)
Downloaded 96,450/178,552 issues (0 errors)
Downloaded 96,475/178,552 issues (0 errors)
Downloaded 96,500/178,552 issues (0 errors)
Downloaded 96,525/178,552 issues (0 errors)
Downloaded 96,550/178,552 issues (0 errors)
Downloaded 96,575/178,552 issues (0 errors)
Downloaded 96,600/178,552 issues (0 errors)
Downloaded 96,625/178,552 issues (0 errors)
Downloaded 96,650/178,552 issues (0 errors)
Downloaded 96,675/178,552 issues (0 errors)
Downloaded 96,700/178,552 issues (0 errors)
Downloaded 96,725/178,552 issues (0 errors)
Downloaded 96,750/178,552 issues (0 errors)
Downloaded 96,775/178,552 issues (0 errors)
Downloaded 96,800/178,552 issues (0 errors)
Downloaded 96,825/178,552 issues (0 errors)
Downloaded 96,850/178,552 issues (0 errors)
Downloaded 96,875/178,552 issues (0 errors)
Downloaded 96,900/178,552 issues (0 errors)
Downloaded 96,925/178,552 issues (0 errors)
Downloaded 96,950/178,552 issues (0 errors)
Downloaded 96,975/178,552 issues (0 errors)
Downloaded 97,000/178,552 issues (0 errors)
Downloaded 97,025/178,552 issues (0 errors)
Downloaded 97,050/178,552 issues (0 errors)
Downloaded 97,075/178,552 issues (0 errors)
Downloaded 97,100/178,552 issues (0 errors)
Downloaded 97,125/178,552 issues (0 errors)
Downloaded 97,150/178,552 issues (0 errors)
Downloaded 97,175/178,552 issues (0 errors)
Downloaded 97,200/178,552 issues (0 errors)
Downloaded 97,225/178,552 issues (0 errors)
Downloaded 97,250/178,552 issues (0 errors)
Downloaded 97,275/178,552 issues (0 errors)
Downloaded 97,300/178,552 issues (0 errors)
Downloaded 97,325/178,552 issues (0 errors)
Downloaded 97,350/178,552 issues (0 errors)
Downloaded 97,375/178,552 issues (0 errors)
Downloaded 97,400/178,552 issues (0 errors)
Downloaded 97,425/178,552 issues (0 errors)
Downloaded 97,450/178,552 issues (0 errors)
Downloaded 97,475/178,552 issues (0 errors)
Downloaded 97,500/178,552 issues (0 errors)
Downloaded 97,525/178,552 issues (0 errors)
Downloaded 97,550/178,552 issues (0 errors)
Downloaded 97,575/178,552 issues (0 errors)
Downloaded 97,600/178,552 issues (0 errors)
Downloaded 97,625/178,552 issues (0 errors)
Downloaded 97,650/178,552 issues (0 errors)
Downloaded 97,675/178,552 issues (0 errors)
Downloaded 97,700/178,552 issues (0 errors)
Downloaded 97,725/178,552 issues (0 errors)
Downloaded 97,750/178,552 issues (0 errors)
Downloaded 97,775/178,552 issues (0 errors)
Downloaded 97,800/178,552 issues (0 errors)
Downloaded 97,825/178,552 issues (0 errors)
Downloaded 97,850/178,552 issues (0 errors)
Downloaded 97,875/178,552 issues (0 errors)
Downloaded 97,900/178,552 issues (0 errors)
Downloaded 97,925/178,552 issues (0 errors)
Downloaded 97,950/178,552 issues (0 errors)
Downloaded 97,975/178,552 issues (0 errors)
Downloaded 98,000/178,552 issues (0 errors)
Downloaded 98,025/178,552 issues (0 errors)
Downloaded 98,050/178,552 issues (0 errors)
Downloaded 98,075/178,552 issues (0 errors)
Downloaded 98,100/178,552 issues (0 errors)
Downloaded 98,125/178,552 issues (0 errors)
Downloaded 98,150/178,552 issues (0 errors)
Downloaded 98,175/178,552 issues (0 errors)
Downloaded 98,200/178,552 issues (0 errors)
Downloaded 98,225/178,552 issues (0 errors)
Downloaded 98,250/178,552 issues (0 errors)
Downloaded 98,275/178,552 issues (0 errors)
Downloaded 98,300/178,552 issues (0 errors)
Downloaded 98,325/178,552 issues (0 errors)
Downloaded 98,350/178,552 issues (0 errors)
Downloaded 98,375/178,552 issues (0 errors)
Downloaded 98,400/178,552 issues (0 errors)
Downloaded 98,425/178,552 issues (0 errors)
Downloaded 98,450/178,552 issues (0 errors)
Downloaded 98,475/178,552 issues (0 errors)
Downloaded 98,500/178,552 issues (0 errors)
Downloaded 98,525/178,552 issues (0 errors)
Downloaded 98,550/178,552 issues (0 errors)
Downloaded 98,575/178,552 issues (0 errors)
Downloaded 98,600/178,552 issues (0 errors)
Downloaded 98,625/178,552 issues (0 errors)
Downloaded 98,650/178,552 issues (0 errors)
Downloaded 98,675/178,552 issues (0 errors)
Downloaded 98,700/178,552 issues (0 errors)
Downloaded 98,725/178,552 issues (0 errors)
Downloaded 98,750/178,552 issues (0 errors)
Downloaded 98,775/178,552 issues (0 errors)
Downloaded 98,800/178,552 issues (0 errors)
Downloaded 98,825/178,552 issues (0 errors)
Downloaded 98,850/178,552 issues (0 errors)
Downloaded 98,875/178,552 issues (0 errors)
Downloaded 98,900/178,552 issues (0 errors)
Downloaded 98,925/178,552 issues (0 errors)
Downloaded 98,950/178,552 issues (0 errors)
Downloaded 98,975/178,552 issues (0 errors)
Downloaded 99,000/178,552 issues (0 errors)
Downloaded 99,025/178,552 issues (0 errors)
Downloaded 99,050/178,552 issues (0 errors)
Downloaded 99,075/178,552 issues (0 errors)
Downloaded 99,100/178,552 issues (0 errors)
Downloaded 99,125/178,552 issues (0 errors)
Downloaded 99,150/178,552 issues (0 errors)
Downloaded 99,175/178,552 issues (0 errors)
Downloaded 99,200/178,552 issues (0 errors)
Downloaded 99,225/178,552 issues (0 errors)
Downloaded 99,250/178,552 issues (0 errors)
Downloaded 99,275/178,552 issues (0 errors)
Downloaded 99,300/178,552 issues (0 errors)
Downloaded 99,325/178,552 issues (0 errors)
Downloaded 99,350/178,552 issues (0 errors)
Downloaded 99,375/178,552 issues (0 errors)
Downloaded 99,400/178,552 issues (0 errors)
Downloaded 99,425/178,552 issues (0 errors)
Downloaded 99,450/178,552 issues (0 errors)
Downloaded 99,475/178,552 issues (0 errors)
Downloaded 99,500/178,552 issues (0 errors)
Downloaded 99,525/178,552 issues (0 errors)
Downloaded 99,550/178,552 issues (0 errors)
Downloaded 99,575/178,552 issues (0 errors)
Downloaded 99,600/178,552 issues (0 errors)
Downloaded 99,625/178,552 issues (0 errors)
Downloaded 99,650/178,552 issues (0 errors)
Downloaded 99,675/178,552 issues (0 errors)
Downloaded 99,700/178,552 issues (0 errors)
Downloaded 99,725/178,552 issues (0 errors)
Downloaded 99,750/178,552 issues (0 errors)
Downloaded 99,775/178,552 issues (0 errors)
Downloaded 99,800/178,552 issues (0 errors)
Downloaded 99,825/178,552 issues (0 errors)
Downloaded 99,850/178,552 issues (0 errors)
Downloaded 99,875/178,552 issues (0 errors)
Downloaded 99,900/178,552 issues (0 errors)
Downloaded 99,925/178,552 issues (0 errors)
Downloaded 99,950/178,552 issues (0 errors)
Downloaded 99,975/178,552 issues (0 errors)
Downloaded 100,000/178,552 issues (0 errors)
Downloaded 100,025/178,552 issues (0 errors)
Downloaded 100,050/178,552 issues (0 errors)
Downloaded 100,075/178,552 issues (0 errors)
Downloaded 100,100/178,552 issues (0 errors)
Downloaded 100,125/178,552 issues (0 errors)
Downloaded 100,150/178,552 issues (0 errors)
Downloaded 100,175/178,552 issues (0 errors)
Downloaded 100,200/178,552 issues (0 errors)
Downloaded 100,225/178,552 issues (0 errors)
Downloaded 100,250/178,552 issues (0 errors)
Downloaded 100,275/178,552 issues (0 errors)
Downloaded 100,300/178,552 issues (0 errors)
Downloaded 100,325/178,552 issues (0 errors)
Downloaded 100,350/178,552 issues (0 errors)
Downloaded 100,375/178,552 issues (0 errors)
Downloaded 100,400/178,552 issues (0 errors)
Downloaded 100,425/178,552 issues (0 errors)
Downloaded 100,450/178,552 issues (0 errors)
Downloaded 100,475/178,552 issues (0 errors)
Downloaded 100,500/178,552 issues (0 errors)
Downloaded 100,525/178,552 issues (0 errors)
Downloaded 100,550/178,552 issues (0 errors)
Downloaded 100,575/178,552 issues (0 errors)
Downloaded 100,600/178,552 issues (0 errors)
Downloaded 100,625/178,552 issues (0 errors)
Downloaded 100,650/178,552 issues (0 errors)
Downloaded 100,675/178,552 issues (0 errors)
Downloaded 100,700/178,552 issues (0 errors)
Downloaded 100,725/178,552 issues (0 errors)
Downloaded 100,750/178,552 issues (0 errors)
Downloaded 100,775/178,552 issues (0 errors)
Downloaded 100,800/178,552 issues (0 errors)
Downloaded 100,825/178,552 issues (0 errors)
Downloaded 100,850/178,552 issues (0 errors)
Downloaded 100,875/178,552 issues (0 errors)
Downloaded 100,900/178,552 issues (0 errors)
Downloaded 100,925/178,552 issues (0 errors)
Downloaded 100,950/178,552 issues (0 errors)
Downloaded 100,975/178,552 issues (0 errors)
Downloaded 101,000/178,552 issues (0 errors)
Downloaded 101,025/178,552 issues (0 errors)
Downloaded 101,050/178,552 issues (0 errors)
Downloaded 101,075/178,552 issues (0 errors)
Downloaded 101,100/178,552 issues (0 errors)
Downloaded 101,125/178,552 issues (0 errors)
Downloaded 101,150/178,552 issues (0 errors)
Downloaded 101,175/178,552 issues (0 errors)
Downloaded 101,200/178,552 issues (0 errors)
Downloaded 101,225/178,552 issues (0 errors)
Downloaded 101,250/178,552 issues (0 errors)
Downloaded 101,275/178,552 issues (0 errors)
Downloaded 101,300/178,552 issues (0 errors)
Downloaded 101,325/178,552 issues (0 errors)
Downloaded 101,350/178,552 issues (0 errors)
Downloaded 101,375/178,552 issues (0 errors)
Downloaded 101,400/178,552 issues (0 errors)
Downloaded 101,425/178,552 issues (0 errors)
Downloaded 101,450/178,552 issues (0 errors)
Downloaded 101,475/178,552 issues (0 errors)
Downloaded 101,500/178,552 issues (0 errors)
Downloaded 101,525/178,552 issues (0 errors)
Downloaded 101,550/178,552 issues (0 errors)
Downloaded 101,575/178,552 issues (0 errors)
Downloaded 101,600/178,552 issues (0 errors)
Downloaded 101,625/178,552 issues (0 errors)
Downloaded 101,650/178,552 issues (0 errors)
Downloaded 101,675/178,552 issues (0 errors)
Downloaded 101,700/178,552 issues (0 errors)
Downloaded 101,725/178,552 issues (0 errors)
Downloaded 101,750/178,552 issues (0 errors)
Downloaded 101,775/178,552 issues (0 errors)
Downloaded 101,800/178,552 issues (0 errors)
Downloaded 101,825/178,552 issues (0 errors)
Downloaded 101,850/178,552 issues (0 errors)
Downloaded 101,875/178,552 issues (0 errors)
Downloaded 101,900/178,552 issues (0 errors)
Downloaded 101,925/178,552 issues (0 errors)
Downloaded 101,950/178,552 issues (0 errors)
Downloaded 101,975/178,552 issues (0 errors)
Downloaded 102,000/178,552 issues (0 errors)
Downloaded 102,025/178,552 issues (0 errors)
Downloaded 102,050/178,552 issues (0 errors)
Downloaded 102,075/178,552 issues (0 errors)
Downloaded 102,100/178,552 issues (0 errors)
Downloaded 102,125/178,552 issues (0 errors)
Downloaded 102,150/178,552 issues (0 errors)
Downloaded 102,175/178,552 issues (0 errors)
Downloaded 102,200/178,552 issues (0 errors)
Downloaded 102,225/178,552 issues (0 errors)
Downloaded 102,250/178,552 issues (0 errors)
Downloaded 102,275/178,552 issues (0 errors)
Downloaded 102,300/178,552 issues (0 errors)
Downloaded 102,325/178,552 issues (0 errors)
Downloaded 102,350/178,552 issues (0 errors)
Downloaded 102,375/178,552 issues (0 errors)
Downloaded 102,400/178,552 issues (0 errors)
Downloaded 102,425/178,552 issues (0 errors)
Downloaded 102,450/178,552 issues (0 errors)
Downloaded 102,475/178,552 issues (0 errors)
Downloaded 102,500/178,552 issues (0 errors)
Downloaded 102,525/178,552 issues (0 errors)
Downloaded 102,550/178,552 issues (0 errors)
Downloaded 102,575/178,552 issues (0 errors)
Downloaded 102,600/178,552 issues (0 errors)
Downloaded 102,625/178,552 issues (0 errors)
Downloaded 102,650/178,552 issues (0 errors)
Downloaded 102,675/178,552 issues (0 errors)
Downloaded 102,700/178,552 issues (0 errors)
Downloaded 102,725/178,552 issues (0 errors)
Downloaded 102,750/178,552 issues (0 errors)
Downloaded 102,775/178,552 issues (0 errors)
Downloaded 102,800/178,552 issues (0 errors)
Downloaded 102,825/178,552 issues (0 errors)
Downloaded 102,850/178,552 issues (0 errors)
Downloaded 102,875/178,552 issues (0 errors)
Downloaded 102,900/178,552 issues (0 errors)
Downloaded 102,925/178,552 issues (0 errors)
Downloaded 102,950/178,552 issues (0 errors)
Downloaded 102,975/178,552 issues (0 errors)
Downloaded 103,000/178,552 issues (0 errors)
Downloaded 103,025/178,552 issues (0 errors)
Downloaded 103,050/178,552 issues (0 errors)
Downloaded 103,075/178,552 issues (0 errors)
Downloaded 103,100/178,552 issues (0 errors)
Downloaded 103,125/178,552 issues (0 errors)
Downloaded 103,150/178,552 issues (0 errors)
Downloaded 103,175/178,552 issues (0 errors)
Downloaded 103,200/178,552 issues (0 errors)
Downloaded 103,225/178,552 issues (0 errors)
Downloaded 103,250/178,552 issues (0 errors)
Downloaded 103,275/178,552 issues (0 errors)
Downloaded 103,300/178,552 issues (0 errors)
Downloaded 103,325/178,552 issues (0 errors)
Downloaded 103,350/178,552 issues (0 errors)
Downloaded 103,375/178,552 issues (0 errors)
Downloaded 103,400/178,552 issues (0 errors)
Downloaded 103,425/178,552 issues (0 errors)
Downloaded 103,450/178,552 issues (0 errors)
Downloaded 103,475/178,552 issues (0 errors)
Downloaded 103,500/178,552 issues (0 errors)
Downloaded 103,525/178,552 issues (0 errors)
Downloaded 103,550/178,552 issues (0 errors)
Downloaded 103,575/178,552 issues (0 errors)
Downloaded 103,600/178,552 issues (0 errors)
Downloaded 103,625/178,552 issues (0 errors)
Downloaded 103,650/178,552 issues (0 errors)
Downloaded 103,675/178,552 issues (0 errors)
Downloaded 103,700/178,552 issues (0 errors)
Downloaded 103,725/178,552 issues (0 errors)
Downloaded 103,750/178,552 issues (0 errors)
Downloaded 103,775/178,552 issues (0 errors)
Downloaded 103,800/178,552 issues (0 errors)
Downloaded 103,825/178,552 issues (0 errors)
Downloaded 103,850/178,552 issues (0 errors)
Downloaded 103,875/178,552 issues (0 errors)
Downloaded 103,900/178,552 issues (0 errors)
Downloaded 103,925/178,552 issues (0 errors)
Downloaded 103,950/178,552 issues (0 errors)
Downloaded 103,975/178,552 issues (0 errors)
Downloaded 104,000/178,552 issues (0 errors)
Downloaded 104,025/178,552 issues (0 errors)
Downloaded 104,050/178,552 issues (0 errors)
Downloaded 104,075/178,552 issues (0 errors)
Downloaded 104,100/178,552 issues (0 errors)
Downloaded 104,125/178,552 issues (0 errors)
Downloaded 104,150/178,552 issues (0 errors)
Downloaded 104,175/178,552 issues (0 errors)
Downloaded 104,200/178,552 issues (0 errors)
Downloaded 104,225/178,552 issues (0 errors)
Downloaded 104,250/178,552 issues (0 errors)
Downloaded 104,275/178,552 issues (0 errors)
Downloaded 104,300/178,552 issues (0 errors)
Downloaded 104,325/178,552 issues (0 errors)
Downloaded 104,350/178,552 issues (0 errors)
Downloaded 104,375/178,552 issues (0 errors)
Downloaded 104,400/178,552 issues (0 errors)
Downloaded 104,425/178,552 issues (0 errors)
Downloaded 104,450/178,552 issues (0 errors)
Downloaded 104,475/178,552 issues (0 errors)
Downloaded 104,500/178,552 issues (0 errors)
Downloaded 104,525/178,552 issues (0 errors)
Downloaded 104,550/178,552 issues (0 errors)
Downloaded 104,575/178,552 issues (0 errors)
Downloaded 104,600/178,552 issues (0 errors)
Downloaded 104,625/178,552 issues (0 errors)
Downloaded 104,650/178,552 issues (0 errors)
Downloaded 104,675/178,552 issues (0 errors)
Downloaded 104,700/178,552 issues (0 errors)
Downloaded 104,725/178,552 issues (0 errors)
Downloaded 104,750/178,552 issues (0 errors)
Downloaded 104,775/178,552 issues (0 errors)
Downloaded 104,800/178,552 issues (0 errors)
Downloaded 104,825/178,552 issues (0 errors)
Downloaded 104,850/178,552 issues (0 errors)
Downloaded 104,875/178,552 issues (0 errors)
Downloaded 104,900/178,552 issues (0 errors)
Downloaded 104,925/178,552 issues (0 errors)
Downloaded 104,950/178,552 issues (0 errors)
Downloaded 104,975/178,552 issues (0 errors)
Downloaded 105,000/178,552 issues (0 errors)
Downloaded 105,025/178,552 issues (0 errors)
Downloaded 105,050/178,552 issues (0 errors)
Downloaded 105,075/178,552 issues (0 errors)
Downloaded 105,100/178,552 issues (0 errors)
Downloaded 105,125/178,552 issues (0 errors)
Downloaded 105,150/178,552 issues (0 errors)
Downloaded 105,175/178,552 issues (0 errors)
Downloaded 105,200/178,552 issues (0 errors)
Downloaded 105,225/178,552 issues (0 errors)
Downloaded 105,250/178,552 issues (0 errors)
Downloaded 105,275/178,552 issues (0 errors)
Downloaded 105,300/178,552 issues (0 errors)
Downloaded 105,325/178,552 issues (0 errors)
Downloaded 105,350/178,552 issues (0 errors)
Downloaded 105,375/178,552 issues (0 errors)
Downloaded 105,400/178,552 issues (0 errors)
Downloaded 105,425/178,552 issues (0 errors)
Downloaded 105,450/178,552 issues (0 errors)
Downloaded 105,475/178,552 issues (0 errors)
Downloaded 105,500/178,552 issues (0 errors)
Downloaded 105,525/178,552 issues (0 errors)
Downloaded 105,550/178,552 issues (0 errors)
Downloaded 105,575/178,552 issues (0 errors)
Downloaded 105,600/178,552 issues (0 errors)
Downloaded 105,625/178,552 issues (0 errors)
Downloaded 105,650/178,552 issues (0 errors)
Downloaded 105,675/178,552 issues (0 errors)
Downloaded 105,700/178,552 issues (0 errors)
Downloaded 105,725/178,552 issues (0 errors)
Downloaded 105,750/178,552 issues (0 errors)
Downloaded 105,775/178,552 issues (0 errors)
Downloaded 105,800/178,552 issues (0 errors)
Downloaded 105,825/178,552 issues (0 errors)
Downloaded 105,850/178,552 issues (0 errors)
Downloaded 105,875/178,552 issues (0 errors)
Downloaded 105,900/178,552 issues (0 errors)
Downloaded 105,925/178,552 issues (0 errors)
Downloaded 105,950/178,552 issues (0 errors)
Downloaded 105,975/178,552 issues (0 errors)
Downloaded 106,000/178,552 issues (0 errors)
Downloaded 106,025/178,552 issues (0 errors)
Downloaded 106,050/178,552 issues (0 errors)
Downloaded 106,075/178,552 issues (0 errors)
Downloaded 106,100/178,552 issues (0 errors)
Downloaded 106,125/178,552 issues (0 errors)
Downloaded 106,150/178,552 issues (0 errors)
Downloaded 106,175/178,552 issues (0 errors)
Downloaded 106,200/178,552 issues (0 errors)
Downloaded 106,225/178,552 issues (0 errors)
Downloaded 106,250/178,552 issues (0 errors)
Downloaded 106,275/178,552 issues (0 errors)
Downloaded 106,300/178,552 issues (0 errors)
Downloaded 106,325/178,552 issues (0 errors)
Downloaded 106,350/178,552 issues (0 errors)
Downloaded 106,375/178,552 issues (0 errors)
Downloaded 106,400/178,552 issues (0 errors)
Downloaded 106,425/178,552 issues (0 errors)
Downloaded 106,450/178,552 issues (0 errors)
Downloaded 106,475/178,552 issues (0 errors)
Downloaded 106,500/178,552 issues (0 errors)
Downloaded 106,525/178,552 issues (0 errors)
Downloaded 106,550/178,552 issues (0 errors)
Downloaded 106,575/178,552 issues (0 errors)
Downloaded 106,600/178,552 issues (0 errors)
Downloaded 106,625/178,552 issues (0 errors)
Downloaded 106,650/178,552 issues (0 errors)
Downloaded 106,675/178,552 issues (0 errors)
Downloaded 106,700/178,552 issues (0 errors)
Downloaded 106,725/178,552 issues (0 errors)
Downloaded 106,750/178,552 issues (0 errors)
Downloaded 106,775/178,552 issues (0 errors)
Downloaded 106,800/178,552 issues (0 errors)
Downloaded 106,825/178,552 issues (0 errors)
Downloaded 106,850/178,552 issues (0 errors)
Downloaded 106,875/178,552 issues (0 errors)
Downloaded 106,900/178,552 issues (0 errors)
Downloaded 106,925/178,552 issues (0 errors)
Downloaded 106,950/178,552 issues (0 errors)
Downloaded 106,975/178,552 issues (0 errors)
Downloaded 107,000/178,552 issues (0 errors)
Downloaded 107,025/178,552 issues (0 errors)
Downloaded 107,050/178,552 issues (0 errors)
Downloaded 107,075/178,552 issues (0 errors)
Downloaded 107,100/178,552 issues (0 errors)
Downloaded 107,125/178,552 issues (0 errors)
Downloaded 107,150/178,552 issues (0 errors)
Downloaded 107,175/178,552 issues (0 errors)
Downloaded 107,200/178,552 issues (0 errors)
Downloaded 107,225/178,552 issues (0 errors)
Downloaded 107,250/178,552 issues (0 errors)
Downloaded 107,275/178,552 issues (0 errors)
Downloaded 107,300/178,552 issues (0 errors)
Downloaded 107,325/178,552 issues (0 errors)
Downloaded 107,350/178,552 issues (0 errors)
Downloaded 107,375/178,552 issues (0 errors)
Downloaded 107,400/178,552 issues (0 errors)
Downloaded 107,425/178,552 issues (0 errors)
Downloaded 107,450/178,552 issues (0 errors)
Downloaded 107,475/178,552 issues (0 errors)
Downloaded 107,500/178,552 issues (0 errors)
Downloaded 107,525/178,552 issues (0 errors)
Downloaded 107,550/178,552 issues (0 errors)
Downloaded 107,575/178,552 issues (0 errors)
Downloaded 107,600/178,552 issues (0 errors)
Downloaded 107,625/178,552 issues (0 errors)
Downloaded 107,650/178,552 issues (0 errors)
Downloaded 107,675/178,552 issues (0 errors)
Downloaded 107,700/178,552 issues (0 errors)
Downloaded 107,725/178,552 issues (0 errors)
Downloaded 107,750/178,552 issues (0 errors)
Downloaded 107,775/178,552 issues (0 errors)
Downloaded 107,800/178,552 issues (0 errors)
Downloaded 107,825/178,552 issues (0 errors)
Downloaded 107,850/178,552 issues (0 errors)
Downloaded 107,875/178,552 issues (0 errors)
Downloaded 107,900/178,552 issues (0 errors)
Downloaded 107,925/178,552 issues (0 errors)
Downloaded 107,950/178,552 issues (0 errors)
Downloaded 107,975/178,552 issues (0 errors)
Downloaded 108,000/178,552 issues (0 errors)
Downloaded 108,025/178,552 issues (0 errors)
Downloaded 108,050/178,552 issues (0 errors)
Downloaded 108,075/178,552 issues (0 errors)
Downloaded 108,100/178,552 issues (0 errors)
Downloaded 108,125/178,552 issues (0 errors)
Downloaded 108,150/178,552 issues (0 errors)
Downloaded 108,175/178,552 issues (0 errors)
Downloaded 108,200/178,552 issues (0 errors)
Downloaded 108,225/178,552 issues (0 errors)
Downloaded 108,250/178,552 issues (0 errors)
Downloaded 108,275/178,552 issues (0 errors)
Downloaded 108,300/178,552 issues (0 errors)
Downloaded 108,325/178,552 issues (0 errors)
Downloaded 108,350/178,552 issues (0 errors)
Downloaded 108,375/178,552 issues (0 errors)
Downloaded 108,400/178,552 issues (0 errors)
Downloaded 108,425/178,552 issues (0 errors)
Downloaded 108,450/178,552 issues (0 errors)
Downloaded 108,475/178,552 issues (0 errors)
Downloaded 108,500/178,552 issues (0 errors)
Downloaded 108,525/178,552 issues (0 errors)
Downloaded 108,550/178,552 issues (0 errors)
Downloaded 108,575/178,552 issues (0 errors)
Downloaded 108,600/178,552 issues (0 errors)
Downloaded 108,625/178,552 issues (0 errors)
Downloaded 108,650/178,552 issues (0 errors)
Downloaded 108,675/178,552 issues (0 errors)
Downloaded 108,700/178,552 issues (0 errors)
Downloaded 108,725/178,552 issues (0 errors)
Downloaded 108,750/178,552 issues (0 errors)
Downloaded 108,775/178,552 issues (0 errors)
Downloaded 108,800/178,552 issues (0 errors)
Downloaded 108,825/178,552 issues (0 errors)
Downloaded 108,850/178,552 issues (0 errors)
Downloaded 108,875/178,552 issues (0 errors)
Downloaded 108,900/178,552 issues (0 errors)
Downloaded 108,925/178,552 issues (0 errors)
Downloaded 108,950/178,552 issues (0 errors)
Downloaded 108,975/178,552 issues (0 errors)
Downloaded 109,000/178,552 issues (0 errors)
Downloaded 109,025/178,552 issues (0 errors)
Downloaded 109,050/178,552 issues (0 errors)
Downloaded 109,075/178,552 issues (0 errors)
Downloaded 109,100/178,552 issues (0 errors)
Downloaded 109,125/178,552 issues (0 errors)
Downloaded 109,150/178,552 issues (0 errors)
Downloaded 109,175/178,552 issues (0 errors)
Downloaded 109,200/178,552 issues (0 errors)
Downloaded 109,225/178,552 issues (0 errors)
Downloaded 109,250/178,552 issues (0 errors)
Downloaded 109,275/178,552 issues (0 errors)
Downloaded 109,300/178,552 issues (0 errors)
Downloaded 109,325/178,552 issues (0 errors)
Downloaded 109,350/178,552 issues (0 errors)
Downloaded 109,375/178,552 issues (0 errors)
Downloaded 109,400/178,552 issues (0 errors)
Downloaded 109,425/178,552 issues (0 errors)
Downloaded 109,450/178,552 issues (0 errors)
Downloaded 109,475/178,552 issues (0 errors)
Downloaded 109,500/178,552 issues (0 errors)
Downloaded 109,525/178,552 issues (0 errors)
Downloaded 109,550/178,552 issues (0 errors)
Downloaded 109,575/178,552 issues (0 errors)
Downloaded 109,600/178,552 issues (0 errors)
Downloaded 109,625/178,552 issues (0 errors)
Downloaded 109,650/178,552 issues (0 errors)
Downloaded 109,675/178,552 issues (0 errors)
Downloaded 109,700/178,552 issues (0 errors)
Downloaded 109,725/178,552 issues (0 errors)
Downloaded 109,750/178,552 issues (0 errors)
Downloaded 109,775/178,552 issues (0 errors)
Downloaded 109,800/178,552 issues (0 errors)
Downloaded 109,825/178,552 issues (0 errors)
Downloaded 109,850/178,552 issues (0 errors)
Downloaded 109,875/178,552 issues (0 errors)
Downloaded 109,900/178,552 issues (0 errors)
Downloaded 109,925/178,552 issues (0 errors)
Downloaded 109,950/178,552 issues (0 errors)
Downloaded 109,975/178,552 issues (0 errors)
Downloaded 110,000/178,552 issues (0 errors)
Downloaded 110,025/178,552 issues (0 errors)
Downloaded 110,050/178,552 issues (0 errors)
Downloaded 110,075/178,552 issues (0 errors)
Downloaded 110,100/178,552 issues (0 errors)
Downloaded 110,125/178,552 issues (0 errors)
Downloaded 110,150/178,552 issues (0 errors)
Downloaded 110,175/178,552 issues (0 errors)
Downloaded 110,200/178,552 issues (0 errors)
Downloaded 110,225/178,552 issues (0 errors)
Downloaded 110,250/178,552 issues (0 errors)
Downloaded 110,275/178,552 issues (0 errors)
Downloaded 110,300/178,552 issues (0 errors)
Downloaded 110,325/178,552 issues (0 errors)
Downloaded 110,350/178,552 issues (0 errors)
Downloaded 110,375/178,552 issues (0 errors)
Downloaded 110,400/178,552 issues (0 errors)
Downloaded 110,425/178,552 issues (0 errors)
Downloaded 110,450/178,552 issues (0 errors)
Downloaded 110,475/178,552 issues (0 errors)
Downloaded 110,500/178,552 issues (0 errors)
Downloaded 110,525/178,552 issues (0 errors)
Downloaded 110,550/178,552 issues (0 errors)
Downloaded 110,575/178,552 issues (0 errors)
Downloaded 110,600/178,552 issues (0 errors)
Downloaded 110,625/178,552 issues (0 errors)
Downloaded 110,650/178,552 issues (0 errors)
Downloaded 110,675/178,552 issues (0 errors)
Downloaded 110,700/178,552 issues (0 errors)
Downloaded 110,725/178,552 issues (0 errors)
Downloaded 110,750/178,552 issues (0 errors)
Downloaded 110,775/178,552 issues (0 errors)
Downloaded 110,800/178,552 issues (0 errors)
Downloaded 110,825/178,552 issues (0 errors)
Downloaded 110,850/178,552 issues (0 errors)
Downloaded 110,875/178,552 issues (0 errors)
Downloaded 110,900/178,552 issues (0 errors)
Downloaded 110,925/178,552 issues (0 errors)
Downloaded 110,950/178,552 issues (0 errors)
Downloaded 110,975/178,552 issues (0 errors)
Downloaded 111,000/178,552 issues (0 errors)
Downloaded 111,025/178,552 issues (0 errors)
Downloaded 111,050/178,552 issues (0 errors)
Downloaded 111,075/178,552 issues (0 errors)
Downloaded 111,100/178,552 issues (0 errors)
Downloaded 111,125/178,552 issues (0 errors)
Downloaded 111,150/178,552 issues (0 errors)
Downloaded 111,175/178,552 issues (0 errors)
Downloaded 111,200/178,552 issues (0 errors)
Downloaded 111,225/178,552 issues (0 errors)
Downloaded 111,250/178,552 issues (0 errors)
Downloaded 111,275/178,552 issues (0 errors)
Downloaded 111,300/178,552 issues (0 errors)
Downloaded 111,325/178,552 issues (0 errors)
Downloaded 111,350/178,552 issues (0 errors)
Downloaded 111,375/178,552 issues (0 errors)
Downloaded 111,400/178,552 issues (0 errors)
Downloaded 111,425/178,552 issues (0 errors)
Downloaded 111,450/178,552 issues (0 errors)
Downloaded 111,475/178,552 issues (0 errors)
Downloaded 111,500/178,552 issues (0 errors)
Downloaded 111,525/178,552 issues (0 errors)
Downloaded 111,550/178,552 issues (0 errors)
Downloaded 111,575/178,552 issues (0 errors)
Downloaded 111,600/178,552 issues (0 errors)
Downloaded 111,625/178,552 issues (0 errors)
Downloaded 111,650/178,552 issues (0 errors)
Downloaded 111,675/178,552 issues (0 errors)
Downloaded 111,700/178,552 issues (0 errors)
Downloaded 111,725/178,552 issues (0 errors)
Downloaded 111,750/178,552 issues (0 errors)
Downloaded 111,775/178,552 issues (0 errors)
Downloaded 111,800/178,552 issues (0 errors)
Downloaded 111,825/178,552 issues (0 errors)
Downloaded 111,850/178,552 issues (0 errors)
Downloaded 111,875/178,552 issues (0 errors)
Downloaded 111,900/178,552 issues (0 errors)
Downloaded 111,925/178,552 issues (0 errors)
Downloaded 111,950/178,552 issues (0 errors)
Downloaded 111,975/178,552 issues (0 errors)
Downloaded 112,000/178,552 issues (0 errors)
Downloaded 112,025/178,552 issues (0 errors)
Downloaded 112,050/178,552 issues (0 errors)
Downloaded 112,075/178,552 issues (0 errors)
Downloaded 112,100/178,552 issues (0 errors)
Downloaded 112,125/178,552 issues (0 errors)
Downloaded 112,150/178,552 issues (0 errors)
Downloaded 112,175/178,552 issues (0 errors)
Downloaded 112,200/178,552 issues (0 errors)
Downloaded 112,225/178,552 issues (0 errors)
Downloaded 112,250/178,552 issues (0 errors)
Downloaded 112,275/178,552 issues (0 errors)
Downloaded 112,300/178,552 issues (0 errors)
Downloaded 112,325/178,552 issues (0 errors)
Downloaded 112,350/178,552 issues (0 errors)
Downloaded 112,375/178,552 issues (0 errors)
Downloaded 112,400/178,552 issues (0 errors)
Downloaded 112,425/178,552 issues (0 errors)
Downloaded 112,450/178,552 issues (0 errors)
Downloaded 112,475/178,552 issues (0 errors)
Downloaded 112,500/178,552 issues (0 errors)
Downloaded 112,525/178,552 issues (0 errors)
Downloaded 112,550/178,552 issues (0 errors)
Downloaded 112,575/178,552 issues (0 errors)
Downloaded 112,600/178,552 issues (0 errors)
Downloaded 112,625/178,552 issues (0 errors)
Downloaded 112,650/178,552 issues (0 errors)
Downloaded 112,675/178,552 issues (0 errors)
Downloaded 112,700/178,552 issues (0 errors)
Downloaded 112,725/178,552 issues (0 errors)
Downloaded 112,750/178,552 issues (0 errors)
Downloaded 112,775/178,552 issues (0 errors)
Downloaded 112,800/178,552 issues (0 errors)
Downloaded 112,825/178,552 issues (0 errors)
Downloaded 112,850/178,552 issues (0 errors)
Downloaded 112,875/178,552 issues (0 errors)
Downloaded 112,900/178,552 issues (0 errors)
Downloaded 112,925/178,552 issues (0 errors)
Downloaded 112,950/178,552 issues (0 errors)
Downloaded 112,975/178,552 issues (0 errors)
Downloaded 113,000/178,552 issues (0 errors)
Downloaded 113,025/178,552 issues (0 errors)
Downloaded 113,050/178,552 issues (0 errors)
Downloaded 113,075/178,552 issues (0 errors)
Downloaded 113,100/178,552 issues (0 errors)
Downloaded 113,125/178,552 issues (0 errors)
Downloaded 113,150/178,552 issues (0 errors)
Downloaded 113,175/178,552 issues (0 errors)
Downloaded 113,200/178,552 issues (0 errors)
Downloaded 113,225/178,552 issues (0 errors)
Downloaded 113,250/178,552 issues (0 errors)
Downloaded 113,275/178,552 issues (0 errors)
Downloaded 113,300/178,552 issues (0 errors)
Downloaded 113,325/178,552 issues (0 errors)
Downloaded 113,350/178,552 issues (0 errors)
Downloaded 113,375/178,552 issues (0 errors)
Downloaded 113,400/178,552 issues (0 errors)
Downloaded 113,425/178,552 issues (0 errors)
Downloaded 113,450/178,552 issues (0 errors)
Downloaded 113,475/178,552 issues (0 errors)
Downloaded 113,500/178,552 issues (0 errors)
Downloaded 113,525/178,552 issues (0 errors)
Downloaded 113,550/178,552 issues (0 errors)
Downloaded 113,575/178,552 issues (0 errors)
Downloaded 113,600/178,552 issues (0 errors)
Downloaded 113,625/178,552 issues (0 errors)
Downloaded 113,650/178,552 issues (0 errors)
Downloaded 113,675/178,552 issues (0 errors)
Downloaded 113,700/178,552 issues (0 errors)
Downloaded 113,725/178,552 issues (0 errors)
Downloaded 113,750/178,552 issues (0 errors)
Downloaded 113,775/178,552 issues (0 errors)
Downloaded 113,800/178,552 issues (0 errors)
Downloaded 113,825/178,552 issues (0 errors)
Downloaded 113,850/178,552 issues (0 errors)
Downloaded 113,875/178,552 issues (0 errors)
Downloaded 113,900/178,552 issues (0 errors)
Downloaded 113,925/178,552 issues (0 errors)
Downloaded 113,950/178,552 issues (0 errors)
Downloaded 113,975/178,552 issues (0 errors)
Downloaded 114,000/178,552 issues (0 errors)
Downloaded 114,025/178,552 issues (0 errors)
Downloaded 114,050/178,552 issues (0 errors)
Downloaded 114,075/178,552 issues (0 errors)
Downloaded 114,100/178,552 issues (0 errors)
Downloaded 114,125/178,552 issues (0 errors)
Downloaded 114,150/178,552 issues (0 errors)
Downloaded 114,175/178,552 issues (0 errors)
Downloaded 114,200/178,552 issues (0 errors)
Downloaded 114,225/178,552 issues (0 errors)
Downloaded 114,250/178,552 issues (0 errors)
Downloaded 114,275/178,552 issues (0 errors)
Downloaded 114,300/178,552 issues (0 errors)
Downloaded 114,325/178,552 issues (0 errors)
Downloaded 114,350/178,552 issues (0 errors)
Downloaded 114,375/178,552 issues (0 errors)
Downloaded 114,400/178,552 issues (0 errors)
Downloaded 114,425/178,552 issues (0 errors)
Downloaded 114,450/178,552 issues (0 errors)
Downloaded 114,475/178,552 issues (0 errors)
Downloaded 114,500/178,552 issues (0 errors)
Downloaded 114,525/178,552 issues (0 errors)
Downloaded 114,550/178,552 issues (0 errors)
Downloaded 114,575/178,552 issues (0 errors)
Downloaded 114,600/178,552 issues (0 errors)
Downloaded 114,625/178,552 issues (0 errors)
Downloaded 114,650/178,552 issues (0 errors)
Downloaded 114,675/178,552 issues (0 errors)
Downloaded 114,700/178,552 issues (0 errors)
Downloaded 114,725/178,552 issues (0 errors)
Downloaded 114,750/178,552 issues (0 errors)
Downloaded 114,775/178,552 issues (0 errors)
Downloaded 114,800/178,552 issues (0 errors)
Downloaded 114,825/178,552 issues (0 errors)
Downloaded 114,850/178,552 issues (0 errors)
Downloaded 114,875/178,552 issues (0 errors)
Downloaded 114,900/178,552 issues (0 errors)
Downloaded 114,925/178,552 issues (0 errors)
Downloaded 114,950/178,552 issues (0 errors)
Downloaded 114,975/178,552 issues (0 errors)
Downloaded 115,000/178,552 issues (0 errors)
Downloaded 115,025/178,552 issues (0 errors)
Downloaded 115,050/178,552 issues (0 errors)
Downloaded 115,075/178,552 issues (0 errors)
Downloaded 115,100/178,552 issues (0 errors)
Downloaded 115,125/178,552 issues (0 errors)
Downloaded 115,150/178,552 issues (0 errors)
Downloaded 115,175/178,552 issues (0 errors)
Downloaded 115,200/178,552 issues (0 errors)
Downloaded 115,225/178,552 issues (0 errors)
Downloaded 115,250/178,552 issues (0 errors)
Downloaded 115,275/178,552 issues (0 errors)
Downloaded 115,300/178,552 issues (0 errors)
Downloaded 115,325/178,552 issues (0 errors)
Downloaded 115,350/178,552 issues (0 errors)
Downloaded 115,375/178,552 issues (0 errors)
Downloaded 115,400/178,552 issues (0 errors)
Downloaded 115,425/178,552 issues (0 errors)
Downloaded 115,450/178,552 issues (0 errors)
Downloaded 115,475/178,552 issues (0 errors)
Downloaded 115,500/178,552 issues (0 errors)
Downloaded 115,525/178,552 issues (0 errors)
Downloaded 115,550/178,552 issues (0 errors)
Downloaded 115,575/178,552 issues (0 errors)
Downloaded 115,600/178,552 issues (0 errors)
Downloaded 115,625/178,552 issues (0 errors)
Downloaded 115,650/178,552 issues (0 errors)
Downloaded 115,675/178,552 issues (0 errors)
Downloaded 115,700/178,552 issues (0 errors)
Downloaded 115,725/178,552 issues (0 errors)
Downloaded 115,750/178,552 issues (0 errors)
Downloaded 115,775/178,552 issues (0 errors)
Downloaded 115,800/178,552 issues (0 errors)
Downloaded 115,825/178,552 issues (0 errors)
Downloaded 115,850/178,552 issues (0 errors)
Downloaded 115,875/178,552 issues (0 errors)
Downloaded 115,900/178,552 issues (0 errors)
Downloaded 115,925/178,552 issues (0 errors)
Downloaded 115,950/178,552 issues (0 errors)
Downloaded 115,975/178,552 issues (0 errors)
Downloaded 116,000/178,552 issues (0 errors)
Downloaded 116,025/178,552 issues (0 errors)
Downloaded 116,050/178,552 issues (0 errors)
Downloaded 116,075/178,552 issues (0 errors)
Downloaded 116,100/178,552 issues (0 errors)
Downloaded 116,125/178,552 issues (0 errors)
Downloaded 116,150/178,552 issues (0 errors)
Downloaded 116,175/178,552 issues (0 errors)
Downloaded 116,200/178,552 issues (0 errors)
Downloaded 116,225/178,552 issues (0 errors)
Downloaded 116,250/178,552 issues (0 errors)
Downloaded 116,275/178,552 issues (0 errors)
Downloaded 116,300/178,552 issues (0 errors)
Downloaded 116,325/178,552 issues (0 errors)
Downloaded 116,350/178,552 issues (0 errors)
Downloaded 116,375/178,552 issues (0 errors)
Downloaded 116,400/178,552 issues (0 errors)
Downloaded 116,425/178,552 issues (0 errors)
Downloaded 116,450/178,552 issues (0 errors)
Downloaded 116,475/178,552 issues (0 errors)
Downloaded 116,500/178,552 issues (0 errors)
Downloaded 116,525/178,552 issues (0 errors)
Downloaded 116,550/178,552 issues (0 errors)
Downloaded 116,575/178,552 issues (0 errors)
Downloaded 116,600/178,552 issues (0 errors)
Downloaded 116,625/178,552 issues (0 errors)
Downloaded 116,650/178,552 issues (0 errors)
Downloaded 116,675/178,552 issues (0 errors)
Downloaded 116,700/178,552 issues (0 errors)
Downloaded 116,725/178,552 issues (0 errors)
Downloaded 116,750/178,552 issues (0 errors)
Downloaded 116,775/178,552 issues (0 errors)
Downloaded 116,800/178,552 issues (0 errors)
Downloaded 116,825/178,552 issues (0 errors)
Downloaded 116,850/178,552 issues (0 errors)
Downloaded 116,875/178,552 issues (0 errors)
Downloaded 116,900/178,552 issues (0 errors)
Downloaded 116,925/178,552 issues (0 errors)
Downloaded 116,950/178,552 issues (0 errors)
Downloaded 116,975/178,552 issues (0 errors)
Downloaded 117,000/178,552 issues (0 errors)
Downloaded 117,025/178,552 issues (0 errors)
Downloaded 117,050/178,552 issues (0 errors)
Downloaded 117,075/178,552 issues (0 errors)
Downloaded 117,100/178,552 issues (0 errors)
Downloaded 117,125/178,552 issues (0 errors)
Downloaded 117,150/178,552 issues (0 errors)
Downloaded 117,175/178,552 issues (0 errors)
Downloaded 117,200/178,552 issues (0 errors)
Downloaded 117,225/178,552 issues (0 errors)
Downloaded 117,250/178,552 issues (0 errors)
Downloaded 117,275/178,552 issues (0 errors)
Downloaded 117,300/178,552 issues (0 errors)
Downloaded 117,325/178,552 issues (0 errors)
Downloaded 117,350/178,552 issues (0 errors)
Downloaded 117,375/178,552 issues (0 errors)
Downloaded 117,400/178,552 issues (0 errors)
Downloaded 117,425/178,552 issues (0 errors)
Downloaded 117,450/178,552 issues (0 errors)
Downloaded 117,475/178,552 issues (0 errors)
Downloaded 117,500/178,552 issues (0 errors)
Downloaded 117,525/178,552 issues (0 errors)
Downloaded 117,550/178,552 issues (0 errors)
Downloaded 117,575/178,552 issues (0 errors)
Downloaded 117,600/178,552 issues (0 errors)
Downloaded 117,625/178,552 issues (0 errors)
Downloaded 117,650/178,552 issues (0 errors)
Downloaded 117,675/178,552 issues (0 errors)
Downloaded 117,700/178,552 issues (0 errors)
Downloaded 117,725/178,552 issues (0 errors)
Downloaded 117,750/178,552 issues (0 errors)
Downloaded 117,775/178,552 issues (0 errors)
Downloaded 117,800/178,552 issues (0 errors)
Downloaded 117,825/178,552 issues (0 errors)
Downloaded 117,850/178,552 issues (0 errors)
Downloaded 117,875/178,552 issues (0 errors)
Downloaded 117,900/178,552 issues (0 errors)
Downloaded 117,925/178,552 issues (0 errors)
Downloaded 117,950/178,552 issues (0 errors)
Downloaded 117,975/178,552 issues (0 errors)
Downloaded 118,000/178,552 issues (0 errors)
Downloaded 118,025/178,552 issues (0 errors)
Downloaded 118,050/178,552 issues (0 errors)
Downloaded 118,075/178,552 issues (0 errors)
Downloaded 118,100/178,552 issues (0 errors)
Downloaded 118,125/178,552 issues (0 errors)
Downloaded 118,150/178,552 issues (0 errors)
Downloaded 118,175/178,552 issues (0 errors)
Downloaded 118,200/178,552 issues (0 errors)
Downloaded 118,225/178,552 issues (0 errors)
Downloaded 118,250/178,552 issues (0 errors)
Downloaded 118,275/178,552 issues (0 errors)
Downloaded 118,300/178,552 issues (0 errors)
Downloaded 118,325/178,552 issues (0 errors)
Downloaded 118,350/178,552 issues (0 errors)
Downloaded 118,375/178,552 issues (0 errors)
Downloaded 118,400/178,552 issues (0 errors)
Downloaded 118,425/178,552 issues (0 errors)
Downloaded 118,450/178,552 issues (0 errors)
Downloaded 118,475/178,552 issues (0 errors)
Downloaded 118,500/178,552 issues (0 errors)
Downloaded 118,525/178,552 issues (0 errors)
Downloaded 118,550/178,552 issues (0 errors)
Downloaded 118,575/178,552 issues (0 errors)
Downloaded 118,600/178,552 issues (0 errors)
Downloaded 118,625/178,552 issues (0 errors)
Downloaded 118,650/178,552 issues (0 errors)
Downloaded 118,675/178,552 issues (0 errors)
Downloaded 118,700/178,552 issues (0 errors)
Downloaded 118,725/178,552 issues (0 errors)
Downloaded 118,750/178,552 issues (0 errors)
Downloaded 118,775/178,552 issues (0 errors)
Downloaded 118,800/178,552 issues (0 errors)
Downloaded 118,825/178,552 issues (0 errors)
Downloaded 118,850/178,552 issues (0 errors)
Downloaded 118,875/178,552 issues (0 errors)
Downloaded 118,900/178,552 issues (0 errors)
Downloaded 118,925/178,552 issues (0 errors)
Downloaded 118,950/178,552 issues (0 errors)
Downloaded 118,975/178,552 issues (0 errors)
Downloaded 119,000/178,552 issues (0 errors)
Downloaded 119,025/178,552 issues (0 errors)
Downloaded 119,050/178,552 issues (0 errors)
Downloaded 119,075/178,552 issues (0 errors)
Downloaded 119,100/178,552 issues (0 errors)
Downloaded 119,125/178,552 issues (0 errors)
Downloaded 119,150/178,552 issues (0 errors)
Downloaded 119,175/178,552 issues (0 errors)
Downloaded 119,200/178,552 issues (0 errors)
Downloaded 119,225/178,552 issues (0 errors)
Downloaded 119,250/178,552 issues (0 errors)
Downloaded 119,275/178,552 issues (0 errors)
Downloaded 119,300/178,552 issues (0 errors)
Downloaded 119,325/178,552 issues (0 errors)
Downloaded 119,350/178,552 issues (0 errors)
Downloaded 119,375/178,552 issues (0 errors)
Downloaded 119,400/178,552 issues (0 errors)
Downloaded 119,425/178,552 issues (0 errors)
Downloaded 119,450/178,552 issues (0 errors)
Downloaded 119,475/178,552 issues (0 errors)
Downloaded 119,500/178,552 issues (0 errors)
Downloaded 119,525/178,552 issues (0 errors)
Downloaded 119,550/178,552 issues (0 errors)
Downloaded 119,575/178,552 issues (0 errors)
Downloaded 119,600/178,552 issues (0 errors)
Downloaded 119,625/178,552 issues (0 errors)
Downloaded 119,650/178,552 issues (0 errors)
Downloaded 119,675/178,552 issues (0 errors)
Downloaded 119,700/178,552 issues (0 errors)
Downloaded 119,725/178,552 issues (0 errors)
Downloaded 119,750/178,552 issues (0 errors)
Downloaded 119,775/178,552 issues (0 errors)
Downloaded 119,800/178,552 issues (0 errors)
Downloaded 119,825/178,552 issues (0 errors)
Downloaded 119,850/178,552 issues (0 errors)
Downloaded 119,875/178,552 issues (0 errors)
Downloaded 119,900/178,552 issues (0 errors)
Downloaded 119,925/178,552 issues (0 errors)
Downloaded 119,950/178,552 issues (0 errors)
Downloaded 119,975/178,552 issues (0 errors)
Downloaded 120,000/178,552 issues (0 errors)
Downloaded 120,025/178,552 issues (0 errors)
Downloaded 120,050/178,552 issues (0 errors)
Downloaded 120,075/178,552 issues (0 errors)
Downloaded 120,100/178,552 issues (0 errors)
Downloaded 120,125/178,552 issues (0 errors)
Downloaded 120,150/178,552 issues (0 errors)
Downloaded 120,175/178,552 issues (0 errors)
Downloaded 120,200/178,552 issues (0 errors)
Downloaded 120,225/178,552 issues (0 errors)
Downloaded 120,250/178,552 issues (0 errors)
Downloaded 120,275/178,552 issues (0 errors)
Downloaded 120,300/178,552 issues (0 errors)
Downloaded 120,325/178,552 issues (0 errors)
Downloaded 120,350/178,552 issues (0 errors)
Downloaded 120,375/178,552 issues (0 errors)
Downloaded 120,400/178,552 issues (0 errors)
Downloaded 120,425/178,552 issues (0 errors)
Downloaded 120,450/178,552 issues (0 errors)
Downloaded 120,475/178,552 issues (0 errors)
Downloaded 120,500/178,552 issues (0 errors)
Downloaded 120,525/178,552 issues (0 errors)
Downloaded 120,550/178,552 issues (0 errors)
Downloaded 120,575/178,552 issues (0 errors)
Downloaded 120,600/178,552 issues (0 errors)
Downloaded 120,625/178,552 issues (0 errors)
Downloaded 120,650/178,552 issues (0 errors)
Downloaded 120,675/178,552 issues (0 errors)
Downloaded 120,700/178,552 issues (0 errors)
Downloaded 120,725/178,552 issues (0 errors)
Downloaded 120,750/178,552 issues (0 errors)
Downloaded 120,775/178,552 issues (0 errors)
Downloaded 120,800/178,552 issues (0 errors)
Downloaded 120,825/178,552 issues (0 errors)
Downloaded 120,850/178,552 issues (0 errors)
Downloaded 120,875/178,552 issues (0 errors)
Downloaded 120,900/178,552 issues (0 errors)
Downloaded 120,925/178,552 issues (0 errors)
Downloaded 120,950/178,552 issues (0 errors)
Downloaded 120,975/178,552 issues (0 errors)
Downloaded 121,000/178,552 issues (0 errors)
Downloaded 121,025/178,552 issues (0 errors)
Downloaded 121,050/178,552 issues (0 errors)
Downloaded 121,075/178,552 issues (0 errors)
Downloaded 121,100/178,552 issues (0 errors)
Downloaded 121,125/178,552 issues (0 errors)
Downloaded 121,150/178,552 issues (0 errors)
Downloaded 121,175/178,552 issues (0 errors)
Downloaded 121,200/178,552 issues (0 errors)
Downloaded 121,225/178,552 issues (0 errors)
Downloaded 121,250/178,552 issues (0 errors)
Downloaded 121,275/178,552 issues (0 errors)
Downloaded 121,300/178,552 issues (0 errors)
Downloaded 121,325/178,552 issues (0 errors)
Downloaded 121,350/178,552 issues (0 errors)
Downloaded 121,375/178,552 issues (0 errors)
Downloaded 121,400/178,552 issues (0 errors)
Downloaded 121,425/178,552 issues (0 errors)
Downloaded 121,450/178,552 issues (0 errors)
Downloaded 121,475/178,552 issues (0 errors)
Downloaded 121,500/178,552 issues (0 errors)
Downloaded 121,525/178,552 issues (0 errors)
Downloaded 121,550/178,552 issues (0 errors)
Downloaded 121,575/178,552 issues (0 errors)
Downloaded 121,600/178,552 issues (0 errors)
Downloaded 121,625/178,552 issues (0 errors)
Downloaded 121,650/178,552 issues (0 errors)
Downloaded 121,675/178,552 issues (0 errors)
Downloaded 121,700/178,552 issues (0 errors)
Downloaded 121,725/178,552 issues (0 errors)
Downloaded 121,750/178,552 issues (0 errors)
Downloaded 121,775/178,552 issues (0 errors)
Downloaded 121,800/178,552 issues (0 errors)
Downloaded 121,825/178,552 issues (0 errors)
Downloaded 121,850/178,552 issues (0 errors)
Downloaded 121,875/178,552 issues (0 errors)
Downloaded 121,900/178,552 issues (0 errors)
Downloaded 121,925/178,552 issues (0 errors)
Downloaded 121,950/178,552 issues (0 errors)
Downloaded 121,975/178,552 issues (0 errors)
Downloaded 122,000/178,552 issues (0 errors)
Downloaded 122,025/178,552 issues (0 errors)
Downloaded 122,050/178,552 issues (0 errors)
Downloaded 122,075/178,552 issues (0 errors)
Downloaded 122,100/178,552 issues (0 errors)
Downloaded 122,125/178,552 issues (0 errors)
Downloaded 122,150/178,552 issues (0 errors)
Downloaded 122,175/178,552 issues (0 errors)
Downloaded 122,200/178,552 issues (0 errors)
Downloaded 122,225/178,552 issues (0 errors)
Downloaded 122,250/178,552 issues (0 errors)
Downloaded 122,275/178,552 issues (0 errors)
Downloaded 122,300/178,552 issues (0 errors)
Downloaded 122,325/178,552 issues (0 errors)
Downloaded 122,350/178,552 issues (0 errors)
Downloaded 122,375/178,552 issues (0 errors)
Downloaded 122,400/178,552 issues (0 errors)
Downloaded 122,425/178,552 issues (0 errors)
Downloaded 122,450/178,552 issues (0 errors)
Downloaded 122,475/178,552 issues (0 errors)
Downloaded 122,500/178,552 issues (0 errors)
Downloaded 122,525/178,552 issues (0 errors)
Downloaded 122,550/178,552 issues (0 errors)
Downloaded 122,575/178,552 issues (0 errors)
Downloaded 122,600/178,552 issues (0 errors)
Downloaded 122,625/178,552 issues (0 errors)
Downloaded 122,650/178,552 issues (0 errors)
Downloaded 122,675/178,552 issues (0 errors)
Downloaded 122,700/178,552 issues (0 errors)
Downloaded 122,725/178,552 issues (0 errors)
Downloaded 122,750/178,552 issues (0 errors)
Downloaded 122,775/178,552 issues (0 errors)
Downloaded 122,800/178,552 issues (0 errors)
Downloaded 122,825/178,552 issues (0 errors)
Downloaded 122,850/178,552 issues (0 errors)
Downloaded 122,875/178,552 issues (0 errors)
Downloaded 122,900/178,552 issues (0 errors)
Downloaded 122,925/178,552 issues (0 errors)
Downloaded 122,950/178,552 issues (0 errors)
Downloaded 122,975/178,552 issues (0 errors)
Downloaded 123,000/178,552 issues (0 errors)
Downloaded 123,025/178,552 issues (0 errors)
Downloaded 123,050/178,552 issues (0 errors)
Downloaded 123,075/178,552 issues (0 errors)
Downloaded 123,100/178,552 issues (0 errors)
Downloaded 123,125/178,552 issues (0 errors)
Downloaded 123,150/178,552 issues (0 errors)
Downloaded 123,175/178,552 issues (0 errors)
Downloaded 123,200/178,552 issues (0 errors)
Downloaded 123,225/178,552 issues (0 errors)
Downloaded 123,250/178,552 issues (0 errors)
Downloaded 123,275/178,552 issues (0 errors)
Downloaded 123,300/178,552 issues (0 errors)
Downloaded 123,325/178,552 issues (0 errors)
Downloaded 123,350/178,552 issues (0 errors)
Downloaded 123,375/178,552 issues (0 errors)
Downloaded 123,400/178,552 issues (0 errors)
Downloaded 123,425/178,552 issues (0 errors)
Downloaded 123,450/178,552 issues (0 errors)
Downloaded 123,475/178,552 issues (0 errors)
Downloaded 123,500/178,552 issues (0 errors)
Downloaded 123,525/178,552 issues (0 errors)
Downloaded 123,550/178,552 issues (0 errors)
Downloaded 123,575/178,552 issues (0 errors)
Downloaded 123,600/178,552 issues (0 errors)
Downloaded 123,625/178,552 issues (0 errors)
Downloaded 123,650/178,552 issues (0 errors)
Downloaded 123,675/178,552 issues (0 errors)
Downloaded 123,700/178,552 issues (0 errors)
Downloaded 123,725/178,552 issues (0 errors)
Downloaded 123,750/178,552 issues (0 errors)
Downloaded 123,775/178,552 issues (0 errors)
Downloaded 123,800/178,552 issues (0 errors)
Downloaded 123,825/178,552 issues (0 errors)
Downloaded 123,850/178,552 issues (0 errors)
Downloaded 123,875/178,552 issues (0 errors)
Downloaded 123,900/178,552 issues (0 errors)
Downloaded 123,925/178,552 issues (0 errors)
Downloaded 123,950/178,552 issues (0 errors)
Downloaded 123,975/178,552 issues (0 errors)
Downloaded 124,000/178,552 issues (0 errors)
Downloaded 124,025/178,552 issues (0 errors)
Downloaded 124,050/178,552 issues (0 errors)
Downloaded 124,075/178,552 issues (0 errors)
Downloaded 124,100/178,552 issues (0 errors)
Downloaded 124,125/178,552 issues (0 errors)
Downloaded 124,150/178,552 issues (0 errors)
Downloaded 124,175/178,552 issues (0 errors)
Downloaded 124,200/178,552 issues (0 errors)
Downloaded 124,225/178,552 issues (0 errors)
Downloaded 124,250/178,552 issues (0 errors)
Downloaded 124,275/178,552 issues (0 errors)
Downloaded 124,300/178,552 issues (0 errors)
Downloaded 124,325/178,552 issues (0 errors)
Downloaded 124,350/178,552 issues (0 errors)
Downloaded 124,375/178,552 issues (0 errors)
Downloaded 124,400/178,552 issues (0 errors)
Downloaded 124,425/178,552 issues (0 errors)
Downloaded 124,450/178,552 issues (0 errors)
Downloaded 124,475/178,552 issues (0 errors)
Downloaded 124,500/178,552 issues (0 errors)
Downloaded 124,525/178,552 issues (0 errors)
Downloaded 124,550/178,552 issues (0 errors)
Downloaded 124,575/178,552 issues (0 errors)
Downloaded 124,600/178,552 issues (0 errors)
Downloaded 124,625/178,552 issues (0 errors)
Downloaded 124,650/178,552 issues (0 errors)
Downloaded 124,675/178,552 issues (0 errors)
Downloaded 124,700/178,552 issues (0 errors)
Downloaded 124,725/178,552 issues (0 errors)
Downloaded 124,750/178,552 issues (0 errors)
Downloaded 124,775/178,552 issues (0 errors)
Downloaded 124,800/178,552 issues (0 errors)
Downloaded 124,825/178,552 issues (0 errors)
Downloaded 124,850/178,552 issues (0 errors)
Downloaded 124,875/178,552 issues (0 errors)
Downloaded 124,900/178,552 issues (0 errors)
Downloaded 124,925/178,552 issues (0 errors)
Downloaded 124,950/178,552 issues (0 errors)
Downloaded 124,975/178,552 issues (0 errors)
Downloaded 125,000/178,552 issues (0 errors)
Downloaded 125,025/178,552 issues (0 errors)
Downloaded 125,050/178,552 issues (0 errors)
Downloaded 125,075/178,552 issues (0 errors)
Downloaded 125,100/178,552 issues (0 errors)
Downloaded 125,125/178,552 issues (0 errors)
Downloaded 125,150/178,552 issues (0 errors)
Downloaded 125,175/178,552 issues (0 errors)
Downloaded 125,200/178,552 issues (0 errors)
Downloaded 125,225/178,552 issues (0 errors)
Downloaded 125,250/178,552 issues (0 errors)
Downloaded 125,275/178,552 issues (0 errors)
Downloaded 125,300/178,552 issues (0 errors)
Downloaded 125,325/178,552 issues (0 errors)
Downloaded 125,350/178,552 issues (0 errors)
Downloaded 125,375/178,552 issues (0 errors)
Downloaded 125,400/178,552 issues (0 errors)
Downloaded 125,425/178,552 issues (0 errors)
Downloaded 125,450/178,552 issues (0 errors)
Downloaded 125,475/178,552 issues (0 errors)
Downloaded 125,500/178,552 issues (0 errors)
Downloaded 125,525/178,552 issues (0 errors)
Downloaded 125,550/178,552 issues (0 errors)
Downloaded 125,575/178,552 issues (0 errors)
Downloaded 125,600/178,552 issues (0 errors)
Downloaded 125,625/178,552 issues (0 errors)
Downloaded 125,650/178,552 issues (0 errors)
Downloaded 125,675/178,552 issues (0 errors)
Downloaded 125,700/178,552 issues (0 errors)
Downloaded 125,725/178,552 issues (0 errors)
Downloaded 125,750/178,552 issues (0 errors)
Downloaded 125,775/178,552 issues (0 errors)
Downloaded 125,800/178,552 issues (0 errors)
Downloaded 125,825/178,552 issues (0 errors)
Downloaded 125,850/178,552 issues (0 errors)
Downloaded 125,875/178,552 issues (0 errors)
Downloaded 125,900/178,552 issues (0 errors)
Downloaded 125,925/178,552 issues (0 errors)
Downloaded 125,950/178,552 issues (0 errors)
Downloaded 125,975/178,552 issues (0 errors)
Downloaded 126,000/178,552 issues (0 errors)
Downloaded 126,025/178,552 issues (0 errors)
Downloaded 126,050/178,552 issues (0 errors)
Downloaded 126,075/178,552 issues (0 errors)
Downloaded 126,100/178,552 issues (0 errors)
Downloaded 126,125/178,552 issues (0 errors)
Downloaded 126,150/178,552 issues (0 errors)
Downloaded 126,175/178,552 issues (0 errors)
Downloaded 126,200/178,552 issues (0 errors)
Downloaded 126,225/178,552 issues (0 errors)
Downloaded 126,250/178,552 issues (0 errors)
Downloaded 126,275/178,552 issues (0 errors)
Downloaded 126,300/178,552 issues (0 errors)
Downloaded 126,325/178,552 issues (0 errors)
Downloaded 126,350/178,552 issues (0 errors)
Downloaded 126,375/178,552 issues (0 errors)
Downloaded 126,400/178,552 issues (0 errors)
Downloaded 126,425/178,552 issues (0 errors)
Downloaded 126,450/178,552 issues (0 errors)
Downloaded 126,475/178,552 issues (0 errors)
Downloaded 126,500/178,552 issues (0 errors)
Downloaded 126,525/178,552 issues (0 errors)
Downloaded 126,550/178,552 issues (0 errors)
Downloaded 126,575/178,552 issues (0 errors)
Downloaded 126,600/178,552 issues (0 errors)
Downloaded 126,625/178,552 issues (0 errors)
Downloaded 126,650/178,552 issues (0 errors)
Downloaded 126,675/178,552 issues (0 errors)
Downloaded 126,700/178,552 issues (0 errors)
Downloaded 126,725/178,552 issues (0 errors)
Downloaded 126,750/178,552 issues (0 errors)
Downloaded 126,775/178,552 issues (0 errors)
Downloaded 126,800/178,552 issues (0 errors)
Downloaded 126,825/178,552 issues (0 errors)
Downloaded 126,850/178,552 issues (0 errors)
Downloaded 126,875/178,552 issues (0 errors)
Downloaded 126,900/178,552 issues (0 errors)
Downloaded 126,925/178,552 issues (0 errors)
Downloaded 126,950/178,552 issues (0 errors)
Downloaded 126,975/178,552 issues (0 errors)
Downloaded 127,000/178,552 issues (0 errors)
Downloaded 127,025/178,552 issues (0 errors)
Downloaded 127,050/178,552 issues (0 errors)
Downloaded 127,075/178,552 issues (0 errors)
Downloaded 127,100/178,552 issues (0 errors)
Downloaded 127,125/178,552 issues (0 errors)
Downloaded 127,150/178,552 issues (0 errors)
Downloaded 127,175/178,552 issues (0 errors)
Downloaded 127,200/178,552 issues (0 errors)
Downloaded 127,225/178,552 issues (0 errors)
Downloaded 127,250/178,552 issues (0 errors)
Downloaded 127,275/178,552 issues (0 errors)
Downloaded 127,300/178,552 issues (0 errors)
Downloaded 127,325/178,552 issues (0 errors)
Downloaded 127,350/178,552 issues (0 errors)
Downloaded 127,375/178,552 issues (0 errors)
Downloaded 127,400/178,552 issues (0 errors)
Downloaded 127,425/178,552 issues (0 errors)
Downloaded 127,450/178,552 issues (0 errors)
Downloaded 127,475/178,552 issues (0 errors)
Downloaded 127,500/178,552 issues (0 errors)
Downloaded 127,525/178,552 issues (0 errors)
Downloaded 127,550/178,552 issues (0 errors)
Downloaded 127,575/178,552 issues (0 errors)
Downloaded 127,600/178,552 issues (0 errors)
Downloaded 127,625/178,552 issues (0 errors)
Downloaded 127,650/178,552 issues (0 errors)
Downloaded 127,675/178,552 issues (0 errors)
Downloaded 127,700/178,552 issues (0 errors)
Downloaded 127,725/178,552 issues (0 errors)
Downloaded 127,750/178,552 issues (0 errors)
Downloaded 127,775/178,552 issues (0 errors)
Downloaded 127,800/178,552 issues (0 errors)
Downloaded 127,825/178,552 issues (0 errors)
Downloaded 127,850/178,552 issues (0 errors)
Downloaded 127,875/178,552 issues (0 errors)
Downloaded 127,900/178,552 issues (0 errors)
Downloaded 127,925/178,552 issues (0 errors)
Downloaded 127,950/178,552 issues (0 errors)
Downloaded 127,975/178,552 issues (0 errors)
Downloaded 128,000/178,552 issues (0 errors)
Downloaded 128,025/178,552 issues (0 errors)
Downloaded 128,050/178,552 issues (0 errors)
Downloaded 128,075/178,552 issues (0 errors)
Downloaded 128,100/178,552 issues (0 errors)
Downloaded 128,125/178,552 issues (0 errors)
Downloaded 128,150/178,552 issues (0 errors)
Downloaded 128,175/178,552 issues (0 errors)
Downloaded 128,200/178,552 issues (0 errors)
Downloaded 128,225/178,552 issues (0 errors)
Downloaded 128,250/178,552 issues (0 errors)
Downloaded 128,275/178,552 issues (0 errors)
Downloaded 128,300/178,552 issues (0 errors)
Downloaded 128,325/178,552 issues (0 errors)
Downloaded 128,350/178,552 issues (0 errors)
Downloaded 128,375/178,552 issues (0 errors)
Downloaded 128,400/178,552 issues (0 errors)
Downloaded 128,425/178,552 issues (0 errors)
Downloaded 128,450/178,552 issues (0 errors)
Downloaded 128,475/178,552 issues (0 errors)
Downloaded 128,500/178,552 issues (0 errors)
Downloaded 128,525/178,552 issues (0 errors)
Downloaded 128,550/178,552 issues (0 errors)
Downloaded 128,575/178,552 issues (0 errors)
Downloaded 128,600/178,552 issues (0 errors)
Downloaded 128,625/178,552 issues (0 errors)
Downloaded 128,650/178,552 issues (0 errors)
Downloaded 128,675/178,552 issues (0 errors)
Downloaded 128,700/178,552 issues (0 errors)
Downloaded 128,725/178,552 issues (0 errors)
Downloaded 128,750/178,552 issues (0 errors)
Downloaded 128,775/178,552 issues (0 errors)
Downloaded 128,800/178,552 issues (0 errors)
Downloaded 128,825/178,552 issues (0 errors)
Downloaded 128,850/178,552 issues (0 errors)
Downloaded 128,875/178,552 issues (0 errors)
Downloaded 128,900/178,552 issues (0 errors)
Downloaded 128,925/178,552 issues (0 errors)
Downloaded 128,950/178,552 issues (0 errors)
Downloaded 128,975/178,552 issues (0 errors)
Downloaded 129,000/178,552 issues (0 errors)
Downloaded 129,025/178,552 issues (0 errors)
Downloaded 129,050/178,552 issues (0 errors)
Downloaded 129,075/178,552 issues (0 errors)
Downloaded 129,100/178,552 issues (0 errors)
Downloaded 129,125/178,552 issues (0 errors)
Downloaded 129,150/178,552 issues (0 errors)
Downloaded 129,175/178,552 issues (0 errors)
Downloaded 129,200/178,552 issues (0 errors)
Downloaded 129,225/178,552 issues (0 errors)
Downloaded 129,250/178,552 issues (0 errors)
Downloaded 129,275/178,552 issues (0 errors)
Downloaded 129,300/178,552 issues (0 errors)
Downloaded 129,325/178,552 issues (0 errors)
Downloaded 129,350/178,552 issues (0 errors)
Downloaded 129,375/178,552 issues (0 errors)
Downloaded 129,400/178,552 issues (0 errors)
Downloaded 129,425/178,552 issues (0 errors)
Downloaded 129,450/178,552 issues (0 errors)
Downloaded 129,475/178,552 issues (0 errors)
Downloaded 129,500/178,552 issues (0 errors)
Downloaded 129,525/178,552 issues (0 errors)
Downloaded 129,550/178,552 issues (0 errors)
Downloaded 129,575/178,552 issues (0 errors)
Downloaded 129,600/178,552 issues (0 errors)
Downloaded 129,625/178,552 issues (0 errors)
Downloaded 129,650/178,552 issues (0 errors)
Downloaded 129,675/178,552 issues (0 errors)
Downloaded 129,700/178,552 issues (0 errors)
Downloaded 129,725/178,552 issues (0 errors)
Downloaded 129,750/178,552 issues (0 errors)
Downloaded 129,775/178,552 issues (0 errors)
Downloaded 129,800/178,552 issues (0 errors)
Downloaded 129,825/178,552 issues (0 errors)
Downloaded 129,850/178,552 issues (0 errors)
Downloaded 129,875/178,552 issues (0 errors)
Downloaded 129,900/178,552 issues (0 errors)
Downloaded 129,925/178,552 issues (0 errors)
Downloaded 129,950/178,552 issues (0 errors)
Downloaded 129,975/178,552 issues (0 errors)
Downloaded 130,000/178,552 issues (0 errors)
Downloaded 130,025/178,552 issues (0 errors)
Downloaded 130,050/178,552 issues (0 errors)
Downloaded 130,075/178,552 issues (0 errors)
Downloaded 130,100/178,552 issues (0 errors)
Downloaded 130,125/178,552 issues (0 errors)
Downloaded 130,150/178,552 issues (0 errors)
Downloaded 130,175/178,552 issues (0 errors)
Downloaded 130,200/178,552 issues (0 errors)
Downloaded 130,225/178,552 issues (0 errors)
Downloaded 130,250/178,552 issues (0 errors)
Downloaded 130,275/178,552 issues (0 errors)
Downloaded 130,300/178,552 issues (0 errors)
Downloaded 130,325/178,552 issues (0 errors)
Downloaded 130,350/178,552 issues (0 errors)
Downloaded 130,375/178,552 issues (0 errors)
Downloaded 130,400/178,552 issues (0 errors)
Downloaded 130,425/178,552 issues (0 errors)
Downloaded 130,450/178,552 issues (0 errors)
Downloaded 130,475/178,552 issues (0 errors)
Downloaded 130,500/178,552 issues (0 errors)
Downloaded 130,525/178,552 issues (0 errors)
Downloaded 130,550/178,552 issues (0 errors)
Downloaded 130,575/178,552 issues (0 errors)
Downloaded 130,600/178,552 issues (0 errors)
Downloaded 130,625/178,552 issues (0 errors)
Downloaded 130,650/178,552 issues (0 errors)
Downloaded 130,675/178,552 issues (0 errors)
Downloaded 130,700/178,552 issues (0 errors)
Downloaded 130,725/178,552 issues (0 errors)
Downloaded 130,750/178,552 issues (0 errors)
Downloaded 130,775/178,552 issues (0 errors)
Downloaded 130,800/178,552 issues (0 errors)
Downloaded 130,825/178,552 issues (0 errors)
Downloaded 130,850/178,552 issues (0 errors)
Downloaded 130,875/178,552 issues (0 errors)
Downloaded 130,900/178,552 issues (0 errors)
Downloaded 130,925/178,552 issues (0 errors)
Downloaded 130,950/178,552 issues (0 errors)
Downloaded 130,975/178,552 issues (0 errors)
Downloaded 131,000/178,552 issues (0 errors)
Downloaded 131,025/178,552 issues (0 errors)
Downloaded 131,050/178,552 issues (0 errors)
Downloaded 131,075/178,552 issues (0 errors)
Downloaded 131,100/178,552 issues (0 errors)
Downloaded 131,125/178,552 issues (0 errors)
Downloaded 131,150/178,552 issues (0 errors)
Downloaded 131,175/178,552 issues (0 errors)
Downloaded 131,200/178,552 issues (0 errors)
Downloaded 131,225/178,552 issues (0 errors)
Downloaded 131,250/178,552 issues (0 errors)
Downloaded 131,275/178,552 issues (0 errors)
Downloaded 131,300/178,552 issues (0 errors)
Downloaded 131,325/178,552 issues (0 errors)
Downloaded 131,350/178,552 issues (0 errors)
Downloaded 131,375/178,552 issues (0 errors)
Downloaded 131,400/178,552 issues (0 errors)
Downloaded 131,425/178,552 issues (0 errors)
Downloaded 131,450/178,552 issues (0 errors)
Downloaded 131,475/178,552 issues (0 errors)
Downloaded 131,500/178,552 issues (0 errors)
Downloaded 131,525/178,552 issues (0 errors)
Downloaded 131,550/178,552 issues (0 errors)
Downloaded 131,575/178,552 issues (0 errors)
Downloaded 131,600/178,552 issues (0 errors)
Downloaded 131,625/178,552 issues (0 errors)
Downloaded 131,650/178,552 issues (0 errors)
Downloaded 131,675/178,552 issues (0 errors)
Downloaded 131,700/178,552 issues (0 errors)
Downloaded 131,725/178,552 issues (0 errors)
Downloaded 131,750/178,552 issues (0 errors)
Downloaded 131,775/178,552 issues (0 errors)
Downloaded 131,800/178,552 issues (0 errors)
Downloaded 131,825/178,552 issues (0 errors)
Downloaded 131,850/178,552 issues (0 errors)
Downloaded 131,875/178,552 issues (0 errors)
Downloaded 131,900/178,552 issues (0 errors)
Downloaded 131,925/178,552 issues (0 errors)
Downloaded 131,950/178,552 issues (0 errors)
Downloaded 131,975/178,552 issues (0 errors)
Downloaded 132,000/178,552 issues (0 errors)
Downloaded 132,025/178,552 issues (0 errors)
Downloaded 132,050/178,552 issues (0 errors)
Downloaded 132,075/178,552 issues (0 errors)
Downloaded 132,100/178,552 issues (0 errors)
Downloaded 132,125/178,552 issues (0 errors)
Downloaded 132,150/178,552 issues (0 errors)
Downloaded 132,175/178,552 issues (0 errors)
Downloaded 132,200/178,552 issues (0 errors)
Downloaded 132,225/178,552 issues (0 errors)
Downloaded 132,250/178,552 issues (0 errors)
Downloaded 132,275/178,552 issues (0 errors)
Downloaded 132,300/178,552 issues (0 errors)
Downloaded 132,325/178,552 issues (0 errors)
Downloaded 132,350/178,552 issues (0 errors)
Downloaded 132,375/178,552 issues (0 errors)
Downloaded 132,400/178,552 issues (0 errors)
Downloaded 132,425/178,552 issues (0 errors)
Downloaded 132,450/178,552 issues (0 errors)
Downloaded 132,475/178,552 issues (0 errors)
Downloaded 132,500/178,552 issues (0 errors)
Downloaded 132,525/178,552 issues (0 errors)
Downloaded 132,550/178,552 issues (0 errors)
Downloaded 132,575/178,552 issues (0 errors)
Downloaded 132,600/178,552 issues (0 errors)
Downloaded 132,625/178,552 issues (0 errors)
Downloaded 132,650/178,552 issues (0 errors)
Downloaded 132,675/178,552 issues (0 errors)
Downloaded 132,700/178,552 issues (0 errors)
Downloaded 132,725/178,552 issues (0 errors)
Downloaded 132,750/178,552 issues (0 errors)
Downloaded 132,775/178,552 issues (0 errors)
Downloaded 132,800/178,552 issues (0 errors)
Downloaded 132,825/178,552 issues (0 errors)
Downloaded 132,850/178,552 issues (0 errors)
Downloaded 132,875/178,552 issues (0 errors)
Downloaded 132,900/178,552 issues (0 errors)
Downloaded 132,925/178,552 issues (0 errors)
Downloaded 132,950/178,552 issues (0 errors)
Downloaded 132,975/178,552 issues (0 errors)
Downloaded 133,000/178,552 issues (0 errors)
Downloaded 133,025/178,552 issues (0 errors)
Downloaded 133,050/178,552 issues (0 errors)
Downloaded 133,075/178,552 issues (0 errors)
Downloaded 133,100/178,552 issues (0 errors)
Downloaded 133,125/178,552 issues (0 errors)
Downloaded 133,150/178,552 issues (0 errors)
Downloaded 133,175/178,552 issues (0 errors)
Downloaded 133,200/178,552 issues (0 errors)
Downloaded 133,225/178,552 issues (0 errors)
Downloaded 133,250/178,552 issues (0 errors)
Downloaded 133,275/178,552 issues (0 errors)
Downloaded 133,300/178,552 issues (0 errors)
Downloaded 133,325/178,552 issues (0 errors)
Downloaded 133,350/178,552 issues (0 errors)
Downloaded 133,375/178,552 issues (0 errors)
Downloaded 133,400/178,552 issues (0 errors)
Downloaded 133,425/178,552 issues (0 errors)
Downloaded 133,450/178,552 issues (0 errors)
Downloaded 133,475/178,552 issues (0 errors)
Downloaded 133,500/178,552 issues (0 errors)
Downloaded 133,525/178,552 issues (0 errors)
Downloaded 133,550/178,552 issues (0 errors)
Downloaded 133,575/178,552 issues (0 errors)
Downloaded 133,600/178,552 issues (0 errors)
Downloaded 133,625/178,552 issues (0 errors)
Downloaded 133,650/178,552 issues (0 errors)
Downloaded 133,675/178,552 issues (0 errors)
Downloaded 133,700/178,552 issues (0 errors)
Downloaded 133,725/178,552 issues (0 errors)
Downloaded 133,750/178,552 issues (0 errors)
Downloaded 133,775/178,552 issues (0 errors)
Downloaded 133,800/178,552 issues (0 errors)
Downloaded 133,825/178,552 issues (0 errors)
Downloaded 133,850/178,552 issues (0 errors)
Downloaded 133,875/178,552 issues (0 errors)
Downloaded 133,900/178,552 issues (0 errors)
Downloaded 133,925/178,552 issues (0 errors)
Downloaded 133,950/178,552 issues (0 errors)
Downloaded 133,975/178,552 issues (0 errors)
Downloaded 134,000/178,552 issues (0 errors)
Downloaded 134,025/178,552 issues (0 errors)
Downloaded 134,050/178,552 issues (0 errors)
Downloaded 134,075/178,552 issues (0 errors)
Downloaded 134,100/178,552 issues (0 errors)
Downloaded 134,125/178,552 issues (0 errors)
Downloaded 134,150/178,552 issues (0 errors)
Downloaded 134,175/178,552 issues (0 errors)
Downloaded 134,200/178,552 issues (0 errors)
Downloaded 134,225/178,552 issues (0 errors)
Downloaded 134,250/178,552 issues (0 errors)
Downloaded 134,275/178,552 issues (0 errors)
Downloaded 134,300/178,552 issues (0 errors)
Downloaded 134,325/178,552 issues (0 errors)
Downloaded 134,350/178,552 issues (0 errors)
Downloaded 134,375/178,552 issues (0 errors)
Downloaded 134,400/178,552 issues (0 errors)
Downloaded 134,425/178,552 issues (0 errors)
Downloaded 134,450/178,552 issues (0 errors)
Downloaded 134,475/178,552 issues (0 errors)
Downloaded 134,500/178,552 issues (0 errors)
Downloaded 134,525/178,552 issues (0 errors)
Downloaded 134,550/178,552 issues (0 errors)
Downloaded 134,575/178,552 issues (0 errors)
Downloaded 134,600/178,552 issues (0 errors)
Downloaded 134,625/178,552 issues (0 errors)
Downloaded 134,650/178,552 issues (0 errors)
Downloaded 134,675/178,552 issues (0 errors)
Downloaded 134,700/178,552 issues (0 errors)
Downloaded 134,725/178,552 issues (0 errors)
Downloaded 134,750/178,552 issues (0 errors)
Downloaded 134,775/178,552 issues (0 errors)
Downloaded 134,800/178,552 issues (0 errors)
Downloaded 134,825/178,552 issues (0 errors)
Downloaded 134,850/178,552 issues (0 errors)
Downloaded 134,875/178,552 issues (0 errors)
Downloaded 134,900/178,552 issues (0 errors)
Downloaded 134,925/178,552 issues (0 errors)
Downloaded 134,950/178,552 issues (0 errors)
Downloaded 134,975/178,552 issues (0 errors)
Downloaded 135,000/178,552 issues (0 errors)
Downloaded 135,025/178,552 issues (0 errors)
Downloaded 135,050/178,552 issues (0 errors)
Downloaded 135,075/178,552 issues (0 errors)
Downloaded 135,100/178,552 issues (0 errors)
Downloaded 135,125/178,552 issues (0 errors)
Downloaded 135,150/178,552 issues (0 errors)
Downloaded 135,175/178,552 issues (0 errors)
Downloaded 135,200/178,552 issues (0 errors)
Downloaded 135,225/178,552 issues (0 errors)
Downloaded 135,250/178,552 issues (0 errors)
Downloaded 135,275/178,552 issues (0 errors)
Downloaded 135,300/178,552 issues (0 errors)
Downloaded 135,325/178,552 issues (0 errors)
Downloaded 135,350/178,552 issues (0 errors)
Downloaded 135,375/178,552 issues (0 errors)
Downloaded 135,400/178,552 issues (0 errors)
Downloaded 135,425/178,552 issues (0 errors)
Downloaded 135,450/178,552 issues (0 errors)
Downloaded 135,475/178,552 issues (0 errors)
Downloaded 135,500/178,552 issues (0 errors)
Downloaded 135,525/178,552 issues (0 errors)
Downloaded 135,550/178,552 issues (0 errors)
Downloaded 135,575/178,552 issues (0 errors)
Downloaded 135,600/178,552 issues (0 errors)
Downloaded 135,625/178,552 issues (0 errors)
Downloaded 135,650/178,552 issues (0 errors)
Downloaded 135,675/178,552 issues (0 errors)
Downloaded 135,700/178,552 issues (0 errors)
Downloaded 135,725/178,552 issues (0 errors)
Downloaded 135,750/178,552 issues (0 errors)
Downloaded 135,775/178,552 issues (0 errors)
Downloaded 135,800/178,552 issues (0 errors)
Downloaded 135,825/178,552 issues (0 errors)
Downloaded 135,850/178,552 issues (0 errors)
Downloaded 135,875/178,552 issues (0 errors)
Downloaded 135,900/178,552 issues (0 errors)
Downloaded 135,925/178,552 issues (0 errors)
Downloaded 135,950/178,552 issues (0 errors)
Downloaded 135,975/178,552 issues (0 errors)
Downloaded 136,000/178,552 issues (0 errors)
Downloaded 136,025/178,552 issues (0 errors)
Downloaded 136,050/178,552 issues (0 errors)
Downloaded 136,075/178,552 issues (0 errors)
Downloaded 136,100/178,552 issues (0 errors)
Downloaded 136,125/178,552 issues (0 errors)
Downloaded 136,150/178,552 issues (0 errors)
Downloaded 136,175/178,552 issues (0 errors)
Downloaded 136,200/178,552 issues (0 errors)
Downloaded 136,225/178,552 issues (0 errors)
Downloaded 136,250/178,552 issues (0 errors)
Downloaded 136,275/178,552 issues (0 errors)
Downloaded 136,300/178,552 issues (0 errors)
Downloaded 136,325/178,552 issues (0 errors)
Downloaded 136,350/178,552 issues (0 errors)
Downloaded 136,375/178,552 issues (0 errors)
Downloaded 136,400/178,552 issues (0 errors)
Downloaded 136,425/178,552 issues (0 errors)
Downloaded 136,450/178,552 issues (0 errors)
Downloaded 136,475/178,552 issues (0 errors)
Downloaded 136,500/178,552 issues (0 errors)
Downloaded 136,525/178,552 issues (0 errors)
Downloaded 136,550/178,552 issues (0 errors)
Downloaded 136,575/178,552 issues (0 errors)
Downloaded 136,600/178,552 issues (0 errors)
Downloaded 136,625/178,552 issues (0 errors)
Downloaded 136,650/178,552 issues (0 errors)
Downloaded 136,675/178,552 issues (0 errors)
Downloaded 136,700/178,552 issues (0 errors)
Downloaded 136,725/178,552 issues (0 errors)
Downloaded 136,750/178,552 issues (0 errors)
Downloaded 136,775/178,552 issues (0 errors)
Downloaded 136,800/178,552 issues (0 errors)
Downloaded 136,825/178,552 issues (0 errors)
Downloaded 136,850/178,552 issues (0 errors)
Downloaded 136,875/178,552 issues (0 errors)
Downloaded 136,900/178,552 issues (0 errors)
Downloaded 136,925/178,552 issues (0 errors)
Downloaded 136,950/178,552 issues (0 errors)
Downloaded 136,975/178,552 issues (0 errors)
Downloaded 137,000/178,552 issues (0 errors)
Downloaded 137,025/178,552 issues (0 errors)
Downloaded 137,050/178,552 issues (0 errors)
Downloaded 137,075/178,552 issues (0 errors)
Downloaded 137,100/178,552 issues (0 errors)
Downloaded 137,125/178,552 issues (0 errors)
Downloaded 137,150/178,552 issues (0 errors)
Downloaded 137,175/178,552 issues (0 errors)
Downloaded 137,200/178,552 issues (0 errors)
Downloaded 137,225/178,552 issues (0 errors)
Downloaded 137,250/178,552 issues (0 errors)
Downloaded 137,275/178,552 issues (0 errors)
Downloaded 137,300/178,552 issues (0 errors)
Downloaded 137,325/178,552 issues (0 errors)
Downloaded 137,350/178,552 issues (0 errors)
Downloaded 137,375/178,552 issues (0 errors)
Downloaded 137,400/178,552 issues (0 errors)
Downloaded 137,425/178,552 issues (0 errors)
Downloaded 137,450/178,552 issues (0 errors)
Downloaded 137,475/178,552 issues (0 errors)
Downloaded 137,500/178,552 issues (0 errors)
Downloaded 137,525/178,552 issues (0 errors)
Downloaded 137,550/178,552 issues (0 errors)
Downloaded 137,575/178,552 issues (0 errors)
Downloaded 137,600/178,552 issues (0 errors)
Downloaded 137,625/178,552 issues (0 errors)
Downloaded 137,650/178,552 issues (0 errors)
Downloaded 137,675/178,552 issues (0 errors)
Downloaded 137,700/178,552 issues (0 errors)
Downloaded 137,725/178,552 issues (0 errors)
Downloaded 137,750/178,552 issues (0 errors)
Downloaded 137,775/178,552 issues (0 errors)
Downloaded 137,800/178,552 issues (0 errors)
Downloaded 137,825/178,552 issues (0 errors)
Downloaded 137,850/178,552 issues (0 errors)
Downloaded 137,875/178,552 issues (0 errors)
Downloaded 137,900/178,552 issues (0 errors)
Downloaded 137,925/178,552 issues (0 errors)
Downloaded 137,950/178,552 issues (0 errors)
Downloaded 137,975/178,552 issues (0 errors)
Downloaded 138,000/178,552 issues (0 errors)
Downloaded 138,025/178,552 issues (0 errors)
Downloaded 138,050/178,552 issues (0 errors)
Downloaded 138,075/178,552 issues (0 errors)
Downloaded 138,100/178,552 issues (0 errors)
Downloaded 138,125/178,552 issues (0 errors)
Downloaded 138,150/178,552 issues (0 errors)
Downloaded 138,175/178,552 issues (0 errors)
Downloaded 138,200/178,552 issues (0 errors)
Downloaded 138,225/178,552 issues (0 errors)
Downloaded 138,250/178,552 issues (0 errors)
Downloaded 138,275/178,552 issues (0 errors)
Downloaded 138,300/178,552 issues (0 errors)
Downloaded 138,325/178,552 issues (0 errors)
Downloaded 138,350/178,552 issues (0 errors)
Downloaded 138,375/178,552 issues (0 errors)
Downloaded 138,400/178,552 issues (0 errors)
Downloaded 138,425/178,552 issues (0 errors)
Downloaded 138,450/178,552 issues (0 errors)
Downloaded 138,475/178,552 issues (0 errors)
Downloaded 138,500/178,552 issues (0 errors)
Downloaded 138,525/178,552 issues (0 errors)
Downloaded 138,550/178,552 issues (0 errors)
Downloaded 138,575/178,552 issues (0 errors)
Downloaded 138,600/178,552 issues (0 errors)
Downloaded 138,625/178,552 issues (0 errors)
Downloaded 138,650/178,552 issues (0 errors)
Downloaded 138,675/178,552 issues (0 errors)
Downloaded 138,700/178,552 issues (0 errors)
Downloaded 138,725/178,552 issues (0 errors)
Downloaded 138,750/178,552 issues (0 errors)
Downloaded 138,775/178,552 issues (0 errors)
Downloaded 138,800/178,552 issues (0 errors)
Downloaded 138,825/178,552 issues (0 errors)
Downloaded 138,850/178,552 issues (0 errors)
Downloaded 138,875/178,552 issues (0 errors)
Downloaded 138,900/178,552 issues (0 errors)
Downloaded 138,925/178,552 issues (0 errors)
Downloaded 138,950/178,552 issues (0 errors)
Downloaded 138,975/178,552 issues (0 errors)
Downloaded 139,000/178,552 issues (0 errors)
Downloaded 139,025/178,552 issues (0 errors)
Downloaded 139,050/178,552 issues (0 errors)
Downloaded 139,075/178,552 issues (0 errors)
Downloaded 139,100/178,552 issues (0 errors)
Downloaded 139,125/178,552 issues (0 errors)
Downloaded 139,150/178,552 issues (0 errors)
Downloaded 139,175/178,552 issues (0 errors)
Downloaded 139,200/178,552 issues (0 errors)
Downloaded 139,225/178,552 issues (0 errors)
Downloaded 139,250/178,552 issues (0 errors)
Downloaded 139,275/178,552 issues (0 errors)
Downloaded 139,300/178,552 issues (0 errors)
Downloaded 139,325/178,552 issues (0 errors)
Downloaded 139,350/178,552 issues (0 errors)
Downloaded 139,375/178,552 issues (0 errors)
Downloaded 139,400/178,552 issues (0 errors)
Downloaded 139,425/178,552 issues (0 errors)
Downloaded 139,450/178,552 issues (0 errors)
Downloaded 139,475/178,552 issues (0 errors)
Downloaded 139,500/178,552 issues (0 errors)
Downloaded 139,525/178,552 issues (0 errors)
Downloaded 139,550/178,552 issues (0 errors)
Downloaded 139,575/178,552 issues (0 errors)
Downloaded 139,600/178,552 issues (0 errors)
Downloaded 139,625/178,552 issues (0 errors)
Downloaded 139,650/178,552 issues (0 errors)
Downloaded 139,675/178,552 issues (0 errors)
Downloaded 139,700/178,552 issues (0 errors)
Downloaded 139,725/178,552 issues (0 errors)
Downloaded 139,750/178,552 issues (0 errors)
Downloaded 139,775/178,552 issues (0 errors)
Downloaded 139,800/178,552 issues (0 errors)
Downloaded 139,825/178,552 issues (0 errors)
Downloaded 139,850/178,552 issues (0 errors)
Downloaded 139,875/178,552 issues (0 errors)
Downloaded 139,900/178,552 issues (0 errors)
Downloaded 139,925/178,552 issues (0 errors)
Downloaded 139,950/178,552 issues (0 errors)
Downloaded 139,975/178,552 issues (0 errors)
Downloaded 140,000/178,552 issues (0 errors)
Downloaded 140,025/178,552 issues (0 errors)
Downloaded 140,050/178,552 issues (0 errors)
Downloaded 140,075/178,552 issues (0 errors)
Downloaded 140,100/178,552 issues (0 errors)
Downloaded 140,125/178,552 issues (0 errors)
Downloaded 140,150/178,552 issues (0 errors)
Downloaded 140,175/178,552 issues (0 errors)
Downloaded 140,200/178,552 issues (0 errors)
Downloaded 140,225/178,552 issues (0 errors)
Downloaded 140,250/178,552 issues (0 errors)
Downloaded 140,275/178,552 issues (0 errors)
Downloaded 140,300/178,552 issues (0 errors)
Downloaded 140,325/178,552 issues (0 errors)
Downloaded 140,350/178,552 issues (0 errors)
Downloaded 140,375/178,552 issues (0 errors)
Downloaded 140,400/178,552 issues (0 errors)
Downloaded 140,425/178,552 issues (0 errors)
Downloaded 140,450/178,552 issues (0 errors)
Downloaded 140,475/178,552 issues (0 errors)
Downloaded 140,500/178,552 issues (0 errors)
Downloaded 140,525/178,552 issues (0 errors)
Downloaded 140,550/178,552 issues (0 errors)
Downloaded 140,575/178,552 issues (0 errors)
Downloaded 140,600/178,552 issues (0 errors)
Downloaded 140,625/178,552 issues (0 errors)
Downloaded 140,650/178,552 issues (0 errors)
Downloaded 140,675/178,552 issues (0 errors)
Downloaded 140,700/178,552 issues (0 errors)
Downloaded 140,725/178,552 issues (0 errors)
Downloaded 140,750/178,552 issues (0 errors)
Downloaded 140,775/178,552 issues (0 errors)
Downloaded 140,800/178,552 issues (0 errors)
Downloaded 140,825/178,552 issues (0 errors)
Downloaded 140,850/178,552 issues (0 errors)
Downloaded 140,875/178,552 issues (0 errors)
Downloaded 140,900/178,552 issues (0 errors)
Downloaded 140,925/178,552 issues (0 errors)
Downloaded 140,950/178,552 issues (0 errors)
Downloaded 140,975/178,552 issues (0 errors)
Downloaded 141,000/178,552 issues (0 errors)
Downloaded 141,025/178,552 issues (0 errors)
Downloaded 141,050/178,552 issues (0 errors)
Downloaded 141,075/178,552 issues (0 errors)
Downloaded 141,100/178,552 issues (0 errors)
Downloaded 141,125/178,552 issues (0 errors)
Downloaded 141,150/178,552 issues (0 errors)
Downloaded 141,175/178,552 issues (0 errors)
Downloaded 141,200/178,552 issues (0 errors)
Downloaded 141,225/178,552 issues (0 errors)
Downloaded 141,250/178,552 issues (0 errors)
Downloaded 141,275/178,552 issues (0 errors)
Downloaded 141,300/178,552 issues (0 errors)
Downloaded 141,325/178,552 issues (0 errors)
Downloaded 141,350/178,552 issues (0 errors)
Downloaded 141,375/178,552 issues (0 errors)
Downloaded 141,400/178,552 issues (0 errors)
Downloaded 141,425/178,552 issues (0 errors)
Downloaded 141,450/178,552 issues (0 errors)
Downloaded 141,475/178,552 issues (0 errors)
Downloaded 141,500/178,552 issues (0 errors)
Downloaded 141,525/178,552 issues (0 errors)
Downloaded 141,550/178,552 issues (0 errors)
Downloaded 141,575/178,552 issues (0 errors)
Downloaded 141,600/178,552 issues (0 errors)
Downloaded 141,625/178,552 issues (0 errors)
Downloaded 141,650/178,552 issues (0 errors)
Downloaded 141,675/178,552 issues (0 errors)
Downloaded 141,700/178,552 issues (0 errors)
Downloaded 141,725/178,552 issues (0 errors)
Downloaded 141,750/178,552 issues (0 errors)
Downloaded 141,775/178,552 issues (0 errors)
Downloaded 141,800/178,552 issues (0 errors)
Downloaded 141,825/178,552 issues (0 errors)
Downloaded 141,850/178,552 issues (0 errors)
Downloaded 141,875/178,552 issues (0 errors)
Downloaded 141,900/178,552 issues (0 errors)
Downloaded 141,925/178,552 issues (0 errors)
Downloaded 141,950/178,552 issues (0 errors)
Downloaded 141,975/178,552 issues (0 errors)
Downloaded 142,000/178,552 issues (0 errors)
Downloaded 142,025/178,552 issues (0 errors)
Downloaded 142,050/178,552 issues (0 errors)
Downloaded 142,075/178,552 issues (0 errors)
Downloaded 142,100/178,552 issues (0 errors)
Downloaded 142,125/178,552 issues (0 errors)
Downloaded 142,150/178,552 issues (0 errors)
Downloaded 142,175/178,552 issues (0 errors)
Downloaded 142,200/178,552 issues (0 errors)
Downloaded 142,225/178,552 issues (0 errors)
Downloaded 142,250/178,552 issues (0 errors)
Downloaded 142,275/178,552 issues (0 errors)
Downloaded 142,300/178,552 issues (0 errors)
Downloaded 142,325/178,552 issues (0 errors)
Downloaded 142,350/178,552 issues (0 errors)
Downloaded 142,375/178,552 issues (0 errors)
Downloaded 142,400/178,552 issues (0 errors)
Downloaded 142,425/178,552 issues (0 errors)
Downloaded 142,450/178,552 issues (0 errors)
Downloaded 142,475/178,552 issues (0 errors)
Downloaded 142,500/178,552 issues (0 errors)
Downloaded 142,525/178,552 issues (0 errors)
Downloaded 142,550/178,552 issues (0 errors)
Downloaded 142,575/178,552 issues (0 errors)
Downloaded 142,600/178,552 issues (0 errors)
Downloaded 142,625/178,552 issues (0 errors)
Downloaded 142,650/178,552 issues (0 errors)
Downloaded 142,675/178,552 issues (0 errors)
Downloaded 142,700/178,552 issues (0 errors)
Downloaded 142,725/178,552 issues (0 errors)
Downloaded 142,750/178,552 issues (0 errors)
Downloaded 142,775/178,552 issues (0 errors)
Downloaded 142,800/178,552 issues (0 errors)
Downloaded 142,825/178,552 issues (0 errors)
Downloaded 142,850/178,552 issues (0 errors)
Downloaded 142,875/178,552 issues (0 errors)
Downloaded 142,900/178,552 issues (0 errors)
Downloaded 142,925/178,552 issues (0 errors)
Downloaded 142,950/178,552 issues (0 errors)
Downloaded 142,975/178,552 issues (0 errors)
Downloaded 143,000/178,552 issues (0 errors)
Downloaded 143,025/178,552 issues (0 errors)
Downloaded 143,050/178,552 issues (0 errors)
Downloaded 143,075/178,552 issues (0 errors)
Downloaded 143,100/178,552 issues (0 errors)
Downloaded 143,125/178,552 issues (0 errors)
Downloaded 143,150/178,552 issues (0 errors)
Downloaded 143,175/178,552 issues (0 errors)
Downloaded 143,200/178,552 issues (0 errors)
Downloaded 143,225/178,552 issues (0 errors)
Downloaded 143,250/178,552 issues (0 errors)
Downloaded 143,275/178,552 issues (0 errors)
Downloaded 143,300/178,552 issues (0 errors)
Downloaded 143,325/178,552 issues (0 errors)
Downloaded 143,350/178,552 issues (0 errors)
Downloaded 143,375/178,552 issues (0 errors)
Downloaded 143,400/178,552 issues (0 errors)
Downloaded 143,425/178,552 issues (0 errors)
Downloaded 143,450/178,552 issues (0 errors)
Downloaded 143,475/178,552 issues (0 errors)
Downloaded 143,500/178,552 issues (0 errors)
Downloaded 143,525/178,552 issues (0 errors)
Downloaded 143,550/178,552 issues (0 errors)
Downloaded 143,575/178,552 issues (0 errors)
Downloaded 143,600/178,552 issues (0 errors)
Downloaded 143,625/178,552 issues (0 errors)
Downloaded 143,650/178,552 issues (0 errors)
Downloaded 143,675/178,552 issues (0 errors)
Downloaded 143,700/178,552 issues (0 errors)
Downloaded 143,725/178,552 issues (0 errors)
Downloaded 143,750/178,552 issues (0 errors)
Downloaded 143,775/178,552 issues (0 errors)
Downloaded 143,800/178,552 issues (0 errors)
Downloaded 143,825/178,552 issues (0 errors)
Downloaded 143,850/178,552 issues (0 errors)
Downloaded 143,875/178,552 issues (0 errors)
Downloaded 143,900/178,552 issues (0 errors)
Downloaded 143,925/178,552 issues (0 errors)
Downloaded 143,950/178,552 issues (0 errors)
Downloaded 143,975/178,552 issues (0 errors)
Downloaded 144,000/178,552 issues (0 errors)
Downloaded 144,025/178,552 issues (0 errors)
Downloaded 144,050/178,552 issues (0 errors)
Downloaded 144,075/178,552 issues (0 errors)
Downloaded 144,100/178,552 issues (0 errors)
Downloaded 144,125/178,552 issues (0 errors)
Downloaded 144,150/178,552 issues (0 errors)
Downloaded 144,175/178,552 issues (0 errors)
Downloaded 144,200/178,552 issues (0 errors)
Downloaded 144,225/178,552 issues (0 errors)
Downloaded 144,250/178,552 issues (0 errors)
Downloaded 144,275/178,552 issues (0 errors)
Downloaded 144,300/178,552 issues (0 errors)
Downloaded 144,325/178,552 issues (0 errors)
Downloaded 144,350/178,552 issues (0 errors)
Downloaded 144,375/178,552 issues (0 errors)
Downloaded 144,400/178,552 issues (0 errors)
Downloaded 144,425/178,552 issues (0 errors)
Downloaded 144,450/178,552 issues (0 errors)
Downloaded 144,475/178,552 issues (0 errors)
Downloaded 144,500/178,552 issues (0 errors)
Downloaded 144,525/178,552 issues (0 errors)
Downloaded 144,550/178,552 issues (0 errors)
Downloaded 144,575/178,552 issues (0 errors)
Downloaded 144,600/178,552 issues (0 errors)
Downloaded 144,625/178,552 issues (0 errors)
Downloaded 144,650/178,552 issues (0 errors)
Downloaded 144,675/178,552 issues (0 errors)
Downloaded 144,700/178,552 issues (0 errors)
Downloaded 144,725/178,552 issues (0 errors)
Downloaded 144,750/178,552 issues (0 errors)
Downloaded 144,775/178,552 issues (0 errors)
Downloaded 144,800/178,552 issues (0 errors)
Downloaded 144,825/178,552 issues (0 errors)
Downloaded 144,850/178,552 issues (0 errors)
Downloaded 144,875/178,552 issues (0 errors)
Downloaded 144,900/178,552 issues (0 errors)
Downloaded 144,925/178,552 issues (0 errors)
Downloaded 144,950/178,552 issues (0 errors)
Downloaded 144,975/178,552 issues (0 errors)
Downloaded 145,000/178,552 issues (0 errors)
Downloaded 145,025/178,552 issues (0 errors)
Downloaded 145,050/178,552 issues (0 errors)
Downloaded 145,075/178,552 issues (0 errors)
Downloaded 145,100/178,552 issues (0 errors)
Downloaded 145,125/178,552 issues (0 errors)
Downloaded 145,150/178,552 issues (0 errors)
Downloaded 145,175/178,552 issues (0 errors)
Downloaded 145,200/178,552 issues (0 errors)
Downloaded 145,225/178,552 issues (0 errors)
Downloaded 145,250/178,552 issues (0 errors)
Downloaded 145,275/178,552 issues (0 errors)
Downloaded 145,300/178,552 issues (0 errors)
Downloaded 145,325/178,552 issues (0 errors)
Downloaded 145,350/178,552 issues (0 errors)
Downloaded 145,375/178,552 issues (0 errors)
Downloaded 145,400/178,552 issues (0 errors)
Downloaded 145,425/178,552 issues (0 errors)
Downloaded 145,450/178,552 issues (0 errors)
Downloaded 145,475/178,552 issues (0 errors)
Downloaded 145,500/178,552 issues (0 errors)
Downloaded 145,525/178,552 issues (0 errors)
Downloaded 145,550/178,552 issues (0 errors)
Downloaded 145,575/178,552 issues (0 errors)
Downloaded 145,600/178,552 issues (0 errors)
Downloaded 145,625/178,552 issues (0 errors)
Downloaded 145,650/178,552 issues (0 errors)
Downloaded 145,675/178,552 issues (0 errors)
Downloaded 145,700/178,552 issues (0 errors)
Downloaded 145,725/178,552 issues (0 errors)
Downloaded 145,750/178,552 issues (0 errors)
Downloaded 145,775/178,552 issues (0 errors)
Downloaded 145,800/178,552 issues (0 errors)
Downloaded 145,825/178,552 issues (0 errors)
Downloaded 145,850/178,552 issues (0 errors)
Downloaded 145,875/178,552 issues (0 errors)
Downloaded 145,900/178,552 issues (0 errors)
Downloaded 145,925/178,552 issues (0 errors)
Downloaded 145,950/178,552 issues (0 errors)
Downloaded 145,975/178,552 issues (0 errors)
Downloaded 146,000/178,552 issues (0 errors)
Downloaded 146,025/178,552 issues (0 errors)
Downloaded 146,050/178,552 issues (0 errors)
Downloaded 146,075/178,552 issues (0 errors)
Downloaded 146,100/178,552 issues (0 errors)
Downloaded 146,125/178,552 issues (0 errors)
Downloaded 146,150/178,552 issues (0 errors)
Downloaded 146,175/178,552 issues (0 errors)
Downloaded 146,200/178,552 issues (0 errors)
Downloaded 146,225/178,552 issues (0 errors)
Downloaded 146,250/178,552 issues (0 errors)
Downloaded 146,275/178,552 issues (0 errors)
Downloaded 146,300/178,552 issues (0 errors)
Downloaded 146,325/178,552 issues (0 errors)
Downloaded 146,350/178,552 issues (0 errors)
Downloaded 146,375/178,552 issues (0 errors)
Downloaded 146,400/178,552 issues (0 errors)
Downloaded 146,425/178,552 issues (0 errors)
Downloaded 146,450/178,552 issues (0 errors)
Downloaded 146,475/178,552 issues (0 errors)
Downloaded 146,500/178,552 issues (0 errors)
Downloaded 146,525/178,552 issues (0 errors)
Downloaded 146,550/178,552 issues (0 errors)
Downloaded 146,575/178,552 issues (0 errors)
Downloaded 146,600/178,552 issues (0 errors)
Downloaded 146,625/178,552 issues (0 errors)
Downloaded 146,650/178,552 issues (0 errors)
Downloaded 146,675/178,552 issues (0 errors)
Downloaded 146,700/178,552 issues (0 errors)
Downloaded 146,725/178,552 issues (0 errors)
Downloaded 146,750/178,552 issues (0 errors)
Downloaded 146,775/178,552 issues (0 errors)
Downloaded 146,800/178,552 issues (0 errors)
Downloaded 146,825/178,552 issues (0 errors)
Downloaded 146,850/178,552 issues (0 errors)
Downloaded 146,875/178,552 issues (0 errors)
Downloaded 146,900/178,552 issues (0 errors)
Downloaded 146,925/178,552 issues (0 errors)
Downloaded 146,950/178,552 issues (0 errors)
Downloaded 146,975/178,552 issues (0 errors)
Downloaded 147,000/178,552 issues (0 errors)
Downloaded 147,025/178,552 issues (0 errors)
Downloaded 147,050/178,552 issues (0 errors)
Downloaded 147,075/178,552 issues (0 errors)
Downloaded 147,100/178,552 issues (0 errors)
Downloaded 147,125/178,552 issues (0 errors)
Downloaded 147,150/178,552 issues (0 errors)
Downloaded 147,175/178,552 issues (0 errors)
Downloaded 147,200/178,552 issues (0 errors)
Downloaded 147,225/178,552 issues (0 errors)
Downloaded 147,250/178,552 issues (0 errors)
Downloaded 147,275/178,552 issues (0 errors)
Downloaded 147,300/178,552 issues (0 errors)
Downloaded 147,325/178,552 issues (0 errors)
Downloaded 147,350/178,552 issues (0 errors)
Downloaded 147,375/178,552 issues (0 errors)
Downloaded 147,400/178,552 issues (0 errors)
Downloaded 147,425/178,552 issues (0 errors)
Downloaded 147,450/178,552 issues (0 errors)
Downloaded 147,475/178,552 issues (0 errors)
Downloaded 147,500/178,552 issues (0 errors)
Downloaded 147,525/178,552 issues (0 errors)
Downloaded 147,550/178,552 issues (0 errors)
Downloaded 147,575/178,552 issues (0 errors)
Downloaded 147,600/178,552 issues (0 errors)
Downloaded 147,625/178,552 issues (0 errors)
Downloaded 147,650/178,552 issues (0 errors)
Downloaded 147,675/178,552 issues (0 errors)
Downloaded 147,700/178,552 issues (0 errors)
Downloaded 147,725/178,552 issues (0 errors)
Downloaded 147,750/178,552 issues (0 errors)
Downloaded 147,775/178,552 issues (0 errors)
Downloaded 147,800/178,552 issues (0 errors)
Downloaded 147,825/178,552 issues (0 errors)
Downloaded 147,850/178,552 issues (0 errors)
Downloaded 147,875/178,552 issues (0 errors)
Downloaded 147,900/178,552 issues (0 errors)
Downloaded 147,925/178,552 issues (0 errors)
Downloaded 147,950/178,552 issues (0 errors)
Downloaded 147,975/178,552 issues (0 errors)
Downloaded 148,000/178,552 issues (0 errors)
Downloaded 148,025/178,552 issues (0 errors)
Downloaded 148,050/178,552 issues (0 errors)
Downloaded 148,075/178,552 issues (0 errors)
Downloaded 148,100/178,552 issues (0 errors)
Downloaded 148,125/178,552 issues (0 errors)
Downloaded 148,150/178,552 issues (0 errors)
Downloaded 148,175/178,552 issues (0 errors)
Downloaded 148,200/178,552 issues (0 errors)
Downloaded 148,225/178,552 issues (0 errors)
Downloaded 148,250/178,552 issues (0 errors)
Downloaded 148,275/178,552 issues (0 errors)
Downloaded 148,300/178,552 issues (0 errors)
Downloaded 148,325/178,552 issues (0 errors)
Downloaded 148,350/178,552 issues (0 errors)
Downloaded 148,375/178,552 issues (0 errors)
Downloaded 148,400/178,552 issues (0 errors)
Downloaded 148,425/178,552 issues (0 errors)
Downloaded 148,450/178,552 issues (0 errors)
Downloaded 148,475/178,552 issues (0 errors)
Downloaded 148,500/178,552 issues (0 errors)
Downloaded 148,525/178,552 issues (0 errors)
Downloaded 148,550/178,552 issues (0 errors)
Downloaded 148,575/178,552 issues (0 errors)
Downloaded 148,600/178,552 issues (0 errors)
Downloaded 148,625/178,552 issues (0 errors)
Downloaded 148,650/178,552 issues (0 errors)
Downloaded 148,675/178,552 issues (0 errors)
Downloaded 148,700/178,552 issues (0 errors)
Downloaded 148,725/178,552 issues (0 errors)
Downloaded 148,750/178,552 issues (0 errors)
Downloaded 148,775/178,552 issues (0 errors)
Downloaded 148,800/178,552 issues (0 errors)
Downloaded 148,825/178,552 issues (0 errors)
Downloaded 148,850/178,552 issues (0 errors)
Downloaded 148,875/178,552 issues (0 errors)
Downloaded 148,900/178,552 issues (0 errors)
Downloaded 148,925/178,552 issues (0 errors)
Downloaded 148,950/178,552 issues (0 errors)
Downloaded 148,975/178,552 issues (0 errors)
Downloaded 149,000/178,552 issues (0 errors)
Downloaded 149,025/178,552 issues (0 errors)
Downloaded 149,050/178,552 issues (0 errors)
Downloaded 149,075/178,552 issues (0 errors)
Downloaded 149,100/178,552 issues (0 errors)
Downloaded 149,125/178,552 issues (0 errors)
Downloaded 149,150/178,552 issues (0 errors)
Downloaded 149,175/178,552 issues (0 errors)
Downloaded 149,200/178,552 issues (0 errors)
Downloaded 149,225/178,552 issues (0 errors)
Downloaded 149,250/178,552 issues (0 errors)
Downloaded 149,275/178,552 issues (0 errors)
Downloaded 149,300/178,552 issues (0 errors)
Downloaded 149,325/178,552 issues (0 errors)
Downloaded 149,350/178,552 issues (0 errors)
Downloaded 149,375/178,552 issues (0 errors)
Downloaded 149,400/178,552 issues (0 errors)
Downloaded 149,425/178,552 issues (0 errors)
Downloaded 149,450/178,552 issues (0 errors)
Downloaded 149,475/178,552 issues (0 errors)
Downloaded 149,500/178,552 issues (0 errors)
Downloaded 149,525/178,552 issues (0 errors)
Downloaded 149,550/178,552 issues (0 errors)
Downloaded 149,575/178,552 issues (0 errors)
Downloaded 149,600/178,552 issues (0 errors)
Downloaded 149,625/178,552 issues (0 errors)
Downloaded 149,650/178,552 issues (0 errors)
Downloaded 149,675/178,552 issues (0 errors)
Downloaded 149,700/178,552 issues (0 errors)
Downloaded 149,725/178,552 issues (0 errors)
Downloaded 149,750/178,552 issues (0 errors)
Downloaded 149,775/178,552 issues (0 errors)
Downloaded 149,800/178,552 issues (0 errors)
Downloaded 149,825/178,552 issues (0 errors)
Downloaded 149,850/178,552 issues (0 errors)
Downloaded 149,875/178,552 issues (0 errors)
Downloaded 149,900/178,552 issues (0 errors)
Downloaded 149,925/178,552 issues (0 errors)
Downloaded 149,950/178,552 issues (0 errors)
Downloaded 149,975/178,552 issues (0 errors)
Downloaded 150,000/178,552 issues (0 errors)
Downloaded 150,025/178,552 issues (0 errors)
Downloaded 150,050/178,552 issues (0 errors)
Downloaded 150,075/178,552 issues (0 errors)
Downloaded 150,100/178,552 issues (0 errors)
Downloaded 150,125/178,552 issues (0 errors)
Downloaded 150,150/178,552 issues (0 errors)
Downloaded 150,175/178,552 issues (0 errors)
Downloaded 150,200/178,552 issues (0 errors)
Downloaded 150,225/178,552 issues (0 errors)
Downloaded 150,250/178,552 issues (0 errors)
Downloaded 150,275/178,552 issues (0 errors)
Downloaded 150,300/178,552 issues (0 errors)
Downloaded 150,325/178,552 issues (0 errors)
Downloaded 150,350/178,552 issues (0 errors)
Downloaded 150,375/178,552 issues (0 errors)
Downloaded 150,400/178,552 issues (0 errors)
Downloaded 150,425/178,552 issues (0 errors)
Downloaded 150,450/178,552 issues (0 errors)
Downloaded 150,475/178,552 issues (0 errors)
Downloaded 150,500/178,552 issues (0 errors)
Downloaded 150,525/178,552 issues (0 errors)
Downloaded 150,550/178,552 issues (0 errors)
Downloaded 150,575/178,552 issues (0 errors)
Downloaded 150,600/178,552 issues (0 errors)
Downloaded 150,625/178,552 issues (0 errors)
Downloaded 150,650/178,552 issues (0 errors)
Downloaded 150,675/178,552 issues (0 errors)
Downloaded 150,700/178,552 issues (0 errors)
Downloaded 150,725/178,552 issues (0 errors)
Downloaded 150,750/178,552 issues (0 errors)
Downloaded 150,775/178,552 issues (0 errors)
Downloaded 150,800/178,552 issues (0 errors)
Downloaded 150,825/178,552 issues (0 errors)
Downloaded 150,850/178,552 issues (0 errors)
Downloaded 150,875/178,552 issues (0 errors)
Downloaded 150,900/178,552 issues (0 errors)
Downloaded 150,925/178,552 issues (0 errors)
Downloaded 150,950/178,552 issues (0 errors)
Downloaded 150,975/178,552 issues (0 errors)
Downloaded 151,000/178,552 issues (0 errors)
Downloaded 151,025/178,552 issues (0 errors)
Downloaded 151,050/178,552 issues (0 errors)
Downloaded 151,075/178,552 issues (0 errors)
Downloaded 151,100/178,552 issues (0 errors)
Downloaded 151,125/178,552 issues (0 errors)
Downloaded 151,150/178,552 issues (0 errors)
Downloaded 151,175/178,552 issues (0 errors)
Downloaded 151,200/178,552 issues (0 errors)
Downloaded 151,225/178,552 issues (0 errors)
Downloaded 151,250/178,552 issues (0 errors)
Downloaded 151,275/178,552 issues (0 errors)
Downloaded 151,300/178,552 issues (0 errors)
Downloaded 151,325/178,552 issues (0 errors)
Downloaded 151,350/178,552 issues (0 errors)
Downloaded 151,375/178,552 issues (0 errors)
Downloaded 151,400/178,552 issues (0 errors)
Downloaded 151,425/178,552 issues (0 errors)
Downloaded 151,450/178,552 issues (0 errors)
Downloaded 151,475/178,552 issues (0 errors)
Downloaded 151,500/178,552 issues (0 errors)
Downloaded 151,525/178,552 issues (0 errors)
Downloaded 151,550/178,552 issues (0 errors)
Downloaded 151,575/178,552 issues (0 errors)
Downloaded 151,600/178,552 issues (0 errors)
Downloaded 151,625/178,552 issues (0 errors)
Downloaded 151,650/178,552 issues (0 errors)
Downloaded 151,675/178,552 issues (0 errors)
Downloaded 151,700/178,552 issues (0 errors)
Downloaded 151,725/178,552 issues (0 errors)
Downloaded 151,750/178,552 issues (0 errors)
Downloaded 151,775/178,552 issues (0 errors)
Downloaded 151,800/178,552 issues (0 errors)
Downloaded 151,825/178,552 issues (0 errors)
Downloaded 151,850/178,552 issues (0 errors)
Downloaded 151,875/178,552 issues (0 errors)
Downloaded 151,900/178,552 issues (0 errors)
Downloaded 151,925/178,552 issues (0 errors)
Downloaded 151,950/178,552 issues (0 errors)
Downloaded 151,975/178,552 issues (0 errors)
Downloaded 152,000/178,552 issues (0 errors)
Downloaded 152,025/178,552 issues (0 errors)
Downloaded 152,050/178,552 issues (0 errors)
Downloaded 152,075/178,552 issues (0 errors)
Downloaded 152,100/178,552 issues (0 errors)
Downloaded 152,125/178,552 issues (0 errors)
Downloaded 152,150/178,552 issues (0 errors)
Downloaded 152,175/178,552 issues (0 errors)
Downloaded 152,200/178,552 issues (0 errors)
Downloaded 152,225/178,552 issues (0 errors)
Downloaded 152,250/178,552 issues (0 errors)
Downloaded 152,275/178,552 issues (0 errors)
Downloaded 152,300/178,552 issues (0 errors)
Downloaded 152,325/178,552 issues (0 errors)
Downloaded 152,350/178,552 issues (0 errors)
Downloaded 152,375/178,552 issues (0 errors)
Downloaded 152,400/178,552 issues (0 errors)
Downloaded 152,425/178,552 issues (0 errors)
Downloaded 152,450/178,552 issues (0 errors)
Downloaded 152,475/178,552 issues (0 errors)
Downloaded 152,500/178,552 issues (0 errors)
Downloaded 152,525/178,552 issues (0 errors)
Downloaded 152,550/178,552 issues (0 errors)
Downloaded 152,575/178,552 issues (0 errors)
Downloaded 152,600/178,552 issues (0 errors)
Downloaded 152,625/178,552 issues (0 errors)
Downloaded 152,650/178,552 issues (0 errors)
Downloaded 152,675/178,552 issues (0 errors)
Downloaded 152,700/178,552 issues (0 errors)
Downloaded 152,725/178,552 issues (0 errors)
Downloaded 152,750/178,552 issues (0 errors)
Downloaded 152,775/178,552 issues (0 errors)
Downloaded 152,800/178,552 issues (0 errors)
Downloaded 152,825/178,552 issues (0 errors)
Downloaded 152,850/178,552 issues (0 errors)
Downloaded 152,875/178,552 issues (0 errors)
Downloaded 152,900/178,552 issues (0 errors)
Downloaded 152,925/178,552 issues (0 errors)
Downloaded 152,950/178,552 issues (0 errors)
Downloaded 152,975/178,552 issues (0 errors)
Downloaded 153,000/178,552 issues (0 errors)
Downloaded 153,025/178,552 issues (0 errors)
Downloaded 153,050/178,552 issues (0 errors)
Downloaded 153,075/178,552 issues (0 errors)
Downloaded 153,100/178,552 issues (0 errors)
Downloaded 153,125/178,552 issues (0 errors)
Downloaded 153,150/178,552 issues (0 errors)
Downloaded 153,175/178,552 issues (0 errors)
Downloaded 153,200/178,552 issues (0 errors)
Downloaded 153,225/178,552 issues (0 errors)
Downloaded 153,250/178,552 issues (0 errors)
Downloaded 153,275/178,552 issues (0 errors)
Downloaded 153,300/178,552 issues (0 errors)
Downloaded 153,325/178,552 issues (0 errors)
Downloaded 153,350/178,552 issues (0 errors)
Downloaded 153,375/178,552 issues (0 errors)
Downloaded 153,400/178,552 issues (0 errors)
Downloaded 153,425/178,552 issues (0 errors)
Downloaded 153,450/178,552 issues (0 errors)
Downloaded 153,475/178,552 issues (0 errors)
Downloaded 153,500/178,552 issues (0 errors)
Downloaded 153,525/178,552 issues (0 errors)
Downloaded 153,550/178,552 issues (0 errors)
Downloaded 153,575/178,552 issues (0 errors)
Downloaded 153,600/178,552 issues (0 errors)
Downloaded 153,625/178,552 issues (0 errors)
Downloaded 153,650/178,552 issues (0 errors)
Downloaded 153,675/178,552 issues (0 errors)
Downloaded 153,700/178,552 issues (0 errors)
Downloaded 153,725/178,552 issues (0 errors)
Downloaded 153,750/178,552 issues (0 errors)
Downloaded 153,775/178,552 issues (0 errors)
Downloaded 153,800/178,552 issues (0 errors)
Downloaded 153,825/178,552 issues (0 errors)
Downloaded 153,850/178,552 issues (0 errors)
Downloaded 153,875/178,552 issues (0 errors)
Downloaded 153,900/178,552 issues (0 errors)
Downloaded 153,925/178,552 issues (0 errors)
Downloaded 153,950/178,552 issues (0 errors)
Downloaded 153,975/178,552 issues (0 errors)
Downloaded 154,000/178,552 issues (0 errors)
Downloaded 154,025/178,552 issues (0 errors)
Downloaded 154,050/178,552 issues (0 errors)
Downloaded 154,075/178,552 issues (0 errors)
Downloaded 154,100/178,552 issues (0 errors)
Downloaded 154,125/178,552 issues (0 errors)
Downloaded 154,150/178,552 issues (0 errors)
Downloaded 154,175/178,552 issues (0 errors)
Downloaded 154,200/178,552 issues (0 errors)
Downloaded 154,225/178,552 issues (0 errors)
Downloaded 154,250/178,552 issues (0 errors)
Downloaded 154,275/178,552 issues (0 errors)
Downloaded 154,300/178,552 issues (0 errors)
Downloaded 154,325/178,552 issues (0 errors)
Downloaded 154,350/178,552 issues (0 errors)
Downloaded 154,375/178,552 issues (0 errors)
Downloaded 154,400/178,552 issues (0 errors)
Downloaded 154,425/178,552 issues (0 errors)
Downloaded 154,450/178,552 issues (0 errors)
Downloaded 154,475/178,552 issues (0 errors)
Downloaded 154,500/178,552 issues (0 errors)
Downloaded 154,525/178,552 issues (0 errors)
Downloaded 154,550/178,552 issues (0 errors)
Downloaded 154,575/178,552 issues (0 errors)
Downloaded 154,600/178,552 issues (0 errors)
Downloaded 154,625/178,552 issues (0 errors)
Downloaded 154,650/178,552 issues (0 errors)
Downloaded 154,675/178,552 issues (0 errors)
Downloaded 154,700/178,552 issues (0 errors)
Downloaded 154,725/178,552 issues (0 errors)
Downloaded 154,750/178,552 issues (0 errors)
Downloaded 154,775/178,552 issues (0 errors)
Downloaded 154,800/178,552 issues (0 errors)
Downloaded 154,825/178,552 issues (0 errors)
Downloaded 154,850/178,552 issues (0 errors)
Downloaded 154,875/178,552 issues (0 errors)
Downloaded 154,900/178,552 issues (0 errors)
Downloaded 154,925/178,552 issues (0 errors)
Downloaded 154,950/178,552 issues (0 errors)
Downloaded 154,975/178,552 issues (0 errors)
Downloaded 155,000/178,552 issues (0 errors)
Downloaded 155,025/178,552 issues (0 errors)
Downloaded 155,050/178,552 issues (0 errors)
Downloaded 155,075/178,552 issues (0 errors)
Downloaded 155,100/178,552 issues (0 errors)
Downloaded 155,125/178,552 issues (0 errors)
Downloaded 155,150/178,552 issues (0 errors)
Downloaded 155,175/178,552 issues (0 errors)
Downloaded 155,200/178,552 issues (0 errors)
Downloaded 155,225/178,552 issues (0 errors)
Downloaded 155,250/178,552 issues (0 errors)
Downloaded 155,275/178,552 issues (0 errors)
Downloaded 155,300/178,552 issues (0 errors)
Downloaded 155,325/178,552 issues (0 errors)
Downloaded 155,350/178,552 issues (0 errors)
Downloaded 155,375/178,552 issues (0 errors)
Downloaded 155,400/178,552 issues (0 errors)
Downloaded 155,425/178,552 issues (0 errors)
Downloaded 155,450/178,552 issues (0 errors)
Downloaded 155,475/178,552 issues (0 errors)
Downloaded 155,500/178,552 issues (0 errors)
Downloaded 155,525/178,552 issues (0 errors)
Downloaded 155,550/178,552 issues (0 errors)
Downloaded 155,575/178,552 issues (0 errors)
Downloaded 155,600/178,552 issues (0 errors)
Downloaded 155,625/178,552 issues (0 errors)
Downloaded 155,650/178,552 issues (0 errors)
Downloaded 155,675/178,552 issues (0 errors)
Downloaded 155,700/178,552 issues (0 errors)
Downloaded 155,725/178,552 issues (0 errors)
Downloaded 155,750/178,552 issues (0 errors)
Downloaded 155,775/178,552 issues (0 errors)
Downloaded 155,800/178,552 issues (0 errors)
Downloaded 155,825/178,552 issues (0 errors)
Downloaded 155,850/178,552 issues (0 errors)
Downloaded 155,875/178,552 issues (0 errors)
Downloaded 155,900/178,552 issues (0 errors)
Downloaded 155,925/178,552 issues (0 errors)
Downloaded 155,950/178,552 issues (0 errors)
Downloaded 155,975/178,552 issues (0 errors)
Downloaded 156,000/178,552 issues (0 errors)
Downloaded 156,025/178,552 issues (0 errors)
Downloaded 156,050/178,552 issues (0 errors)
Downloaded 156,075/178,552 issues (0 errors)
Downloaded 156,100/178,552 issues (0 errors)
Downloaded 156,125/178,552 issues (0 errors)
Downloaded 156,150/178,552 issues (0 errors)
Downloaded 156,175/178,552 issues (0 errors)
Downloaded 156,200/178,552 issues (0 errors)
Downloaded 156,225/178,552 issues (0 errors)
Downloaded 156,250/178,552 issues (0 errors)
Downloaded 156,275/178,552 issues (0 errors)
Downloaded 156,300/178,552 issues (0 errors)
Downloaded 156,325/178,552 issues (0 errors)
Downloaded 156,350/178,552 issues (0 errors)
Downloaded 156,375/178,552 issues (0 errors)
Downloaded 156,400/178,552 issues (0 errors)
Downloaded 156,425/178,552 issues (0 errors)
Downloaded 156,450/178,552 issues (0 errors)
Downloaded 156,475/178,552 issues (0 errors)
Downloaded 156,500/178,552 issues (0 errors)
Downloaded 156,525/178,552 issues (0 errors)
Downloaded 156,550/178,552 issues (0 errors)
Downloaded 156,575/178,552 issues (0 errors)
Downloaded 156,600/178,552 issues (0 errors)
Downloaded 156,625/178,552 issues (0 errors)
Downloaded 156,650/178,552 issues (0 errors)
Downloaded 156,675/178,552 issues (0 errors)
Downloaded 156,700/178,552 issues (0 errors)
Downloaded 156,725/178,552 issues (0 errors)
Downloaded 156,750/178,552 issues (0 errors)
Downloaded 156,775/178,552 issues (0 errors)
Downloaded 156,800/178,552 issues (0 errors)
Downloaded 156,825/178,552 issues (0 errors)
Downloaded 156,850/178,552 issues (0 errors)
Downloaded 156,875/178,552 issues (0 errors)
Downloaded 156,900/178,552 issues (0 errors)
Downloaded 156,925/178,552 issues (0 errors)
Downloaded 156,950/178,552 issues (0 errors)
Downloaded 156,975/178,552 issues (0 errors)
Downloaded 157,000/178,552 issues (0 errors)
Downloaded 157,025/178,552 issues (0 errors)
Downloaded 157,050/178,552 issues (0 errors)
Downloaded 157,075/178,552 issues (0 errors)
Downloaded 157,100/178,552 issues (0 errors)
Downloaded 157,125/178,552 issues (0 errors)
Downloaded 157,150/178,552 issues (0 errors)
Downloaded 157,175/178,552 issues (0 errors)
Downloaded 157,200/178,552 issues (0 errors)
Downloaded 157,225/178,552 issues (0 errors)
Downloaded 157,250/178,552 issues (0 errors)
Downloaded 157,275/178,552 issues (0 errors)
Downloaded 157,300/178,552 issues (0 errors)
Downloaded 157,325/178,552 issues (0 errors)
Downloaded 157,350/178,552 issues (0 errors)
Downloaded 157,375/178,552 issues (0 errors)
Downloaded 157,400/178,552 issues (0 errors)
Downloaded 157,425/178,552 issues (0 errors)
Downloaded 157,450/178,552 issues (0 errors)
Downloaded 157,475/178,552 issues (0 errors)
Downloaded 157,500/178,552 issues (0 errors)
Downloaded 157,525/178,552 issues (0 errors)
Downloaded 157,550/178,552 issues (0 errors)
Downloaded 157,575/178,552 issues (0 errors)
Downloaded 157,600/178,552 issues (0 errors)
Downloaded 157,625/178,552 issues (0 errors)
Downloaded 157,650/178,552 issues (0 errors)
Downloaded 157,675/178,552 issues (0 errors)
Downloaded 157,700/178,552 issues (0 errors)
Downloaded 157,725/178,552 issues (0 errors)
Downloaded 157,750/178,552 issues (0 errors)
Downloaded 157,775/178,552 issues (0 errors)
Downloaded 157,800/178,552 issues (0 errors)
Downloaded 157,825/178,552 issues (0 errors)
Downloaded 157,850/178,552 issues (0 errors)
Downloaded 157,875/178,552 issues (0 errors)
Downloaded 157,900/178,552 issues (0 errors)
Downloaded 157,925/178,552 issues (0 errors)
Downloaded 157,950/178,552 issues (0 errors)
Downloaded 157,975/178,552 issues (0 errors)
Downloaded 158,000/178,552 issues (0 errors)
Downloaded 158,025/178,552 issues (0 errors)
Downloaded 158,050/178,552 issues (0 errors)
Downloaded 158,075/178,552 issues (0 errors)
Downloaded 158,100/178,552 issues (0 errors)
Downloaded 158,125/178,552 issues (0 errors)
Downloaded 158,150/178,552 issues (0 errors)
Downloaded 158,175/178,552 issues (0 errors)
Downloaded 158,200/178,552 issues (0 errors)
Downloaded 158,225/178,552 issues (0 errors)
Downloaded 158,250/178,552 issues (0 errors)
Downloaded 158,275/178,552 issues (0 errors)
Downloaded 158,300/178,552 issues (0 errors)
Downloaded 158,325/178,552 issues (0 errors)
Downloaded 158,350/178,552 issues (0 errors)
Downloaded 158,375/178,552 issues (0 errors)
Downloaded 158,400/178,552 issues (0 errors)
Downloaded 158,425/178,552 issues (0 errors)
Downloaded 158,450/178,552 issues (0 errors)
Downloaded 158,475/178,552 issues (0 errors)
Downloaded 158,500/178,552 issues (0 errors)
Downloaded 158,525/178,552 issues (0 errors)
Downloaded 158,550/178,552 issues (0 errors)
Downloaded 158,575/178,552 issues (0 errors)
Downloaded 158,600/178,552 issues (0 errors)
Downloaded 158,625/178,552 issues (0 errors)
Downloaded 158,650/178,552 issues (0 errors)
Downloaded 158,675/178,552 issues (0 errors)
Downloaded 158,700/178,552 issues (0 errors)
Downloaded 158,725/178,552 issues (0 errors)
Downloaded 158,750/178,552 issues (0 errors)
Downloaded 158,775/178,552 issues (0 errors)
Downloaded 158,800/178,552 issues (0 errors)
Downloaded 158,825/178,552 issues (0 errors)
Downloaded 158,850/178,552 issues (0 errors)
Downloaded 158,875/178,552 issues (0 errors)
Downloaded 158,900/178,552 issues (0 errors)
Downloaded 158,925/178,552 issues (0 errors)
Downloaded 158,950/178,552 issues (0 errors)
Downloaded 158,975/178,552 issues (0 errors)
Downloaded 159,000/178,552 issues (0 errors)
Downloaded 159,025/178,552 issues (0 errors)
Downloaded 159,050/178,552 issues (0 errors)
Downloaded 159,075/178,552 issues (0 errors)
Downloaded 159,100/178,552 issues (0 errors)
Downloaded 159,125/178,552 issues (0 errors)
Downloaded 159,150/178,552 issues (0 errors)
Downloaded 159,175/178,552 issues (0 errors)
Downloaded 159,200/178,552 issues (0 errors)
Downloaded 159,225/178,552 issues (0 errors)
Downloaded 159,250/178,552 issues (0 errors)
Downloaded 159,275/178,552 issues (0 errors)
Downloaded 159,300/178,552 issues (0 errors)
Downloaded 159,325/178,552 issues (0 errors)
Downloaded 159,350/178,552 issues (0 errors)
Downloaded 159,375/178,552 issues (0 errors)
Downloaded 159,400/178,552 issues (0 errors)
Downloaded 159,425/178,552 issues (0 errors)
Downloaded 159,450/178,552 issues (0 errors)
Downloaded 159,475/178,552 issues (0 errors)
Downloaded 159,500/178,552 issues (0 errors)
Downloaded 159,525/178,552 issues (0 errors)
Downloaded 159,550/178,552 issues (0 errors)
Downloaded 159,575/178,552 issues (0 errors)
Downloaded 159,600/178,552 issues (0 errors)
Downloaded 159,625/178,552 issues (0 errors)
Downloaded 159,650/178,552 issues (0 errors)
Downloaded 159,675/178,552 issues (0 errors)
Downloaded 159,700/178,552 issues (0 errors)
Downloaded 159,725/178,552 issues (0 errors)
Downloaded 159,750/178,552 issues (0 errors)
Downloaded 159,775/178,552 issues (0 errors)
Downloaded 159,800/178,552 issues (0 errors)
Downloaded 159,825/178,552 issues (0 errors)
Downloaded 159,850/178,552 issues (0 errors)
Downloaded 159,875/178,552 issues (0 errors)
Downloaded 159,900/178,552 issues (0 errors)
Downloaded 159,925/178,552 issues (0 errors)
Downloaded 159,950/178,552 issues (0 errors)
Downloaded 159,975/178,552 issues (0 errors)
Downloaded 160,000/178,552 issues (0 errors)
Downloaded 160,025/178,552 issues (0 errors)
Downloaded 160,050/178,552 issues (0 errors)
Downloaded 160,075/178,552 issues (0 errors)
Downloaded 160,100/178,552 issues (0 errors)
Downloaded 160,125/178,552 issues (0 errors)
Downloaded 160,150/178,552 issues (0 errors)
Downloaded 160,175/178,552 issues (0 errors)
Downloaded 160,200/178,552 issues (0 errors)
Downloaded 160,225/178,552 issues (0 errors)
Downloaded 160,250/178,552 issues (0 errors)
Downloaded 160,275/178,552 issues (0 errors)
Downloaded 160,300/178,552 issues (0 errors)
Downloaded 160,325/178,552 issues (0 errors)
Downloaded 160,350/178,552 issues (0 errors)
Downloaded 160,375/178,552 issues (0 errors)
Downloaded 160,400/178,552 issues (0 errors)
Downloaded 160,425/178,552 issues (0 errors)
Downloaded 160,450/178,552 issues (0 errors)
Downloaded 160,475/178,552 issues (0 errors)
Downloaded 160,500/178,552 issues (0 errors)
Downloaded 160,525/178,552 issues (0 errors)
Downloaded 160,550/178,552 issues (0 errors)
Downloaded 160,575/178,552 issues (0 errors)
Downloaded 160,600/178,552 issues (0 errors)
Downloaded 160,625/178,552 issues (0 errors)
Downloaded 160,650/178,552 issues (0 errors)
Downloaded 160,675/178,552 issues (0 errors)
Downloaded 160,700/178,552 issues (0 errors)
Downloaded 160,725/178,552 issues (0 errors)
Downloaded 160,750/178,552 issues (0 errors)
Downloaded 160,775/178,552 issues (0 errors)
Downloaded 160,800/178,552 issues (0 errors)
Downloaded 160,825/178,552 issues (0 errors)
Downloaded 160,850/178,552 issues (0 errors)
Downloaded 160,875/178,552 issues (0 errors)
Downloaded 160,900/178,552 issues (0 errors)
Downloaded 160,925/178,552 issues (0 errors)
Downloaded 160,950/178,552 issues (0 errors)
Downloaded 160,975/178,552 issues (0 errors)
Downloaded 161,000/178,552 issues (0 errors)
Downloaded 161,025/178,552 issues (0 errors)
Downloaded 161,050/178,552 issues (0 errors)
Downloaded 161,075/178,552 issues (0 errors)
Downloaded 161,100/178,552 issues (0 errors)
Downloaded 161,125/178,552 issues (0 errors)
Downloaded 161,150/178,552 issues (0 errors)
Downloaded 161,175/178,552 issues (0 errors)
Downloaded 161,200/178,552 issues (0 errors)
Downloaded 161,225/178,552 issues (0 errors)
Downloaded 161,250/178,552 issues (0 errors)
Downloaded 161,275/178,552 issues (0 errors)
Downloaded 161,300/178,552 issues (0 errors)
Downloaded 161,325/178,552 issues (0 errors)
Downloaded 161,350/178,552 issues (0 errors)
Downloaded 161,375/178,552 issues (0 errors)
Downloaded 161,400/178,552 issues (0 errors)
Downloaded 161,425/178,552 issues (0 errors)
Downloaded 161,450/178,552 issues (0 errors)
Downloaded 161,475/178,552 issues (0 errors)
Downloaded 161,500/178,552 issues (0 errors)
Downloaded 161,525/178,552 issues (0 errors)
Downloaded 161,550/178,552 issues (0 errors)
Downloaded 161,575/178,552 issues (0 errors)
Downloaded 161,600/178,552 issues (0 errors)
Downloaded 161,625/178,552 issues (0 errors)
Downloaded 161,650/178,552 issues (0 errors)
Downloaded 161,675/178,552 issues (0 errors)
Downloaded 161,700/178,552 issues (0 errors)
Downloaded 161,725/178,552 issues (0 errors)
Downloaded 161,750/178,552 issues (0 errors)
Downloaded 161,775/178,552 issues (0 errors)
Downloaded 161,800/178,552 issues (0 errors)
Downloaded 161,825/178,552 issues (0 errors)
Downloaded 161,850/178,552 issues (0 errors)
Downloaded 161,875/178,552 issues (0 errors)
Downloaded 161,900/178,552 issues (0 errors)
Downloaded 161,925/178,552 issues (0 errors)
Downloaded 161,950/178,552 issues (0 errors)
Downloaded 161,975/178,552 issues (0 errors)
Downloaded 162,000/178,552 issues (0 errors)
Downloaded 162,025/178,552 issues (0 errors)
Downloaded 162,050/178,552 issues (0 errors)
Downloaded 162,075/178,552 issues (0 errors)
Downloaded 162,100/178,552 issues (0 errors)
Downloaded 162,125/178,552 issues (0 errors)
Downloaded 162,150/178,552 issues (0 errors)
Downloaded 162,175/178,552 issues (0 errors)
Downloaded 162,200/178,552 issues (0 errors)
Downloaded 162,225/178,552 issues (0 errors)
Downloaded 162,250/178,552 issues (0 errors)
Downloaded 162,275/178,552 issues (0 errors)
Downloaded 162,300/178,552 issues (0 errors)
Downloaded 162,325/178,552 issues (0 errors)
Downloaded 162,350/178,552 issues (0 errors)
Downloaded 162,375/178,552 issues (0 errors)
Downloaded 162,400/178,552 issues (0 errors)
Downloaded 162,425/178,552 issues (0 errors)
Downloaded 162,450/178,552 issues (0 errors)
Downloaded 162,475/178,552 issues (0 errors)
Downloaded 162,500/178,552 issues (0 errors)
Downloaded 162,525/178,552 issues (0 errors)
Downloaded 162,550/178,552 issues (0 errors)
Downloaded 162,575/178,552 issues (0 errors)
Downloaded 162,600/178,552 issues (0 errors)
Downloaded 162,625/178,552 issues (0 errors)
Downloaded 162,650/178,552 issues (0 errors)
Downloaded 162,675/178,552 issues (0 errors)
Downloaded 162,700/178,552 issues (0 errors)
Downloaded 162,725/178,552 issues (0 errors)
Downloaded 162,750/178,552 issues (0 errors)
Downloaded 162,775/178,552 issues (0 errors)
Downloaded 162,800/178,552 issues (0 errors)
Downloaded 162,825/178,552 issues (0 errors)
Downloaded 162,850/178,552 issues (0 errors)
Downloaded 162,875/178,552 issues (0 errors)
Downloaded 162,900/178,552 issues (0 errors)
Downloaded 162,925/178,552 issues (0 errors)
Downloaded 162,950/178,552 issues (0 errors)
Downloaded 162,975/178,552 issues (0 errors)
Downloaded 163,000/178,552 issues (0 errors)
Downloaded 163,025/178,552 issues (0 errors)
Downloaded 163,050/178,552 issues (0 errors)
Downloaded 163,075/178,552 issues (0 errors)
Downloaded 163,100/178,552 issues (0 errors)
Downloaded 163,125/178,552 issues (0 errors)
Downloaded 163,150/178,552 issues (0 errors)
Downloaded 163,175/178,552 issues (0 errors)
Downloaded 163,200/178,552 issues (0 errors)
Downloaded 163,225/178,552 issues (0 errors)
Downloaded 163,250/178,552 issues (0 errors)
Downloaded 163,275/178,552 issues (0 errors)
Downloaded 163,300/178,552 issues (0 errors)
Downloaded 163,325/178,552 issues (0 errors)
Downloaded 163,350/178,552 issues (0 errors)
Downloaded 163,375/178,552 issues (0 errors)
Downloaded 163,400/178,552 issues (0 errors)
Downloaded 163,425/178,552 issues (0 errors)
Downloaded 163,450/178,552 issues (0 errors)
Downloaded 163,475/178,552 issues (0 errors)
Downloaded 163,500/178,552 issues (0 errors)
Downloaded 163,525/178,552 issues (0 errors)
Downloaded 163,550/178,552 issues (0 errors)
Downloaded 163,575/178,552 issues (0 errors)
Downloaded 163,600/178,552 issues (0 errors)
Downloaded 163,625/178,552 issues (0 errors)
Downloaded 163,650/178,552 issues (0 errors)
Downloaded 163,675/178,552 issues (0 errors)
Downloaded 163,700/178,552 issues (0 errors)
Downloaded 163,725/178,552 issues (0 errors)
Downloaded 163,750/178,552 issues (0 errors)
Downloaded 163,775/178,552 issues (0 errors)
Downloaded 163,800/178,552 issues (0 errors)
Downloaded 163,825/178,552 issues (0 errors)
Downloaded 163,850/178,552 issues (0 errors)
Downloaded 163,875/178,552 issues (0 errors)
Downloaded 163,900/178,552 issues (0 errors)
Downloaded 163,925/178,552 issues (0 errors)
Downloaded 163,950/178,552 issues (0 errors)
Downloaded 163,975/178,552 issues (0 errors)
Downloaded 164,000/178,552 issues (0 errors)
Downloaded 164,025/178,552 issues (0 errors)
Downloaded 164,050/178,552 issues (0 errors)
Downloaded 164,075/178,552 issues (0 errors)
Downloaded 164,100/178,552 issues (0 errors)
Downloaded 164,125/178,552 issues (0 errors)
Downloaded 164,150/178,552 issues (0 errors)
Downloaded 164,175/178,552 issues (0 errors)
Downloaded 164,200/178,552 issues (0 errors)
Downloaded 164,225/178,552 issues (0 errors)
Downloaded 164,250/178,552 issues (0 errors)
Downloaded 164,275/178,552 issues (0 errors)
Downloaded 164,300/178,552 issues (0 errors)
Downloaded 164,325/178,552 issues (0 errors)
Downloaded 164,350/178,552 issues (0 errors)
Downloaded 164,375/178,552 issues (0 errors)
Downloaded 164,400/178,552 issues (0 errors)
Downloaded 164,425/178,552 issues (0 errors)
Downloaded 164,450/178,552 issues (0 errors)
Downloaded 164,475/178,552 issues (0 errors)
Downloaded 164,500/178,552 issues (0 errors)
Downloaded 164,525/178,552 issues (0 errors)
Downloaded 164,550/178,552 issues (0 errors)
Downloaded 164,575/178,552 issues (0 errors)
Downloaded 164,600/178,552 issues (0 errors)
Downloaded 164,625/178,552 issues (0 errors)
Downloaded 164,650/178,552 issues (0 errors)
Downloaded 164,675/178,552 issues (0 errors)
Downloaded 164,700/178,552 issues (0 errors)
Downloaded 164,725/178,552 issues (0 errors)
Downloaded 164,750/178,552 issues (0 errors)
Downloaded 164,775/178,552 issues (0 errors)
Downloaded 164,800/178,552 issues (0 errors)
Downloaded 164,825/178,552 issues (0 errors)
Downloaded 164,850/178,552 issues (0 errors)
Downloaded 164,875/178,552 issues (0 errors)
Downloaded 164,900/178,552 issues (0 errors)
Downloaded 164,925/178,552 issues (0 errors)
Downloaded 164,950/178,552 issues (0 errors)
Downloaded 164,975/178,552 issues (0 errors)
Downloaded 165,000/178,552 issues (0 errors)
Downloaded 165,025/178,552 issues (0 errors)
Downloaded 165,050/178,552 issues (0 errors)
Downloaded 165,075/178,552 issues (0 errors)
Downloaded 165,100/178,552 issues (0 errors)
Downloaded 165,125/178,552 issues (0 errors)
Downloaded 165,150/178,552 issues (0 errors)
Downloaded 165,175/178,552 issues (0 errors)
Downloaded 165,200/178,552 issues (0 errors)
Downloaded 165,225/178,552 issues (0 errors)
Downloaded 165,250/178,552 issues (0 errors)
Downloaded 165,275/178,552 issues (0 errors)
Downloaded 165,300/178,552 issues (0 errors)
Downloaded 165,325/178,552 issues (0 errors)
Downloaded 165,350/178,552 issues (0 errors)
Downloaded 165,375/178,552 issues (0 errors)
Downloaded 165,400/178,552 issues (0 errors)
Downloaded 165,425/178,552 issues (0 errors)
Downloaded 165,450/178,552 issues (0 errors)
Downloaded 165,475/178,552 issues (0 errors)
Downloaded 165,500/178,552 issues (0 errors)
Downloaded 165,525/178,552 issues (0 errors)
Downloaded 165,550/178,552 issues (0 errors)
Downloaded 165,575/178,552 issues (0 errors)
Downloaded 165,600/178,552 issues (0 errors)
Downloaded 165,625/178,552 issues (0 errors)
Downloaded 165,650/178,552 issues (0 errors)
Downloaded 165,675/178,552 issues (0 errors)
Downloaded 165,700/178,552 issues (0 errors)
Downloaded 165,725/178,552 issues (0 errors)
Downloaded 165,750/178,552 issues (0 errors)
Downloaded 165,775/178,552 issues (0 errors)
Downloaded 165,800/178,552 issues (0 errors)
Downloaded 165,825/178,552 issues (0 errors)
Downloaded 165,850/178,552 issues (0 errors)
Downloaded 165,875/178,552 issues (0 errors)
Downloaded 165,900/178,552 issues (0 errors)
Downloaded 165,925/178,552 issues (0 errors)
Downloaded 165,950/178,552 issues (0 errors)
Downloaded 165,975/178,552 issues (0 errors)
Downloaded 166,000/178,552 issues (0 errors)
Downloaded 166,025/178,552 issues (0 errors)
Downloaded 166,050/178,552 issues (0 errors)
Downloaded 166,075/178,552 issues (0 errors)
Downloaded 166,100/178,552 issues (0 errors)
Downloaded 166,125/178,552 issues (0 errors)
Downloaded 166,150/178,552 issues (0 errors)
Downloaded 166,175/178,552 issues (0 errors)
Downloaded 166,200/178,552 issues (0 errors)
Downloaded 166,225/178,552 issues (0 errors)
Downloaded 166,250/178,552 issues (0 errors)
Downloaded 166,275/178,552 issues (0 errors)
Downloaded 166,300/178,552 issues (0 errors)
Downloaded 166,325/178,552 issues (0 errors)
Downloaded 166,350/178,552 issues (0 errors)
Downloaded 166,375/178,552 issues (0 errors)
Downloaded 166,400/178,552 issues (0 errors)
Downloaded 166,425/178,552 issues (0 errors)
Downloaded 166,450/178,552 issues (0 errors)
Downloaded 166,475/178,552 issues (0 errors)
Downloaded 166,500/178,552 issues (0 errors)
Downloaded 166,525/178,552 issues (0 errors)
Downloaded 166,550/178,552 issues (0 errors)
Downloaded 166,575/178,552 issues (0 errors)
Downloaded 166,600/178,552 issues (0 errors)
Downloaded 166,625/178,552 issues (0 errors)
Downloaded 166,650/178,552 issues (0 errors)
Downloaded 166,675/178,552 issues (0 errors)
Downloaded 166,700/178,552 issues (0 errors)
Downloaded 166,725/178,552 issues (0 errors)
Downloaded 166,750/178,552 issues (0 errors)
Downloaded 166,775/178,552 issues (0 errors)
Downloaded 166,800/178,552 issues (0 errors)
Downloaded 166,825/178,552 issues (0 errors)
Downloaded 166,850/178,552 issues (0 errors)
Downloaded 166,875/178,552 issues (0 errors)
Downloaded 166,900/178,552 issues (0 errors)
Downloaded 166,925/178,552 issues (0 errors)
Downloaded 166,950/178,552 issues (0 errors)
Downloaded 166,975/178,552 issues (0 errors)
Downloaded 167,000/178,552 issues (0 errors)
Downloaded 167,025/178,552 issues (0 errors)
Downloaded 167,050/178,552 issues (0 errors)
Downloaded 167,075/178,552 issues (0 errors)
Downloaded 167,100/178,552 issues (0 errors)
Downloaded 167,125/178,552 issues (0 errors)
Downloaded 167,150/178,552 issues (0 errors)
Downloaded 167,175/178,552 issues (0 errors)
Downloaded 167,200/178,552 issues (0 errors)
Downloaded 167,225/178,552 issues (0 errors)
Downloaded 167,250/178,552 issues (0 errors)
Downloaded 167,275/178,552 issues (0 errors)
Downloaded 167,300/178,552 issues (0 errors)
Downloaded 167,325/178,552 issues (0 errors)
Downloaded 167,350/178,552 issues (0 errors)
Downloaded 167,375/178,552 issues (0 errors)
Downloaded 167,400/178,552 issues (0 errors)
Downloaded 167,425/178,552 issues (0 errors)
Downloaded 167,450/178,552 issues (0 errors)
Downloaded 167,475/178,552 issues (0 errors)
Downloaded 167,500/178,552 issues (0 errors)
Downloaded 167,525/178,552 issues (0 errors)
Downloaded 167,550/178,552 issues (0 errors)
Downloaded 167,575/178,552 issues (0 errors)
Downloaded 167,600/178,552 issues (0 errors)
Downloaded 167,625/178,552 issues (0 errors)
Downloaded 167,650/178,552 issues (0 errors)
Downloaded 167,675/178,552 issues (0 errors)
Downloaded 167,700/178,552 issues (0 errors)
Downloaded 167,725/178,552 issues (0 errors)
Downloaded 167,750/178,552 issues (0 errors)
Downloaded 167,775/178,552 issues (0 errors)
Downloaded 167,800/178,552 issues (0 errors)
Downloaded 167,825/178,552 issues (0 errors)
Downloaded 167,850/178,552 issues (0 errors)
Downloaded 167,875/178,552 issues (0 errors)
Downloaded 167,900/178,552 issues (0 errors)
Downloaded 167,925/178,552 issues (0 errors)
Downloaded 167,950/178,552 issues (0 errors)
Downloaded 167,975/178,552 issues (0 errors)
Downloaded 168,000/178,552 issues (0 errors)
Downloaded 168,025/178,552 issues (0 errors)
Downloaded 168,050/178,552 issues (0 errors)
Downloaded 168,075/178,552 issues (0 errors)
Downloaded 168,100/178,552 issues (0 errors)
Downloaded 168,125/178,552 issues (0 errors)
Downloaded 168,150/178,552 issues (0 errors)
Downloaded 168,175/178,552 issues (0 errors)
Downloaded 168,200/178,552 issues (0 errors)
Downloaded 168,225/178,552 issues (0 errors)
Downloaded 168,250/178,552 issues (0 errors)
Downloaded 168,275/178,552 issues (0 errors)
Downloaded 168,300/178,552 issues (0 errors)
Downloaded 168,325/178,552 issues (0 errors)
Downloaded 168,350/178,552 issues (0 errors)
Downloaded 168,375/178,552 issues (0 errors)
Downloaded 168,400/178,552 issues (0 errors)
Downloaded 168,425/178,552 issues (0 errors)
Downloaded 168,450/178,552 issues (0 errors)
Downloaded 168,475/178,552 issues (0 errors)
Downloaded 168,500/178,552 issues (0 errors)
Downloaded 168,525/178,552 issues (0 errors)
Downloaded 168,550/178,552 issues (0 errors)
Downloaded 168,575/178,552 issues (0 errors)
Downloaded 168,600/178,552 issues (0 errors)
Downloaded 168,625/178,552 issues (0 errors)
Downloaded 168,650/178,552 issues (0 errors)
Downloaded 168,675/178,552 issues (0 errors)
Downloaded 168,700/178,552 issues (0 errors)
Downloaded 168,725/178,552 issues (0 errors)
Downloaded 168,750/178,552 issues (0 errors)
Downloaded 168,775/178,552 issues (0 errors)
Downloaded 168,800/178,552 issues (0 errors)
Downloaded 168,825/178,552 issues (0 errors)
Downloaded 168,850/178,552 issues (0 errors)
Downloaded 168,875/178,552 issues (0 errors)
Downloaded 168,900/178,552 issues (0 errors)
Downloaded 168,925/178,552 issues (0 errors)
Downloaded 168,950/178,552 issues (0 errors)
Downloaded 168,975/178,552 issues (0 errors)
Downloaded 169,000/178,552 issues (0 errors)
Downloaded 169,025/178,552 issues (0 errors)
Downloaded 169,050/178,552 issues (0 errors)
Downloaded 169,075/178,552 issues (0 errors)
Downloaded 169,100/178,552 issues (0 errors)
Downloaded 169,125/178,552 issues (0 errors)
Downloaded 169,150/178,552 issues (0 errors)
Downloaded 169,175/178,552 issues (0 errors)
Downloaded 169,200/178,552 issues (0 errors)
Downloaded 169,225/178,552 issues (0 errors)
Downloaded 169,250/178,552 issues (0 errors)
Downloaded 169,275/178,552 issues (0 errors)
Downloaded 169,300/178,552 issues (0 errors)
Downloaded 169,325/178,552 issues (0 errors)
Downloaded 169,350/178,552 issues (0 errors)
Downloaded 169,375/178,552 issues (0 errors)
Downloaded 169,400/178,552 issues (0 errors)
Downloaded 169,425/178,552 issues (0 errors)
Downloaded 169,450/178,552 issues (0 errors)
Downloaded 169,475/178,552 issues (0 errors)
Downloaded 169,500/178,552 issues (0 errors)
Downloaded 169,525/178,552 issues (0 errors)
Downloaded 169,550/178,552 issues (0 errors)
Downloaded 169,575/178,552 issues (0 errors)
Downloaded 169,600/178,552 issues (0 errors)
Downloaded 169,625/178,552 issues (0 errors)
Downloaded 169,650/178,552 issues (0 errors)
Downloaded 169,675/178,552 issues (0 errors)
Downloaded 169,700/178,552 issues (0 errors)
Downloaded 169,725/178,552 issues (0 errors)
Downloaded 169,750/178,552 issues (0 errors)
Downloaded 169,775/178,552 issues (0 errors)
Downloaded 169,800/178,552 issues (0 errors)
Downloaded 169,825/178,552 issues (0 errors)
Downloaded 169,850/178,552 issues (0 errors)
Downloaded 169,875/178,552 issues (0 errors)
Downloaded 169,900/178,552 issues (0 errors)
Downloaded 169,925/178,552 issues (0 errors)
Downloaded 169,950/178,552 issues (0 errors)
Downloaded 169,975/178,552 issues (0 errors)
Downloaded 170,000/178,552 issues (0 errors)
Downloaded 170,025/178,552 issues (0 errors)
Downloaded 170,050/178,552 issues (0 errors)
Downloaded 170,075/178,552 issues (0 errors)
Downloaded 170,100/178,552 issues (0 errors)
Downloaded 170,125/178,552 issues (0 errors)
Downloaded 170,150/178,552 issues (0 errors)
Downloaded 170,175/178,552 issues (0 errors)
Downloaded 170,200/178,552 issues (0 errors)
Downloaded 170,225/178,552 issues (0 errors)
Downloaded 170,250/178,552 issues (0 errors)
Downloaded 170,275/178,552 issues (0 errors)
Downloaded 170,300/178,552 issues (0 errors)
Downloaded 170,325/178,552 issues (0 errors)
Downloaded 170,350/178,552 issues (0 errors)
Downloaded 170,375/178,552 issues (0 errors)
Downloaded 170,400/178,552 issues (0 errors)
Downloaded 170,425/178,552 issues (0 errors)
Downloaded 170,450/178,552 issues (0 errors)
Downloaded 170,475/178,552 issues (0 errors)
Downloaded 170,500/178,552 issues (0 errors)
Downloaded 170,525/178,552 issues (0 errors)
Downloaded 170,550/178,552 issues (0 errors)
Downloaded 170,575/178,552 issues (0 errors)
Downloaded 170,600/178,552 issues (0 errors)
Downloaded 170,625/178,552 issues (0 errors)
Downloaded 170,650/178,552 issues (0 errors)
Downloaded 170,675/178,552 issues (0 errors)
Downloaded 170,700/178,552 issues (0 errors)
Downloaded 170,725/178,552 issues (0 errors)
Downloaded 170,750/178,552 issues (0 errors)
Downloaded 170,775/178,552 issues (0 errors)
Downloaded 170,800/178,552 issues (0 errors)
Downloaded 170,825/178,552 issues (0 errors)
Downloaded 170,850/178,552 issues (0 errors)
Downloaded 170,875/178,552 issues (0 errors)
Downloaded 170,900/178,552 issues (0 errors)
Downloaded 170,925/178,552 issues (0 errors)
Downloaded 170,950/178,552 issues (0 errors)
Downloaded 170,975/178,552 issues (0 errors)
Downloaded 171,000/178,552 issues (0 errors)
Downloaded 171,025/178,552 issues (0 errors)
Downloaded 171,050/178,552 issues (0 errors)
Downloaded 171,075/178,552 issues (0 errors)
Downloaded 171,100/178,552 issues (0 errors)
Downloaded 171,125/178,552 issues (0 errors)
Downloaded 171,150/178,552 issues (0 errors)
Downloaded 171,175/178,552 issues (0 errors)
Downloaded 171,200/178,552 issues (0 errors)
Downloaded 171,225/178,552 issues (0 errors)
Downloaded 171,250/178,552 issues (0 errors)
Downloaded 171,275/178,552 issues (0 errors)
Downloaded 171,300/178,552 issues (0 errors)
Downloaded 171,325/178,552 issues (0 errors)
Downloaded 171,350/178,552 issues (0 errors)
Downloaded 171,375/178,552 issues (0 errors)
Downloaded 171,400/178,552 issues (0 errors)
Downloaded 171,425/178,552 issues (0 errors)
Downloaded 171,450/178,552 issues (0 errors)
Downloaded 171,475/178,552 issues (0 errors)
Downloaded 171,500/178,552 issues (0 errors)
Downloaded 171,525/178,552 issues (0 errors)
Downloaded 171,550/178,552 issues (0 errors)
Downloaded 171,575/178,552 issues (0 errors)
Downloaded 171,600/178,552 issues (0 errors)
Downloaded 171,625/178,552 issues (0 errors)
Downloaded 171,650/178,552 issues (0 errors)
Downloaded 171,675/178,552 issues (0 errors)
Downloaded 171,700/178,552 issues (0 errors)
Downloaded 171,725/178,552 issues (0 errors)
Downloaded 171,750/178,552 issues (0 errors)
Downloaded 171,775/178,552 issues (0 errors)
Downloaded 171,800/178,552 issues (0 errors)
Downloaded 171,825/178,552 issues (0 errors)
Downloaded 171,850/178,552 issues (0 errors)
Downloaded 171,875/178,552 issues (0 errors)
Downloaded 171,900/178,552 issues (0 errors)
Downloaded 171,925/178,552 issues (0 errors)
Downloaded 171,950/178,552 issues (0 errors)
Downloaded 171,975/178,552 issues (0 errors)
Downloaded 172,000/178,552 issues (0 errors)
Downloaded 172,025/178,552 issues (0 errors)
Downloaded 172,050/178,552 issues (0 errors)
Downloaded 172,075/178,552 issues (0 errors)
Downloaded 172,100/178,552 issues (0 errors)
Downloaded 172,125/178,552 issues (0 errors)
Downloaded 172,150/178,552 issues (0 errors)
Downloaded 172,175/178,552 issues (0 errors)
Downloaded 172,200/178,552 issues (0 errors)
Downloaded 172,225/178,552 issues (0 errors)
Downloaded 172,250/178,552 issues (0 errors)
Downloaded 172,275/178,552 issues (0 errors)
Downloaded 172,300/178,552 issues (0 errors)
Downloaded 172,325/178,552 issues (0 errors)
Downloaded 172,350/178,552 issues (0 errors)
Downloaded 172,375/178,552 issues (0 errors)
Downloaded 172,400/178,552 issues (0 errors)
Downloaded 172,425/178,552 issues (0 errors)
Downloaded 172,450/178,552 issues (0 errors)
Downloaded 172,475/178,552 issues (0 errors)
Downloaded 172,500/178,552 issues (0 errors)
Downloaded 172,525/178,552 issues (0 errors)
Downloaded 172,550/178,552 issues (0 errors)
Downloaded 172,575/178,552 issues (0 errors)
Downloaded 172,600/178,552 issues (0 errors)
Downloaded 172,625/178,552 issues (0 errors)
Downloaded 172,650/178,552 issues (0 errors)
Downloaded 172,675/178,552 issues (0 errors)
Downloaded 172,700/178,552 issues (0 errors)
Downloaded 172,725/178,552 issues (0 errors)
Downloaded 172,750/178,552 issues (0 errors)
Downloaded 172,775/178,552 issues (0 errors)
Downloaded 172,800/178,552 issues (0 errors)
Downloaded 172,825/178,552 issues (0 errors)
Downloaded 172,850/178,552 issues (0 errors)
Downloaded 172,875/178,552 issues (0 errors)
Downloaded 172,900/178,552 issues (0 errors)
Downloaded 172,925/178,552 issues (0 errors)
Downloaded 172,950/178,552 issues (0 errors)
Downloaded 172,975/178,552 issues (0 errors)
Downloaded 173,000/178,552 issues (0 errors)
Downloaded 173,025/178,552 issues (0 errors)
Downloaded 173,050/178,552 issues (0 errors)
Downloaded 173,075/178,552 issues (0 errors)
Downloaded 173,100/178,552 issues (0 errors)
Downloaded 173,125/178,552 issues (0 errors)
Downloaded 173,150/178,552 issues (0 errors)
Downloaded 173,175/178,552 issues (0 errors)
Downloaded 173,200/178,552 issues (0 errors)
Downloaded 173,225/178,552 issues (0 errors)
Downloaded 173,250/178,552 issues (0 errors)
Downloaded 173,275/178,552 issues (0 errors)
Downloaded 173,300/178,552 issues (0 errors)
Downloaded 173,325/178,552 issues (0 errors)
Downloaded 173,350/178,552 issues (0 errors)
Downloaded 173,375/178,552 issues (0 errors)
Downloaded 173,400/178,552 issues (0 errors)
Downloaded 173,425/178,552 issues (0 errors)
Downloaded 173,450/178,552 issues (0 errors)
Downloaded 173,475/178,552 issues (0 errors)
Downloaded 173,500/178,552 issues (0 errors)
Downloaded 173,525/178,552 issues (0 errors)
Downloaded 173,550/178,552 issues (0 errors)
Downloaded 173,575/178,552 issues (0 errors)
Downloaded 173,600/178,552 issues (0 errors)
Downloaded 173,625/178,552 issues (0 errors)
Downloaded 173,650/178,552 issues (0 errors)
Downloaded 173,675/178,552 issues (0 errors)
Downloaded 173,700/178,552 issues (0 errors)
Downloaded 173,725/178,552 issues (0 errors)
Downloaded 173,750/178,552 issues (0 errors)
Downloaded 173,775/178,552 issues (0 errors)
Downloaded 173,800/178,552 issues (0 errors)
Downloaded 173,825/178,552 issues (0 errors)
Downloaded 173,850/178,552 issues (0 errors)
Downloaded 173,875/178,552 issues (0 errors)
Downloaded 173,900/178,552 issues (0 errors)
Downloaded 173,925/178,552 issues (0 errors)
Downloaded 173,950/178,552 issues (0 errors)
Downloaded 173,975/178,552 issues (0 errors)
Downloaded 174,000/178,552 issues (0 errors)
Downloaded 174,025/178,552 issues (0 errors)
Downloaded 174,050/178,552 issues (0 errors)
Downloaded 174,075/178,552 issues (0 errors)
Downloaded 174,100/178,552 issues (0 errors)
Downloaded 174,125/178,552 issues (0 errors)
Downloaded 174,150/178,552 issues (0 errors)
Downloaded 174,175/178,552 issues (0 errors)
Downloaded 174,200/178,552 issues (0 errors)
Downloaded 174,225/178,552 issues (0 errors)
Downloaded 174,250/178,552 issues (0 errors)
Downloaded 174,275/178,552 issues (0 errors)
Downloaded 174,300/178,552 issues (0 errors)
Downloaded 174,325/178,552 issues (0 errors)
Downloaded 174,350/178,552 issues (0 errors)
Downloaded 174,375/178,552 issues (0 errors)
Downloaded 174,400/178,552 issues (0 errors)
Downloaded 174,425/178,552 issues (0 errors)
Downloaded 174,450/178,552 issues (0 errors)
Downloaded 174,475/178,552 issues (0 errors)
Downloaded 174,500/178,552 issues (0 errors)
Downloaded 174,525/178,552 issues (0 errors)
Downloaded 174,550/178,552 issues (0 errors)
Downloaded 174,575/178,552 issues (0 errors)
Downloaded 174,600/178,552 issues (0 errors)
Downloaded 174,625/178,552 issues (0 errors)
Downloaded 174,650/178,552 issues (0 errors)
Downloaded 174,675/178,552 issues (0 errors)
Downloaded 174,700/178,552 issues (0 errors)
Downloaded 174,725/178,552 issues (0 errors)
Downloaded 174,750/178,552 issues (0 errors)
Downloaded 174,775/178,552 issues (0 errors)
Downloaded 174,800/178,552 issues (0 errors)
Downloaded 174,825/178,552 issues (0 errors)
Downloaded 174,850/178,552 issues (0 errors)
Downloaded 174,875/178,552 issues (0 errors)
Downloaded 174,900/178,552 issues (0 errors)
Downloaded 174,925/178,552 issues (0 errors)
Downloaded 174,950/178,552 issues (0 errors)
Downloaded 174,975/178,552 issues (0 errors)
Downloaded 175,000/178,552 issues (0 errors)
Downloaded 175,025/178,552 issues (0 errors)
Downloaded 175,050/178,552 issues (0 errors)
Downloaded 175,075/178,552 issues (0 errors)
Downloaded 175,100/178,552 issues (0 errors)
Downloaded 175,125/178,552 issues (0 errors)
Downloaded 175,150/178,552 issues (0 errors)
Downloaded 175,175/178,552 issues (0 errors)
Downloaded 175,200/178,552 issues (0 errors)
Downloaded 175,225/178,552 issues (0 errors)
Downloaded 175,250/178,552 issues (0 errors)
Downloaded 175,275/178,552 issues (0 errors)
Downloaded 175,300/178,552 issues (0 errors)
Downloaded 175,325/178,552 issues (0 errors)
Downloaded 175,350/178,552 issues (0 errors)
Downloaded 175,375/178,552 issues (0 errors)
Downloaded 175,400/178,552 issues (0 errors)
Downloaded 175,425/178,552 issues (0 errors)
Downloaded 175,450/178,552 issues (0 errors)
Downloaded 175,475/178,552 issues (0 errors)
Downloaded 175,500/178,552 issues (0 errors)
Downloaded 175,525/178,552 issues (0 errors)
Downloaded 175,550/178,552 issues (0 errors)
Downloaded 175,575/178,552 issues (0 errors)
Downloaded 175,600/178,552 issues (0 errors)
Downloaded 175,625/178,552 issues (0 errors)
Downloaded 175,650/178,552 issues (0 errors)
Downloaded 175,675/178,552 issues (0 errors)
Downloaded 175,700/178,552 issues (0 errors)
Downloaded 175,725/178,552 issues (0 errors)
Downloaded 175,750/178,552 issues (0 errors)
Downloaded 175,775/178,552 issues (0 errors)
Downloaded 175,800/178,552 issues (0 errors)
Downloaded 175,825/178,552 issues (0 errors)
Downloaded 175,850/178,552 issues (0 errors)
Downloaded 175,875/178,552 issues (0 errors)
Downloaded 175,900/178,552 issues (0 errors)
Downloaded 175,925/178,552 issues (0 errors)
Downloaded 175,950/178,552 issues (0 errors)
Downloaded 175,975/178,552 issues (0 errors)
Downloaded 176,000/178,552 issues (0 errors)
Downloaded 176,025/178,552 issues (0 errors)
Downloaded 176,050/178,552 issues (0 errors)
Downloaded 176,075/178,552 issues (0 errors)
Downloaded 176,100/178,552 issues (0 errors)
Downloaded 176,125/178,552 issues (0 errors)
Downloaded 176,150/178,552 issues (0 errors)
Downloaded 176,175/178,552 issues (0 errors)
Downloaded 176,200/178,552 issues (0 errors)
Downloaded 176,225/178,552 issues (0 errors)
Downloaded 176,250/178,552 issues (0 errors)
Downloaded 176,275/178,552 issues (0 errors)
Downloaded 176,300/178,552 issues (0 errors)
Downloaded 176,325/178,552 issues (0 errors)
Downloaded 176,350/178,552 issues (0 errors)
Downloaded 176,375/178,552 issues (0 errors)
Downloaded 176,400/178,552 issues (0 errors)
Downloaded 176,425/178,552 issues (0 errors)
Downloaded 176,450/178,552 issues (0 errors)
Downloaded 176,475/178,552 issues (0 errors)
Downloaded 176,500/178,552 issues (0 errors)
Downloaded 176,525/178,552 issues (0 errors)
Downloaded 176,550/178,552 issues (0 errors)
Downloaded 176,575/178,552 issues (0 errors)
Downloaded 176,600/178,552 issues (0 errors)
Downloaded 176,625/178,552 issues (0 errors)
Downloaded 176,650/178,552 issues (0 errors)
Downloaded 176,675/178,552 issues (0 errors)
Downloaded 176,700/178,552 issues (0 errors)
Downloaded 176,725/178,552 issues (0 errors)
Downloaded 176,750/178,552 issues (0 errors)
Downloaded 176,775/178,552 issues (0 errors)
Downloaded 176,800/178,552 issues (0 errors)
Downloaded 176,825/178,552 issues (0 errors)
Downloaded 176,850/178,552 issues (0 errors)
Downloaded 176,875/178,552 issues (0 errors)
Downloaded 176,900/178,552 issues (0 errors)
Downloaded 176,925/178,552 issues (0 errors)
Downloaded 176,950/178,552 issues (0 errors)
Downloaded 176,975/178,552 issues (0 errors)
Downloaded 177,000/178,552 issues (0 errors)
Downloaded 177,025/178,552 issues (0 errors)
Downloaded 177,050/178,552 issues (0 errors)
Downloaded 177,075/178,552 issues (0 errors)
Downloaded 177,100/178,552 issues (0 errors)
Downloaded 177,125/178,552 issues (0 errors)
Downloaded 177,150/178,552 issues (0 errors)
Downloaded 177,175/178,552 issues (0 errors)
Downloaded 177,200/178,552 issues (0 errors)
Downloaded 177,225/178,552 issues (0 errors)
Downloaded 177,250/178,552 issues (0 errors)
Downloaded 177,275/178,552 issues (0 errors)
Downloaded 177,300/178,552 issues (0 errors)
Downloaded 177,325/178,552 issues (0 errors)
Downloaded 177,350/178,552 issues (0 errors)
Downloaded 177,375/178,552 issues (0 errors)
Downloaded 177,400/178,552 issues (0 errors)
Downloaded 177,425/178,552 issues (0 errors)
Downloaded 177,450/178,552 issues (0 errors)
Downloaded 177,475/178,552 issues (0 errors)
Downloaded 177,500/178,552 issues (0 errors)
Downloaded 177,525/178,552 issues (0 errors)
Downloaded 177,550/178,552 issues (0 errors)
Downloaded 177,575/178,552 issues (0 errors)
Downloaded 177,600/178,552 issues (0 errors)
Downloaded 177,625/178,552 issues (0 errors)
Downloaded 177,650/178,552 issues (0 errors)
Downloaded 177,675/178,552 issues (0 errors)
Downloaded 177,700/178,552 issues (0 errors)
Downloaded 177,725/178,552 issues (0 errors)
Downloaded 177,750/178,552 issues (0 errors)
Downloaded 177,775/178,552 issues (0 errors)
Downloaded 177,800/178,552 issues (0 errors)
Downloaded 177,825/178,552 issues (0 errors)
Downloaded 177,850/178,552 issues (0 errors)
Downloaded 177,875/178,552 issues (0 errors)
Downloaded 177,900/178,552 issues (0 errors)
Downloaded 177,925/178,552 issues (0 errors)
Downloaded 177,950/178,552 issues (0 errors)
Downloaded 177,975/178,552 issues (0 errors)
Downloaded 178,000/178,552 issues (0 errors)
Downloaded 178,025/178,552 issues (0 errors)
Downloaded 178,050/178,552 issues (0 errors)
Downloaded 178,075/178,552 issues (0 errors)
Downloaded 178,100/178,552 issues (0 errors)
Downloaded 178,125/178,552 issues (0 errors)
Downloaded 178,150/178,552 issues (0 errors)
Downloaded 178,175/178,552 issues (0 errors)
Downloaded 178,200/178,552 issues (0 errors)
Downloaded 178,225/178,552 issues (0 errors)
Downloaded 178,250/178,552 issues (0 errors)
Downloaded 178,275/178,552 issues (0 errors)
Downloaded 178,300/178,552 issues (0 errors)
Downloaded 178,325/178,552 issues (0 errors)
Downloaded 178,350/178,552 issues (0 errors)
Downloaded 178,375/178,552 issues (0 errors)
Downloaded 178,400/178,552 issues (0 errors)
Downloaded 178,425/178,552 issues (0 errors)
Downloaded 178,450/178,552 issues (0 errors)
Downloaded 178,475/178,552 issues (0 errors)
Downloaded 178,500/178,552 issues (0 errors)
Downloaded 178,525/178,552 issues (0 errors)
Downloaded 178,550/178,552 issues (0 errors)
Downloaded 178,552/178,552 issues (0 errors)
Finished Apache
Cluster summary: /home/yakovelm/Master/Tasks/jira-url-to-instability-model/cluster_runs/20260924-212417/apache/results/cluster_run_summary.json
