issue_key,issue_type,project_key,created,time_add_to_sprint,creator,priority,original_summary_sprint,original_description_sprint,original_acceptance_criteria_sprint,original_story_points_sprint,num_comments_before_sprint,num_changes_text_before_sprint,num_changes_story_point_before_sprint,time_until_add_to_sprint,num_changes_summary_description_acceptance_sprint,num_different_words_all_text_sprint,is_change_text_num_words_5,is_change_text_num_words_10,is_change_text_num_words_15,is_change_text_num_words_20,num_issues_cretor_prev
AURORA-78,Story,AURORA,2014-01-22 19:54:10.408,2014-04-23 20:55:42.569,ksweeney,Major,automate and enforce release workflow,"In preparation for Aurora's first release and subsequent future releases we should automate the workflow.

1. Automate creation and signing of release candidate tags, generation, signing, and publication of -rc artifacts, and announcement of their availability on the list and website. 

2. Generation of a standard template VOTE email for promotion of a release candidate, including a relevant changelog.

3. Promotion of -rc tags to release tags, creation, signing, and publication of release artifacts to dist area / central repositories and announcement of their availability on the list and website. The workflow for promotion should require a permalink to a VOTE thread and a parent -rc tag.",,,2,0,0,131101.53601666668,0,0,0,0,0,0,1
MESOS-750,Improvement,MESOS,2013-10-18 21:35:29.335,2014-05-02 17:29:52.975,bmahler,Major,Require compilers that support c++11,"Requiring C++11 support will provide substantial benefits to Mesos.

Most notably, the lack of lambda support has resulted in a proliferation of continuation style functions scattered throughout the code. Having lambdas will allow us to reduce this clutter and simplify the code.

This will require carefully documenting how to get Mesos compiling on various systems to make this transition easy.",,,32,0,0,281994.39400000003,0,0,0,0,0,0,0
MESOS-987,Improvement,MESOS,2014-02-11 18:59:51.451,2014-06-13 23:07:01.539,vinodkone,Major,Wire up a code coverage tool,"Some options are gcov (works only with gcc afaict) and optionally lcov.

It would be nice to hook this up with Jenkins too.

http://meekrosoft.wordpress.com/2010/06/02/continuous-code-coverage-with-gcc-googletest-and-hudson/",,,5,0,0,175927.16813333333,0,0,0,0,0,0,0
MESOS-1324,Improvement,MESOS,2014-05-07 17:38:10.525,2014-06-13 23:07:41.428,jieyu,Major,Create a network isolator based on port mapping,"Here, we assume that we don't have enough public IPs. As a result, we are not able to assign an individual public IP to each container.

One solution is to assign the same IP for all containers on a host, and use port mapping to properly redirect network traffic to/from containers. In other words, each container will be assigned a range of ports from the host. The isolator will setup filters to properly redirect packets to/from the corresponding containers based on dst/src ip/ports.",,,5,0,0,53609.51505,0,0,0,0,0,0,0
MESOS-1527,Improvement,MESOS,2014-06-21 00:05:00.421,2014-07-14 18:58:31.725,jaybuff,Major,Choose containerizer at runtime,"Currently you have to choose the containerizer at mesos-slave start time via the --isolation option.  I'd like to be able to specify the containerizer in the request to launch the job. This could be specified by a new ""Provider"" field in the ContainerInfo proto buf.",,3.0,5,0,0,34253.521733333335,0,0,0,0,0,0,0
MESOS-1595,Story,MESOS,2014-07-15 01:19:24.656,2014-07-16 04:55:32.187,vinodkone,Major,Provide a way to install libprocess,"For C++ framework developers that want to use libprocess in their code base, it would be great if Mesos provides a way to easily get access to the headers. A first step in that direction would be to provide a install target in the libprocess Makefile for the same.",,,4,0,0,1656.1255166666667,0,0,0,0,0,0,1
SLIDER-239,Wish,SLIDER,2014-07-16 15:27:18.981,2014-08-06 01:28:59.358,lsddy,Major,Component instances should be able to advertise associated ports,"Some applications such as Databases(especially for databases that all nodes are of the same role and can all be connected) need to know the port number they are listening, so that DBAs and clients can manage the databases better.",,,1,1,0,29401.67295,0,0,0,0,0,0,0
AURORA-585,Story,AURORA,2014-07-16 22:46:56.770,2014-09-08 19:32:51.640,bhuvan,Blocker,aurora/thermos test failure on py26 due to pex,"The target {{./pants src/test/python:all -vxs}} fail, because valid pex is not built. Refer to attached log for verbose output.

{code}
[bhuvan@build incubator-aurora]$ ./build-support/pex.venv/bin/pex
Traceback (most recent call last):
  File ""./build-support/pex.venv/bin/pex"", line 5, in <module>
    from pkg_resources import load_entry_point
  File ""/home/bhuvan/projects/mesos/incubator-aurora/build-support/pex.venv/lib/python2.6/site-packages/pkg_resources.py"", line 2876, in <module>
    working_set = WorkingSet._build_master()
  File ""/home/bhuvan/projects/mesos/incubator-aurora/build-support/pex.venv/lib/python2.6/site-packages/pkg_resources.py"", line 449, in _build_master
    ws.require(__requires__)
  File ""/home/bhuvan/projects/mesos/incubator-aurora/build-support/pex.venv/lib/python2.6/site-packages/pkg_resources.py"", line 745, in require
    needed = self.resolve(parse_requirements(requirements))
  File ""/home/bhuvan/projects/mesos/incubator-aurora/build-support/pex.venv/lib/python2.6/site-packages/pkg_resources.py"", line 639, in resolve
    raise DistributionNotFound(req)
pkg_resources.DistributionNotFound: argparse
{code}

The fix is to explicitly install this library.
{code}
./build-support/pex.venv/bin/pip install argparse==1.2.1
{code}

We should fix pants to include this library as one of dependent when it build the pex of pex.",,,8,0,0,77565.9145,0,0,0,0,0,0,0
MESOS-1199,Improvement,MESOS,2014-04-08 18:20:27.436,2014-09-22 18:30:00.000,idownes,Major,"Subprocess is ""slow"" -> gated by process::reap poll interval","Subprocess uses process::reap to wait on the subprocess pid and set the exit status. However, process::reap polls with a one second interval resulting in a delay up to the interval duration before the status future is set.

This means if you need to wait for the subprocess to complete you get hit with E(delay) = 0.5 seconds, independent of the execution time. For example, the MesosContainerizer uses mesos-fetcher in a Subprocess to fetch the executor during launch. At Twitter we fetch a local file, i.e., a very fast operation, but the launch is blocked until the mesos-fetcher pid is reaped -> adding 0 to 1 seconds for every launch!

The problem is even worse with a chain of short Subprocesses because after the first Subprocess completes you'll be synchronized with the reap interval and you'll see nearly the full interval before notification, i.e., 10 Subprocesses each of << 1 second duration with take ~10 seconds!

This has become particularly apparent in some new tests I'm working on where test durations are now greatly extended with each taking several seconds.",,1.0,32,0,0,240489.54273333334,0,0,0,0,0,0,0
AURORA-84,Task,AURORA,2014-01-23 23:22:57.135,2014-09-23 20:35:43.301,wfarner,Major,Deprecate the Identity struct,"The Identity field is nested in several structs, and the {{role}} field it contains is ~always redundant to a field in {{JobKey}}. Consider removing Identity and using (or adding) a non-user-bearing field like JobKey.
An open question is whether whether {{Identity.user}} should be retained.  Most likely yes.",,,4,0,0,349752.76943333336,0,0,0,0,0,0,0
AURORA-72,Story,AURORA,2014-01-21 21:02:08.459,2014-10-06 23:30:52.276,ksweeney,Major,Improve root README.md,"README.md is the first thing many prospective contributors will see when viewing the source code as well as the first thing many users will automatically jump to. Update it to be more helpful, possibly merge with docs/README.md",,,1,0,0,371668.73028333334,0,0,0,0,0,0,0
MESOS-1330,Task,MESOS,2014-05-08 18:52:08.751,2014-10-15 16:25:43.858,nnielsen,Major,Introduce stream abstraction to libprocess,"I think it makes sense to think in terms of different low or middle layer transports (which can accommodate channels like SSL). We could capture connection life-cycles and network send/receive primitives in a much explicit manner than currently in libprocess.

I have a proof of concept transport / connection abstraction ready and which we can use to iterate a design.

Notably, there are opportunities to change the current SocketManager/Socket abstractions to explicit ConnectionManager/Connection, which allow several and composeable communication layers.

I am proposing to own this ticket and am looking for a shepherd to (thoroughly) go over design considerations before jumping into an actual implementation.",,,16,2,0,230253.58511666668,0,0,0,0,0,0,0
MESOS-1851,Improvement,MESOS,2014-10-01 07:58:27.870,2014-10-19 18:29:03.819,adamspektor,Major,Cannot provide -hostname parameter to docker container,"When using bridged networking it appears folks want to be able to resolve using hostname.  Currently still in flight upstream as well: 

https://github.com/docker/docker/issues/7851
",,,5,2,0,26550.599150000002,0,0,0,0,0,0,0
AURORA-883,Task,AURORA,2014-10-23 00:15:32.454,2014-10-23 18:43:17.601,wfarner,Critical,Create a utility that provides early CI feedback on code reviews,We can keep our build green and make life easier for committers and reviewers alike by giving review-time feedback on unit test results.  This will make it more difficult for changes to sneak in that didn't run all the tests or code quality checks.,,,1,0,0,1107.75245,0,0,0,0,0,0,1
MESOS-1886,Improvement,MESOS,2014-10-09 12:17:02.134,2014-11-04 18:24:09.704,chrisheller,Minor,Allow docker pull on each run to be configurable,"With 0.20.1 the behavior of a docker container has changed (see MESOS-1762).

This change brings the docker behavior more in line with that of {{docker run}}.

I propose,if the image given explicitly has the "":latest"" tag, this should signify to mesos that an unconditional `docker pull` should be done on the image... and if it should fail for any reason (i.e. the registry is unavailable) we fall back to the current behavior.

This would break slightly with the semantics of how the docker command line operates, but the alternative is to require explicit tags on every release -- which is a hinderance when developing a new image, or one must log in to each node and run an explicit `docker pull`.",,,5,1,0,37807.12616666666,0,0,0,0,0,0,0
MESOS-1486,Improvement,MESOS,2014-06-13 22:49:19.826,2014-11-19 17:37:51.066,nnielsen,Major,Introduce an optional master whitelist for slaves,"Like masters can whitelist slaves (and only announce available resources from slaves whitelisted), slaves should be able to whitelist masters they are willing/allowed to connect to. I have a proof-of-concept ready which ties into the slave::detected() method and prevents non-whitelisted masters to register.
If ""*"" is provided - whitelisting is not enforced (which would be the usual case).",,,13,2,0,228648.52066666668,0,0,0,0,0,0,1
AURORA-909,Story,AURORA,2014-10-31 23:31:11.187,2014-12-01 21:44:24.024,wfarner,Major,Make task scheduling more efficient,"We're making a decent effort at reducing the _cost_ of task scheduling operations, abut have not yet invested in reducing the working set in a way that causes task scheduling to scale better.  Each scheduling attempt for each task is an O(n) operation, where n is the number of offers.

I would like to explore optimizations where we try to reduce the amount of redundant work performed in task scheduling.  Say, for example, we're trying to schedule a task that needs 2 CPUs, and we only have offers with 1 CPU.  Each scheduling round will re-assess every offer, despite the fact that the offers have not changed shape, and will always be a mismatch (hereafter termed _static_ mismatches).  Instead, we should try to skip over offers that are a static mismatch.  We could do this at the {{TaskGroup}} level, since every element in a task group is by definition statically equivalent.  This means that jobs with a large number of instances could be scheduled very efficiently, since the first task scheduling round could identify static mismatches, reducing the working set in the next round.

This is to contrast with _dynamic_ mismatches, where a change in the tasks on a machine or other settings could make a previously-ineligible offer become a match.  The current sources of dynamic mismatches are limit constraints, host maintenance modes, and dedicated attributes.

I propose we proceed in several steps, re-evaluating after each:
1. instrument the scheduler to better estimate the improvements
2. avoid future (offer, task group) evaluations when static mismatches are found
3. avoid future (offer, task group) evaluations when dynamic mismatches are found",,8.0,2,0,0,44533.21395,1,11,1,1,0,0,2
USERGRID-254,Story,USERGRID,2014-11-25 14:39:07.269,2014-12-12 21:38:16.441,djohnson,Major,"Add Event system to Collections module, use it to clean up old indices","When the Core module EntityManager deletes or updates Entities in the Collections module, the Query Index records for the old versions of that Entity need to be deleted.

To enable this, we added an eventing system to the Collections module so that callers can hook into entity create, update and delete events.

And we added event handlers to clean up the Query Index records for those events. 

See the new package in Collections module:
   org.apache.usergrid.persistence.collection.event

And in Core:
   org.apache.usergrid.corepersistence.events

",,,7,0,0,24899.152866666667,1,1,0,0,0,0,0
USERGRID-255,Story,USERGRID,2014-11-25 14:52:11.424,2014-12-12 21:38:38.753,djohnson,Major,Re-indexer That Removes Source from ES,"The two-dot-o Query Index module currently stores both document source and fields in ElasticSearch. Since we only ever retrieve ID numbers from ES, there is no need for us to store source and it is a waste of resources.

This is what we need:

1) A way to configure Usergrid to either store source or not store source.

2) An index-rebuild ""Tool"" (implemented as a REST end-point) that either remove source, or add source depending on how the system in configured to operate. The Tool must allow us to re-index without downtime. Possible approach:

    For each application:

    a) Tool creates a new index and adds that index to the application's read and write alias. 

    b) Tool removes the old index from the application's write alias so it is no longer written to.

    c) Tool deletes the mappings for each newly added index, then re-creates them with the new store-source settings.

    d) Tool re-indexes the application's collections.

    e) Once re-index is complete, Tool deletes the old index


",,,4,3,0,24886.45548333333,1,1,0,0,0,0,1
HIVE-8065,Improvement,HIVE,2014-09-11 23:56:05.693,2015-01-06 17:11:44.493,spena,Major,Support HDFS encryption functionality on Hive,"The new encryption support on HDFS makes Hive incompatible and unusable when this feature is used.

HDFS encryption is designed so that an user can configure different encryption zones (or directories) for multi-tenant environments. An encryption zone has an exclusive encryption key, such as AES-128 or AES-256. Because of security compliance, the HDFS does not allow to move/rename files between encryption zones. Renames are allowed only inside the same encryption zone. A copy is allowed between encryption zones.

See HDFS-6134 for more details about HDFS encryption design.

Hive currently uses a scratch directory (like /tmp/$user/$random). This scratch directory is used for the output of intermediate data (between MR jobs) and for the final output of the hive query which is later moved to the table directory location.

If Hive tables are in different encryption zones than the scratch directory, then Hive won't be able to renames those files/directories, and it will make Hive unusable.

To handle this problem, we can change the scratch directory of the query/statement to be inside the same encryption zone of the table directory location. This way, the renaming process will be successful. 

Also, for statements that move files between encryption zones (i.e. LOAD DATA), a copy may be executed instead of a rename. This will cause an overhead when copying large data files, but it won't break the encryption on Hive.

Another security thing to consider is when using joins selects. If Hive joins different tables with different encryption key strengths, then the results of the select might break the security compliance of the tables. Let's say two tables with 128 bits and 256 bits encryption are joined, then the temporary results might be stored in the 128 bits encryption zone. This will conflict with the table encrypted with 256 bits temporary.

To fix this, Hive should be able to select the scratch directory that is more secured/encrypted in order to save the intermediate data temporary with no compliance issues.

For instance:

{noformat}
SELECT * FROM table-aes128 t1 JOIN table-aes256 t2 WHERE t1.id == t2.id;
{noformat}

- This should use a scratch directory (or staging directory) inside the table-aes256 table location.

{noformat}
INSERT OVERWRITE TABLE table-unencrypted SELECT * FROM table-aes1;
{noformat}

- This should use a scratch directory inside the table-aes1 location.


{noformat}
FROM table-unencrypted
INSERT OVERWRITE TABLE table-aes128 SELECT id, name
INSERT OVERWRITE TABLE table-aes256 SELECT id, name
{noformat}

- This should use a scratch directory on each of the tables locations.
- The first SELECT will have its scratch directory on table-aes128 directory.
- The second SELECT will have its scratch directory on table-aes256 directory.
",,,13,0,0,168075.64666666667,0,0,0,0,0,0,0
MESOS-1806,Epic,MESOS,2014-09-17 17:23:06.791,2015-01-06 17:46:32.891,ed ropple,Minor,Substituting etcd or ReplicatedLog for Zookeeper,"<adam_mesos>	 eropple: Could you also file a new JIRA for Mesos to drop ZK in favor of etcd or ReplicatedLog? Would love to get some momentum going on that one.

--

Consider it filed. =)",,,12,0,0,159863.435,3,10,1,1,0,0,0
SLIDER-688,Improvement,SLIDER,2014-11-26 21:18:44.565,2015-01-09 00:41:25.753,thw,Major,Zero touch install support,Currently the user needs to specify environment variable such as HADOOP_CONF_DIR and JAVA_HOME. Typlically the environment has Hadoop installed and distros have already provided the dependencies. User should not have to configure this for Slider.,,,2,0,0,62122.686466666666,0,0,0,0,0,0,0
USERGRID-313,Story,USERGRID,2015-01-05 22:44:24.375,2015-01-12 17:03:44.875,safeldm,Major,Convert ConnectionResourceTest/OwnershipResourceIT/Permissions to new Rest Framework,,,,1,0,0,9739.341666666667,0,0,0,0,0,0,0
OFBIZ-4941,Sub-task,OFBIZ,2012-06-16 07:20:26.724,2015-02-13 09:26:52.187,jacques.le.roux,Minor,Proposal for a new help system,"Quoting Tom Burns at OFBIZ-4869
{quote}
This is a status update just to let anyone who is interested know that this item is being worked on.

I started out using the OFBiz structure for help docs but after a while I needed/wanted something more expressive.
Here is what I wound up using for development:

    Java Help System http://java.net/projects/javahelp/content

    DocBook 5: The Definitive Guide
    http://www.docbook.org/tdg5/en/html/docbook.html
    http://www.docbook.org/xml/5.0/

    DocBook XSL: The Complete Guide
    http://www.sagehill.net/docbookxsl/index.html
    http://sourceforge.net/projects/docbook/files/docbook-xsl/1.77.1/docbook-xsl-1.77.1.zip

    Help Master - FE for managing java help files. Best feature drag and drop TOC creates TOC matching file folder structure. Convenient launcher for viewing & testing. http://www.halogenware.com/software/helpmaster.html

    XML Mind XML Editor - Free Personal Edition is far better then editing in Eclipse. download from http://www.xmlmind.com/xmleditor/download.shtml

    Tutorial - DocBook editing with XML Mind XML Editor. Worth going through http://www.xmlmind.com/xmleditor/tutorial.html

    Read Me First style guide from Sun (cost from Amazon 1 cent + shipping)

Attached are some screen shots of the results.
Every screen is/will be documented in a similar structure. This is as much for defining requirements and testing as for help. More work but worth it.

The screenshots show a Java Help format generated using DocBook XSL. This will likely not be the final presentation format.

Note the Performance Review screen shots do not match the trunk. There is a bug in update screen and I did some clean up of labels and drop-down list. There are issues like this all through the application so I did not want to get bogged down with patches at this time.
{quote}
",,,141,0,0,1399806.4243833334,0,0,0,0,0,0,3
OFBIZ-4035,Improvement,OFBIZ,2010-11-24 11:57:19.002,2015-02-21 07:34:34.957,sascha,Major,change the id Attribute for input fields in the model macro form renderer from String to FlexibleStringExapander,"hi there,
here a little useful improvement. i changed the ID Field of an input field in in the macro form renderer from a normal String to a flexible String expander. 
The advantage is that i can use ${} variables in the id description, that helps me for example creating automatically unique id's.

Cheers
Sascha

",,,2,0,0,2231737.2659166665,1,3,0,0,0,0,0
OFBIZ-4361,Sub-task,OFBIZ,2011-08-05 02:29:20.150,2015-02-21 07:37:14.669,mz4wheeler,Major,"Any ecommerce user has the ability to reset anothers password (including admin) via ""Forget Your Password""","Currently, any user (via ecommerce ""Forget Your Password"") has the ability to reset another users password, including ""admin"" without permission.  By simply entering ""admin"" and clicking ""Email Password"", the following is displayed.

The following occurred:
A new password has been created and sent to you. Please check your Email.

This now forces the user of the ERP to change their password.  It is also possible to generate a dictionary attack against ofbiz because there is no capta code required.  This is serious security risk.

This feature could be reduced to a certain sub-set of users, whose login name is optionally in the format of an email address, and maybe require a capta code to prevent dictionary attacks.

For example, limit the feature to role ""Customer"" of type ""Person"" which was generated via an ecommerce transaction.",,,4,0,0,1866547.9086499999,0,0,0,0,0,0,0
OFBIZ-4274,New Feature,OFBIZ,2011-05-10 12:19:55.708,2015-02-21 07:37:14.897,adrianc@hlmksw.com,Major,Implement a REST Servlet,"Implement a REST servlet that will map REST requests to OFBiz services. Details are in the comments.

[here is the discussion which took place on the dev ML|http://markmail.org/message/ai6q2fbksowaayn4]
",,,24,1,0,1991237.3198166667,0,0,0,0,0,0,0
OFBIZ-237,New Feature,OFBIZ,2006-09-12 13:17:46.000,2015-02-21 07:37:42.074,jacques.le.roux,Minor,POS Cash/Paid in and out of drawer,"This issue was initially created by Ray Barlow

It is sometimes necessary to take cash out or put cash in the drawer for various reasons.

There should be a feature on the mgr screen where a user can select an in or out option and then enter a value along with a reason type for the adjustment. The type should be an option to quick select from a pre-defined list along with a free form edit box to add a more specific comment.

For example user X is asked to post a product to a customer:
User X can take out £4.50 from the till with the type as ""Postage"" and comment such as ""Sent a replacement product for Mr Y"" ",,,2,0,0,4440619.934566666,0,0,0,0,0,0,1
OFBIZ-235,New Feature,OFBIZ,2006-09-12 13:08:51.000,2015-02-21 07:37:42.115,jacques.le.roux,Minor,POS Z report,"This is generally used as a daily report but should still take a date range to be really useful.

show total sales by tender type, with VAT breakdown by rates
transaction count (number of sales)
number of items sold / average per customer
average spend per customer
totals of discounts

This issue was initially created by Ray Barlow",,,1,0,0,4440628.851916667,1,5,1,0,0,0,0
OFBIZ-372,New Feature,OFBIZ,2006-10-11 03:43:15.000,2015-02-21 07:37:56.578,foggy,Minor,Itemize tax in POS receipts,"In a GST/VAT environment where product prices are stored exTax, it is not possible to display the tax-inclusive price of items on store receipts. The receipt generation code only allows for the display of the total tax for the order.

To improve the flexibility of receipt formatting, I propose to add two additional tags, ""salesTax"" and ""subtotalPlusTax"" to the receipt generation capability.",,,4,0,0,4399434.692966667,0,0,0,0,0,0,0
OFBIZ-3266,Improvement,OFBIZ,2009-11-27 07:18:33.314,2015-02-21 07:38:41.538,jacques.le.roux,Minor,When doint a payment in POS some ECAs should not be fired ,This would speed up things a bit,,,2,0,0,2753300.137066667,0,0,0,0,0,0,2
OFBIZ-5583,Improvement,OFBIZ,2014-03-18 04:23:26.086,2015-02-21 07:40:23.375,hoandv,Major,Amount in cash is greater than total due in webpos,"When i buy a product have price is 40$ and i pay cash 50$, webpos throw exception Amount in cash is greater than total due",,,10,0,0,489796.95481666666,0,0,0,0,0,0,0
OFBIZ-5682,Improvement,OFBIZ,2014-07-14 20:51:36.867,2015-02-21 07:40:24.163,pfm.smits,Major,Hardcoded stylesheets and javascript resources,"The 'HtmlHead.ftl' file of the cmssite component contains following hardcoded style sheet and javascript resources:

* /images/fieldlookup.js
* /images/selectall.js
* /images/ecommain.css
* /ecommerce/images/blog.css
* /content/images/contentForum.css",,,3,0,0,318888.78826666664,0,0,0,0,0,0,0
AURORA-1148,Story,AURORA,2015-02-25 08:16:06.805,2015-03-02 17:59:16.358,yasumoto,Major,Display All Scheduling Veto Reasons for PENDING tasks,"Recently I was triaging an instance that would not schedule, and although I was validating many possibilities, I did get sidetracked when I saw that 'Insufficient RAM' was listed as the reason.

In fact, there was also insufficient Disk, CPU, and hosts, as this was a task which had a dedicated constraint.

In order to give more information, we should ensure we're exposing all Vetoes to help narrow if there is just one resource preventing scheduling, or many (all resources may point to a lack of hosts overall, for instance).

I did notice both AURORA-377 and AURORA-911, but both seem unrelated to this.",,,2,0,0,7783.159216666667,0,0,0,0,0,0,0
MESOS-2205,Documentation,MESOS,2014-12-30 02:01:38.140,2015-03-09 23:12:33.987,mcypark,Critical,Add user documentation for Dynamic Reservation,"Add a document for dynamic reservations. Topics include motivation, use cases, correct usage, valid states and transitions of the (role, reservation_type) pair.",,2.0,3,2,0,100630.93078333333,3,49,1,1,1,1,0
AURORA-811,Task,AURORA,2014-10-08 04:20:09.146,2015-03-16 21:21:31.569,clambert,Major,"Add ShiroAopModule, shiro AOP @RequiresPermissions annotations","Also:
* Deprecate CapabilityValidator and its annotations and interceptors
* Deprecate UnsecureAuthModule. 
* Deprecate SessionKey arguments in Thrift API.",,3.0,1,1,0,229981.37371666668,0,0,0,0,0,0,0
MESOS-2233,Task,MESOS,2015-01-16 21:59:45.407,2015-03-30 18:19:20.617,vinodkone,Major,Run ASF CI mesos builds inside docker,"There are several limitations to mesos projects current state of CI, which is run on builds.a.o

--> Only runs on Ubuntu
--> Doesn't run any tests that deal with cgroups
--> Doesn't run any tests that need root permissions

Now that ASF CI supports docker (https://issues.apache.org/jira/browse/BUILDS-25), it would be great for the Mesos project to use it.",,5.0,1,0,0,104899.58683333333,0,0,0,0,0,0,2
USERGRID-527,Story,USERGRID,2015-03-31 17:19:17.483,2015-04-01 17:17:00.222,jeffreyawest,Critical,Write external ES test to ensure we get even routing across the ES cluster,"One of the problems we have faced is uneven distribution in the ES cluster.  We have made changes for document routing that seemed to help, but we are still getting hot nodes in the cluster.  We need to have a test that hits ES directly with load as UG would do to test our cluster distribution.",,3.0,1,0,0,1437.7123166666668,0,0,0,0,0,0,0
USERGRID-538,Story,USERGRID,2015-04-03 01:43:17.515,2015-04-03 17:10:28.493,senthilkumar.kj,Minor,Improve uncaught errors' http response,"When an uncaught exception happens in stack's rest layer, we throw the java error in response to the user. Such responses could just say internal server error. And as [~tnine] suggested, we could add a time uuid to the error response, so we can correlate the error in logs and track the error down for the user. ",,1.0,2,0,0,927.1829666666667,0,0,0,0,0,0,0
MESOS-2629,Task,MESOS,2015-04-16 21:46:41.823,2015-04-17 15:46:13.513,jvanremoortere,Major,Update style guide to disallow capture by reference of temporaries,Update the style guide according to the epic.,,1.0,1,0,0,1079.5281666666667,4,623,1,1,1,1,0
KYLIN-715,Improvement,KYLIN,2015-04-21 16:52:17.765,2015-04-24 15:56:02.159,owen.omalley,Major,Add Apache licenses to files,"We need to fix:
{noformat}
  bin/check-env.sh
  bin/find-hive-dependency.sh
  bin/health-check.sh
  bin/kylin.sh
  bin/sample.sh
  bin/setenv.sh
  conf/kylin.properties
  conf/kylin_job_conf.xml
  docs/Installation/Hadoop Environment.md
  docs/Installation/How to generate install binaries.md
  docs/Installation/Installation.md
  docs/Installation/Multiple Kylin REST servers.md
  docs/Installation/Off Hadoop CLI Installation.md
  docs/Installation/On Hadoop CLI installation.md
  docs/Installation/On Hadoop Kylin installation using Docker.md
  docs/JobEngine/Design.md
  docs/MISC/FAQ on Kylin Installation and Usage.md
  docs/MISC/How to Contribute.md
  docs/MISC/Kylin Document Conventions.md
  docs/Operations/Advanced settings of Kylin environment.md
  docs/Operations/Export Kylin HBase data.md
  docs/Operations/Kylin Metadata Store.md
  docs/REST/Build Cube with Restful API.md
  docs/REST/How to consume Kylin REST API in javascript.md
  docs/REST/Kylin Restful API List.md
  docs/TechInside/Kylin 0.7 Lambda Architecture.md
  docs/TechInside/New meta data model structure.md
  docs/Test/Run Kylin test case with HBase Mini Cluster.md
  docs/Tutorial/How to use kylin remote jdbc driver.md
  docs/Tutorial/Kylin and Excel Tutorial.md
  docs/Tutorial/Kylin and Tableau Tutorial.md
  docs/Tutorial/Kylin Cube Build and Job Monitoring Tutorial.md
  docs/Tutorial/Kylin Cube Creation Tutorial.md
  docs/Tutorial/Kylin Cube Permission Grant Tutorial.md
  docs/Tutorial/Kylin ODBC Driver Tutorial.md
  docs/Tutorial/Kylin Web Tutorial.md
  docs/Tutorial/Quick play with a sample cube.md
  docs/website/_config-prod.yml
  docs/website/_config.yml
  docs/website/_includes/head.cn.html
  docs/website/_includes/head.html
  docs/website/_includes/header.cn.html
  docs/website/_includes/header.html
  docs/website/_layouts/default-cn.html
  docs/website/_layouts/default.html
  docs/website/_layouts/page.html
  docs/website/_layouts/post.html
  docs/website/_posts/2015-01-25-introduce-data-model.md
  docs/website/_sass/_base.scss
  docs/website/_sass/_layout.scss
  docs/website/_sass/_syntax-highlighting.scss
  docs/website/about/index.md
  docs/website/assets/css/font-awesome.min.css
  docs/website/assets/css/styles.css
  docs/website/assets/fonts/fontawesome-webfont.svg
  docs/website/assets/fonts/helveticaneue-webfont.css
  docs/website/assets/fonts/helveticaneue-webfont.svg
  docs/website/assets/fonts/helveticaneue_lt.css
  docs/website/assets/fonts/helveticaneue_lt.svg
  docs/website/assets/fonts/opensans-light-webfont.svg
  docs/website/assets/fonts/opensans-regular-webfont.svg
  docs/website/assets/js/bootstrap.min.js
  docs/website/assets/js/jquery-1.9.1.min.js
  docs/website/assets/js/main.js
  docs/website/BingSiteAuth.xml
  docs/website/blog/index.html
  docs/website/CNAME
  docs/website/community/index.html
  docs/website/css/main.scss
  docs/website/docs/index.html
  docs/website/docs/installation-content.html
  docs/website/docs/intro-content.html
  docs/website/download/index.md
  docs/website/feed.xml
  docs/website/google0f781a4ad9402c21.html
  docs/website/index.cn.md
  docs/website/index.md
  docs/website/README.md
  examples/ReleaseNotes.md
  examples/sample_cube/create_sample_tables.sql
  examples/test_case_data/localmeta/kylin.properties
  examples/test_case_data/localmeta/kylin_job_conf.xml
  examples/test_case_data/localmeta_v1/kylin.properties
  examples/test_case_data/minicluster/b-kylin/kylin.properties
  examples/test_case_data/minicluster/b-kylin/meta/kylin.properties
  examples/test_case_data/minicluster/kylin.properties
  examples/test_case_data/minicluster/kylin_job_conf.lzo_disabled.xml
  examples/test_case_data/minicluster/kylin_job_conf.lzo_enabled.xml
  examples/test_case_data/minicluster/kylin_job_conf.xml
  examples/test_case_data/sandbox/capacity-scheduler.xml
  examples/test_case_data/sandbox/core-site.xml
  examples/test_case_data/sandbox/hadoop-policy.xml
  examples/test_case_data/sandbox/hbase-policy.xml
  examples/test_case_data/sandbox/hbase-site.xml
  examples/test_case_data/sandbox/hdfs-site.xml
  examples/test_case_data/sandbox/hive-site.xml
  examples/test_case_data/sandbox/kylin.properties
  examples/test_case_data/sandbox/kylin_job_conf.xml
  examples/test_case_data/sandbox/mapred-site.xml
  examples/test_case_data/sandbox/yarn-site.xml
  examples/test_case_data/sandbox-hdp21/core-site.xml
  examples/test_case_data/sandbox-hdp21/hbase-site.xml
  examples/test_case_data/sandbox-hdp21/hdfs-site.xml
  examples/test_case_data/sandbox-hdp21/hive-site.xml
  examples/test_case_data/sandbox-hdp21/kylin.properties
  examples/test_case_data/sandbox-hdp21/kylin_job_conf.lzo_disabled.xml
  examples/test_case_data/sandbox-hdp21/kylin_job_conf.lzo_enabled.xml
  examples/test_case_data/sandbox-hdp21/kylin_job_conf.xml
  examples/test_case_data/sandbox-hdp21/mapred-site.xml
  examples/test_case_data/sandbox-hdp21/yarn-site.xml
  README.md
  script/build.sh
  script/compress.sh
  script/download-tomcat.sh
  script/package.sh
  script/prepare.sh
  webapp/.bowerrc
  webapp/.editorconfig
  webapp/.jshintrc
  webapp/app/css/AdminLTE-fonts.css
  webapp/app/css/AdminLTE.css
  webapp/app/htaccess.dist
  webapp/app/less/animation.less
  webapp/app/less/app.less
  webapp/app/less/build.less
  webapp/app/less/component.less
  webapp/app/less/home.less
  webapp/app/less/layout.less
  webapp/app/less/navbar.less
  webapp/Gruntfile.js
  webapp/README.md
  webapp/template/nginx_default.conf
  webapp/validate-commit-msg.js
{noformat}",,,4,0,0,4263.7399,0,0,0,0,0,0,0
USERGRID-572,Story,USERGRID,2015-04-16 16:26:45.550,2015-04-29 20:28:22.128,jeffreyawest,Critical,Setting or qparameter for not returning the qparams in the response,"Please add a setting that can prevent the qparams from being returned in a response, and/or add a filter for accessToken and ClientID/ClientSecret to not be returned in a response.",,1.0,3,0,0,18961.609633333333,1,24,1,1,1,1,1
AURORA-1047,Task,AURORA,2015-01-22 20:12:07.383,2015-05-11 20:45:00.257,wickman,Major,Implement state reconciliation within the scheduler,,,8.0,7,0,0,156992.88123333332,0,0,0,0,0,0,0
USERGRID-643,Story,USERGRID,2015-05-07 22:10:47.898,2015-05-13 17:27:10.824,safeldm,Major,Implement Reindex By Collection,PerformanceEntityRebuildIndexTest.rebuildOneCollectionIndex:228 null,,3.0,1,0,0,8356.382099999999,0,0,0,0,0,0,1
MESOS-1131,Improvement,MESOS,2014-03-20 21:11:39.792,2015-05-15 15:40:42.125,benjaminhindman,Major,Support HTTP auth in libprocess,,,,6,0,0,605909.0388833333,0,0,0,0,0,0,0
MESOS-2709,Improvement,MESOS,2015-05-08 18:51:49.920,2015-05-15 16:30:26.106,marco-mesos,Major,Design Master discovery functionality for HTTP-only clients,"When building clients that do not bind to {{libmesos}} and only use the HTTP API (via ""pure"" language bindings - eg, Java-only) there is no simple way to discover the Master's IP address to connect to.

Rather than relying on 'out-of-band' configuration mechanisms, we would like to enable the ability of interrogating the ZooKeeper ensemble to discover the Master's IP address (and, possibly, other information) to which the HTTP API requests can be addressed to.",,3.0,3,0,0,9938.6031,0,0,0,0,0,0,0
MESOS-2340,Improvement,MESOS,2015-02-10 21:57:42.336,2015-05-26 17:54:14.250,zmanji,Major,Publish JSON in ZK instead of serialized MasterInfo,"Currently to discover the master a client needs the ZK node location and access to the MasterInfo protobuf so it can deserialize the binary blob in the node.

I think it would be nice to publish JSON (like Twitter's ServerSets) so clients are not tied to protobuf to do service discovery.",,5.0,15,0,0,150956.5319,2,59,1,1,1,1,0
MESOS-2940,Improvement,MESOS,2015-06-25 21:33:26.694,2015-06-26 06:36:55.288,bmahler,Critical,Reconciliation is expensive for large numbers of tasks.,"We've observed that both implicit and explicit reconciliation are expensive for large numbers of tasks:

{noformat: title=Explicit O(100,000) tasks: 70secs}
I0625 20:55:23.716320 21937 master.cpp:3863] Performing explicit task state reconciliation for N tasks of framework F (NAME) at S@IP:PORT
I0625 20:56:34.812464 21937 master.cpp:5041] Removing task T with resources R of framework F on slave S at slave(1)@IP:PORT (HOST)
{noformat}

{noformat: title=Implicit with O(100,000) tasks: 60secs}
I0625 20:25:22.310601 21936 master.cpp:3802] Performing implicit task state reconciliation for framework F (NAME) at S@IP:PORT
I0625 20:26:23.874528 21921 master.cpp:218] Scheduling shutdown of slave S due to health check timeout
{noformat}

Let's add a benchmark to see if there are any bottlenecks here, and to guide improvements.",,3.0,1,0,0,543.4765666666667,0,0,0,0,0,0,1
MAHOUT-1653,Dependency upgrade,MAHOUT,2015-03-24 17:16:49.686,2015-07-01 22:45:52.784,andrew.musselman,Major,Spark 1.3,Support Spark 1.3,,,37,0,0,142889.05163333332,0,0,0,0,0,0,0
MAHOUT-1746,Blog - New Blog Request,MAHOUT,2015-06-23 20:16:35.585,2015-07-02 04:37:40.339,dlyubimov,Major,"Fix: mxA ^ 2, mxA ^ 0.5 to mean the same thing as mxA * mxA and mxA ::= sqrt _","it so happens that in java, if x is of double type, Math.pow(x,2.0) and x * x produce different values approximately once in million random values.

This is extremely annoying as it creates rounding errors, especially with things like euclidean distance computations, which eventually may produce occasional NaNs. 

This issue suggests to get special treatment on vector and matrix dsl to make sure identical fpu algorithms are running as follows:

x ^ 2 <=> x * x
x ^ 0.5 <=> sqrt(x)

",,,17,0,0,12021.079233333332,0,0,0,0,0,0,0
MAHOUT-1752,New Feature,MAHOUT,2015-06-24 16:24:25.412,2015-07-02 04:37:40.339,avati,Major,H2O implementation of CbindScalar,,,,5,0,0,10813.248783333334,0,0,0,0,0,0,0
MAHOUT-1753,Blog - New Blog Request,MAHOUT,2015-06-24 17:17:03.568,2015-07-02 04:37:40.339,dlyubimov,Major,First and second moment routines ,"R analogs: mean(), rowCols(), rowMeans(), variance(), sd().

Since it presents an efficiency problem to compute second and first moment as two different routines, this issue suggest to unify computation of both first and second moments in the same routine. 

For completeness, we do both in-core and distriuted variations, by convention prepending distributed versions with ""d"" letter: 

colMeanVars()
colMeanStdevs()
dcolMeanVars()
dcolMeanStdevs()
",,,1,0,0,10760.61285,0,0,0,0,0,0,1
MAHOUT-1754,Blog - New Blog Request,MAHOUT,2015-06-24 17:18:01.746,2015-07-02 04:37:40.339,dlyubimov,Major,Distance and squared distance matrix routines,"R analogs: dist()

this issue suggests to provide routine for distance and squared distance matrix computation. 

Since most of the use actually requires or can use square distance routine, we suggest to provide both squared and non-squared eucledian distance matrices. 

By convention, distributed versions are prepended by (d) letter:

dist(x)
sqDist(x)
dsqDist

The points are assumed to be row-wise. 

We also provide variation for pair-wise distance matrix of two different inputs x and y: 

sqDist(x,y)
dsqDist(x,y).

",,,2,0,0,10759.643216666667,0,0,0,0,0,0,2
AURORA-1096,Story,AURORA,2015-02-04 00:31:10.732,2015-07-06 20:43:00.460,maximk,Major,Scheduler updater should limit the number of job/instance events,"Large/flapping scheduler job updates may generate too many events in the update store. The update settings are fully controlled by the user and there is a potential for a misconfigured job update to completely overwhelm our in-memory DB storage with job update instance events. 

For example, a large flapping update with {{max_per_shard_failures}} and {{max_total_failures}} set to max INT when left unattended can quickly consume all available RAM and kill the scheduler. A manual cleanup of the scheduler log would be needed to bring the scheduler up.

This can be especially relevant with the introduction of update heartbeats  (AURORA-690) that can further exacerbate the problem (e.g. when {{blockIfNoPulseAfterMs}} set too low wrt the external service pulse rate).

We need to cap the max per-job lifetime count of {{JobUpdateEvent}} and {{JobInstanceUpdateEvent}} instances. A nice bonus would be providing a hint in the UI when the event sequence is cut off.",,5.0,6,0,0,220091.8288,0,0,0,0,0,0,0
AURORA-1014,Story,AURORA,2015-01-14 19:54:41.669,2015-07-20 20:46:37.065,ksweeney,Major,Client binding_helper to resolve docker label to a stable ID at create,"Follow-up from discussion on IRC:

Some docker labels are mutable, meaning the image a task runs in could change from restart to restart even if the rest of the task config doesn't change. This breaks assumptions that make rolling updates the safe and preferred way to deploy a new Aurora job

Add a binding helper that resolves a docker label to an immutable image identifier at create time and make it the default for the Docker helper introduced in https://reviews.apache.org/r/28920/",,5.0,4,0,0,269331.92326666665,0,0,0,0,0,0,2
MESOS-1113,Story,MESOS,2014-03-17 20:29:40.463,2015-07-20 21:10:14.153,tstclair,Major,Refactor cgroup interface in preparation for Systemd NWO.,"In coming releases cgroups will no longer have it's own interface,  all interactions will go through systemd's DBUS interface:

http://www.freedesktop.org/wiki/Software/systemd/ControlGroupInterface/

This ticket is to track and allow the refactoring and migration that will be required in order to support.  

----- Original Message -----
> From: ""Lennart Poettering"" <mzerqung@0pointer.de>
> To: ""Development discussions related to Fedora"" <devel@lists.fedoraproject.org>
> Cc: ""Fedora Big Data SIG"" <bigdata@lists.fedoraproject.org>
> Sent: Monday, March 17, 2014 8:18:37 PM
> Subject: Re: Systemd & cgroups & NWO
> 
> Well, the nebulous choice of words is intended, since we don't want to
> make specific promises on time-frames...
> 
> The APIs described (tersely) at the end of the wiki page describe the
> status quo with systemd 211.
> 
> The ""single-writer"" cgroup tree stuff Tejun has been working on for the
> kernel is now working on his machine, but it's not pushed upstream and
> will take a while before it will hit Fedora.
> 
> At this point in time you hence still may create cgroups directly
> yourself (but only if you follow the pax cgroup document), however, we
> strongly encourage you to instead use scopes/slices to create them, as
> discussed on the wiki page. This way the cgroups transition will be
> abstracted away from you. You have control of a number of knobs that
> systemd will expose for you, such as CPUShares=, BlockIOWeight= and so
> on, but this is not complete, and primarily so because it's not clear
> that those other properties will continue to exist the way they are in
> the kernel. To read statistics data or to write knobs that systemd
> doesn't cover you need to go directly to the cgroupfs. For that, simply
> read /proc/self/cgroup to find out your own cgroup, and then operate on
> that. However, as during the single-writer cgroup transition the kernel
> interface how we set things up will change, be prepared that things
> might break...
> 
> Lennart
> 
> --
> Lennart Poettering, Red Hat

",,,2,1,0,705640.5615,0,0,0,0,0,0,0
KYLIN-591,New Feature,KYLIN,2015-02-05 02:45:42.174,2015-07-27 11:28:09.829,lukehan,Major,Leverage Zeppelin to interactive with Kylin,Detail to add...,,,2,0,0,248202.46091666666,0,0,0,0,0,0,0
MESOS-3144,Task,MESOS,2015-07-24 19:22:31.806,2015-07-27 18:13:26.722,marco-mesos,Trivial,Update Homebrew formula for Mesos (Mac OSX),"We have pushed a [pull request|https://github.com/Homebrew/homebrew/pull/42099] to Homebrew for the new 0.23 formula.

Once accepted, we must verify that this works on a Mac OSX device.
This would also be a great time to ensure our documentation is up-to-date.

Currently, the Homebrew check fails, as they have deprecated SHA-1 checksums:
{noformat}
Error Message

failed: brew audit mesos
Stacktrace

        Error: 7 problems in 1 formula
mesos:
 * Stable resource ""protobuf"": SHA1 checksums are deprecated, please use SHA256
 * Stable resource ""python-gflags"": SHA1 checksums are deprecated, please use SHA256
 * Stable resource ""six"": SHA1 checksums are deprecated, please use SHA256
 * Stable resource ""google-apputils"": SHA1 checksums are deprecated, please use SHA256
 * Stable resource ""python-dateutil"": SHA1 checksums are deprecated, please use SHA256
 * Stable resource ""boto"": SHA1 checksums are deprecated, please use SHA256
 * Stable resource ""pytz"": SHA1 checksums are deprecated, please use SHA256
{noformat}

Don't know enough about Homebrew to really figure out what is going on here; nor how to fix this.
The Mesos SHA-256 has been correctly entered and computed via the [Online SHA/MD5 calculator|https://md5file.com/calculator].

I guess, we should go download the packages and compute their SHA-256 and/or research from the respective download sites whether they publish the SHA.",,1.0,4,2,0,4250.915266666667,0,0,0,0,0,0,1
SPARK-4574,Sub-task,SPARK,2014-11-24 15:12:40.979,2015-08-03 22:17:01.199,scwf,Blocker,Adding support for defining schema in foreign DDL commands.,"Adding support for defining schema in foreign DDL commands. Now foreign DDL support commands like:

{code}
   CREATE TEMPORARY TABLE avroTable
   USING org.apache.spark.sql.avro
   OPTIONS (path ""../hive/src/test/resources/data/files/episodes.avro"")
{code}


Let user can define schema instead of infer from file, so we can support ddl command as follows:

{code}
   CREATE TEMPORARY TABLE avroTable(a int, b string)
   USING org.apache.spark.sql.avro
   OPTIONS (path ""../hive/src/test/resources/data/files/episodes.avro"")
{code}

",,,5,1,0,363304.337,0,0,0,0,0,0,0
SPARK-4912,Sub-task,SPARK,2014-12-20 20:46:40.829,2015-08-03 22:17:01.199,marmbrus,Blocker,Persistent data source tables,It would be good if tables created through the new data sources api could be persisted to the hive metastore.,,,8,0,0,325530.3395,0,0,0,0,0,0,0
SPARK-5182,Sub-task,SPARK,2015-01-09 21:17:56.046,2015-08-03 22:17:01.199,yhuai,Blocker,Partitioning support for tables created by the data source API,,,,8,0,0,296699.08588333335,0,0,0,0,0,0,0
SPARK-5183,Sub-task,SPARK,2015-01-09 21:18:45.432,2015-08-03 22:17:01.199,yhuai,Critical,Document data source API,We need to document the data types the caller needs to support.,,,2,0,0,296698.26278333337,0,0,0,0,0,0,1
SPARK-5501,Sub-task,SPARK,2015-01-30 20:41:09.417,2015-08-03 22:17:01.199,yhuai,Blocker,Write support for the data source API,,,,3,0,0,266495.8630333333,0,0,0,0,0,0,2
SPARK-5568,Sub-task,SPARK,2015-02-03 19:01:53.062,2015-08-03 22:17:01.199,yhuai,Blocker,Python API for the write support of the data source API,,,,1,0,0,260835.13561666667,0,0,0,0,0,0,3
SPARK-5595,Sub-task,SPARK,2015-02-04 17:16:40.790,2015-08-03 22:17:01.199,yhuai,Blocker,In memory data cache should be invalidated after insert into/overwrite,,,,2,0,0,259500.34015,0,0,0,0,0,0,4
SPARK-5603,Sub-task,SPARK,2015-02-04 23:02:27.502,2015-08-03 22:17:01.199,yhuai,Blocker,Preinsert casting and renaming rule is needed in the Analyzer,"For an INSERT INTO/OVERWRITE statement, we should add necessary Cast and Alias to the output of the query.

{code}
CREATE TEMPORARY TABLE jsonTable (a int, b string)
USING org.apache.spark.sql.json.DefaultSource
OPTIONS (
  path '...'
)
INSERT OVERWRITE TABLE jsonTable SELECT a * 2, a * 4 FROM table
{code}
For a*2, we should create an Alias, so the InsertableRelation can know it is the column a. For a*4, it is actually the column b in jsonTable. We should first cast it to StringType and add an Alias b to it.",,,2,0,0,259154.56161666667,0,0,0,0,0,0,5
SPARK-5658,Sub-task,SPARK,2015-02-06 23:23:11.420,2015-08-03 22:17:01.199,yhuai,Blocker,Finalize DDL and write support APIs,,,,2,0,0,256253.82965,0,0,0,0,0,0,6
SPARK-6625,Sub-task,SPARK,2015-03-31 04:26:47.967,2015-08-03 22:17:01.199,rxin,Major,Add common string filters to data sources,"Filters such as startsWith, endsWith, contains will be very useful for data sources that provide search functionality, e.g. Succinct, Elastic Search, Solr.",,,1,2,0,181070.22053333334,0,0,0,0,0,0,6
SPARK-6906,Story,SPARK,2015-04-14 18:09:00.822,2015-08-03 22:17:01.199,marmbrus,Blocker,Improve Hive integration support,"Right now Spark SQL is very coupled to a specific version of Hive for two primary reasons.
 - Metadata: we use the Hive Metastore client to retrieve information about tables in a metastore.
 - Execution: UDFs, UDAFs, SerDes, HiveConf and various helper functions for configuration.

Since Hive is generally not compatible across versions, we are currently maintain fairly expensive shim layers to let us talk to both Hive 12 and Hive 13 metastores.  Ideally we would be able to talk to more versions of Hive with less maintenance burden.

This task is proposing that we separate the hive version that is used for communicating with the metastore from the version that is used for execution.  In doing so we can significantly reduce the size of the shim by only providing compatibility for metadata operations.  All execution will be done with single version of Hive (the newest version that is supported by Spark SQL).",,,1,1,0,160088.00628333335,0,0,0,0,0,0,2
SPARK-6907,Sub-task,SPARK,2015-04-14 18:09:44.117,2015-08-03 22:17:01.199,marmbrus,Major,Create an isolated classloader for the Hive Client.,,,,8,0,0,160087.28470000002,0,0,0,0,0,0,3
SPARK-6908,Sub-task,SPARK,2015-04-14 18:10:04.612,2015-08-03 22:17:01.199,marmbrus,Major,Refactor existing code to use the isolated client,,,,3,0,0,160086.94311666666,0,0,0,0,0,0,4
SPARK-6909,Sub-task,SPARK,2015-04-14 18:10:28.509,2015-08-03 22:17:01.199,marmbrus,Critical,Remove Hive Shim code,,,,1,0,0,160086.54483333332,0,0,0,0,0,0,5
SPARK-6910,Sub-task,SPARK,2015-04-14 18:11:06.980,2015-08-03 22:17:01.199,marmbrus,Critical,Support for pushing predicates down to metastore for partition pruning,,,,13,0,0,160085.90365000002,0,0,0,0,0,0,6
SPARK-7165,Story,SPARK,2015-04-27 09:43:20.798,2015-08-03 22:17:01.199,adrian-wang,Blocker,Sort Merge Join for outer joins,,,,2,0,0,141873.67335,1,4,0,0,0,0,0
SPARK-7491,Sub-task,SPARK,2015-05-08 19:20:36.844,2015-08-03 22:17:01.199,marmbrus,Blocker,Handle drivers for Metastore JDBC,,,,2,0,0,125456.40591666667,0,0,0,0,0,0,7
SPARK-7550,Sub-task,SPARK,2015-05-12 00:05:58.748,2015-08-03 22:17:01.199,rxin,Blocker,Support setting the right schema & serde when writing to Hive metastore,"As of 1.4, Spark SQL does not properly set the table schema and serde when writing a table to Hive's metastore. Would be great to do that properly so users can use non-Spark SQL systems to read those tables.
",,,10,0,0,120851.04085,0,0,0,0,0,0,33
SPARK-7591,Sub-task,SPARK,2015-05-13 00:34:43.611,2015-08-03 22:17:01.199,rxin,Blocker,FSBasedRelation interface tweaks,"# Renaming {{FSBasedRelation}} to {{HadoopFsRelation}}
  Since itss all coupled with Hadoop {{FileSystem}} and job API.
# {{HadoopFsRelation}} should have a no-arg constructor
  {{paths}} and {{partitionColumns}} should just be methods to be overridden, rather than constructor arguments. This makes data source developers life easier by having a no-arg constructor and being serialization friendly.
# Renaming {{HadoopFsRelation.prepareForWrite}} to {{HadoopFsRelation.prepareJobForWrite}}
  The new name explicitly suggests developers should only touch the {{Job}} instance for preparation work (which is also documented in Scaladoc).
# Allowing serialization while creating {{OutputWriter}}s
  To be more precise, {{OutputWriter}}s are never created on driver side and serialized to executor side. But the factory that creates {{OutputWriter}}s should be created on driver side and serialized.
  The reason behind this is that, passing all needed materials to {{OutputWriter}} instances via Hadoop Configuration is doable but sometimes neither intuitive nor convenient. Resorting to serialization makes data source developers' life easier. Actually this happens when I was migrating the Parquet data source, and wanted to pass the final output path (instead of temporary work path) to the output writer (see [here|https://github.com/liancheng/spark/commit/ec9950c591e5b981ce20fab96562db28488e0035#diff-53521d336f7259e859fea4d3ca4dc888R74]). There I have to put a property into the Configuration object.",,,2,6,0,119382.29313333334,0,0,0,0,0,0,36
SPARK-8064,Sub-task,SPARK,2015-06-03 05:00:16.148,2015-08-03 22:17:01.199,rxin,Blocker,Upgrade Hive to 1.2,,,,11,0,0,88876.75085,0,0,0,0,0,0,50
SPARK-8065,Sub-task,SPARK,2015-06-03 05:01:00.666,2015-08-03 22:17:01.199,rxin,Major,Add support for connecting to Hive 0.14 metastore,,,,2,0,0,88876.00888333333,0,0,0,0,0,0,51
SPARK-8066,Sub-task,SPARK,2015-06-03 05:01:17.276,2015-08-03 22:17:01.199,rxin,Major,Add support for connecting to Hive 1.0 (0.14.1),,,,2,0,0,88875.73205,0,0,0,0,0,0,52
SPARK-8067,Sub-task,SPARK,2015-06-03 05:01:32.753,2015-08-03 22:17:01.199,rxin,Major,Add support for connecting to Hive 1.1,,,,2,0,0,88875.4741,0,0,0,0,0,0,53
SPARK-8148,Sub-task,SPARK,2015-06-07 19:49:27.921,2015-08-03 22:17:01.199,rxin,Major,Do not use FloatType in partition column inference,Always use DoubleType to be more stable and less error prone.,,,1,0,0,82227.55463333333,0,0,0,0,0,0,56
SPARK-8159,Improvement,SPARK,2015-06-08 07:41:25.750,2015-08-03 22:17:01.199,rxin,Major,Improve expression function coverage (Spark 1.5),"This is an umbrella ticket to track new expressions we are adding to SQL/DataFrame.

For each new expression, we should:
1. Add a new Expression implementation in org.apache.spark.sql.catalyst.expressions
2. If applicable, implement the code generated version (by implementing genCode).
3. Add comprehensive unit tests (for all the data types the expressions support).
4. If applicable, add a new function for DataFrame in org.apache.spark.sql.functions, and python/pyspark/sql/functions.py for Python.

For date/time functions, put them in expressions/datetime.scala, and create a DateTimeFunctionSuite.scala for testing.
",,,12,6,0,81515.59081666666,0,0,0,0,0,0,57
SPARK-8160,Improvement,SPARK,2015-06-08 07:59:02.295,2015-08-03 22:17:01.199,rxin,Major,Tungsten style external aggregation,Support using external sorting to run aggregate so we can easily process aggregates where each partition is much larger than memory size.,,,5,0,0,81497.98173333333,0,0,0,0,0,0,58
SPARK-8174,Sub-task,SPARK,2015-06-09 05:25:36.556,2015-08-03 22:17:01.199,rxin,Blocker,date/time function: unix_timestamp,"3 variants:

{code}
unix_timestamp(): long
Gets current Unix timestamp in seconds.

unix_timestamp(string|date): long
Converts time string in format yyyy-MM-dd HH:mm:ss to Unix timestamp (in seconds), using the default timezone and the default locale, return 0 if fail: unix_timestamp('2009-03-20 11:30:01') = 1237573801


unix_timestamp(string date, string pattern): long
Convert time string with given pattern (see [http://docs.oracle.com/javase/tutorial/i18n/format/simpleDateFormat.html]) to Unix time stamp (in seconds), return 0 if fail: unix_timestamp('2009-03-20', 'yyyy-MM-dd') = 1237532400.
{code}

See: https://cwiki.apache.org/confluence/display/Hive/LanguageManual+UDF",,,4,0,0,80211.41071666667,0,0,0,0,0,0,59
SPARK-8175,Sub-task,SPARK,2015-06-09 05:26:45.761,2015-08-03 22:17:01.199,rxin,Major,date/time function: from_unixtime,"from_unixtime(bigint unixtime[, string format]): string

Converts the number of seconds from unix epoch (1970-01-01 00:00:00 UTC) to a string representing the timestamp of that moment in the current system time zone in the format of ""1970-01-01 00:00:00"".

See https://cwiki.apache.org/confluence/display/Hive/LanguageManual+UDF",,,4,0,0,80210.2573,0,0,0,0,0,0,60
SPARK-8176,Sub-task,SPARK,2015-06-09 05:29:36.712,2015-08-03 22:17:01.199,rxin,Major,date/time function: to_date,"parse a timestamp string and return the date portion
{code}
to_date(string timestamp): date
{code}

Returns the date part of a timestamp string: to_date(""1970-01-01 00:00:00"") = ""1970-01-01"" (in some date format)

",,,3,3,0,80207.40811666666,0,0,0,0,0,0,61
SPARK-8177,Sub-task,SPARK,2015-06-09 05:31:38.535,2015-08-03 22:17:01.199,rxin,Major,date/time function: year,"
{code}
year(timestamp time): int
{code}

Returns the year part of a date or a timestamp string: year(""1970-01-01 00:00:00"") = 1970, year(""1970-01-01"") = 1970.
",,,2,1,0,80205.37773333333,0,0,0,0,0,0,62
SPARK-8178,Sub-task,SPARK,2015-06-09 05:32:30.165,2015-08-03 22:17:01.199,rxin,Major,date/time function: quarter,"quarter(timestamp): int

Returns the quarter of the year for a date, timestamp, or string in the range 1 to 4. Example: quarter('2015-04-08') = 2.

Note that through implicit type casts, we can support date/string type as well.",,,2,1,0,80204.51723333333,0,0,0,0,0,0,63
SPARK-8179,Sub-task,SPARK,2015-06-09 05:32:52.049,2015-08-03 22:17:01.199,rxin,Major,date/time function: month,"month(string|date|timestamp): int

Returns the month part of a date or a timestamp string: month(""1970-11-01 00:00:00"") = 11, month(""1970-11-01"") = 11.

See https://cwiki.apache.org/confluence/display/Hive/LanguageManual+UDF",,,2,0,0,80204.15250000001,0,0,0,0,0,0,64
SPARK-8180,Sub-task,SPARK,2015-06-09 05:33:55.242,2015-08-03 22:17:01.199,rxin,Major,date/time function: day / dayofmonth ,"day(string|date|timestamp): int
dayofmonth(string|date|timestamp): int

Returns the day part of a date or a timestamp string: day(""1970-11-01 00:00:00"") = 1, day(""1970-11-01"") = 1.

See https://cwiki.apache.org/confluence/display/Hive/LanguageManual+UDF
",,,2,0,0,80203.09928333334,0,0,0,0,0,0,65
SPARK-8181,Sub-task,SPARK,2015-06-09 05:35:10.821,2015-08-03 22:17:01.199,rxin,Major,date/time function: hour,"hour(string|date|timestamp): int

Returns the hour of the timestamp: hour('2009-07-30 12:58:59') = 12, hour('12:58:59') = 12.
",,,2,0,0,80201.83963333332,0,0,0,0,0,0,66
SPARK-8182,Sub-task,SPARK,2015-06-09 05:35:32.670,2015-08-03 22:17:01.199,rxin,Major,date/time function: minute,"minute(string|date|timestamp): int

Returns the minute of the timestamp.

See https://cwiki.apache.org/confluence/display/Hive/LanguageManual+UDF",,,2,0,0,80201.47548333333,0,0,0,0,0,0,67
SPARK-8183,Sub-task,SPARK,2015-06-09 05:35:49.320,2015-08-03 22:17:01.199,rxin,Major,date/time function: second,"second(string|date|timestamp): int

Returns the second of the timestamp.

See https://cwiki.apache.org/confluence/display/Hive/LanguageManual+UDF",,,2,0,0,80201.19798333333,0,0,0,0,0,0,68
SPARK-8184,Sub-task,SPARK,2015-06-09 05:41:14.749,2015-08-03 22:17:01.199,rxin,Major,date/time function: weekofyear,"weekofyear(string|date|timestamp): int

Returns the week number of a timestamp string: weekofyear(""1970-11-01 00:00:00"") = 44, weekofyear(""1970-11-01"") = 44.
",,,2,0,0,80195.77416666667,0,0,0,0,0,0,69
SPARK-8185,Sub-task,SPARK,2015-06-09 05:57:12.704,2015-08-03 22:17:01.199,rxin,Major,date/time function: datediff,"datediff(date enddate, date startdate): int

Returns the number of days from startdate to enddate: datediff('2009-03-01', '2009-02-27') = 2.


See https://cwiki.apache.org/confluence/display/Hive/LanguageManual+UDF
",,,6,0,0,80179.80825,0,0,0,0,0,0,70
SPARK-8186,Sub-task,SPARK,2015-06-09 05:58:28.092,2015-08-03 22:17:01.199,rxin,Major,date/time function: date_add,"date_add(timestamp startdate, int days): timestamp
date_add(timestamp startdate, interval i): timestamp
date_add(date date, int days): date
date_add(date date, interval i): date
",,,6,1,0,80178.55178333333,0,0,0,0,0,0,71
SPARK-8187,Sub-task,SPARK,2015-06-09 05:58:59.876,2015-08-03 22:17:01.199,rxin,Major,date/time function: date_sub,"date_sub(timestamp startdate, int days): timestamp
date_sub(timestamp startdate, interval i): timestamp
date_sub(date date, int days): date
date_sub(date date, interval i): date",,,6,1,0,80178.02205,0,0,0,0,0,0,72
SPARK-8188,Sub-task,SPARK,2015-06-09 05:59:40.058,2015-08-03 22:17:01.199,rxin,Major,date/time function: from_utc_timestamp,"from_utc_timestamp(timestamp, string timezone): timestamp

Assumes given timestamp is UTC and converts to given timezone (as of Hive 0.8.0). For example, from_utc_timestamp('1970-01-01 08:00:00','PST') returns 1970-01-01 00:00:00.
",,,5,0,0,80177.35235,0,0,0,0,0,0,73
SPARK-8191,Sub-task,SPARK,2015-06-09 06:06:15.812,2015-08-03 22:17:01.199,rxin,Major,date/time function: to_utc_timestamp,"to_utc_timestamp(timestamp, string timezone): timestamp

Assumes given timestamp is in given timezone and converts to UTC (as of Hive 0.8.0). For example, to_utc_timestamp('1970-01-01 00:00:00','PST') returns 1970-01-01 08:00:00.
",,,5,0,0,80170.75645,0,0,0,0,0,0,74
SPARK-8192,Sub-task,SPARK,2015-06-09 06:07:00.766,2015-08-03 22:17:01.199,rxin,Major,date/time function: current_date,"current_date(): date

Returns the current date at the start of query evaluation (as of Hive 1.2.0). All calls of current_date within the same query return the same value.

We should just replace this with a date literal in the optimizer.

",,,2,0,0,80170.00721666667,0,0,0,0,0,0,75
SPARK-8193,Sub-task,SPARK,2015-06-09 06:08:39.754,2015-08-03 22:17:01.199,rxin,Major,date/time function: current_timestamp,"current_timestamp(): timestamp

Returns the current timestamp at the start of query evaluation (as of Hive 1.2.0). All calls of current_timestamp within the same query return the same value.


We should just replace this with a timestamp literal in the optimizer.",,,2,0,0,80168.35741666667,0,0,0,0,0,0,76
SPARK-8194,Sub-task,SPARK,2015-06-09 06:10:56.943,2015-08-03 22:17:01.199,rxin,Major,date/time function: add_months,"add_months(string start_date, int num_months): string

add_months(date start_date, int num_months): date

Returns the date that is num_months after start_date. The time part of start_date is ignored. If start_date is the last day of the month or if the resulting month has fewer days than the day component of start_date, then the result is the last day of the resulting month. Otherwise, the result has the same day component as start_date.
",,,5,0,0,80166.07093333334,0,0,0,0,0,0,77
SPARK-8195,Sub-task,SPARK,2015-06-09 06:11:23.280,2015-08-03 22:17:01.199,rxin,Major,date/time function: last_day,"last_day(string date): string

last_day(date date): date

Returns the last day of the month which the date belongs to (as of Hive 1.1.0). date is a string in the format 'yyyy-MM-dd HH:mm:ss' or 'yyyy-MM-dd'. The time part of date is ignored.
",,,2,0,0,80165.63198333333,0,0,0,0,0,0,78
SPARK-8196,Sub-task,SPARK,2015-06-09 06:14:47.249,2015-08-03 22:17:01.199,rxin,Major,date/time function: next_day ,"next_day(string start_date, string day_of_week): string

next_day(date start_date, string day_of_week): string

Returns the first date which is later than start_date and named as day_of_week (as of Hive 1.2.0). start_date is a string/date/timestamp. day_of_week is 2 letters, 3 letters or full name of the day of the week (e.g. Mo, tue, FRIDAY). The time part of start_date is ignored. Example: next_day('2015-01-14', 'TU') = 2015-01-20.


",,,3,0,0,80162.2325,0,0,0,0,0,0,79
SPARK-8197,Sub-task,SPARK,2015-06-09 06:15:17.890,2015-08-03 22:17:01.199,rxin,Major,date/time function: trunc,"trunc(string date[, string format]): string

trunc(date date[, string format]): date

Returns date truncated to the unit specified by the format (as of Hive 1.2.0). Supported formats: MONTH/MON/MM, YEAR/YYYY/YY. If format is omitted the date will be truncated to the nearest day. Example: trunc('2015-03-17', 'MM') = 2015-03-01.
",,,3,0,0,80161.72181666667,0,0,0,0,0,0,80
SPARK-8198,Sub-task,SPARK,2015-06-09 06:15:37.070,2015-08-03 22:17:01.199,rxin,Major,date/time function: months_between,"months_between(date1, date2): double

Returns number of months between dates date1 and date2 (as of Hive 1.2.0). If date1 is later than date2, then the result is positive. If date1 is earlier than date2, then the result is negative. If date1 and date2 are either the same days of the month or both last days of months, then the result is always an integer. Otherwise the UDF calculates the fractional portion of the result based on a 31-day month and considers the difference in time components date1 and date2. date1 and date2 type can be date, timestamp or string in the format 'yyyy-MM-dd' or 'yyyy-MM-dd HH:mm:ss'. The result is rounded to 8 decimal places. Example: months_between('1997-02-28 10:30:00', '1996-10-30') = 3.94959677
",,,9,0,0,80161.40215,0,0,0,0,0,0,81
SPARK-8199,Sub-task,SPARK,2015-06-09 06:16:04.268,2015-08-03 22:17:01.199,rxin,Major,date/time function: date_format,"date_format(date/timestamp/string ts, string fmt): string

Converts a date/timestamp/string to a value of string in the format specified by the date format fmt (as of Hive 1.2.0). Supported formats are Java SimpleDateFormat formats – https://docs.oracle.com/javase/7/docs/api/java/text/SimpleDateFormat.html. The second argument fmt should be constant. Example: date_format('2015-04-08', 'y') = '2015'.
date_format can be used to implement other UDFs, e.g.:
dayname(date) is date_format(date, 'EEEE')
dayofyear(date) is date_format(date, 'D')
",,,3,0,0,80160.94885,0,0,0,0,0,0,82
SPARK-8203,Sub-task,SPARK,2015-06-09 06:31:50.484,2015-08-03 22:17:01.199,rxin,Major,conditional functions: greatest,"greatest(T v1, T v2, ...): T

Returns the greatest value of the list of values (as of Hive 1.1.0).


",,,3,0,0,80145.17858333333,0,0,0,0,0,0,83
SPARK-8204,Sub-task,SPARK,2015-06-09 06:32:04.141,2015-08-03 22:17:01.199,rxin,Major,conditional function: least,"least(T v1, T v2, ...): T

Returns the least value of the list of values (as of Hive 1.1.0).
",,,3,0,0,80144.95096666667,0,0,0,0,0,0,84
SPARK-8206,Sub-task,SPARK,2015-06-09 06:35:34.183,2015-08-03 22:17:01.199,rxin,Major,math function: round,"round(double a): double
Returns the rounded BIGINT value of a.

round(double a, INT d): double
Returns a rounded to d decimal places.
",,,2,0,0,80141.45026666667,0,0,0,0,0,0,85
SPARK-8207,Sub-task,SPARK,2015-06-09 06:36:15.257,2015-08-03 22:17:01.199,rxin,Major,math function: bin,"bin(long a): string

Returns the number in binary format (see http://dev.mysql.com/doc/refman/5.0/en/string-functions.html#function_bin).
",,,1,0,0,80140.7657,0,0,0,0,0,0,86
SPARK-8209,Sub-task,SPARK,2015-06-09 06:39:42.226,2015-08-03 22:17:01.199,rxin,Major,math function: conv,"conv(BIGINT num, INT from_base, INT to_base): string
conv(STRING num, INT from_base, INT to_base): string

Converts a number from a given base to another (see http://dev.mysql.com/doc/refman/5.0/en/mathematical-functions.html#function_conv).


",,,2,0,0,80137.31621666667,0,0,0,0,0,0,87
SPARK-8212,Sub-task,SPARK,2015-06-09 06:42:34.723,2015-08-03 22:17:01.199,rxin,Major,math function: e,"e(): double

Returns the value of e.


We should make this foldable so it gets folded by the optimizer.
",,,2,0,0,80134.44126666666,0,0,0,0,0,0,88
SPARK-8213,Sub-task,SPARK,2015-06-09 06:47:40.181,2015-08-03 22:17:01.199,rxin,Major,math function: factorial,"factorial(INT a): long

Returns the factorial of a (as of Hive 1.2.0). Valid a is [0..20].
",,,3,0,0,80129.3503,0,0,0,0,0,0,89
SPARK-8214,Sub-task,SPARK,2015-06-09 06:48:20.873,2015-08-03 22:17:01.199,rxin,Major,math function: hex,"hex(BIGINT a): string
hex(STRING a): string
hex(BINARY a): string

If the argument is an INT or binary, hex returns the number as a STRING in hexadecimal format. Otherwise if the number is a STRING, it converts each character into its hexadecimal representation and returns the resulting STRING. (See http://dev.mysql.com/doc/refman/5.0/en/string-functions.html#function_hex, BINARY version as of Hive 0.12.0.)

",,,3,0,0,80128.67210000001,0,0,0,0,0,0,90
SPARK-8215,Sub-task,SPARK,2015-06-09 06:53:01.289,2015-08-03 22:17:01.199,rxin,Major,math function: pi,"pi(): double

Returns the value of pi. We should make sure foldable = true so it gets folded by the optimizer.
",,,2,0,0,80123.9985,0,0,0,0,0,0,91
SPARK-8217,Sub-task,SPARK,2015-06-09 06:58:05.931,2015-08-03 22:17:01.199,rxin,Major,math function: log2,"log2(double a): double

Returns the base-2 logarithm of the argument a.
",,,2,0,0,80118.92113333334,0,0,0,0,0,0,92
SPARK-8218,Sub-task,SPARK,2015-06-09 06:58:40.474,2015-08-03 22:17:01.199,rxin,Major,math function: log,"log(DOUBLE base, DOUBLE a): DOUBLE

Returns the base-base logarithm of the argument a.

",,,2,0,0,80118.34541666666,0,0,0,0,0,0,93
SPARK-8220,Sub-task,SPARK,2015-06-09 07:05:12.901,2015-08-03 22:17:01.199,rxin,Major,math function: positive,"positive(INT a): INT
positive(DOUBLE a): DOUBLE

This is really just an identify function. We should create an Identity expression, and then in the optimizer just removes the Identity functions.
",,,2,0,0,80111.80496666668,0,0,0,0,0,0,94
SPARK-8221,Sub-task,SPARK,2015-06-09 07:05:43.877,2015-08-03 22:17:01.199,rxin,Major,math function: pmod,"pmod(INT a, INT b): INT
pmod(DOUBLE a, DOUBLE b): DOUBLE


Returns the positive value of a mod b.
",,,2,0,0,80111.28869999999,0,0,0,0,0,0,95
SPARK-8223,Sub-task,SPARK,2015-06-09 07:07:00.248,2015-08-03 22:17:01.199,rxin,Major,math function: shiftleft,"shiftleft(INT a)
shiftleft(BIGINT a)

Bitwise left shift (as of Hive 1.2.0). Returns int for tinyint, smallint and int a. Returns bigint for bigint a.
",,,4,0,0,80110.01585000001,0,0,0,0,0,0,96
SPARK-8224,Sub-task,SPARK,2015-06-09 07:07:46.076,2015-08-03 22:17:01.199,rxin,Major,math function: shiftright,"shiftrightunsigned(INT a), shiftrightunsigned(BIGINT a)	

Bitwise unsigned right shift (as of Hive 1.2.0). Returns int for tinyint, smallint and int a. Returns bigint for bigint a.
",,,4,0,0,80109.25205,0,0,0,0,0,0,97
SPARK-8226,Sub-task,SPARK,2015-06-09 07:10:07.095,2015-08-03 22:17:01.199,rxin,Major,math function: shiftrightunsigned,"shiftrightunsigned(INT a), shiftrightunsigned(BIGINT a)	

Bitwise unsigned right shift (as of Hive 1.2.0). Returns int for tinyint, smallint and int a. Returns bigint for bigint a.
",,,3,0,0,80106.90173333333,0,0,0,0,0,0,98
SPARK-8227,Sub-task,SPARK,2015-06-09 07:10:32.245,2015-08-03 22:17:01.199,rxin,Major,math function: unhex,"unhex(STRING a): BINARY

Inverse of hex. Interprets each pair of characters as a hexadecimal number and converts to the byte representation of the number.
",,,5,0,0,80106.48256666666,0,0,0,0,0,0,99
SPARK-8230,Sub-task,SPARK,2015-06-09 07:13:10.780,2015-08-03 22:17:01.199,rxin,Major,complex function: size,"size(Map<K.V>): int

size(Array<T>): int

return the number of elements in the map or array.
",,,6,0,0,80103.84031666667,0,0,0,0,0,0,100
SPARK-8231,Sub-task,SPARK,2015-06-09 07:13:35.443,2015-08-03 22:17:01.199,rxin,Major,complex function: array_contains,"array_contains(Array<T>, value)

Returns TRUE if the array contains value.
",,,6,0,0,80103.42926666667,0,0,0,0,0,0,101
SPARK-8232,Sub-task,SPARK,2015-06-09 07:14:01.061,2015-08-03 22:17:01.199,rxin,Major,complex function: sort_array,"sort_array(Array<T>)

Sorts the input array in ascending order according to the natural ordering of the array elements and returns it
",,,4,0,0,80103.00230000001,0,0,0,0,0,0,102
SPARK-8234,Sub-task,SPARK,2015-06-09 07:16:27.309,2015-08-03 22:17:01.199,rxin,Major,misc function: md5,"md5(string/binary): string

Calculates an MD5 128-bit checksum for the string or binary (as of Hive 1.3.0). The value is returned as a string of 32 hex digits, or NULL if the argument was NULL. Example: md5('ABC') = '902fbdd2b1df0c4f70b4a5d23525e932'.
",,,3,0,0,80100.56483333332,0,0,0,0,0,0,103
SPARK-8235,Sub-task,SPARK,2015-06-09 07:16:51.603,2015-08-03 22:17:01.199,rxin,Major,misc function: sha1 / sha,"sha1(string/binary): string
sha(string/binary): string


Calculates the SHA-1 digest for string or binary and returns the value as a hex string (as of Hive 1.3.0). Example: sha1('ABC') = '3c01bdbb26f358bab27f267924aa2c9a03fcfdb8'.
",,,4,0,0,80100.15993333333,0,0,0,0,0,0,104
SPARK-8236,Sub-task,SPARK,2015-06-09 07:17:08.150,2015-08-03 22:17:01.199,rxin,Major,misc function: crc32,"crc32(string/binary): bigint

Computes a cyclic redundancy check value for string or binary argument and returns bigint value (as of Hive 1.3.0). Example: crc32('ABC') = 2743272264.
",,,4,0,0,80099.88415,0,0,0,0,0,0,105
SPARK-8237,Sub-task,SPARK,2015-06-09 07:17:23.337,2015-08-03 22:17:01.199,rxin,Major,misc function: sha2,"sha2(string/binary, int): string

Calculates the SHA-2 family of hash functions (SHA-224, SHA-256, SHA-384, and SHA-512) (as of Hive 1.3.0). The first argument is the string or binary to be hashed. The second argument indicates the desired bit length of the result, which must have a value of 224, 256, 384, 512, or 0 (which is equivalent to 256). SHA-224 is supported starting from Java 8. If either argument is NULL or the hash length is not one of the permitted values, the return value is NULL. Example: sha2('ABC', 256) = 'b5d4045c3f466fa91fe2cc6abe79232a1a57cdf104f7a26e716e0a1e2789df78'.
",,,3,0,0,80099.63103333332,0,0,0,0,0,0,106
SPARK-8238,Sub-task,SPARK,2015-06-09 07:19:00.726,2015-08-03 22:17:01.199,rxin,Major,string function: ascii,"ascii(string str): int

Returns the numeric value of the first character of str.
",,,2,0,0,80098.00788333334,0,0,0,0,0,0,107
SPARK-8239,Sub-task,SPARK,2015-06-09 07:19:37.306,2015-08-03 22:17:01.199,rxin,Major,string function: base64,"base64(binary bin): string

Converts the argument from binary to a base 64 string",,,2,0,0,80097.39821666667,0,0,0,0,0,0,108
SPARK-8240,Sub-task,SPARK,2015-06-09 07:20:01.142,2015-08-03 22:17:01.199,rxin,Major,string function: concat,"concat(string|binary A, string|binary B...): string / binary

Returns the string or bytes resulting from concatenating the strings or bytes passed in as parameters in order. For example, concat('foo', 'bar') results in 'foobar'. Note that this function can take any number of input strings.
",,,4,0,0,80097.00095,0,0,0,0,0,0,109
SPARK-8241,Sub-task,SPARK,2015-06-09 07:20:37.411,2015-08-03 22:17:01.199,rxin,Major,string function: concat_ws,"concat_ws(string SEP, string A, string B...): string

concat_ws(string SEP, array<string>): string
",,,3,0,0,80096.39646666666,0,0,0,0,0,0,110
SPARK-8242,Sub-task,SPARK,2015-06-09 07:21:09.858,2015-08-03 22:17:01.199,rxin,Major,string function: decode,"decode(binary bin, string charset): string

Decodes the first argument into a String using the provided character set (one of 'US-ASCII', 'ISO-8859-1', 'UTF-8', 'UTF-16BE', 'UTF-16LE', 'UTF-16'). If either argument is null, the result will also be null. (As of Hive 0.12.0.)
",,,2,0,0,80095.85568333333,0,0,0,0,0,0,111
SPARK-8243,Sub-task,SPARK,2015-06-09 07:21:26.386,2015-08-03 22:17:01.199,rxin,Major,string function: encode,"encode(string src, string charset): binary

Encodes the first argument into a BINARY using the provided character set (one of 'US-ASCII', 'ISO-8859-1', 'UTF-8', 'UTF-16BE', 'UTF-16LE', 'UTF-16'). If either argument is null, the result will also be null. (As of Hive 0.12.0.)

",,,2,0,0,80095.58021666667,0,0,0,0,0,0,112
SPARK-8245,Sub-task,SPARK,2015-06-09 07:22:48.741,2015-08-03 22:17:01.199,rxin,Major,string function: format_number,"format_number(number x, int d): string

Formats the number X to a format like '#,###,###.##', rounded to D decimal places, and returns the result as a string. If D is 0, the result has no decimal point or fractional part. (As of Hive 0.10.0; bug with float types fixed in Hive 0.14.0, decimal type support added in Hive 0.14.0)
",,,2,0,0,80094.20763333332,0,0,0,0,0,0,113
SPARK-8246,Sub-task,SPARK,2015-06-09 07:23:40.625,2015-08-03 22:17:01.199,rxin,Major,string function: get_json_object,"get_json_object(string json_string, string path): string

This is actually fairly complicated. Take a look at https://cwiki.apache.org/confluence/display/Hive/LanguageManual+UDF


Only add this to SQL, not DataFrame.",,,3,0,0,80093.3429,0,0,0,0,0,0,114
SPARK-8247,Sub-task,SPARK,2015-06-09 07:25:02.477,2015-08-03 22:17:01.199,rxin,Major,string function: instr,"instr(string str, string substr): int 

Returns the position of the first occurrence of substr in str. Returns null if either of the arguments are null and returns 0 if substr could not be found in str. Be aware that this is not zero based. The first character in str has index 1.
",,,3,0,0,80091.9787,0,0,0,0,0,0,115
SPARK-8248,Sub-task,SPARK,2015-06-09 07:25:24.532,2015-08-03 22:17:01.199,rxin,Major,string function: length,"length(string A): int

Returns the length of the string.
",,,3,0,0,80091.61111666667,0,0,0,0,0,0,116
SPARK-8249,Sub-task,SPARK,2015-06-09 07:26:07.832,2015-08-03 22:17:01.199,rxin,Major,string function: locate,"locate(string substr, string str[, int pos]): int

Returns the position of the first occurrence of substr in str after position pos.

",,,3,0,0,80090.88944999999,0,0,0,0,0,0,117
SPARK-8252,Sub-task,SPARK,2015-06-09 07:27:32.611,2015-08-03 22:17:01.199,rxin,Major,string function: lpad,"lpad(string str, int len, string pad): string

Returns str, left-padded with pad to a length of len.
",,,3,0,0,80089.47646666667,0,0,0,0,0,0,118
SPARK-8253,Sub-task,SPARK,2015-06-09 07:27:50.898,2015-08-03 22:17:01.199,rxin,Major,string function: ltrim,"ltrim(string A): string

Returns the string resulting from trimming spaces from the beginning(left hand side) of A. For example, ltrim(' foobar ') results in 'foobar '.

",,,3,0,0,80089.17168333333,0,0,0,0,0,0,119
SPARK-8254,Sub-task,SPARK,2015-06-09 07:28:43.337,2015-08-03 22:17:01.199,rxin,Major,string function: printf,"printf(String format, Obj... args): string

Returns the input formatted according do printf-style format strings.


We need to come up with a name for this in DataFrame -- maybe formatString.",,,3,0,0,80088.2977,0,0,0,0,0,0,120
SPARK-8255,Sub-task,SPARK,2015-06-09 07:29:09.312,2015-08-03 22:17:01.199,rxin,Major,string function: regexp_extract,"regexp_extract(string subject, string pattern, int index): string

Returns the string extracted using the pattern. For example, regexp_extract('foothebar', 'foo(.*?)(bar)', 2) returns 'bar.' Note that some care is necessary in using predefined character classes: using '\s' as the second argument will match the letter s; '\\s' is necessary to match whitespace, etc. The 'index' parameter is the Java regex Matcher group() method index. See docs/api/java/util/regex/Matcher.html for more information on the 'index' or Java regex group() method.
",,,3,0,0,80087.86478333334,0,0,0,0,0,0,121
SPARK-8256,Sub-task,SPARK,2015-06-09 07:29:26.341,2015-08-03 22:17:01.199,rxin,Major,string function: regexp_replace,"regexp_replace(string INITIAL_STRING, string PATTERN, string REPLACEMENT): string

Returns the string resulting from replacing all substrings in INITIAL_STRING that match the java regular expression syntax defined in PATTERN with instances of REPLACEMENT. For example, regexp_replace(""foobar"", ""oo|ar"", """") returns 'fb.' Note that some care is necessary in using predefined character classes: using '\s' as the second argument will match the letter s; '\\s' is necessary to match whitespace, etc.


",,,3,0,0,80087.58096666666,0,0,0,0,0,0,122
SPARK-8257,Sub-task,SPARK,2015-06-09 07:29:45.041,2015-08-03 22:17:01.199,rxin,Major,string function: repeat,"repeat(string str, int n): string

Repeats str n times.
",,,3,0,0,80087.2693,0,0,0,0,0,0,123
SPARK-8258,Sub-task,SPARK,2015-06-09 07:30:06.413,2015-08-03 22:17:01.199,rxin,Major,string function: reverse,"reverse(string A): string

Returns the reversed string.
",,,3,0,0,80086.9131,0,0,0,0,0,0,124
SPARK-8259,Sub-task,SPARK,2015-06-09 07:30:25.299,2015-08-03 22:17:01.199,rxin,Major,string function: rpad,"rpad(string str, int len, string pad): string

Returns str, right-padded with pad to a length of len.
",,,3,0,0,80086.59833333334,0,0,0,0,0,0,125
SPARK-8260,Sub-task,SPARK,2015-06-09 07:30:43.935,2015-08-03 22:17:01.199,rxin,Major,string function: rtrim,"rtrim(string A): string

Returns the string resulting from trimming spaces from the end(right hand side) of A. For example, rtrim(' foobar ') results in ' foobar'.
",,,3,0,0,80086.28773333335,0,0,0,0,0,0,126
SPARK-8261,Sub-task,SPARK,2015-06-09 07:31:11.678,2015-08-03 22:17:01.199,rxin,Major,string function: space,"space(int n): string

Returns a string of n spaces.
",,,3,0,0,80085.82535,0,0,0,0,0,0,127
SPARK-8262,Sub-task,SPARK,2015-06-09 07:31:39.424,2015-08-03 22:17:01.199,rxin,Major,string function: split,"split(string str, string pat): array[string]

Splits str around pat (pat is a regular expression).


",,,3,0,0,80085.36291666668,0,0,0,0,0,0,128
SPARK-8263,Sub-task,SPARK,2015-06-09 07:32:37.075,2015-08-03 22:17:01.199,rxin,Minor,string function: substr/substring should also support binary type,See Hive's: https://cwiki.apache.org/confluence/display/Hive/LanguageManual+UDF,,,4,0,0,80084.40206666666,0,0,0,0,0,0,129
SPARK-8264,Sub-task,SPARK,2015-06-09 07:33:06.444,2015-08-03 22:17:01.199,rxin,Major,string function: substring_index,"substring_index(string A, string delim, int count): string



Returns the substring from string A before count occurrences of the delimiter delim (as of Hive 1.3.0). If count is positive, everything to the left of the final delimiter (counting from the left) is returned. If count is negative, everything to the right of the final delimiter (counting from the right) is returned. Substring_index performs a case-sensitive match when searching for delim. Example: substring_index('www.apache.org', '.', 2) = 'www.apache'.
",,,3,0,0,80083.91258333334,0,0,0,0,0,0,130
SPARK-8267,Sub-task,SPARK,2015-06-09 07:37:07.698,2015-08-03 22:17:01.199,rxin,Major,string function: trim,"trim(string A): string

Returns the string resulting from trimming spaces from both ends of A. For example, trim(' foobar ') results in 'foobar'
",,,3,0,0,80079.89168333334,0,0,0,0,0,0,131
SPARK-8268,Sub-task,SPARK,2015-06-09 07:37:25.188,2015-08-03 22:17:01.199,rxin,Major,string function: unbase64,"unbase64(string str): binary

Converts the argument from a base 64 string to BINARY.",,,2,0,0,80079.60018333333,0,0,0,0,0,0,132
SPARK-8269,Sub-task,SPARK,2015-06-09 07:37:45.488,2015-08-03 22:17:01.199,rxin,Major,string function: initcap,"initcap(string A): string

Returns string, with the first letter of each word in uppercase, all other letters in lowercase. Words are delimited by whitespace.",,,4,0,0,80079.26185,0,0,0,0,0,0,133
SPARK-8270,Sub-task,SPARK,2015-06-09 07:38:02.514,2015-08-03 22:17:01.199,rxin,Major,string function: levenshtein,"levenshtein(string A, string B): int

Returns the Levenshtein distance between two strings (as of Hive 1.2.0). For example, levenshtein('kitten', 'sitting') results in 3.
",,,2,0,0,80078.97808333332,0,0,0,0,0,0,134
SPARK-8271,Sub-task,SPARK,2015-06-09 07:38:26.252,2015-08-03 22:17:01.199,rxin,Major,string function: soundex,"soundex(string A): string

Returns soundex code of the string. For example, soundex('Miller') results in M460.
",,,3,0,0,80078.58245,0,0,0,0,0,0,135
SPARK-8279,Sub-task,SPARK,2015-06-09 20:36:45.331,2015-08-03 22:17:01.199,rxin,Blocker,udf_round_3 test fails,"query

{code}
select round(cast(negative(pow(2, 31)) as INT)), round(cast((pow(2, 31) - 1) as INT)), round(-32769), round(32768) from src tablesample (1 rows);
{code}

{code}
[info] - udf_round_3 *** FAILED *** (4 seconds, 803 milliseconds)
[info]   Failed to execute query using catalyst:
[info]   Error: java.lang.Integer cannot be cast to java.lang.Double
[info]   java.lang.ClassCastException: java.lang.Integer cannot be cast to java.lang.Double
[info]   	at scala.runtime.BoxesRunTime.unboxToDouble(BoxesRunTime.java:119)
[info]   	at org.apache.spark.sql.catalyst.expressions.BinaryMathExpression.eval(math.scala:86)
[info]   	at org.apache.spark.sql.hive.HiveInspectors$class.toInspector(HiveInspectors.scala:628)
[info]   	at org.apache.spark.sql.hive.HiveGenericUdf.toInspector(hiveUdfs.scala:148)
[info]   	at org.apache.spark.sql.hive.HiveGenericUdf$$anonfun$argumentInspectors$1.apply(hiveUdfs.scala:160)
[info]   	at org.apache.spark.sql.hive.HiveGenericUdf$$anonfun$argumentInspectors$1.apply(hiveUdfs.scala:160)
[info]   	at scala.collection.TraversableLike$$anonfun$map$1.apply(TraversableLike.scala:244)
[info]   	at scala.collection.TraversableLike$$anonfun$map$1.apply(TraversableLike.scala:244)
[info]   	at scala.collection.immutable.List.foreach(List.scala:318)
[info]   	at scala.collection.TraversableLike$class.map(TraversableLike.scala:244)
[info]   	at scala.collection.AbstractTraversable.map(Traversable.scala:105)
[info]   	at org.apache.spark.sql.hive.HiveGenericUdf.argumentInspectors$lzycompute(hiveUdfs.scala:160)
[info]   	at org.apache.spark.sql.hive.HiveGenericUdf.argumentInspectors(hiveUdfs.scala:160)
[info]   	at org.apache.spark.sql.hive.HiveGenericUdf.returnInspector$lzycompute(hiveUdfs.scala:164)
[info]   	at org.apache.spark.sql.hive.HiveGenericUdf.returnInspector(hiveUdfs.scala:163)
[info]   	at org.apache.spark.sql.hive.HiveGenericUdf.dataType$lzycompute(hiveUdfs.scala:180)
[info]   	at org.apache.spark.sql.hive.HiveGenericUdf.dataType(hiveUdfs.scala:180)
[info]   	at org.apache.spark.sql.catalyst.expressions.Cast.resolved$lzycompute(Cast.scala:31)
[info]   	at org.apache.spark.sql.catalyst.expressions.Cast.resolved(Cast.scala:31)
[info]   	at org.apache.spark.sql.catalyst.expressions.Expression$$anonfun$childrenResolved$1.apply(Expression.scala:121)
[info]   	at org.apache.spark.sql.catalyst.expressions.Expression$$anonfun$childrenResolved$1.apply(Expression.scala:121)
[info]   	at scala.collection.LinearSeqOptimized$class.forall(LinearSeqOptimized.scala:70)
[info]   	at scala.collection.immutable.List.forall(List.scala:84)
[info]   	at org.apache.spark.sql.catalyst.expressions.Expression.childrenResolved(Expression.scala:121)
[info]   	at org.apache.spark.sql.catalyst.expressions.Expression.resolved$lzycompute(Expression.scala:109)
[info]   	at org.apache.spark.sql.catalyst.expressions.Expression.resolved(Expression.scala:109)
[info]   	at org.apache.spark.sql.catalyst.expressions.Expression$$anonfun$childrenResolved$1.apply(Expression.scala:121)
[info]   	at org.apache.spark.sql.catalyst.expressions.Expression$$anonfun$childrenResolved$1.apply(Expression.scala:121)
[info]   	at scala.collection.LinearSeqOptimized$class.forall(LinearSeqOptimized.scala:70)
[info]   	at scala.collection.immutable.List.forall(List.scala:84)
[info]   	at org.apache.spark.sql.catalyst.expressions.Expression.childrenResolved(Expression.scala:121)
[info]   	at org.apache.spark.sql.catalyst.analysis.HiveTypeCoercion$ConvertNaNs$$anonfun$apply$2$$anonfun$applyOrElse$2.applyOrElse(HiveTypeCoercion.scala:138)
[info]   	at org.apache.spark.sql.catalyst.analysis.HiveTypeCoercion$ConvertNaNs$$anonfun$apply$2$$anonfun$applyOrElse$2.applyOrElse(HiveTypeCoercion.scala:136)
[info]   	at org.apache.spark.sql.catalyst.trees.TreeNode$$anonfun$3.apply(TreeNode.scala:222)
[info]   	at org.apache.spark.sql.catalyst.trees.TreeNode$$anonfun$3.apply(TreeNode.scala:222)
[info]   	at org.apache.spark.sql.catalyst.trees.CurrentOrigin$.withOrigin(TreeNode.scala:51)
[info]   	at org.apache.spark.sql.catalyst.trees.TreeNode.transformDown(TreeNode.scala:221)
[info]   	at org.apache.spark.sql.catalyst.plans.QueryPlan.org$apache$spark$sql$catalyst$plans$QueryPlan$$transformExpressionDown$1(QueryPlan.scala:75)
[info]   	at org.apache.spark.sql.catalyst.plans.QueryPlan$$anonfun$1$$anonfun$apply$1.apply(QueryPlan.scala:90)
[info]   	at scala.collection.TraversableLike$$anonfun$map$1.apply(TraversableLike.scala:244)
[info]   	at scala.collection.TraversableLike$$anonfun$map$1.apply(TraversableLike.scala:244)
[info]   	at scala.collection.mutable.ResizableArray$class.foreach(ResizableArray.scala:59)
[info]   	at scala.collection.mutable.ArrayBuffer.foreach(ArrayBuffer.scala:47)
[info]   	at scala.collection.TraversableLike$class.map(TraversableLike.scala:244)
[info]   	at scala.collection.AbstractTraversable.map(Traversable.scala:105)
[info]   	at org.apache.spark.sql.catalyst.plans.QueryPlan$$anonfun$1.apply(QueryPlan.scala:89)
[info]   	at scala.collection.Iterator$$anon$11.next(Iterator.scala:328)
[info]   	at scala.collection.Iterator$class.foreach(Iterator.scala:727)
[info]   	at scala.collection.AbstractIterator.foreach(Iterator.scala:1157)
[info]   	at scala.collection.generic.Growable$class.$plus$plus$eq(Growable.scala:48)
[info]   	at scala.collection.mutable.ArrayBuffer.$plus$plus$eq(ArrayBuffer.scala:103)
[info]   	at scala.collection.mutable.ArrayBuffer.$plus$plus$eq(ArrayBuffer.scala:47)
[info]   	at scala.collection.TraversableOnce$class.to(TraversableOnce.scala:273)
[info]   	at scala.collection.AbstractIterator.to(Iterator.scala:1157)
[info]   	at scala.collection.TraversableOnce$class.toBuffer(TraversableOnce.scala:265)
[info]   	at scala.collection.AbstractIterator.toBuffer(Iterator.scala:1157)
[info]   	at scala.collection.TraversableOnce$class.toArray(TraversableOnce.scala:252)
[info]   	at scala.collection.AbstractIterator.toArray(Iterator.scala:1157)
{code}",,,3,0,0,79300.26446666666,0,0,0,0,0,0,136
SPARK-8283,Sub-task,SPARK,2015-06-09 23:20:51.021,2015-08-03 22:17:01.199,rxin,Blocker,udf_struct test failure,"{code}
[info] - udf_struct *** FAILED *** (704 milliseconds)
[info]   Failed to execute query using catalyst:
[info]   Error: org.apache.spark.sql.catalyst.expressions.Literal cannot be cast to org.apache.spark.sql.catalyst.expressions.NamedExpression
[info]   java.lang.ClassCastException: org.apache.spark.sql.catalyst.expressions.Literal cannot be cast to org.apache.spark.sql.catalyst.expressions.NamedExpression
[info]   	at org.apache.spark.sql.catalyst.expressions.CreateStruct$$anonfun$1.apply(complexTypes.scala:64)
[info]   	at scala.collection.TraversableLike$$anonfun$map$1.apply(TraversableLike.scala:244)
[info]   	at scala.collection.TraversableLike$$anonfun$map$1.apply(TraversableLike.scala:244)
[info]   	at scala.collection.immutable.List.foreach(List.scala:318)
[info]   	at scala.collection.TraversableLike$class.map(TraversableLike.scala:244)
[info]   	at scala.collection.AbstractTraversable.map(Traversable.scala:105)
[info]   	at org.apache.spark.sql.catalyst.expressions.CreateStruct.dataType$lzycompute(complexTypes.scala:64)
[info]   	at org.apache.spark.sql.catalyst.expressions.CreateStruct.dataType(complexTypes.scala:61)
[info]   	at org.apache.spark.sql.catalyst.expressions.CreateStruct.dataType(complexTypes.scala:55)
[info]   	at org.apache.spark.sql.catalyst.expressions.ExtractValue$.apply(ExtractValue.scala:43)
[info]   	at org.apache.spark.sql.catalyst.analysis.Analyzer$ResolveReferences$$anonfun$apply$8$$anonfun$applyOrElse$4.applyOrElse(Analyzer.scala:353)
[info]   	at org.apache.spark.sql.catalyst.analysis.Analyzer$ResolveReferences$$anonfun$apply$8$$anonfun$applyOrElse$4.applyOrElse(Analyzer.scala:340)
[info]   	at org.apache.spark.sql.catalyst.trees.TreeNode$$anonfun$transformUp$1.apply(TreeNode.scala:286)
[info]   	at org.apache.spark.sql.catalyst.trees.TreeNode$$anonfun$transformUp$1.apply(TreeNode.scala:286)
[info]   	at org.apache.spark.sql.catalyst.trees.CurrentOrigin$.withOrigin(TreeNode.scala:51)
[info]   	at org.apache.spark.sql.catalyst.trees.TreeNode.transformUp(TreeNode.scala:285)
[info]   	at org.apache.spark.sql.catalyst.trees.TreeNode$$anonfun$5.apply(TreeNode.scala:299)
[info]   	at scala.collection.Iterator$$anon$11.next(Iterator.scala:328)
[info]   	at scala.collection.Iterator$class.foreach(Iterator.scala:727)
[info]   	at scala.collection.AbstractIterator.foreach(Iterator.scala:1157)
[info]   	at scala.collection.generic.Growable$class.$plus$plus$eq(Growable.scala:48)
[info]   	at scala.collection.mutable.ArrayBuffer.$plus$plus$eq(ArrayBuffer.scala:103)
[info]   	at scala.collection.mutable.ArrayBuffer.$plus$plus$eq(ArrayBuffer.scala:47)
[info]   	at scala.collection.TraversableOnce$class.to(TraversableOnce.scala:273)
[info]   	at scala.collection.AbstractIterator.to(Iterator.scala:1157)
[info]   	at scala.collection.TraversableOnce$class.toBuffer(TraversableOnce.scala:265)
{code}",,,3,0,0,79136.16963333334,0,0,0,0,0,0,137
SPARK-8347,Sub-task,SPARK,2015-06-13 22:09:10.962,2015-08-03 22:17:01.199,rxin,Major,Add unit tests for abs,,,,1,0,0,73447.83728333333,0,0,0,0,0,0,139
SPARK-8359,Sub-task,SPARK,2015-06-14 06:43:29.876,2015-08-03 22:17:01.199,rtreffer,Major,Spark SQL Decimal type precision loss on multiplication,"It looks like the precision of decimal can not be raised beyond ~2^112 without causing full value truncation.

The following code computes the power of two up to a specific point
{code}
import org.apache.spark.sql.types.Decimal

val one = Decimal(1)
val two = Decimal(2)

def pow(n : Int) :  Decimal = if (n <= 0) { one } else { 
  val a = pow(n - 1)
  a.changePrecision(n,0)
  two.changePrecision(n,0)
  a * two
}

(109 to 120).foreach(n => println(pow(n).toJavaBigDecimal.unscaledValue.toString))
649037107316853453566312041152512
1298074214633706907132624082305024
2596148429267413814265248164610048
5192296858534827628530496329220096
1038459371706965525706099265844019
2076918743413931051412198531688038
4153837486827862102824397063376076
8307674973655724205648794126752152
1661534994731144841129758825350430
3323069989462289682259517650700860
6646139978924579364519035301401720
1329227995784915872903807060280344
{code}
Beyond ~2^112 the precision is truncated even if the precision was set to n and should thus handle 10^n without problems..",,,7,0,0,72933.52205,0,0,0,0,0,0,0
SPARK-8362,Sub-task,SPARK,2015-06-14 08:19:43.635,2015-08-03 22:17:01.199,rxin,Blocker,"Add unit tests for +, -, *, /, %",,,,2,0,0,72837.29273333334,0,0,0,0,0,0,140
SPARK-8363,Sub-task,SPARK,2015-06-14 08:32:33.198,2015-08-03 22:17:01.199,rxin,Major,Move sqrt into math,It doesn't really belong in Arithmetic. It should also extend UnaryMathExpression.,,,3,0,0,72824.46668333333,0,0,0,0,0,0,141
SPARK-8371,Sub-task,SPARK,2015-06-15 08:14:58.690,2015-08-03 22:17:01.199,cloud_fan,Major,improve unit test for MaxOf and MinOf,,,,2,0,0,71402.04181666666,0,0,0,0,0,0,1
SPARK-8407,Sub-task,SPARK,2015-06-17 08:21:29.340,2015-08-03 22:17:01.199,yijieshen,Major,complex type constructors: struct and named_struct,"struct(val1, val2, val3, ...)
Creates a struct with the given field values. Struct field names will be col1, col2, ....

named_struct(name1, val1, name2, val2, ...)
Creates a struct with the given field names and values. (As of Hive 0.8.0.)",,,3,0,0,68515.53098333333,0,0,0,0,0,0,0
SPARK-8597,Sub-task,SPARK,2015-06-24 19:14:17.389,2015-08-03 22:17:01.199,mcheah,Blocker,DataFrame partitionBy memory pressure scales extremely poorly,"I'm running into a strange memory scaling issue when using the partitionBy feature of DataFrameWriter. 

I've generated a table (a CSV file) with 3 columns (A, B and C) and 32*32 different entries, with size on disk of about 20kb. There are 32 distinct values for column A and 32 distinct values for column B and all these are combined together (column C will contain a random number for each row - it doesn't matter) producing a 32*32 elements data set. I've imported this into Spark and I ran a partitionBy(""A"", ""B"") in order to test its performance. This should create a nested directory structure with 32 folders, each of them containing another 32 folders. It uses about 10Gb of RAM and it's running slow. If I increase the number of entries in the table from 32*32 to 128*128, I get Java Heap Space Out Of Memory no matter what value I use for Heap Space variable.

Scala code:
{code}
var df = sqlContext.read.format(""com.databricks.spark.csv"").option(""header"", ""true"").load(""table.csv"") 
df.write.partitionBy(""A"", ""B"").mode(""overwrite"").parquet(""table.parquet”)
{code}

How I ran the Spark shell:
{code}
bin/spark-shell --driver-memory 16g --master local[8] --packages com.databricks:spark-csv_2.10:1.0.3
{code}",,,10,0,0,57782.73016666667,0,0,0,0,0,0,0
SPARK-8677,Sub-task,SPARK,2015-06-27 10:41:48.479,2015-08-03 22:17:01.199,viirya,Major,Decimal divide operation throws ArithmeticException,"Please refer to [BigDecimal doc|http://docs.oracle.com/javase/1.5.0/docs/api/java/math/BigDecimal.html]:
{quote}
... the rounding mode setting of a MathContext object with a precision setting of 0 is not used and thus irrelevant. In the case of divide, the exact quotient could have an infinitely long decimal expansion; for example, 1 divided by 3.
{quote}

Because we provide a MathContext.UNLIMITED in toBigDecimal, Decimal divide operation will throw the following exception:
{code}
val decimal = Decimal(1.0, 10, 3) / Decimal(3.0, 10, 3)
[info]   java.lang.ArithmeticException: Non-terminating decimal expansion; no exact representable decimal result.
[info]   at java.math.BigDecimal.divide(BigDecimal.java:1690)
[info]   at java.math.BigDecimal.divide(BigDecimal.java:1723)
[info]   at scala.math.BigDecimal.$div(BigDecimal.scala:256)
[info]   at org.apache.spark.sql.types.Decimal.$div(Decimal.scala:272)
{code}
",,,7,0,0,53975.21200000001,0,0,0,0,0,0,0
SPARK-8741,Sub-task,SPARK,2015-06-30 21:59:17.026,2015-08-03 22:17:01.199,rxin,Major,Remove e and pi from DataFrame functions,"It is not really useful to have dataframe functions that return numeric constants available already in all programming languages. We should keep the expression for SQL, but nothing else.",,,2,0,0,48977.736216666664,0,0,0,0,0,0,145
SPARK-8784,Sub-task,SPARK,2015-07-02 07:02:54.902,2015-08-03 22:17:01.199,davies,Major,Add python API for hex/unhex,,,,3,0,0,46994.10494999999,0,0,0,0,0,0,4
SPARK-8800,Sub-task,SPARK,2015-07-02 21:05:34.628,2015-08-03 22:17:01.199,jihongma,Blocker,Spark SQL Decimal Division operation loss of precision/scale when type is defined as DecimalType.Unlimited,"According to specification defined in Java doc over BigDecimal :

http://docs.oracle.com/javase/1.5.0/docs/api/java/math/BigDecimal.html

When a MathContext object is supplied with a precision setting of 0 (for example, MathContext.UNLIMITED), arithmetic operations are exact, as are the arithmetic methods which take no MathContext object. (This is the only behavior that was supported in releases prior to 5.) As a corollary of computing the exact result, the rounding mode setting of a MathContext object with a precision setting of 0 is not used and thus irrelevant. In the case of divide, the exact quotient could have an infinitely long decimal expansion; for example, 1 divided by 3. If the quotient has a nonterminating decimal expansion and the operation is specified to return an exact result, an ArithmeticException is thrown. Otherwise, the exact result of the division is returned, as done for other operations.

when Decimal data is defined as DecimalType.Unlimited in Spark SQL, the exact result of the division should be returned or truncated to precision = 38 which is in align with what Hive supports. the current behavior is as shown following, which cause we lose the accuracy of Decimal division operation. 

scala> val aa = Decimal(2) / Decimal(3);
aa: org.apache.spark.sql.types.Decimal = 1

here is another example where we should return 0.125 instead of 0

scala> val aa = Decimal(1) /Decimal(8)
aa: org.apache.spark.sql.types.Decimal = 0",,,9,0,0,46151.44285,0,0,0,0,0,0,0
SPARK-8878,Sub-task,SPARK,2015-07-07 23:29:45.570,2015-08-03 22:17:01.199,rxin,Major,Improve unit test coverage for bitwise expressions,,,,1,0,0,38807.26048333334,0,0,0,0,0,0,146
SPARK-8888,Sub-task,SPARK,2015-07-08 06:30:32.543,2015-08-03 22:17:01.199,rxin,Major,Replace the hash map in DynamicPartitionWriterContainer.outputWriterForRow with java.util.HashMap,"We should use a java.util.HashMap, which is faster than Scala's map, although this one barely matters.
",,,3,2,0,38386.4776,0,0,0,0,0,0,147
SPARK-8890,Sub-task,SPARK,2015-07-08 06:49:17.178,2015-08-03 22:17:01.199,rxin,Critical,Reduce memory consumption for dynamic partition insert,"Currently, InsertIntoHadoopFsRelation can run out of memory if the number of table partitions is large. The problem is that we open one output writer for each partition, and when data are randomized and when the number of partitions is large, we open a large number of output writers, leading to OOM.

The solution here is to inject a sorting operation once the number of active partitions is beyond a certain point (e.g. 50?)


",,,6,0,0,38367.73368333334,0,0,0,0,0,0,148
SPARK-8906,Sub-task,SPARK,2015-07-08 19:45:35.709,2015-08-03 22:17:01.199,rxin,Major,Move all internal data source related classes out of sources package,"Move all of them into execution package for better private visibility.
",,,1,0,0,37591.42483333334,0,0,0,0,0,0,149
SPARK-8907,Sub-task,SPARK,2015-07-08 20:03:48.275,2015-08-03 22:17:01.199,rxin,Major,Speed up path construction in DynamicPartitionWriterContainer.outputWriterForRow,"Don't use zip and scala collection methods to avoid garbage collection

{code}
    val partitionPath = partitionColumns.zip(row.toSeq).map { case (col, rawValue) =>
      val string = if (rawValue == null) null else String.valueOf(rawValue)
      val valueString = if (string == null || string.isEmpty) {
        defaultPartitionName
      } else {
        PartitioningUtils.escapePathName(string)
      }
      s""/$col=$valueString""
    }.mkString.stripPrefix(Path.SEPARATOR)
{code}

We can probably use catalyst expressions themselves to construct the path, and then we can leverage code generation to do this.


",,,2,0,0,37573.2154,0,0,0,0,0,0,150
SPARK-9027,Sub-task,SPARK,2015-07-14 02:46:29.162,2015-08-03 22:17:01.199,marmbrus,Major,Generalize predicate pushdown into the metastore,,,,3,0,0,29970.53395,0,0,0,0,0,0,13
SPARK-9060,Sub-task,SPARK,2015-07-15 05:12:20.775,2015-08-03 22:17:01.199,yhuai,Major,"Revert SPARK-8359, SPARK-8800, and SPARK-8677","Since it is hard to fix these problems without causing new issues, I'd say we should revert these changes and figure out the proper improvement of our decimal type support.",,,2,0,0,28384.673733333337,0,0,0,0,0,0,9
SPARK-9069,Sub-task,SPARK,2015-07-15 17:06:00.099,2015-08-03 22:17:01.199,davies,Blocker,Remove DecimalType unlimited precision/scale support,"We should remove DecimalType.Unlimited, because BigDecimal does not really support unlimited precision, especially for division.

We can have maximum precision as 38 (to match with Hive 0.13+). The default precision and scale could be (38, 18).",,,2,1,0,27671.018333333333,0,0,0,0,0,0,5
SPARK-9071,Sub-task,SPARK,2015-07-15 17:35:40.143,2015-08-03 22:17:01.199,rxin,Major,MonotonicallyIncreasingID and SparkPartitionID should be marked as nondeterministic,"They should override deterministic to return false.
",,,1,0,0,27641.350933333335,0,0,0,0,0,0,151
SPARK-9119,Sub-task,SPARK,2015-07-16 21:08:29.804,2015-08-03 22:17:01.199,yhuai,Blocker,"In some cases, we may save wrong decimal values to parquet","{code}

> 

import org.apache.spark.sql.Row
import org.apache.spark.sql.types.{StructType,StructField,StringType,DecimalType}
import org.apache.spark.sql.types.Decimal
​
val schema = StructType(Array(StructField(""name"", DecimalType(10, 5), false)))
val rowRDD = sc.parallelize(Array(Row(Decimal(""67123.45""))))
val df = sqlContext.createDataFrame(rowRDD, schema)
df.registerTempTable(""test"")
df.show()
​
// +--------+
// |    name|
// +--------+
// |67123.45|
// +--------+

sqlContext.sql(""create table testDecimal as select * from test"")
sqlContext.table(""testDecimal"").show()
// +--------+
// |    name|
// +--------+
// |67.12345|
// +--------+
{code}

The problem is when we do conversions, we do not use precision/scale info in the schema.",,,3,0,0,25988.523250000002,0,0,0,0,0,0,10
SPARK-9167,Sub-task,SPARK,2015-07-18 08:02:29.871,2015-08-03 22:17:01.199,cloud_fan,Major,use UTC Calendar in `stringToDate`,,,,1,0,0,23894.522133333332,0,0,0,0,0,0,2
SPARK-9169,Sub-task,SPARK,2015-07-18 08:50:28.708,2015-08-03 22:17:01.199,rxin,Major,Improve unit test coverage for null expressions,,,,1,0,0,23846.541516666664,0,0,0,0,0,0,153
SPARK-9171,Sub-task,SPARK,2015-07-18 13:08:02.990,2015-08-03 22:17:01.199,cloud_fan,Trivial,add and improve tests for nondeterministic expressions,,,,1,0,0,23588.97015,0,0,0,0,0,0,3
SPARK-9264,Sub-task,SPARK,2015-07-22 22:22:47.006,2015-08-03 22:17:01.199,yhuai,Blocker,"When dealing with Union/Intersect/Except, we cast FloatType/DoubleType to the wrong DecimalType","The problem is https://github.com/apache/spark/blob/master/sql/catalyst/src/main/scala/org/apache/spark/sql/catalyst/analysis/HiveTypeCoercion.scala#L361-L362. When we union/intersect/except, for a column, if the data type of it in one table is a fixed precision decimal type and that in another table is a FloatType/DoubleType, we cast FloatType to Decimal(7, 7) and cast DoubleType to Decimal(15, 15), respectively. It is wrong.

I tried the following in 1.4
{code}
sqlContext.sql(""select a from (select cast(200.101 as double) as a union all select cast(200.101 as decimal(6,3)) as a) tmp"").show
{code}
I got 
{code}
+-------------------+
|                  a|
+-------------------+
|               null|
|200.101000000000000|
+-------------------+
{code}
",,,1,0,0,17274.236549999998,0,0,0,0,0,0,11
SPARK-9281,Sub-task,SPARK,2015-07-23 17:18:18.570,2015-08-03 22:17:01.199,davies,Major,Parse literals as decimal in SQL,"Right now, we use double to parse all the float number in SQL. When it's used in expression together with DecimalType, it will turn the decimal into double as well.

Also it will loss some precision when using double.

It's better to parse the float number as decimal (we will know exactly the precision and scale is), it also work well with double.

BTW, this is a break change. ",,,1,0,0,16138.710483333332,0,0,0,0,0,0,6
SPARK-9303,Sub-task,SPARK,2015-07-24 06:00:59.223,2015-08-03 22:17:01.199,joshrosen,Major,Decimal should use java.math.Decimal directly instead of via Scala wrapper,"Spark SQL's Decimal class should use Java's BigDecimal instead of Scala's, since this removes a layer of object allocation and works around an issue where Scala's BigDecimal.hashCode() can lead to OOMs (see https://issues.scala-lang.org/browse/SI-6173). ",,,3,0,0,15376.032933333334,0,0,0,0,0,0,0
SPARK-9356,Sub-task,SPARK,2015-07-26 07:27:48.788,2015-08-03 22:17:01.199,rxin,Major,Remove the internal use of DecimalType.Unlimited,"We still have a few places that reference DecimalType.Unlimited, which is deprecated. We should remove those cases (or replace them with fixed precision).

{code}
> git grep Unlimited

sql/catalyst/src/main/scala/org/apache/spark/sql/catalyst/expressions/Cast.scala:      case DecimalType.Unlimited =>
sql/catalyst/src/test/scala/org/apache/spark/sql/catalyst/expressions/NullFunctionsSuite.scala:      Literal.create(null, DecimalType.Unlimited),
sql/core/src/main/scala/org/apache/spark/sql/execution/datasources/PartitioningUtils.scala:   *   DoubleType -> DecimalType.Unlimited ->
{code}",,,1,0,0,12409.206849999999,0,0,0,0,0,0,155
SPARK-9386,Sub-task,SPARK,2015-07-27 22:08:06.333,2015-08-03 22:17:01.199,marmbrus,Blocker,Feature flag for metastore partitioning,There are a lot of test failures related to metastore partition pruning.  We should put this behind a flag in case there are other regressions after the release.,,,2,0,0,10088.914433333333,0,0,0,0,0,0,14
SPARK-9398,Sub-task,SPARK,2015-07-28 06:20:09.146,2015-08-03 22:17:01.199,rxin,Critical,Add unit test for null inputs for date functions,"Unit tests in DateExpressionsSuite didn't cover null inputs.

For each expression, we should add test cases where inputs were null to test behavior with null inputs.

Note that I have a related pull request https://github.com/apache/spark/pull/7718 that added null test cases for next_day.

",,,3,0,0,9596.867549999999,0,0,0,0,0,0,156
SPARK-9428,Sub-task,SPARK,2015-07-29 05:37:48.137,2015-08-03 22:17:01.199,yijieshen,Blocker,Add test cases for null inputs for expression unit tests,We need to audit expression unit tests to make sure we pass in null inputs to test null behavior.,,,2,1,0,8199.2177,0,0,0,0,0,0,1
SPARK-9486,Improvement,SPARK,2015-07-30 20:11:26.739,2015-08-03 22:17:01.199,jd,Minor,Add aliasing to data sources to allow external packages to register themselves with Spark,"Currently Spark allows users to use external data sources like spark-avro, spark-csv, etc by having them specifying their full class name:

{code:java}
sqlContext.read.format(""com.databricks.spark.avro"").load(path)
{code}

Typing in a full class is not the best idea so it would be nice to allow the external packages to be able to register themselves with Spark to allow users to do something like:

{code:java}
sqlContext.read.format(""avro"").load(path)
{code}

This would make it so that the external data source packages follow the same convention as the built in data sources do, parquet, json, jdbc, etc.

This could be accomplished by using a ServiceLoader.",,,1,0,0,5885.574333333334,0,0,0,0,0,0,0
SPARK-9500,Sub-task,SPARK,2015-07-31 06:26:08.720,2015-08-03 22:17:01.199,davies,Minor,Add TernaryExpression to simplify implementations,"There lots of duplicated code in ternary expressions, create a TernaryExpression for them to reduce duplicated code.",,,2,0,0,5270.87465,0,0,0,0,0,0,7
SPARK-9517,Sub-task,SPARK,2015-08-01 02:19:45.799,2015-08-03 22:17:01.199,rxin,Major,BytesToBytesMap should encode data the same way as UnsafeExternalSorter,"BytesToBytesMap current encodes key/value data in the following format:

{code}
8B key length, key data, 8B value length, value data
{code}

UnsafeExternalSorter, on the other hand, encodes data this way:

{code}
4B record length, data
{code}

As a result, we cannot pass records encoded by BytesToBytesMap directly into UnsafeExternalSorter for sorting. However, if we rearrange data slightly, we can then pass the key/value records directly into UnsafeExternalSorter:

{code}
4B key+value length, 4B key length, key data, value data
{code}
",,,1,0,0,4077.2566666666667,0,0,0,0,0,0,157
SPARK-9520,Sub-task,SPARK,2015-08-01 07:31:31.462,2015-08-03 22:17:01.199,rxin,Major,UnsafeFixedWidthAggregationMap should support in-place sorting of its own records,"In order to support sort-based external aggregation fallback, UnsafeFixedWidthAggregationMap needs to support sorting all of its records in-place.

",,,2,0,0,3765.4956166666666,0,0,0,0,0,0,158
SPARK-9531,Sub-task,SPARK,2015-08-02 00:23:29.996,2015-08-03 22:17:01.199,rxin,Major,UnsafeFixedWidthAggregationMap should be able to turn itself into an UnsafeKVExternalSorter,,,,2,0,0,2753.52005,0,0,0,0,0,0,159
SPARK-9541,Sub-task,SPARK,2015-08-02 16:26:33.153,2015-08-03 22:17:01.199,yijieshen,Major,DateTimeUtils cleanup,,,,1,0,0,1790.4674333333335,0,0,0,0,0,0,3
SPARK-9543,Sub-task,SPARK,2015-08-02 21:22:32.607,2015-08-03 22:17:01.199,rxin,Major,Add randomized testing for UnsafeKVExternalSorter,"For these low level operations that we can define correct behaviors, it is often useful to employ randomized testing.",,,1,0,0,1494.4765333333335,0,0,0,0,0,0,160
SPARK-9549,Sub-task,SPARK,2015-08-03 03:11:23.738,2015-08-03 22:17:01.199,yijieshen,Major,minor bug fix in expressions,,,,1,0,0,1145.6243499999998,0,0,0,0,0,0,4
SPARK-6831,Documentation,SPARK,2015-04-09 23:00:36.091,2015-08-05 02:29:23.271,shivaram,Major,Document how to use external data sources,We should include some instructions on how to use an external datasource for users who are beginners. Do they need to install it on all the machines ? Or just the master ? Are there are any special flags they need to pass to `bin/spark-submit` etc.,,,6,0,0,168688.78633333332,0,0,0,0,0,0,0
SPARK-9581,Test,SPARK,2015-08-04 00:48:19.451,2015-08-05 05:53:08.272,rxin,Major,Add test for JSON UDTs,,,,1,0,0,1744.8136833333333,0,0,0,0,0,0,161
SPARK-9550,Task,SPARK,2015-08-03 05:00:26.864,2015-08-05 21:17:42.620,joshrosen,Major,"Configuration renaming, defaults changes, and deprecation for 1.5.0 (master ticket)","This ticket tracks configurations which need to be renamed, deprecated, or have their defaults changed for Spark 1.5.0.

Note that subtasks / comments here do not necessarily need to reflect changes that must be performed.  Rather, tasks should be added here to make sure that the relevant configurations are at least checked before we cut releases.  This ticket will also help us to track configuration changes which must make it into the release notes.

*Configuration renaming*

- Consider renaming {{spark.shuffle.memoryFraction}} to {{spark.execution.memoryFraction}} ([discussion|https://github.com/apache/spark/pull/7770#discussion-diff-36019144]).
- Rename all public-facing uses of {{unsafe}} to something less scary, such as {{tungsten}}

*Defaults changes*
- Codegen is now enabled by default.
- Tungsten is now enabled by default.
- Parquet schema merging is now disabled by default.
- In-memory relation partition pruning should be enabled by default (SPARK-9554).

*Deprecation*
- Local execution has been removed.",,,2,3,0,3857.2626,2,25,1,1,1,1,1
SPARK-9692,Improvement,SPARK,2015-08-06 17:46:47.463,2015-08-06 20:37:13.661,rxin,Major,Remove SqlNewHadoopRDD's generated Tuple2 and InterruptibleIterator,"A small performance optimization -- we don't need to generate a Tuple2 and then immediately discard the key. We also don't need an extra wrapper.
",,,1,0,0,170.43663333333333,0,0,0,0,0,0,163
SPARK-9703,Improvement,SPARK,2015-08-06 20:26:29.332,2015-08-06 20:37:58.479,joshrosen,Major,EnsureRequirements should not add unnecessary shuffles when only ordering requirements are unsatisfied,"Consider SortMergeJoin, which requires a sorted, clustered distribution of its input rows. Say that both of SMJ's children produce unsorted output but are both single partition. In this case, we will need to inject sort operators but should not need to inject exchanges. Unfortunately, it looks like the Exchange unnecessarily repartitions using a hash partitioning.

We should update Exchange so that it does not unnecessarily repartition children when only the ordering requirements are unsatisfied.

I'd like to fix this for Spark 1.5 since it makes certain types of unit tests easier to write.",,,1,0,0,11.485783333333334,0,0,0,0,0,0,2
SPARK-9700,Improvement,SPARK,2015-08-06 18:58:24.511,2015-08-07 00:08:04.723,davies,Blocker,Pick default page size more intelligently,"Previously, we use 64MB as the default page size, which was way too big for a lot of Spark applications (especially for single node).

This patch changes it so that the default page size, if unset by the user, is determined by the number of cores available and the total execution memory available.",,,1,2,0,309.67019999999997,0,0,0,0,0,0,8
SPARK-9736,Improvement,SPARK,2015-08-07 07:16:44.978,2015-08-07 07:50:10.829,rxin,Major,JoinedRow.anyNull should delegate to the underlying rows,"JoinedRow.anyNull currently loops through every field to check for null, which is inefficient if the underlying rows are UnsafeRows. It should just delegate to the underlying implementation.
",,,1,0,0,33.43085,0,0,0,0,0,0,165
SPARK-9733,Improvement,SPARK,2015-08-07 05:44:50.334,2015-08-07 07:50:17.097,rxin,Major,Improve explain message for data source scan node,"All data sources show up as ""PhysicalRDD"" in physical plan explain. It'd be better if we can show the name of the data source.

Existing:
{code}
== Physical Plan ==
NewAggregate with UnsafeHybridAggregationIterator ArrayBuffer(date#0, cat#1) ArrayBuffer((sum(CAST((CAST(count#2, IntegerType) + 1), LongType))2,mode=Final,isDistinct=false))
 Exchange hashpartitioning(date#0,cat#1)
  NewAggregate with UnsafeHybridAggregationIterator ArrayBuffer(date#0, cat#1) ArrayBuffer((sum(CAST((CAST(count#2, IntegerType) + 1), LongType))2,mode=Partial,isDistinct=false))
   PhysicalRDD [date#0,cat#1,count#2], MapPartitionsRDD[3] at
{code}

Better version:
{code}
== Physical Plan ==
TungstenAggregate(key=[date#0,cat#1], value=[(sum(CAST((CAST(count#2, IntegerType) + 1), LongType)),mode=Final,isDistinct=false)]
 Exchange hashpartitioning(date#0,cat#1)
  TungstenAggregate(key=[date#0,cat#1], value=[(sum(CAST((CAST(count#2, IntegerType) + 1), LongType)),mode=Partial,isDistinct=false)]
   ConvertToUnsafe
    Scan ParquetRelation[file:/scratch/rxin/spark/sales4][date#0,cat#1,count#2]
{code}",,,1,0,0,125.44605,0,0,0,0,0,0,164
SPARK-9927,Sub-task,SPARK,2015-08-13 03:23:46.968,2015-08-13 04:14:19.265,yijieshen,Blocker,Revert fix of 9182 since it's pushing the wrong filter down,"I made a mistake in https://github.com/apache/spark/pull/8049 by casting literal value to attribute's data type, which would cause simply truncate the literal value and push a wrong filter down.
",,,1,0,0,50.53828333333333,0,0,0,0,0,0,5
SPARK-5632,Sub-task,SPARK,2015-02-05 21:53:15.248,2015-08-14 22:05:06.704,lishu,Blocker,not able to resolve dot('.') in field name,"My cassandra table task_trace has a field sm.result which contains dot in the name. So SQL tried to look up sm instead of full name 'sm.result'. 

Here is my code: 
{code}
scala> import org.apache.spark.sql.cassandra.CassandraSQLContext
scala> val cc = new CassandraSQLContext(sc)
scala> val task_trace = cc.jsonFile(""/task_trace.json"")
scala> task_trace.registerTempTable(""task_trace"")
scala> cc.setKeyspace(""cerberus_data_v4"")
scala> val res = cc.sql(""SELECT received_datetime, task_body.cerberus_id, task_body.sm.result FROM task_trace WHERE task_id = 'fff7304e-9984-4b45-b10c-0423a96745ce'"")
res: org.apache.spark.sql.SchemaRDD = 
SchemaRDD[57] at RDD at SchemaRDD.scala:108
== Query Plan ==
== Physical Plan ==
java.lang.RuntimeException: No such struct field sm in cerberus_batch_id, cerberus_id, couponId, coupon_code, created, description, domain, expires, message_id, neverShowAfter, neverShowBefore, offerTitle, screenshots, sm.result, sm.task, startDate, task_id, url, uuid, validationDateTime, validity
{code}

The full schema look like this:
{code}
scala> task_trace.printSchema()
root
 \|-- received_datetime: long (nullable = true)
 \|-- task_body: struct (nullable = true)
 \|    \|-- cerberus_batch_id: string (nullable = true)
 \|    \|-- cerberus_id: string (nullable = true)
 \|    \|-- couponId: integer (nullable = true)
 \|    \|-- coupon_code: string (nullable = true)
 \|    \|-- created: string (nullable = true)
 \|    \|-- description: string (nullable = true)
 \|    \|-- domain: string (nullable = true)
 \|    \|-- expires: string (nullable = true)
 \|    \|-- message_id: string (nullable = true)
 \|    \|-- neverShowAfter: string (nullable = true)
 \|    \|-- neverShowBefore: string (nullable = true)
 \|    \|-- offerTitle: string (nullable = true)
 \|    \|-- screenshots: array (nullable = true)
 \|    \|    \|-- element: string (containsNull = false)
 \|    \|-- sm.result: struct (nullable = true)
 \|    \|    \|-- cerberus_batch_id: string (nullable = true)
 \|    \|    \|-- cerberus_id: string (nullable = true)
 \|    \|    \|-- code: string (nullable = true)
 \|    \|    \|-- couponId: integer (nullable = true)
 \|    \|    \|-- created: string (nullable = true)
 \|    \|    \|-- description: string (nullable = true)
 \|    \|    \|-- domain: string (nullable = true)
 \|    \|    \|-- expires: string (nullable = true)
 \|    \|    \|-- message_id: string (nullable = true)
 \|    \|    \|-- neverShowAfter: string (nullable = true)
 \|    \|    \|-- neverShowBefore: string (nullable = true)
 \|    \|    \|-- offerTitle: string (nullable = true)
 \|    \|    \|-- result: struct (nullable = true)
 \|    \|    \|    \|-- post: struct (nullable = true)
 \|    \|    \|    \|    \|-- alchemy_out_of_stock: struct (nullable = true)
 \|    \|    \|    \|    \|    \|-- ci: double (nullable = true)
 \|    \|    \|    \|    \|    \|-- value: boolean (nullable = true)
 \|    \|    \|    \|    \|-- meta: struct (nullable = true)
 \|    \|    \|    \|    \|    \|-- None_tx_value: array (nullable = true)
 \|    \|    \|    \|    \|    \|    \|-- element: string (containsNull = false)
 \|    \|    \|    \|    \|    \|-- exceptions: array (nullable = true)
 \|    \|    \|    \|    \|    \|    \|-- element: string (containsNull = false)
 \|    \|    \|    \|    \|    \|-- no_input_value: array (nullable = true)
 \|    \|    \|    \|    \|    \|    \|-- element: string (containsNull = false)
 \|    \|    \|    \|    \|    \|-- not_mapped: array (nullable = true)
 \|    \|    \|    \|    \|    \|    \|-- element: string (containsNull = false)
 \|    \|    \|    \|    \|    \|-- not_transformed: array (nullable = true)
 \|    \|    \|    \|    \|    \|    \|-- element: array (containsNull = false)
 \|    \|    \|    \|    \|    \|    \|    \|-- element: string (containsNull = false)
 \|    \|    \|    \|    \|-- now_price_checkout: struct (nullable = true)
 \|    \|    \|    \|    \|    \|-- ci: double (nullable = true)
 \|    \|    \|    \|    \|    \|-- value: double (nullable = true)
 \|    \|    \|    \|    \|-- shipping_price: struct (nullable = true)
 \|    \|    \|    \|    \|    \|-- ci: double (nullable = true)
 \|    \|    \|    \|    \|    \|-- value: double (nullable = true)
 \|    \|    \|    \|    \|-- tax: struct (nullable = true)
 \|    \|    \|    \|    \|    \|-- ci: double (nullable = true)
 \|    \|    \|    \|    \|    \|-- value: double (nullable = true)
 \|    \|    \|    \|    \|-- total: struct (nullable = true)
 \|    \|    \|    \|    \|    \|-- ci: double (nullable = true)
 \|    \|    \|    \|    \|    \|-- value: double (nullable = true)
 \|    \|    \|    \|-- pre: struct (nullable = true)
 \|    \|    \|    \|    \|-- alchemy_out_of_stock: struct (nullable = true)
 \|    \|    \|    \|    \|    \|-- ci: double (nullable = true)
 \|    \|    \|    \|    \|    \|-- value: boolean (nullable = true)
 \|    \|    \|    \|    \|-- meta: struct (nullable = true)
 \|    \|    \|    \|    \|    \|-- None_tx_value: array (nullable = true)
 \|    \|    \|    \|    \|    \|    \|-- element: string (containsNull = false)
 \|    \|    \|    \|    \|    \|-- exceptions: array (nullable = true)
 \|    \|    \|    \|    \|    \|    \|-- element: string (containsNull = false)
 \|    \|    \|    \|    \|    \|-- no_input_value: array (nullable = true)
 \|    \|    \|    \|    \|    \|    \|-- element: string (containsNull = false)
 \|    \|    \|    \|    \|    \|-- not_mapped: array (nullable = true)
 \|    \|    \|    \|    \|    \|    \|-- element: string (containsNull = false)
 \|    \|    \|    \|    \|    \|-- not_transformed: array (nullable = true)
 \|    \|    \|    \|    \|    \|    \|-- element: array (containsNull = false)
 \|    \|    \|    \|    \|    \|    \|    \|-- element: string (containsNull = false)
 \|    \|    \|    \|    \|-- now_price_checkout: struct (nullable = true)
 \|    \|    \|    \|    \|    \|-- ci: double (nullable = true)
 \|    \|    \|    \|    \|    \|-- value: double (nullable = true)
 \|    \|    \|    \|    \|-- shipping_price: struct (nullable = true)
 \|    \|    \|    \|    \|    \|-- ci: double (nullable = true)
 \|    \|    \|    \|    \|    \|-- value: double (nullable = true)
 \|    \|    \|    \|    \|-- tax: struct (nullable = true)
 \|    \|    \|    \|    \|    \|-- ci: double (nullable = true)
 \|    \|    \|    \|    \|    \|-- value: double (nullable = true)
 \|    \|    \|    \|    \|-- total: struct (nullable = true)
 \|    \|    \|    \|    \|    \|-- ci: double (nullable = true)
 \|    \|    \|    \|    \|    \|-- value: double (nullable = true)
 \|    \|    \|-- startDate: string (nullable = true)
 \|    \|    \|-- status: string (nullable = true)
 \|    \|    \|-- task_id: string (nullable = true)
 \|    \|    \|-- url: string (nullable = true)
 \|    \|    \|-- uuid: string (nullable = true)
 \|    \|    \|-- validationDateTime: string (nullable = true)
 \|    \|    \|-- validity: string (nullable = true)
 \|    \|-- sm.task: struct (nullable = true)
 \|    \|    \|-- cerberus_batch_id: string (nullable = true)
 \|    \|    \|-- cerberus_id: string (nullable = true)
 \|    \|    \|-- couponId: integer (nullable = true)
 \|    \|    \|-- coupon_code: string (nullable = true)
 \|    \|    \|-- created: string (nullable = true)
 \|    \|    \|-- description: string (nullable = true)
 \|    \|    \|-- domain: string (nullable = true)
 \|    \|    \|-- expires: string (nullable = true)
 \|    \|    \|-- message_id: string (nullable = true)
 \|    \|    \|-- neverShowAfter: string (nullable = true)
 \|    \|    \|-- neverShowBefore: string (nullable = true)
 \|    \|    \|-- offerTitle: string (nullable = true)
 \|    \|    \|-- result: struct (nullable = true)
 \|    \|    \|    \|-- post: struct (nullable = true)
 \|    \|    \|    \|    \|-- final_price: struct (nullable = true)
 \|    \|    \|    \|    \|    \|-- ci: integer (nullable = true)
 \|    \|    \|    \|    \|    \|-- value: string (nullable = true)
 \|    \|    \|    \|    \|-- merchant_exception: struct (nullable = true)
 \|    \|    \|    \|    \|    \|-- ci: double (nullable = true)
 \|    \|    \|    \|    \|    \|-- value: boolean (nullable = true)
 \|    \|    \|    \|    \|-- now_price_checkout: struct (nullable = true)
 \|    \|    \|    \|    \|    \|-- ci: double (nullable = true)
 \|    \|    \|    \|    \|    \|-- value: string (nullable = true)
 \|    \|    \|    \|    \|-- orig_price: struct (nullable = true)
 \|    \|    \|    \|    \|    \|-- ci: integer (nullable = true)
 \|    \|    \|    \|    \|    \|-- value: string (nullable = true)
 \|    \|    \|    \|    \|-- out_of_stock: struct (nullable = true)
 \|    \|    \|    \|    \|    \|-- ci: double (nullable = true)
 \|    \|    \|    \|    \|    \|-- value: boolean (nullable = true)
 \|    \|    \|    \|    \|-- sale_price: struct (nullable = true)
 \|    \|    \|    \|    \|    \|-- ci: integer (nullable = true)
 \|    \|    \|    \|    \|    \|-- value: string (nullable = true)
 \|    \|    \|    \|    \|-- shipping_price: struct (nullable = true)
 \|    \|    \|    \|    \|    \|-- ci: double (nullable = true)
 \|    \|    \|    \|    \|    \|-- value: string (nullable = true)
 \|    \|    \|    \|    \|-- tax: struct (nullable = true)
 \|    \|    \|    \|    \|    \|-- ci: double (nullable = true)
 \|    \|    \|    \|    \|    \|-- value: string (nullable = true)
 \|    \|    \|    \|    \|-- total: struct (nullable = true)
 \|    \|    \|    \|    \|    \|-- ci: double (nullable = true)
 \|    \|    \|    \|    \|    \|-- value: string (nullable = true)
 \|    \|    \|    \|-- pre: struct (nullable = true)
 \|    \|    \|    \|    \|-- final_price: struct (nullable = true)
 \|    \|    \|    \|    \|    \|-- ci: integer (nullable = true)
 \|    \|    \|    \|    \|    \|-- value: string (nullable = true)
 \|    \|    \|    \|    \|-- merchant_exception: struct (nullable = true)
 \|    \|    \|    \|    \|    \|-- ci: double (nullable = true)
 \|    \|    \|    \|    \|    \|-- value: boolean (nullable = true)
 \|    \|    \|    \|    \|-- now_price_checkout: struct (nullable = true)
 \|    \|    \|    \|    \|    \|-- ci: double (nullable = true)
 \|    \|    \|    \|    \|    \|-- value: string (nullable = true)
 \|    \|    \|    \|    \|-- orig_price: struct (nullable = true)
 \|    \|    \|    \|    \|    \|-- ci: integer (nullable = true)
 \|    \|    \|    \|    \|    \|-- value: string (nullable = true)
 \|    \|    \|    \|    \|-- out_of_stock: struct (nullable = true)
 \|    \|    \|    \|    \|    \|-- ci: double (nullable = true)
 \|    \|    \|    \|    \|    \|-- value: boolean (nullable = true)
 \|    \|    \|    \|    \|-- sale_price: struct (nullable = true)
 \|    \|    \|    \|    \|    \|-- ci: integer (nullable = true)
 \|    \|    \|    \|    \|    \|-- value: string (nullable = true)
 \|    \|    \|    \|    \|-- shipping_price: struct (nullable = true)
 \|    \|    \|    \|    \|    \|-- ci: double (nullable = true)
 \|    \|    \|    \|    \|    \|-- value: string (nullable = true)
 \|    \|    \|    \|    \|-- tax: struct (nullable = true)
 \|    \|    \|    \|    \|    \|-- ci: double (nullable = true)
 \|    \|    \|    \|    \|    \|-- value: string (nullable = true)
 \|    \|    \|    \|    \|-- total: struct (nullable = true)
 \|    \|    \|    \|    \|    \|-- ci: double (nullable = true)
 \|    \|    \|    \|    \|    \|-- value: string (nullable = true)
 \|    \|    \|-- screenshots: array (nullable = true)
 \|    \|    \|    \|-- element: string (containsNull = false)
 \|    \|    \|-- startDate: string (nullable = true)
 \|    \|    \|-- status: string (nullable = true)
 \|    \|    \|-- task_id: string (nullable = true)
 \|    \|    \|-- url: string (nullable = true)
 \|    \|    \|-- uuid: string (nullable = true)
 \|    \|    \|-- validationDateTime: string (nullable = true)
 \|    \|    \|-- validity: string (nullable = true)
 \|    \|-- startDate: string (nullable = true)
 \|    \|-- task_id: string (nullable = true)
 \|    \|-- url: string (nullable = true)
 \|    \|-- uuid: string (nullable = true)
 \|    \|-- validationDateTime: string (nullable = true)
 \|    \|-- validity: string (nullable = true)
 \|-- task_id: string (nullable = true)
 \|-- task_step: integer (nullable = true)
 \|-- task_type: integer (nullable = true)
{code}

I also tried val sqlContext = new org.apache.spark.sql.SQLContext(sc), but it give the same exception. ",,,1,1,0,273611.8576,0,0,0,0,0,0,0
SPARK-6117,Sub-task,SPARK,2015-03-02 21:22:08.230,2015-08-14 22:05:06.704,rxin,Major,describe function for summary statistics,"DataFrame.describe should return a DataFrame with summary statistics. 

{code}
def describe(cols: String*): DataFrame
{code}

If cols is empty, then run describe on all numeric columns.

The returned DataFrame should have 5 rows (count, mean, stddev, min, max) and n + 1 columns. The 1st column is the name of the aggregate function, and the next n columns are the numeric columns of interest in the input DataFrame.

Similar to Pandas (but removing percentile since accurate percentiles are too expensive to compute for Big Data)
{code}
In [19]: df.describe()
Out[19]: 
              A         B         C         D
count  6.000000  6.000000  6.000000  6.000000
mean   0.073711 -0.431125 -0.687758 -0.233103
std    0.843157  0.922818  0.779887  0.973118
min   -0.861849 -2.104569 -1.509059 -1.135632
max    1.212112  0.567020  0.276232  1.071804
{code}

",,,2,0,0,237642.97456666667,0,0,0,0,0,0,0
SPARK-6119,Sub-task,SPARK,2015-03-02 21:43:31.860,2015-08-14 22:05:06.704,rxin,Major,DataFrame.dropna support,"Support dropping rows with null values (dropna). Similar to Pandas' dropna

http://pandas.pydata.org/pandas-docs/dev/generated/pandas.DataFrame.dropna.html
",,,3,6,0,237621.58073333334,0,0,0,0,0,0,1
SPARK-6231,Sub-task,SPARK,2015-03-09 18:32:16.331,2015-08-14 22:05:06.704,davies,Critical,Join on two tables (generated from same one) is broken,"If the two column used in joinExpr come from the same table, they have the same id, then the joniExpr is explained in wrong way.

{code}
val df = sqlContext.load(path, ""parquet"")

val txns = df.groupBy(""cust_id"").agg($""cust_id"", countDistinct($""day_num"").as(""txns""))

val spend = df.groupBy(""cust_id"").agg($""cust_id"", sum($""extended_price"").as(""spend""))

val rmJoin = txns.join(spend, txns(""cust_id"") === spend(""cust_id""), ""inner"")

scala> rmJoin.explain
== Physical Plan ==
CartesianProduct
 Filter (cust_id#0 = cust_id#0)
  Aggregate false, [cust_id#0], [cust_id#0,CombineAndCount(partialSets#25) AS txns#7L]
   Exchange (HashPartitioning [cust_id#0], 200)
    Aggregate true, [cust_id#0], [cust_id#0,AddToHashSet(day_num#2L) AS partialSets#25]
     PhysicalRDD [cust_id#0,day_num#2L], MapPartitionsRDD[1] at map at newParquet.scala:542
 Aggregate false, [cust_id#17], [cust_id#17,SUM(PartialSum#38) AS spend#8]
  Exchange (HashPartitioning [cust_id#17], 200)
   Aggregate true, [cust_id#17], [cust_id#17,SUM(extended_price#20) AS PartialSum#38]
    PhysicalRDD [cust_id#17,extended_price#20], MapPartitionsRDD[3] at map at newParquet.scala:542

{code}",,,13,2,0,227732.83955,0,0,0,0,0,0,0
SPARK-6293,Sub-task,SPARK,2015-03-11 23:58:03.078,2015-08-14 22:05:06.704,josephkb,Major,SQLContext.implicits should provide automatic conversion for RDD[Row],"When a DataFrame is converted to an RDD[Row], it should be easier to convert it back to a DataFrame via toDF.  E.g.:
{code}
val df: DataFrame = myRDD.toDF(""col1"", ""col2"")  // This works for types like RDD[scala.Tuple2[...]]

val splits = df.rdd.randomSplit(...)

val split0: RDD[Row] = splits(0)

val df0 = split0.toDF(""col1"", ""col2"") // This fails
{code}

The failure happens because SQLContext.implicits does not provide an automatic conversion for Rows.  (It does handle Products, but Row does not implement Product.)",,,9,0,0,224527.06043333333,0,0,0,0,0,0,0
SPARK-6562,Sub-task,SPARK,2015-03-27 07:52:39.597,2015-08-14 22:05:06.704,rxin,Major,DataFrame.na.replace value support in Scala/Java,"Support replacing a set of values with another set of values (i.e. map join), similar to Pandas' replace.

http://pandas.pydata.org/pandas-docs/dev/generated/pandas.DataFrame.replace.html",,,1,2,0,202452.45178333335,0,0,0,0,0,0,2
SPARK-6564,Sub-task,SPARK,2015-03-27 08:00:59.839,2015-08-14 22:05:06.704,rxin,Blocker,"SQLContext.emptyDataFrame should contain 0 rows, not 1 row",Right now emptyDataFrame actually contains 1 row.,,,1,0,0,202444.11441666668,0,0,0,0,0,0,3
SPARK-6603,Sub-task,SPARK,2015-03-30 06:18:04.839,2015-08-14 22:05:06.704,rxin,Major,SQLContext.registerFunction -> SQLContext.udf.register,"We didn't change the Python implementation to use that. Maybe the best strategy is to deprecate SQLContext.registerFunction, and just add SQLContext.udf.register.

",,,3,0,0,198227.03108333334,0,0,0,0,0,0,4
SPARK-6608,Sub-task,SPARK,2015-03-30 12:31:25.587,2015-08-14 22:05:06.704,lian cheng,Minor,Make DataFrame.rdd a lazy val,"Before 1.3.0, {{SchemaRDD.id}} works as a unique identifier of each {{SchemaRDD}}. In 1.3.0, unlike {{SchemaRDD}}, {{DataFrame}} is no longer an RDD, and {{DataFrame.rdd}} is actually a function which always return a new RDD instance. Making {{DataFrame.rdd}} a {{lazy val}} should bring the unique identifier back.",,,2,0,0,197853.68528333335,0,0,0,0,0,0,0
SPARK-6623,Sub-task,SPARK,2015-03-31 04:22:38.624,2015-08-14 22:05:06.704,rxin,Major,Alias DataFrame.na.fill/drop in Python,To be more consistent with Scala.,,,1,0,0,196902.468,0,0,0,0,0,0,5
SPARK-6829,Sub-task,SPARK,2015-04-09 22:47:08.248,2015-08-14 22:05:06.704,mengxr,Blocker,Support math functions in DataFrames,DataFrames support basic arithmetics between columns. We can generate UDFs that match Java/Scala math functions to expand DataFrames operations.,,,1,0,0,182837.97426666666,0,0,0,0,0,0,0
SPARK-6865,Sub-task,SPARK,2015-04-11 21:10:12.538,2015-08-14 22:05:06.704,marmbrus,Blocker,Decide on semantics for string identifiers in DataFrame API,"There are two options:
 - Quoted Identifiers: meaning that the strings are treated as though they were in backticks in SQL.  Any weird characters (spaces, or, etc) are considered part of the identifier.  Kind of weird given that `*` is already a special identifier explicitly allowed by the API
 - Unquoted parsed identifiers: would allow users to specify things like tableAlias.*  However, would also require explicit use of `backticks` for identifiers with weird characters in them.",,,3,1,0,180054.90276666667,0,0,0,0,0,0,1
SPARK-6876,Sub-task,SPARK,2015-04-13 05:57:29.263,2015-08-14 22:05:06.704,rxin,Major,DataFrame.na.replace value support for Python,"Scala/Java support is in. We should provide the Python version, similar to what Pandas supports.

http://pandas.pydata.org/pandas-docs/dev/generated/pandas.DataFrame.replace.html",,,1,0,0,178087.62401666667,0,0,0,0,0,0,7
SPARK-7035,Sub-task,SPARK,2015-04-21 15:05:42.460,2015-08-14 22:05:06.704,kalle,Major,Drop __getattr__ on pyspark.sql.DataFrame,"I think the {{\_\_getattr\_\_}} method on the DataFrame should be removed.

There is no point in having the possibility to address the DataFrames columns as {{df.column}}, other than the questionable goal to please R developers. And it seems R people can use Spark from their native API in the future.

I see the following problems with {{\_\_getattr\_\_}} for column selection:

* It's un-pythonic: There should only be one obvious way to solve a problem, and we can already address columns on a DataFrame via the {{\_\_getitem\_\_}} method, which in my opinion is by far superior and a lot more intuitive.

* It leads to confusing Exceptions. When we mistype a method-name the {{AttributeError}} will say 'No such column ... '.

* And most importantly: we cannot load DataFrames that have columns with the same name as any attribute on the DataFrame-object. Imagine having a DataFrame with a column named {{cache}} or {{filter}}. Calling {{df.cache()}} will be ambiguous and lead to broken code.",,,19,0,0,166019.40406666667,0,0,0,0,0,0,0
SPARK-7059,Sub-task,SPARK,2015-04-22 18:32:59.498,2015-08-14 22:05:06.704,rxin,Major,Create a DataFrame join API to facilitate equijoin and self join,Similar to SQL on and USING.,,,2,1,0,164372.1201,0,0,0,0,0,0,8
SPARK-7060,Sub-task,SPARK,2015-04-22 18:41:40.656,2015-08-14 22:05:06.704,yhuai,Major,Missing alias function on Python DataFrame,"I don't think we should be setting ""Blocker"" on issues like this. ",,,1,0,0,164363.43413333333,0,0,0,0,0,0,7
SPARK-7068,Sub-task,SPARK,2015-04-23 05:04:01.600,2015-08-14 22:05:06.704,rxin,Major,Remove PrimitiveType,"We don't have a clear definition of what primitive type is. Better to remove it than confusing ourselves.
",,,1,0,0,163741.08506666668,0,0,0,0,0,0,9
SPARK-7069,Sub-task,SPARK,2015-04-23 05:04:33.364,2015-08-14 22:05:06.704,rxin,Major,Rename NativeType -> AtomicType,"I think our NativeType is really just AtomicTypes. Let's use that instead.
",,,2,2,0,163740.55566666665,0,0,0,0,0,0,10
SPARK-7073,Sub-task,SPARK,2015-04-23 06:56:44.819,2015-08-14 22:05:06.704,rxin,Major,Clean up Python data type hierarchy,"We recently removed PrimitiveType in Scala, but in Python we still have that (internal) concept. We should revisit and clean those as well.
",,,1,0,0,163628.36475,0,0,0,0,0,0,11
SPARK-7118,Sub-task,SPARK,2015-04-24 08:45:02.996,2015-08-14 22:05:06.704,ogirardot,Minor,Add coalesce Spark SQL function to PySpark API,"The *org.apache.sql.functions.coalesce* function is not available from PySpark SQL API.

Let's add it.

Olivier.",,,2,0,0,162080.0618,0,0,0,0,0,0,0
SPARK-7133,Sub-task,SPARK,2015-04-24 20:02:24.014,2015-08-14 22:05:06.704,rxin,Blocker,"Implement struct, array, and map field accessor using apply in Scala and __getitem__ in Python","Typing 
{code}
df.col[1]
{code}
and
{code}
df.col['field']
{code}

is so much eaiser than

{code}
df.col.getField('field')
df.col.getItem(1)
{code}


This would require us to define (in Column) an apply function in Scala, and a __getitem__ function in Python.",,,7,0,0,161402.7115,0,0,0,0,0,0,12
SPARK-7135,Sub-task,SPARK,2015-04-24 20:56:46.717,2015-08-14 22:05:06.704,rxin,Major,Expression for monotonically increasing IDs,"Seems like a common use case that users might want a unique ID for each row. It is more expensive to have consecutive IDs, since that'd require two pass over the data. However, many use cases can be satisfied by just having unique ids.",,,1,1,0,161348.33311666668,0,0,0,0,0,0,13
SPARK-7150,Sub-task,SPARK,2015-04-26 06:54:21.990,2015-08-14 22:05:06.704,josephkb,Minor,SQLContext.range(),"It would be handy to have easy ways to construct random columns for DataFrames.  Proposed API:
{code}
class SQLContext {
  // Return a DataFrame with a single column named ""id"" that has consecutive value from 0 to n.
  def range(n: Long): DataFrame

  def range(n: Long, numPartitions: Int): DataFrame
}
{code}

Usage:
{code}
// uniform distribution
ctx.range(1000).select(rand())

// normal distribution
ctx.range(1000).select(randn())
{code}


We should add an RangeIterator that supports long start/stop position, and then use it to create an RDD as the basis for this DataFrame.
",,,5,5,0,159310.74523333332,0,0,0,0,0,0,1
SPARK-7152,Sub-task,SPARK,2015-04-26 08:33:01.700,2015-08-14 22:05:06.704,rxin,Major,Add a Column expression for partition ID,"Partition ID can be useful for seeding random number generators, or for seeding unique record IDs.

",,,1,0,0,159212.0834,0,0,0,0,0,0,14
SPARK-7156,Sub-task,SPARK,2015-04-26 23:30:52.295,2015-08-14 22:05:06.704,josephkb,Minor,Add randomSplit method to DataFrame,,,,3,0,0,158314.24015,0,0,0,0,0,0,2
SPARK-7157,Sub-task,SPARK,2015-04-26 23:33:56.783,2015-08-14 22:05:06.704,josephkb,Minor,Add approximate stratified sampling to DataFrame,,,,4,2,0,158311.16535,0,0,0,0,0,0,3
SPARK-7158,Sub-task,SPARK,2015-04-27 00:42:19.342,2015-08-14 22:05:06.704,rxin,Blocker,collect and take return different results,"Reported by [~rams]

{code}
import java.util.UUID
import org.apache.spark.sql._
import org.apache.spark.sql.types._
val rdd = sc.parallelize(List(1,2,3), 2)
val schema = StructType(List(StructField(""index"",IntegerType,true)))
val df = sqlContext.createDataFrame(rdd.map(p => Row(p)), schema)
def id:() => String = () => {UUID.randomUUID().toString()}
def square:Int => Int = (x: Int) => {x * x}
val dfWithId = df.withColumn(""id"",callUDF(id, StringType)).cache() //expect the ID to have materialized at this point
dfWithId.collect()
//res0: Array[org.apache.spark.sql.Row] = Array([1,43c7b8e2-b4a3-43ee-beff-0bb4b7d6c1b1], [2,efd061be-e8cc-43fa-956e-cfd6e7355982], [3,79b0baab-627c-4761-af0d-8995b8c5a125])

val dfWithIdAndSquare = dfWithId.withColumn(""square"",callUDF(square, IntegerType, col(""index"")))
dfWithIdAndSquare.collect()
//res1: Array[org.apache.spark.sql.Row] = Array([1,a3b2e744-a0a1-40fe-8133-87a67660b4ab,1], [2,0a7052a0-6071-4ef5-a25a-2670248ea5cd,4], [3,209f269e-207a-4dfd-a186-738be5db2eff,9])
//why are the IDs in lines 11 and 15 different?
{code}

The randomly generated IDs are the same if show (which uses take under the hood) is used instead of collect.
",,,3,0,0,158242.78936666666,0,0,0,0,0,0,15
SPARK-7188,Sub-task,SPARK,2015-04-28 06:10:56.410,2015-08-14 22:05:06.704,rxin,Major,Support math functions in DataFrames in Python,,,,1,0,0,156474.17156666666,0,0,0,0,0,0,16
SPARK-7215,Sub-task,SPARK,2015-04-28 23:50:41.334,2015-08-14 22:05:06.704,brkyvz,Critical,Make repartition and coalesce a part of the query plan,,,,1,0,0,155414.42283333332,0,0,0,0,0,0,0
SPARK-7226,Sub-task,SPARK,2015-04-29 07:21:38.958,2015-08-14 22:05:06.704,rxin,Critical,Support math functions in R DataFrame,,,,4,0,0,154963.46243333333,0,0,0,0,0,0,17
SPARK-7227,Sub-task,SPARK,2015-04-29 07:22:02.313,2015-08-14 22:05:06.704,rxin,Critical,Support fillna / dropna in R DataFrame,,,,4,0,0,154963.07318333336,0,0,0,0,0,0,18
SPARK-7248,Sub-task,SPARK,2015-04-29 19:24:20.453,2015-08-14 22:05:06.704,mengxr,Major,Random number generators for DataFrames,"This is an umbrella JIRA for random number generators for DataFrames. The initial set of RNGs would be `rand` and `randn`, which takes a seed.

{code}
df.select(""*"", rand(11L).as(""rand""))
{code}

Where those methods should live is TBD.",,,1,0,0,154240.77085,0,0,0,0,0,0,1
SPARK-7274,Sub-task,SPARK,2015-04-30 08:01:16.845,2015-08-14 22:05:06.704,rxin,Major,Create Column expression for array/struct creation,,,,2,0,0,153483.83098333332,0,0,0,0,0,0,19
SPARK-7276,Sub-task,SPARK,2015-04-30 10:17:55.299,2015-08-14 22:05:06.704,apclement,Major,withColumn is very slow on dataframe with large number of columns,"The code snippet demonstrates the problem.

{code}
    import org.apache.spark.sql._
    import org.apache.spark.sql.types._

    val sparkConf = new SparkConf().setAppName(""Spark Test"").setMaster(System.getProperty(""spark.master"", ""local[4]""))

    val sc = new SparkContext(sparkConf)
    val sqlContext = new SQLContext(sc)
    import sqlContext.implicits._

    val custs = Seq(
      Row(1, ""Bob"", 21, 80.5),
      Row(2, ""Bobby"", 21, 80.5),
      Row(3, ""Jean"", 21, 80.5),
      Row(4, ""Fatime"", 21, 80.5)
    )

    var fields = List(
      StructField(""id"", IntegerType, true),
      StructField(""a"", IntegerType, true),
      StructField(""b"", StringType, true),
      StructField(""target"", DoubleType, false))
    val schema = StructType(fields)

    var rdd = sc.parallelize(custs)
    var df = sqlContext.createDataFrame(rdd, schema)

    for (i <- 1 to 200) {
      val now = System.currentTimeMillis
      df = df.withColumn(""a_new_col_"" + i, df(""a"") + i)
      println(s""$i -> "" + (System.currentTimeMillis - now))
    }

    df.show()
{code}
",,,3,2,0,153347.19008333332,0,0,0,0,0,0,0
SPARK-7280,Sub-task,SPARK,2015-04-30 17:41:07.976,2015-08-14 22:05:06.704,rxin,Major,Add a method for dropping a column in Java/Scala,"Similar to Pandas: http://pandas.pydata.org/pandas-docs/dev/generated/pandas.DataFrame.drop.html

Takes a column name and returns a new DataFrame that drops a column.
",,,7,1,0,152903.9788,0,0,0,0,0,0,20
SPARK-7294,Sub-task,SPARK,2015-05-01 07:45:31.860,2015-08-14 22:05:06.704,rxin,Major,Add a between function in Column,"Column.between(a, b)

We can just translate it to c > a and c < b

Should add this for both Python and Scala/Java.
",,,3,0,0,152059.58073333334,0,0,0,0,0,0,21
SPARK-7295,Sub-task,SPARK,2015-05-01 07:46:59.982,2015-08-14 22:05:06.704,rxin,Major,Add bitwise operations to DataFrame DSL,"We should add the following functions to org.apache.spark.sql.Column:

bitwiseAND
bitwiseOR
bitwiseXOR
bitwiseNOT

They should also be added to Python's Column class.
",,,1,0,0,152058.1120333333,0,0,0,0,0,0,22
SPARK-7319,Sub-task,SPARK,2015-05-02 06:21:03.825,2015-08-14 22:05:06.704,rxin,Major,Improve the output from DataFrame.show(),"DataFrame.show()'s current output is not as nice as some of the command line SQL tools. We should improve it. 

This is a good example:
{code}
+----+----+---------+
|year|code|govt_debt|
+----+----+---------+
|2009|RU  |     8.70|
|2010|RU  |     9.10|
|2011|RU  |     9.30|
|2012|RU  |     9.40|
|2009|CA  |    51.30|
+----+----+---------+
{code}",,,1,0,0,150704.04798333335,0,0,0,0,0,0,23
SPARK-7320,Sub-task,SPARK,2015-05-02 06:58:23.032,2015-08-14 22:05:06.704,rxin,Major,Add rollup and cube support to DataFrame Java/Scala DSL,"We should add two functions to GroupedData in order to support rollup and cube for the DataFrame DSL.

{code}
def rollup(): GroupedData
def cube(): GroupedData
{code}

These two should return new GroupedData with the appropriate state set so when we run an Aggregate, we translate the underlying logical operator into Rollup or Cube.
",,,9,2,0,150666.72786666668,0,0,0,0,0,0,24
SPARK-7321,Sub-task,SPARK,2015-05-02 07:03:07.922,2015-08-14 22:05:06.704,rxin,Critical,"Add Column expression for conditional statements (if, case)","A good reference implementation is http://www.jooq.org/doc/3.6/manual-single-page/#case-expressions

As an example in Python:
{code}
when(df.age == 1, ""one"").when(df.age == 2, ""two"").otherwise(""unknown"")
{code}",,,2,1,0,150661.9797,0,0,0,0,0,0,25
SPARK-7322,Sub-task,SPARK,2015-05-02 07:07:21.144,2015-08-14 22:05:06.704,rxin,Major,Window function support in Scala/Java DataFrame DSL,"Here's a proposal for supporting window functions in the DataFrame DSL:

1. Add an over function to Column:
{code}
class Column {
  ...
  def over(window: Window): Column
  ...
}
{code}

2. Window:
{code}
object Window {
  def partitionBy(...): Window
  def orderBy(...): Window

  object Frame {
    def unbounded: Frame
    def preceding(n: Long): Frame
    def following(n: Long): Frame
  }

  class Frame
}

class Window {
  def orderBy(...): Window
  def rowsBetween(Frame, Frame): Window
  def rangeBetween(Frame, Frame): Window  // maybe add this later
}
{code}

Here's an example to use it:
{code}
df.select(
  avg(“age”).over(Window.partitionBy(“..”, “..”).orderBy(“..”, “..”)
    .rowsBetween(Frame.unbounded, Frame.currentRow))
)

df.select(
  avg(“age”).over(Window.partitionBy(“..”, “..”).orderBy(“..”, “..”)
    .rowsBetween(Frame.preceding(50), Frame.following(10)))
)
{code}",,,12,5,0,150657.75933333335,0,0,0,0,0,0,26
SPARK-7324,Sub-task,SPARK,2015-05-02 08:19:52.132,2015-08-14 22:05:06.704,rxin,Major,Add DataFrame.dropDuplicates,"Similar to http://pandas.pydata.org/pandas-docs/stable/generated/pandas.DataFrame.drop_duplicates.html

def dropDuplicates(): DataFrame

def dropDuplicates(subset: Seq[String]): DataFrame

We can turn this into groupBy(cols).agg(first(...))",,,3,0,0,150585.24286666667,0,0,0,0,0,0,27
SPARK-7358,Sub-task,SPARK,2015-05-05 05:49:10.635,2015-08-14 22:05:06.704,rxin,Blocker,Move mathfunctions into functions,,,,1,0,0,146415.93448333335,0,0,0,0,0,0,28
SPARK-7460,Sub-task,SPARK,2015-05-08 00:59:58.085,2015-08-14 22:05:06.704,rams,Minor,Provide DataFrame.zip (analog of RDD.zip) to merge two data frames,an analog of RDD1.zip(RDD2) for data frames allows us to merge two data frames without stepping down to the RDD layer and back. (syntactic sugar),,,2,0,0,142385.14365,0,0,0,0,0,0,0
SPARK-7462,Sub-task,SPARK,2015-05-08 02:03:43.792,2015-08-14 22:05:06.704,rxin,Blocker,By default retain group by columns in aggregate,,,,4,0,0,142321.38186666666,0,0,0,0,0,0,29
SPARK-7509,Sub-task,SPARK,2015-05-09 19:24:43.157,2015-08-14 22:05:06.704,rxin,Major,Add drop column to Python DataFrame API,,,,3,0,0,139840.39245,0,0,0,0,0,0,30
SPARK-7543,Sub-task,SPARK,2015-05-11 22:11:45.295,2015-08-14 22:05:06.704,rxin,Major,Break dataframe.py into multiple files,dataframe.py is getting large again. We should just make each class its own file.,,,1,0,0,136793.35681666667,0,0,0,0,0,0,31
SPARK-7548,Sub-task,SPARK,2015-05-12 00:01:07.889,2015-08-14 22:05:06.704,rxin,Blocker,Add explode expression,,,,5,0,0,136683.98025,0,0,0,0,0,0,32
SPARK-7551,Sub-task,SPARK,2015-05-12 00:08:09.727,2015-08-14 22:05:06.704,rxin,Critical,Don't split by dot if within backticks for DataFrame attribute resolution,"DataFrame's resolve:
{code}
  protected[sql] def resolve(colName: String): NamedExpression = {
    queryExecution.analyzed.resolve(colName.split(""\\.""), sqlContext.analyzer.resolver).getOrElse {
      throw new AnalysisException(
        s""""""Cannot resolve column name ""$colName"" among (${schema.fieldNames.mkString("", "")})"""""")
    }
  }
{code}

We should not split the parts quoted by backticks (`).

For example, `ab.cd`.`efg` should be split into two parts ""ab.cd"" and ""efg"". 

",,,2,1,0,136676.94961666668,0,0,0,0,0,0,34
SPARK-7588,Sub-task,SPARK,2015-05-13 00:00:19.199,2015-08-14 22:05:06.704,rxin,Blocker,Document all SQL/DataFrame public methods with @since tag,,,,1,0,0,135244.79175,0,0,0,0,0,0,35
SPARK-7606,Sub-task,SPARK,2015-05-13 16:09:34.704,2015-08-14 22:05:06.704,nchammas,Major,Document all PySpark SQL/DataFrame public methods with @since tag,,,,5,0,0,134275.53333333333,0,0,0,0,0,0,0
SPARK-7654,Sub-task,SPARK,2015-05-15 01:16:25.816,2015-08-14 22:05:06.704,rxin,Blocker,DataFrameReader and DataFrameWriter for input/output API,"We have a proliferation of save options now. It'd make more sense to have a builder pattern for write.


",,,7,2,0,132288.68146666666,0,0,0,0,0,0,37
SPARK-7734,Sub-task,SPARK,2015-05-19 15:19:57.206,2015-08-14 22:05:06.704,cloud_fan,Major,make explode support struct type,,,,1,0,0,125685.1583,0,0,0,0,0,0,0
SPARK-7738,Sub-task,SPARK,2015-05-19 18:52:25.793,2015-08-14 22:05:06.704,davies,Critical,DataFrame reader/writer API in Python,The data source read/write API in Python,,,1,0,0,125472.68185000001,0,0,0,0,0,0,1
SPARK-7778,Sub-task,SPARK,2015-05-21 01:58:43.886,2015-08-14 22:05:06.704,rakeshchalasani,Major,Add standard deviation aggregate expression ,Add standard deviation aggregate expression over data frame columns.,,,4,0,0,123606.3803,0,0,0,0,0,0,0
SPARK-7783,Sub-task,SPARK,2015-05-21 04:11:17.814,2015-08-14 22:05:06.704,rxin,Major,Add rollup and cube support to DataFrame Python DSL,,,,1,0,0,123473.81483333332,0,0,0,0,0,0,38
SPARK-7822,Sub-task,SPARK,2015-05-22 08:01:45.236,2015-08-14 22:05:06.704,rxin,Major,Window function support in Python DataFrame DSL,,,,3,0,0,121803.35780000001,0,0,0,0,0,0,39
SPARK-7834,Sub-task,SPARK,2015-05-22 19:01:32.177,2015-08-14 22:05:06.704,marmbrus,Critical,Better error for unresolved window functions.,,,,2,0,0,121143.57544999999,0,0,0,0,0,0,8
SPARK-7836,Sub-task,SPARK,2015-05-22 21:55:42.844,2015-08-14 22:05:06.704,davies,Blocker,DataFrame.ntile() should only accept Int as parameter,see https://msdn.microsoft.com/en-us/library/ms175126.aspx and http://docs.oracle.com/cd/B19306_01/server.102/b14200/functions101.htm,,,3,0,0,120969.39766666667,0,0,0,0,0,0,2
SPARK-7971,Sub-task,SPARK,2015-05-30 23:23:37.976,2015-08-14 22:05:06.704,rxin,Major,Add JavaDoc style deprecation for deprecated DataFrame methods,"Scala @deprecated annotation actually doesn't show up in JavaDoc.
",,,1,0,0,109361.4788,0,0,0,0,0,0,40
SPARK-7980,Sub-task,SPARK,2015-05-31 07:02:37.798,2015-08-14 22:05:06.704,rxin,Major,Support SQLContext.range(end),"SQLContext.range should also allow only specifying the end position, similar to Python's own range.
",,,4,0,0,108902.48176666668,0,0,0,0,0,0,41
SPARK-7982,Sub-task,SPARK,2015-05-31 08:27:16.874,2015-08-14 22:05:06.704,rxin,Major,crosstab should use 0 instead of null for pairs that don't appear,"See the following
{code}
In [79]: sqlContext.range(0, 10).stat.crosstab('id', 'id').show()
+-----+----+----+----+----+----+----+----+----+----+----+
|id_id|   0|   5|   1|   6|   9|   2|   7|   3|   8|   4|
+-----+----+----+----+----+----+----+----+----+----+----+
|    0|   1|null|null|null|null|null|null|null|null|null|
|    5|null|null|null|null|null|   1|null|null|null|null|
|    1|null|   1|null|null|null|null|null|null|null|null|
|    6|null|null|null|null|null|null|   1|null|null|null|
|    9|null|null|null|null|null|null|null|null|null|   1|
|    2|null|null|   1|null|null|null|null|null|null|null|
|    7|null|null|null|null|null|null|null|   1|null|null|
|    3|null|null|null|   1|null|null|null|null|null|null|
|    8|null|null|null|null|null|null|null|null|   1|null|
|    4|null|null|null|null|   1|null|null|null|null|null|
+-----+----+----+----+----+----+----+----+----+----+----+
{code}

I think we should use 0 instead of null for these columns.
",,,3,0,0,108817.8305,0,0,0,0,0,0,42
SPARK-7990,Sub-task,SPARK,2015-06-01 04:26:43.491,2015-08-14 22:05:06.704,rxin,Major,Add methods to facilitate equi-join on multiple join keys,"We have a variant of the join function that facilitates equi-join on a single join key, but we don't have one to do it for multiple join keys.

This is the existing Python API:
{code}
def join(self, other, joinExprs=None, joinType=None):
{code}

I think we should rename joinExprs to ""on"", and joinType to ""how"" to match Pandas. And then the ""on"" column should support either a string, a join condition, a list of string, or a list of join condition (""and"" together).

In order to support the Python API, we'd need to add a variant for Scala as well. I think we can add another join method that looks like
{code}
def join(other: DataFrame, on: Seq[String], joinType: String): DataFrame
{code}
and update the existing Scala one to call this one.
",,,2,0,0,107618.38688333334,0,0,0,0,0,0,43
SPARK-7991,Sub-task,SPARK,2015-06-01 04:52:27.825,2015-08-14 22:05:06.704,rxin,Major,Python DataFrame: support passing a list into describe,"DataFrame.describe in Python takes a vararg, i.e. it can be invoked this way:
{code}
df.describe('col1', 'col2', 'col3')
{code}

Most of our DataFrame functions accept a list in addition to varargs. describe should do the same, i.e. it should also accept a Python list:
{code}
df.describe(['col1', 'col2', 'col3'])
{code}
",,,3,0,0,107592.64798333333,0,0,0,0,0,0,44
SPARK-7993,Sub-task,SPARK,2015-06-01 06:01:30.246,2015-08-14 22:05:06.704,rxin,Blocker,Improve DataFrame.show() output,"1. Each column should be at the minimum 3 characters wide. Right now if the widest value is 1, it is just 1 char wide, which looks ugly. Example below:

2. If a DataFrame have more than N number of rows (N = 20 by default for show), at the end we should display a message like ""only showing the top 20 rows"".

{code}
+--+--+-+
| a| b|c|
+--+--+-+
| 1| 2|3|
| 1| 2|1|
| 1| 2|3|
| 3| 6|3|
| 1| 2|3|
| 5|10|1|
| 1| 2|3|
| 7|14|3|
| 1| 2|3|
| 9|18|1|
| 1| 2|3|
|11|22|3|
| 1| 2|3|
|13|26|1|
| 1| 2|3|
|15|30|3|
| 1| 2|3|
|17|34|1|
| 1| 2|3|
|19|38|3|
+--+--+-+
only showing top 20 rows   <---- add this at the end
{code}

3. For array values, instead of printing ""ArrayBuffer"", we should just print square brackets:

{code}
+------------------+------------------+-----------------+
|       a_freqItems|       b_freqItems|      c_freqItems|
+------------------+------------------+-----------------+
|ArrayBuffer(11, 1)|ArrayBuffer(2, 22)|ArrayBuffer(1, 3)|
+------------------+------------------+-----------------+
{code}

should be

{code}
+-----------+-----------+-----------+
|a_freqItems|b_freqItems|c_freqItems|
+-----------+-----------+-----------+
|    [11, 1]|    [2, 22]|     [1, 3]|
+-----------+-----------+-----------+
{code}

",,,12,0,0,107523.60763333333,0,0,0,0,0,0,45
SPARK-7998,Sub-task,SPARK,2015-06-01 06:45:07.873,2015-08-14 22:05:06.704,rxin,Major,Improve frequent items documentation,"The current freqItems API is really awkward to use. It returns a DataFrame with a single row, in which each value is an array of frequent items. 

This design doesn't work well for exploratory data analysis (running show -- when there are more than 2 or 3 frequent values, the values get cut off):
{code}
In [74]: df.stat.freqItems([""a"", ""b"", ""c""], 0.4).show()
+------------------+------------------+-----------------+
|       a_freqItems|       b_freqItems|      c_freqItems|
+------------------+------------------+-----------------+
|ArrayBuffer(11, 1)|ArrayBuffer(2, 22)|ArrayBuffer(1, 3)|
+------------------+------------------+-----------------+
{code}

It also doesn't work well for serious engineering, since it is hard to get the value out.

We should create a new function (so we maintain source/binary compatibility) that returns a list of list of values.
",,,2,1,0,107479.98051666668,0,0,0,0,0,0,46
SPARK-8021,Sub-task,SPARK,2015-06-01 23:15:55.234,2015-08-14 22:05:06.704,marmbrus,Blocker,DataFrameReader/Writer in Python does not match Scala,"When doing {{sqlContext.read.format(""json"").load(...)}} I get {{AttributeError: 'DataFrameReader' object has no attribute 'format'}}.  These APIs should match up so that examples we give in documentation and slides can be used in any language.",,,1,0,0,106489.19116666666,0,0,0,0,0,0,9
SPARK-8026,Sub-task,SPARK,2015-06-02 01:07:58.616,2015-08-14 22:05:06.704,rxin,Major,Add Column.alias to Scala/Java API,"To be consistent with the Python API.
",,,1,0,0,106377.13480000001,0,0,0,0,0,0,47
SPARK-8056,Sub-task,SPARK,2015-06-02 23:59:04.034,2015-08-14 22:05:06.704,rxin,Major,Design an easier way to construct schema for both Scala and Python,"StructType is fairly hard to construct, especially in Python.",,,6,0,0,105006.0445,0,0,0,0,0,0,48
SPARK-8060,Sub-task,SPARK,2015-06-03 01:28:25.275,2015-08-14 22:05:06.704,rxin,Major,Improve Python reader/writer interface doc and testing,,,,1,0,0,104916.69048333332,0,0,0,0,0,0,49
SPARK-8072,Sub-task,SPARK,2015-06-03 08:12:47.241,2015-08-14 22:05:06.704,rxin,Blocker,Better AnalysisException for writing DataFrame with identically named columns,"We should check if there are duplicate columns, and if yes, throw an explicit error message saying there are duplicate columns. See current error message below. 

{code}
In [3]: df.withColumn('age', df.age)
Out[3]: DataFrame[age: bigint, name: string, age: bigint]

In [4]: df.withColumn('age', df.age).write.parquet('test-parquet.out')
---------------------------------------------------------------------------
Py4JJavaError                             Traceback (most recent call last)
<ipython-input-4-eecb85256898> in <module>()
----> 1 df.withColumn('age', df.age).write.parquet('test-parquet.out')

/scratch/rxin/spark/python/pyspark/sql/readwriter.py in parquet(self, path, mode)
    350         >>> df.write.parquet(os.path.join(tempfile.mkdtemp(), 'data'))
    351         """"""
--> 352         self._jwrite.mode(mode).parquet(path)
    353 
    354     @since(1.4)

/Users/rxin/anaconda/lib/python2.7/site-packages/py4j-0.8.1-py2.7.egg/py4j/java_gateway.pyc in __call__(self, *args)
    535         answer = self.gateway_client.send_command(command)
    536         return_value = get_return_value(answer, self.gateway_client,
--> 537                 self.target_id, self.name)
    538 
    539         for temp_arg in temp_args:

/Users/rxin/anaconda/lib/python2.7/site-packages/py4j-0.8.1-py2.7.egg/py4j/protocol.pyc in get_return_value(answer, gateway_client, target_id, name)
    298                 raise Py4JJavaError(
    299                     'An error occurred while calling {0}{1}{2}.\n'.
--> 300                     format(target_id, '.', name), value)
    301             else:
    302                 raise Py4JError(

Py4JJavaError: An error occurred while calling o35.parquet.
: org.apache.spark.sql.AnalysisException: Reference 'age' is ambiguous, could be: age#0L, age#3L.;
	at org.apache.spark.sql.catalyst.plans.logical.LogicalPlan.resolve(LogicalPlan.scala:279)
	at org.apache.spark.sql.catalyst.plans.logical.LogicalPlan.resolveChildren(LogicalPlan.scala:116)
	at org.apache.spark.sql.catalyst.analysis.Analyzer$ResolveReferences$$anonfun$apply$8$$anonfun$applyOrElse$4$$anonfun$16.apply(Analyzer.scala:350)
	at org.apache.spark.sql.catalyst.analysis.Analyzer$ResolveReferences$$anonfun$apply$8$$anonfun$applyOrElse$4$$anonfun$16.apply(Analyzer.scala:350)
	at org.apache.spark.sql.catalyst.analysis.package$.withPosition(package.scala:48)
	at org.apache.spark.sql.catalyst.analysis.Analyzer$ResolveReferences$$anonfun$apply$8$$anonfun$applyOrElse$4.applyOrElse(Analyzer.scala:350)
	at org.apache.spark.sql.catalyst.analysis.Analyzer$ResolveReferences$$anonfun$apply$8$$anonfun$applyOrElse$4.applyOrElse(Analyzer.scala:341)
	at org.apache.spark.sql.catalyst.trees.TreeNode$$anonfun$transformUp$1.apply(TreeNode.scala:286)
	at org.apache.spark.sql.catalyst.trees.TreeNode$$anonfun$transformUp$1.apply(TreeNode.scala:286)
	at org.apache.spark.sql.catalyst.trees.CurrentOrigin$.withOrigin(TreeNode.scala:51)
	at org.apache.spark.sql.catalyst.trees.TreeNode.transformUp(TreeNode.scala:285)
	at org.apache.spark.sql.catalyst.plans.QueryPlan.org$apache$spark$sql$catalyst$plans$QueryPlan$$transformExpressionUp$1(QueryPlan.scala:108)
	at org.apache.spark.sql.catalyst.plans.QueryPlan$$anonfun$2$$anonfun$apply$2.apply(QueryPlan.scala:123)
	at scala.collection.TraversableLike$$anonfun$map$1.apply(TraversableLike.scala:244)
	at scala.collection.TraversableLike$$anonfun$map$1.apply(TraversableLike.scala:244)
	at scala.collection.immutable.List.foreach(List.scala:318)
	at scala.collection.TraversableLike$class.map(TraversableLike.scala:244)
	at scala.collection.AbstractTraversable.map(Traversable.scala:105)
	at org.apache.spark.sql.catalyst.plans.QueryPlan$$anonfun$2.apply(QueryPlan.scala:122)
	at scala.collection.Iterator$$anon$11.next(Iterator.scala:328)
	at scala.collection.Iterator$class.foreach(Iterator.scala:727)
	at scala.collection.AbstractIterator.foreach(Iterator.scala:1157)
	at scala.collection.generic.Growable$class.$plus$plus$eq(Growable.scala:48)
	at scala.collection.mutable.ArrayBuffer.$plus$plus$eq(ArrayBuffer.scala:103)
	at scala.collection.mutable.ArrayBuffer.$plus$plus$eq(ArrayBuffer.scala:47)
	at scala.collection.TraversableOnce$class.to(TraversableOnce.scala:273)
	at scala.collection.AbstractIterator.to(Iterator.scala:1157)
	at scala.collection.TraversableOnce$class.toBuffer(TraversableOnce.scala:265)
	at scala.collection.AbstractIterator.toBuffer(Iterator.scala:1157)
	at scala.collection.TraversableOnce$class.toArray(TraversableOnce.scala:252)
	at scala.collection.AbstractIterator.toArray(Iterator.scala:1157)
	at org.apache.spark.sql.catalyst.plans.QueryPlan.transformExpressionsUp(QueryPlan.scala:127)
	at org.apache.spark.sql.catalyst.analysis.Analyzer$ResolveReferences$$anonfun$apply$8.applyOrElse(Analyzer.scala:341)
	at org.apache.spark.sql.catalyst.analysis.Analyzer$ResolveReferences$$anonfun$apply$8.applyOrElse(Analyzer.scala:243)
	at org.apache.spark.sql.catalyst.trees.TreeNode$$anonfun$transformUp$1.apply(TreeNode.scala:286)
	at org.apache.spark.sql.catalyst.trees.TreeNode$$anonfun$transformUp$1.apply(TreeNode.scala:286)
	at org.apache.spark.sql.catalyst.trees.CurrentOrigin$.withOrigin(TreeNode.scala:51)
	at org.apache.spark.sql.catalyst.trees.TreeNode.transformUp(TreeNode.scala:285)
	at org.apache.spark.sql.catalyst.analysis.Analyzer$ResolveReferences$.apply(Analyzer.scala:243)
	at org.apache.spark.sql.catalyst.analysis.Analyzer$ResolveReferences$.apply(Analyzer.scala:242)
	at org.apache.spark.sql.catalyst.rules.RuleExecutor$$anonfun$execute$1$$anonfun$apply$1.apply(RuleExecutor.scala:61)
	at org.apache.spark.sql.catalyst.rules.RuleExecutor$$anonfun$execute$1$$anonfun$apply$1.apply(RuleExecutor.scala:59)
	at scala.collection.LinearSeqOptimized$class.foldLeft(LinearSeqOptimized.scala:111)
	at scala.collection.immutable.List.foldLeft(List.scala:84)
	at org.apache.spark.sql.catalyst.rules.RuleExecutor$$anonfun$execute$1.apply(RuleExecutor.scala:59)
	at org.apache.spark.sql.catalyst.rules.RuleExecutor$$anonfun$execute$1.apply(RuleExecutor.scala:51)
	at scala.collection.immutable.List.foreach(List.scala:318)
	at org.apache.spark.sql.catalyst.rules.RuleExecutor.execute(RuleExecutor.scala:51)
	at org.apache.spark.sql.SQLContext$QueryExecution.analyzed$lzycompute(SQLContext.scala:903)
	at org.apache.spark.sql.SQLContext$QueryExecution.analyzed(SQLContext.scala:903)
	at org.apache.spark.sql.SQLContext$QueryExecution.assertAnalyzed(SQLContext.scala:901)
	at org.apache.spark.sql.DataFrame.<init>(DataFrame.scala:131)
	at org.apache.spark.sql.DataFrame$.apply(DataFrame.scala:51)
	at org.apache.spark.sql.sources.InsertIntoHadoopFsRelation.run(commands.scala:98)
	at org.apache.spark.sql.execution.ExecutedCommand.sideEffectResult$lzycompute(commands.scala:57)
	at org.apache.spark.sql.execution.ExecutedCommand.sideEffectResult(commands.scala:57)
	at org.apache.spark.sql.execution.ExecutedCommand.doExecute(commands.scala:68)
	at org.apache.spark.sql.execution.SparkPlan$$anonfun$execute$1.apply(SparkPlan.scala:88)
	at org.apache.spark.sql.execution.SparkPlan$$anonfun$execute$1.apply(SparkPlan.scala:88)
	at org.apache.spark.rdd.RDDOperationScope$.withScope(RDDOperationScope.scala:148)
	at org.apache.spark.sql.execution.SparkPlan.execute(SparkPlan.scala:87)
	at org.apache.spark.sql.SQLContext$QueryExecution.toRdd$lzycompute(SQLContext.scala:920)
	at org.apache.spark.sql.SQLContext$QueryExecution.toRdd(SQLContext.scala:920)
	at org.apache.spark.sql.sources.ResolvedDataSource$.apply(ddl.scala:338)
	at org.apache.spark.sql.DataFrameWriter.save(DataFrameWriter.scala:144)
	at org.apache.spark.sql.DataFrameWriter.save(DataFrameWriter.scala:135)
	at org.apache.spark.sql.DataFrameWriter.parquet(DataFrameWriter.scala:281)
	at sun.reflect.NativeMethodAccessorImpl.invoke0(Native Method)
	at sun.reflect.NativeMethodAccessorImpl.invoke(NativeMethodAccessorImpl.java:57)
	at sun.reflect.DelegatingMethodAccessorImpl.invoke(DelegatingMethodAccessorImpl.java:43)
	at java.lang.reflect.Method.invoke(Method.java:606)
	at py4j.reflection.MethodInvoker.invoke(MethodInvoker.java:231)
	at py4j.reflection.ReflectionEngine.invoke(ReflectionEngine.java:379)
	at py4j.Gateway.invoke(Gateway.java:259)
	at py4j.commands.AbstractCommand.invokeMethod(AbstractCommand.java:133)
	at py4j.commands.CallCommand.execute(CallCommand.java:79)
	at py4j.GatewayConnection.run(GatewayConnection.java:207)
	at java.lang.Thread.run(Thread.java:744)
{code}",,,10,0,0,104512.32438333334,0,0,0,0,0,0,54
SPARK-8146,Sub-task,SPARK,2015-06-07 05:37:57.395,2015-08-14 22:05:06.704,rxin,Major,DataFrame Python API: Alias replace in DataFrameNaFunctions,We missed aliasing it in na.replace.,,,1,0,0,98907.15515,0,0,0,0,0,0,55
SPARK-8300,Sub-task,SPARK,2015-06-10 22:57:43.495,2015-08-14 22:05:06.704,rxin,Major,DataFrame hint for broadcast join,"It is not always possible to have perfect cardinality estimation. We should allow users to give hint to the optimizer to do broadcast join.
",,,2,0,0,93547.38681666667,0,0,0,0,0,0,138
SPARK-8355,Sub-task,SPARK,2015-06-14 01:38:20.112,2015-08-14 22:05:06.704,marmbrus,Critical,Python DataFrameReader/Writer should mirror scala,"All the functions that I can run in scala should also work in python.  At least {{ctx.read.option}} is missing, but we should also audit to make sure there aren't others.",,,1,0,0,89066.77653333334,0,0,0,0,0,0,10
SPARK-8356,Sub-task,SPARK,2015-06-14 03:01:50.995,2015-08-14 22:05:06.704,marmbrus,Critical,Reconcile callUDF and callUdf,"Right now we have two functions {{callUDF}} and {{callUdf}}.  I think the former is used for calling Java functions (and the documentation is wrong) and the latter is for calling functions by name.  Either way this is confusing and we should unify or pick different names.  Also, lets make sure the docs are right.",,,12,0,0,88983.26181666667,0,0,0,0,0,0,11
SPARK-8434,Sub-task,SPARK,2015-06-18 08:39:45.983,2015-08-14 22:05:06.704,zsxwing,Major,"Add a ""pretty"" parameter to show","Sometimes the user may want to show the complete content of cells, such as ""sql(""set -v"")""",,,1,0,0,82885.34535,0,0,0,0,0,0,0
SPARK-8568,Sub-task,SPARK,2015-06-23 18:30:44.994,2015-08-14 22:05:06.704,rxin,Critical,"Prevent accidental use of ""and"" and ""or"" to build invalid expressions in Python","In Spark DataFrames (and in Pandas as well), the correct way to construct a conjunctive expression is to use the bitwise and operator, i.e.: ""(x > 5) & (y > 6)"". 

However, a lot of users assume that they should be using the Python ""and"" keyword, i.e. doing ""x > 5 and y > 6"". Python's boolean evaluation logic converts ""x > 5 and y > 6"" into just ""y > 6"" (since ""x > 5"" is not None). This is super confusing & error prone.

We should override __bool__ and __nonzero__ for Column to throw an exception if users call ""and"" and ""or"" on Column expressions.

Background: see this blog post http://www.nodalpoint.com/unexpected-behavior-of-spark-dataframe-filter-method/
",,,2,0,0,75094.36183333333,0,0,0,0,0,0,142
SPARK-8573,Sub-task,SPARK,2015-06-23 20:19:12.661,2015-08-14 22:05:06.704,yhuai,Critical,"For PySpark's DataFrame API, we need to throw exceptions when users try to use and/or/not","In PySpark's DataFrame API, we have
{code}
# `and`, `or`, `not` cannot be overloaded in Python,
# so use bitwise operators as boolean operators
__and__ = _bin_op('and')
__or__ = _bin_op('or')
__invert__ = _func_op('not')
__rand__ = _bin_op(""and"")
__ror__ = _bin_op(""or"")
{code}

Right now, users can still use operators like {{and}}, which can cause very confusing behaviors. We need to throw an error when users try to use them and let them know what is the right way to do.

For example, 
{code}
df = sqlContext.range(1, 10)
df.id > 5 or df.id < 10
Out[30]: Column<(id > 5)>
df.id > 5 and df.id < 10
Out[31]: Column<(id < 10)>
{code}",,,1,0,0,74985.90071666666,0,0,0,0,0,0,8
SPARK-8668,Sub-task,SPARK,2015-06-26 18:34:01.756,2015-08-14 22:05:06.704,rxin,Major,expr function to convert SQL expression into a Column,"selectExpr uses the expression parser to parse a string expressions. would be great to create an ""expr"" function in functions.scala/functions.py that converts a string into an expression (or a list of expressions separated by comma).
",,,7,0,0,70771.08246666666,0,0,0,0,0,0,143
SPARK-8685,Sub-task,SPARK,2015-06-28 03:09:49.974,2015-08-14 22:05:06.704,whisperstream,Major,dataframe left joins are not working as expected in pyspark,"I have the following code:

{code}
from pyspark import SQLContext

d1 = [{'name':'bob', 'country': 'usa', 'age': 1},
{'name':'alice', 'country': 'jpn', 'age': 2}, 
{'name':'carol', 'country': 'ire', 'age': 3}]

d2 = [{'name':'bob', 'country': 'usa', 'colour':'red'},
{'name':'carol', 'country': 'ire', 'colour':'green'}]

r1 = sc.parallelize(d1)
r2 = sc.parallelize(d2)

sqlContext = SQLContext(sc)
df1 = sqlContext.createDataFrame(d1)
df2 = sqlContext.createDataFrame(d2)
df1.join(df2, (df1.name == df2.name) & (df1.country == df2.country), 'left_outer').collect()
{code}

When I run it I get the following, (notice in the first row, all join keys are take from the right-side and so are blanked out):

{code}
[Row(age=2, country=None, name=None, colour=None, country=None, name=None),
Row(age=1, country=u'usa', name=u'bob', colour=u'red', country=u'usa', name=u'bob'),
Row(age=3, country=u'ire', name=u'carol', colour=u'green', country=u'ire', name=u'alice')]
{code}

I would expect to get (though ideally without duplicate columns):
{code}
[Row(age=2, country=u'ire', name=u'alice', colour=None, country=None, name=None),
Row(age=1, country=u'usa', name=u'bob', colour=u'red', country=u'usa', name=u'bob'),
Row(age=3, country=u'ire', name=u'carol', colour=u'green', country=u'ire', name=u'alice')]
{code}

The workaround for now is this rather clunky piece of code:
{code}
df2 = sqlContext.createDataFrame(d2).withColumnRenamed('name', 'name2').withColumnRenamed('country', 'country2')
df1.join(df2, (df1.name == df2.name2) & (df1.country == df2.country2), 'left_outer').collect()
{code}

Also, {{.show()}} works
{code}
sqlContext = SQLContext(sc)
df1 = sqlContext.createDataFrame(d1)
df2 = sqlContext.createDataFrame(d2)
df1.join(df2, (df1.name == df2.name) & (df1.country == df2.country), 'left_outer').show()
+---+-------+-----+------+-------+-----+
|age|country| name|colour|country| name|
+---+-------+-----+------+-------+-----+
|  3|    ire|carol| green|    ire|carol|
|  2|    jpn|alice|  null|   null| null|
|  1|    usa|  bob|   red|    usa|  bob|
+---+-------+-----+------+-------+-----+
{code}",,,7,3,0,68815.27883333333,0,0,0,0,0,0,0
SPARK-8698,Sub-task,SPARK,2015-06-29 06:42:53.580,2015-08-14 22:05:06.704,rxin,Major,partitionBy in Python DataFrame reader/writer interface should not default to empty tuple,,,,1,0,0,67162.21873333333,0,0,0,0,0,0,144
SPARK-8766,Sub-task,SPARK,2015-07-01 18:44:24.346,2015-08-14 22:05:06.704,davies,Major,DataFrame Python API should work with column which has non-ascii character in it,,,,2,0,0,63560.70596666667,0,0,0,0,0,0,3
SPARK-8926,Sub-task,SPARK,2015-07-08 23:32:22.709,2015-08-14 22:05:06.704,marmbrus,Critical,Good errors for invalid input to ExpectsInput expressions,,,,2,0,0,53192.733250000005,0,0,0,0,0,0,12
SPARK-9166,Sub-task,SPARK,2015-07-18 07:40:56.091,2015-08-14 22:05:06.704,rxin,Major,Hide JVM stack trace for IllegalArgumentException in Python,"We now hide stack trace for AnalysisException. We should also hide it for IllegalArgumentException.


See this ticket to see how to fix this problem: https://github.com/apache/spark/pull/7135
",,,1,0,0,39744.17688333333,0,0,0,0,0,0,152
SPARK-9208,Technical task,SPARK,2015-07-21 02:14:48.426,2015-08-14 22:05:06.704,rxin,Blocker,Audit DataFrame expression API for 1.5 release,"This ticket makes sure I go through all new APIs added and audit them before 1.5.0 release.
",,,2,0,0,35750.30463333333,0,0,0,0,0,0,154
SPARK-9526,Sub-task,SPARK,2015-08-01 16:04:19.900,2015-08-14 22:05:06.704,yijieshen,Major,Utilize randomized tests to reveal potential bugs in sql expressions,,,,4,0,0,19080.780066666666,0,0,0,0,0,0,2
SPARK-9659,Sub-task,SPARK,2015-08-05 23:28:36.812,2015-08-14 22:05:06.704,rxin,Major,Rename inSet to isin to match Pandas function,"And deprecate the old function(s).

Inspiration drawn from this blog post: https://lab.getbase.com/pandarize-spark-dataframes/
",,,1,0,0,12876.4982,0,0,0,0,0,0,162
SPARK-9763,Sub-task,SPARK,2015-08-09 03:23:54.460,2015-08-14 22:05:06.704,rxin,Major,Minimize exposure of internal SQL classes,,,,1,0,0,8321.204066666667,0,0,0,0,0,0,166
SPARK-9831,Sub-task,SPARK,2015-08-11 18:22:46.406,2015-08-14 22:05:06.704,marmbrus,Blocker,TPCDS Q73 Fails,"{code}
select
  c_last_name,
  c_first_name,
  c_salutation,
  c_preferred_cust_flag,
  ss_ticket_number,
  cnt
from
  (select
    ss_ticket_number,
    ss_customer_sk,
    count(*) cnt
  from
    store_sales
    join household_demographics on (store_sales.ss_hdemo_sk = household_demographics.hd_demo_sk)
    join store on (store_sales.ss_store_sk = store.s_store_sk)
    -- join date_dim on (store_sales.ss_sold_date_sk = date_dim.d_date_sk)
  where
    store.s_county in ('Saginaw County', 'Sumner County', 'Appanoose County', 'Daviess County')
    -- and date_dim.d_dom between 1 and 2
    -- and date_dim.d_year in(1998, 1998 + 1, 1998 + 2)
    -- and ss_date between '1999-01-01' and '2001-12-02'
    -- and dayofmonth(ss_date) in (1,2)
    -- partition key filter
    -- and ss_sold_date_sk in (2450816, 2450846, 2450847, 2450874, 2450875, 2450905, 2450906, 2450935, 2450936, 2450966, 2450967,
    --                         2450996, 2450997, 2451027, 2451028, 2451058, 2451059, 2451088, 2451089, 2451119, 2451120, 2451149,
    --                         2451150, 2451180, 2451181, 2451211, 2451212, 2451239, 2451240, 2451270, 2451271, 2451300, 2451301,
    --                         2451331, 2451332, 2451361, 2451362, 2451392, 2451393, 2451423, 2451424, 2451453, 2451454, 2451484,
    --                         2451485, 2451514, 2451515, 2451545, 2451546, 2451576, 2451577, 2451605, 2451606, 2451636, 2451637,
    --                         2451666, 2451667, 2451697, 2451698, 2451727, 2451728, 2451758, 2451759, 2451789, 2451790, 2451819,
    --                         2451820, 2451850, 2451851, 2451880, 2451881)
    and (household_demographics.hd_buy_potential = '>10000'
      or household_demographics.hd_buy_potential = 'unknown')
    and household_demographics.hd_vehicle_count > 0
    and case when household_demographics.hd_vehicle_count > 0 then household_demographics.hd_dep_count / household_demographics.hd_vehicle_count else null end > 1
    and ss_sold_date_sk between 2451180 and 2451269 -- partition key filter (3 months)
  group by
    ss_ticket_number,
    ss_customer_sk
  ) dj
  join customer on (dj.ss_customer_sk = customer.c_customer_sk)
where
  cnt between 1 and 5
order by
  cnt desc
limit 1000
{code}

{code}
Job aborted due to stage failure: Task 63 in stage 57.0 failed 4 times, most recent failure: Lost task 63.3 in stage 57.0 (TID 5103, 10.0.197.102): java.io.IOException: java.lang.IllegalArgumentException: Initial capacity must be greater than 0
	at org.apache.spark.util.Utils$.tryOrIOException(Utils.scala:1264)
	at org.apache.spark.sql.execution.joins.UnsafeHashedRelation.readExternal(HashedRelation.scala:280)
	at java.io.ObjectInputStream.readExternalData(ObjectInputStream.java:1837)
	at java.io.ObjectInputStream.readOrdinaryObject(ObjectInputStream.java:1796)
	at java.io.ObjectInputStream.readObject0(ObjectInputStream.java:1350)
	at java.io.ObjectInputStream.readObject(ObjectInputStream.java:370)
	at org.apache.spark.serializer.JavaDeserializationStream.readObject(JavaSerializer.scala:72)
	at org.apache.spark.broadcast.TorrentBroadcast$.unBlockifyObject(TorrentBroadcast.scala:217)
	at org.apache.spark.broadcast.TorrentBroadcast$$anonfun$readBroadcastBlock$1.apply(TorrentBroadcast.scala:178)
	at org.apache.spark.util.Utils$.tryOrIOException(Utils.scala:1276)
	at org.apache.spark.broadcast.TorrentBroadcast.readBroadcastBlock(TorrentBroadcast.scala:165)
	at org.apache.spark.broadcast.TorrentBroadcast._value$lzycompute(TorrentBroadcast.scala:64)
	at org.apache.spark.broadcast.TorrentBroadcast._value(TorrentBroadcast.scala:64)
	at org.apache.spark.broadcast.TorrentBroadcast.getValue(TorrentBroadcast.scala:88)
	at org.apache.spark.broadcast.Broadcast.value(Broadcast.scala:70)
	at org.apache.spark.sql.execution.joins.BroadcastHashJoin$$anonfun$2.apply(BroadcastHashJoin.scala:91)
	at org.apache.spark.sql.execution.joins.BroadcastHashJoin$$anonfun$2.apply(BroadcastHashJoin.scala:90)
	at org.apache.spark.rdd.RDD$$anonfun$mapPartitions$1$$anonfun$apply$17.apply(RDD.scala:706)
	at org.apache.spark.rdd.RDD$$anonfun$mapPartitions$1$$anonfun$apply$17.apply(RDD.scala:706)
	at org.apache.spark.rdd.MapPartitionsRDD.compute(MapPartitionsRDD.scala:38)
	at org.apache.spark.rdd.RDD.computeOrReadCheckpoint(RDD.scala:297)
	at org.apache.spark.rdd.RDD.iterator(RDD.scala:264)
	at org.apache.spark.rdd.MapPartitionsRDD.compute(MapPartitionsRDD.scala:38)
	at org.apache.spark.rdd.RDD.computeOrReadCheckpoint(RDD.scala:297)
	at org.apache.spark.rdd.RDD.iterator(RDD.scala:264)
	at org.apache.spark.rdd.MapPartitionsRDD.compute(MapPartitionsRDD.scala:38)
	at org.apache.spark.rdd.RDD.computeOrReadCheckpoint(RDD.scala:297)
	at org.apache.spark.rdd.RDD.iterator(RDD.scala:264)
	at org.apache.spark.rdd.MapPartitionsRDD.compute(MapPartitionsRDD.scala:38)
	at org.apache.spark.rdd.RDD.computeOrReadCheckpoint(RDD.scala:297)
	at org.apache.spark.rdd.RDD.iterator(RDD.scala:264)
	at org.apache.spark.rdd.MapPartitionsRDD.compute(MapPartitionsRDD.scala:38)
	at org.apache.spark.rdd.RDD.computeOrReadCheckpoint(RDD.scala:297)
	at org.apache.spark.rdd.RDD.iterator(RDD.scala:264)
	at org.apache.spark.scheduler.ShuffleMapTask.runTask(ShuffleMapTask.scala:73)
	at org.apache.spark.scheduler.ShuffleMapTask.runTask(ShuffleMapTask.scala:41)
	at org.apache.spark.scheduler.Task.run(Task.scala:88)
	at org.apache.spark.executor.Executor$TaskRunner.run(Executor.scala:214)
	at java.util.concurrent.ThreadPoolExecutor.runWorker(ThreadPoolExecutor.java:1145)
	at java.util.concurrent.ThreadPoolExecutor$Worker.run(ThreadPoolExecutor.java:615)
	at java.lang.Thread.run(Thread.java:745)
Caused by: java.lang.IllegalArgumentException: Initial capacity must be greater than 0
	at org.apache.spark.unsafe.map.BytesToBytesMap.<init>(BytesToBytesMap.java:185)
	at org.apache.spark.unsafe.map.BytesToBytesMap.<init>(BytesToBytesMap.java:203)
	at org.apache.spark.sql.execution.joins.UnsafeHashedRelation$$anonfun$readExternal$1.apply$mcV$sp(HashedRelation.scala:295)
	at org.apache.spark.util.Utils$.tryOrIOException(Utils.scala:1261)
	... 40 more
{code}",,,2,0,0,4542.3383,0,0,0,0,0,0,15
SPARK-9832,Sub-task,SPARK,2015-08-11 18:23:59.932,2015-08-14 22:05:06.704,marmbrus,Blocker,TPCDS Q98 Fails,"{code}
select
  i_item_desc,
  i_category,
  i_class,
  i_current_price,
  sum(ss_ext_sales_price) as itemrevenue
  -- sum(ss_ext_sales_price) * 100 / sum(sum(ss_ext_sales_price)) over (partition by i_class) as revenueratio
from
  store_sales
  join item on (store_sales.ss_item_sk = item.i_item_sk)
  join date_dim on (store_sales.ss_sold_date_sk = date_dim.d_date_sk)
where
  i_category in('Jewelry', 'Sports', 'Books')
  -- and d_date between cast('2001-01-12' as date) and (cast('2001-01-12' as date) + 30)
  -- and d_date between '2001-01-12' and '2001-02-11'
  -- and ss_date between '2001-01-12' and '2001-02-11'
  -- and ss_sold_date_sk between 2451922 and 2451952  -- partition key filter
  and ss_sold_date_sk between 2451911 and 2451941  -- partition key filter (1 calendar month)
  and d_date between '2001-01-01' and '2001-01-31'
group by
  i_item_id,
  i_item_desc,
  i_category,
  i_class,
  i_current_price
order by
  i_category,
  i_class,
  i_item_id,
  i_item_desc
  -- revenueratio
limit 1000
{code}

{code}
Job aborted due to stage failure: Task 11 in stage 62.0 failed 4 times, most recent failure: Lost task 11.3 in stage 62.0 (TID 5289, 10.0.227.73): java.lang.IllegalArgumentException: Unscaled value too large for precision
	at org.apache.spark.sql.types.Decimal.set(Decimal.scala:76)
	at org.apache.spark.sql.types.Decimal$.apply(Decimal.scala:338)
	at org.apache.spark.sql.types.Decimal.apply(Decimal.scala)
	at org.apache.spark.sql.catalyst.expressions.UnsafeRow.getDecimal(UnsafeRow.java:386)
	at org.apache.spark.sql.catalyst.expressions.JoinedRow.getDecimal(JoinedRow.scala:97)
	at org.apache.spark.sql.catalyst.expressions.GeneratedClass$SpecificUnsafeProjection.apply(Unknown Source)
	at org.apache.spark.sql.catalyst.expressions.GeneratedClass$SpecificUnsafeProjection.apply(Unknown Source)
	at org.apache.spark.sql.execution.joins.HashJoin$$anon$1.next(HashJoin.scala:101)
	at org.apache.spark.sql.execution.joins.HashJoin$$anon$1.next(HashJoin.scala:74)
	at scala.collection.Iterator$$anon$11.next(Iterator.scala:328)
	at scala.collection.Iterator$$anon$11.next(Iterator.scala:328)
	at org.apache.spark.sql.execution.joins.HashJoin$$anon$1.fetchNext(HashJoin.scala:115)
	at org.apache.spark.sql.execution.joins.HashJoin$$anon$1.hasNext(HashJoin.scala:93)
	at scala.collection.Iterator$$anon$11.hasNext(Iterator.scala:327)
	at scala.collection.Iterator$$anon$11.hasNext(Iterator.scala:327)
	at org.apache.spark.sql.execution.aggregate.TungstenAggregationIterator.processInputs(TungstenAggregationIterator.scala:353)
	at org.apache.spark.sql.execution.aggregate.TungstenAggregationIterator.<init>(TungstenAggregationIterator.scala:587)
	at org.apache.spark.sql.execution.aggregate.TungstenAggregate$$anonfun$doExecute$1$$anonfun$1.apply(TungstenAggregate.scala:72)
	at org.apache.spark.sql.execution.aggregate.TungstenAggregate$$anonfun$doExecute$1$$anonfun$1.apply(TungstenAggregate.scala:64)
	at org.apache.spark.rdd.RDD$$anonfun$mapPartitions$1$$anonfun$apply$17.apply(RDD.scala:706)
	at org.apache.spark.rdd.RDD$$anonfun$mapPartitions$1$$anonfun$apply$17.apply(RDD.scala:706)
	at org.apache.spark.rdd.MapPartitionsRDD.compute(MapPartitionsRDD.scala:38)
	at org.apache.spark.rdd.RDD.computeOrReadCheckpoint(RDD.scala:297)
	at org.apache.spark.rdd.RDD.iterator(RDD.scala:264)
	at org.apache.spark.rdd.MapPartitionsRDD.compute(MapPartitionsRDD.scala:38)
	at org.apache.spark.rdd.RDD.computeOrReadCheckpoint(RDD.scala:297)
	at org.apache.spark.rdd.RDD.iterator(RDD.scala:264)
	at org.apache.spark.scheduler.ShuffleMapTask.runTask(ShuffleMapTask.scala:73)
	at org.apache.spark.scheduler.ShuffleMapTask.runTask(ShuffleMapTask.scala:41)
	at org.apache.spark.scheduler.Task.run(Task.scala:88)
	at org.apache.spark.executor.Executor$TaskRunner.run(Executor.scala:214)
	at java.util.concurrent.ThreadPoolExecutor.runWorker(ThreadPoolExecutor.java:1145)
	at java.util.concurrent.ThreadPoolExecutor$Worker.run(ThreadPoolExecutor.java:615)
	at java.lang.Thread.run(Thread.java:745)
{code}",,,3,0,0,4541.112866666666,0,0,0,0,0,0,16
SPARK-9849,Sub-task,SPARK,2015-08-11 22:22:41.291,2015-08-14 22:05:06.704,rxin,Blocker,DirectParquetOutputCommitter qualified name should be backward compatible,"DirectParquetOutputCommitter was moved in SPARK-9763. However, users can explicitly set the class as a config option, so we must be able to resolve the old committer qualified name.

",,,2,0,0,4302.42355,0,0,0,0,0,0,167
SPARK-9868,Sub-task,SPARK,2015-08-12 06:48:43.490,2015-08-14 22:05:06.704,joshrosen,Blocker,auto_sortmerge_join_8 fails non-deterministically in Jenkins,"https://amplab.cs.berkeley.edu/jenkins/view/Spark-QA-Test/job/Spark-Master-SBT/3219/AMPLAB_JENKINS_BUILD_PROFILE=hadoop2.3,label=centos/testReport/junit/org.apache.spark.sql.hive.execution/HiveCompatibilitySuite/auto_sortmerge_join_8/

{code}
Results do not match for auto_sortmerge_join_8:
== Parsed Logical Plan ==
'Project [unresolvedalias(count(1))]
 'Join Inner, Some(('a.key = 'b.key))
  'UnresolvedRelation [bucket_small], Some(a)
  'UnresolvedRelation [bucket_big], Some(b)

== Analyzed Logical Plan ==
_c0: bigint
Aggregate [count(1) AS _c0#53110L]
 Join Inner, Some((key#53105 = key#53108))
  MetastoreRelation default, bucket_small, Some(a)
  MetastoreRelation default, bucket_big, Some(b)

== Optimized Logical Plan ==
Aggregate [count(1) AS _c0#53110L]
 Project
  Join Inner, Some((key#53105 = key#53108))
   Project [key#53105]
    MetastoreRelation default, bucket_small, Some(a)
   Project [key#53108]
    MetastoreRelation default, bucket_big, Some(b)

== Physical Plan ==
TungstenAggregate(key=[], value=[(count(1),mode=Final,isDistinct=false)]
 TungstenExchange SinglePartition
  TungstenAggregate(key=[], value=[(count(1),mode=Partial,isDistinct=false)]
   TungstenProject
    SortMergeJoin [key#53105], [key#53108]
     TungstenSort [key#53105 ASC], false, 0
      TungstenExchange hashpartitioning(key#53105)
       ConvertToUnsafe
        HiveTableScan [key#53105], (MetastoreRelation default, bucket_small, Some(a))
     TungstenSort [key#53108 ASC], false, 0
      TungstenExchange hashpartitioning(key#53108)
       ConvertToUnsafe
        HiveTableScan [key#53108], (MetastoreRelation default, bucket_big, Some(b))

Code Generation: true
_c0
!== HIVE - 1 row(s) ==   == CATALYST - 1 row(s) ==
!76                      74
                
	at org.scalatest.Assertions$class.newAssertionFailedException(Assertions.scala:495)
	at org.scalatest.FunSuite.newAssertionFailedException(FunSuite.scala:1555)
	at org.scalatest.Assertions$class.fail(Assertions.scala:1328)
	at org.scalatest.FunSuite.fail(FunSuite.scala:1555)
	at org.apache.spark.sql.hive.execution.HiveComparisonTest$$anonfun$createQueryTest$1$$anonfun$apply$mcV$sp$6.apply(HiveComparisonTest.scala:397)
	at org.apache.spark.sql.hive.execution.HiveComparisonTest$$anonfun$createQueryTest$1$$anonfun$apply$mcV$sp$6.apply(HiveComparisonTest.scala:368)
	at scala.runtime.Tuple3Zipped$$anonfun$foreach$extension$1.apply(Tuple3Zipped.scala:109)
	at scala.collection.IndexedSeqOptimized$class.foreach(IndexedSeqOptimized.scala:33)
	at scala.collection.mutable.WrappedArray.foreach(WrappedArray.scala:34)
	at scala.runtime.Tuple3Zipped$.foreach$extension(Tuple3Zipped.scala:107)
	at org.apache.spark.sql.hive.execution.HiveComparisonTest$$anonfun$createQueryTest$1.apply$mcV$sp(HiveComparisonTest.scala:368)
	at org.apache.spark.sql.hive.execution.HiveComparisonTest$$anonfun$createQueryTest$1.apply(HiveComparisonTest.scala:238)
	at org.apache.spark.sql.hive.execution.HiveComparisonTest$$anonfun$createQueryTest$1.apply(HiveComparisonTest.scala:238)
	at org.scalatest.Transformer$$anonfun$apply$1.apply$mcV$sp(Transformer.scala:22)
	at org.scalatest.OutcomeOf$class.outcomeOf(OutcomeOf.scala:85)
	at org.scalatest.OutcomeOf$.outcomeOf(OutcomeOf.scala:104)
	at org.scalatest.Transformer.apply(Transformer.scala:22)
	at org.scalatest.Transformer.apply(Transformer.scala:20)
	at org.scalatest.FunSuiteLike$$anon$1.apply(FunSuiteLike.scala:166)
	at org.apache.spark.SparkFunSuite.withFixture(SparkFunSuite.scala:42)
	at org.scalatest.FunSuiteLike$class.invokeWithFixture$1(FunSuiteLike.scala:163)
	at org.scalatest.FunSuiteLike$$anonfun$runTest$1.apply(FunSuiteLike.scala:175)
	at org.scalatest.FunSuiteLike$$anonfun$runTest$1.apply(FunSuiteLike.scala:175)
	at org.scalatest.SuperEngine.runTestImpl(Engine.scala:306)
	at org.scalatest.FunSuiteLike$class.runTest(FunSuiteLike.scala:175)
	at org.apache.spark.sql.hive.execution.HiveCompatibilitySuite.org$scalatest$BeforeAndAfter$$super$runTest(HiveCompatibilitySuite.scala:32)
	at org.scalatest.BeforeAndAfter$class.runTest(BeforeAndAfter.scala:200)
	at org.apache.spark.sql.hive.execution.HiveCompatibilitySuite.runTest(HiveCompatibilitySuite.scala:32)
	at org.scalatest.FunSuiteLike$$anonfun$runTests$1.apply(FunSuiteLike.scala:208)
	at org.scalatest.FunSuiteLike$$anonfun$runTests$1.apply(FunSuiteLike.scala:208)
	at org.scalatest.SuperEngine$$anonfun$traverseSubNodes$1$1.apply(Engine.scala:413)
	at org.scalatest.SuperEngine$$anonfun$traverseSubNodes$1$1.apply(Engine.scala:401)
	at scala.collection.immutable.List.foreach(List.scala:318)
	at org.scalatest.SuperEngine.traverseSubNodes$1(Engine.scala:401)
	at org.scalatest.SuperEngine.org$scalatest$SuperEngine$$runTestsInBranch(Engine.scala:396)
	at org.scalatest.SuperEngine.runTestsImpl(Engine.scala:483)
	at org.scalatest.FunSuiteLike$class.runTests(FunSuiteLike.scala:208)
	at org.scalatest.FunSuite.runTests(FunSuite.scala:1555)
	at org.scalatest.Suite$class.run(Suite.scala:1424)
	at org.scalatest.FunSuite.org$scalatest$FunSuiteLike$$super$run(FunSuite.scala:1555)
	at org.scalatest.FunSuiteLike$$anonfun$run$1.apply(FunSuiteLike.scala:212)
	at org.scalatest.FunSuiteLike$$anonfun$run$1.apply(FunSuiteLike.scala:212)
	at org.scalatest.SuperEngine.runImpl(Engine.scala:545)
	at org.scalatest.FunSuiteLike$class.run(FunSuiteLike.scala:212)
	at org.apache.spark.sql.hive.execution.HiveComparisonTest.org$scalatest$BeforeAndAfterAll$$super$run(HiveComparisonTest.scala:42)
	at org.scalatest.BeforeAndAfterAll$class.liftedTree1$1(BeforeAndAfterAll.scala:257)
	at org.scalatest.BeforeAndAfterAll$class.run(BeforeAndAfterAll.scala:256)
	at org.apache.spark.sql.hive.execution.HiveCompatibilitySuite.org$scalatest$BeforeAndAfter$$super$run(HiveCompatibilitySuite.scala:32)
	at org.scalatest.BeforeAndAfter$class.run(BeforeAndAfter.scala:241)
	at org.apache.spark.sql.hive.execution.HiveCompatibilitySuite.run(HiveCompatibilitySuite.scala:32)
	at org.scalatest.tools.Framework.org$scalatest$tools$Framework$$runSuite(Framework.scala:462)
	at org.scalatest.tools.Framework$ScalaTestTask.execute(Framework.scala:671)
	at sbt.ForkMain$Run$2.call(ForkMain.java:294)
	at sbt.ForkMain$Run$2.call(ForkMain.java:284)
	at java.util.concurrent.FutureTask.run(FutureTask.java:262)
	at java.util.concurrent.ThreadPoolExecutor.runWorker(ThreadPoolExecutor.java:1145)
	at java.util.concurrent.ThreadPoolExecutor$Worker.run(ThreadPoolExecutor.java:615)
	at java.lang.Thread.run(Thread.java:745)

{code}",,,5,0,0,3796.3869,0,0,0,0,0,0,3
SPARK-9894,Sub-task,SPARK,2015-08-12 20:50:15.503,2015-08-14 22:05:06.704,marmbrus,Blocker,Writing of JSON files with MapType is broken,"{code}
Caused by: scala.MatchError: (MapType(StringType,StringType,true),keys: [StandardRun], values: [true]) (of class scala.Tuple2)
	at org.apache.spark.sql.execution.datasources.json.JacksonGenerator$$anonfun$org$apache$spark$sql$execution$datasources$json$JacksonGenerator$$valWriter$2$1.apply(JacksonGenerator.scala:89)
	at org.apache.spark.sql.execution.datasources.json.JacksonGenerator$$anonfun$org$apache$spark$sql$execution$datasources$json$JacksonGenerator$$valWriter$2$1.apply(JacksonGenerator.scala:89)
	at org.apache.spark.sql.execution.datasources.json.JacksonGenerator$$anonfun$org$apache$spark$sql$execution$datasources$json$JacksonGenerator$$valWriter$2$1.apply(JacksonGenerator.scala:126)
	at org.apache.spark.sql.execution.datasources.json.JacksonGenerator$$anonfun$org$apache$spark$sql$execution$datasources$json$JacksonGenerator$$valWriter$2$1.apply(JacksonGenerator.scala:89)
	at org.apache.spark.sql.execution.datasources.json.JacksonGenerator$.apply(JacksonGenerator.scala:133)
	at org.apache.spark.sql.execution.datasources.json.JsonOutputWriter.writeInternal(JSONRelation.scala:191)
	at org.apache.spark.sql.execution.datasources.DefaultWriterContainer.writeRows(WriterContainer.scala:224)
{code}",,,2,0,0,2954.85335,0,0,0,0,0,0,17
SPARK-9899,Sub-task,SPARK,2015-08-12 21:03:14.586,2015-08-14 22:05:06.704,marmbrus,Blocker,JSON/Parquet writing on retry or speculation broken with direct output committer,"If the first task fails all subsequent tasks will.  We probably need to set a different boolean when calling create.

{code}
java.io.IOException: File already exists: ...
...
	at org.apache.hadoop.fs.FileSystem.create(FileSystem.java:564)
	at org.apache.hadoop.fs.FileSystem.create(FileSystem.java:545)
	at org.apache.hadoop.fs.FileSystem.create(FileSystem.java:452)
	at org.apache.hadoop.mapreduce.lib.output.TextOutputFormat.getRecordWriter(TextOutputFormat.java:128)
	at org.apache.spark.sql.execution.datasources.json.JsonOutputWriter.<init>(JSONRelation.scala:185)
	at org.apache.spark.sql.execution.datasources.json.JSONRelation$$anon$1.newInstance(JSONRelation.scala:160)
	at org.apache.spark.sql.execution.datasources.DefaultWriterContainer.writeRows(WriterContainer.scala:217)
	at org.apache.spark.sql.execution.datasources.InsertIntoHadoopFsRelation$$anonfun$run$1$$anonfun$apply$mcV$sp$3.apply(InsertIntoHadoopFsRelation.scala:150)
	at org.apache.spark.sql.execution.datasources.InsertIntoHadoopFsRelation$$anonfun$run$1$$anonfun$apply$mcV$sp$3.apply(InsertIntoHadoopFsRelation.scala:150)
	at org.apache.spark.scheduler.ResultTask.runTask(ResultTask.scala:66)
	at org.apache.spark.scheduler.Task.run(Task.scala:88)
	at org.apache.spark.executor.Executor$TaskRunner.run(Executor.scala:214)
	at java.util.concurrent.ThreadPoolExecutor.runWorker(ThreadPoolExecutor.java:1145)

{code}",,,1,1,0,2941.868633333333,4,45,1,1,1,1,18
SPARK-9907,Sub-task,SPARK,2015-08-12 21:49:29.186,2015-08-14 22:05:06.704,rxin,Critical,Python crc32 is mistakenly calling md5,,,,1,0,0,2895.6253,0,0,0,0,0,0,168
SPARK-9908,Sub-task,SPARK,2015-08-12 21:52:08.527,2015-08-14 22:05:06.704,davies,Blocker,TPCDS Q98 failed when tungsten is off,"{code}
org.apache.spark.SparkException: Job aborted due to stage failure: Task 0 in stage 43.0 failed 4 times, most recent failure: Lost task 0.3 in stage 43.0 (TID 519, 10.0.237.253): java.io.InvalidClassException: org.apache.spark.sql.execution.joins.UniqueKeyHashedRelation; no valid constructor
	at java.io.ObjectStreamClass$ExceptionInfo.newInvalidClassException(ObjectStreamClass.java:150)
	at java.io.ObjectStreamClass.checkDeserialize(ObjectStreamClass.java:768)
	at java.io.ObjectInputStream.readOrdinaryObject(ObjectInputStream.java:1772)
	at java.io.ObjectInputStream.readObject0(ObjectInputStream.java:1350)
	at java.io.ObjectInputStream.readObject(ObjectInputStream.java:370)
	at org.apache.spark.serializer.JavaDeserializationStream.readObject(JavaSerializer.scala:72)
	at org.apache.spark.broadcast.TorrentBroadcast$.unBlockifyObject(TorrentBroadcast.scala:217)
	at org.apache.spark.broadcast.TorrentBroadcast$$anonfun$readBroadcastBlock$1.apply(TorrentBroadcast.scala:178)
	at org.apache.spark.util.Utils$.tryOrIOException(Utils.scala:1276)
	at org.apache.spark.broadcast.TorrentBroadcast.readBroadcastBlock(TorrentBroadcast.scala:165)
	at org.apache.spark.broadcast.TorrentBroadcast._value$lzycompute(TorrentBroadcast.scala:64)
	at org.apache.spark.broadcast.TorrentBroadcast._value(TorrentBroadcast.scala:64)
	at org.apache.spark.broadcast.TorrentBroadcast.getValue(TorrentBroadcast.scala:88)
	at org.apache.spark.broadcast.Broadcast.value(Broadcast.scala:70)
	at org.apache.spark.sql.execution.joins.BroadcastHashJoin$$anonfun$2.apply(BroadcastHashJoin.scala:91)
	at org.apache.spark.sql.execution.joins.BroadcastHashJoin$$anonfun$2.apply(BroadcastHashJoin.scala:90)
	at org.apache.spark.rdd.RDD$$anonfun$mapPartitions$1$$anonfun$apply$17.apply(RDD.scala:706)
	at org.apache.spark.rdd.RDD$$anonfun$mapPartitions$1$$anonfun$apply$17.apply(RDD.scala:706)
	at org.apache.spark.rdd.MapPartitionsRDD.compute(MapPartitionsRDD.scala:38)
	at org.apache.spark.rdd.RDD.computeOrReadCheckpoint(RDD.scala:297)
	at org.apache.spark.rdd.RDD.iterator(RDD.scala:264)
	at org.apache.spark.rdd.MapPartitionsRDD.compute(MapPartitionsRDD.scala:38)
	at org.apache.spark.rdd.RDD.computeOrReadCheckpoint(RDD.scala:297)
	at org.apache.spark.rdd.RDD.iterator(RDD.scala:264)
	at org.apache.spark.rdd.MapPartitionsRDD.compute(MapPartitionsRDD.scala:38)
	at org.apache.spark.rdd.RDD.computeOrReadCheckpoint(RDD.scala:297)
	at org.apache.spark.rdd.RDD.iterator(RDD.scala:264)
	at org.apache.spark.rdd.MapPartitionsRDD.compute(MapPartitionsRDD.scala:38)
	at org.apache.spark.rdd.RDD.computeOrReadCheckpoint(RDD.scala:297)
	at org.apache.spark.rdd.RDD.iterator(RDD.scala:264)
	at org.apache.spark.rdd.MapPartitionsRDD.compute(MapPartitionsRDD.scala:38)
	at org.apache.spark.rdd.RDD.computeOrReadCheckpoint(RDD.scala:297)
	at org.apache.spark.rdd.RDD.iterator(RDD.scala:264)
	at org.apache.spark.rdd.MapPartitionsRDD.compute(MapPartitionsRDD.scala:38)
	at org.apache.spark.rdd.RDD.computeOrReadCheckpoint(RDD.scala:297)
	at org.apache.spark.rdd.RDD.iterator(RDD.scala:264)
	at org.apache.spark.rdd.MapPartitionsRDD.compute(MapPartitionsRDD.scala:38)
	at org.apache.spark.rdd.RDD.computeOrReadCheckpoint(RDD.scala:297)
	at org.apache.spark.rdd.RDD.iterator(RDD.scala:264)
	at org.apache.spark.rdd.MapPartitionsRDD.compute(MapPartitionsRDD.scala:38)
	at org.apache.spark.rdd.RDD.computeOrReadCheckpoint(RDD.scala:297)
	at org.apache.spark.rdd.RDD.iterator(RDD.scala:264)
	at org.apache.spark.scheduler.ShuffleMapTask.runTask(ShuffleMapTask.scala:73)
	at org.apache.spark.scheduler.ShuffleMapTask.runTask(ShuffleMapTask.scala:41)
	at org.apache.spark.scheduler.Task.run(Task.scala:88)
	at org.apache.spark.executor.Executor$TaskRunner.run(Executor.scala:214)
	at java.util.concurrent.ThreadPoolExecutor.runWorker(ThreadPoolExecutor.java:1145)
	at java.util.concurrent.ThreadPoolExecutor$Worker.run(ThreadPoolExecutor.java:615)
	at java.lang.Thread.run(Thread.java:745)

Driver stacktrace:
	at org.apache.spark.scheduler.DAGScheduler.org$apache$spark$scheduler$DAGScheduler$$failJobAndIndependentStages(DAGScheduler.scala:1256)
	at org.apache.spark.scheduler.DAGScheduler$$anonfun$abortStage$1.apply(DAGScheduler.scala:1247)
	at org.apache.spark.scheduler.DAGScheduler$$anonfun$abortStage$1.apply(DAGScheduler.scala:1246)
	at scala.collection.mutable.ResizableArray$class.foreach(ResizableArray.scala:59)
	at scala.collection.mutable.ArrayBuffer.foreach(ArrayBuffer.scala:47)
	at org.apache.spark.scheduler.DAGScheduler.abortStage(DAGScheduler.scala:1246)
	at org.apache.spark.scheduler.DAGScheduler$$anonfun$handleTaskSetFailed$1.apply(DAGScheduler.scala:681)
	at org.apache.spark.scheduler.DAGScheduler$$anonfun$handleTaskSetFailed$1.apply(DAGScheduler.scala:681)
	at scala.Option.foreach(Option.scala:236)
	at org.apache.spark.scheduler.DAGScheduler.handleTaskSetFailed(DAGScheduler.scala:681)
	at org.apache.spark.scheduler.DAGSchedulerEventProcessLoop.doOnReceive(DAGScheduler.scala:1466)
	at org.apache.spark.scheduler.DAGSchedulerEventProcessLoop.onReceive(DAGScheduler.scala:1428)
	at org.apache.spark.scheduler.DAGSchedulerEventProcessLoop.onReceive(DAGScheduler.scala:1417)
	at org.apache.spark.util.EventLoop$$anon$1.run(EventLoop.scala:48)
	at org.apache.spark.scheduler.DAGScheduler.runJob(DAGScheduler.scala:554)
	at org.apache.spark.SparkContext.runJob(SparkContext.scala:1795)
	at org.apache.spark.SparkContext.runJob(SparkContext.scala:1915)
	at org.apache.spark.rdd.RDD$$anonfun$reduce$1.apply(RDD.scala:1003)
	at org.apache.spark.rdd.RDDOperationScope$.withScope(RDDOperationScope.scala:147)
	at org.apache.spark.rdd.RDDOperationScope$.withScope(RDDOperationScope.scala:108)
	at org.apache.spark.rdd.RDD.withScope(RDD.scala:306)
	at org.apache.spark.rdd.RDD.reduce(RDD.scala:985)
	at org.apache.spark.rdd.RDD$$anonfun$takeOrdered$1.apply(RDD.scala:1366)
	at org.apache.spark.rdd.RDDOperationScope$.withScope(RDDOperationScope.scala:147)
	at org.apache.spark.rdd.RDDOperationScope$.withScope(RDDOperationScope.scala:108)
	at org.apache.spark.rdd.RDD.withScope(RDD.scala:306)
	at org.apache.spark.rdd.RDD.takeOrdered(RDD.scala:1353)
	at org.apache.spark.sql.execution.TakeOrderedAndProject.collectData(basicOperators.scala:234)
	at org.apache.spark.sql.execution.TakeOrderedAndProject.executeCollect(basicOperators.scala:240)
	at org.apache.spark.sql.DataFrame$$anonfun$collect$1.apply(DataFrame.scala:1383)
	at org.apache.spark.sql.DataFrame$$anonfun$collect$1.apply(DataFrame.scala:1383)
	at org.apache.spark.sql.execution.SQLExecution$.withNewExecutionId(SQLExecution.scala:56)
	at org.apache.spark.sql.DataFrame.withNewExecutionId(DataFrame.scala:1899)
	at org.apache.spark.sql.DataFrame.collect(DataFrame.scala:1382)
	at org.apache.spark.sql.DataFrame.head(DataFrame.scala:1312)
	at org.apache.spark.sql.DataFrame.take(DataFrame.scala:1375)
	at com.databricks.backend.daemon.driver.OutputAggregator$.withOutputAggregation0(OutputAggregator.scala:70)
	at com.databricks.backend.daemon.driver.OutputAggregator$.withOutputAggregation(OutputAggregator.scala:42)
	at com.databricks.backend.daemon.driver.ScalaDriverLocal$$anonfun$repl$2.apply(ScalaDriverLocal.scala:171)
	at com.databricks.backend.daemon.driver.ScalaDriverLocal$$anonfun$repl$2.apply(ScalaDriverLocal.scala:164)
	at scala.Option.map(Option.scala:145)
	at com.databricks.backend.daemon.driver.ScalaDriverLocal.repl(ScalaDriverLocal.scala:164)
	at com.databricks.backend.daemon.driver.DriverLocal.execute(DriverLocal.scala:175)
	at com.databricks.backend.daemon.driver.DriverWrapper$$anonfun$3.apply(DriverWrapper.scala:484)
	at com.databricks.backend.daemon.driver.DriverWrapper$$anonfun$3.apply(DriverWrapper.scala:484)
	at scala.util.Try$.apply(Try.scala:161)
	at com.databricks.backend.daemon.driver.DriverWrapper.executeCommand(DriverWrapper.scala:481)
	at com.databricks.backend.daemon.driver.DriverWrapper.runInner(DriverWrapper.scala:383)
	at com.databricks.backend.daemon.driver.DriverWrapper.run(DriverWrapper.scala:194)
	at java.lang.Thread.run(Thread.java:745)
{code}",,,1,0,0,2892.9696166666668,0,0,0,0,0,0,9
SPARK-9925,Sub-task,SPARK,2015-08-13 00:39:57.762,2015-08-14 22:05:06.704,yhuai,Major,Set SQLConf.SHUFFLE_PARTITIONS.key correctly for tests,"Right now, in our TestSQLContext/TestHiveContext, we use {{override def numShufflePartitions: Int = this.getConf(SQLConf.SHUFFLE_PARTITIONS, 5)}} to set {{SHUFFLE_PARTITIONS}}. However, we never put it to SQLConf. So, after we use {{withSQLConf(SQLConf.SHUFFLE_PARTITIONS.key -> ""number"")}}, the number of shuffle partitions will be set back to 200.",,,1,0,0,2725.1490333333336,0,0,0,0,0,0,12
SPARK-9939,Test,SPARK,2015-08-13 15:45:41.873,2015-08-14 22:05:06.704,lian cheng,Critical,Resort to Java process API in test suites forking subprocesses,"The following SQL test suites fork subprocesses and have been flaky for quite a while and fail now and then due to mysterious timeouts:

- {{CliSuite}}
- {{HiveThriftBinaryServerSuite}}
- {{HiveSparkSubmitSuite}}
- {{HiveThriftHttpServerSuite}}

One of the possible reasons of this is a known bug of Scala process API  ([SI-8768|https://issues.scala-lang.org/browse/SI-8768]). Resorting to Java process API may possibly fix these flaky tests.",,,1,0,0,1819.4138500000001,0,0,0,0,0,0,1
SPARK-9949,Sub-task,SPARK,2015-08-13 21:16:56.125,2015-08-14 22:05:06.704,yhuai,Blocker,TakeOrderedAndProject returns wrong output attributes when project is pushed in to it,"In {{TakeOrderedAndProject}}, we have
{code}
case class TakeOrderedAndProject(
    limit: Int,
    sortOrder: Seq[SortOrder],
    projectList: Option[Seq[NamedExpression]],
    child: SparkPlan) extends UnaryNode {

  override def output: Seq[Attribute] = child.output
{code}

When projectList is set, we should use its attributes as the output.",,,1,0,0,1488.1763166666667,0,0,0,0,0,0,13
SPARK-9950,Sub-task,SPARK,2015-08-13 21:18:16.592,2015-08-14 22:05:06.704,marmbrus,Blocker,Wrong Analysis Error for grouping/aggregating on struct fields,"Spark 1.4:
{code}
import org.apache.spark.sql.functions._
val df = Seq((""x"", (1,1)), (""y"", (2, 2))).toDF(""a"", ""b"")
df.groupBy(""b._1"").agg(sum(""b._2"")).collect()

df: org.apache.spark.sql.DataFrame = [a: string, b: struct<_1:int,_2:int>]
res0: Array[org.apache.spark.sql.Row] = Array([1,1], [2,2])
{code}

Spark 1.5
{code}
org.apache.spark.sql.AnalysisException: expression 'b' is neither present in the group by, nor is it an aggregate function. Add to group by or wrap in first() if you don't care which value you get.;
	at org.apache.spark.sql.catalyst.analysis.CheckAnalysis$class.failAnalysis(CheckAnalysis.scala:37)
	at org.apache.spark.sql.catalyst.analysis.Analyzer.failAnalysis(Analyzer.scala:44)
	at org.apache.spark.sql.catalyst.analysis.CheckAnalysis$$anonfun$checkAnalysis$1.org$apache$spark$sql$catalyst$analysis$CheckAnalysis$class$$anonfun$$checkValidAggregateExpression$1(CheckAnalysis.scala:110)
{code}",,,1,0,0,1486.8352,0,0,0,0,0,0,19
AURORA-1213,Story,AURORA,2015-03-20 15:19:25.264,2015-08-17 16:35:47.458,wfarner,Minor,IP clearance and import of twitter commons java code,"We currently have 32  dependencies on libraries from Twitter commons.  

{noformat}
$ grep com.twitter.common build.gradle  | wc -l
      32
{noformat}

While these libraries have generally served us well, this number of dependencies creates a transitive web that inhibits us from upgrading our direct dependencies.

Consider removing these dependencies and replacing our uses of them with forks of the code in our repository.  My hunch is that we use relatively insignificant portions of them overall.  However, if we end up just cloning the sources and maintaining them ourselves, we should back out.",,8.0,7,1,0,216076.3699,0,0,0,0,0,0,3
USERGRID-103,Improvement,USERGRID,2014-03-23 10:08:23.215,2015-08-25 18:34:38.940,stliu,Major,Upgrade to JAX-RS 2.0 (jersey 2.x),"JAX-RS 2.0 brings lots of new features, much better extensible and async support are ones I think most useful ",,5.0,16,0,0,749306.2620833333,1,11,1,1,0,0,0
KYLIN-1014,Improvement,KYLIN,2015-09-07 14:10:13.650,2015-09-10 02:26:59.124,feng_xiao_yu,Major,patch for supporting kerberos authentication while getting status from RM,"I have used kylin-0.7.2 build cube and do some query, and I am trying kylin-1.0 in another hadoop cluster. I get this problem below in kylin-0.7.2 and kylin-1.0 :

Our hadoop cluster deals with authentication with kerberos, However, We find after submit a mapreduce job(the second step in building cube), kylin will send a http request to RM server and get the job status at regular intervals, But we always get errors here because kylin do nothing about kerberos. Finally , we do some change on source code and make it support kerberos authentication . attachment is my patch file..

I add a property named ""kylin.job.status.with.kerberos"" which means if we need do authentication with kerberos when getting status from RM, the default value is false.

It will be highly appreciated if you have some good idea or some suggestion. Thanks...",,,6,0,0,3616.7578999999996,1,4,0,0,0,0,0
SYSTEMDS-291,Improvement,SYSTEMDS,2015-09-08 23:05:49.000,2015-09-10 03:11:09.046,ipv6guru,Major,Simplify project structure (similar to Spark project),"Simplify the SystemML project structure:
- move contents of the ""system-ml"" folder to the top level folder (""systemml"")
- inside the top-level folder there should be the following sub directories:
    {code}
    bin/         ... run scripts
    build/      ... build config files from system-ml/src/assembly/*.xml
    conf/       ... project/runtime configuration
    docs/
    scripts/   ... DML scripts from system-ml/src/main/standalone/*.sh, *.bat
    src/
    target/
    {code}

The intention is to make the folder structure more intuitive and bring it inline with how the Spark project is set up.",,,5,0,0,1685.3341,2,20,1,1,1,1,1
MESOS-3345,Task,MESOS,2015-08-31 21:56:22.874,2015-09-14 20:43:45.927,kaysoky,Minor,Expand the range of integer precision when converting into/out of json.,"For [MESOS-3299], we added some protobufs to represent time with integer precision.  However, this precision is not maintained through protobuf <-> JSON conversion, because of how our JSON encoders/decoders convert numbers to floating point.

To maintain precision, we can try one of the following:
* Try using a {{long double}} to represent a number.
* Add logic to stringify/parse numbers without loss when possible.
* Try representing {{int64_t}} as a string and parse it as such?
* Update PicoJson and add a compiler flag, i.e. {{-DPICOJSON_USE_INT64}} 

In all cases, we'll need to make sure that:
* Integers are properly stringified without loss.
* The JSON decoder parses the integer without loss.
* We have some unit tests for big (close to {{INT32_MAX}}/{{INT64_MAX}}) and small integers.",,5.0,5,0,0,20087.38421666667,0,0,0,0,0,0,0
SYSTEMDS-281,Improvement,SYSTEMDS,2015-09-04 21:41:27.000,2015-09-14 20:48:53.141,ipv6guru,Major,Simplify running in standalone mode,"RE: systemml [issue#7 ""wrong paths in README""|https://github.com/SparkTC/systemml/issues/7]

I see two use cases to be improved:

  1. *""Up and running"" experience*: get systemml from GitHub, build it, run pre-packaged scripts (for first impressions)
  2. *""Becoming productive""*: quickly have systemml installed (or built) and then run it on your own algorithms from your own project


I would like to start addressing number (1) with this Enhancement

*Goal:*
- make it easier to run the standalone scripts directly from the source project, so a new user would only clone from git, run the maven build and be ready to run in standalone mode, without finding and unpacking a jar file

*Proposed changes:*
1. put modified run scripts ({{*.sh}}, {{*.bat}}) under a bin/ folder in source project root
2. make the run script figure out the classpath automatically
3. bring the algorithm scripts folder structure in source project in sync with standalone jar
4. modify the .pom file to copy the required libraries under target/lib 
5. update the README on GitHub

*Steps to run in standalone mode today:*
- clone from GitHub
- run maven build
- find the standalone jar in the target dir
- unpack it to a local working dir
- cd to working directory to run the scripts

*Steps to run in standalone mode after this enhancement:*
- clone from GitHub
- run maven build
- run the scripts",,,2,0,0,14347.435683333333,0,0,0,0,0,0,0
MESOS-3491,Task,MESOS,2015-09-22 17:26:50.430,2015-09-22 22:02:58.294,vinodkone,Major,Enable ubuntu builds in ASF CI,"I've disabled ubuntu:14.04 builds on ASF CI because the job randomly fails on fetching packages.

{code}
Get:406 http://archive.ubuntu.com/ubuntu/ trusty-updates/main gdisk amd64 0.8.8-1ubuntu0.1 [185 kB]
Err http://archive.ubuntu.com/ubuntu/ trusty-security/main libldap-2.4-2 amd64 2.4.31-1+nmu2ubuntu8.1
  404  Not Found [IP: 91.189.91.15 80]
Err http://archive.ubuntu.com/ubuntu/ trusty-security/main libfreetype6 amd64 2.5.2-1ubuntu2.4
  404  Not Found [IP: 91.189.91.15 80]
Err http://archive.ubuntu.com/ubuntu/ trusty-security/main libicu52 amd64 52.1-3ubuntu0.3
  404  Not Found [IP: 91.189.91.15 80]
Fetched 213 MB in 1min 57s (1812 kB/s)
 [91mE [0m [91m: Failed to fetch http://archive.ubuntu.com/ubuntu/pool/main/o/openldap/libldap-2.4-2_2.4.31-1+nmu2ubuntu8.1_amd64.deb  404  Not Found [IP: 91.189.91.15 80]

E: Failed to fetch http://archive.ubuntu.com/ubuntu/pool/main/f/freetype/libfreetype6_2.5.2-1ubuntu2.4_amd64.deb  404  Not Found [IP: 91.189.91.15 80]

E: Failed to fetch http://archive.ubuntu.com/ubuntu/pool/main/i/icu/libicu52_52.1-3ubuntu0.3_amd64.deb  404  Not Found [IP: 91.189.91.15 80]

E: Failed to fetch http://archive.ubuntu.com/ubuntu/pool/main/g/gvfs/gvfs-common_1.20.3-0ubuntu1.1_all.deb  404  Not Found [IP: 91.189.91.15 80]

E: Failed to fetch http://archive.ubuntu.com/ubuntu/pool/main/g/gvfs/gvfs-libs_1.20.3-0ubuntu1.1_amd64.deb  404  Not Found [IP: 91.189.91.15 80]

E: Failed to fetch http://archive.ubuntu.com/ubuntu/pool/main/g/gvfs/gvfs-daemons_1.20.3-0ubuntu1.1_amd64.deb  404  Not Found [IP: 91.189.91.15 80]

E: Failed to fetch http://archive.ubuntu.com/ubuntu/pool/main/g/gvfs/gvfs_1.20.3-0ubuntu1.1_amd64.deb  404  Not Found [IP: 91.189.91.15 80]

E: Unable to fetch some archives, maybe run apt-get update or try with --fix-missing?
 [0mThe command '/bin/sh -c apt-get -y install build-essential clang git maven autoconf libtool' returned a non-zero code: 100
{code}

We need to figure out what the problem is and fix it before enabling testing on ubuntu.",,1.0,2,0,0,276.1310666666667,0,0,0,0,0,0,4
MESOS-3468,Improvement,MESOS,2015-09-18 23:13:02.663,2015-09-28 20:14:10.325,vinodkone,Major,Improve apply_reviews.sh script to apply chain of reviews,Currently the support/apply-review.sh script allows an user (typically committer) to apply a single review on top the HEAD. Since Mesos contributors typically submit a chain of reviews for a given issue it makes sense for the script to apply the whole chain recursively.,,5.0,4,0,0,14221.127700000001,0,0,0,0,0,0,3
MESOS-2613,Improvement,MESOS,2015-04-13 18:34:26.795,2015-09-28 20:37:50.548,mesosmike,Minor,Change docker rm command,"Right now it seems Mesos is using „docker rm –f ID“ to delete containers so bind mounts are not deleted. This means thousands of dirs in /var/lib/docker/vfs/dir   I would like to have the option to change it to „docker rm –f –v ID“ This deletes bind mounts but not persistant volumes.

Best,

Mike",,2.0,1,0,0,242043.39588333335,0,0,0,0,0,0,0
MAHOUT-1701,Task,MAHOUT,2015-04-30 14:45:07.136,2015-09-29 19:30:49.347,agrigorev,Minor,Mahout DSL for Flink: implement AtB ABt and AtA operators,"as a part of MAHOUT-1570 implement the following operators on Flink:

- AtB
- ABt
- AtA 

",,,3,0,0,219165.70351666666,0,0,0,0,0,0,0
MAHOUT-1702,Task,MAHOUT,2015-04-30 14:48:01.213,2015-09-29 19:30:49.372,agrigorev,Minor,Mahout DSL for Flink: implement element-wise operators,"as a part of MAHOUT-1570 implement the following operators on Flink:

- AewB
- AewScalar",,,4,1,0,219162.80265,0,0,0,0,0,0,1
MAHOUT-1711,Task,MAHOUT,2015-05-28 09:31:02.295,2015-09-29 19:31:56.541,agrigorev,Minor,Mahout DSL for Flink: implement broadcasting,as a part of MAHOUT-1570 implement drmBroadcast for flink,,,1,0,0,179160.90409999999,0,0,0,0,0,0,2
MAHOUT-1570,Improvement,MAHOUT,2014-06-03 12:48:01.968,2015-09-29 19:32:00.801,till.rohrmann,Major,Adding support for Apache Flink as a backend for the Mahout DSL,"With the finalized abstraction of the Mahout DSL plans from the backend operations (MAHOUT-1529), it should be possible to integrate further backends for the Mahout DSL. Apache Flink would be a suitable candidate to act as a good execution backend. 

With respect to the implementation, the biggest difference between Spark and Flink at the moment is probably the incremental rollout of plans, which is triggered by Spark's actions and which is not supported by Flink yet. However, the Flink community is working on this issue. For the moment, it should be possible to circumvent this problem by writing intermediate results required by an action to HDFS and reading from there.",,,22,2,0,695923.98055,0,0,0,0,0,0,0
MAHOUT-1712,Task,MAHOUT,2015-05-28 13:24:53.993,2015-09-29 19:32:08.360,agrigorev,Minor,"Mahout DSL for Flink: implement operators At, Ax, Atx","As a part of MAHOUT-1570, implement the following operators on Flink:

- At
- Ax
- Atx",,,1,0,0,178927.23945000002,0,0,0,0,0,0,3
MAHOUT-1765,Task,MAHOUT,2015-08-11 13:30:07.077,2015-09-29 19:32:29.554,agrigorev,Trivial,Mahout DSL for Flink: Add some documentation about Flink backend,,,,4,0,0,70922.37461666667,0,0,0,0,0,0,5
GEODE-18,Task,GEODE,2015-05-09 12:30:26.532,2015-10-09 18:46:50.021,niallp,Major,Initial Code Cleanup,"Please see the Incubator guide:
    * http://incubator.apache.org/guides/mentor.html#initial-clean-up

Source & Notice File policy:
    * http://www.apache.org/legal/src-headers.html

Apache RAT is a tool that can help with source file headers:
     * http://creadur.apache.org/rat/

",,,16,0,0,220696.39148333334,0,0,0,0,0,0,0
GEODE-53,Improvement,GEODE,2015-06-08 22:05:43.091,2015-10-09 18:50:16.562,markito,Major,Update and fix pages in the website,"There are some pages in the website that may need attention and updates. 

Here is a list of the main pages and initial ideas that can improve and fix it:

Getting Started:
- How to section is not well formatted and need a better organization.
- Learn the Basics (Videos)
  - Not sure it should be listed here and given that it's all GemFire it's a bit confusing still. 
- Download Geode link should be removed from this page since it's already in the top.
- Understand some examples section should also go somewhere
- Documentation should be a direct link from the main menu and not the last thing of this page. 


Community

- Conferences need to be updated ad need to work on some automation here to simplify things.
- Systems (JIRA, Wiki) and mailing lists links should be more accessible and  just listed - not in the middle of text or phrases. Also they should be moved to the Contribute (or How to Contribute) page.
- Don't know why Project History is here, we should move this to a main ""About"" page.

Contribute 

- This page starts with text about GemFire/Geode history - Which IHMO should also be moved to the ""About"" page or something like that. As well as the incubator proposal link, etc.
- The contribute page should probably only have sections about: What can be contributions and how to do them - Code, documentation, bugs,  answers on StackOverflow, etc. 

Download

Since we don't have releases yet, as per ASF policy we can point them to the GitHub repo and I'd say we should probably copy the very basics steps to build the project here so people can start, with a pointer for the Wiki for detailed instructions.  Something like:  git clone, build, gfsh..

- Documentation section on this page should be moved to it's own page.
- Remove the Coming Soon section about the VM and include a pointer to the Docker image on Docker Hub. ",,,5,0,0,176924.55785,0,0,0,0,0,0,1
MAHOUT-1755,Task,MAHOUT,2015-06-25 13:57:05.573,2015-10-23 22:24:50.079,agrigorev,Minor,Mahout DSL for Flink: Flush intermediate results to FS,"Now Flink (unlike Spark) doesn't keep intermediate results in memory - therefore they should be flushed to a file system, and read back when required. ",,,2,0,0,173307.74176666664,0,0,0,0,0,0,4
USERGRID-1044,Story,USERGRID,2015-10-06 21:20:51.413,2015-10-27 22:12:40.374,mdunker,Major,Support for gatling load testing with unlimited feed,"Support for multi-worker testing that can create an unlimited number of entities that can be audited. Includes a new interleaving feed for creating new entities, as well as creating chunked CSV files in the audit format, so that creation and indexing can be validated.",,,3,0,0,30291.816016666664,0,0,0,0,0,0,0
USERGRID-1075,Story,USERGRID,2015-10-27 23:27:44.781,2015-11-09 18:03:18.850,greyes,Major,Create Repair Tool to address Service Resource Exceptions from users who cannot be queried for their data,Find a way to resolve the state where a user may still have an entity ref but is not able to be queried or retrieved without uuid.,,5.0,2,0,0,18395.567816666666,0,0,0,0,0,0,0
MESOS-3820,Epic,MESOS,2015-11-02 23:40:15.677,2015-11-09 21:24:57.575,kaysoky,Major,Refactor libprocess initialization to allow for test-only reinitialization of the server socket,"*Background*
Libprocess initialization includes the spawning of a variety of global processes and the creation of the server socket which listens for incoming requests.  Some properties of the server socket are configured via environment variables, such as the IP and port or the SSL configuration.

In the case of tests, libprocess is initialized once per test binary.  This means that testing different configurations (SSL in particular) is cumbersome as a separate process would be needed for every test case.

*Proposal* (Still under investigation)
# Augment {{process::finalize}} to completely clean up libprocess.
#* {{process_manager}}
#* {{socket_manager}}
#* {{EventLoop}}
#* {{Clock}}
#* {{__s__}}
#* {{__address__}}
#* Garbage collector, help, logging, profiler, statistics, route processes (should fall under {{process_manager}}).
#* {{mime}}
# Add a test-only {{process::reinitialize}} function, which should be roughly equivalent to a first-time run of {{process::initialize}}.

-*Proposal to swap out server socket*- (Does not work)
# Follow the [example of the SSL library|https://github.com/apache/mesos/blob/master/3rdparty/libprocess/src/openssl.cpp#L280] and allow tests to declare an internal function for re-initializing a portion of libprocess.
# Move the [existing creation of the server socket|https://github.com/apache/mesos/blob/master/3rdparty/libprocess/src/process.cpp#L852-L856] into a {{reinitialize_server_socket}} function.
# Add any necessary cleanup for swapping server sockets.
# Consider whether any additional locking is required in the {{reinitialize_server_socket}} function.",,8.0,2,1,2,9944.6983,3,164,1,1,1,1,1
USERGRID-1101,Story,USERGRID,2015-11-09 18:12:26.298,2015-11-11 17:38:03.398,jeffreyawest,Major,Unique Value Cleanup in 2.1 - cleaning up old columns for old versions,"Ensure code makes it in to prevent wide rows in unique_values CF due to old versions not getting cleaned up
",,3.0,1,0,0,2845.6183333333333,0,0,0,0,0,0,2
GEODE-610,Task,GEODE,2015-11-28 03:12:22.046,2015-11-28 07:10:15.191,niallp,Major,Review Geode's LICENSE & NOTICE File(s),"Need to review Geode's LICENSE & NOTICE File(s).

Guide on these files is available here:
  - http://www.apache.org/dev/licensing-howto.html

",,,1,0,0,237.88575,0,0,0,0,0,0,1
GEODE-611,Task,GEODE,2015-11-28 03:28:14.365,2015-11-28 07:19:27.403,niallp,Major,Remove Dependency on LGPL Licensed Findbugs Annoations,"FindBugs Annoations (SuppressWarnings & SuppressFBWarnings) have been used in 27 files in geode-core and the FindBugs LGPL License is not permitted under ASF policy:
  - http://findbugs.sourceforge.net/

There is an Apache Licensed ""clean room"" implementation of the findbugs annotations[1] and I have asked on the legal-discuss list[2] if theres any reason this can't be used

[1] https://github.com/stephenc/findbugs-annotations
[2] http://markmail.org/message/ieczgjovzhll76yl",,,1,0,0,231.2173,0,0,0,0,0,0,2
MESOS-313,Improvement,MESOS,2012-11-19 21:12:22.925,2015-12-07 19:43:16.699,woggle,Major,report executor deaths to framework schedulers,"The Scheduler interface has a callback for executorLost, but currently it is never called.",,2.0,9,0,0,1602630.8962333335,1,9,1,0,0,0,0
MESOS-3374,Documentation,MESOS,2015-09-05 00:56:13.960,2015-12-07 19:56:38.641,air,Minor,Improve High Availability documentation,"This [Call Me Maybe article|https://aphyr.com/posts/326-call-me-maybe-chronos] used the Jepsen tool to evaluate Chronos running on Mesos. It uncovered bug MESOS-3280.

Action: Improve documentation at http://mesos.apache.org/documentation/latest/high-availability to include 'good practice' patterns or recommendations.

For example:
- We RECOMMEND running ZooKeeper co-located with Mesos masters.
-- This reduces the set of network partitions to worry about.
-- This means you’re going to have 1 ZK node for every Mesos master.
-- This is NOT technically required. If you have a different ZK deployment architecture you're free to use it.
- _More ideas_",,,3,0,0,135060.41135,0,0,0,0,0,0,0
MESOS-3842,Documentation,MESOS,2015-11-06 19:23:18.381,2015-12-07 19:58:13.658,dobermanne,Major,getting started documentation following Mesos 0.25 build fails for CentOS7 (http://mesos.apache.org/gettingstarted/),"WANdisco SVN repo file usage leads to failure of build process with error, so usage of it should be 1) discouraged 2) replaced with a working solution

Proceeding according to documentation at http://mesos.apache.org/gettingstarted/:
# 'Mesos > 0.21.0' requires 'subversion > 1.8' devel package, which is
# not available in the default repositories.
# Add the WANdisco SVN repo file: '/etc/yum.repos.d/wandisco-svn.repo' with content:
  [WANdiscoSVN]
  name=WANdisco SVN Repo 1.9
  enabled=1
  baseurl=http://opensource.wandisco.com/centos/7/svn-1.9/RPMS/$basearch/
  gpgcheck=1
  gpgkey=http://opensource.wandisco.com/RPM-GPG-KEY-WANdisco

...we do as is described, then proceed to next step, which is 
""# Install essential development tools.""
sudo yum groupinstall -y ""Development Tools""

...the added WANDISCO -repo causes failed building process with error:
Error: Package: subversion-1.9.2-1.x86_64 (WANdiscoSVN)
           Requires: libserf-1.so.0()(64bit)
 - we end up with e.g. no build tools to proceed with, so process fails, Mesos can not be built according to instructions (e.g. no C-compiler in path...)

Interestingly, building with aforementioned instructions (with some modifications mentioned in ticket MESOS-3844) was successful without errors justa a few days ago on 30 Oct 2015. WANDISCO repo breakage? 

No changes to building machine image (the CentOS7 image) nor machine itself (t2.medium EC2 instance) were made in between attempts.",,,1,1,0,44674.92128333333,0,0,0,0,0,0,0
MESOS-3787,Wish,MESOS,2015-10-21 18:45:00.696,2016-01-04 20:27:58.497,jgarcia4,Major,"As a developer, I'd like to be able to expand environment variables through the Docker executor.","We'd like to have expanded variables usable in [the json files used to create a Marathon app, hence] the Task's CommandInfo, so that the executor is able to detect the correct values at runtime.",,,17,0,0,108102.96335,1,13,1,1,0,0,0
USERGRID-1187,Story,USERGRID,2015-12-30 19:40:02.442,2016-01-05 19:18:52.158,greyes,Major,Ensure that PUT or POST does not create duplicate org association connections. ,"Doing PUT creates a duplicate edge on /management/orgs/org/users/email

for existing users who were already on the org, the POST command to /management/orgs/org/users/email creates a duplicate edge
",,2.0,1,0,0,8618.8286,0,0,0,0,0,0,1
USERGRID-1182,Story,USERGRID,2015-12-14 04:10:51.109,2016-01-05 19:56:21.726,mrusso,Major,Support GCM 3.0 for Android Push Notifications,,,2.0,3,0,0,32625.510283333333,0,0,0,0,0,0,0
MESOS-4302,Improvement,MESOS,2016-01-06 23:42:07.317,2016-01-12 14:07:25.244,bmahler,Blocker,Offer filter timeouts are ignored if the allocator is slow or backlogged.,"Currently, when the allocator recovers resources from an offer, it creates a filter timeout based on time at which the call is processed.

This means that if it takes longer than the filter duration for the allocator to perform an allocation for the relevant agent, then the filter is never applied.

This leads to pathological behavior: if the framework sets a filter duration that is smaller than the wall clock time it takes for us to perform the next allocation, then the filters will have no effect. This can mean that low share frameworks may continue receiving offers that they have no intent to use, without other frameworks ever receiving these offers.

The workaround for this is for frameworks to set high filter durations, and possibly reviving offers when they need more resources, however, we should fix this issue in the allocator. (i.e. derive the timeout deadlines and expiry based on allocation times).

This seems to warrant cherry-picking into bug fix releases.",,,6,0,0,8065.298783333334,0,0,0,0,0,0,3
MESOS-4200,Task,MESOS,2015-12-18 19:30:34.439,2016-01-15 10:09:43.975,neilc,Major,Test case(s) for weights + allocation behavior,"As far as I can see, we currently have NO test cases for behavior when weights are defined.",,2.0,4,0,0,39759.15893333333,0,0,0,0,0,0,0
GEODE-33,Improvement,GEODE,2015-05-21 23:28:56.555,2016-01-29 20:12:49.985,markito,Major,Create project examples,"Currently the project doesn't have examples.

Ideally  it should be created as a separated project, include tests and be used as part of build process tests as well.
",,,2,0,0,364123.8905,0,0,0,0,0,0,0
MESOS-4066,Task,MESOS,2015-12-03 22:43:31.628,2016-02-01 20:16:33.916,bmahler,Major,Expose when agent is recovering in the agent's /state.json endpoint.,"Currently when a user is hitting /state.json on the agent, it may return partial state if the agent has failed over and is recovering. There is currently no clear way to tell if this is the case when looking at a response, so the user may incorrectly interpret the agent as being empty of tasks.

We could consider exposing the 'state' enum of the agent in the endpoint:

{code}
  enum State
  {
    RECOVERING,   // Slave is doing recovery.
    DISCONNECTED, // Slave is not connected to the master.
    RUNNING,      // Slave has (re-)registered.
    TERMINATING,  // Slave is shutting down.
  } state;
{code}

This may be a bit tricky to maintain as far as backwards-compatibility of the endpoint, if we were to alter this enum.

Exposing this would allow users to be more informed about the state of the agent.",,3.0,2,0,0,86253.03813333334,2,23,1,1,1,1,2
MESOS-3552,Task,MESOS,2015-09-29 21:17:13.875,2016-02-01 20:19:53.168,mchadha,Major,CHECK failure due to floating point precision on reservation request,"result.cpus() == cpus() check is failing due to ( double == double ) comparison problem. 


Root Cause : 

Framework requested 0.1 cpu reservation for the first task. So far so good. Next Reserve operation — lead to double operations resulting in following double values :

 results.cpus() : 23.9999999999999964472863211995 cpus() : 24

And the check ( result.cpus() == cpus() ) failed. 

 The double arithmetic operations caused results.cpus() value to be :  23.9999999999999964472863211995 and hence ( 23.9999999999999964472863211995 == 24 ) failed.


",,3.0,28,2,0,179942.65488333334,0,0,0,0,0,0,0
USERGRID-1191,Story,USERGRID,2016-01-05 19:09:12.710,2016-02-05 20:35:47.311,jeffreyawest,Major,Create 2.1 Release for Apache,We need to create a 2.1 release for Apache.  Would be nice to have a binary WAR distribution.,,3.0,1,0,0,44726.57668333333,0,0,0,0,0,0,3
GEODE-884,Improvement,GEODE,2016-02-01 02:23:14.725,2016-02-11 23:07:18.637,ukohlmeyer,Major,Update README.md to include steps to build without running all tests.,Add the steps to the README.md to build GEODE without having to run all tests.,,,1,0,0,15644.065200000001,0,0,0,0,0,0,0
GEODE-12,New Feature,GEODE,2015-05-07 20:03:13.564,2016-02-11 23:08:31.665,upthewaterspout,Major,Merge Pulse Source Code,Pulse is a web application for monitoring a Geode cluster. Pivotal would like to contribute pulse to the Geode project. ,,,46,0,0,403385.30168333335,0,0,0,0,0,0,0
AURORA-1605,Task,AURORA,2016-01-30 01:18:09.888,2016-02-16 17:38:26.412,joshua.cohen,Minor,Update recovery docs to reflect changes,"We had to restore one of our clusters from backup recently, and it turns out there's been some drift between the [documented process](https://github.com/apache/aurora/blob/f630bf705ac8a9de2b7b987858ada3b876f65abf/docs/storage-config.md#recovering-from-a-scheduler-backup) and what's currently necessary.

Specifically, we needed to disable the leader redirect filter and, I believe, mesos authentication.

We should make sure the recovery docs are up to date with what's actually required.",,,4,0,0,25460.2754,0,0,0,0,0,0,0
USERGRID-1267,Story,USERGRID,2016-02-16 17:40:52.390,2016-02-16 20:26:41.044,djohnson,Major,Simplify Central SSO: eliminate ext token validation end-point,"Instead of requiring that clients first validate tokens obtained from an external ""Central SSO"" system, when Usergrid is configured for using Central SSO, it should attempt to verify any unknown token itself.

This can be implemented by moving the validate external token logic from the ManagementResource and into the TokenService.",,3.0,1,0,0,165.8109,0,0,0,0,0,0,2
MESOS-2281,Improvement,MESOS,2015-01-27 22:33:03.067,2016-03-14 10:41:21.100,cmaloney,Major,Deprecate legacy Credential format.,"Currently two formats of credentials are supported: JSON

{code}
  ""credentials"": [
    {
      ""principal"": ""sherman"",
      ""secret"": ""kitesurf""
    }
{code}

And a new line file:
{code}
principal1 secret1
pricipal2 secret2
{code}

We should deprecate the new line format and remove support for the old format.",,3.0,2,2,0,592568.30055,1,3,0,0,0,0,0
MESOS-4678,Improvement,MESOS,2016-02-15 19:43:40.703,2016-03-14 17:52:54.064,neilc,Major,Upgrade vendored Protobuf to 2.6.1,"We currently vendor Protobuf 2.5.0. We should upgrade to Protobuf 2.6.1. This introduces various bugfixes, performance improvements, and at least one new feature we might want to eventually take advantage of ({{map}} data type). AFAIK there should be no backward compatibility concerns.",,3.0,3,1,0,40209.22268333333,0,0,0,0,0,0,1
MESOS-4909,Improvement,MESOS,2016-03-10 14:53:04.957,2016-03-15 14:36:06.235,alexr,Major,Introduce kill policy for tasks.,A task may require some time to clean up or even a special mechanism to issue a kill request (currently it's a SIGTERM followed by SIGKILL). Introducing kill policies per task will help address these issue.,,5.0,1,0,0,7183.021299999999,0,0,0,0,0,0,1
MESOS-4623,Task,MESOS,2016-02-09 09:43:13.500,2016-03-15 18:06:45.477,bmahler,Major,Add a stub Nvidia GPU isolator.,"We'll first wire up a skeleton Nvidia GPU isolator, which needs to be guarded by a configure flag due to the dependency on NVML.",,3.0,4,0,0,50903.53295,0,0,0,0,0,0,4
MESOS-4805,Improvement,MESOS,2016-02-29 08:16:51.571,2016-03-15 18:06:45.477,qianzhang,Major,Update ry-http-parser-1c3624a to nodejs/http-parser 2.6.1,"See https://github.com/nodejs/http-parser/releases/tag/v2.6.1.
The motivation is that nodejs/http-parser 2.6.1 has officially supported IBM Power (ppc64le), so this is needed by [MESOS-4312|https://issues.apache.org/jira/browse/MESOS-4312].",,3.0,1,0,0,22189.898433333332,0,0,0,0,0,0,0
MESOS-4879,Improvement,MESOS,2016-03-07 01:58:15.262,2016-03-15 18:06:45.477,chenzhiwei,Major,Update glog patch to support PowerPC LE,This is a part of PowerPC LE porting,,1.0,2,1,0,12488.503583333333,0,0,0,0,0,0,0
MESOS-4612,Improvement,MESOS,2016-02-05 22:59:00.663,2016-03-30 00:40:05.180,cmaloney,Major,Update vendored ZooKeeper to 3.4.8,"See: http://zookeeper.apache.org/doc/r3.4.8/releasenotes.html for improvements / bug fixes

Added a new patch that solved [ZOOKEEPER-1643](https://issues.apache.org/jira/browse/ZOOKEEPER-1643)

The original patch: <https://github.com/apache/zookeeper/commit/46b565e6abd8423c43f1bb8da782d76bac7c392c>",,3.0,7,4,0,76421.07528333334,0,0,0,0,0,0,1
MESOS-4982,Task,MESOS,2016-03-18 20:04:05.216,2016-03-30 00:40:05.180,anandmazumdar,Major,Create a long running HTTP based framework,"We need a long running test framework similar to {{src/examples/long_lived_framework.cpp}} that uses the v1 Scheduler API.

This would allow us to vet the v1 API and the scheduler library in test clusters.",,3.0,1,0,0,16115.9994,2,21,1,1,1,1,0
MESOS-5070,Improvement,MESOS,2016-03-31 09:54:16.790,2016-03-31 10:19:58.328,js84,Major,Introduce more flexible subprocess interface for child options.,"We introduced a number of parameters to the subprocess interface with MESOS-5049.
Adding all options explicitly to the subprocess interface makes it inflexible. 
We should investigate a flexible options, which still prevents arbitrary code to be executed.",,2.0,1,0,0,25.6923,0,0,0,0,0,0,0
MESOS-4160,Improvement,MESOS,2015-12-15 17:23:42.073,2016-04-12 15:15:00.456,alexr,Minor,Log recover tests are slow.,"On Mac OS 10.10.4, some tests take longer than {{1s}} to finish:
{code}
RecoverTest.AutoInitialization (1003 ms)
RecoverTest.AutoInitializationRetry (1000 ms)
{code}",,1.0,7,1,0,171231.3063833333,0,0,0,0,0,0,0
GEODE-1025,Improvement,GEODE,2016-02-29 23:54:38.681,2016-05-11 02:01:24.493,upthewaterspout,Major,Remove compile dependency on spring data gemfire/geode,"We have a compile dependency on spring data gemfire in the ServerLauncher class to support launching a server using a spring data gemfire configuration instead of a cache.xml file.

That's a good feature to have, but it should be part of spring data gemfire, not geode. Because of this compile dependency on SDG, we currently have a circular dependency on SDG -> Geode -> SDG. That makes it difficult to do things like rename packages in geode (GEODE-37) because SDG is still using the old packages.

Instead of directly depending on spring data gemfire, we should provide an extension point that SDG can plug into to override the cache server startup behavior.

The easiest place way to do this is just to use the java ServiceLoader mechanism. We can provide an interface for a plugin that replaces startup behavior of the server. SDG can provide an implementation of this interface.",,,10,0,0,102366.76353333333,0,0,0,0,0,0,2
GEODE-1256,Improvement,GEODE,2016-04-19 18:41:32.152,2016-05-11 02:07:14.118,dbarnes97,Minor,Geode website - Unapproved licenses,"A Geode build (on develop/M3) produces a list of 10 website files with unapproved licenses:


*****************************************************
Summary
-------
Generated at: 2016-04-19T09:38:24-07:00
Notes: 11
Binaries: 10
Archives: 1
Standards: 5974

Apache Licensed: 5921
Generated Documents: 0

JavaDocs are generated and so license header is optional
Generated files do not required license headers

10 Unknown Licenses

*******************************

Unapproved licenses:

  /Users/dbarnes/Repo/incubator-geode/geode-site/content/css/bootflat-extensions.css
  /Users/dbarnes/Repo/incubator-geode/geode-site/content/css/bootflat-square.css
  /Users/dbarnes/Repo/incubator-geode/geode-site/content/css/bootflat.css
  /Users/dbarnes/Repo/incubator-geode/geode-site/content/css/font-awesome.min.css
  /Users/dbarnes/Repo/incubator-geode/geode-site/content/font/fontawesome-webfont-svg.svg
  /Users/dbarnes/Repo/incubator-geode/geode-site/content/js/head.js
  /Users/dbarnes/Repo/incubator-geode/geode-site/content/js/html5shiv.js
  /Users/dbarnes/Repo/incubator-geode/geode-site/content/js/jquery-1.10.1.min.js
  /Users/dbarnes/Repo/incubator-geode/geode-site/content/js/jquery.icheck.js
  /Users/dbarnes/Repo/incubator-geode/geode-site/content/js/respond.min.js

",,,3,0,0,30685.699433333335,0,0,0,0,0,0,0
GEODE-511,Sub-task,GEODE,2015-10-28 05:14:02.295,2016-05-11 02:09:01.012,nlamba,Major,Fix license headers & branding,"As GEODE-18 is committed in develop, the Pulse branch needs to fix license headers and branding (Pivotal/ Gemfire -> Apache/ Geode).",,,20,0,0,282054.9786166667,0,0,0,0,0,0,0
GEODE-919,Sub-task,GEODE,2016-02-04 21:34:10.393,2016-05-11 02:09:01.012,upthewaterspout,Major,"Remove checksums from .asc files (asc.md5, asc.sha1)",,,,1,0,0,138514.84365,0,0,0,0,0,0,1
USERGRID-1283,Improvement,USERGRID,2016-05-09 19:17:20.334,2016-05-11 06:46:51.437,djohnson,Major,Improve ServiceManager.init() start-up logic,"Sometimes on Usergrid startup there is a failure contacting Cassandra, either an immediate communications failure or a time-out.

In some cases when this happens, the ServiceManager.init() method cannot retrieve the internal Management Application that holds information about Usergrid orgs, app and admin users.  

We added some retry logic to the ServiceManager.init() method, which is not an ideal fix because that method is also invoked in processing of HTTP requests.  Problem is, if the the retries do not work we end up with an instance of Usergrid that is alive and able to respond to /status requests, but everything else fails.

We should fix this by:

1) Moving the Management App lookup (and retry logic) to a much earlier point in the startup process. 

2) Caching the Management App in some place where all threads can get it. This cache should never be allowed to be null.  We always need to be able to fall back to a recent version of the Management App

",,,1,0,0,2129.5183833333335,2,276,1,1,1,1,3
USERGRID-1289,Story,USERGRID,2016-05-11 06:44:20.048,2016-05-11 06:46:58.123,mrusso,Minor,Make /org/app/users/me permissions more robust.,,,,1,0,0,2.634583333333333,0,0,0,0,0,0,1
MESOS-5576,Improvement,MESOS,2016-06-09 02:46:20.488,2016-06-10 21:09:34.532,kaysoky,Major,Masters may drop the first message they send between masters after a network partition,"We observed the following situation in a cluster of five masters:
|| Time || Master 1 || Master 2 || Master 3 || Master 4 || Master 5 ||
| 0 | Follower | Follower | Follower | Follower | Leader |
| 1 | Follower | Follower | Follower | Follower || Partitioned from cluster by downing this VM's network ||
| 2 || Elected Leader by ZK | Voting | Voting | Voting | Suicides due to lost leadership |
| 3 | Performs consensus | Replies to leader | Replies to leader | Replies to leader | Still down |
| 4 | Performs writing | Acks to leader | Acks to leader | Acks to leader | Still down |
| 5 | Leader | Follower | Follower | Follower | Still down |
| 6 | Leader | Follower | Follower | Follower | Comes back up |
| 7 | Leader | Follower | Follower | Follower | Follower |
| 8 || Partitioned in the same way as Master 5 | Follower | Follower | Follower | Follower |
| 9 | Suicides due to lost leadership || Elected Leader by ZK | Follower | Follower | Follower |
| 10 | Still down | Performs consensus | Replies to leader | Replies to leader || Doesn't get the message! ||
| 11 | Still down | Performs writing | Acks to leader | Acks to leader || Acks to leader ||
| 12 | Still down | Leader | Follower | Follower | Follower |

Master 2 sends a series of messages to the recently-restarted Master 5.  The first message is dropped, but subsequent messages are not dropped.

This appears to be due to a stale link between the masters.  Before leader election, the replicated log actors create a network watcher, which adds links to masters that join the ZK group:
https://github.com/apache/mesos/blob/7a23d0da817be4e8f68d96f524cecf802431033c/src/log/network.hpp#L157-L159

This link does not appear to break (Master 2 -> 5) when Master 5 goes down, perhaps due to how the network partition was induced (in the hypervisor layer, rather than in the VM itself).

When Master 2 tries to send an {{PromiseRequest}} to Master 5, we do not observe the [expected log message|https://github.com/apache/mesos/blob/7a23d0da817be4e8f68d96f524cecf802431033c/src/log/replica.cpp#L493-L494]

Instead, we see a log line in Master 2:
{code}
process.cpp:2040] Failed to shutdown socket with fd 27: Transport endpoint is not connected
{code}

The broken link is removed by the libprocess {{socket_manager}} and the following {{WriteRequest}} from Master 2 to Master 5 succeeds via a new socket.",,5.0,1,0,0,2543.2340666666664,0,0,0,0,0,0,3
MESOS-5592,Improvement,MESOS,2016-06-10 00:18:05.177,2016-06-13 05:43:03.240,djosborne,Major,Pass NetworkInfo.Labels to CNI Plugins,"Mesos has adopted the Container Network Interface as a simple means of networking Mesos tasks launched by the Unified Containerizer. The CNI specification covers a minimum feature set, granting the flexibility to add customized networking functionality in the form of agreements made between the orchestrator and CNI plugin.

This proposal is to pass NetworkInfo.Labels to the CNI plugin by injecting it into the CNI network configuration json during plugin invocation.

Design Doc on this change: https://docs.google.com/document/d/1rxruCCcJqpppsQxQrzTbHFVnnW6CgQ2oTieYAmwL284/edit?usp=sharing

reviewboard: https://reviews.apache.org/r/48527/",,3.0,1,0,0,4644.967716666667,2,3,0,0,0,0,0
MESOS-5425,Improvement,MESOS,2016-05-20 17:17:29.899,2016-07-08 16:27:48.239,kaysoky,Major,Consider using IntervalSet for Port range resource math,"Follow-up JIRA for comments raised in MESOS-3051 (see comments there).

We should consider utilizing [{{IntervalSet}}|https://github.com/apache/mesos/blob/a0b798d2fac39445ce0545cfaf05a682cd393abe/3rdparty/stout/include/stout/interval.hpp] in [Port range resource math|https://github.com/apache/mesos/blob/a0b798d2fac39445ce0545cfaf05a682cd393abe/src/common/values.cpp#L143].",,3.0,11,0,0,70510.30566666667,0,0,0,0,0,0,2
MESOS-5824,Improvement,MESOS,2016-07-08 22:58:46.922,2016-07-11 11:15:13.562,timcharper,Minor,Include disk source information in stringification,"Some frameworks (like kafka_mesos) ignore the Source field when trying to reserve an offered mount or path persistent volume; the resulting error message is bewildering:

{code:none}
Task uses more resources
cpus(*):4; mem(*):4096;     ports(*):[31000-31000]; disk(kafka, kafka)[kafka_0:data]:960679
than available
cpus(*):32; mem(*):256819;  ports(*):[31000-32000]; disk(kafka, kafka)[kafka_0:data]:960679;   disk(*):240169;
{code}

The stringification of disk resources should include source information.
",,3.0,2,0,0,3616.4440000000004,0,0,0,0,0,0,0
MESOS-5754,Improvement,MESOS,2016-06-30 21:44:31.424,2016-07-13 23:09:00.292,mgummelt,Major,CommandInfo.user not honored in docker containerizer,"Repro by creating a framework that starts a task with CommandInfo.user set, and observe that the dockerized executor is still running as the default (e.g. root).

cc [~kaysoky]",,3.0,3,0,0,18804.481133333335,0,0,0,0,0,0,0
MESOS-2533,Improvement,MESOS,2015-03-23 23:22:56.805,2016-08-02 10:35:22.087,nnielsen,Major,Support HTTP checks in Mesos health check program,"Currently, only commands are supported but our health check protobuf enables users to encode HTTP checks as well. We should wire up this in the health check program or remove the http field from the protobuf.",,8.0,11,0,0,716352.4213666667,1,6,1,0,0,0,2
MAHOUT-1853,New Feature,MAHOUT,2016-05-09 22:02:45.092,2016-08-04 16:04:42.417,andrew_palumbo,Major,Improvements to CCO (Correlated Cross-Occurrence),"Improvements to CCO (Correlated Cross-Occurrence) to include auto-threshold calculation for LLR downsampling, and possible multiple fixed thresholds for A’A, A’B etc. This is to account for the vast difference in dimensionality between indicator types.",,,2,0,0,124921.95541666666,0,0,0,0,0,0,0
FLAGON-83,Sub-task,FLAGON,2016-09-21 20:09:37.769,2016-11-01 14:07:00.000,msbeard,Major,Distill Jenkins Build,Build Distill w/ Jenkins,,,5,1,0,58677.37051666667,0,0,0,0,0,0,0
GEODE-2098,Improvement,GEODE,2016-11-11 19:38:46.823,2016-11-26 03:01:49.587,amb,Major,gfsh history should be stored in ~/.geode,"Currently gfsh stores history in the ~/.gemfire directory.  We should change that to be ~/.geode.

{code}
private static String getHomeGemFireDirectory() {
    String userHome = System.getProperty(""user.home"");
    String homeDirPath = userHome + ""/.gemfire"";
    File alternateDir = new File(homeDirPath);
    if (!alternateDir.exists()) {
      if (!alternateDir.mkdirs()) {
        homeDirPath = ""."";
      }
    }
    return homeDirPath;
  }
{code}",,,13,0,0,20603.046066666666,0,0,0,0,0,0,0
STREAMS-455,New Feature,STREAMS,2016-11-11 00:00:20.156,2016-12-03 17:52:10.480,steveblackmon,Major,"LICENSE, NOTICE and DISCLAIMER in source control.","per discussion on IPMC mailing list during 0.4 release, the -master and -examples git repositories should have a root LICENSE, NOTICE and DISCLAIMER checked into source control.",,,1,0,0,32751.838733333334,0,0,0,0,0,0,2
STREAMS-464,Task,STREAMS,2016-11-30 03:39:50.652,2016-12-03 17:52:51.671,steveblackmon,Major,Switch ITs from junit to testng,"Switch ITs from junit to testng, check that most (hopefully all) tests remain in the test plan and continue to pass.",,,3,0,0,5173.016983333333,0,0,0,0,0,0,3
STREAMS-441,Improvement,STREAMS,2016-10-24 18:30:23.832,2016-12-03 17:55:43.144,steveblackmon,Major,Remove compile dependency on guava for core packages,"To simplify the transitive dependency tree and reduce odds of users hitting shading issues.

streams-util
streams-config
streams-core
streams-pojo
streams-pojo-extensions
streams-schemas/*
streams-verbs

",,,7,0,0,57565.321866666665,0,0,0,0,0,0,1
MESOS-6567,Improvement,MESOS,2016-11-09 18:58:51.856,2016-12-10 01:12:49.370,djosborne,Major,Actively Scan for CNI Configurations,"Mesos-Agent currently loads the CNI configs into memory at startup. After this point, new configurations that are added will remain unknown to the Mesos Agent process until it is restarted.

This ticket is to request that the Mesos Agent process can the CNI config directory each time it is networking a task, so that modifying, adding, and removing networks will not require a slave reboot.",,3.0,4,0,0,43573.95856666667,0,0,0,0,0,0,1
OFBIZ-8316,Improvement,OFBIZ,2016-09-22 06:34:44.234,2016-12-17 09:23:55.675,mbrohl,Minor,Update Apache Solr/Lucene to release 6.2.1,"According to the announcements in https://lists.apache.org/thread.html/5d2cb1ecbe04c6c40b8eeba3b7f8da586d1271af98c9b07ceee8ada2@%3Cannounce.apache.org%3E and https://lists.apache.org/thread.html/c1269b52229f6bce68399e813b7c6b79eb3f6283ae21bde11c82fc7c@%3Cannounce.apache.org%3E there is a new Solr/Lucene release available.

This issue takes care of the update.",,,2,0,0,124009.19068333333,0,0,0,0,0,0,0
STREAMS-470,Improvement,STREAMS,2016-12-12 16:30:54.881,2016-12-17 20:12:28.615,steveblackmon,Major,Permit use of streams-persist-hdfs to read/write s3,"Add s3, s3n, s3a, emrfs to scheme enumeration.
",,,3,0,0,7421.562233333333,0,0,0,0,0,0,4
STREAMS-316,Task,STREAMS,2015-04-25 19:18:19.668,2016-12-19 22:13:16.357,steveblackmon,Trivial,add “apache’ to the artifact name,"Suggestions from 0.2-rc3 vote:
- You may want to consider adding “apache’ to the artifact name
",,,8,0,0,869934.9448166668,0,0,0,0,0,0,0
MAHOUT-1856,New Feature,MAHOUT,2016-05-09 22:18:22.571,2016-12-20 18:51:26.468,andrew_palumbo,Critical,"Create a framework for new Mahout Clustering, Classification, and Optimization  Algorithms","To ensure that Mahout does not become ""A loose bag of algorithms"", Create basic traits with funtions common to each class of algorithm. 
",,,4,0,0,323793.06494999997,0,0,0,0,0,0,1
MAHOUT-1885,Improvement,MAHOUT,2016-10-06 23:52:58.198,2016-12-20 18:52:12.722,andrew_palumbo,Major,Inital Implementation of VCL Bindings,"Push a working experimental branch of VCL bindings into master.  There is still a lot of work to be done.  All tests are passing, At the moment there am opening this JIRA mostly to get a number for PR and to test profiles against on travis. ",,,36,0,0,107699.24206666667,0,0,0,0,0,0,2
STREAMS-482,New Feature,STREAMS,2017-01-24 16:45:29.506,2017-02-03 16:12:34.029,steveblackmon,Major,persist capability for riak,"build a persist module for riak, using either the http or binary interface.",,,3,0,0,14367.075383333335,0,0,0,0,0,0,5
STREAMS-483,New Feature,STREAMS,2017-01-25 20:03:03.827,2017-02-03 16:12:35.772,steveblackmon,Major,add support for SSL connections to streams-persist-cassandra,add support for SSL connections to streams-persist-cassandra,,,6,0,0,12729.532416666665,0,0,0,0,0,0,6
STREAMS-493,Improvement,STREAMS,2017-02-16 19:30:23.310,2017-03-06 18:15:57.486,steveblackmon,Major,streams-examples jenkins build fails,"even after streams-project completes a build and installs its snapshots.

for example, see:
https://builds.apache.org/job/streams-project/350/
https://builds.apache.org/job/streams-examples/193/

error is:
[ERROR] Plugin org.apache.streams.plugins:streams-plugin-pojo:0.5-incubating-SNAPSHOT or one of its dependencies could not be resolved: Could not find artifact org.apache.streams.plugins:streams-plugin-pojo:jar:0.5-incubating-SNAPSHOT

i think the problem is that our master pom does not specify 
snapshots.apache.org as a pluginRepository",,,2,0,0,25845.5696,0,0,0,0,0,0,7
MESOS-7088,Epic,MESOS,2017-02-09 00:17:56.318,2017-04-27 15:33:44.209,gilbert,Major,Support private registry credential per container.,,,13.0,3,0,0,111795.79818333333,0,0,0,0,0,0,0
SYSTEMDS-1674,New Feature,SYSTEMDS,2017-06-09 20:12:25.988,2017-06-19 07:00:53.927,mwdusenb@us.ibm.com,Major,Add a new 2D depthwise convolution layer,"A depthwise convolution (1) applies a different set of M filters to each input channel separately, thus expanding each input channel to M output channels, and (2) concatenates the results into a single volume with C*M output channels. This is in contrast to a regular 2D convolution, in which all of the filters would be applied to all of the input channels at once.",,,1,1,0,13608.46565,0,0,0,0,0,0,1
SYSTEMDS-1675,New Feature,SYSTEMDS,2017-06-09 20:12:39.344,2017-06-19 07:00:53.927,mwdusenb@us.ibm.com,Major,Add a new 2D depthwise transpose convolution layer,"A depthwise transpose convolution (1) applies a different filter to each unique group of M input channels separately, thus condensing each group of M input channels to 1 output channel, and (2) concatenates the results into a single volume with C/M output channels. This is in contrast to a regular 2D transpose convolution, in which all of the filters would be applied to all of the input channels at once.",,,1,1,0,13608.24305,0,0,0,0,0,0,2
SYSTEMDS-1676,New Feature,SYSTEMDS,2017-06-09 20:13:08.207,2017-06-19 07:00:53.927,mwdusenb@us.ibm.com,Major,Add a new 2D softmax layer,"A 2D softmax layer would accept a tensor of shape {{(N,C,H,W)}}, where the {{C}} axis contains scores for {{D}} classes, and output a tensor of the same shape, with the scores transformed to normalized probabilities.  The typical use case would be a segmentation problem, in which every pixel has a multiclass prediction.",,,1,0,0,13607.761999999999,0,0,0,0,0,0,3
SYSTEMDS-1677,New Feature,SYSTEMDS,2017-06-09 20:13:23.642,2017-06-19 07:00:53.927,mwdusenb@us.ibm.com,Major,Add a new 2D cross-entropy layer,,,,1,0,0,13607.50475,0,0,0,0,0,0,4
MESOS-7709,Task,MESOS,2017-06-22 15:56:34.328,2017-07-06 16:27:04.291,avinash@mesosphere.io,Major,Add --dns flag to the agent.,"Mesos support both CNI (through `network/cni` isolator) and CNM (through docker) specification. Both these specifications allow for DNS entries for containers to be set on a per-container, and per-network basis. 

Currently, the behavior of the agent is to use the DNS nameservers set in /etc/resolv.conf when the CNI or CNM plugin that is used to attached the container to the CNI/CNM network doesnt' explicitly set the DNS for the container. This is a bit inflexible especially when we have a mix of v4 and v6 networks. 

The operator should be able to specify DNS nameservers for the networks he installs either the override the ones provided by the plugin or as defaults when the plugins are not going to specify DNS name servers.

In order to achieve the above goal we need to introduce a `\--dns` flag to the agent. The `\--dns` flag should support a JSON (or a JSON file) with the following schema:
{code}
{
  ""mesos"": [
    {
      ""network"" : <name of the network>,
      ""nameservers"": [<list of name servers (upto 3)>]
    }
  ],
  ""docker"": [
    {
      ""network"" : <name of the network>,
      ""nameservers"": [<list of name servers (upto 3)>]
    }
  ]
}
{code}",,5.0,9,3,0,20190.499383333332,1,2,0,0,0,0,1
MESOS-6162,Task,MESOS,2016-09-15 02:13:15.085,2017-07-20 22:52:52.339,haosdent@gmail.com,Major,Add support for cgroups blkio subsystem,"Noted that cgroups blkio subsystem may have performance issue, refer to https://github.com/opencontainers/runc/issues/861",,8.0,8,0,0,444759.62090000004,1,2,0,0,0,0,0
MESOS-7798,Improvement,MESOS,2017-07-15 00:19:12.381,2017-07-20 22:52:52.339,benjaminhindman,Major,Improve libprocess message passing performance,,,,3,0,0,8553.665966666666,0,0,0,0,0,0,1
SYSTEMDS-1346,Improvement,SYSTEMDS,2017-02-23 17:16:22.185,2017-07-25 01:01:57.128,mwdusenb@us.ibm.com,Major,Python MLContext Should Accept New SparkSession,"Currently, our Python {{MLContext}} API only accepts the older {{SparkContext}}, typically referred to with the variable name {{sc}}.  We should extend this API to accept either the older {{SparkContext}}, or the newer {{SparkSession}}, the latter of which is typically referred to with the variable name {{spark}}.",,,2,0,0,217905.58238333333,0,0,0,0,0,0,0
SYSTEMDS-1825,Improvement,SYSTEMDS,2017-08-02 20:09:32.252,2017-08-08 00:40:02.645,deron,Major,Use sphinx to generate versioned Python MLContext docs,"Currently we generate javadocs for SystemML releases (example: http://systemml.apache.org/docs/0.14.0/api/java/index.html) but we don't generate Python documentation.

We could use Sphinx to generate documentation for the Python MLContext API and include it in our documentation for SystemML releases.

Spark does something similar.
See:
https://github.com/apache/spark/pull/2292
https://github.com/apache/spark/pull/2689

",,,1,0,0,7470.50655,0,0,0,0,0,0,0
GOBBLIN-203,New Feature,GOBBLIN,2017-08-11 04:37:32.587,2017-08-15 19:41:47.978,tilakpatidar,Minor,Postgresql Extractor,Gobblin provides support for JDBC compliant databases through JDBCExtractor and JDBCSource. Postgresql is one of the most used RDBMS and adding a direct implementation of it in Gobblin could be useful for users. This implementation is inspired by the existing Mysql implementation.,,,1,0,0,6664.256516666666,0,0,0,0,0,0,0
MESOS-7285,Task,MESOS,2017-03-22 16:09:18.136,2017-08-17 18:03:00.881,avinash@mesosphere.io,Major,Implement a plugin to list container's on a given agent.,We need the CLI to support a `list` command to enumerate the containers running on a given agent. To achieve this we will need to implement a container plugin that will be implement this list method.,,3.0,1,0,0,213233.71241666665,0,0,0,0,0,0,0
GOBBLIN-199,Sub-task,GOBBLIN,2017-08-10 15:42:09.374,2017-08-22 08:12:03.721,ibuenros,Major,Add state store entry listing API,,,,1,0,0,16829.90578333333,0,0,0,0,0,0,0
OAK-6453,Improvement,OAK,2017-07-17 09:16:24.276,2017-08-22 13:19:36.738,chetanm,Major,Script to import oak-run generated indexing to older Oak setup,"The indexing tooling implemented in OAK-6081 can be used to perform reindex and import the indexes for any Oak 1.7+ setups. For older setups we would be using 2 phase approach

# Perform [out-of-band indexing|https://jackrabbit.apache.org/oak/docs/query/oak-run-indexing.html#out-of-band-indexing]. This can be done via oak-run from 1.7.x against any older version of Oak
# Import index - For this step we cannot use oak-run from trunk for older branches as write operations would not be compatible with older version of Oak. 

For import then we have 2 options either 
# backport all the work in OAK-6271 to older branch 
# OR implement a script which can be used with oak-run or Felix Script Console to just import the lucene index with any other manual step

Purpose of this task is to implement such a script

Note - The proposed script is meant to be run from within running Oak server using Felix Script Console [1]. This is required as older version of oak-run do not support all types of BlobStores

[1] http://felix.apache.org/documentation/subprojects/apache-felix-script-console-plugin.html
",,,3,1,0,52083.2077,0,0,0,0,0,0,0
OAK-5192,Improvement,OAK,2016-11-30 11:34:20.608,2017-08-23 07:14:42.928,mduerig,Major,Reduce Lucene related growth of repository size,"I observed Lucene indexing contributing to up to 99% of repository growth. While the size of the index itself is well inside reasonable bounds, the overall turnover of data being written and removed again can be as much as 99%. 

In the case of the TarMK this negatively impacts overall system performance due to fast growing number of tar files / segments, bad locality of reference, cache misses/thrashing when looking up segments and vastly prolonged garbage collection cycles.",,,37,0,0,382780.37200000003,0,0,0,0,0,0,0
OAK-6535,New Feature,OAK,2017-08-09 06:41:31.381,2017-08-23 09:28:28.114,chetanm,Major,Synchronous Lucene Property Indexes,"Oak 1.6 added support for Lucene Hybrid Index (OAK-4412). That enables near real time (NRT) support for Lucene based indexes. It also had a limited support for sync indexes. This feature aims to improve that to next level and enable support for sync property indexes.

More details at https://wiki.apache.org/jackrabbit/Synchronous%20Lucene%20Property%20Indexes",,,1,0,0,20326.94555,0,0,0,0,0,0,1
SYSTEMDS-1907,Improvement,SYSTEMDS,2017-09-14 17:29:42.541,2017-09-14 17:39:49.389,niketanpansare,Major,Rename python package from systemml-*-python.tgz to systemml-*-python.tar.gz,"I encountered this issue because pypi has migrated to a new process: https://packaging.python.org/guides/migrating-to-pypi-org/#uploading

As noted in the above document, the recommended way to upload python packages to pypi is now via `twine`. However, if we use `twine` with our current package naming scheme (i.e. tgz), then it complains `ValueError: Unknown distribution format: 'systemml-0.15.0-python.tgz'`. Hence, I would recommend to use suffix `tar.gz` in our subsequent releases. This way we also are compatible with default package naming convention of pypi: `tar.gz`.

[~acs_s] [~gweidner] [~deron] [~dusenberrymw] [~reinwald] Suggestions ? Any takers ?",,,1,0,0,10.114133333333333,0,0,0,0,0,0,0
FLAGON-250,Improvement,FLAGON,2017-09-01 17:49:45.590,2017-09-22 15:18:29.317,lewismc,Major,Create README for UserALE.js examples directory,"Right now, when attempting to install and use UserALE.js from source, I had the following issues

Installation requires the following prerequisites to be installed

{code}
npm install gulp
npm install del
npm install gulp-eslint
npm install rollup
npm install rollup-plugin-json
npm install gulp-uglify
npm install gulp-rename
npm install gulp-mocha
npm install babel-register
npm install express
npm install body-parser
{code}

In addition, we should provide a simple README which will live in the examples directory. It basically should state the startup procedure as well as how to use the *click me* button in the index.html. Finally it should explain what type of results one would expect...

In addition, I received the following TypeError when logging events using the example server

{code}
TypeError: req.body.forEach is not a function
    at /usr/local/incubator-senssoft-useralejs/example/server.js:77:12
    at Layer.handle [as handle_request] (/usr/local/incubator-senssoft-useralejs/node_modules/express/lib/router/layer.js:95:5)
    at next (/usr/local/incubator-senssoft-useralejs/node_modules/express/lib/router/route.js:137:13)
    at Route.dispatch (/usr/local/incubator-senssoft-useralejs/node_modules/express/lib/router/route.js:112:3)
    at Layer.handle [as handle_request] (/usr/local/incubator-senssoft-useralejs/node_modules/express/lib/router/layer.js:95:5)
    at /usr/local/incubator-senssoft-useralejs/node_modules/express/lib/router/index.js:281:22
    at Function.process_params (/usr/local/incubator-senssoft-useralejs/node_modules/express/lib/router/index.js:335:12)
    at next (/usr/local/incubator-senssoft-useralejs/node_modules/express/lib/router/index.js:275:10)
    at jsonParser (/usr/local/incubator-senssoft-useralejs/node_modules/body-parser/lib/types/json.js:112:7)
    at Layer.handle [as handle_request] (/usr/local/incubator-senssoft-useralejs/node_modules/express/lib/router/layer.js:95:5)
{code}",,,11,0,0,30088.728783333332,0,0,0,0,0,0,0
MESOS-7941,Improvement,MESOS,2017-09-06 14:52:34.412,2017-09-29 04:49:31.727,bennoe,Major,Send TASK_STARTING status from built-in executors,"All executors have the option to send out a TASK_STARTING status update to signal to the scheduler that they received the command to launch the task.

It would be good if our built-in executors would do this, for reasons laid out in https://mail-archives.apache.org/mod_mbox/mesos-dev/201708.mbox/%3CCA%2B9TLTzkEVM0CKvY%2B%3D0%3DwjrN6hYFAt0401Y7b8tysDWx1WZzdw%40mail.gmail.com%3E

This will also fix MESOS-6790.",,8.0,2,0,0,32516.95525,0,0,0,0,0,0,0
ARIA-1,Task,ARIA,2016-10-14 13:20:49.380,2017-10-23 15:28:52.374,ran,Major,Create infrastructure and basic unit tests for core parser and TOSCA extension,Add unit tests for core parser and TOSCA extension,,,2,1,0,538688.0499,0,0,0,0,0,0,0
OAK-5519,New Feature,OAK,2017-01-25 23:45:43.646,2017-10-31 15:36:25.100,alexander.klimetschek,Major,Skip problematic binaries instead of blocking indexing,"If a text extraction is blocked (weird PDF) or a blob cannot be found in the datastore or any other error upon indexing one item from the repository that is outside the scope of the indexer, it currently halts the indexing (lane). Thus one item (that maybe isn't important to the users at all) can block the indexing of other, new content (that might be important to users), and it always requires manual intervention  (which is also not easy and requires oak experts).

Instead, the item could be remembered in a known issue list, proper warnings given, and indexing continue. Maintenance operations should be available to come back to reindex these, or the indexer could automatically retry after some time. This would allow normal user activity to go on without manual intervention, and solving the problem (if it's isolated to some binaries) can be deferred.

I think the line should probably be drawn for binary properties. Not sure if other JCR property types could trigger a similar issue, and if a failure in them might actually warrant a halt, as it could lead to an ""incorrect"" index, if these properties are important. But maybe the line is simply a try & catch around ""full text extraction"".",,,7,5,0,401270.6909,0,0,0,0,0,0,0
KYLIN-2960,New Feature,KYLIN,2017-10-24 07:26:52.407,2017-11-03 08:33:10.282,peng.jianhua,Major,We should submit a new feature that it support the authentication for user and role and the authentication for user and group when the LDAP authentication was enabled.,"Currently, the user authentication interface that was provided by kylin to the third party only supports user and role authentication. However only user and group have authentication function when we use the LDAP authentication. In fact the authentication for user and role and the authentication for user and group have the same functional characteristics between different appplication system. So we should submit a new feature that it support the authentication for user and role and the authentication for user and group when the LDAP authentication was enabled.

We supplied the checkPermission interface to implement the new feature. In the interface we set user groups information to the userRoles parameter when the LDAP was enabled, on the contrary we set user roles information to the userRoles parameter. The interface is as following:
/**
 * Checks if a user has permission on an entity.
 * 
 * @param user
 * @param userRoles
 * @param entityType String constants defined in AclEntityType 
 * @param entityUuid
 * @param permission
 * 
 * @return true if has permission
 */
abstract public boolean checkPermission(String user, List<String> userRoles, //
		String entityType, String entityUuid, Permission permission);
",,,8,0,0,14466.297916666666,1,31,1,1,1,1,0
OAK-6867,Improvement,OAK,2017-10-25 10:06:49.811,2017-11-09 12:46:33.429,alex.parvulescu,Major,Enable index hints on UUID lookup query,"For the UUID lookup query I enabled the (recently added) query hints support where you can specify the index you want to be used and I got an interesting speedup in the benchmarks:

{noformat}
Hint disabled, lookup by query
# UUIDLookupTest                   C     min     10%     50%     90%     max       N 
No of indexes (60) 60, Lookup by (lookupByQuery)[query] 
Oak-Segment-Tar                    1       5       5       6       7      27    9837

Hint enabled, lookup by query
# UUIDLookupTest                   C     min     10%     50%     90%     max       N 
No of indexes (60) 60, Lookup by (lookupByQuery)[query] 
Oak-Segment-Tar                    1       5       5       6       7      13   10128

Hint enabled, lookup by getNode
# UUIDLookupTest                   C     min     10%     50%     90%     max       N 
No of indexes (60) 60, Lookup by (lookupByQuery)[Session#getNodeByIdentifier] 
Oak-Segment-Tar                    1       5       6       6       7      13    9447


Hint disabled, lookup by getNode
# UUIDLookupTest                   C     min     10%     50%     90%     max       N 
No of indexes (60) 60, Lookup by (lookupByQuery)[Session#getNodeByIdentifier] 
Oak-Segment-Tar                    1       3       3       3       4       8   17504
{noformat}

It seems the cost shortcut is reducing the overall time, but cannot say for sure where this change comes from.
The only change I did was to add {{option(index name uuid)}} to this query [0]

[~tmueller], [~chetanm] what do you think?


[0] https://github.com/apache/jackrabbit-oak/blob/trunk/oak-core/src/main/java/org/apache/jackrabbit/oak/plugins/identifier/IdentifierManager.java#L356


",,,4,0,0,21759.726966666665,0,0,0,0,0,0,0
MESOS-7361,Improvement,MESOS,2017-04-06 14:28:13.442,2017-11-10 01:00:23.140,alexr,Major,Command checks via agent pollute agent logs.,"Command checks via agent leverage debug container API of the agent to start checks. Each such invocation triggers a bunch of logs on the agent, because the API was not originally designed with periodic invocations in mind. We should find a way to avoid excessive logging on the agent.",,3.0,2,0,0,313112.1616333333,0,0,0,0,0,0,2
MESOS-8221,Improvement,MESOS,2017-11-14 18:08:42.239,2017-11-23 18:57:38.743,mcypark,Blocker,Use protobuf reflection to simplify downgrading of resources.,"We currently have a {{downgradeResources}} function which is called on every
{{repeated Resource}} field in every message that we checkpoint. We should leverage
protobuf reflection to automatically downgrade any instances of {{Resource}} within any
protobuf message.",,5.0,1,0,0,13008.941733333333,0,0,0,0,0,0,1
ARIA-397,Sub-task,ARIA,2017-10-25 16:50:35.121,2017-11-27 20:08:29.183,tnadeau,Major,Create a matrix for releases + examples that work together for each release,"As a user of A-T, I'd like to see a matrix for releases + examples that work together created. This will help get people started more rapidly for each release and any quirks related to each release. 


",,,5,0,0,47717.901033333335,0,0,0,0,0,0,0
ARIA-399,Sub-task,ARIA,2017-10-25 16:54:28.513,2017-11-27 20:08:29.183,tnadeau,Minor,create a live running demo env (like ONOS) for Aria-Tosca,"As a user of A-T, I would like to have live running demo env (like ONOS) for Aria-Tosca
This running demo would include: 
a simple/straight-forward link to images and examples such as this:
http://onosproject.org/software/
https://wiki.onosproject.org/display/ONOS/Tutorials
Quick start with a VM or Container like this (https://wiki.onosproject.org/display/ONOS/Basic+ONOS+Tutorial)
Updated/complete Docker images stored on Docker Hub and instructions for how to run.
https://hub.docker.com/r/apacheariatosca/aria/
Update instructions for running including for releases 
Create different containers per major examples?",,,8,0,0,47714.01116666666,0,0,0,0,0,0,1
ARIA-422,Story,ARIA,2017-12-04 13:53:55.425,2017-12-04 16:13:12.863,emblemparade,Major,Parsing CSARs is broken,ARIA creates csar with broken metadata (we need to support unicode fields),,,2,0,0,139.29063333333335,0,0,0,0,0,0,0
STREAMS-502,Improvement,STREAMS,2017-04-11 21:47:27.110,2018-01-08 17:24:29.069,steveblackmon,Minor,Re-implement instagram providers using juneau libraries,"Get rid of jinstagram while keeping all of the same features / gaining POJOs.

This will simplify transitive dependencies, promote code re-use within the project, and demonstrate the juneau model applied first in STREAMS-496",,,4,0,0,391417.03265,0,0,0,0,0,0,8
STREAMS-566,New Feature,STREAMS,2017-12-23 19:03:58.565,2018-01-08 17:36:13.535,steveblackmon,Major,Twitter: ThirtyDaySearchProvider,Provider that pages through ThirtyDaySearch results collecting Tweets until a limit is hit or there are no more posts.,,,2,0,0,22952.249499999998,0,0,0,0,0,0,28
STREAMS-565,Improvement,STREAMS,2017-12-22 21:48:27.005,2018-01-08 18:56:32.856,steveblackmon,Major,Permit access to StreamsConfigurator underlying Config without resolve(),"Currently the only way to get access to the underlying Config is with getConfig, which calls resolve()

Add a new public method that allows access without resolve()",,,2,0,0,24308.09751666667,0,0,0,0,0,0,27
STREAMS-564,Task,STREAMS,2017-12-22 16:39:48.955,2018-01-08 18:56:50.828,steveblackmon,Major,Update dependency versions on juneau and httpclient,"Juneau is about to release 7.0.1 with newer httpclient and jetty dependencies.
",,,4,0,0,24617.031216666666,0,0,0,0,0,0,26
STREAMS-563,Access,STREAMS,2017-12-21 22:22:09.153,2018-01-08 18:57:35.081,rawkintrevo,Major,"Remove ""incubating"" from all pom.xmls",,,,4,0,0,25715.432133333336,0,0,0,0,0,0,0
STREAMS-557,Improvement,STREAMS,2017-12-15 17:16:46.250,2018-01-08 19:05:15.282,steveblackmon,Major,RiakHttpClient would be more useful if it exposed baseUrl publically,"CloseableHttpClient doesn't handle appending path fragments to base paths, so RiakHttpClient would be more useful if it exposed baseUrl publicly so the library using it could do so ",,,2,0,0,34668.48386666666,0,0,0,0,0,0,25
STREAMS-556,New Feature,STREAMS,2017-12-11 02:40:39.865,2018-01-08 19:05:27.350,steveblackmon,Major,Twitter: SevenDaySearchProvider,Provider that pages through SevenDaySearch results collecting Tweets until a limit is hit or there are no more posts.,,,2,0,0,41304.79141666667,0,0,0,0,0,0,24
STREAMS-553,New Feature,STREAMS,2017-12-04 20:52:56.570,2018-01-08 19:09:01.727,steveblackmon,Major,Implement Premium Search in streams-provider-twitter,https://developer.twitter.com/en/docs/tweets/search/api-reference/premium-search,,,2,0,0,50296.08595,0,0,0,0,0,0,23
STREAMS-552,Improvement,STREAMS,2017-12-03 19:33:04.956,2018-01-08 19:09:15.000,steveblackmon,Major,Disable .debug() by default in org.apache.streams.twitter.api.Twitter,Debug logging is nice when running integration tests but should not be enabled by default.,,,2,0,0,51816.167400000006,0,0,0,0,0,0,22
STREAMS-548,Task,STREAMS,2017-10-24 02:31:50.331,2018-01-08 19:10:18.269,steveblackmon,Major,update juneau dependency to 7.0.0,update juneau dependency to 7.0.0,,,6,0,0,110438.46563333334,0,0,0,0,0,0,21
STREAMS-547,Task,STREAMS,2017-10-24 02:26:25.170,2018-01-08 19:10:31.534,steveblackmon,Major,add any missing AL headers,add any missing AL headers before 0.6.0 release,,,3,0,0,110444.10606666667,0,0,0,0,0,0,20
STREAMS-546,Improvement,STREAMS,2017-10-24 00:40:09.568,2018-01-08 19:10:45.699,steveblackmon,Major,Allow rat plugin to ignore .conf files in project root,"The release process involves creating conf files in the project root to support integration tests.  There's no reason to require a developer to put apache license headers on their personal conf files, and there are no other conf files in the project files which should be so licensed, so it seems appropriate to just ignore all conf files in project root.",,,3,0,0,110550.60218333334,0,0,0,0,0,0,19
STREAMS-533,Task,STREAMS,2017-10-08 14:54:50.130,2018-01-08 19:12:11.930,steveblackmon,Major,Fix JavaDoc links in streams-provider-twitter,On 9/26/17 Twitter pushed a new API reference website.  As a result most of the links in the java docs are now dead.  The new reference is hosted at https://developer.twitter.com/en/docs/api-reference-index - virtually every endpoint has a new URL so they'll have to be researched and updated by hand.,,,3,0,0,132737.36333333334,0,0,0,0,0,0,17
STREAMS-530,Improvement,STREAMS,2017-09-20 15:09:30.394,2018-01-08 19:12:42.411,steveblackmon,Major,"Log the page_count, item_count, last_count when providers shut down",Providers that use paging to collect data should log the final state of the paging behavior as the provider terminates.,,,1,0,0,158643.20028333334,0,0,0,0,0,0,16
STREAMS-529,Task,STREAMS,2017-09-18 16:16:32.207,2018-01-08 19:12:53.042,steveblackmon,Major,Make it possible to update data behind the StreamsConfigurator after initialization.,"Currently, the singleton StreamsConfigurator initializes from the JVM property tree using ConfigFactory.load but there's is no way for the configuration to be changed there-after.  I think it should be possible to do so, left up to the developer to do so responsibly.",,,1,0,0,161456.34725000002,0,0,0,0,0,0,15
STREAMS-526,Task,STREAMS,2017-09-08 14:50:33.482,2018-01-08 19:13:24.770,steveblackmon,Major,incorporate juneau 6.4.0 release,incorporate juneau 6.4.0 release,,,1,0,0,175942.8548,0,0,0,0,0,0,14
STREAMS-508,Improvement,STREAMS,2017-05-19 17:40:38.959,2018-01-08 19:15:13.723,steveblackmon,Major,Utilize new third-party rest proxy capability in provider-twitter,Requires upgrade juneau dependency to 6.2.1 ,,,31,1,0,337054.5794,0,0,0,0,0,0,9
STREAMS-512,Improvement,STREAMS,2017-05-23 06:33:14.262,2018-01-08 19:15:14.144,steveblackmon,Major,Add @BeanProperty annotations in addition to @JsonProperty,"to getters, setters, anyGetter, and anySetter",,,3,0,0,331961.99803333334,0,0,0,0,0,0,10
STREAMS-522,Task,STREAMS,2017-08-21 19:58:24.770,2018-01-08 19:15:14.669,steveblackmon,Major,Remove mention of incubating status from code and web site,Remove mention of incubating status from code and web site,,,3,0,0,201556.83165,0,0,0,0,0,0,13
STREAMS-519,Improvement,STREAMS,2017-07-09 17:09:25.000,2018-01-08 19:15:15.580,steveblackmon,Major,Support parsing dates with micro and nano precision with StreamsJacksonMapper,"StreamsJacksonMapper does not currently seem to support parsing dates with greater than millisecond precision.  Not surprising as Joda supports millis as its smallest interval, but it should be possible at least to parse a date with greater precision without throwing an exception.",,,5,0,0,263645.843,0,0,0,0,0,0,12
STREAMS-516,Improvement,STREAMS,2017-06-21 03:29:40.947,2018-01-08 19:15:15.813,steveblackmon,Major,switch @BeanProperty annotations to value,switch @BeanProperty annotations produced by streams-plugin-pojo JuneauAnnotator to use value instead of name. this aligns better with the jackson annotations.,,,3,0,0,290385.5811,0,0,0,0,0,0,11
MESOS-8488,Improvement,MESOS,2018-01-25 01:16:44.994,2018-02-01 18:00:46.110,greggomann,Major,Docker bug can cause unkillable tasks,"Due to an [issue on the Moby project|https://github.com/moby/moby/issues/33820], it's possible for Docker versions 1.13 and later to fail to catch a container exit, so that the {{docker run}} command which was used to launch the container will never return. This can lead to the Docker executor becoming stuck in a state where it believes the container is still running and cannot be killed.

We should update the Docker executor to ensure that containers stuck in such a state cannot cause unkillable Docker executors/tasks.

One way to do this would be a timeout, after which the Docker executor will commit suicide if a kill task attempt has not succeeded. However, if we do this we should also ensure that in the case that the container was actually still running, either the Docker daemon or the DockerContainerizer would clean up the container when it does exit.

Another option might be for the Docker executor to directly {{wait()}} on the container's Linux PID, in order to notice when the container exits.",,2.0,1,0,0,11084.018600000001,1,3,0,0,0,0,0
ARIA-118,Story,ARIA,2017-03-08 09:42:52.248,2018-02-05 14:47:44.517,ran,Minor,plugin.yaml importing,"Using a plugin currently requires a user first installs the plugin (using PluginManager), then import the relevant plugin.yaml file in the service template file. The import will currently likely point to a URL, or be a path relative to the service-template yaml file.

Some ideas for improvement and easing the import;
 - If a plugin contained its plugin.yaml as part of its wagon archive, then once installed, users could import the yaml file more easily using a notation such as {{plugins/openstack.yaml}} (or perhaps {{openstack.yaml}}, having the import mechanism iterate over plugins looking for this resource file or so)

 - The import mechanism could look for imports in the resource-storage as well - There could be a directory on the resource-storage designated for storing global yaml files for import, thereby simplifying reuse of yaml imports across service-templates.

 - Perhaps ARIA should also support importing yaml files by using paths relative to the service-template's package root (as opposed to only looking for paths relative to the current yaml file)? Note that this could lead to ambiguities in some cases.


Note that the last two don't necessarily have to do with plugins directly, but it's more likely to be relevant for plugins as they're used across service-templates more often.
",,,12,2,0,481264.87115,0,0,0,0,0,0,1
MESOS-8574,Improvement,MESOS,2018-02-13 08:01:01.403,2018-02-15 17:29:55.328,greggomann,Major,Docker executor makes no progress when 'docker inspect' hangs,"In the Docker executor, many calls later in the executor's lifecycle are gated on an initial {{docker inspect}} call returning: https://github.com/apache/mesos/blob/bc6b61bca37752689cffa40a14c53ad89f24e8fc/src/docker/executor.cpp#L223

If that first call to {{docker inspect}} never returns, the executor becomes stuck in a state where it makes no progress and cannot be killed.

It's tempting for the executor to simply commit suicide after a timeout, but we must be careful of the case in which the executor's Docker container is actually running successfully, but the Docker daemon is unresponsive. In such a case, we do not want to send TASK_FAILED or TASK_KILLED if the task's container is running successfully.",,5.0,1,0,0,3448.89875,0,0,0,0,0,0,1
MXNET-36,New Feature,MXNET,2018-03-07 07:33:47.243,2018-03-26 17:39:10.070,rahul003,Major,Update ndarray binary ops to use kernel launch interface,Replace older deprecated mshadow style binary operations with faster kernel launch interface.,,,1,0,0,27965.38045,0,0,0,0,0,0,0
MXNET-37,New Feature,MXNET,2018-03-07 08:18:06.141,2018-03-26 17:39:10.070,rahul003,Major,Tutorial for distributed training,Write a tutorial,,,1,1,0,27921.065483333332,0,0,0,0,0,0,1
STREAMS-538,Task,STREAMS,2017-10-11 06:36:48.850,2018-03-30 15:00:35.687,steveblackmon,Major,Switch from incubator SVN to not-incubator GIT for website publishing,Switch from publishing the streams website to the incubator SVN to instead publish using gitpubsub on the streams-project and streams-examples repos,,,5,0,0,245303.78061666666,0,0,0,0,0,0,18
GRIFFIN-121,New Feature,GRIFFIN,2018-03-30 03:42:59.793,2018-04-09 01:16:28.228,lionel_3l,Major,[UI] Add publish measure create process on UI,We need to support publish measure create process on UI,,,1,0,0,14253.473916666668,0,0,0,0,0,0,0
GRIFFIN-111,Improvement,GRIFFIN,2018-03-30 02:58:09.650,2018-04-09 05:49:15.995,icesmart,Major,[UI] add progress indicator in every http request,now only some pages have progress icon in table level,,,1,1,0,14571.105749999999,0,0,0,0,0,0,0
MESOS-8714,Task,MESOS,2018-03-21 18:57:51.412,2018-04-12 17:11:36.269,abudnik,Major,Cleanup `containers_` hashmap once container exits,"To clean up a `containers_` hash map in composing c'zer, we need to subscribe on a container termination event in `_launch` method. Also, it's desirable to limit the number of places where we do the clean up.",,3.0,2,0,0,31573.747616666667,0,0,0,0,0,0,0
MESOS-4965,Improvement,MESOS,2016-03-16 22:56:42.679,2018-04-26 16:00:04.435,zhitao,Blocker,Support resizing of an existing persistent volume,"We need a mechanism to update the size of a persistent volume.

The increase case is generally more interesting to us (as long as there still available disk resource on the same disk).",,8.0,3,0,0,1109823.3625999999,0,0,0,0,0,0,0
MESOS-8924,Improvement,MESOS,2018-05-16 18:43:31.986,2018-05-24 16:00:58.761,chhsia0,Major,Refactor the libprocess gRPC warpper.,"Refactor {{process::grpc::client::Runtime}} for better naming and interface, and fewer synchronizations.",,3.0,2,0,0,11357.44625,0,0,0,0,0,0,0
MXNET-589,Sub-task,MXNET,2018-06-25 23:37:29.047,2018-07-02 23:52:00.000,azai91,Major,Flaky Test test_random.test_exponential_generator,,,1.0,1,0,0,10094.515883333333,0,0,0,0,0,0,0
MXNET-590,Sub-task,MXNET,2018-06-25 23:37:51.339,2018-07-02 23:52:00.000,azai91,Major,Flaky test_autograd.test_unary_func,,,1.0,1,0,0,10094.144349999999,0,0,0,0,0,0,1
MXNET-591,Sub-task,MXNET,2018-06-25 23:39:02.916,2018-07-02 23:52:00.000,azai91,Major,Flaky test_loss.test_ctc_loss_train,,,1.0,1,0,0,10092.9514,0,0,0,0,0,0,2
MXNET-592,Sub-task,MXNET,2018-06-25 23:39:35.554,2018-07-02 23:52:00.000,azai91,Major,Flaky Segfault test_autograd.test_unary_func,,,1.0,1,0,0,10092.407433333334,0,0,0,0,0,0,3
MESOS-907,Story,MESOS,2014-01-15 00:53:27.987,2018-08-30 16:00:44.382,adam-mesos,Major,Add Kerberos Authentication support,"MESOS-704 added basic authentication support using CRAM-MD5 through SASL. Now we should integrate Kerberos authentication using GSS-API, which is already supported by SASL. Kerberos is a widely-used industry standard authentication service, and integration with Mesos will make it easier for customers to integrate their existing security process with Mesos.",,2.0,10,0,0,2431627.27325,0,0,0,0,0,0,0
MESOS-5827,Task,MESOS,2016-07-10 08:34:45.782,2018-09-13 16:00:31.352,hartem,Minor,Add example framework for using inverse offers,We should have an example framework (in src/examples) demonstrating how to handle inverse offers. ,,5.0,6,0,0,1145245.7595,0,0,0,0,0,0,0
MXNET-707,Task,MXNET,2018-07-24 16:54:07.595,2018-09-24 21:53:31.524,apeforest,Major,Fix all the unit tests under mxnet-to-coreml package,"Currently all the 56 tests fail due to out-of-sync with MXNet release

*Acceptance Criteria*
Make all the tests pass

",,2.0,1,0,0,89579.39881666665,0,0,0,0,0,0,0
MXNET-708,Task,MXNET,2018-07-24 16:55:25.824,2018-09-24 21:53:55.830,apeforest,Major,Add mxnet-to-coreml converter tests to CI,"*Acceptance Criteria*
Add coreml package in CI, just as the caffe2 package",,3.0,1,0,0,89578.5001,0,0,0,0,0,0,1
STREAMS-610,Task,STREAMS,2018-06-21 23:54:01.759,2018-10-10 16:54:23.610,steveblackmon,Major,Upgrade failsafe plugin,"When running integration tests on apache-streams-0.6.0 rc2 I got the attached error.

Upgrading failsafe to the newest version fixed it.

Environment at the time of error:
steves-mac-pro:streams steve$ mvn -v
Apache Maven 3.3.9 (bb52d8502b132ec0a5a3f4c09453c07478323dc5; 2015-11-10T10:41:47-06:00)
Maven home: /Users/Shared/apache-maven-3.3.9
Java version: 1.8.0_172, vendor: Oracle Corporation
Java home: /Library/Java/JavaVirtualMachines/jdk1.8.0_172.jdk/Contents/Home/jre
Default locale: en_US, platform encoding: UTF-8
OS name: ""mac os x"", version: ""10.13.5"", arch: ""x86_64"", family: ""mac""",,,2,0,0,159420.36418333332,0,0,0,0,0,0,29
MESOS-8780,Improvement,MESOS,2018-04-12 13:10:50.460,2018-10-16 19:06:34.925,medzin,Minor,Expose Check and HealthCheck information on Mesos HTTP endpoints.,"Is the information about task health check definition not exposed on Mesos HTTP endpoints ({{/master/tasks}} or {{/slave/state}} ) for some specific reason? I'm working on integration with Hashicorp Consul and it would allow me to synchronize the definitions of health checks only by using HTTP API. If this information is not exposed by accident, I will gladly make a pull request.

This is related to both {{HealthCheck}} and {{CheckInfo}} in both {{v0}} and {{v1}} APIs.",,5.0,2,2,0,269635.7410833333,0,0,0,0,0,0,0
MESOS-9032,Task,MESOS,2018-06-28 14:48:22.180,2018-10-25 19:54:39.474,abudnik,Major,Update build scripts to support `seccomp-isolator` flag and `libseccomp` library,"This ticket consists of the following subtasks:
1) Bundle `libseccomp` tarball as a third-party library
2) Add build rules to compile `libseccomp` library and to link Mesos agent against this library
3) Add `enable-seccomp-isolator` flag to the build scripts",,5.0,1,0,0,171666.28823333333,0,0,0,0,0,0,1
STREAMS-615,Task,STREAMS,2018-10-10 16:37:28.168,2018-11-01 16:00:00.000,steveblackmon,Major,Upgrade Juneau to 7.2.1,Upgrade Juneau to 7.2.1,,,6,5,0,31642.53053333333,2,0,0,0,0,0,30
GEODE-6135,Improvement,GEODE,2018-12-04 04:39:55.890,2018-12-10 17:07:34.441,upthewaterspout,Major,Add benchmarks to geode CI,"Add a job to run the benchmarks to https://concourse.apachegeode-ci.info. Initially this job doesn't need to be on the main tab, it can just output a comparison of the current develop against a baseline revision of geode.",,3.0,1,0,0,9387.642516666667,0,0,0,0,0,0,3
MXNET-1273,Sub-task,MXNET,2018-12-18 22:03:21.558,2019-01-02 20:34:14.885,ghai.piyush,Minor,Add Unit Tests for Float64 in NDArrayTestSuite,,,,1,0,0,21510.888783333336,0,0,0,0,0,0,0
DATALAB-137,Sub-task,DATALAB,2018-12-19 14:44:11.922,2019-01-15 17:07:50.843,vira_vitanska@epam.com,Major,DevOps,,,,1,0,0,39023.64868333333,0,0,0,0,0,0,2
DATALAB-225,Task,DATALAB,2018-12-20 08:12:30.812,2019-01-15 17:07:50.843,vira_vitanska@epam.com,Major,Build UI inside of SSN,,,,1,0,0,37975.33385,0,0,0,0,0,0,3
DATALAB-1,Epic,DATALAB,2018-11-05 17:42:37.663,2019-02-07 10:20:59.580,vira_vitanska@epam.com,Major,Notebook Web Terminal,"As a user I want to have a possibility to use Notebook Web Terminal from DLab UI so that I can go to Notebook terminal without extra setting.

 

*Acceptance criteria:*
 # it should be button 'web ssh' on action menu for notebook 
 # if user click on 'web ssh' a new tab browser is open and establishes conection to SSH server

 

 You can use this link [http://guacamole.apache.org/] as example.

 ",,,3,1,0,134918.36528333335,0,0,0,0,0,0,0
HDDS-10,Sub-task,HDDS,2018-04-27 18:01:18.500,2019-02-28 21:44:44.302,ajayydv,Major,Add kdc docker image for secure ozone cluster,Update docker compose and settings to test secure ozone cluster.,,,23,3,0,442303.43003333337,0,0,0,0,0,0,0
HDDS-134,Sub-task,HDDS,2018-05-31 16:25:45.022,2019-02-28 21:44:44.302,ajayydv,Major,SCM CA: OM sends CSR and uses certificate issued by SCM,Initialize OM keypair and get SCM signed certificate.,,,22,2,0,393438.988,0,0,0,0,0,0,1
HDDS-591,Sub-task,HDDS,2018-10-08 20:01:01.410,2019-02-28 21:44:44.302,xyao,Major,Adding ASF license header to kadm5.acl," This was reported from recent Jenkins run: 

{code}
!????? /testptch/hadoop/hadoop-ozone/dist/src/main/compose/ozonesecure/docker-image/docker-krb5/kadm5.acl
{code}",,,8,1,0,206023.71486666668,0,0,0,0,0,0,0
HDDS-594,Sub-task,HDDS,2018-10-08 21:49:11.300,2019-02-28 21:44:44.302,xyao,Major,SCM CA: DN sends CSR and uses certificate issued by SCM,,,,8,0,0,205915.55003333333,0,0,0,0,0,0,1
HDDS-1017,Sub-task,HDDS,2019-01-28 12:51:22.907,2019-02-28 21:44:44.302,elek,Major,Use distributed tracing to indentify performance problems in Ozone,"In the recent months multiple performance issues are resolved in OM/SCM and datanode sides. To identify the remaining problems a distributed tracing framework would help a lot.

In HADOOP-15566 there is an ongoing discussion to remove the discontinued HTrace and use something else instead. Until now without any conclusion, but

 1). There is one existing poc in the jira which uses opentracing
 2). It was suggested to ""evaluating all the options"" before a final decision 

As an evaluation step we would like to investigate the performance of ozone components with opentracing. This patch can help us to find the performance problem but can be reverted when we will have a final solution in HADOOP-15566 about the common tracing library.

To make it lightweight we can use the ozone message level tracing identifier for context propagation instead of modifying the existing hadoop rpc framework. 

",,,14,1,0,45173.356583333334,0,0,0,0,0,0,0
HDDS-1043,Sub-task,HDDS,2019-02-02 00:45:20.212,2019-02-28 21:44:44.302,ajayydv,Blocker,Enable token based authentication for S3 api,Ozone has a  S3 api and mechanism to create S3 like secrets for user. This jira proposes hadoop compatible token based authentication for S3 api which utilizes S3 secret stored in OM.,,,15,0,0,38699.4015,0,0,0,0,0,0,2
HDDS-1087,Sub-task,HDDS,2019-02-12 03:05:59.529,2019-02-28 21:44:44.302,ajayydv,Major,Investigate failure of TestDefaultCertificateClient#testSignDataStream in jenkins run,"Investigate failure of TestDefaultCertificateClient#testSignDataStream in jenkins run. 

https://builds.apache.org/job/PreCommit-HDDS-Build/2217/testReport/org.apache.hadoop.hdds.security.x509.certificate.client/TestDefaultCertificateClient/testSignDataStream/

",,,1,0,0,24158.746216666666,1,7,1,0,0,0,4
HDDS-1092,Sub-task,HDDS,2019-02-12 13:23:14.952,2019-02-28 21:44:44.302,elek,Major,Use Java 11 JRE to run Ozone in containers,"As of now we use opendk 1.8.0 in the Ozone containers.

Java 9 and Java 10 introduces advanced support for the resource management of the containers and not all of them are available from the latest release of 1.8.0. (see this blog for more details: https://medium.com/adorsys/jvm-memory-settings-in-a-container-environment-64b0840e1d9e)

I propose to switch to use Java 11 in the containers and test everything with Java 11 at runtime.

Note: this issue is just about the runtime jdk not about the compile time JDK.",,,8,0,0,23541.48916666667,0,0,0,0,0,0,1
HDDS-1113,Improvement,HDDS,2019-02-15 08:57:06.123,2019-02-28 21:44:44.302,elek,Major,Remove default dependencies from hadoop-ozone project,"There are two ways to define common dependencies with maven:

  1.) put all the dependencies to the parent project and inherit them
  2.) get all the dependencies via transitive dependencies

TLDR; I would like to switch from 1 to 2 in hadoop-ozone

My main problem with the first approach that all the child project get a lot of dependencies independent if they need them or not. Let's imagine that I would like to create a new project (for example a java csi implementation) It doesn't need ozone-client, ozone-common etc, in fact it conflicts with ozone-client. But these jars are always added as of now.

Using transitive dependencies is more safe: we can add the dependencies where we need them and all of the other dependent projects will use them. ",,,1,0,0,19487.636316666667,0,0,0,0,0,0,2
HDDS-1151,Sub-task,HDDS,2019-02-21 08:29:38.010,2019-02-28 21:44:44.302,elek,Major,Propagate the tracing id in ScmBlockLocationProtocol,The tracing propagation is not yet enabled for the ScmBlockLocationProtocol. We can't see the internal calls between OM and SCM. We need to propagate it at least for the allocateBlock call.,,,5,0,0,10875.104866666667,0,0,0,0,0,0,3
HDDS-1152,Sub-task,HDDS,2019-02-21 08:32:18.044,2019-02-28 21:44:44.302,elek,Major,Add trace information for the client side of the datanode writes,The XCeiverClients can be traced on the client side to get some information about the time of chunk writes / block puts.,,,6,0,0,10872.437633333333,0,0,0,0,0,0,4
HDDS-1154,Sub-task,HDDS,2019-02-21 09:28:20.663,2019-02-28 21:44:44.302,elek,Major,Add tracing to the client side of StorageContainerLocationProtocol and OzoneManagerProtocol,"The best way to display the network performance in the tracing server is to start a new span (=save tracing information) on both of the client and and server side.

This issue is about improving the client side tracing of OzoneManager and StorageLocationManager.

The easiest way to turn on tracing for a class which implements an interface is to create a java proxy with TracingUtil.createProxy. With this utility we can execute the required tracing methods (create span/close span) around the original methods without adding any boilerplate code.

Thanks to the current design hadoop rpc calls are create by the *ClientSideTranslatorPB classes which implements the original protocol interface (eg. StorageContainerLocationProtocolClientSideTranslatorPB implements StorageContainerLocationProtocol) which means that it can easily instrumented by TracingUtil.createProxy.

The only thing what we need is to use the interface everywhere (StorageContainerLocationProtocol) instead of the implementation (ClientSideTranslator) as a client.

The only required method which is not published in the ClientSideTranslator is the close method. With adding the close method to the interface (extends Closable) we are able to use the interface everywhere which can be instrumented to send the tracing information.",,,2,0,0,10816.393983333333,0,0,0,0,0,0,5
HDDS-1158,Sub-task,HDDS,2019-02-21 12:32:24.215,2019-02-28 21:44:44.302,elek,Major,TestOzoneManagerHA.testTwoOMNodesDown is failing with ratis error,"h3. Error Message
{code:java}
org.apache.ratis.protocol.RaftRetryFailureException: Failed RaftClientRequest:client-4D77D2A8F653->omNode-3@group-523986131536, cid=9, seq=0 RW, org.apache.hadoop.ozone.om.ratis.OzoneManagerRatisClient$$Lambda$373/2067504307@6afa0221 for 10 attempts with RetryLimited(maxAttempts=10, sleepTime=100ms){code}
Stacktrace
{code:java}
INTERNAL_ERROR org.apache.hadoop.ozone.om.exceptions.OMException: org.apache.ratis.protocol.RaftRetryFailureException: Failed RaftClientRequest:client-4D77D2A8F653->omNode-3@group-523986131536, cid=9, seq=0 RW, org.apache.hadoop.ozone.om.ratis.OzoneManagerRatisClient$$Lambda$373/2067504307@6afa0221 for 10 attempts with RetryLimited(maxAttempts=10, sleepTime=100ms) at org.apache.hadoop.ozone.om.protocolPB.OzoneManagerProtocolClientSideTranslatorPB.handleError(OzoneManagerProtocolClientSideTranslatorPB.java:586) at org.apache.hadoop.ozone.om.protocolPB.OzoneManagerProtocolClientSideTranslatorPB.createVolume(OzoneManagerProtocolClientSideTranslatorPB.java:230) at org.apache.hadoop.ozone.web.storage.DistributedStorageHandler.createVolume(DistributedStorageHandler.java:179) at org.apache.hadoop.ozone.om.TestOzoneManagerHA.testCreateVolume(TestOzoneManagerHA.java:153) at org.apache.hadoop.ozone.om.TestOzoneManagerHA.testTwoOMNodesDown(TestOzoneManagerHA.java:138) at sun.reflect.NativeMethodAccessorImpl.invoke0(Native Method) at sun.reflect.NativeMethodAccessorImpl.invoke(NativeMethodAccessorImpl.java:62) at sun.reflect.DelegatingMethodAccessorImpl.invoke(DelegatingMethodAccessorImpl.java:43) at java.lang.reflect.Method.invoke(Method.java:498) at org.junit.runners.model.FrameworkMethod$1.runReflectiveCall(FrameworkMethod.java:47) at org.junit.internal.runners.model.ReflectiveCallable.run(ReflectiveCallable.java:12) at org.junit.runners.model.FrameworkMethod.invokeExplosively(FrameworkMethod.java:44) at org.junit.internal.runners.statements.InvokeMethod.evaluate(InvokeMethod.java:17) at org.junit.internal.runners.statements.RunBefores.evaluate(RunBefores.java:26) at org.junit.internal.runners.statements.RunAfters.evaluate(RunAfters.java:27) at org.junit.rules.ExpectedException$ExpectedExceptionStatement.evaluate(ExpectedException.java:168) at org.junit.internal.runners.statements.FailOnTimeout$StatementThread.run(FailOnTimeout.java:74){code}
 ",,,2,0,0,10632.334783333334,0,0,0,0,0,0,6
HDDS-1161,Sub-task,HDDS,2019-02-21 12:42:03.745,2019-02-28 21:44:44.302,elek,Major,Disable failing test which are tracked by a separated jira,"As I wrote in the description of the parent Jira I propose to disable (@Ignore) the unit tests which are failing while we are fixing them to get clean Jira response from the PreCommit builds.

All the tests are tracked in a separated jira.",,,3,0,0,10622.67595,0,0,0,0,0,0,7
HDDS-1190,Sub-task,HDDS,2019-02-28 03:11:34.308,2019-02-28 21:44:44.302,xyao,Major,Fix jdk 11 issue for ozonesecure base image and docker-compose ,"HDDS-1019 changes to use hadoop-runner as base image for ozonesecure docker-compose. There are a few issues that need to fixed.

 

1.The hadoop-runner uses jdk11 but the ozonesecure/docker-config assume openjdk8 for JAVA_HOME. 

 

2. The KEYTAB_DIR needs to be quoted with '.

 

3. keytab based login failed with Message stream modified (41), [~elek] mentioned in HDDS-1019 that we need to add max_renewable_life to ""docker-image/docker-krb5/krb5.conf"" like follows.
[realms]
 EXAMPLE.COM = \{
  kdc = localhost
  admin_server = localhost
  max_renewable_life = 7d
 }
Failures:

{code}

 org.apache.hadoop.security.KerberosAuthException: failure to login: for principal: scm/scm@EXAMPLE.COM from keytab /etc/security/keytabs/scm.keytab javax.security.auth.login.LoginException: Message stream modified (41)

scm_1           | at org.apache.hadoop.security.UserGroupInformation.doSubjectLogin(UserGroupInformation.java:1847)

scm_1           |

{code}",,,6,0,0,1113.1665666666668,0,0,0,0,0,0,2
IOTDB-39,Improvement,IOTDB,2019-03-07 07:49:11.265,2019-03-26 03:06:50.355,julian.feinauer,Major,Allow to Read incomplete files,"With IOTDB-36 a RestorableTsFileIoWriter was added which allows to continue writing to an incomplete File.
However, read would in many cases simply fail.

This could be avoided by checking first if magic byte at head and tail are there (good case) or otherwise open and close the File with the Restoarble Writer (to clean it).
A boolean in the Readers constructor could indicate if this ""auto repair"" behavior is wanted or simply an exeption should be thrown.",,,4,0,0,27077.6515,0,0,0,0,0,0,0
MESOS-9687,Task,MESOS,2019-03-28 18:26:04.091,2019-03-29 13:50:17.498,asekretenko,Major,Add the glog patch to pass microseconds via the LogSink interface.,"Currently, custom LogSink implementations in the modules (for example, this one:
 [https://github.com/dcos/dcos-mesos-modules/blob/master/logsink/logsink.hpp] )
 are logging `000000` instead of microseconds in the timestamp - simply because the LogSink interface in glog has no place for microseconds.

The proposed glog fix is here: [https://github.com/google/glog/pull/441]

Getting this into glog release might take a long time (they released 0.4.0 recently, but the previous release 0.3.5 was two years ago), therefore it makes sense to add this patch into Mesos build.",,3.0,1,0,0,1164.2234500000002,0,0,0,0,0,0,0
OFBIZ-8522,Sub-task,OFBIZ,2016-10-18 13:11:12.005,2019-05-23 18:31:00.000,akash.jain,Minor,Unit test case for service - createPartyPostalAddress,Unit test case for service - createPartyPostalAddress,,,1,0,0,1363999.7999166667,0,0,0,0,0,0,0
OFBIZ-9088,Sub-task,OFBIZ,2016-11-05 11:49:12.192,2019-05-23 18:31:00.000,pradhanyashsharma,Minor,Unit test case for service - addProductCategoryToCategory,Unit test case for service - addProductCategoryToCategory,,,1,0,0,1338161.7968,0,0,0,0,0,0,0
OFBIZ-10145,Task,OFBIZ,2018-01-04 16:38:09.011,2019-05-23 18:31:00.000,jacques.le.roux,Blocker,Remove the Gradle wrapper from our release packages and add a step to our build notes,"Following the discussion at http://markmail.org/message/nd7grfiyobjkfwae, considering LEGAL-288 and based on a lazy consensus on dev ML, we want to remove the gradle-wrapper.jar file from the next packaged releases and  use [~jacopoc]'s related proposition to document how to have Gradle working in the main README.md file.

# Extract the archive file to your local directory.
# Download gradle-wrapper.jar and place it in the OFBiz-root-dir/gradle/wrapper folder.

I'm not sure if we should recommend a link to download the gradle-wrapper.jar. This might change in the future (versions, etc.), so indeed maybe simply asking to download is enough, cf  https://www.google.com/search?q=gradle-wrapper.jar+download&ie=UTF-8

Also we need to add a point about removing gradle-wrapper.jar in https://cwiki.apache.org/confluence/display/OFBIZ/Release+Management+Guide+for+OFBiz",,,16,0,0,725872.8498166667,0,0,0,0,0,0,4
DATALAB-583,Task,DATALAB,2019-04-01 10:33:26.345,2019-06-13 10:17:06.217,vira_vitanska@epam.com,Major,[Front-end]: Add DLab version on UI,Convey the link for release note as well.,,,1,1,0,105103.66453333334,0,0,0,0,0,0,4
KYLIN-4010,Improvement,KYLIN,2019-05-21 03:03:51.091,2019-07-16 01:52:41.577,zengrui,Minor,TimeZone is hard-coded in function makeSegmentName for class CubeSegment,"In Real-Time Streaming Cube when I send some records to kafka topic, the tmestamp for the record is 2019-01-01 00:00:00.000, but kylin create a segment named 20181231160000_20181231170000.

Then I found that TimeZone is hard-coded to ""GMT"" in function makeSegmentName for class CubeSegment. I think that it should be config in kylin.properties.",,,2,0,0,80568.84143333332,8,551,1,1,1,1,0
MESOS-9254,Improvement,MESOS,2018-09-25 00:00:01.844,2019-07-17 16:50:44.150,chhsia0,Critical,Make SLRP be able to update its volumes and storage pools.,"We should consider making SLRP update its resources periodically, or adding an endpoint to trigger that, for the following reasons:

1. Mesos currently assumes all profiles have disjoint storage pools. This is because Mesos models each resource independently. However, in practice an operator can set up, say two profiles, one for linear volumes and one for raid volumes, and an ""LVM"" resource provider that can provision both linear and raid volumes. The correlation between the storage pools of the linear and raid profiles would reduce one's pool capacity when a volume of the other type is provisioned. To reflect the actual sizes of correlated storage pools, we need a way to make SLRP update its resources.

2. The SLRP now only queries the CSI plugin to report a list of volumes during startup, so if a new device is added, the operator will have to restart the agent to trigger another SLRP startup, which is inconvenient.",,5.0,3,2,0,425810.7051,0,0,0,0,0,0,1
HDDS-1659,Task,HDDS,2019-06-07 07:26:48.122,2019-08-05 14:12:48.002,elek,Major,Define the process to add proposal/design docs to the Ozone subproject,"We think that it would be more effective to collect all the design docs in one place and make it easier to review them by the community.

We propose to follow an approach where the proposals are committed to the hadoop-hdds/docs project and the review can be the same as a review of a PR",,,4,0,0,85365.99799999999,0,0,0,0,0,0,30
HDDS-373,Improvement,HDDS,2018-08-24 06:04:24.362,2019-08-05 14:13:27.671,dineshchitlangia,Major,Genconf tool must generate ozone-site.xml with sample values,"As discussed with [~anu], currently, the genconf tool generates a template ozone-site.xml. This is not very useful for new users as they would have to understand what values should be set for the minimal configuration properties.

This Jira proposes to modify the ozone-default.xml which is leveraged by genconf tool to generate ozone-site.xml

 

Further, as suggested by [~arpitagarwal], we must add a {{--pseudo}} option to generate configs for starting pseudo-cluster. This should be useful for quick dev-testing.",,,12,2,0,498729.05515000003,0,0,0,0,0,0,0
HDDS-1192,Improvement,HDDS,2019-02-28 14:39:37.438,2019-08-05 14:13:27.671,elek,Major,Support -conf command line argument in GenericCli,"org.apache.hadoop.hdds.GenericCli is the based class for all the Ozone related command line application. It supports to define custom configuration variables (-D or --set) but doesn't support the '--conf ozone-site.xml' argument to load an external xml file to the configuration.

Configuration and OzoneConfiguration classes load the ozone-site.xml from the classpath. But it makes very hard to start Ozone components in IDE as we can't modify the classpath easily. 

One option here is to support the --conf everywhere to make it possible to start ozone cluster in the IDE. 



Note: It's a nice to have for 0.4.0. I marked it as 0.5.0 but safe to commit at anytime to 0.4.0",,,10,0,0,227493.83721666664,0,0,0,0,0,0,8
HDDS-1193,Improvement,HDDS,2019-02-28 18:50:50.276,2019-08-05 14:13:27.671,bharatviswa,Major,Refactor ContainerChillModeRule and DatanodeChillMode rule,"The main intention of this Jira is to have all rules look in a similar way of handling events.

In this Jira, did the following changes:
 # Both DatanodeRule and ContainerRule implements EventHandler and listen for NodeRegistrationContainerReport
 # Update ScmChillModeManager not to handle any events. (As each rule need to handle an event, and work on that rule)",,,3,0,0,227242.62325,0,0,0,0,0,0,1
HDDS-1196,Improvement,HDDS,2019-02-28 23:25:00.653,2019-08-05 14:13:27.671,bharatviswa,Major,Add a ChillMode handler class ,"Condition for to Start Replication monitor thread.
 # Exit Chill mode
 # Time out (configurable value) default to 5 minutes. Additional time out is added to give some additional time for datanodes to report and make pipelines healthy.

So, once we are out of chillmode, we fire ChillModeStatus, this ReplicationTimer Class will listen to that event, and wait for a configurable time, and then emit replicationEnabled.

 

The current code, when we are out of chill mode, we set replication enabled.",,,7,1,0,226968.4503,0,0,0,0,0,0,2
HDDS-1198,Improvement,HDDS,2019-03-01 00:40:55.651,2019-08-05 14:13:27.671,arpitagarwal,Major,Rename chill mode to safe mode,"Let's go back to calling it safe mode. HDFS admins already understand what it means.

 ",,,19,0,0,226892.53366666666,0,0,0,0,0,0,0
HDDS-1205,Improvement,HDDS,2019-03-01 06:50:41.202,2019-08-05 14:13:27.671,nandakumar131,Major,Refactor ReplicationManager to handle QUASI_CLOSED containers,"This Jira is for refactoring the ReplicationManager code to handle all the scenarios that are possible with the introduction of QUASI_CLOSED state of a container.

The new ReplicationManager will go through the complete set of containers in SCM to find out under/over replicated and unhealthy containers and takes appropriate action.",,,17,2,0,226522.77448333334,0,0,0,0,0,0,0
HDDS-1207,Improvement,HDDS,2019-03-01 10:49:45.006,2019-08-05 14:13:27.671,nandakumar131,Major,Refactor Container Report Processing logic and plugin new Replication Manager,"HDDS-1205 brings in new ReplicationManager, this Jira is to refactor ContainerReportProcessing logic in SCM so that it complements ReplicationManager and plugin the new ReplicationManager code. ",,,1,2,0,226283.71108333333,0,0,0,0,0,0,1
HDDS-1217,Improvement,HDDS,2019-03-04 22:29:36.223,2019-08-05 14:13:27.671,bharatviswa,Major,Refactor ChillMode rules and chillmode manager,"# Make the chillmodeExitRule abstract class and move common logic for all rules into this.
 # Update test's for chill mode accordingly.",,,2,0,0,221263.85746666667,0,0,0,0,0,0,4
HDDS-1224,Improvement,HDDS,2019-03-05 17:22:37.234,2019-08-05 14:13:27.671,shashikant,Major,Restructure code to validate the response from server in the Read path,"In the read path, the validation of the response while reading the data from the datanodes happen in XceiverClientGrpc as well as additional  Checksum verification happens in Ozone client to verify the read chunk response. The aim of this Jira is to modify the function call to take a validator function as a part of reading data so all validation can happen in a single unified place.",,,4,0,0,220130.84061666668,0,0,0,0,0,0,0
HDDS-1231,Improvement,HDDS,2019-03-06 23:55:08.705,2019-08-05 14:13:27.671,bharatviswa,Major,Add ChillMode metrics,"This Jira is to add few of the chill mode metrics:
 # NumberofHealthyPipelinesThreshold
 # currentHealthyPipelinesCount
 # NumberofPipelinesWithAtleastOneReplicaThreshold
 # CurrentPipelinesWithAtleastOneReplicaCount
 # ChillModeContainerWithOneReplicaReportedCutoff
 # CurrentContainerCutoff

 ",,,2,0,0,218298.3161,0,0,0,0,0,0,5
HDDS-1247,Improvement,HDDS,2019-03-11 09:36:32.340,2019-08-05 14:13:27.671,elek,Major,Bump trunk ozone version to 0.5.0,"ozone-0.4 branch is working, we need to update the trunk version.",,,1,0,0,211956.92218333334,0,0,0,0,0,0,9
HDDS-1285,Improvement,HDDS,2019-03-14 16:36:02.755,2019-08-05 14:13:27.671,bharatviswa,Major,Implement actions need to be taken after chill mode exit wait time,"# Destroy and close the pipelines
 # Close all the containers on the pipeline.
 # trigger for pipeline creation",,,2,0,0,207217.41526666665,0,0,0,0,0,0,8
HDDS-1350,Improvement,HDDS,2019-03-28 17:00:07.108,2019-08-05 14:13:27.671,xyao,Minor,Fix checkstyle issue in TestDatanodeStateMachine,"The following tests are FAILED:
 
[checkstyle]: checkstyle check is failed ([https://ci.anzix.net/job/ozone-nightly/44/checkstyle/])",,,2,0,0,187033.34271666667,0,0,0,0,0,0,4
HDDS-1353,Improvement,HDDS,2019-03-29 11:40:32.322,2019-08-05 14:13:27.671,nandakumar131,Minor,Metrics scm_pipeline_metrics_num_pipeline_creation_failed keeps increasing because of BackgroundPipelineCreator,"There is a {{BackgroundPipelineCreator}} thread in SCM which runs in a fixed interval and tries to create pipelines. This BackgroundPipelineCreator uses {{IOException}} as exit criteria (no more pipelines can be created). In each run of BackgroundPipelineCreator we exit when we are not able to create any more pipelines, i.e. when we get IOException while trying to create the pipeline. This means that {{scm_pipeline_metrics_num_pipeline_creation_failed}} value will get incremented in each run of BackgroundPipelineCreator.",,,3,0,0,185912.92248333333,0,0,0,0,0,0,2
HDDS-1368,Improvement,HDDS,2019-04-02 11:22:18.405,2019-08-05 14:13:27.671,nandakumar131,Major,Cleanup old ReplicationManager code from SCM,"HDDS-1205 brings in new ReplicationManager and HDDS-1207 plugs in the new code, this jira is for removing the old ReplicationManager and related code.",,,1,0,0,180171.15443333334,0,0,0,0,0,0,3
HDDS-1388,Improvement,HDDS,2019-04-04 17:38:43.716,2019-08-05 14:13:27.671,msingh,Major,Add a shell script to run MiniOzoneChaosCluster using mvn exec,This jira adds a shell script to run MiniOzoneChaosCluster,,,2,0,0,176914.73258333333,0,0,0,0,0,0,0
HDDS-1402,Improvement,HDDS,2019-04-08 16:27:50.900,2019-08-05 14:13:27.671,elek,Major,Remove unused ScmBlockLocationProtocol from ObjectStoreHandler,"When I analyzed the usages of the available RPC protocols in Ozone I found that the ScmBlockLocationProtocol is not used in ObjectStore at all.

I would propose to remove it...",,,1,0,0,171225.61285,0,0,0,0,0,0,10
HDDS-1406,Improvement,HDDS,2019-04-09 19:38:00.143,2019-08-05 14:13:27.671,bharatviswa,Major,Avoid usage of commonPool in RatisPipelineUtils,"We use parallelStream in during createPipline, this internally uses commonPool. Use Our own ForkJoinPool with parallelisim set with number of processors.",,,1,0,0,169595.45880000002,0,0,0,0,0,0,12
HDDS-1411,Test,HDDS,2019-04-10 12:50:53.589,2019-08-05 14:13:27.671,nandakumar131,Major,Add unit test to check if SCM correctly sends close commands for containers in closing state after a restart,"When the container is in CLOSING state, SCM keeps sending close command to the datanode until the container is either moved to QUASI_CLOSED or CLOSED state. The frequency in which the close command is sent by SCM depends on the property {{hdds.scm.replication.thread.interval}}. 

We have to add a test case to verify whether SCM is sending close commands for containers in the closing state even after a restart.",,,3,0,0,168562.56803333334,0,0,0,0,0,0,4
HDDS-1442,New Feature,HDDS,2019-04-17 04:27:44.987,2019-08-05 14:13:27.671,ajayydv,Major,add spark container to ozonesecure-mr compose files,add spark container to ozonesecure-mr compose files,,,1,0,0,158985.7114,0,0,0,0,0,0,5
HDDS-1458,Test,HDDS,2019-04-23 20:58:43.438,2019-08-05 14:13:27.671,eyang,Major,Create a maven profile to run fault injection tests,"Some fault injection tests have been written using blockade.  It would be nice to have ability to start docker compose and exercise the blockade test cases against Ozone docker containers, and generate reports.  This is optional integration tests to catch race conditions and fault tolerance defects. 

We can introduce a profile with id: it (short for integration tests).  This will launch docker compose via maven-exec-plugin and run blockade to simulate container failures and timeout.

Usage command:
{code}
mvn clean verify -Pit
{code}",,,104,0,0,149354.73721666666,0,0,0,0,0,0,0
HDDS-1474,Task,HDDS,2019-04-26 22:53:17.002,2019-08-05 14:13:27.671,vivekratnavel,Minor,"""ozone.scm.datanode.id"" config should take path for a dir and not a file","Currently, the ozone config ""ozone.scm.datanode.id"" takes file path as its value. It should instead take dir path as its value and assume a standard filename ""datanode.id""",,,5,1,0,144920.17781666666,0,0,0,0,0,0,1
HDDS-1482,Improvement,HDDS,2019-05-01 17:53:11.997,2019-08-05 14:13:27.671,bharatviswa,Major,Use strongly typed codec implementations for the S3Table,"HDDS-864 added the implementation for Strongly typed codec implementation for the tables of OmMetadataManager.

 

Tables which are added as part of S3 Implementation are not using this. This Jira is address to this.",,,1,0,0,138020.26123333332,0,0,0,0,0,0,13
HDDS-1483,Improvement,HDDS,2019-05-01 20:21:40.420,2019-08-05 14:13:27.671,bharatviswa,Minor,Fix getMultipartKey javadoc,"{code:java}
/**
<<<<<<< HEAD
 * Returns the DB key name of a multipart upload key in OM metadata store.
 *
 * @param volume - volume name
 * @param bucket - bucket name
 * @param key - key name
 * @param uploadId - the upload id for this key
 * @return bytes of DB key.
 */
 String getMultipartKey(String volume, String bucket, String key, String
 uploadId);{code}
 

Remove *<<<<<<< HEAD* unwanted change.",,,3,0,0,137871.78751666666,0,0,0,0,0,0,14
HDDS-1496,Improvement,HDDS,2019-05-07 04:04:42.637,2019-08-05 14:13:27.671,hanishakoneru,Major,Support partial chunk reads and checksum verification,"BlockInputStream#readChunkFromContainer() reads the whole chunk from disk even if we need to read only a part of the chunk.
This Jira aims to improve readChunkFromContainer so that only that part of the chunk file is read which is needed by client plus the part of chunk file which is required to verify the checksum.



For example, lets say the client is reading from index 120 to 450 in the chunk. And let's say checksum is stored for every 100 bytes in the chunk i.e. the first checksum is for bytes from index 0 to 99, the next for bytes from index 100 to 199 and so on. To verify bytes from 120 to 450, we would need to read from bytes 100 to 499 so that checksum verification can be done.",,,1,1,0,130208.75056666667,0,0,0,0,0,0,3
HDDS-1500,Improvement,HDDS,2019-05-07 17:58:08.149,2019-08-05 14:13:27.671,avijayan,Major,Allocate block failures in client should print exception trace.,"The following error is seen intermittently in the Ozone client logs while writing large keys. We need to log the entire exception trace to find out more about the failure.

{code}
19/04/22 10:13:32 ERROR io.KeyOutputStream: Try to allocate more blocks for write failed, already allocated 0 blocks for this write.
{code}",,,2,0,0,129375.32536666667,0,0,0,0,0,0,6
HDDS-1511,Improvement,HDDS,2019-05-09 15:19:56.852,2019-08-05 14:13:27.671,sdeka,Major,Space tracking for Open Containers in HDDS Volumes,"For every HDDS Volume, track the space usage in open containers. Introduce a counter committedBytes in HddsVolume - this counts the remaining space in Open containers until they reach max capacity. The counter is incremented (by container max capacity) for every container create. And decremented (by chunk size) for every chunk write.

Space tracking for open containers will enable adding a safety check during container create.
If there is not sufficient free space in the volume, the container create operation can be failed.

The scope of this jira is to just add the space tracking for Open Containers. Checking for space and failing container create will be introduced in a subsequent jira.
",,,10,0,0,126653.51365000001,0,0,0,0,0,0,0
HDDS-1516,Improvement,HDDS,2019-05-10 08:43:21.149,2019-08-05 14:13:27.671,elek,Major,Move ozone-build container definition from dev-support and publish dedicated image,"hadoop-ozone/dev-support/docker/Dockerfile directory contains a docker container definition to provide a generic build environment for ozone builds.

This container (or more preciously the improved version of this container) is used to run all the build commands inside the container on Jenkins. 

As of now it's uploaded as elek/ozone-build and works well (all github PR check builds are executed in this container).

I propose to move it to the hadoop-docker-ozone repo and publish an apache/ozone-buildenv docker image from it.

Note: there are two interesting tricks in the Dockerfile:

1.) a lot of users are created (from id=1 to id=4000)

Reason: the kerberized unit tests require real user. Jenkins uses the same uid inside the container as outside based on the number ( eg. -u 1000 flat) even if there is no real user created. And we can't predict what is the uid for the build process (in my jenkins it's 1000(elek) in builds.apache.org it's something between 400 and 500 (as I remember)).

./start-build-env.sh follows an approach to create a docker image on-demand (with only the required user). While it works well, I realized that the image creation is not cached very well on the jenkins and it may take >10 minutes for each build.

2.) The other question is the used maven repository. We prefer to separated the local maven repositories for parallel builds to avoid any conflict (If one build the the mvn install the other build may use that jar from the local maven repository). Docker can guarantee a strong separation but it also means that we need to download about 1GB files for each build (which is also very time consuming).

Earlier we started to use an approach to cache all the 3rd party jar files in the docker image itself.

As a result we will have a huge buildenv image (1-2G) but the image download is faster. Docker image can be downloaded as a few huge files and we don't need to download thousands of jar files one-by-one. The huge docker image also can be cached on the build machine without any risk.

With this approach we reduced the 10-20 minutes of the build time to 2-3 minutes. ",,,3,0,0,125610.1087,0,0,0,0,0,0,15
HDDS-1522,Task,HDDS,2019-05-13 16:24:42.724,2019-08-05 14:13:27.671,elek,Major,Provide intellij runConfiguration for Ozone components,"Sometimes I need to start ozone cluster from intellij to debug issues. It's possible but it requires to create many runConfiguration object inside my IDE.

I propose here to share the intellij specific runtimeConfigs to make it easy for anybody (who uses intellij) to run full ozone cluster from the IDE (1 datanode only).",,,2,0,0,120828.74911666666,0,0,0,0,0,0,16
HDDS-1533,Improvement,HDDS,2019-05-15 09:13:36.182,2019-08-05 14:13:27.671,sdeka,Major,JVM exit on TestHddsDatanodeService,"JVM exits when running TestHddsDatanodeService
https://builds.apache.org/job/hadoop-multibranch/job/PR-812/3/artifact/out/patch-unit-hadoop-hdds.txt

test encounters same failure on trunk without my patch for HDDS-1511


",,,1,0,0,118379.85815,0,0,0,0,0,0,1
HDDS-1535,Improvement,HDDS,2019-05-15 10:53:25.079,2019-08-05 14:13:27.671,sdeka,Major,Space tracking for Open Containers : Handle Node Startup,"This is related to HDDS-1511

Space tracking for Open Containers (committed space in the volume) relies on usedBytes in the Container state. usedBytes is not persisted for every update (chunkWrite). So on a node restart the value is stale.

The proposal is to:
iterate the block DB for each open container during startup and compute the used space.
The block DB process will be accelerated by spawning executors for each container.
This process will be carried out as part of building the container set during startup.
",,,2,0,0,118280.0432,0,0,0,0,0,0,2
HDDS-1536,Improvement,HDDS,2019-05-15 15:48:35.666,2019-08-05 14:13:27.671,msingh,Major,testSCMSafeModeRestrictedOp is failing consistently,"The test is failing with the following stack trace.
{code}
[ERROR] testSCMSafeModeRestrictedOp(org.apache.hadoop.ozone.om.TestScmSafeMode)  Time elapsed: 9.79 s  <<< FAILURE!
java.lang.AssertionError
	at org.junit.Assert.fail(Assert.java:86)
	at org.junit.Assert.assertTrue(Assert.java:41)
	at org.junit.Assert.assertFalse(Assert.java:64)
	at org.junit.Assert.assertFalse(Assert.java:74)
	at org.apache.hadoop.ozone.om.TestScmSafeMode.testSCMSafeModeRestrictedOp(TestScmSafeMode.java:304)
	at sun.reflect.NativeMethodAccessorImpl.invoke0(Native Method)
	at sun.reflect.NativeMethodAccessorImpl.invoke(NativeMethodAccessorImpl.java:62)
	at sun.reflect.DelegatingMethodAccessorImpl.invoke(DelegatingMethodAccessorImpl.java:43)
	at java.lang.reflect.Method.invoke(Method.java:498)
	at org.junit.runners.model.FrameworkMethod$1.runReflectiveCall(FrameworkMethod.java:47)
	at org.junit.internal.runners.model.ReflectiveCallable.run(ReflectiveCallable.java:12)
	at org.junit.runners.model.FrameworkMethod.invokeExplosively(FrameworkMethod.java:44)
	at org.junit.internal.runners.statements.InvokeMethod.evaluate(InvokeMethod.java:17)
	at org.junit.internal.runners.statements.FailOnTimeout$StatementThread.run(FailOnTimeout.java:74)
{code}",,,2,0,0,117984.86675,0,0,0,0,0,0,1
HDDS-1538,Sub-task,HDDS,2019-05-15 17:36:00.660,2019-08-05 14:13:27.671,ajayydv,Major,Update ozone protobuf message for ACLs,Update ozone protobuf message for ACLs,,,2,0,0,117877.45018333333,0,0,0,0,0,0,6
HDDS-1539,Sub-task,HDDS,2019-05-15 17:36:21.901,2019-08-05 14:13:27.671,ajayydv,Major,"Implement addAcl,removeAcl,setAcl,getAcl for Volume","Implement addAcl,removeAcl,setAcl,getAcl for Volume",,,2,0,0,117877.09616666666,0,0,0,0,0,0,7
HDDS-1540,Sub-task,HDDS,2019-05-15 17:36:33.642,2019-08-05 14:13:27.671,ajayydv,Major,"Implement addAcl,removeAcl,setAcl,getAcl  for Bucket","Implement addAcl,removeAcl,setAcl,getAcl  for Bucket",,,1,0,0,117876.90048333333,0,0,0,0,0,0,8
HDDS-1541,Sub-task,HDDS,2019-05-15 17:36:47.783,2019-08-05 14:13:27.671,ajayydv,Major,"Implement addAcl,removeAcl,setAcl,getAcl  for Key","Implement addAcl,removeAcl,setAcl,getAcl  for Key",,,2,0,0,117876.6648,0,0,0,0,0,0,9
HDDS-1542,Sub-task,HDDS,2019-05-15 17:37:03.155,2019-08-05 14:13:27.671,ajayydv,Major,Create Radix tree to support ozone prefix ACLs ,Create Radix tree to support ozone prefix ACLs.,,,2,2,0,117876.4086,0,0,0,0,0,0,10
HDDS-1543,Sub-task,HDDS,2019-05-15 17:37:18.184,2019-08-05 14:13:27.671,ajayydv,Major,"Implement addAcl,removeAcl,setAcl,getAcl  for Prefix","Implement addAcl,removeAcl,setAcl,getAcl  for Prefix",,,2,0,0,117876.15811666666,0,0,0,0,0,0,11
HDDS-1544,Sub-task,HDDS,2019-05-15 17:37:32.697,2019-08-05 14:13:27.671,ajayydv,Major,"Support default Acls for volume, bucket, keys and prefix","Add dAcls for volume, bucket, keys and prefix",,,6,1,0,117875.91623333334,0,0,0,0,0,0,12
HDDS-1545,Sub-task,HDDS,2019-05-15 17:37:45.807,2019-08-05 14:13:27.671,ajayydv,Major,"Cli to add,remove,get and delete acls for Ozone objects","Update Ozone Cli to add,remove,get and delete acls for Ozone objects",,,2,1,0,117875.69773333333,0,0,0,0,0,0,13
HDDS-1559,Improvement,HDDS,2019-05-20 03:30:13.301,2019-08-05 14:13:27.671,sdeka,Major,Include committedBytes to determine Out of Space in VolumeChoosingPolicy,"This is a follow-up from HDDS-1511 and HDDS-1535

Currently  when creating a new Container, the DN invokes RoundRobinVolumeChoosingPolicy:chooseVolume(). This routine checks for (volume available space > container max size). If no eligible volume is found, the policy throws a DiskOutOfSpaceException. This is the current behaviour.

However, the computation of available space does not take into consideration the space
that is going to be consumed by writes to existing containers which are still Open and accepting chunk writes.

This Jira proposes to enhance the space availability check in chooseVolume by inclusion of committed space(committedBytes in HddsVolume) in the equation.

The handling/management of the exception in Ratis will not be modified in this Jira. That will be scoped separately as part of Datanode IO Failure handling work.",,,3,0,0,111523.2395,0,0,0,0,0,0,3
HDDS-1568,Improvement,HDDS,2019-05-21 20:41:48.544,2019-08-05 14:13:27.671,swagle,Major,Add RocksDB metrics to OM,"RocksDB statistics need to sinked to hadoop-metrics2 for Ozone Manager to understand how OM behaves under heavy load.
Example: ""rocksdb.bytes.written""

https://github.com/facebook/rocksdb/wiki/Statistics

",,,4,0,0,109051.65211666668,0,0,0,0,0,0,0
HDDS-1578,Task,HDDS,2019-05-21 22:28:04.221,2019-08-05 14:13:27.671,vivekratnavel,Major,Add libstdc++ to ozone build docker image,"libstdc++ is required for node install in alpine builds. Otherwise we get this error:


{code:java}
[ERROR] node: error while loading shared libraries: libstdc++.so.6: cannot open shared object file: No such file or directory{code}",,,4,0,0,108945.39083333334,0,0,0,0,0,0,3
HDDS-1585,Task,HDDS,2019-05-22 21:49:19.585,2019-08-05 14:13:27.671,vivekratnavel,Blocker,Add LICENSE.txt and NOTICE.txt to Ozone Recon Web,,,,2,0,0,107544.13476666667,0,0,0,0,0,0,4
HDDS-1599,Task,HDDS,2019-05-27 17:24:56.599,2019-08-05 14:13:27.671,bharatviswa,Major,Fix TestReplicationManager and checkstyle issues.,"When working on HDDS-1551, found some test failures which are not related to HDDS-1551.

This is caused by HDDS-700. 

 

This has not caught by Jenkins run because our Jenkins run does not run UT's for all the sub-modules. In this case, it should have run UT's for hadoop-hdds-server-scm, as there are some changes in src/test files in that module, but still, it has not run for it. I think Jenkins run for ozone project is not properly setup.

[https://ci.anzix.net/job/ozone/16895/testReport/]

 ",,,1,0,0,100608.51786666666,0,0,0,0,0,0,19
HDDS-1602,Task,HDDS,2019-05-27 23:00:34.086,2019-08-05 14:13:27.671,bharatviswa,Major,Fix TestContainerPersistence#testDeleteBlockTwice,[https://ci.anzix.net/job/ozone/16899/testReport/org.apache.hadoop.ozone.container.common.impl/TestContainerPersistence/testDeleteBlockTwice/],,,1,0,0,100272.89308333333,0,0,0,0,0,0,22
HDDS-1607,Improvement,HDDS,2019-05-29 11:45:45.012,2019-08-05 14:13:27.671,elek,Major,Create smoketest for non-secure mapreduce example,"We had multiple problems earlier with the classpath separation and the internal ozonefs classloader. Before fixing all the issues I propose to create a smoketest to detect if the classpath separation is broken again .

As a first step I created an smoketest/ozone-mr environment (based on the  work of [~xyao], which is secure) and a smoketest 

Possible follow-up works:

 * Adapt the test.sh for the ozonesecure-mr
 * Include test runs with older hadoop versions ",,,2,0,0,98067.71098333334,0,0,0,0,0,0,17
HDDS-1608,Sub-task,HDDS,2019-05-29 16:43:14.991,2019-08-05 14:13:27.671,xyao,Major,Support Ozone Prefix ACLs in OM metadata table,,,,2,2,0,97770.21133333333,0,0,0,0,0,0,5
HDDS-1611,Sub-task,HDDS,2019-05-29 19:17:13.851,2019-08-05 14:13:27.671,xyao,Major,Evaluate ACL on volume bucket key and prefix to authorize access ,,,,6,1,0,97616.23033333334,0,0,0,0,0,0,6
HDDS-1622,Improvement,HDDS,2019-05-31 15:50:12.675,2019-08-05 14:13:27.671,elek,Major,Use picocli for StorageContainerManager,"Recently we switched to use PicoCli with (almost) all of our daemons (eg. s3 Gateway, Freon, etc.)

PicoCli has better output, it can generate nice help, and easier to use as it's enough to put a few annotations and we don't need to add all the boilerplate code to print out help, etc.

StorageContainerManager and OzoneManager is not yet  supported. The previous issue was closed HDDS-453 but since then we improved the GenericCli parser (eg. in HDDS-1192), so I think we are ready to move.

The main idea is to create a starter java similar to org.apache.hadoop.ozone.s3.Gateway and we can start StorageContainerManager from there.


 ",,,2,0,0,94943.24993333334,0,0,0,0,0,0,18
HDDS-1627,Improvement,HDDS,2019-06-03 05:54:45.557,2019-08-05 14:13:27.671,elek,Major,Make the version of the used hadoop-runner configurable,"During an offline discussion with [~arp] and [~eyang] we agreed that it could be more safe to fix the tag of the used hadoop-runner images during the releases.

It also requires fix tags from hadoop-runner, but after that it's possible to use the fixed tags.

This patch makes it possible to define the required version/tag in pom.xml

 1. the default hadoop-runner.version is added to all .env files  during the build
 2. If a variable is added to the .env, it can be used from docker-compose files AND can be overridden by environment variables (it makes it possible to define custom version during a local run) ",,,2,0,0,91218.7019,0,0,0,0,0,0,19
HDDS-1629,Improvement,HDDS,2019-06-03 06:27:34.154,2019-08-05 14:13:27.671,elek,Major,Tar file creation can be optional for non-dist builds,"Ozone tar file creation is a very time consuming step. I propose to make it optional and create the tar file only if the dist profile is enabled (-Pdist)

The tar file is not required to test ozone as the same content is available from hadoop-ozone/dist/target/ozone-0.5.0-SNAPSHOT which is enough to run docker-compose pseudo clusters, smoketests. 

If it's required, the tar file creation can be requested by the dist profile.
 
On my machine (ssd based) it can cause 5-10% time improvements as the tar size is ~500MB and it requires a lot of IO.",,,2,0,0,91185.89195,0,0,0,0,0,0,20
HDDS-1630,Improvement,HDDS,2019-06-03 08:00:53.743,2019-08-05 14:13:27.671,elek,Major,Copy default configuration files to the writeable directory,"HDDS-1518 separates the read-only directories (/opt/ozone, /opt/hadoop) from the read-write directories (/etc/hadoop, /var/log/hadoop). 

The configuration directory and log directory should be writeable and to make it easier to run the docker-compose based pseudo clusters with *different* host uid we started to use different config dir.

But we need all the defaults in the configuration dir. In this patch I add a small fragments to the hadoop-runner image to copy the default files (if available).",,,1,0,0,91092.56546666667,0,0,0,0,0,0,21
HDDS-1631,Improvement,HDDS,2019-06-03 08:04:59.753,2019-08-05 14:13:27.671,elek,Major,Fix auditparser smoketests,"In HDDS-1518 we modified the location of the var and config files inside the container.

There are three problems with the current auditparser smokest:

 1. The default audit log4j files are not part of the new config directory (fixed with HDDS-1630)
 2. The smoketest is executed in scm container instead of om
 3. The log directory is hard coded

The 2 and 3 will be fined in this patch. ",,,2,0,0,91088.4653,0,0,0,0,0,0,22
HDDS-1632,Improvement,HDDS,2019-06-03 08:19:45.807,2019-08-05 14:13:27.671,elek,Trivial,Make the hadoop home world readable and avoid sudo in hadoop-runner,"[~eyang] reporeted in HDDS-1609 that the hadoop-runner image can be started *without* mounting a real hadoop (usually, it's ounted) AND using a different uid:

{code}
docker run -it  -u $(id -u):$(id -g) apache/hadoop-runner bash
docker: Error response from daemon: OCI runtime create failed: container_linux.go:345: starting container process caused ""chdir to cwd (\""/opt/hadoop\"") set in config.json failed: permission denied"": unknown.
{code}

There are two blocking problems here:

 * the /opt/hadoop directory (which is the CWD inside the container) is 700 instead of 755
 * The usage of sudo in started scripts (sudo is not possible if the real user is not added to the /etc/passwd)

Both of them are addressed by this patch.",,,2,1,0,91073.69773333333,0,0,0,0,0,0,23
HDDS-1633,Improvement,HDDS,2019-06-03 08:29:19.626,2019-08-05 14:13:27.671,elek,Major,Update rat from 0.12 to 0.13 in hadoop-runner build script,"We have a new rat, the old one is not available. The url should be updated.",,,1,0,0,91064.13408333334,0,0,0,0,0,0,24
HDDS-1634,Improvement,HDDS,2019-06-03 10:43:05.440,2019-08-05 14:13:27.671,elek,Major,Introduce a new ozone specific runner image,"Ozone compose files use apache/hadoop-runner to provide a fixed environment to run any Ozone distribution.

 It can be better to use separated hadoop-runner and ozone-runner:

 1. To make it easier to include Ozone specific behaviour (For example goofys install, scm/om initialization)
 2. To make it clean which feature is required by all the subprojects of Hadoop and which one is Ozone specific (base on the comment from [~eyang] in HADOOP-16092)
 3. for hadoop-runner we maintain two tags (jdk11/jdk8/latest). And it seems to be hard to maintain all of them. jdk8 is required only for hadoop and with separating hadoop-runner/ozone-runner we can use only one simple branch for ozone-runner development (and we can create incremental fixed tags very easily)",,,2,0,0,90930.37051666666,0,0,0,0,0,0,25
HDDS-1635,Improvement,HDDS,2019-06-03 11:10:51.223,2019-08-05 14:13:27.671,elek,Major,Maintain docker entrypoint and envtoconf inside ozone project,"During an offline discussion with [~eyang] and [~arp], Eric suggested to maintain the source of the docker specific start images inside the main ozone branch (trunk) instead of the branch of the docker image.

With this approach the ozone-runner image can be a very lightweight image and the entrypoint logic can be versioned together with the ozone itself.

An other use case is a container creation script. Recently we [documented|https://cwiki.apache.org/confluence/display/HADOOP/Ozone+Docker+images] that hadoop-runner/ozone-runner/ozone images are not for production (for example because they contain development tools).

We can create a helper tool (similar what Spark provides) to create Ozone container images from any production ready base image. But this tool requires the existence of the scripts inside the distribution.

(ps: I think sooner or later the functionality of envtoconf.py can be added to the OzoneConfiguration java class and we can parse the configuration values directly from environment variables.

In this patch I copied the required scripts to the ozone source tree and the new ozone-runner image (HDDS-1634) is designed to use it from this specific location.
",,,2,0,0,90902.60746666667,0,0,0,0,0,0,26
HDDS-1639,Improvement,HDDS,2019-06-04 08:41:54.294,2019-08-05 14:13:27.671,elek,Blocker,Restructure documentation pages for better understanding,"Documentation page should be updated according to the recent changes:

In the uploaded PR I modified the following:

 #  Pages are restructured to use a similar structure what is intruced on the wiki by [~anu]. (Getting started guides are separated for different environments)
 # The width of the menu is increased (to make it more readable)
 # The logo is moved from the main page from the menu (to get more space for the menu items)
 # 'Requirements' section is added to each 'Getting started' page
 # Test tools / docker image / kubernetes pages are imported from the wiki. ",,,1,0,0,89611.55628333334,0,0,0,0,0,0,27
HDDS-1640,Improvement,HDDS,2019-06-04 09:37:36.996,2019-08-05 14:13:27.671,elek,Major,Reduce the size of recon jar file,"hadoop-ozone-recon-0.5.0-SNAPSHOT.jar is 73 MB, mainly because the node_modules are included (full typescript source, eslint, babel, etc.):

{code}
unzip -l hadoop-ozone-recon-0.5.0-SNAPSHOT.jar | grep node_modules | wc
{code}

Fix me if I am wrong, but I think node_modules is not required in the distribution as the dependencies are already included in the compiled javascript files.

I propose to remove the node_modules from the jar file.
",,,1,1,0,89555.84458333332,0,0,0,0,0,0,28
HDDS-1645,Improvement,HDDS,2019-06-05 09:27:37.748,2019-08-05 14:13:27.671,sodonnell,Major,Change the version of Pico CLI to the latest 3.x release - 3.9.6,"The version of Pico CLI used in the project is 3.5.2. The current stable release is 3.9.6 and it supports some good new features, such as being able to create sub-commands as methods rather than standalone classes.

We should increase the Pico CLI version in the project pom.xml to 3.9.6 to take advantage of these new features as the CLI code is refactored to use Pico CLI, such as in HDDS-1622.",,,2,0,0,88125.83205000001,0,0,0,0,0,0,0
HDDS-1655,Improvement,HDDS,2019-06-06 18:49:33.081,2019-08-05 14:13:27.671,shwetayakkali,Trivial,Redundant toString() call for metaDataPath in KeyValueContainerCheck,"Redundant toString() call for variable metadataPath at: 

https://github.com/apache/hadoop/blob/trunk/hadoop-hdds/container-service/src/main/java/org/apache/hadoop/ozone/container/keyvalue/KeyValueContainerCheck.java#L284

",,,1,0,0,86123.90983333332,0,0,0,0,0,0,1
HDDS-1672,Improvement,HDDS,2019-06-12 05:52:03.088,2019-08-05 14:13:27.671,bharatviswa,Major,Improve locking in OzoneManager,"In this Jira, we shall follow the new lock ordering. In this way, in volume requests we can solve the issue of acquire/release/reacquire problem. And few bugs in the current implementation of S3Bucket/Volume operations.

 

Currently after acquiring volume lock, we cannot acquire user lock. 

This is causing an issue in Volume request implementation, acquire/release/reacquire volume lock.

 

Case of Delete Volume Request: 
 # Acquire volume lock.
 # Get Volume Info from DB
 # Release Volume lock. (We are releasing the lock, because while acquiring volume lock, we cannot acquire user lock0
 # Get owner from volume Info read from DB
 # Acquire owner lock
 # Acquire volume lock
 # Do delete logic
 # release volume lock
 # release user lock

 

We can avoid this acquire/release/reacquire lock issue by making volume lock as low weight. 

 

In this way, the above deleteVolume request will change as below
 # Acquire volume lock
 # Get Volume Info from DB
 # Get owner from volume Info read from DB
 # Acquire owner lock
 # Do delete logic
 # release owner lock
 # release volume lock. 

Same issue is seen with SetOwner for Volume request also.

During HDDS-1620 [~arp] brought up this issue. 

I am proposing the above solution to solve this issue. Any other idea/suggestions are welcome.

This also resolves a bug in setOwner for Volume request.",,,5,2,0,78261.40971666666,0,0,0,0,0,0,26
HDDS-1691,Improvement,HDDS,2019-06-16 16:54:06.619,2019-08-05 14:13:27.671,msingh,Major,RDBTable#isExist should use Rocksdb#keyMayExist,"RDBTable#isExist can use Rocksdb#keyMayExist, this avoids the cost of reading the value for the key.

Please refer, 
https://github.com/facebook/rocksdb/blob/7a8d7358bb40b13a06c2c6adc62e80295d89ed05/java/src/main/java/org/rocksdb/RocksDB.java#L2184",,,1,0,0,71839.35086666667,0,0,0,0,0,0,2
HDDS-1692,Improvement,HDDS,2019-06-16 16:59:06.163,2019-08-05 14:13:27.671,msingh,Major,RDBTable#iterator should disabled caching of the keys during iterator,"Iterator normally do a bulk load of the keys, this causes thrashing of the actual keys in the DB.

This option is documented here:-
https://github.com/facebook/rocksdb/wiki/Basic-Operations#cache",,,1,0,0,71834.35846666667,0,0,0,0,0,0,3
HDDS-1698,Improvement,HDDS,2019-06-17 17:40:13.586,2019-08-05 14:13:27.671,elek,Critical,Switch to use apache/ozone-runner in the compose/Dockerfile,"Since HDDS-1634 we have an ozone specific runner image to run ozone with docker-compose based pseudo clusters.

As the new apache/ozone-runner image is uploaded to the dockerhub we can switch our scripts and use the new image.",,,1,0,0,70353.23475,0,0,0,0,0,0,32
HDDS-1702,Task,HDDS,2019-06-17 20:48:38.894,2019-08-05 14:13:27.671,vivekratnavel,Major,Optimize Ozone Recon build time ,"Currently, hadoop-ozone-recon node_modules folder is copied to target folder and this takes a lot of time while building hadoop-ozone project. Reduce the build time by excluding node_modules folder.",,,2,0,0,70164.81294999999,0,0,0,0,0,0,7
HDDS-1710,Improvement,HDDS,2019-06-20 08:27:24.294,2019-08-05 14:13:27.671,elek,Major,Publish JVM metrics via Hadoop metrics,"In ozone metrics can be published with the help of hadoop metrics (for example via PrometheusMetricsSink)

The basic jvm metrics are not published by the metrics system (just with JMX)

I am very interested about the basic JVM metrics (gc count, heap memory usage) to identify possible problems in the test environment.

Fortunately it's very easy to turn it on with the help of org.apache.hadoop.metrics2.source.JvmMetrics.",,,4,0,0,66586.05628333332,0,0,0,0,0,0,33
HDDS-1718,Task,HDDS,2019-06-21 19:01:31.541,2019-08-05 14:13:27.671,avijayan,Critical,Increase Ratis Leader election timeout default,"While testing out ozone with long running clients which continuously write data, it was noted that whenever a 1 second GC pause occurs in the leader, it triggers a leader election thereby disturbing the steady state of the system for more time than the GC pause delay.  ",,,3,2,0,64511.9355,0,0,0,0,0,0,7
HDDS-1719,Task,HDDS,2019-06-21 19:02:23.531,2019-08-05 14:13:27.671,avijayan,Major,Increase ratis log segment size to 1MB.,"While testing out ozone with long running clients which continuously write data, it was noted ratis logs were rolled 1-2 times every second. This adds unnecessary overhead to the pipeline thereby affecting write throughput. Increasing the size of the log segment to 1MB will decrease the overhead.",,,2,0,0,64511.069,0,0,0,0,0,0,8
HDDS-1723,Sub-task,HDDS,2019-06-22 00:05:04.866,2019-08-05 14:13:27.671,bharatviswa,Major,Create new OzoneManagerLock class,"This Jira is to use bit manipulation, instead of hashmap in OzoneManager lock logic. And also this Jira follows the locking order based on the document attached to HDDS-1672 jira.

This Jira is created based on [~anu] comment during review of HDDS-1672.

Not a suggestion for this patch. But more of a question, should we just maintain a bitset here, and just flip that bit up and down to see if the lock is held. Or we can just maintain 32 bit integer, and we can easily find if a lock is held by Xoring with the correct mask. I feel that might be super efficient. [@nandakumar131|https://github.com/nandakumar131] . But as I said let us not do that in this patch.

 

This Jira will add new class, integration of this new class into code will be done in a new jira. 

Clean up of old code also will be done in new jira.",,,2,0,0,64208.38008333334,0,0,0,0,0,0,27
HDDS-1727,Sub-task,HDDS,2019-06-25 19:19:37.367,2019-08-05 14:13:27.671,bharatviswa,Major,Use generation of resourceName for locks in OzoneManagerLock,"In this Jira, we shall use generate Resourcename from actual resource names like volume/bucket/user/key inside OzoneManagerLock. In this way, users using these locking API's no need to worry of calling these additional API of generateResourceName in OzoneManagerLockUtil. And this also reduces code during acquiring locks in OM operations.",,,1,0,0,58733.8384,0,0,0,0,0,0,28
HDDS-1733,Improvement,HDDS,2019-06-28 19:41:48.472,2019-08-05 14:13:27.671,dineshchitlangia,Major,Fix Ozone documentation,"JIRA to fix various typo, image and other issues in the ozone documentation.",,,2,0,0,54391.65331666667,0,0,0,0,0,0,1
HDDS-1735,Improvement,HDDS,2019-06-28 23:51:33.295,2019-08-05 14:13:27.671,elek,Major,Create separated unit and integration test executor dev-support scripts,"hadoop-ozone/dev-support/checks directory contains multiple helper script to execute different type of testing (findbugs, rat, unit, build).

They easily define how tests should be executed, with the following contract:

 * The problems should be printed out to the console

 * in case of test failure a non zero exit code should be used

 

The tests are working well (in fact I have some experiments with executing these scripts on k8s and argo where all the shell scripts are executed parallel) but we need some update:

 1. Most important: the unit tests and integration tests can be separated. Integration tests are more flaky and it's better to have a way to run only the normal unit tests

 2. As HDDS-1115 introduced a pom.ozone.xml it's better to use them instead of the magical ""am pl hadoop-ozone-dist"" trick--

 3. To make it possible to run blockade test in containers we should use - T flag with docker-compose

 4. checkstyle violations are printed out to the console",,,26,1,0,54141.90626666667,0,0,0,0,0,0,34
HDDS-1741,Improvement,HDDS,2019-07-01 20:24:11.438,2019-08-05 14:13:27.671,elek,Trivial,Fix prometheus configuration in ozoneperf example cluster,"HDDS-1216 renamed the ozoneManager components to om in the docker-compose file. But the prometheus configuration of the compose/ozoneperf environment is not updated.

We need to updated it to get meaningful metrics from om.",,,2,0,0,50029.27055,0,0,0,0,0,0,35
HDDS-1742,Improvement,HDDS,2019-07-01 20:32:44.087,2019-08-05 14:13:27.671,elek,Minor,Merge ozone-perf and ozonetrace example clusters,"We have multiple example clusters in hadoop-ozone/dist/src/main/compose to demonstrate how different type of configuration can be set with ozone.

But some of them can be consolidated. I propose to combine ozonetrace to ozoneperf to one ozoneperf which includes all the required components for a local performance testing:
 # opentracing (jaeger component in docker-compose + environment variables)
 # monitoring (grafana + prometheus)
 # perf profile (as of now it's enabled only in the ozone cluster[1])

 

[1]
{code:java}
cat compose/ozone/docker-config | grep prof

OZONE-SITE.XML_hdds.profiler.endpoint.enabled=true
ASYNC_PROFILER_HOME=/opt/profiler
{code}
 ",,,1,0,0,50020.7264,0,0,0,0,0,0,36
HDDS-1768,Sub-task,HDDS,2019-07-05 18:29:14.004,2019-08-05 14:13:27.671,ajayydv,Major,Audit xxxAcl methods in OzoneManager,Audit permission failures from authorizer,,,3,1,0,44384.22778333333,0,0,0,0,0,0,14
HDDS-1791,Improvement,HDDS,2019-07-12 09:57:50.504,2019-08-05 14:13:27.671,nandakumar131,Major,Update network-tests/src/test/blockade/README.md file,{{hadoop-ozone/fault-injection-test/network-tests/src/test/blockade/README.md}} has to be updated after HDDS-1778.,,,1,0,0,34815.61945,0,0,0,0,0,0,5
HDDS-1620,Sub-task,HDDS,2019-05-31 00:28:23.143,2019-08-05 14:45:20.677,bharatviswa,Major,Implement Volume Write Requests to use Cache and DoubleBuffer,"Implement Volume write requests to use OM Cache, double buffer. 

In this Jira will add the changes to implement volume operations, and HA/Non-HA will have a different code path, but once all requests are implemented will have a single code path.",,,1,0,0,95896.9589,0,0,0,0,0,0,24
HDDS-1400,Sub-task,HDDS,2019-04-05 22:29:54.611,2019-08-05 14:45:23.106,bharatviswa,Major,Convert all OM Key related operations to HA model,"In this jira, we shall convert all OM related operations to OM HA model, which is a 2 step.
 # StartTransaction, where we validate request and check for any errors and return the response.
 # ApplyTransaction, where original OM request will have a response which needs to be applied to OM DB. This step is just to apply response to Om DB.

In this way, all requests which are failed with like volume not found or some conditions which  are not satisfied like when Key not found during rename, these all will be executed during startTransaction, and if it fails these requests will not be written to raft log also.",,,1,0,0,175215.47491666666,0,0,0,0,0,0,11
HDDS-1065,Sub-task,HDDS,2019-02-07 01:12:54.133,2019-08-05 14:45:26.755,ajayydv,Major,OM and DN should persist SCM certificate as the trust root,OM and DN should persist SCM certificate as the trust root.,,,2,1,0,258572.54369999998,0,0,0,0,0,0,3
HDDS-1262,Sub-task,HDDS,2019-03-13 21:39:47.345,2019-08-05 14:45:27.309,bharatviswa,Major,In OM HA OpenKey call Should happen only leader OM,"In OM HA, currently, when openKey is called, in applyTransaction() on all OM nodes, we make a call to SCM and write the allocateBlock information into OM DB and also clientID will be generated by each OM node.

 

The proposed approach is:

1. In startTransaction, call openKey and the response returned should be used to create a new OmRequest object and used in setting the transaction context. And also modify the ozoneManager and KeymanagerImpl to handle the code with and without ratis.

 

This Jira also implements HDDS-1319. ",,,4,1,0,208385.66606666666,0,0,0,0,0,0,7
HDDS-1551,Sub-task,HDDS,2019-05-16 19:33:43.625,2019-08-05 14:45:28.037,bharatviswa,Major,Implement Bucket Write Requests to use Cache and DoubleBuffer,"Implement Bucket write requests to use OM Cache, double buffer.

And also in OM previously we used to Ratis client for communication to Ratis server, instead of that use Ratis server API's.

 

In this Jira will add the changes to implement bucket operations, and HA/Non-HA will have a different code path, but once all requests are implemented will have a single code path.",,,1,3,0,116351.74019999999,0,0,0,0,0,0,17
HDDS-1512,Sub-task,HDDS,2019-05-09 20:39:41.167,2019-08-05 14:45:31.464,bharatviswa,Major,Implement DoubleBuffer in OzoneManager,"This Jira is created to implement DoubleBuffer in OzoneManager to flush transactions to OM DB.

 
h2. Flushing Transactions to RocksDB:

We propose using an implementation similar to the HDFS EditsDoubleBuffer.  We shall flush RocksDB transactions in batches, instead of current way of using rocksdb.put() after every operation. At a given time only one batch will be outstanding for flush while newer transactions are accumulated in memory to be flushed later.

 

In DoubleBuffer it will have 2 buffers one is currentBuffer, and the other is readyBuffer. We add entry to current buffer, and we check if another flush call is outstanding. If not, we flush to disk Otherwise we add entries to otherBuffer while sync is happening.

 

In this if sync is happening, we shall add new requests to other buffer and when we can sync we use *RocksDB batch commit to sync to disk, instead of rocksdb put.*

 

Note: If flush to disk is failed on any OM, we shall terminate the OzoneManager, so that OM DB’s will not diverge. Flush failure should be considered as catastrophic failure.

 

Scope of this Jira is to add DoubleBuffer implementation, integrating to current OM will be done in further jira's.

 ",,,1,0,0,126365.83828333333,0,0,0,0,0,0,16
HDDS-1468,Sub-task,HDDS,2019-04-25 09:24:22.790,2019-08-05 14:45:32.672,elek,Major,Inject configuration values to Java objects,"According to the design doc in the parent issue we would like to support java configuration objects which are simple POJO but the fields/setters are annotated. As a first step we can introduce the OzoneConfiguration.getConfigObject() api which can create the config object and inject configuration.

Later we can improve it with annotation processor which can generate the ozone-default.xml.",,,1,0,0,147201.1647,0,0,0,0,0,0,12
HDDS-761,Sub-task,HDDS,2018-10-30 03:21:28.635,2019-08-05 14:45:32.876,bharatviswa,Major,Create S3 subcommand to run S3 related operations,"This Jira is added to create S3 subcommand, which will be used for all S3 related operations.
Under this jira, move the command ozone sh bucket <<bucketname>> to ozone s3 bucket <<bucketname>>",,,9,1,0,402444.0706833333,0,0,0,0,0,0,0
HDDS-1600,Sub-task,HDDS,2019-05-27 18:13:22.036,2019-08-05 14:45:33.642,bharatviswa,Major,Add userName and IPAddress as part of OMRequest.,"In OM HA, the actual execution of request happens under GRPC context, so UGI object which we retrieve from ProtobufRpcEngine.Server.getRemoteUser(); will not be available.

In similar manner ProtobufRpcEngine.Server.getRemoteIp().

 

So, during preExecute(which happens under RPC context) extract userName and IPAddress and add it to the OMRequest, and then send the request to ratis server.",,,4,0,0,100592.19343333333,0,0,0,0,0,0,20
HDDS-1393,Sub-task,HDDS,2019-04-04 21:53:59.703,2019-08-05 14:45:34.113,bharatviswa,Major,Convert all OM Bucket related operations to HA model,"In this jira, we shall convert all OM Bucket related operations to OM HA model, which is a 2 step.
 # StartTransaction, where we validate request and check for any errors and return the response.
 # ApplyTransaction, where original OM request will have a response which needs to be applied to OM DB. This step is just to apply response to Om DB.

In this way, all requests which are failed with like bucket not found or some conditions which i have not satisfied like when deleting bucket should be empty, these all will be executed during startTransaction, and if it fails these requests will not be written to raft log also.",,,2,0,0,176691.5735,0,0,0,0,0,0,10
HDDS-1668,Sub-task,HDDS,2019-06-11 09:37:57.543,2019-08-05 14:45:35.769,elek,Major,Add liveness probe to the example k8s resources files,"In kubernetes resources we can define livebess probes which can help to detect any failure. If the define port is not available the pod will be rescheduled.

We need to add the liveness probes to our k8s resource files.

Note: We shouldn't add readiness probes. Readiness probe is about the service availability. The service/dns can be available only after the service is restarted. This is not good for us as:

 * We need DNS resolution during the startup (See OzoneManager.loadOMHAConfigs)
 * We already implemented retry in case of missing DNS entries",,,3,0,0,79507.63709999999,0,0,0,0,0,0,31
HDDS-1330,Sub-task,HDDS,2019-03-22 23:04:05.019,2019-08-05 14:45:36.442,avijayan,Major,Add a docker compose for Ozone deployment with Recon.,"* Add a docker compose for Ozone deployment with Recon.
* Test out Recon container key service. ",,,4,3,0,195341.52371666668,0,0,0,0,0,0,3
HDDS-1260,Sub-task,HDDS,2019-03-13 18:27:57.636,2019-08-05 14:45:37.581,avijayan,Critical,Create Recon Server lifecyle integration with Ozone.,"* Create the lifecycle scripts (start/stop) for Recon Server along with Shell interface like the other components.
 * Verify configurations are being picked up by Recon Server on startup.",,,2,3,0,208577.66575000001,0,0,0,0,0,0,2
HDDS-1136,Sub-task,HDDS,2019-02-19 19:09:13.640,2019-08-05 14:45:37.879,avijayan,Major,Add metric counters to capture the RocksDB checkpointing statistics.,"As per the discussion with [~anu] on HDDS-1085, this JIRA tracks the effort to add metric counters to capture ROcksDB checkpointing performance. 

From [~anu]'s comments, it might be interesting to have 3 counters – or a map of counters.
* How much time are we taking for each CheckPoint
* How much time are we taking for each Tar operation – along with sizes
* How much time are we taking for the transfer.",,,3,0,0,240216.40398333332,0,0,0,0,0,0,0
HDDS-1713,Sub-task,HDDS,2019-06-20 18:35:13.645,2019-08-05 14:45:39.473,xyao,Blocker,ReplicationManager fail to find proper node topology based on Datanode details from heartbeat,"DN does not have the topology info included in its heartbeat message for container report/pipeline report.

SCM is where the topology information is available. During the processing of heartbeat, we should not rely on the datanodedetails from report to choose datanodes for close container. Otherwise, all the datanode locations of existing container replicas will fallback to /default-rack.

 

The fix is to retrieve the corresponding datanode locations from scm nodemanager, which has authoritative network topology information. ",,,3,0,0,66010.43046666667,0,0,0,0,0,0,8
HDDS-1621,Sub-task,HDDS,2019-05-31 09:15:22.523,2019-08-05 14:45:41.313,shashikant,Major,writeData in ChunkUtils should not use AsynchronousFileChannel,"Currently, chunks writes are not synced to disk by default. When flushStateMachineData gests invoked from Ratis, it should also ensure all the pending chunk writes should be flushed to disk.",,,4,1,0,95370.31316666667,0,0,0,0,0,0,1
HDDS-1478,Sub-task,HDDS,2019-04-29 13:45:43.870,2019-08-05 14:45:41.524,elek,Major,Provide k8s resources files for prometheus and performance tests,"Similar to HDDS-1412 we can further improve the available k8s resources with providing example resources to:

1) install prometheus
2) execute freon test and check the results.",,,3,0,0,141179.96089999998,0,0,0,0,0,0,13
HDDS-1605,Sub-task,HDDS,2019-05-28 18:46:59.134,2019-08-05 14:45:42.145,bharatviswa,Major,Implement AuditLogging for OM HA Bucket write requests,"In this Jira, we shall implement audit logging for OM HA Bucket write requests.

As now we cannot use userName,  IpAddress from Server API's as these will be null, because the requests are executed under GRPC context. So, in our AuditLogger API's we need to pass username and remoteAddress which we can get from OMRequest after HDDS-1600 and use these during audit logging.",,,1,0,0,99118.71685,0,0,0,0,0,0,23
HDDS-1396,Sub-task,HDDS,2019-04-05 07:34:42.453,2019-08-05 14:45:42.737,avijayan,Major,Recon start fails due to changes in Aggregate Schema definition (HDDS-1189).,Recon Server start fails due to ClassNotFound exception when looking for org.apache.hadoop.ozone.recon.ReconServer. ,,,4,0,0,176111.00473333334,0,0,0,0,0,0,5
HDDS-1250,Sub-task,HDDS,2019-03-11 22:23:03.084,2019-08-05 14:45:44.958,bharatviswa,Major,In OM HA AllocateBlock call where connecting to SCM from OM should not happen on Ratis,"In OM HA, currently when allocateBlock is called, in applyTransaction() on all OM nodes, we make a call to SCM and write the allocateBlock information into OM DB. The problem with this is, every OM allocateBlock and appends new BlockInfo into OMKeyInfom and also this a correctness issue. (As all OM's should have the same block information for a key, even though eventually this might be changed during key commit)

 

The proposed approach is:

1. Calling SCM for allocation of block will happen outside of ratis, and this block information is passed and writing to DB will happen via Ratis.",,,18,0,0,211222.6979,0,0,0,0,0,0,6
HDDS-1461,Sub-task,HDDS,2019-04-24 14:17:54.325,2019-08-05 14:45:45.392,ljain,Major,Optimize listStatus api in OzoneFileSystem,"Currently in listStatus we make multiple getFileStatus calls. This can be optimized by converting to a single rpc call for listStatus.

Also currently listStatus has to traverse a directory recursively in order to list its immediate children. This happens because in OzoneManager all the metadata is stored in rocksdb sorted on keynames. The Jira also aims to fix this by using seek api provided by rocksdb.",,,1,0,0,148347.85111666666,0,0,0,0,0,0,0
HDDS-1499,Sub-task,HDDS,2019-05-07 17:31:14.495,2019-08-05 14:45:46.521,bharatviswa,Major,OzoneManager Cache,"In this Jira, we shall implement a cache for Table.

As with OM HA, we are planning to implement double buffer implementation to flush transaction in a batch, instead of using rocksdb put() for every operation. When this comes in to place we need cache in OzoneManager HA to handle/server the requests for validation/returning responses.

 

This Jira will implement Cache as an integral part of the table. In this way users using this table does not need to handle like check cache/db. For this, we can update get API in the table to handle the cache.

 

This Jira will implement:
 # Cache as a part of each Table.
 # Uses this cache in get().
 # Exposes api for cleanup, add entries to cache.

Usage to add the entries in to cache will be done in further jira's.",,,3,0,0,129434.53376666666,0,0,0,0,0,0,15
HDDS-1601,Sub-task,HDDS,2019-05-27 21:36:21.691,2019-08-05 14:45:48.799,bharatviswa,Major,Implement updating lastAppliedIndex after buffer flush to OM DB.,This Jira is to implement updating lastAppliedIndex in OzoneManagerStateMachine once after the buffer is flushed to OM DB. ,,,1,0,0,100389.4518,0,0,0,0,0,0,21
HDDS-976,Sub-task,HDDS,2019-01-11 06:34:18.386,2019-08-05 14:45:49.500,sammi,Major,Support YAML format network topology cluster definition,,,,11,0,0,297131.5185666667,0,0,0,0,0,0,0
HDDS-1412,Sub-task,HDDS,2019-04-10 16:04:40.415,2019-08-05 14:45:50.538,elek,Major,Provide example k8s deployment files as part of the release package,"In HDDS-872 we added Dockerfile and skaffold definition to run dev builds on kubernetes. But it would be great to include example k8s resource definitions helping the deployment of ozone to any kubernetes cluster.

In this patch I will

1. Add k8s resources files to the release tar file to deploy basic ozone cluster
2. Add Dockerfile to the release tar file to create custom ozone image any time
3. Add additional maven profiles to build and push development docker images.
4. We don't need skaffold any more as the maven based approach is more flexible (we can support multiple k8s definitions)

To easily support multiple type of configuration (simple ozone, minikube, csi) we need a basic set of k8s resources files and additional transformations to generate the ready-to-use files for each specific use-cases.

The easiest way to do this is adopting the existing structure from https://github.com/flokkr/k8s and use https://github.com/elek/flekszible tool. But the tool itself is not required at runtime as we generate all the required k8s resources files during the development and add the results to the version control. ",,,1,0,0,168401.16871666667,0,0,0,0,0,0,11
HDDS-1612,Sub-task,HDDS,2019-05-30 02:43:09.859,2019-08-05 14:45:53.755,sammi,Major,"Add ""scmcli printTopology"" shell command to print datanode topology ","Command ""ozone scmcli printTopology"".  It will show nodes of all kinds of state(HEALTHY,STALE,DEAD,DECOMMISSIONING,DECOMMISSIONED). 
Here is an example,

{noformat}
State = HEALTHY
ozone_datanode_1.ozone_default/172.18.0.3    /default-rack
ozone_datanode_2.ozone_default/172.18.0.2    /default-rack
ozone_datanode_3.ozone_default/172.18.0.4    /default-rack
{noformat}
",,,2,1,0,97202.7316,0,0,0,0,0,0,2
HDDS-1730,Sub-task,HDDS,2019-06-27 20:52:52.553,2019-08-05 14:45:54.417,bharatviswa,Major,Implement File CreateDirectory Request to use Cache and DoubleBuffer,"In this Jira, we shall implement createDirectory request according to the HA model, and use cache and double buffer.",,,1,0,0,55793.03106666667,0,0,0,0,0,0,29
HDDS-1579,Sub-task,HDDS,2019-05-21 22:40:00.502,2019-08-05 14:45:56.601,bharatviswa,Major,Create OMDoubleBuffer metrics,"This Jira is to implement OMDoubleBuffer metrics, to show metrics like.
 # flushIterations.
 # totalTransactionsflushed.

 

Any other related metrics. This Jira is created based on the comment by [~anu] during HDDS-1512 review.",,,1,0,0,108965.93498333334,0,0,0,0,0,0,18
HDDS-1371,Sub-task,HDDS,2019-04-02 19:00:19.804,2019-08-05 14:45:58.248,hanishakoneru,Major,Download RocksDB checkpoint from OM Leader to Follower,"If a follower OM is lagging way behind the leader OM or in case of a restart or bootstrapping, a follower OM might need RocksDB checkpoint from the leader to catch up with it. This is because the leader might have purged its logs after taking a snapshot.
 This Jira aims to add support to download a RocksDB checkpoint from leader OM to follower OM through a HTTP servlet. We reuse the DBCheckpoint servlet used by Recon server. ",,,1,1,0,179745.64073333333,0,0,0,0,0,0,2
HDDS-1379,Sub-task,HDDS,2019-04-03 18:26:48.633,2019-08-05 14:46:00.805,bharatviswa,Major,Convert all OM Volume related operations to HA model,"In this jira, we shall convert all OM related operations to OM HA model, which is a 2 step.
 # StartTransaction, where we validate request and check for any errors and return the response.
 # ApplyTransaction, where original OM request will have a response which needs to be applied to OM DB. This step is just to apply response to Om DB.

In this way, all requests which are failed with like volume not found or some conditions which i have not satisfied like when deleting volume should be empty, these all will be executed during startTransaction, and if it fails these requests will not be written to raft log also.",,,2,0,0,178339.20286666666,0,0,0,0,0,0,9
HDDS-1690,Sub-task,HDDS,2019-06-14 22:45:55.578,2019-08-05 14:46:01.873,hgadre,Major,ContainerController should provide a way to retrieve containers per volume,Ozone data scrubber needs to start a dedicated thread per volume to perform checksum validation for all the containers in the given volume. But currently ContainerController does not expose an API to fetch the list of containers for a given volume. This Jira is to add the relevant API to ContainerController class so that we can retrieve list of containers for a given HDDS volume.,,,4,0,0,74400.10491666666,0,0,0,0,0,0,0
HDDS-1839,Sub-task,HDDS,2019-07-19 22:54:52.738,2019-08-05 14:46:03.234,xyao,Minor,Change topology sorting related logs in Pipeline from INFO to DEBUG,"This will avoid output like 

{code}

2019-07-19 22:36:40 INFO  Pipeline:342 - Serialize nodesInOrder [610d4084-7cce-4691-b43a-f9dd5cdb8809\{ip: 192.168.144.3, host: ozonesecure-mr_datanode_1.ozonesecure-mr_default, networkLocation: /default-rack, certSerialId: null}] in pipeline PipelineID=f9ba269c-aba9-4a42-946c-4048d02cb7d1

2019-07-19 22:36:40 INFO  Pipeline:342 - Deserialize nodesInOrder [610d4084-7cce-4691-b43a-f9dd5cdb8809\{ip: 192.168.144.3, host: ozonesecure-mr_datanode_1.ozonesecure-mr_default, networkLocation: /default-rack, certSerialId: null}] in pipeline PipelineID=f9ba269c-aba9-4a42-946c-4048d02cb7d1

{code}",,,3,0,0,23991.174933333336,0,0,0,0,0,0,10
HDDS-1685,Sub-task,HDDS,2019-06-13 22:33:30.342,2019-08-05 14:46:03.743,vivekratnavel,Major,"Recon: Add support for ""start"" query param to containers and containers/{id} endpoints","* Support ""start"" query param to seek to the given key in RocksDB.",,,1,3,0,75852.55668333333,0,0,0,0,0,0,6
HDDS-1340,Sub-task,HDDS,2019-03-26 21:59:38.845,2019-08-05 14:46:10.885,vivekratnavel,Major,Add List Containers API for Recon,"Recon server should support ""/containers"" API that lists all the containers",,,2,1,0,189646.53399999999,0,0,0,0,0,0,0
HDDS-1670,Sub-task,HDDS,2019-06-11 23:48:19.313,2019-08-05 14:46:12.314,vivekratnavel,Major,Add limit support to /api/containers and /api/containers/{id} endpoints,Add support for limit query param to limit the results of /api/containers and /api/containers/\{id} endpoints,,,1,0,0,78657.88335,0,0,0,0,0,0,5
HDDS-1801,Sub-task,HDDS,2019-07-15 17:18:16.774,2019-08-05 14:46:13.993,xyao,Major,Make Topology Aware Replication/Read non-default for ozone 0.4.1   ,"This helps stablize the ozone-0.4.1 release and fix HDDS-1705, HDDS-1751, HDDS-1713 and HDDS-1770 for 0.5. ",,,1,0,0,30087.95365,0,0,0,0,0,0,9
HDDS-1358,Sub-task,HDDS,2019-03-29 17:05:07.358,2019-08-05 14:46:14.993,avijayan,Critical,Recon Server REST API not working as expected.,Guice Jetty integration that is being used for Recon Server API layer is not working as expected. Fixing that in this JIRA.,,,7,0,0,185621.12725,0,0,0,0,0,0,4
HDDS-1317,Sub-task,HDDS,2019-03-20 19:06:18.515,2019-08-05 14:46:15.197,xyao,Major,KeyOutputStream#write throws ArrayIndexOutOfBoundsException when running RandomWrite MR examples,"Repro steps:

{code} 

jar $HADOOP_MAPRED_HOME/hadoop-mapreduce-examples-*.jar randomwriter -Dtest.randomwrite.total_bytes=10000000  o3fs://bucket1.vol1/randomwrite.out

{code}

 

Error Stack:

{code}

2019-03-20 19:02:37 INFO Job:1686 - Task Id : attempt_1553108378906_0002_m_000000_0, Status : FAILED
Error: java.lang.ArrayIndexOutOfBoundsException: -5
 at java.util.ArrayList.elementData(ArrayList.java:422)
 at java.util.ArrayList.get(ArrayList.java:435)
 at org.apache.hadoop.hdds.scm.storage.BufferPool.getBuffer(BufferPool.java:45)
 at org.apache.hadoop.hdds.scm.storage.BufferPool.allocateBufferIfNeeded(BufferPool.java:59)
 at org.apache.hadoop.hdds.scm.storage.BlockOutputStream.write(BlockOutputStream.java:215)
 at org.apache.hadoop.ozone.client.io.BlockOutputStreamEntry.write(BlockOutputStreamEntry.java:130)
 at org.apache.hadoop.ozone.client.io.KeyOutputStream.handleWrite(KeyOutputStream.java:311)
 at org.apache.hadoop.ozone.client.io.KeyOutputStream.write(KeyOutputStream.java:273)
 at org.apache.hadoop.fs.ozone.OzoneFSOutputStream.write(OzoneFSOutputStream.java:46)
 at org.apache.hadoop.fs.FSDataOutputStream$PositionCache.write(FSDataOutputStream.java:57)
 at java.io.DataOutputStream.write(DataOutputStream.java:107)
 at org.apache.hadoop.io.SequenceFile$Writer.append(SequenceFile.java:1444)
 at org.apache.hadoop.mapreduce.lib.output.SequenceFileOutputFormat$1.write(SequenceFileOutputFormat.java:83)
 at org.apache.hadoop.mapred.MapTask$NewDirectOutputCollector.write(MapTask.java:670)
 at org.apache.hadoop.mapreduce.task.TaskInputOutputContextImpl.write(TaskInputOutputContextImpl.java:89)
 at org.apache.hadoop.mapreduce.lib.map.WrappedMapper$Context.write(WrappedMapper.java:112)
 at org.apache.hadoop.examples.RandomWriter$RandomMapper.map(RandomWriter.java:199)
 at org.apache.hadoop.examples.RandomWriter$RandomMapper.map(RandomWriter.java:165)
 at org.apache.hadoop.mapreduce.Mapper.run(Mapper.java:146)
 at org.apache.hadoop.mapred.MapTask.runNewMapper(MapTask.java:799)
 at org.apache.hadoop.mapred.MapTask.run(MapTask.java:347)
 at org.apache.hadoop.mapred.YarnChild$2.run(YarnChild.java:174)
 at java.security.AccessController.doPrivileged(Native Method)
 at javax.security.auth.Subject.doAs(Subject.java:422)
 at org.apache.hadoop.security.UserGroupInformation.doAs(UserGroupInformation.java:1730)
 at org.apache.hadoop.mapred.YarnChild.main(YarnChild.java:168)

{code}",,,16,0,0,198459.9447,0,0,0,0,0,0,3
HDDS-1490,Sub-task,HDDS,2019-05-05 07:00:43.374,2019-08-05 14:46:15.462,sammi,Major,"Support configurable container placement policy through ""ozone.scm.container.placement.classname""","Support system property ""ozone.scm.container.placement.classname"" in ozone-site.xml. User can specify the implementation class name as the value of the property.  Here is an example, 
 <property>
    <name>ozone.scm.container.placement.classname</name>
    <value>org.apache.hadoop.hdds.scm.container.placement.algorithms.SCMContainerPlacementRackAware</value>ß
 </property>

If this property is not set, then default org.apache.hadoop.hdds.scm.container.placement.algorithms.SCMContainerPlacementRackAware will be used. 
",,,8,3,0,132945.5348,0,0,0,0,0,0,1
HDDS-1705,Sub-task,HDDS,2019-06-18 22:42:09.619,2019-08-05 14:46:16.094,vivekratnavel,Major,Recon: Add estimatedTotalCount to the response of containers and containers/{id} endpoints,,,,2,0,0,68644.10791666668,0,0,0,0,0,0,8
HDDS-1646,Sub-task,HDDS,2019-06-05 12:33:01.920,2019-08-05 14:46:16.438,elek,Critical,Support real persistence in the k8s example files ,"Ozone release contains example k8s deployment files to make it easier to deploy Ozone to kubernetes. As of now we use emptyDir everywhere, we should support the configuration of host volumes (hostPath or Local Persistent volumes).

The big question here is the default:

* Make the examples easy to start and ephemeral
* Make the examples more safe, by default (but couldn't be started without additional administration).

(Note this conversation is started in the review of HDDS-1508)

Xiaoyu:  Can we support mount hostVolume for datanode daemons?

Marton: Yes, we can.

AFAIK there are two options:
 * using [hostPath](https://kubernetes.io/docs/concepts/storage/volumes/#hostpath)
 * or with [Local PersistentVolumes](https://kubernetes.io/blog/2018/04/13/local-persistent-volumes-beta/)

The first one requires the knowledge of directory names on the host.
The second one is recommended but it requires the creation of PersistentVolumes or install a PersistentVolume provider

I am not sure what is the best approach, my current proposal is:

 * Use empty dir everywhere to make it easier to start simple ozone cluster
 * Provide simple option to turn on any of theses persistence (the kubernetes files are generated and the generation can be parametrized)
 * Document how to customize the kubernetes resources files

Summary: it's question of the defaults:
 
  1. Use a complex, but persistent solution, which may not work out of the box   
  2. Use a simple, but ephemeral solution (as default)

I started to use (2) but I am open to change.

",,,5,0,0,87973.24196666667,0,0,0,0,0,0,29
HDDS-1339,Sub-task,HDDS,2019-03-26 18:31:32.342,2019-08-05 14:46:18.133,hanishakoneru,Major,Implement Ratis Snapshots on OM,"For bootstrapping and restarting OMs, we need to implement snapshots in OM. The OM state maintained by RocksDB will be checkpoint-ed on demand. Ratis snapshots will only preserve the last applied log index by the State Machine on disk. This index will be stored in file in the OM metadata dir.",,,1,0,0,189854.76318333333,0,0,0,0,0,0,1
HDDS-1225,Sub-task,HDDS,2019-03-05 21:35:41.682,2019-08-05 14:46:21.428,hanishakoneru,Major,Provide docker-compose for OM HA,**This Jira proposes to add docker-compose file to run local pseudo cluster with OM HA (3 OM nodes).,,,2,0,0,219910.66243333332,0,0,0,0,0,0,0
HDDS-1232,Sub-task,HDDS,2019-03-07 05:12:55.533,2019-08-05 14:46:23.485,avijayan,Major,Recon Container DB service definition,"* Define the Ozone Recon container DB service definition. 
",,,19,0,0,218013.46586666667,0,0,0,0,0,0,1
HDDS-1211,Sub-task,HDDS,2019-03-01 19:12:07.087,2019-08-05 14:46:24.092,bharatviswa,Major,Test SCMChillMode failing randomly in Jenkins run,java.lang.Thread.State: TIMED_WAITING at sun.misc.Unsafe.park(Native Method) at java.util.concurrent.locks.LockSupport.parkNanos(LockSupport.java:215) at java.util.concurrent.SynchronousQueue$TransferStack.awaitFulfill(SynchronousQueue.java:460) at java.util.concurrent.SynchronousQueue$TransferStack.transfer(SynchronousQueue.java:362) at java.util.concurrent.SynchronousQueue.poll(SynchronousQueue.java:941) at java.util.concurrent.ThreadPoolExecutor.getTask(ThreadPoolExecutor.java:1073) at java.util.concurrent.ThreadPoolExecutor.runWorker(ThreadPoolExecutor.java:1134) at java.util.concurrent.ThreadPoolExecutor$Worker.run(ThreadPoolExecutor.java:624) at java.lang.Thread.run(Thread.java:748) at org.apache.hadoop.test.GenericTestUtils.waitFor(GenericTestUtils.java:389) at org.apache.hadoop.ozone.om.TestScmChillMode.testSCMChillMode(TestScmChillMode.java:286) at sun.reflect.NativeMethodAccessorImpl.invoke0(Native Method) at sun.reflect.NativeMethodAccessorImpl.invoke(NativeMethodAccessorImpl.java:62) at sun.reflect.DelegatingMethodAccessorImpl.invoke(DelegatingMethodAccessorImpl.java:43) at java.lang.reflect.Method.invoke(Method.java:498) at org.junit.runners.model.FrameworkMethod$1.runReflectiveCall(FrameworkMethod.java:47) at org.junit.internal.runners.model.ReflectiveCallable.run(ReflectiveCallable.java:12) at org.junit.runners.model.FrameworkMethod.invokeExplosively(FrameworkMethod.java:44) at org.junit.internal.runners.statements.InvokeMethod.evaluate(InvokeMethod.java:17) at org.junit.internal.runners.statements.FailOnTimeout$StatementThread.run(FailOnTimeout.java:74),,,2,0,0,225814.28341666667,0,0,0,0,0,0,3
HDDS-1638,Sub-task,HDDS,2019-06-04 02:33:34.271,2019-08-05 14:46:24.503,bharatviswa,Major,Implement Key Write Requests to use Cache and DoubleBuffer,"Implement Key write requests to use OM Cache, double buffer. 

In this Jira will add the changes to implement key operations, and HA/Non-HA will have a different code path, but once all requests are implemented will have a single code path.",,,1,1,0,90012.8372,0,0,0,0,0,0,25
HDDS-1580,Sub-task,HDDS,2019-05-21 23:04:24.804,2019-08-05 14:46:26.006,shwetayakkali,Major,Obtain Handler reference in ContainerScrubber,Obtain reference to Handler based on containerType in scrub() in ContainerScrubber.java,,,2,0,0,108942.02003333332,0,0,0,0,0,0,0
HDDS-1487,Sub-task,HDDS,2019-05-02 20:09:02.123,2019-08-05 14:46:26.383,vivekratnavel,Major,Bootstrap React framework for Recon UI,"Bootstrap React with Typescript, Ant, LESS and other necessary libraries for Recon UI. ",,,4,0,0,136477.40433333334,0,0,0,0,0,0,2
HDDS-1663,Sub-task,HDDS,2019-06-10 03:18:30.896,2019-08-05 14:46:27.127,sammi,Major,Add datanode to network topology cluster during node register,,,,2,0,0,81327.93718333333,0,0,0,0,0,0,3
HDDS-1637,Sub-task,HDDS,2019-06-03 19:26:46.664,2019-08-05 14:46:28.613,xyao,Major,Fix random test failure TestSCMContainerPlacementRackAware,"This has been seen randomly in latest trunk CI, e.g., [https://ci.anzix.net/job/ozone/16980/testReport/org.apache.hadoop.hdds.scm.container.placement.algorithms/TestSCMContainerPlacementRackAware/testFallback/]

 ",,,5,0,0,90439.69915,0,0,0,0,0,0,7
HDDS-1508,Sub-task,HDDS,2019-05-09 09:00:10.205,2019-08-05 14:52:42.281,elek,Major,Provide example k8s deployment files for the new CSI server,Issue HDDS-1382 introduced a new internal CSI server. We should provide example deployment files to make it easy to deploy it to any kubernetes cluster.,,,1,0,0,127072.5346,0,0,0,0,0,0,14
DATALAB-1043,Task,DATALAB,2019-08-27 14:34:52.562,2019-11-18 11:55:31.449,vira_vitanska@epam.com,Major,[Terraform][Quota]: Convey error message during cluster creation in case of quota exceeding,"*DLAB-terraform branch*

As a user I want to know why I cannot create a cluster so that I can resolve the situation.

 

If quota is exceed a user is not allowed to create cluster. Please, inform user about it via error message:

'Operation can not be finished. Resource quote is reached'",,,1,0,0,119360.64811666666,0,0,0,0,0,0,8
DATALAB-1009,Task,DATALAB,2019-08-15 11:49:37.297,2019-11-18 16:50:40.998,vira_vitanska@epam.com,Major,Prevent notebook action depending on status of computational resource,"Prevent notebook action (stop/terminate) if at least one of related computational resource is in '-ing' status:
- creating
- configuring
- starting
- stopping
- terminating",,,2,1,0,137101.06168333333,1,2,0,0,0,0,6
DATALAB-851,Task,DATALAB,2019-07-05 10:08:21.935,2019-11-18 16:50:45.108,vira_vitanska@epam.com,Minor,[Instance creation]: Instance shapes should be in ascending order for notebook and cluster in dropdown list,"Sort  instance shapes in ascending order of size in the dropdown list.
Look in attachment in order to find out the size.",,,1,0,0,196242.38621666667,0,0,0,0,0,0,5
DATALAB-1020,Task,DATALAB,2019-08-19 12:38:34.008,2019-11-18 17:31:44.606,vira_vitanska@epam.com,Major,[GCP]: Shared AMis for both per project and per endpoint,As a user I want to use shared AMI per project and per endpoints so that I can decrease resources (time/finance) for the next instance creation.,,,1,0,0,131333.17663333335,0,0,0,0,0,0,7
DATALAB-1138,Task,DATALAB,2019-09-24 09:05:02.423,2019-12-11 11:07:00.000,vira_vitanska@epam.com,Major,[Back-end]: Add quota for GCP,,,,1,0,0,112441.95961666666,0,0,0,0,0,0,9
DATALAB-1156,Task,DATALAB,2019-09-26 09:56:07.664,2019-12-11 11:07:00.000,vvitanska,Major,[Back-end]: Use refresh token to get new access token in case when access token is expired,,,,1,1,0,109510.87226666667,0,0,0,0,0,0,0
DATALAB-1289,Task,DATALAB,2019-11-18 11:22:52.538,2019-12-11 11:07:00.000,vvitanska,Major,[Role]: Add 'Create Notebook JupyterLab',Add 'Create Notebook JupyterLab' in 'Roles' drop down list,,,1,0,0,33104.12436666667,0,0,0,0,0,0,1
DATALAB-1290,Task,DATALAB,2019-11-18 12:50:14.482,2019-12-11 11:07:00.000,vvitanska,Minor,After pressing 'Esc' DLab menu disappears,"*Preconditions:*

1. Enviroment is created

*Steps to reproduce:*
 # Go to any page
 # Press 'Esc' from key board
 # Click menu bar

*Actual result:*

1. Main menu disappears

*Expected result:*

1. Main menu does not disappear

 

 ",,,1,0,0,33016.75863333333,0,0,0,0,0,0,2
DATALAB-1301,Task,DATALAB,2019-11-21 15:09:00.476,2019-12-11 11:07:00.000,vvitanska,Trivial,A-z sorting for notebook templates,Notebook template should be sorted by a-z on 'Create analytical tool' popup,,,1,0,0,28557.992066666666,0,0,0,0,0,0,3
DATALAB-1310,Task,DATALAB,2019-11-25 14:04:11.759,2019-12-11 11:07:00.000,ankovalyshyn,Trivial,Optimize initial feature slider loading,,,,1,0,0,22862.804016666665,0,0,0,0,0,0,0
DATALAB-1319,Task,DATALAB,2019-11-27 11:31:17.059,2019-12-11 11:07:00.000,vvitanska,Trivial,[Environment management]: Consistency should be in alignment,"If it is only one cluster on notebook action items for Notebook and Cluster are not on the same level: Actions for cluster is higher located than 'gear' for notebook, but should on the same level.",,,1,1,0,20135.715683333336,0,0,0,0,0,0,4
DATALAB-1332,Task,DATALAB,2019-11-28 16:27:38.049,2019-12-11 11:07:00.000,vvitanska,Minor,Minor links altering,"# Get rid of a delay for notebook link
 # Align Notebook link by left side
 # Investigate if it is possible to make link copy-able and leave a hint?",,,1,0,0,18399.36585,0,0,0,0,0,0,5
DATALAB-1337,Task,DATALAB,2019-11-29 16:06:15.706,2019-12-11 11:07:00.000,vvitanska,Trivial,Enhancement for 'List of resource'/'Project' pages,"# Get rid of 'To start working, please, create new environment' if all resources are terminated in 'Show active' mode. It is visible during switching between the modes
 # If terminate project on confirmation dialog edge_node values should have left alignment
 # Icons for computational resources should be aligned
 # Get rid of data labels delay on:

 - Environment Management page-> Manage environment popup -> stop/terminate a project
 - roles page -> delete roles
 - resources_list page -> stop/terminate computational resource
 - Environment Management page -> stop/terminate computational resource",,,1,3,0,16980.738233333333,0,0,0,0,0,0,6
DATALAB-1358,Task,DATALAB,2019-12-04 09:12:49.881,2019-12-11 11:07:00.000,vvitanska,Major,[Project page] :Adjust confirmation questions for edge node,"# If terminate one edge node the following question should be on confirmation dialog:
 'Edge node in endpoint <endpoint_name> will be terminated for <project_name> 
 Do you want to proceed?
 # If stop one edge node the following question should be on confirmation dialog:
 'Edge node in endpoint <endpoint_name> will be stopped for <project_name> 
 Do you want to proceed?
 # If terminate all edge nodes in one project simultaneously rename :
'Endpoint' -> 'Edge node in endpoint'

 

 ",,,1,0,0,10194.16865,0,0,0,0,0,0,7
DATALAB-1366,Task,DATALAB,2019-12-05 09:21:34.301,2019-12-11 11:07:00.000,vvitanska,Minor,Rename bucket labels,"1. Shared bucket -> Project bucket

2. Shared project bucket -> Shared endpoint bucket

3. Prevent tag column in 'Billing page'",,,1,0,0,8745.428316666666,0,0,0,0,0,0,8
MESOS-7245,Improvement,MESOS,2017-03-14 18:46:53.888,2020-01-15 15:22:18.185,kaysoky,Blocker,Add a Windows segfault handler for stacktraces,"Current in the Windows builds, if we segfault, the program will exit immediately with no other output.  

For example, when you add a failing test to {{stout-tests}} and run {{3rdparty/stout/tests/Debug/stout-tests --gtest_break_on_failure}}, gtest simulates a segfault to exit immediately.  On Posix, this also prints a stacktrace.

We may be able to re-use the code added to glog for print stacktraces (MESOS-6815).",,,1,0,0,1493075.40495,0,0,0,0,0,0,4
DATALAB-1536,Task,DATALAB,2020-02-11 13:30:54.107,2020-02-14 10:36:00.000,vvitanska,Major,Remote endpoint-shared-bucket should be created during edge creation,"Now remote endpoint-shared-bucket is created during remote endpoint creation, but should be during edge creation.

This implementation should be pushed in develop and in branch for terraform.",,,1,0,0,4145.098216666667,0,0,0,0,0,0,11
DATALAB-1454,Task,DATALAB,2020-01-16 08:51:50.976,2020-02-18 09:12:45.046,vvitanska,Major,Change link to maven repository,"Any notebook is not created due to: [http://central.maven.org/maven2/org/apache/hadoop/hadoop-azure/2.7.3/hadoop-azure-2.7.3.jar]
 out: Connecting to 172.31.0.5:3128... connected.
 out: Proxy request sent, awaiting response... 501 Not Implemented
----
For more information read this article: https://support.sonatype.com/hc/en-us/articles/360041287334",,,1,0,0,47540.90116666666,0,0,0,0,0,0,9
OFBIZ-9984,Sub-task,OFBIZ,2017-11-17 09:34:27.796,2020-02-20 04:37:00.000,julien.nicolas,Minor,Convert OrderServices.xml mini-lang to groovyDSL,"With the purpose to deprecate mini-lang OFBIZ-9350, I tried to convert some mini-lang service to groovy script.
",,,3,0,0,1187702.5367333333,0,0,0,0,0,0,0
OFBIZ-9992,Sub-task,OFBIZ,2017-11-21 12:21:22.877,2020-02-20 04:37:00.000,dennis balkir,Minor,Convert CatalogServices.xml mini lang to groovy,Migration of the CatalogServices.xml to Groovy,,,3,0,0,1181775.6187166667,0,0,0,0,0,0,0
OFBIZ-11164,Sub-task,OFBIZ,2019-08-23 15:28:37.354,2020-02-20 04:37:00.000,soledad,Minor,Convert CommunicationEventServices.xml mini lang to groovy,,,,10,0,0,259988.37743333334,0,0,0,0,0,0,0
DATALAB-1555,Task,DATALAB,2020-02-17 11:34:58.156,2020-03-30 10:50:36.096,vvitanska,Trivial,Alter error message for key.pub validation during project creation,"1. If public key is not in name.pub extension or is in such extension but is not in openSSH format alter error message:

 *from* 'key Wrong key format. Key should be in openSSH format' 
 *to* 'Wrong key format. Key should be in openSSH format'
-----


2. If public key is in name.pub extension but is not in openSSH and has too size alter error message:

 *from* 'Project creation failed'
 *to* 'Wrong key format. Key should be in openSSH format'",,,1,0,0,60435.632333333335,0,0,0,0,0,0,12
KYLIN-3698,Improvement,KYLIN,2018-11-20 14:44:32.339,2020-04-06 02:47:40.028,dddq,Minor,check-env.sh should print more details about checking items,"In the current version, when users run _check-env.sh_, if there's no error message, it means everything is OK.

From my perspective,  adding more details about the checking items when executing check-env.sh is better.",,,2,0,0,723603.12815,0,0,0,0,0,0,0
KYLIN-4342,Improvement,KYLIN,2020-01-16 01:30:15.699,2020-04-06 02:47:40.028,wangxiaojing,Major,Build Global Dict by MR/Hive New Version,"At present, there are two limitations and some distributed concurrency lock bugs in the implementation of global dictionary through MR/Hive:
1. Limited by Hive order by global sorting on the shuffle stage, the memory and build time becomes uncontrollable with data volume reaching billion level. We have tested the base of 800 million level to configure 15g memory, and the build time of build dictionary needs more than 10 hours;
2. Multi global dictionary columns is calculated serially.
3. Some distributed concurrency lock bugs.

We have improved the original version.The general idea of the new version is the same as the previous Mr / Hive implementation, that is, to complete global dictionary coding through Hive or MR, and then replace the original value in the flat table with the dictionary encoded value.[Mr /Hive V1|[http://kylin.apache.org/docs30/howto/howto_use_hive_mr_dict.html]]
 However, in the new version, will add ""parallel part build"" and ""parallel total build"" two steps by mr to replace the original ""build dict"" step, so as to solve the above two limitations.And use ZK to solve the distributed concurrency lock bugs. ",,,1,0,0,116717.40548333334,0,0,0,0,0,0,0
KYLIN-4343,Sub-task,KYLIN,2020-01-16 02:05:10.894,2020-04-06 02:47:40.028,wangxiaojing,Major,"Build Global Dict by MR/Hive, new config",,,,2,0,0,116682.48556666666,0,0,0,0,0,0,1
KYLIN-4344,Sub-task,KYLIN,2020-01-16 02:05:36.490,2020-04-06 02:47:40.028,wangxiaojing,Major,"Build Global Dict by MR/Hive, Extract Fact Table Distinct Columns Step","This step is the first step for Build Global Dict by MR/Hive, mainly realizes the following functions by HQL：
 * Create global dict hive table of the cube if not exists, default globalDictDatabase.cubeName_global_dict;
 * Create extract distinct value intermediate hive table, default flatTableName__group_by;
 * Create global dict hive intermediate table for this segment , defalut flatTableName_global_dict;
 * Insert data into flatTableName__group_by hive table.

SQL Example

 
{code:java}
//One cube only have only one global_dict table
CREATE TABLE IF NOT EXISTS db.kylin_sales_cube_mr_notopn_global_dict(  dict_key STRING COMMENT '',  dict_val INT COMMENT '' ) COMMENT '' PARTITIONED BY (dict_column string) ROW FORMAT DELIMITED FIELDS TERMINATED BY '\t' STORED AS TEXTFILE; 

//Each segment build job has a flatTableName__group_by table
DROP TABLE IF EXISTS
kylin_intermediate_kylin_sales_cube_mr_6222c210_ce2d_e8ce_dd0f_f12c38fa9115__group_by; CREATE TABLE IF NOT EXISTS kylin_intermediate_kylin_sales_cube_mr_6222c210_ce2d_e8ce_dd0f_f12c38fa9115__group_by (  dict_key STRING COMMENT '' ) COMMENT '' PARTITIONED BY (dict_column string) STORED AS TEXTFILE ;

//Each segment build job has a flatTableName_global_dict table
DROP TABLE IF EXISTS kylin_intermediate_kylin_sales_cube_mr_6222c210_ce2d_e8ce_dd0f_f12c38fa9115_global_dict; CREATE TABLE IF NOT EXISTS kylin_intermediate_kylin_sales_cube_mr_6222c210_ce2d_e8ce_dd0f_f12c38fa9115_global_dict (  dict_key STRING COMMENT '' ,  dict_val STRING COMMENT '' ) COMMENT '' PARTITIONED BY (dict_column string) ROW FORMAT DELIMITED FIELDS TERMINATED BY '\t' STORED AS TEXTFILE ;

//Insert data into flatTableName__group_by table
//global dict columns partitons
INSERT OVERWRITE TABLE kylin_intermediate_kylin_sales_cube_mr_6222c210_ce2d_e8ce_dd0f_f12c38fa9115__group_by PARTITION (dict_column = 'KYLIN_SALES_SELLER_ID') SELECT a.DICT_KEY FROM  (SELECT KYLIN_SALES_SELLER_ID  as DICT_KEY FROM kylin_intermediate_kylin_sales_cube_mr_6222c210_ce2d_e8ce_dd0f_f12c38fa9115 GROUP BY KYLIN_SALES_SELLER_ID) a   LEFT JOIN  (SELECT  DICT_KEY FROM db.kylin_sales_cube_mr_notopn_global_dict WHERE DICT_COLUMN = 'KYLIN_SALES_SELLER_ID') b  ON a.DICT_KEY = b.DICT_KEY WHERE   b.DICT_KEY IS NULL ;

INSERT OVERWRITE TABLE kylin_intermediate_kylin_sales_cube_mr_6222c210_ce2d_e8ce_dd0f_f12c38fa9115__group_by PARTITION (dict_column = 'KYLIN_SALES_BUYER_ID') SELECT a.DICT_KEY FROM  (SELECT KYLIN_SALES_BUYER_ID  as DICT_KEY FROM kylin_intermediate_kylin_sales_cube_mr_6222c210_ce2d_e8ce_dd0f_f12c38fa9115 GROUP BY KYLIN_SALES_BUYER_ID) a   LEFT JOIN  (SELECT  DICT_KEY FROM db.kylin_sales_cube_mr_notopn_global_dict WHERE DICT_COLUMN = 'KYLIN_SALES_BUYER_ID') b     ON a.DICT_KEY = b.DICT_KEY WHERE b.DICT_KEY IS NULL;
// KYLIN_MAX_DISTINCT_COUNT special partition
INSERT OVERWRITE TABLE kylin_intermediate_kylin_sales_cube_mr_6222c210_ce2d_e8ce_dd0f_f12c38fa9115__group_by PARTITION (DICT_COLUMN = 'KYLIN_MAX_DISTINCT_COUNT') SELECT  CONCAT_WS(',', tc.dict_column, cast(tc.total_distinct_val AS String), if(tm.max_dict_val is null, '0', cast(max_dict_val as string))) FROM  (SELECT  dict_column,count(1) total_distinct_val FROM kylin_intermediate_kylin_sales_cube_mr_6222c210_ce2d_e8ce_dd0f_f12c38fa9115__group_by where DICT_COLUMN != 'KYLIN_MAX_DISTINCT_COUNT' group by dict_column) tc  LEFT JOIN  (SELECT  dict_column,if(max(dict_val) is null, 0, max(dict_val)) as max_dict_val FROM db.kylin_sales_cube_mr_notopn_global_dict group by dict_column) tm  ON  tc.dict_column = tm.dict_column;
{code}",,,2,3,0,116682.05896666666,0,0,0,0,0,0,2
KYLIN-4345,Sub-task,KYLIN,2020-01-16 02:05:55.489,2020-04-06 02:47:40.028,wangxiaojing,Major,"Build Global Dict by MR/Hive, Parallel Part Build Step implementation","This step mainly implements temporary dictionary coding for each global dict column in parallel through MR and stored in HDFS.
 * Example stored in HDFS:
 /user/kylin/globaldic_test/kylin-188c9f9d_dabb_944e_9f20_99dc95be66e6/kylin_sales_cube_mr/dict_column=KYLIN_SALES_SELLER_ID/part_sort
 * Content is : temporary dict value and Original value, example like below:
 1 200002222
 2 100001
 3 300001",,,2,1,0,116681.74231666667,0,0,0,0,0,0,3
KYLIN-4346,Sub-task,KYLIN,2020-01-16 02:06:13.656,2020-04-06 02:47:40.028,wangxiaojing,Major,"Build Global Dict by MR/Hive, Parallel Total Build Step implementation","This step is to calculate the real global dict value of each global dict column and store the result in the global dict hive intermediate table (flatTableName_global_dict), 
this step only has mapper no reducer .",,,2,0,0,116681.43953333334,0,0,0,0,0,0,4
KYLIN-4347,Sub-task,KYLIN,2020-01-16 02:06:35.290,2020-04-06 02:47:40.028,wangxiaojing,Major,Spark engine BatchCubingJobBuilder implementation,,,,2,1,0,116681.07896666667,0,0,0,0,0,0,5
KYLIN-4348,Sub-task,KYLIN,2020-01-16 02:07:57.477,2020-04-06 02:47:40.028,wangxiaojing,Major,Fix distributed concurrency lock bug,,,,5,0,0,116679.70918333334,0,0,0,0,0,0,6
KYLIN-4366,Sub-task,KYLIN,2020-02-02 14:58:31.642,2020-04-06 02:47:40.028,wangxiaojing,Major,"Build Global Dict by MR/Hive, Merge to dict table Step implementation","Merge the global dict values of each column calculated by previous parallel total build step into the global dictionary table (default globalDictDatabase.cubeName_global_dict) of this cube.

HQL example below:
{code:java}
//Add partition if not exists
ALTER TABLE kylin_intermediate_kylin_sales_cube_mr_6222c210_ce2d_e8ce_dd0f_f12c38fa9115_global_dict add  IF NOT EXISTS partition (dict_column='KYLIN_SALES_SELLER_ID'); 
ALTER TABLE kylin_intermediate_kylin_sales_cube_mr_6222c210_ce2d_e8ce_dd0f_f12c38fa9115_global_dict add  IF NOT EXISTS partition (dict_column='KYLIN_SALES_BUYER_ID');

//merge data
INSERT OVERWRITE TABLE db.kylin_sales_cube_mr_global_dict PARTITION (dict_column = 'KYLIN_SALES_SELLER_ID') 
SELECT dict_key, dict_val FROM db.kylin_sales_cube_mr_global_dict WHERE dict_column = 'KYLIN_SALES_SELLER_ID' 
UNION 
SELECT dict_key, dict_val FROM kylin_intermediate_kylin_sales_cube_mr_6222c210_ce2d_e8ce_dd0f_f12c38fa9115_global_dict WHERE dict_column = 'KYLIN_SALES_SELLER_ID' ;
INSERT OVERWRITE TABLE db.kylin_sales_cube_mr_global_dict PARTITION (dict_column = 'KYLIN_SALES_BUYER_ID') 
SELECT dict_key, dict_val FROM db.kylin_sales_cube_mr_global_dict WHERE dict_column = 'KYLIN_SALES_BUYER_ID' 
UNION 
SELECT dict_key, dict_val FROM kylin_intermediate_kylin_sales_cube_mr_6222c210_ce2d_e8ce_dd0f_f12c38fa9115_global_dict WHERE dict_column = 'KYLIN_SALES_BUYER_ID' ;
{code}",,,2,1,0,91429.13976666666,0,0,0,0,0,0,7
KYLIN-4367,Sub-task,KYLIN,2020-02-02 14:59:17.089,2020-04-06 02:47:40.028,wangxiaojing,Major,"Build Global Dict by MR/Hive, Replace intermediate table Step implementation","Replace the original value in the flat table with the dictionary encoded value by HQL.

HQL example below:

 
{code:java}
INSERT OVERWRITE TABLE db.kylin_intermediate_kylin_sales_cube_mr_6222c210_ce2d_e8ce_dd0f_f12c38fa9115 
SELECT 
a.KYLIN_SALES_TRANS_ID 
,a.KYLIN_SALES_PART_DT 
,a.KYLIN_SALES_LEAF_CATEG_ID 
,a.KYLIN_SALES_LSTG_SITE_ID 
,a.KYLIN_CATEGORY_GROUPINGS_META_CATEG_NAME 
,a.KYLIN_CATEGORY_GROUPINGS_CATEG_LVL2_NAME 
,a.KYLIN_CATEGORY_GROUPINGS_CATEG_LVL3_NAME 
,a.KYLIN_SALES_LSTG_FORMAT_NAME 
,b.dict_val 
,a.KYLIN_SALES_BUYER_ID 
,a.BUYER_ACCOUNT_ACCOUNT_BUYER_LEVEL 
,a.SELLER_ACCOUNT_ACCOUNT_SELLER_LEVEL 
,a.BUYER_ACCOUNT_ACCOUNT_COUNTRY 
,a.SELLER_ACCOUNT_ACCOUNT_COUNTRY 
,a.BUYER_COUNTRY_NAME 
,a.SELLER_COUNTRY_NAME 
,a.KYLIN_SALES_OPS_USER_ID 
,a.KYLIN_SALES_OPS_REGION 
,a.KYLIN_SALES_PRICE 
,a.KYLIN_SALES_ITEM_COUNT 
FROM db.kylin_intermediate_kylin_sales_cube_mr_6222c210_ce2d_e8ce_dd0f_f12c38fa9115 a 
LEFT OUTER JOIN 
( 
SELECT dict_key, dict_val FROM db.kylin_sales_cube_mr_notopn_global_dict WHERE dict_column = 'KYLIN_SALES_SELLER_ID' 
) b 
 ON a.KYLIN_SALES_SELLER_ID = b.dict_key;INSERT OVERWRITE TABLE db.kylin_intermediate_kylin_sales_cube_mr_6222c210_ce2d_e8ce_dd0f_f12c38fa9115 
SELECT 
a.KYLIN_SALES_TRANS_ID 
,a.KYLIN_SALES_PART_DT 
,a.KYLIN_SALES_LEAF_CATEG_ID 
,a.KYLIN_SALES_LSTG_SITE_ID 
,a.KYLIN_CATEGORY_GROUPINGS_META_CATEG_NAME 
,a.KYLIN_CATEGORY_GROUPINGS_CATEG_LVL2_NAME 
,a.KYLIN_CATEGORY_GROUPINGS_CATEG_LVL3_NAME 
,a.KYLIN_SALES_LSTG_FORMAT_NAME 
,a.KYLIN_SALES_SELLER_ID 
,b.dict_val 
,a.BUYER_ACCOUNT_ACCOUNT_BUYER_LEVEL 
,a.SELLER_ACCOUNT_ACCOUNT_SELLER_LEVEL 
,a.BUYER_ACCOUNT_ACCOUNT_COUNTRY 
,a.SELLER_ACCOUNT_ACCOUNT_COUNTRY 
,a.BUYER_COUNTRY_NAME 
,a.SELLER_COUNTRY_NAME 
,a.KYLIN_SALES_OPS_USER_ID 
,a.KYLIN_SALES_OPS_REGION 
,a.KYLIN_SALES_PRICE 
,a.KYLIN_SALES_ITEM_COUNT 
FROM db.kylin_intermediate_kylin_sales_cube_mr_6222c210_ce2d_e8ce_dd0f_f12c38fa9115 a 
LEFT OUTER JOIN 
( 
SELECT dict_key, dict_val FROM db.kylin_sales_cube_mr_notopn_global_dict WHERE dict_column = 'KYLIN_SALES_BUYER_ID' 
) b 
 ON a.KYLIN_SALES_BUYER_ID = b.dict_key;
{code}
 ",,,2,1,0,91428.38231666667,0,0,0,0,0,0,8
KYLIN-4368,Sub-task,KYLIN,2020-02-02 16:09:19.317,2020-04-06 02:47:40.028,wangxiaojing,Major,Global domain dict for MR/Hive global dict,"    At present, global dictionary can reuse other columns in the same cube, but cannot reuse the dictionaries of other cubes in the cluster.
     It is suggested that not only the global dictionaries of the same cube can be reused, but also the global dictionaries of other cubes can be reused, which can greatly reduce the build time of dictionaries and avoid the repeated build of dictionaries.
     I add this feature called ""Global domain dictionary"" for tire-tree global dictionary implementation, issue KYLIN-4335
    This issue is Global domain dictionary for Mr/Hive implementation.",,,1,1,0,91358.34518333334,0,0,0,0,0,0,9
KYLIN-4181,New Feature,KYLIN,2019-09-29 03:10:23.401,2020-04-17 08:44:43.488,temple.zhou,Minor,Schedule Kylin using Kubernetes,,,,1,0,0,289774.33478333335,0,0,0,0,0,0,0
KYLIN-3844,Improvement,KYLIN,2019-03-05 07:54:33.439,2020-04-17 09:54:54.205,simpleyuzhang,Minor,some instruction about config 'kylin.metadata.hbasemapping-adapter',"Hi team:
    When someone want to self-define hbase column family mapping, they may need to know how to config 'kylin.metadata.hbasemapping-adapter'.
    Although tracing the code at CubeDesc:around 678 will show the usage of this configuration, some official instruction in document may be better.
    Just a small suggestion. :)

                                                                                                             Best regards
                                                                                                               yuzhang",,,1,0,0,589080.3461000001,1,2,0,0,0,0,0
DATALAB-1467,Task,DATALAB,2020-01-22 09:47:35.981,2020-04-21 10:48:13.686,vvitanska,Major,[Azure][Terraform]: Create script for endpoint deployment,,,,1,0,0,129660.62841666667,0,0,0,0,0,0,10
KYLIN-4491,New Feature,KYLIN,2020-05-11 08:11:19.154,2020-05-15 05:21:35.308,shaofengshi,Major,Query push down to Presto,"With the data source SDK, we can push down a query to Presto instead of Hive or Spark to gain better performance; With the SDK, we can also convert Kylin's SQL query to Presto SQL. ",,,15,0,0,5590.269233333333,0,0,0,0,0,0,0
KYLIN-4478,Improvement,KYLIN,2020-05-04 01:57:40.157,2020-05-15 07:50:12.371,mahir.kabir,Major,"Usage of ""AES/ECB/PKCS5Padding"" is insecure","*Vulnerability Description:* In “core-common/src/main/java/org/apache/kylin/common/util/EncryptUtil.java” file the following code was written in public static String encrypt(String strToEncrypt) method - 


{code:java}
Cipher cipher = Cipher.getInstance(""AES/ECB/PKCS5Padding"");
{code}


The vulnerability is, using ""AES/ECB/PKCS5Padding” as the argument to Cipher.getInstance method.


*Reason it’s vulnerable:* ”AES/ECB/PKCS5Padding” is not secure. For further reference, follow [this|https://zachgrace.com/posts/attacking-ecb/].


*Suggested Fix:* Using 

{code:java}
Cipher cipher = Cipher.getInstance(""AES/CFB/PKCS5Padding"");
{code}



*Feedback:* Please select any of the options down below to help us get an idea about how you felt about the suggestion - 

# Liked it and will make the suggested changes
# Liked it but happy with the existing version
# Didn’t find the suggestion helpful",,,2,0,0,16192.536900000001,0,0,0,0,0,0,1
KYLIN-4480,New Feature,KYLIN,2020-05-06 07:37:16.794,2020-05-15 07:50:32.168,lxian2,Minor,Implement runtime non-equi join,"Currently Kylin does not support non-equi join. This issue is aim to add runtime non-equi join feature to Kylin so that queries like
{code:java}
    select
      |
    non-equi join
     /        \
   subquery1  subquery2
{code}
can now be executed like below. Kylin will read data from subquery cubes and do non-equi join during runtime
{code:java}
    select
      |
    runtime non-equi join
     /        \
   cube1     cube2
{code}
I have submitted a PR for this issue

[https://github.com/apache/kylin/pull/1195]

[https://github.com/Kyligence/calcite/pull/133]

 ",,,2,0,0,12973.256233333332,0,0,0,0,0,0,0
KYLIN-4281,Improvement,KYLIN,2019-12-06 09:03:04.803,2020-05-18 00:00:04.813,yaho,Major,Precisely set the data type of tuple expression,"Previously to simplify the calculating of sum(case when), all of the binary calculation is based on BigDecimal, which is not good for all, especially when dealing with count(distinct case when), whose inner data type may be hll or bitmap.",,,2,0,0,235617.00016666666,0,0,0,0,0,0,0
KYLIN-4294,Improvement,KYLIN,2019-12-11 02:36:04.189,2020-05-18 00:00:04.813,kyle0805,Minor,Add http api for metrics ,"# Expose metrics through http api to facilitate the integration of some external monitoring components, such as tsdb
 # add a python script for tcollector",,,3,0,0,228804.0104,0,0,0,0,0,0,0
KYLIN-4315,Improvement,KYLIN,2019-12-26 14:41:35.588,2020-05-18 00:00:04.813,xiacongling,Major,Use metadata numRows in beeline client for quick row counting,"Hi, I find that in `BeelineHiveClient`, method `getHiveTableRows` uses ""select count(*) from <tb_name>"" for table row counting. The method is invoked in flat intermediate table redistribution step in cube building.

This stats can be loaded in metastore. It costs much less time than scanning all rows in Hive table. Since intermediate tables are created and inserted by Kylin, statistics will be automatically calculated and stored in metastore when `[hive.stats.autogather|https://cwiki.apache.org/confluence/display/Hive/Configuration+Properties#ConfigurationProperties-hive.stats.autogather]` is enabled (which is the default setting for Hive). 

ref Hive wiki for more detail about `numRows` stats: [https://cwiki.apache.org/confluence/display/Hive/StatsDev#StatsDev-ExistingTables%E2%80%93ANALYZE]",,,2,1,0,206478.48708333334,0,0,0,0,0,0,0
KYLIN-4394,Improvement,KYLIN,2020-03-01 12:29:41.413,2020-05-18 00:00:04.813,xucy,Major,Upgrade dependency version for several CVEs,"I noticed some of your libraries contained CVEs. I suggest updating their versions to increase the security of your project. The following is a detailed content.
 * *Vulnerable Library Version:* org.scala-lang : scala-compiler : 2.11.0 *CVE ID:* [CVE-2017-15288|https://cve.mitre.org/cgi-bin/cvename.cgi?name=CVE-2017-15288] *Import Path:* engine-flink/pom.xml, kylin-it/pom.xml, engine-spark/pom.xml *Suggested Safe Versions:* 2.11.12, 2.12.10, 2.12.4, 2.12.5, 2.12.6, 2.12.7, 2.12.8, 2.12.9, 2.13.0, 2.13.0-M1, 2.13.0-M2, 2.13.0-M3, 2.13.0-M3-f73b161, 2.13.0-M4, 2.13.0-M4-pre-20d3c21, 2.13.0-M5, 2.13.0-M5-1775dba, 2.13.0-M5-5eef812, 2.13.0-M5-6e0cba7, 2.13.0-RC1, 2.13.0-RC2, 2.13.0-RC3, 2.13.1

 * *Vulnerable Library Version:* org.apache.tomcat : tomcat-catalina : 7.0.91 *CVE ID:* [CVE-2016-8735|https://cve.mitre.org/cgi-bin/cvename.cgi?name=CVE-2016-8735], [CVE-2019-0232|https://cve.mitre.org/cgi-bin/cvename.cgi?name=CVE-2019-0232], [CVE-2016-6794|https://cve.mitre.org/cgi-bin/cvename.cgi?name=CVE-2016-6794], [CVE-2016-6816|https://cve.mitre.org/cgi-bin/cvename.cgi?name=CVE-2016-6816], [CVE-2016-8745|https://cve.mitre.org/cgi-bin/cvename.cgi?name=CVE-2016-8745], [CVE-2019-17563|https://cve.mitre.org/cgi-bin/cvename.cgi?name=CVE-2019-17563] *Import Path:* tomcat-ext/pom.xml, server/pom.xml, server-base/pom.xml *Suggested Safe Versions:* 10.0.0-M1, 7.0.100, 9.0.30, 9.0.31

 * *Vulnerable Library Version:* com.h2database : h2 : 1.4.196 *CVE ID:* [CVE-2018-10054|https://cve.mitre.org/cgi-bin/cvename.cgi?name=CVE-2018-10054], [CVE-2018-14335|https://cve.mitre.org/cgi-bin/cvename.cgi?name=CVE-2018-14335] *Import Path:* server/pom.xml, kylin-it/pom.xml, source-jdbc/pom.xml, source-hive/pom.xml, datasource-sdk/pom.xml *Suggested Safe Versions:* 1.4.198, 1.4.199, 1.4.200

 * *Vulnerable Library Version:* com.google.guava : guava : 14.0 *CVE ID:* [CVE-2018-10237|https://cve.mitre.org/cgi-bin/cvename.cgi?name=CVE-2018-10237] *Import Path:* core-storage/pom.xml, stream-receiver/pom.xml, server/pom.xml, core-cube/pom.xml, core-metadata/pom.xml, jdbc/pom.xml, tool-assembly/pom.xml, core-metrics/pom.xml *Suggested Safe Versions:* 24.1.1-android, 24.1.1-jre, 25.0-android, 25.0-jre, 25.1-android, 25.1-jre, 26.0-android, 26.0-jre, 27.0-android, 27.0-jre, 27.0.1-android, 27.0.1-jre, 27.1-android, 27.1-jre, 28.0-android, 28.0-jre, 28.1-android, 28.1-jre, 28.2-android, 28.2-jre

 * *Vulnerable Library Version:* org.apache.hive.hcatalog : hive-hcatalog-core : 1.2.1 *CVE ID:* [CVE-2015-7521|https://cve.mitre.org/cgi-bin/cvename.cgi?name=CVE-2015-7521] *Import Path:* metrics-reporter-hive/pom.xml, assembly/pom.xml, server/pom.xml, kylin-it/pom.xml, source-jdbc/pom.xml, source-hive/pom.xml, server-base/pom.xml *Suggested Safe Versions:* 1.2.2, 2.0.0, 2.0.1, 2.1.0, 2.1.1, 2.2.0, 2.3.0, 2.3.1, 2.3.2, 2.3.3, 2.3.4, 2.3.5, 2.3.6, 3.0.0, 3.1.0, 3.1.1, 3.1.2

 * *Vulnerable Library Version:* org.apache.spark : spark-core_2.11 : 2.3.2 *CVE ID:* [CVE-2017-7678|https://cve.mitre.org/cgi-bin/cvename.cgi?name=CVE-2017-7678], [CVE-2018-3826|https://cve.mitre.org/cgi-bin/cvename.cgi?name=CVE-2018-3826], [CVE-2018-11770|https://cve.mitre.org/cgi-bin/cvename.cgi?name=CVE-2018-11770], [CVE-2019-10099|https://cve.mitre.org/cgi-bin/cvename.cgi?name=CVE-2019-10099] *Import Path:* server/pom.xml, kylin-it/pom.xml, engine-spark/pom.xml, storage-hbase/pom.xml *Suggested Safe Versions:* 2.4.5

 * *Vulnerable Library Version:* org.apache.kafka : kafka_2.11 : 1.0.0 *CVE ID:* [CVE-2018-1288|https://cve.mitre.org/cgi-bin/cvename.cgi?name=CVE-2018-1288], [CVE-2019-17196|https://cve.mitre.org/cgi-bin/cvename.cgi?name=CVE-2019-17196] *Import Path:* assembly/pom.xml, source-kafka/pom.xml, kylin-it/pom.xml, stream-source-kafka/pom.xml, metrics-reporter-kafka/pom.xml *Suggested Safe Versions:* 2.1.1, 2.2.0, 2.2.1, 2.2.2, 2.3.0, 2.3.1, 2.4.0

 * *Vulnerable Library Version:* org.apache.hive : hive-jdbc : 1.2.1 *CVE ID:* [CVE-2016-3083|https://cve.mitre.org/cgi-bin/cvename.cgi?name=CVE-2016-3083], [CVE-2015-7521|https://cve.mitre.org/cgi-bin/cvename.cgi?name=CVE-2015-7521], [CVE-2018-1282|https://cve.mitre.org/cgi-bin/cvename.cgi?name=CVE-2018-1282] *Import Path:* server/pom.xml, source-jdbc/pom.xml, source-hive/pom.xml *Suggested Safe Versions:* 2.3.3, 2.3.4, 2.3.5, 2.3.6, 3.0.0, 3.1.0, 3.1.1, 3.1.2

 * *Vulnerable Library Version:* org.apache.hadoop : hadoop-hdfs : 2.7.1 *CVE ID:* [CVE-2016-5001|https://cve.mitre.org/cgi-bin/cvename.cgi?name=CVE-2016-5001], [CVE-2018-11768|https://cve.mitre.org/cgi-bin/cvename.cgi?name=CVE-2018-11768] *Import Path:* metrics-reporter-hive/pom.xml, assembly/pom.xml, stream-core/pom.xml, stream-receiver/pom.xml, server/pom.xml, kylin-it/pom.xml, engine-mr/pom.xml, storage-hbase/pom.xml *Suggested Safe Versions:* 2.10.0, 2.8.5, 2.9.2, 3.1.2, 3.1.3, 3.2.0, 3.2.1

 * *Vulnerable Library Version:* org.springframework : spring-core : 4.3.10.RELEASE *CVE ID:* [CVE-2018-1272|https://cve.mitre.org/cgi-bin/cvename.cgi?name=CVE-2018-1272] *Import Path:* tool/pom.xml *Suggested Safe Versions:* 4.3.15.RELEASE, 4.3.16.RELEASE, 4.3.17.RELEASE, 4.3.18.RELEASE, 4.3.19.RELEASE, 4.3.20.RELEASE, 4.3.21.RELEASE, 4.3.22.RELEASE, 4.3.23.RELEASE, 4.3.24.RELEASE, 4.3.25.RELEASE, 4.3.26.RELEASE, 5.0.10.RELEASE, 5.0.11.RELEASE, 5.0.12.RELEASE, 5.0.13.RELEASE, 5.0.14.RELEASE, 5.0.15.RELEASE, 5.0.16.RELEASE, 5.0.5.RELEASE, 5.0.6.RELEASE, 5.0.7.RELEASE, 5.0.8.RELEASE, 5.0.9.RELEASE, 5.1.0.RELEASE, 5.1.1.RELEASE, 5.1.10.RELEASE, 5.1.11.RELEASE, 5.1.12.RELEASE, 5.1.13.RELEASE, 5.1.2.RELEASE, 5.1.3.RELEASE, 5.1.4.RELEASE, 5.1.5.RELEASE, 5.1.6.RELEASE, 5.1.7.RELEASE, 5.1.8.RELEASE, 5.1.9.RELEASE, 5.2.0.RELEASE, 5.2.1.RELEASE, 5.2.2.RELEASE, 5.2.3.RELEASE

 * *Vulnerable Library Version:* com.fasterxml.jackson.core : jackson-databind : 2.9.5 *CVE ID:* [CVE-2019-16335|https://cve.mitre.org/cgi-bin/cvename.cgi?name=CVE-2019-16335], [CVE-2019-12814|https://cve.mitre.org/cgi-bin/cvename.cgi?name=CVE-2019-12814], [CVE-2018-19362|https://cve.mitre.org/cgi-bin/cvename.cgi?name=CVE-2018-19362], [CVE-2018-19360|https://cve.mitre.org/cgi-bin/cvename.cgi?name=CVE-2018-19360], [CVE-2019-14439|https://cve.mitre.org/cgi-bin/cvename.cgi?name=CVE-2019-14439], [CVE-2019-16943|https://cve.mitre.org/cgi-bin/cvename.cgi?name=CVE-2019-16943], [CVE-2019-14379|https://cve.mitre.org/cgi-bin/cvename.cgi?name=CVE-2019-14379], [CVE-2019-14540|https://cve.mitre.org/cgi-bin/cvename.cgi?name=CVE-2019-14540], [CVE-2019-17267|https://cve.mitre.org/cgi-bin/cvename.cgi?name=CVE-2019-17267], [CVE-2018-12023|https://cve.mitre.org/cgi-bin/cvename.cgi?name=CVE-2018-12023], [CVE-2020-8840|https://cve.mitre.org/cgi-bin/cvename.cgi?name=CVE-2020-8840], [CVE-2019-20330|https://cve.mitre.org/cgi-bin/cvename.cgi?name=CVE-2019-20330], [CVE-2019-12384|https://cve.mitre.org/cgi-bin/cvename.cgi?name=CVE-2019-12384], [CVE-2019-12086|https://cve.mitre.org/cgi-bin/cvename.cgi?name=CVE-2019-12086], [CVE-2018-14720|https://cve.mitre.org/cgi-bin/cvename.cgi?name=CVE-2018-14720], [CVE-2018-14721|https://cve.mitre.org/cgi-bin/cvename.cgi?name=CVE-2018-14721], [CVE-2018-14719|https://cve.mitre.org/cgi-bin/cvename.cgi?name=CVE-2018-14719], [CVE-2019-17531|https://cve.mitre.org/cgi-bin/cvename.cgi?name=CVE-2019-17531], [CVE-2018-14718|https://cve.mitre.org/cgi-bin/cvename.cgi?name=CVE-2018-14718], [CVE-2018-11307|https://cve.mitre.org/cgi-bin/cvename.cgi?name=CVE-2018-11307], [CVE-2018-19361|https://cve.mitre.org/cgi-bin/cvename.cgi?name=CVE-2018-19361], [CVE-2019-16942|https://cve.mitre.org/cgi-bin/cvename.cgi?name=CVE-2019-16942] *Import Path:* core-common/pom.xml, stream-receiver/pom.xml *Suggested Safe Versions:* 2.10.0, 2.10.1, 2.10.2, 2.9.10.3

 * *Vulnerable Library Version:* org.springframework.security : spring-security-core : 4.2.3.RELEASE *CVE ID:* [CVE-2019-3795|https://cve.mitre.org/cgi-bin/cvename.cgi?name=CVE-2019-3795], [CVE-2019-11272|https://cve.mitre.org/cgi-bin/cvename.cgi?name=CVE-2019-11272] *Import Path:* stream-receiver/pom.xml *Suggested Safe Versions:* 4.2.13.RELEASE, 4.2.14.RELEASE, 5.0.12.RELEASE, 5.0.13.RELEASE, 5.0.14.RELEASE, 5.1.5.RELEASE, 5.1.6.RELEASE, 5.1.7.RELEASE, 5.1.8.RELEASE, 5.2.0.RELEASE, 5.2.1.RELEASE, 5.2.2.RELEASE

 * *Vulnerable Library Version:* org.apache.hadoop : hadoop-common : 2.7.1 *CVE ID:* [CVE-2016-5393|https://cve.mitre.org/cgi-bin/cvename.cgi?name=CVE-2016-5393], [CVE-2018-8009|https://cve.mitre.org/cgi-bin/cvename.cgi?name=CVE-2018-8009], [CVE-2016-6811|https://cve.mitre.org/cgi-bin/cvename.cgi?name=CVE-2016-6811], [CVE-2017-15718|https://cve.mitre.org/cgi-bin/cvename.cgi?name=CVE-2017-15718], [CVE-2016-3086|https://cve.mitre.org/cgi-bin/cvename.cgi?name=CVE-2016-3086], [CVE-2017-15713|https://cve.mitre.org/cgi-bin/cvename.cgi?name=CVE-2017-15713], [CVE-2018-8029|https://cve.mitre.org/cgi-bin/cvename.cgi?name=CVE-2018-8029] *Import Path:* core-storage/pom.xml, tomcat-ext/pom.xml...(The rest of the 33 paths is hidden.) *Suggested Safe Versions:* 3.1.1, 3.1.2, 3.1.3, 3.2.0, 3.2.1

 * *Vulnerable Library Version:* org.apache.httpcomponents : httpclient : 4.2.5 *CVE ID:* [CVE-2014-3577|https://cve.mitre.org/cgi-bin/cvename.cgi?name=CVE-2014-3577], [CVE-2015-5262|https://cve.mitre.org/cgi-bin/cvename.cgi?name=CVE-2015-5262] *Import Path:* core-common/pom.xml, jdbc/pom.xml *Suggested Safe Versions:* 4.3.6, 4.4, 4.4-alpha1, 4.4-beta1, 4.4.1, 4.5, 4.5.1, 4.5.10, 4.5.11, 4.5.2, 4.5.3, 4.5.4, 4.5.5, 4.5.6, 4.5.7, 4.5.8, 4.5.9

 * *Vulnerable Library Version:* org.springframework : spring-webmvc : 4.3.10.RELEASE *CVE ID:* [CVE-2018-15756|https://cve.mitre.org/cgi-bin/cvename.cgi?name=CVE-2018-15756], [CVE-2018-1271|https://cve.mitre.org/cgi-bin/cvename.cgi?name=CVE-2018-1271], [CVE-2018-1199|https://cve.mitre.org/cgi-bin/cvename.cgi?name=CVE-2018-1199] *Import Path:* stream-receiver/pom.xml, server-base/pom.xml *Suggested Safe Versions:* 4.3.20.RELEASE, 4.3.21.RELEASE, 4.3.22.RELEASE, 4.3.23.RELEASE, 4.3.24.RELEASE, 4.3.25.RELEASE, 4.3.26.RELEASE, 5.0.16.RELEASE, 5.1.13.RELEASE, 5.2.3.RELEASE

 * *Vulnerable Library Version:* org.apache.hadoop : hadoop-mapreduce-client-core : 2.7.1 *CVE ID:* [CVE-2017-3166|https://cve.mitre.org/cgi-bin/cvename.cgi?name=CVE-2017-3166] *Import Path:* engine-flink/pom.xml, server/pom.xml, kylin-it/pom.xml, engine-mr/pom.xml *Suggested Safe Versions:* 2.10.0, 2.7.4, 2.7.5, 2.7.6, 2.7.7, 2.8.0, 2.8.1, 2.8.2, 2.8.3, 2.8.4, 2.8.5, 2.9.0, 2.9.1, 2.9.2, 3.0.0-alpha4, 3.0.0-beta1, 3.0.1, 3.0.2, 3.0.3, 3.1.0, 3.1.1, 3.1.2, 3.1.3, 3.2.0, 3.2.1

 * *Vulnerable Library Version:* org.apache.commons : commons-compress : 1.18 *CVE ID:* [CVE-2019-12402|https://cve.mitre.org/cgi-bin/cvename.cgi?name=CVE-2019-12402] *Import Path:* core-common/pom.xml *Suggested Safe Versions:* 1.19, 1.20

 * *Vulnerable Library Version:* org.eclipse.jetty : jetty-server : 9.3.22.v20171030 *CVE ID:* [CVE-2017-7656|https://cve.mitre.org/cgi-bin/cvename.cgi?name=CVE-2017-7656], [CVE-2019-10247|https://cve.mitre.org/cgi-bin/cvename.cgi?name=CVE-2019-10247], [CVE-2017-7657|https://cve.mitre.org/cgi-bin/cvename.cgi?name=CVE-2017-7657], [CVE-2017-7658|https://cve.mitre.org/cgi-bin/cvename.cgi?name=CVE-2017-7658], [CVE-2018-12536|https://cve.mitre.org/cgi-bin/cvename.cgi?name=CVE-2018-12536] *Import Path:* stream-receiver/pom.xml, server/pom.xml, server-base/pom.xml *Suggested Safe Versions:* 10.0.0-alpha0, 10.0.0.alpha1, 9.4.17.v20190418, 9.4.18.v20190429, 9.4.19.v20190610, 9.4.20.v20190813, 9.4.24.v20191120, 9.4.25.v20191220, 9.4.26.v20200117

 * *Vulnerable Library Version:* mysql : mysql-connector-java : 5.1.8 *CVE ID:* [CVE-2019-2692|https://cve.mitre.org/cgi-bin/cvename.cgi?name=CVE-2019-2692], [CVE-2017-3523|https://cve.mitre.org/cgi-bin/cvename.cgi?name=CVE-2017-3523], [CVE-2017-3589|https://cve.mitre.org/cgi-bin/cvename.cgi?name=CVE-2017-3589] *Import Path:* core-common/pom.xml, server/pom.xml, kylin-it/pom.xml *Suggested Safe Versions:* 8.0.16, 8.0.17, 8.0.18, 8.0.19

 * *Vulnerable Library Version:* org.postgresql : postgresql : 42.1.1 *CVE ID:* [CVE-2018-10936|https://cve.mitre.org/cgi-bin/cvename.cgi?name=CVE-2018-10936] *Import Path:* datasource-sdk/pom.xml *Suggested Safe Versions:* 42.2.10, 42.2.10.jre6, 42.2.10.jre7, 42.2.5, 42.2.5.jre6, 42.2.5.jre7, 42.2.6, 42.2.6.jre6, 42.2.6.jre7, 42.2.7, 42.2.7.jre6, 42.2.7.jre7, 42.2.8, 42.2.8.jre6, 42.2.8.jre7, 42.2.9, 42.2.9.jre6, 42.2.9.jre7

 * *Vulnerable Library Version:* xerces : xercesImpl : 2.11.0 *CVE ID:* [CVE-2012-0881|https://cve.mitre.org/cgi-bin/cvename.cgi?name=CVE-2012-0881], [CVE-2013-4002|https://cve.mitre.org/cgi-bin/cvename.cgi?name=CVE-2013-4002] *Import Path:* kylin-it/pom.xml *Suggested Safe Versions:* 2.12.0",,,3,3,0,111570.39,0,0,0,0,0,0,0
KYLIN-4411,Improvement,KYLIN,2020-03-09 08:32:58.401,2020-05-18 00:00:04.813,yaho,Minor,Job Engine Improvement,,,,1,2,0,100287.10686666665,0,0,0,0,0,0,1
KYLIN-4419,Improvement,KYLIN,2020-03-10 08:57:56.647,2020-05-18 14:05:52.482,yaho,Major,Make it possible to change metadata in some cases without rebuilding data,,,,4,0,0,99667.93058333333,0,0,0,0,0,0,2
KYLIN-4477,Improvement,KYLIN,2020-05-04 01:42:10.471,2020-05-18 14:14:25.979,mahir.kabir,Major,"Usage of ""TLS"" is insecure","*Vulnerability Description:* In “engine-mr/src/main/java/org/apache/kylin/engine/mr/common/DefaultSslProtocolSocketFactory.java” file the following code was written in
{code:java}
private static SSLContext createEasySSLContext()
{code}
method -
{code:java}
SSLContext context = SSLContext.getInstance(""TLS"");
{code}
The vulnerability is, using ""TLS” as the argument to SSLContext.getInstance method.

*Reason it’s vulnerable:* TLS 1.0 is vulnerable to man-in-the-middle attacks. For further reference, follow [this|https://www.comodo.com/e-commerce/ssl-certificates/tls-1-deprecation.php].

*Suggested Fix:* Using
{code:java}
SSLContext.getInstance(""TLSv1.3"").
{code}
*Feedback:* Please select any of the options down below to help us get an idea about how you felt about the suggestion -
 # Liked it and will make the suggested changes
 # Liked it but happy with the existing version
 # Didn’t find the suggestion helpful",,,7,0,0,20912.258466666666,0,0,0,0,0,0,0
KYLIN-4305,Improvement,KYLIN,2019-12-17 14:07:21.421,2020-05-18 14:17:19.317,hit_lacus,Major,Streaming Receiver cannot limit income query request or cancel long-running query,"When under heavy load(high rate of query request), receiver can not stand it, and most quey may timeout, but the query processing thread cannot be cancelled in receiver side, which will cause receiver's crash. You have to restart it.


kylin.log
{code:java}
Caused by: java.lang.RuntimeException: timeout when call stream rpc
	at org.apache.kylin.storage.stream.rpc.HttpStreamDataSearchClient$QueuedStreamingTupleIterator.hasNext(HttpStreamDataSearchClient.java:298)
	at com.google.common.collect.Iterators$5.hasNext(Iterators.java:596)
	at org.apache.kylin.metadata.tuple.CompoundTupleIterator.hasNext(CompoundTupleIterator.java:52)
	at org.apache.kylin.query.enumerator.OLAPEnumerator.moveNext(OLAPEnumerator.java:63)
	at Baz$1$1.moveNext(Unknown Source)
	at org.apache.calcite.linq4j.EnumerableDefaults.groupBy_(EnumerableDefaults.java:825)
	at org.apache.calcite.linq4j.EnumerableDefaults.groupBy(EnumerableDefaults.java:761)
	at org.apache.calcite.linq4j.DefaultEnumerable.groupBy(DefaultEnumerable.java:302)
	at Baz.bind(Unknown Source)
	at org.apache.calcite.jdbc.CalcitePrepare$CalciteSignature.enumerable(CalcitePrepare.java:365)
	at org.apache.calcite.jdbc.CalciteConnectionImpl.enumerable(CalciteConnectionImpl.java:301)
	at org.apache.calcite.jdbc.CalciteMetaImpl._createIterable(CalciteMetaImpl.java:559)
	at org.apache.calcite.jdbc.CalciteMetaImpl.createIterable(CalciteMetaImpl.java:550)
	at org.apache.calcite.avatica.AvaticaResultSet.execute(AvaticaResultSet.java:182)
	at org.apache.calcite.jdbc.CalciteResultSet.execute(CalciteResultSet.java:67)
	at org.apache.calcite.jdbc.CalciteResultSet.execute(CalciteResultSet.java:44)
	at org.apache.calcite.avatica.AvaticaConnection$1.execute(AvaticaConnection.java:667)
	at org.apache.calcite.jdbc.CalciteMetaImpl.prepareAndExecute(CalciteMetaImpl.java:619)
	at org.apache.calcite.avatica.AvaticaConnection.prepareAndExecuteInternal(AvaticaConnection.java:675)
	at org.apache.calcite.avatica.AvaticaStatement.executeInternal(AvaticaStatement.java:156)
	... 83 more
{code}



jstack
{code:java}
""qtp1901663135-48"" #48 prio=5 os_prio=0 tid=0x00007f839995f800 nid=0x3cdd runnable [0x00007f83674fe000]
   java.lang.Thread.State: RUNNABLE
	at java.lang.Thread.yield(Native Method)
	at org.apache.kylin.stream.core.query.MultiThreadsResultCollector$1.hasNext(MultiThreadsResultCollector.java:75)
	at org.apache.kylin.stream.core.query.RecordsAggregator.aggregate(RecordsAggregator.java:100)
	at org.apache.kylin.stream.core.query.StreamingCubeDataSearcher$StreamAggregateSearchResult.iterator(StreamingCubeDataSearcher.java:191)
	at org.apache.kylin.stream.server.rest.controller.DataController.query(DataController.java:119)
	at sun.reflect.GeneratedMethodAccessor87.invoke(Unknown Source)
	at sun.reflect.DelegatingMethodAccessorImpl.invoke(DelegatingMethodAccessorImpl.java:43)
	at java.lang.reflect.Method.invoke(Method.java:498)
	at org.springframework.web.method.support.InvocableHandlerMethod.doInvoke(InvocableHandlerMethod.java:205)
	at org.springframework.web.method.support.InvocableHandlerMethod.invokeForRequest(InvocableHandlerMethod.java:133)
	at org.springframework.web.servlet.mvc.method.annotation.ServletInvocableHandlerMethod.invokeAndHandle(ServletInvocableHandlerMethod.java:97)
	at org.springframework.web.servlet.mvc.method.annotation.RequestMappingHandlerAdapter.invokeHandlerMethod(RequestMappingHandlerAdapter.java:827)
	at org.springframework.web.servlet.mvc.method.annotation.RequestMappingHandlerAdapter.handleInternal(RequestMappingHandlerAdapter.java:738)
	at org.springframework.web.servlet.mvc.method.AbstractHandlerMethodAdapter.handle(AbstractHandlerMethodAdapter.java:85)
	at org.springframework.web.servlet.DispatcherServlet.doDispatch(DispatcherServlet.java:967)
	at org.springframework.web.servlet.DispatcherServlet.doService(DispatcherServlet.java:901)
	at org.springframework.web.servlet.FrameworkServlet.processRequest(FrameworkServlet.java:970)
	at org.springframework.web.servlet.FrameworkServlet.doPost(FrameworkServlet.java:872)
	at javax.servlet.http.HttpServlet.service(HttpServlet.java:707)
	at org.springframework.web.servlet.FrameworkServlet.service(FrameworkServlet.java:846)
	at javax.servlet.http.HttpServlet.service(HttpServlet.java:790)
	at org.eclipse.jetty.servlet.ServletHolder.handle(ServletHolder.java:848)
	at org.eclipse.jetty.servlet.ServletHandler.doHandle(ServletHandler.java:584)
	at org.eclipse.jetty.server.handler.ContextHandler.doHandle(ContextHandler.java:1180)
	at org.eclipse.jetty.servlet.ServletHandler.doScope(ServletHandler.java:512)
	at org.eclipse.jetty.server.handler.ContextHandler.doScope(ContextHandler.java:1112)
	at org.eclipse.jetty.server.handler.ScopedHandler.handle(ScopedHandler.java:141)
	at org.eclipse.jetty.server.handler.ContextHandlerCollection.handle(ContextHandlerCollection.java:213)
	at org.eclipse.jetty.server.handler.HandlerWrapper.handle(HandlerWrapper.java:134)
	at org.eclipse.jetty.server.Server.handle(Server.java:534)
	at org.eclipse.jetty.server.HttpChannel.handle(HttpChannel.java:333)
	at org.eclipse.jetty.server.HttpConnection.onFillable(HttpConnection.java:251)
	at org.eclipse.jetty.io.AbstractConnection$ReadCallback.succeeded(AbstractConnection.java:283)
	at org.eclipse.jetty.io.FillInterest.fillable(FillInterest.java:108)
	at org.eclipse.jetty.io.SelectChannelEndPoint$2.run(SelectChannelEndPoint.java:93)
	at org.eclipse.jetty.util.thread.strategy.ExecuteProduceConsume.executeProduceConsume(ExecuteProduceConsume.java:303)
	at org.eclipse.jetty.util.thread.strategy.ExecuteProduceConsume.produceConsume(ExecuteProduceConsume.java:148)
	at org.eclipse.jetty.util.thread.strategy.ExecuteProduceConsume.run(ExecuteProduceConsume.java:136)
	at org.eclipse.jetty.util.thread.QueuedThreadPool.runJob(QueuedThreadPool.java:671)
	at org.eclipse.jetty.util.thread.QueuedThreadPool$2.run(QueuedThreadPool.java:589)
	at java.lang.Thread.run(Thread.java:748)
{code}

{code}
[root@cdh-worker-1 apache-kylin-3.0.0-SNAPSHOT-bin]# jstack 15512 | grep org.apache.kylin.stream.core.query.MultiThreadsResultCollector | wc -l
81
{code}",,,8,0,0,220329.96493333334,0,0,0,0,0,0,0
DATALAB-1784,Improvement,DATALAB,2020-05-07 10:05:00.665,2020-05-20 08:17:23.888,vvitanska,Minor,Add possiblity to interrupt (cancel) upload during uploading stage,"# Change icon  for cancel upload from 'x' to 'bin'
 # Do not allow to close general upload grid if upload is in progress",,,1,0,0,18612.38705,0,0,0,0,0,0,14
OFBIZ-11472,Task,OFBIZ,2020-03-22 10:33:59.897,2020-05-20 18:11:08.076,swapnilmmane,Minor,Demo instance setup for OFBiz 17.12 release and obsolete 13.07 demo,"As discussed at [https://s.apache.org/kn1f9] thread,

We will setup new demo instance for 17.12 and obsolete 13.07. 
The OFBiz demos are hosted at ofbiz-vm3.apache.org VM

Currently, OFBiz has three demo instance:
-- Previous Stable Release 13.07 - Demo
https://demo-old.ofbiz.apache.org/ordermgr/control/main

-- Current Stable Release 16.11 - Demo
https://demo-stable.ofbiz.apache.org/ordermgr/control/main

-- Developer Trunk - Demo
https://demo-trunk.ofbiz.apache.org/ordermgr/control/main

So, as per new plan.
https://demo-old.ofbiz.apache.org will point to 16.11 (which is currently pointed at https://demo-stable.ofbiz.apache.org)


And the newly setup 17.12 will be served at https://demo-stable.ofbiz.apache.org
 
For this, we will need to make changes in the deployment scripts.",,,6,0,0,85417.13631666666,0,0,0,0,0,0,0
OFBIZ-10016,Sub-task,OFBIZ,2017-11-25 12:32:33.317,2020-05-21 18:11:00.000,parakh.maheshwari,Major,Update markup of Login page according to standard markup given by Bootstrap v4.0.0,,,,6,0,0,1307858.4447166666,0,0,0,0,0,0,0
OFBIZ-11304,Sub-task,OFBIZ,2019-12-02 15:44:11.629,2020-05-21 18:11:00.000,jacques.le.roux,Minor,Install a Checkstyle pre-push on every committer machine,"The ofbizTrunkFrameworkPlugins build fails when a lint error is detected by the check gradle task. It's ""hard"" to exactly know from where lint errors  come among all still present.

I think we should rely on a Checkstyle pre-commit hook like https://gist.github.com/davetron5000/37350 to complement tasks.checkstyleMain.maxErrors. This pre-commit hook prevents to commit when a lint error is present in the commit. 

Every committer would have it installed locally and the problem would be gone with some committers good will. I started a discussion about it at https://markmail.org/message/guxbsvdkzky7gtdx. Jacopo made the same proposition years ago: https://markmail.org/message/gkgmko4axj3vtnv3",,,8,1,0,246386.80618333333,1,6,1,0,0,0,5
OFBIZ-11394,Sub-task,OFBIZ,2020-02-22 05:39:26.531,2020-05-21 18:11:00.000,devanshu.vyas,Minor,Convert getSubContentWithPermCheck service from mini-lang to groovy DSL,Convert getSubContentWithPermCheck service code from mini-lang to groovy DSL.,,,6,0,0,128911.55781666665,0,0,0,0,0,0,0
OFBIZ-11578,Sub-task,OFBIZ,2020-04-02 06:46:21.138,2020-05-21 18:11:00.000,sberg,Minor,Convert PriceServices.xml minilang to groovy,,,,3,0,0,71244.6477,0,0,0,0,0,0,0
KYLIN-4520,Improvement,KYLIN,2020-05-24 00:58:34.959,2020-05-24 01:40:37.244,shaofengshi,Major,Improve StorageCleanJobHbaseUtil to cleanup HBase tables in parallel,"The current StorageCleanJobHbaseUtil supports multi-threads, while from the execution logs, it still check one by one, so not really multi-threading. 

 

Below is the logs that use 5 threads "" -- thread 5"":

 
{code:java}
// code placeholder

2020-05-23 02:02:26,538 INFO  [main] job.StorageCleanJobHbaseUtil:114 : Use 5 threads to drop unused hbase tables
2020-05-23 02:02:26,539 INFO  [pool-5-thread-1] job.StorageCleanJobHbaseUtil:171 : Deleting HBase table KYLIN_56XU9WDLOZ
2020-05-23 02:02:26,562 INFO  [pool-5-thread-1] job.StorageCleanJobHbaseUtil:180 : HBase tableKYLIN_56XU9WDLOZ does not exist
2020-05-23 02:02:26,564 INFO  [pool-5-thread-2] job.StorageCleanJobHbaseUtil:171 : Deleting HBase table KYLIN_590IHJ5QTM
2020-05-23 02:02:26,576 INFO  [pool-5-thread-2] job.StorageCleanJobHbaseUtil:180 : HBase tableKYLIN_590IHJ5QTM does not exist
2020-05-23 02:02:26,577 INFO  [pool-5-thread-3] job.StorageCleanJobHbaseUtil:171 : Deleting HBase table KYLIN_7U8J7ZFBYN
2020-05-23 02:02:26,586 INFO  [pool-5-thread-3] job.StorageCleanJobHbaseUtil:180 : HBase tableKYLIN_7U8J7ZFBYN does not exist
2020-05-23 02:02:26,587 INFO  [pool-5-thread-4] job.StorageCleanJobHbaseUtil:171 : Deleting HBase table KYLIN_BOR03PP4PV
2020-05-23 02:02:26,595 INFO  [pool-5-thread-4] job.StorageCleanJobHbaseUtil:180 : HBase tableKYLIN_BOR03PP4PV does not exist
2020-05-23 02:02:26,596 INFO  [pool-5-thread-5] job.StorageCleanJobHbaseUtil:171 : Deleting HBase table KYLIN_ESGGE02OQI
2020-05-23 02:02:26,606 INFO  [pool-5-thread-5] job.StorageCleanJobHbaseUtil:180 : HBase tableKYLIN_ESGGE02OQI does not exist
2020-05-23 02:02:26,606 INFO  [pool-5-thread-1] job.StorageCleanJobHbaseUtil:171 : Deleting HBase table KYLIN_FHWPLEOSO6
2020-05-23 02:02:26,617 INFO  [pool-5-thread-1] job.StorageCleanJobHbaseUtil:180 : HBase tableKYLIN_FHWPLEOSO6 does not exist
2020-05-23 02:02:26,618 INFO  [pool-5-thread-2] job.StorageCleanJobHbaseUtil:171 : Deleting HBase table KYLIN_GWYKX70W9A
2020-05-23 02:02:26,642 INFO  [pool-5-thread-2] client.HBaseAdmin:1330 : Started disable of KYLIN_GWYKX70W9A
2020-05-23 02:02:30,802 INFO  [pool-5-thread-2] client.HBaseAdmin:1357 : Disabled KYLIN_GWYKX70W9A
2020-05-23 02:02:32,094 INFO  [pool-5-thread-2] client.HBaseAdmin:924 : Deleted KYLIN_GWYKX70W9A
2020-05-23 02:02:32,094 INFO  [pool-5-thread-2] job.StorageCleanJobHbaseUtil:178 : Deleted HBase table KYLIN_GWYKX70W9A
2020-05-23 02:02:32,095 INFO  [pool-5-thread-3] job.StorageCleanJobHbaseUtil:171 : Deleting HBase table KYLIN_HLB7508SUV
2020-05-23 02:02:32,113 INFO  [pool-5-thread-3] client.HBaseAdmin:1330 : Started disable of KYLIN_HLB7508SUV
2020-05-23 02:02:34,348 INFO  [pool-5-thread-3] client.HBaseAdmin:1357 : Disabled KYLIN_HLB7508SUV
2020-05-23 02:02:36,582 INFO  [pool-5-thread-3] client.HBaseAdmin:924 : Deleted KYLIN_HLB7508SUV
2020-05-23 02:02:36,582 INFO  [pool-5-thread-3] job.StorageCleanJobHbaseUtil:178 : Deleted HBase table KYLIN_HLB7508SUV
2020-05-23 02:02:36,582 INFO  [pool-5-thread-4] job.StorageCleanJobHbaseUtil:171 : Deleting HBase table KYLIN_JPIJ7GT1F5
2020-05-23 02:02:36,599 INFO  [pool-5-thread-4] client.HBaseAdmin:1330 : Started disable of KYLIN_JPIJ7GT1F5
2020-05-23 02:02:40,959 INFO  [pool-5-thread-4] client.HBaseAdmin:1357 : Disabled KYLIN_JPIJ7GT1F5
2020-05-23 02:02:42,119 INFO  [pool-5-thread-4] client.HBaseAdmin:924 : Deleted KYLIN_JPIJ7GT1F5
2020-05-23 02:02:42,119 INFO  [pool-5-thread-4] job.StorageCleanJobHbaseUtil:178 : Deleted HBase table KYLIN_JPIJ7GT1F5
2020-05-23 02:02:42,119 INFO  [pool-5-thread-5] job.StorageCleanJobHbaseUtil:171 : Deleting HBase table KYLIN_KV4U23OBEP
2020-05-23 02:02:42,141 INFO  [pool-5-thread-5] client.HBaseAdmin:1330 : Started disable of KYLIN_KV4U23OBEP
2020-05-23 02:02:46,322 INFO  [pool-5-thread-5] client.HBaseAdmin:1357 : Disabled KYLIN_KV4U23OBEP
2020-05-23 02:02:47,958 INFO  [pool-5-thread-5] client.HBaseAdmin:924 : Deleted KYLIN_KV4U23OBEP
2020-05-23 02:02:47,958 INFO  [pool-5-thread-5] job.StorageCleanJobHbaseUtil:178 : Deleted HBase table KYLIN_KV4U23OBEP
2020-05-23 02:02:47,958 INFO  [pool-5-thread-1] job.StorageCleanJobHbaseUtil:171 : Deleting HBase table KYLIN_L802CS1ZZU
2020-05-23 02:02:47,975 INFO  [pool-5-thread-1] client.HBaseAdmin:1330 : Started disable of KYLIN_L802CS1ZZU
2020-05-23 02:02:50,194 INFO  [pool-5-thread-1] client.HBaseAdmin:1357 : Disabled KYLIN_L802CS1ZZU
2020-05-23 02:02:51,554 INFO  [pool-5-thread-1] client.HBaseAdmin:924 : Deleted KYLIN_L802CS1ZZU
2020-05-23 02:02:51,555 INFO  [pool-5-thread-1] job.StorageCleanJobHbaseUtil:178 : Deleted HBase table KYLIN_L802CS1ZZU
2020-05-23 02:02:51,555 INFO  [pool-5-thread-2] job.StorageCleanJobHbaseUtil:171 : Deleting HBase table KYLIN_L9D9CZXZIG
2020-05-23 02:02:51,570 INFO  [pool-5-thread-2] client.HBaseAdmin:1330 : Started disable of KYLIN_L9D9CZXZIG
2020-05-23 02:02:53,773 INFO  [pool-5-thread-2] client.HBaseAdmin:1357 : Disabled KYLIN_L9D9CZXZIG
{code}",,,1,0,0,42.03808333333333,0,0,0,0,0,0,1
KYLIN-4485,New Feature,KYLIN,2020-05-09 08:57:47.093,2020-05-24 14:04:47.330,yaho,Major,Create a self service interface for cube migration,"Current cube migration process is as follows:

  !cube-migration-old.png!

There're a few drawbacks:
 * kylin admin has to manually check all related aspects to decide whether a cube is good for migration. If cube design is not good, there'll be many interaction between users & kylin admins
 * kylin admin has to login to the backend server and then run a command to do the migration, which is tricky and easy to make mistakes
 * there's little compatibility check between source metadata & destination cluster.

A self service interface will refine the migration process as follows:

!cube-migration-new.png!

We can see with the new migration process, there'll be few interactions between users & kylin admins and much less work for kylin admins.",,,5,4,0,21907.00395,1,279,1,1,1,1,4
KYLIN-4504,Improvement,KYLIN,2020-05-20 07:28:41.910,2020-05-27 06:15:55.381,yaho,Major,Cache usage improvement,,,,4,0,0,10007.224516666667,0,0,0,0,0,0,5
DATALAB-1587,Task,DATALAB,2020-02-24 21:02:52.337,2020-05-28 12:55:28.670,vvitanska,Major,Adjust images for demo-regime,"*1.* 'It is only demo preview for Dataproc job tracker UI. For real environment you can use all available tools on Dataproc -> It is only demo preview for Hadoop UI. For real environment you can use all available tools on Hadoop.
*2.* 'It is only demo preview for Apache Spark job tracker UI. For real environment you can use all available tools on Apache Spark job tracker UI' -> 'It is only demo preview for Apache Spark Master UI. For real environment you can use all available tools on Apache Spark Master UI'
*3.* Information about demo preview should not be cut for computational resources
*4.* The modal window should have fixed size",,,1,0,0,134872.60555,0,0,0,0,0,0,13
KYLIN-4429,Sub-task,KYLIN,2020-03-18 03:18:04.336,2020-06-01 02:13:08.892,yaho,Major,"For LEAST_RESTRICTIVE consistency, which is the '=' operator, convert implicitly","For the following sql,
{code}
select count(*)
from TEST_KYLIN_FACT
where cal_dt = date'2012-01-01'
{code}
, if the data type of *cal_dt* is varchar, the sql cannot run successfully due to no implicitly data type conversion.",,,1,0,0,107935.07593333333,0,0,0,0,0,0,3
KYLIN-4537,Improvement,KYLIN,2020-05-27 13:55:06.188,2020-06-01 02:13:08.892,andrewcheng,Major,Give a friendly tips to the user when getting task list fails,"On the monitoring page, when the task list acquisition fails, it will show ""failed to load jobs"", but we don't know the detail reason for the failure, whether it is due to permission problems or the system crash?

Before:

!image-2020-05-27-21-48-57-223.png|width=491,height=314!

After:

!image-2020-05-27-21-47-34-128.png|width=441,height=310!",,,5,0,0,6498.0450666666675,0,0,0,0,0,0,2
KYLIN-4526,Task,KYLIN,2020-05-27 04:02:26.726,2020-06-15 01:57:06.616,andrewcheng,Major,Enhance get the hive table rows,"In kylin-4315, we get the rows of the hive table from metadata, but when we turn off hive's statistics feature(`hive.stats.autogather=false`), we can't get the correct rows of hive table from metadata",,,2,0,0,27234.664833333332,0,0,0,0,0,0,0
KYLIN-4527,Improvement,KYLIN,2020-05-27 04:08:39.344,2020-06-15 01:57:06.616,andrewcheng,Major,Beautify the drop-down list of the cube on query page,"The drop-down list of cube is very compact, which is not convenient to select cube

Before:

!image-2020-05-27-12-05-49-425.png|width=424,height=212!

After: 

!image-2020-05-27-12-22-19-097.png|width=429,height=249!

 ",,,1,0,0,27228.454533333334,0,0,0,0,0,0,1
KYLIN-4625,Improvement,KYLIN,2020-07-08 09:46:44.721,2020-07-10 05:55:43.935,wangrupeng,Major,Debug the code of Kylin on Parquet without hadoop environment,"Currently, Kylin on Parquet already supports debuging source code with local csv files and Not dependent on remote HDP sandbox, but it's a little bit complex. The steps are as follows:
 * edit the properties of $KYLIN_SOURCE_DIR/examples/test_case_data/sandbox/kylin.properties to local

{code:java}
 kylin.metadata.url=$LOCAL_META_DIR
 kylin.env.zookeeper-is-local=true
 kylin.env.hdfs-working-dir=file:///path/to/local/dir
 kylin.engine.spark-conf.spark.master=local
 kylin.engine.spark-conf.spark.eventLog.dir=/path/to/local/dir
 kylin.env=UT{code}
 * debug org.apache.kylin.rest.DebugTomcat with IDEA && add VM option ""-Dspark.local=true""
 !image-2020-07-08-17-41-35-954.png|width=574,height=363!
 * Load csv data source by pressing button ""Data Source->Load CSV File as Table"" on ""Model"" page, and set the schema for your table. Then press ""submit"" to save.
 !image-2020-07-08-17-42-09-603.png|width=577,height=259!

Most time we debug just want to build and query cube quickly and focus the bug we want to resolve. But current way is complex to load csv tables, create model and cube and it's hard to use kylin sample cube. So, I want to add a csv source which using the model of kylin sample data directly when debug tomcat started.",,,6,4,0,2648.9869000000003,0,0,0,0,0,0,0
DATALAB-1935,Task,DATALAB,2020-07-09 14:18:51.428,2020-08-11 13:33:19.380,vvitanska,Minor,[Part2][Back-end]: Set of audit tasks,"# Add information icon for compute reconfigure: 'Reconfigure compute <cluster_name>, requested for notebook <notebook_name>.
 # Install libs. Change action: Install -> Install libs. Change resource type: Notebook libs -> Notebook  and Computational libs -> Compute
 # Update quota. It is possible to update quota from month to total and vice versa. So convey if quota is updated per period to front-end(Update quota null->10 change to Update quota null->10/nPeriod total->monthly)
 # Add information icon if user updates a project by adding/removing group. Show grid: In Action column -> Add group(s)/remove group(s), and in Description column the list of groups.
 # Remove '(s)' form File(s) during upload and download files
 # Bucket browser. In action column change: 

 - for upload - from 'File(s)' to 'Upload file'
 - for download -from 'File(s)' to 'Download file'
 - for delete - from 'File(s)' to 'Delete file(s)'",,,1,8,0,47474.465866666666,10,81,1,1,1,1,15
OFBIZ-11964,Improvement,OFBIZ,2020-08-18 23:44:05.329,2020-08-19 14:41:15.699,jamesyong,Minor,Replace Mask Js,"To allow using the importLibrary function in ofbizUtil.js.

Replace library from
 [https://github.com/igorescobar/jQuery-Mask-Plugin]
 to
 [https://github.com/RobinHerbots/Inputmask]",,,2,0,0,897.1728333333334,0,0,0,0,0,0,0
OFBIZ-11837,New Feature,OFBIZ,2020-06-19 07:44:54.452,2020-08-20 06:59:00.000,pritam.kute,Major,First Data Payment Gateway Integration,"Dev Thread Link: [https://markmail.org/thread/2p5top4idkeiwlih]

Apache OFBiz has OOTB integrations for most of the widely used payment gateways around the world.

We are working on integrating First Data Payment Gateway for one of the websites. The First Data payment gateway is quite popular and comes in the list of top payment gateways around the globe. We would like to contribute the basic payment gateway integration of First Data into Apache OFBiz.

Also as discussed over the DEV list, we will be contributing gateway as a separate plugin.

We will create the subtasks under this main task to deliver different payment gateway methods.",,,8,1,0,89234.09246666667,0,0,0,0,0,0,0
DISPATCH-1743,New Feature,DISPATCH,2020-08-04 16:49:54.669,2020-09-22 15:47:32.807,ganeshmurthy,Major,Add HTTP/2 support to the router,"Add new feature to support HTTP/2 protocol on the router. 

This feature involves the introduction of new entities to the router called httpListener and httpConnector. The httpListener will accept HTTP/2 connections and make an outbound connection using the httpConnector.

The router will use AMQP to route the messages. The router will act as a protocol bridge.",,,15,0,0,70497.63563333334,0,0,0,0,0,0,0
DISPATCH-1744,New Feature,DISPATCH,2020-08-04 16:51:39.702,2020-09-22 15:50:10.581,ganeshmurthy,Major,Add HTTP/1.1 support to the router,"Add new feature to support HTTP/1.1 protocol on the router.

This feature involves the introduction of new entities to the router called httpListener and httpConnector. The httpListener will accept HTTP/1.1 connections and make an outbound connection using the httpConnector.

The router will use AMQP to route the messages. The router will act as a protocol bridge.",,,9,0,0,70498.51465,0,0,0,0,0,0,1
FLINK-18202,New Feature,FLINK,2020-06-09 07:02:43.722,2020-11-23 16:24:35.239,libenchao,Major,Introduce Protobuf format,"PB[1] is a very famous and wildly used (de)serialization framework. The ML[2] also has some discussions about this. It's a useful feature.

This issue maybe needs some designs, or a FLIP.

[1] [https://developers.google.com/protocol-buffers]

[2] [http://apache-flink.147419.n8.nabble.com/Flink-SQL-UDF-td3725.html]",,,30,0,0,241041.8586166667,0,0,0,0,0,0,0
IOTDB-698,Improvement,IOTDB,2020-05-24 04:12:46.446,2021-05-07 10:27:24.121,qiaojialin,Major,Enhance management of TsFileResource ,"We need a global TsFileResourceManager to manage TsFileResource in all StorageGroupProcessors.

 

When the memory of resources exceeds a threshold, we need to remove them from memory.

The TsFileResourceManager acts like a cache.

 

We also need to design an index to quickly find resources for each device.",,,2,1,0,501494.6279166667,0,0,0,0,0,0,0
IOTDB-1372,Improvement,IOTDB,2021-05-12 00:52:19.010,2021-09-03 04:01:11.395,qiaojialin,Major,Enhance management of TsFileResource ,"For each data file TsFile, we generate a TsFileResource, which contains the time interval of paths in this file.  The TsFileResource is used as a time filter to locate data.

Currently, all TsFileResources are cached in memory (TsFileManagement.java).

This may cause OOM. We need to control its memory.",,,1,0,0,164348.87308333334,3,9,1,0,0,0,1
IOTDB-1729,Improvement,IOTDB,2021-09-24 05:17:36.930,2021-09-24 12:37:05.329,spricoder,Major,[Benchmark]fix case of DB_SWITCH,Ignore case of DB_SWITCH for use.,,,1,0,0,439.4733166666667,4,135,1,1,1,1,0
IOTDB-1701,Improvement,IOTDB,2021-09-17 09:28:30.351,2021-09-26 10:12:14.187,xiaozhihong,Minor,The naming rules of the tested database need to be unified (all uppercase is recommended),"The current part of the database name has both uppercase and lowercase letters, which is too cumbersome.
Such as,DB_SWITCH=IoTDB-012-SESSION_BY_TABLET；DB_SWITCH=InfluxDB",,,1,0,0,13003.7306,0,0,0,0,0,0,1
IOTDB-1280,Improvement,IOTDB,2021-04-05 03:26:45.999,2021-09-26 14:52:12.583,hxd,Major,Rewrite the Antlr grammar file,"Current antlr g4 file is not elegant.

1. We should realize that Lexer and Parser having different usage:
 - Lexer is for considering something into one ""word"", i.e., a string that will not be split in users' program.  E.g., ""abcdere324234"", ""-2.0"", ""-2e5"", ""root.sg.a.b"" (if we do not split the path any more... which is impossible). All rules that belong to Lexer should start with a Capital Char.

- Parser is for generating AST. According to Antlr's introduction articles, parser is more time consuming than lexer.  The fewer rules that parser has, the faster.
That is, if something can be defined in Lexer, we should not define them as parser.
IMO, the principle is: 
 - if we need to split a word into several words, then put the rule into parser; E.g., ""1h""/""1m"", as we have to split the word and get its time unit, why not define it as two words directly in Antlr (i.e., do not define  a lexer rule like: ""DURATION: (INT+ (Y|M O|W|D|H|M|S|M S|U S|N S))+"")?


More, we can test whether a lexer is fast enough for checking a Path. If so, we do not define another Pattern in our program to check whether a  time series name is legal.
",,,2,0,0,251245.4430666667,0,0,0,0,0,0,0
IOTDB-1428,Improvement,IOTDB,2021-06-08 02:07:15.588,2021-09-28 14:47:57.117,jt2594838,Major,Ending a query does not terminate it,"When a query is ended by closing its belong statement or connection, the query is not terminated as it will be when being killed, so the query may keep running to fetch the first batch of result, which may take a long time when the query is quite large. Moreover, as ending a query removes it from the timeout queue, the ended query is no longer controlled by timeout, thus it may run arbitrarily long.

So if a query is ended, it should also be terminated as if it is killed to release the resources ASAP.",,,1,0,0,162040.69215,0,0,0,0,0,0,0
IOTDB-1621,Improvement,IOTDB,2021-09-06 02:47:58.504,2021-09-29 05:39:56.149,xiaozhihong,Major,"By importing in yyyy.MM.dd HH:mm:ss.SSSZZ format to import data ,to find it mismatch in the CLI","Import data as follow:

!image-2021-09-06-10-40-49-743.png!

 Enter CLI to check:

!image-2021-09-06-10-41-10-522.png!",,,3,0,0,33291.96075,0,0,0,0,0,0,0
IOTDB-1686,New Feature,IOTDB,2021-09-15 09:12:55.625,2021-10-11 03:10:54.242,hail,Major,Benchmark support opentsdb and kairosdb,,,,1,1,0,37077.976950000004,0,0,0,0,0,0,0
IOTDB-1827,Improvement,IOTDB,2021-10-13 01:38:17.138,2021-10-15 01:05:26.867,spricoder,Major,[Benchmark] The ratio of out of order data in mode=1,"Because of the rule of out-of-order data, we need to fix the generation of out-of-order data in benchmark",,,1,0,0,2847.1621499999997,0,0,0,0,0,0,1
IOTDB-1828,Improvement,IOTDB,2021-10-13 01:41:23.877,2021-10-15 01:05:26.867,spricoder,Major,[Benchmark] The refactor of IoTDB-Benchmark,"Because of the possible of some future requirements, I think we need to refactor the architecture of IoTDB-Benchmark in the following way.
 # The abstraction of data schema.
 # The abstraction of data workload which provide data.
 # The abstraction of query workload which provide query.
 # The abstraction of client which do test.

Also, I think the abstraction of query controller is a good idea",,,1,0,0,2844.049833333333,0,0,0,0,0,0,2
IOTDB-1866,Improvement,IOTDB,2021-10-21 01:30:42.711,2021-10-21 08:22:57.466,spricoder,Major,[Benchmark] Expanding read-write mixed scenarios,"Because of the requirements, benchmark need to support query recent data in read-write mixed scenarios.",,,1,0,0,412.2459166666667,0,0,0,0,0,0,3
IOTDB-1976,Improvement,IOTDB,2021-11-09 03:07:01.162,2021-11-10 01:03:00.000,spricoder,Major,[Benchmark]Add log when register schema.,"When you set CREATE_SCHEMA = true, benchmark will register schema in your target database. I think add some log in this procedure and stop when register is failed can be a good idea.",,,1,0,0,1315.9806333333333,3,29,1,1,1,1,4
DATALAB-69,Task,DATALAB,2018-11-06 14:48:00.653,2021-12-15 08:40:03.261,vira_vitanska@epam.com,Minor,Possibility to delete custom image,"As a user I want to delete notebook custom image so that it gives opportunities to delete snapshots by automatically after notebook termination.

 

*Acceptance criteria:*
 # on main Dlab menu it should be new page for deleting custom image
 # user can choose existed custom image for deleting from drop down list
 # after confirmation of custom image deleting a shosen custom image is deleted and is not available",,3.0,1,0,0,1634032.0434666665,10,88,1,1,1,1,1
IOTDB-2154,Improvement,IOTDB,2021-12-15 05:43:40.870,2021-12-20 05:56:01.345,qiaojialin,Major,Add a method to check if a TsFile is complete,"Currently, we use RestorableTsFileIOWriter to check whether a TsFile is complete. However it will scan the TsFile and return truncate size if it is broken. We also need to remember to close the writer after doing the check.

 

In many cases, we just need a method to check if the TsFile is complete. Such as TsFileUtils.isTsFileComplete().

 

!image-2021-12-16-09-19-36-827.png!",,,1,1,0,7212.3412499999995,0,0,0,0,0,0,2
HUDI-431,New Feature,HUDI,2019-12-17 23:14:08.594,2021-12-29 16:50:21.492,shivnarayan,Blocker,Support Parquet in MOR log files,"We have a basic implementation of inline filesystem, to read a file format like Parquet, embedded ""inline"" into another file.  

[https://github.com/apache/hudi/blob/master/hudi-common/src/test/java/org/apache/hudi/common/fs/inline/TestInLineFileSystem.java] for sample usage.

 This idea here is to see if we can embed parquet/hfile formats into the Hudi log files, to get columnar reads on the delta log files as well. This helps us speed up query performance, given the log is row based today. Once Inline FS is available, enable parquet logging support with HoodieLogFile. LogFile can expose a writer (essentially ParquetWriter) and users can write records as though writing to parquet files. Similarly on the read path, a reader (parquetReader) will be exposed which the user can use to read data out of it. 

This Jira tracks work to implement such parquet inlining into the log format and have the writer and reader use it. 

 ",,3.0,4,2,0,1069536.2149666667,0,0,0,0,0,0,0
HUDI-1850,Improvement,HUDI,2021-04-26 14:54:53.527,2021-12-30 02:18:53.868,vaibhav.sinha,Major,Read on table fails if the first write to table failed,"{code:java}
ava.util.NoSuchElementException: No value present in Option
	at org.apache.hudi.common.util.Option.get(Option.java:88) ~[hudi-spark3-bundle_2.12-0.8.0.jar:0.8.0]
	at org.apache.hudi.common.table.TableSchemaResolver.getTableSchemaFromCommitMetadata(TableSchemaResolver.java:215) ~[hudi-spark3-bundle_2.12-0.8.0.jar:0.8.0]
	at org.apache.hudi.common.table.TableSchemaResolver.getTableAvroSchema(TableSchemaResolver.java:166) ~[hudi-spark3-bundle_2.12-0.8.0.jar:0.8.0]
	at org.apache.hudi.common.table.TableSchemaResolver.getTableAvroSchema(TableSchemaResolver.java:155) ~[hudi-spark3-bundle_2.12-0.8.0.jar:0.8.0]
	at org.apache.hudi.MergeOnReadSnapshotRelation.<init>(MergeOnReadSnapshotRelation.scala:65) ~[hudi-spark3-bundle_2.12-0.8.0.jar:0.8.0]
	at org.apache.hudi.DefaultSource.createRelation(DefaultSource.scala:99) ~[hudi-spark3-bundle_2.12-0.8.0.jar:0.8.0]
	at org.apache.hudi.DefaultSource.createRelation(DefaultSource.scala:63) ~[hudi-spark3-bundle_2.12-0.8.0.jar:0.8.0]
	at org.apache.spark.sql.execution.datasources.DataSource.resolveRelation(DataSource.scala:354) ~[spark-sql_2.12-3.1.1.jar:3.1.1]
	at org.apache.spark.sql.DataFrameReader.loadV1Source(DataFrameReader.scala:326) ~[spark-sql_2.12-3.1.1.jar:3.1.1]
	at org.apache.spark.sql.DataFrameReader.$anonfun$load$3(DataFrameReader.scala:308) ~[spark-sql_2.12-3.1.1.jar:3.1.1]
	at scala.Option.getOrElse(Option.scala:189) ~[scala-library-2.12.10.jar:?]
	at org.apache.spark.sql.DataFrameReader.load(DataFrameReader.scala:308) ~[spark-sql_2.12-3.1.1.jar:3.1.1]
	at org.apache.spark.sql.DataFrameReader.load(DataFrameReader.scala:240) ~[spark-sql_2.12-3.1.1.jar:3.1.1]
{code}
The screenshot shows the files that got created before the write had failed.

 

!Screenshot 2021-04-24 at 7.53.22 PM.png!",,1.0,1,0,0,356364.0056833333,0,0,0,0,0,0,0
HUDI-281,Improvement,HUDI,2019-09-26 00:07:20.539,2021-12-30 03:21:42.873,uditme,Major,HiveSync failure through Spark when useJdbc is set to false,"Table creation with Hive sync through Spark fails, when I set *useJdbc* to *false*. Currently I had to modify the code to set *useJdbc* to *false* as there is not *DataSourceOption* through which I can specify this field when running Hudi code.

Here is the failure:
{noformat}
java.lang.NoSuchMethodError: org.apache.hadoop.hive.ql.session.SessionState.start(Lorg/apache/hudi/org/apache/hadoop_hive/conf/HiveConf;)Lorg/apache/hadoop/hive/ql/session/SessionState;
  at org.apache.hudi.hive.HoodieHiveClient.updateHiveSQLs(HoodieHiveClient.java:527)
  at org.apache.hudi.hive.HoodieHiveClient.updateHiveSQLUsingHiveDriver(HoodieHiveClient.java:517)
  at org.apache.hudi.hive.HoodieHiveClient.updateHiveSQL(HoodieHiveClient.java:507)
  at org.apache.hudi.hive.HoodieHiveClient.createTable(HoodieHiveClient.java:272)
  at org.apache.hudi.hive.HiveSyncTool.syncSchema(HiveSyncTool.java:132)
  at org.apache.hudi.hive.HiveSyncTool.syncHoodieTable(HiveSyncTool.java:96)
  at org.apache.hudi.hive.HiveSyncTool.syncHoodieTable(HiveSyncTool.java:68)
  at org.apache.hudi.HoodieSparkSqlWriter$.syncHive(HoodieSparkSqlWriter.scala:235)
  at org.apache.hudi.HoodieSparkSqlWriter$.write(HoodieSparkSqlWriter.scala:169)
  at org.apache.hudi.DefaultSource.createRelation(DefaultSource.scala:91)
  at org.apache.spark.sql.execution.datasources.SaveIntoDataSourceCommand.run(SaveIntoDataSourceCommand.scala:45)
  at org.apache.spark.sql.execution.command.ExecutedCommandExec.sideEffectResult$lzycompute(commands.scala:70)
  at org.apache.spark.sql.execution.command.ExecutedCommandExec.sideEffectResult(commands.scala:68)
  at org.apache.spark.sql.execution.command.ExecutedCommandExec.doExecute(commands.scala:86)
  at org.apache.spark.sql.execution.SparkPlan$$anonfun$execute$1.apply(SparkPlan.scala:131)
  at org.apache.spark.sql.execution.SparkPlan$$anonfun$execute$1.apply(SparkPlan.scala:127)
  at org.apache.spark.sql.execution.SparkPlan$$anonfun$executeQuery$1.apply(SparkPlan.scala:156)
  at org.apache.spark.rdd.RDDOperationScope$.withScope(RDDOperationScope.scala:151)
  at org.apache.spark.sql.execution.SparkPlan.executeQuery(SparkPlan.scala:152)
  at org.apache.spark.sql.execution.SparkPlan.execute(SparkPlan.scala:127)
  at org.apache.spark.sql.execution.QueryExecution.toRdd$lzycompute(QueryExecution.scala:80)
  at org.apache.spark.sql.execution.QueryExecution.toRdd(QueryExecution.scala:80)
  at org.apache.spark.sql.DataFrameWriter$$anonfun$runCommand$1.apply(DataFrameWriter.scala:676)
  at org.apache.spark.sql.DataFrameWriter$$anonfun$runCommand$1.apply(DataFrameWriter.scala:676)
  at org.apache.spark.sql.execution.SQLExecution$$anonfun$withNewExecutionId$1.apply(SQLExecution.scala:78)
  at org.apache.spark.sql.execution.SQLExecution$.withSQLConfPropagated(SQLExecution.scala:125)
  at org.apache.spark.sql.execution.SQLExecution$.withNewExecutionId(SQLExecution.scala:73)
  at org.apache.spark.sql.DataFrameWriter.runCommand(DataFrameWriter.scala:676)
  at org.apache.spark.sql.DataFrameWriter.saveToV1Source(DataFrameWriter.scala:285)
  at org.apache.spark.sql.DataFrameWriter.save(DataFrameWriter.scala:271)
  at org.apache.spark.sql.DataFrameWriter.save(DataFrameWriter.scala:229){noformat}
I was expecting this to fail through Spark, becuase *hive-exec* is not shaded inside *hudi-spark-bundle*, while *HiveConf* is shaded and relocated. This *SessionState* is coming from the spark-hive jar and obviously it does not accept the relocated *HiveConf*.

We in *EMR* are running into same problem when trying to integrate with Glue Catalog. For this we have to create Hive metastore client through *Hive.get(conf).getMsc()* instead of how it is being down now, so that alternate implementations of metastore can get created. However, because hive-exec is not shaded but HiveConf is relocated we run into same issues there.

It would not be recommended to shade *hive-exec* either because it itself is an Uber jar that shades a lot of things, and all of them would end up in *hudi-spark-bundle* jar. We would not want to head that route. That is why, we would suggest if we consider removing any shading of Hive libraries.

We can add a *Maven Profile* to shade, but that means it has to be activated by default otherwise it will fail default if *useJdbc* is set to false, and later when we commit *Glue Catalog* changes.

 

 

 

 

 ",,1.0,3,0,0,1189634.3722333335,0,0,0,0,0,0,0
HUDI-2966,Improvement,HUDI,2021-12-09 02:35:51.735,2021-12-30 03:26:08.663,xiaotaotao,Major,Add TaskCompletionListener for HoodieMergeOnReadRDD to close logScanner,Add TaskCompletionListener for HoodieMergeOnReadRDD to close logScanner When the query is completed。,,1.0,1,0,0,30290.282133333334,0,0,0,0,0,0,0
HUDI-2558,Improvement,HUDI,2021-10-14 19:29:24.765,2021-12-31 03:13:31.054,shivnarayan,Major,Clustering w/ sort columns with null values fails,https://github.com/apache/hudi/issues/3766,,,1,0,0,111344.10481666666,0,0,0,0,0,0,4
HUDI-2735,Task,HUDI,2021-11-10 18:47:17.559,2022-01-03 17:13:00.000,guoyihua,Blocker,Fix archival of commits in Java client for Kafka Connect,,,2.0,2,0,0,77665.70735,0,0,0,0,0,0,2
HUDI-3151,Task,HUDI,2022-01-04 01:11:35.220,2022-01-04 03:56:28.561,xushiyan,Major,Docs for Spark SQL type support,"Need to document clearly about what column types are supported and unsupported. For example, varchar(16) not supported.",,,1,0,0,164.88901666666666,0,0,0,0,0,0,3
HUDI-1295,Task,HUDI,2020-09-23 02:41:07.064,2022-01-04 04:07:00.000,vc,Blocker,Implement: Metadata based bloom index - write path,"Idea here to maintain our bloom filters outside of parquet for speedier access from bloom.

 

- Design and impl bloom filter migration to metadata table. 

Design:

schema for the payload: 

key: partitionName_fileName

payload schema:

isDeleted (boolean): true/false

bloom_type: short

ser_bloom: byte[] representing serialized bloom filter. 

 

 

 ",,20.0,3,4,0,674005.8822666666,0,0,0,0,0,0,0
HUDI-2477,Task,HUDI,2021-09-21 20:20:01.359,2022-01-04 04:07:00.000,shivnarayan,Blocker,Restore fails after adding rollback plan and rollback.requested instant w/ metadata enabled,"restore triggers rollback of N commits and then finally will commit the restore. None of rollbacks will be published to timeline. 

But after we have added the rollback.requested instant, restore is breaking w/ metadata enabled. 

Here is what is happening:

Restore

     schedule rollback for all of N commits. this will produce rollback.requested instants to timeline. Remember we can't skip this publishing, bcoz, rollback action executor depends on this. 

    trigger rollback action executor. which will execute the rollback. but this time we may not publish the rollbacks. and so there won't be a rollback completed instant. 

and now to finalize restore, we apply the changes to metadata table before we can commit the restore to datatable. Here is where the issue is. We do check if bootstrapping is required. chances that last synced instant to metadata table is not active anymore in data table and so it triggers a bootstrap. but we do allow bootstrap only if there are no pending operations in datatable. But all rollbacks are surfacing as pending operations and hence we fail here. 

 

This could also be an issue when we try to play with bootstrap in original dataset. 

bootstrap. and for some reason you want to rollback bootstrap. this might end up in this state too. 

to illustrate clearly. 

bootstrap

    also apply changes to metadata. there is only one commit.

rollback bootstrap

   this is a restore operation. so, we first do a rollback which will create rollback.requested instant. 

               and to finalize restore, we try to apply the restore to metadata. 

                    this goes into bootstrap code path. last synced instant is not found in datatimeline. we assume its archived and so trigger a rebootstrap and so delete the metadata table. 

                    and then try to do the actual bootstrap. but since there is a pending operation in datatimeline (rollback.requested), we will not do any bootstrap only. and so the state remains. i.e. metadata table is deleted. and the actually applying restore commit will fail. 

 

 

We also need to think even if metadata is enabled, should we leave the rollback instant in timeline itself.or should we clean it up after committing restore to timeline. 

 

 

 ",,5.0,2,0,0,150226.97735,0,0,0,0,0,0,3
HUDI-2688,Task,HUDI,2021-11-05 03:22:39.709,2022-01-04 04:07:00.000,codope,Blocker,RFC,,,1.0,1,0,0,86444.33818333334,1,6,1,0,0,0,1
IOTDB-2280,Task,IOTDB,2022-01-06 06:58:28.162,2022-01-10 02:01:19.990,luke.miao,Major,Cache configuration order adjustment in iotdb-rest.properties ,Cache configuration order adjustment in iotdb-rest.properties ,,,1,0,0,5462.8638,0,0,0,0,0,0,0
HUDI-1847,Improvement,HUDI,2021-04-26 07:04:35.825,2022-01-10 08:00:00.000,nishith29,Major,Add ability to decouple configs for scheduling inline and running async,"Currently, there are 2 ways to enable compaction:

 
 # Inline - This will schedule compaction inline and execute inline
 # Async - This option is only available for HoodieDeltaStreamer based jobs. This turns on scheduling inline and running async as part of the same spark job.

 

Users need a config to be able to schedule only inline while having an ability to execute in their own spark job",,0.5,3,0,0,373015.4029166667,0,0,0,0,0,0,2
HUDI-2811,Improvement,HUDI,2021-11-20 20:00:26.204,2022-01-10 08:00:00.000,xushiyan,Blocker,Support Spark 3.2 and Parquet 1.12.x,"Reported issues
 * [https://github.com/apache/hudi/issues/4001]
 * [https://github.com/apache/hudi/issues/3841]
 * [https://github.com/apache/hudi/issues/4202]
 * [https://github.com/apache/hudi/issues/3834]
 *  ",,,2,4,0,72719.56326666666,0,0,0,0,0,0,1
HUDI-2941,Task,HUDI,2021-12-06 01:27:40.826,2022-01-10 08:00:00.000,xushiyan,Critical,Show _hoodie_operation in spark sql results,"Details in

[https://github.com/apache/hudi/issues/4160]

 ",,0.5,3,0,0,50792.319566666665,0,0,0,0,0,0,2
HUDI-2370,New Feature,HUDI,2021-08-27 08:52:17.301,2022-01-11 04:24:00.000,liujinhui,Blocker,Supports data encryption,"Data security is becoming more and more important, if hudi can support encryption, it is very welcome

1. Specify column encryption
 2. Support footer encryption
 3. Custom encrypted client interface（Provide memory-based encryption client by default）
4. Specify the encryption key

 

When querying, you need to pass the relevant key or obtain query permission based on the client's encrypted interface. If it fails, the result cannot be returned.
 1. When querying non-encrypted fields, the key is not passed, and the data is returned normally
 2. When querying encrypted fields, the key is not passed and the data is not returned
 3. When the encrypted field is queried, the key is passed, and the data is returned normally
 4. When querying all fields, the key is not passed and no result is returned. If passed, the data returns normally

 

Start with COW first",,2.0,6,0,0,197011.71164999998,1,2,0,0,0,0,0
IOTDB-2287,Improvement,IOTDB,2022-01-06 08:26:33.586,2022-01-14 11:33:44.760,qx.feng,Major,[CLI].iotdb.history是否可以按照iotdb登录账号区分创建,".iotdb.history是否可以按照iotdb登录账号区分创建

目前看实现的版本是按照liunx（操作系统）登录的账号区分创建的。

在一台机器（同一个账号）登录两个账号（例如root和test）使用cli操作iotdb。

上面两个账号向上翻找的历史是重合的。

 

作为一个远程运维管理人员, 我想要通过客户开通的一个跳板机访问客户内部多个IoTDB实例（使用不同账户登录）, 以便于维护的检察，当前历史会记录和匹配到非当前实例的历史操作命令。",,,1,3,0,11707.186233333334,0,0,0,0,0,0,0
IOTDB-2380,New Feature,IOTDB,2022-01-13 06:58:00.359,2022-01-17 01:33:05.731,qx.feng,Major,Upgrade SQL of schema template,"After IOTDB-1883 & IOTDB-1931, the feature of the schema template has changed. So, we should refactor SQL of schema templates to adapt it.
h2. [需求]

目前看创建和挂载卸载能力已经具备。但是处于系统操作全面考虑有如下建议：

添加查看和删除SQL语句

这样对于Template的管理就更全面了：

创建：create schema template temp1();

查看：（所有）show schema template；（某一个或多个）show schema template temp1,temp2；

挂载：set schema template temp1 to root.ln.wf01

查看：show schema template root.ln.beijing; （待定，优先级最低）查看路径上挂载的信息

卸载：unset schema template temp1 from root.beijing

删除：drop schema template temp1；",,,1,0,0,5435.089533333333,1,7,1,0,0,0,1
HUDI-2151,Improvement,HUDI,2021-07-08 21:00:13.044,2022-01-18 08:45:00.000,vc,Blocker,Make performant out-of-box configs,"We have quite a few configs which deliver better performance or usability, but guarded by flags. 

 This is to identify them, change them, test (functionally, perf) and make them default

 

Need to ensure we also capture all the backwards compatibility issues that can arise",,8.0,32,0,0,278624.7826,0,0,0,0,0,0,2
HUDI-1180,Task,HUDI,2020-08-12 05:16:04.816,2022-01-19 04:24:00.000,wenningd,Blocker,Upgrade HBase to 2.x,"Trying to upgrade HBase to 2.3.3 but ran into several issues.

According to the Hadoop version support matrix: [http://hbase.apache.org/book.html#hadoop], also need to upgrade Hadoop to 2.8.5+.

 

There are several API conflicts between HBase 2.2.3 and HBase 1.2.3, we need to resolve this first. After resolving conflicts, I am able to compile it but then I ran into a tricky jetty version issue during the testing:
{code:java}
[ERROR] TestHBaseIndex.testDelete()  Time elapsed: 4.705 s  <<< ERROR!
java.lang.NoSuchMethodError: org.eclipse.jetty.server.session.SessionHandler.setHttpOnly(Z)V


[ERROR] TestHBaseIndex.testSimpleTagLocationAndUpdate()  Time elapsed: 0.174 s  <<< ERROR!
java.lang.NoSuchMethodError: org.eclipse.jetty.server.session.SessionHandler.setHttpOnly(Z)V


[ERROR] TestHBaseIndex.testSimpleTagLocationAndUpdateWithRollback()  Time elapsed: 0.076 s  <<< ERROR!
java.lang.NoSuchMethodError: org.eclipse.jetty.server.session.SessionHandler.setHttpOnly(Z)V


[ERROR] TestHBaseIndex.testSmallBatchSize()  Time elapsed: 0.122 s  <<< ERROR!
java.lang.NoSuchMethodError: org.eclipse.jetty.server.session.SessionHandler.setHttpOnly(Z)V


[ERROR] TestHBaseIndex.testTagLocationAndDuplicateUpdate()  Time elapsed: 0.16 s  <<< ERROR!
java.lang.NoSuchMethodError: org.eclipse.jetty.server.session.SessionHandler.setHttpOnly(Z)V


[ERROR] TestHBaseIndex.testTotalGetsBatching()  Time elapsed: 1.771 s  <<< ERROR!
java.lang.NoSuchMethodError: org.eclipse.jetty.server.session.SessionHandler.setHttpOnly(Z)V


[ERROR] TestHBaseIndex.testTotalPutsBatching()  Time elapsed: 0.082 s  <<< ERROR!
java.lang.NoSuchMethodError: org.eclipse.jetty.server.session.SessionHandler.setHttpOnly(Z)V


34206 [Thread-260] WARN  org.apache.hadoop.hdfs.server.datanode.DirectoryScanner  - DirectoryScanner: shutdown has been called
34240 [BP-1058834949-10.0.0.2-1597189606506 heartbeating to localhost/127.0.0.1:55924] WARN  org.apache.hadoop.hdfs.server.datanode.IncrementalBlockReportManager  - IncrementalBlockReportManager interrupted
34240 [BP-1058834949-10.0.0.2-1597189606506 heartbeating to localhost/127.0.0.1:55924] WARN  org.apache.hadoop.hdfs.server.datanode.DataNode  - Ending block pool service for: Block pool BP-1058834949-10.0.0.2-1597189606506 (Datanode Uuid cb7bd8aa-5d79-4955-b1ec-bdaf7f1b6431) service to localhost/127.0.0.1:55924
34246 [refreshUsed-/private/var/folders/98/mxq3vc_n6l5728rf1wmcwrqs52lpwg/T/temp1791820148926982977/dfs/data/data1/current/BP-1058834949-10.0.0.2-1597189606506] WARN  org.apache.hadoop.fs.CachingGetSpaceUsed  - Thread Interrupted waiting to refresh disk information: sleep interrupted
34247 [refreshUsed-/private/var/folders/98/mxq3vc_n6l5728rf1wmcwrqs52lpwg/T/temp1791820148926982977/dfs/data/data2/current/BP-1058834949-10.0.0.2-1597189606506] WARN  org.apache.hadoop.fs.CachingGetSpaceUsed  - Thread Interrupted waiting to refresh disk information: sleep interrupted
37192 [HBase-Metrics2-1] WARN  org.apache.hadoop.metrics2.impl.MetricsConfig  - Cannot locate configuration: tried hadoop-metrics2-datanode.properties,hadoop-metrics2.properties
43904 [master/iad1-ws-cor-r12:0:becomeActiveMaster-SendThread(localhost:58768)] WARN  org.apache.zookeeper.ClientCnxn  - Session 0x173dfeb0c8b0004 for server null, unexpected error, closing socket connection and attempting reconnect
java.net.ConnectException: Connection refused
	at sun.nio.ch.SocketChannelImpl.checkConnect(Native Method)
	at sun.nio.ch.SocketChannelImpl.finishConnect(SocketChannelImpl.java:717)
	at org.apache.zookeeper.ClientCnxnSocketNIO.doTransport(ClientCnxnSocketNIO.java:361)
	at org.apache.zookeeper.ClientCnxn$SendThread.run(ClientCnxn.java:1081)
[INFO] 
[INFO] Results:
[INFO] 
[ERROR] Errors: 
[ERROR]   org.eclipse.jetty.server.session.SessionHandler.setHttpOnly(Z)V
[ERROR]   org.eclipse.jetty.server.session.SessionHandler.setHttpOnly(Z)V
[ERROR]   org.eclipse.jetty.server.session.SessionHandler.setHttpOnly(Z)V
[ERROR]   org.eclipse.jetty.server.session.SessionHandler.setHttpOnly(Z)V
[ERROR]   org.eclipse.jetty.server.session.SessionHandler.setHttpOnly(Z)V
[ERROR]   org.eclipse.jetty.server.session.SessionHandler.setHttpOnly(Z)V
[ERROR]   org.eclipse.jetty.server.session.SessionHandler.setHttpOnly(Z)V
[INFO] 
[ERROR] Tests run: 10, Failures: 0, Errors: 7, Skipped: 0
[INFO] 
{code}
Basically currently Hudi and it's dependency Javalin depend on Jetty 9.4.x but Hbase depends on jetty 9.3.x. And they have incompatible APIs which could not be easily resolved.",,10.0,5,1,0,755947.9197333333,0,0,0,0,0,0,0
HUDI-2439,Improvement,HUDI,2021-09-15 21:47:39.735,2022-01-19 04:24:00.000,guoyihua,Blocker,Refactor table.action.commit package (CommitActionExecutors) in hudi-client module,,,3.0,2,0,0,180396.33775,1,14,1,1,0,0,0
HUDI-2656,Task,HUDI,2021-10-29 15:39:10.785,2022-01-19 04:24:00.000,guoyihua,Blocker,Generalize HoodieIndex for flexible record data type,,,2.0,1,0,0,117404.82025,0,0,0,0,0,0,1
HUDI-2751,Improvement,HUDI,2021-11-12 08:03:32.823,2022-01-19 04:24:00.000,danny0405,Critical,To avoid the duplicates for streaming read MOR table,"Imagine there are commits on the timeline:

inflight compaction complete compaction
| |
{code:java}
-----instant 99 - instant 100 ----- 101 — 102 ------ instant 100 ----------
first read ->| second read ->|
– range 1 ----| ----------------------range 2 -------------------|
  {code}
instant 99, 101, 102 are successful non-compaction delta commits;
instant 100 is compaction instant,

the first inc read consumes to instant 99 and the second read consumes from instant 100 to instant 102, the second read would consumes the commit files of instant 100 which has already been consumed before.

The duplicate reading happens when this condition triggers: a compaction instant schedules then completes in *one* consume range.",,4.0,4,2,0,97700.45295,3,46,1,1,1,1,0
HUDI-2189,Task,HUDI,2021-07-17 07:43:56.234,2022-01-24 08:45:00.000,samrat007,Critical,Delete partition support in HoodieDeltaStreamer ,,,1.0,5,0,0,275101.0627666667,0,0,0,0,0,0,0
HUDI-512,Epic,HUDI,2020-01-08 05:32:29.041,2022-01-25 04:35:49.801,afilipchik,Blocker,Support for Index functions on columns to generate logical or micro partitioning,"This one is more inspirational, but, I believe, will be very useful. Currently hudi is following Hive table format, which means that data is logically and physically partitioned into folder structure like:

table_name

  2019

    01

    02

       bla.parquet

 

This has several issues:

 1) Modern object stores (AWS S3, GCP) are more performant when each file name starts with some kind of a random value. By definition Hive layout is not perfect

2) Hive Metastore stores partitions in the text field in the single table (2 tables with very similar information) and doesn't support proper filtering. Data partitioned by day will be stored like:

2019/01/10

2019/01/11

so only regexp queries are suported (at least in Hive 2.X.X)

3) Having a single POF which relies on non distributed DB is dangerous and creates bottlenecks. 

 

The idea is to get rid of logical partitioning all together (and hive metastore as well). If dataset has a time columns, user should be able to query it without understanding what is the physical layout of the table (by specifying those partitions explicitly or ending up with a full table scan accidentally).

It will require some kind of mapping of time to file locations (similar to Iceberg). I'm also leaning towards the idea that storing table metadata with the table is a good thing as it can be read by the engine in one shot and will be faster that taxing a standalone metastore. ",,4.0,3,2,0,1077063.346,5,127,1,1,1,1,0
HUDI-3221,New Feature,HUDI,2022-01-11 22:58:49.091,2022-01-25 04:41:44.464,guoyihua,Blocker,Support querying a table as of a savepoint,"Right now point-in-time queries are limited to what's retained by the cleaner. If we fix this and expose via SQL, then it's a gap we close.

Dataframe read path support this option but not for SQL read path

https://hudi.apache.org/docs/quick-start-guide/#time-travel-query
",,0.5,5,1,0,19062.922883333333,1,34,1,1,1,1,3
HUDI-349,Task,HUDI,2019-11-19 17:39:20.571,2022-02-07 23:00:00.000,vbalaji,Major,Make cleaner retention based on time period to account for higher deviations in ingestion runs,"Cleaner by commits is based on number of commits to be retained.  Ingestion time could vary across runs due to various factors. For providing a bound on the maximum running time for a query and for providing consistent retention period, it is better to use a retention config based on time (e:g 12h) ",,1.0,1,0,0,1168160.65715,0,0,0,0,0,0,0
HUDI-1576,Improvement,HUDI,2021-02-03 07:50:52.759,2022-02-08 05:05:00.000,nagarwal,Blocker,Add ability to perform archival synchronously,"Currently, archival runs inline. We want to move archival to a table service like cleaning, compaction etc..

and treat it like that. of course, no new action will be introduced. 

 ",,3.0,2,1,0,532634.1206833334,0,0,0,0,0,0,0
HUDI-2757,New Feature,HUDI,2021-11-13 17:29:20.385,2022-02-08 05:05:00.000,xushiyan,Blocker,Support AWS Glue API for metastore sync,Raised in https://github.com/apache/hudi/issues/3954,,1.0,2,0,0,124535.66025,0,0,0,0,0,0,0
HUDI-1976,Improvement,HUDI,2021-06-05 07:23:07.534,2022-02-08 14:44:44.349,nishith29,Critical,"Upgrade hive, jackson, log4j, hadoop to remove vulnerability","[https://github.com/apache/hudi/issues/2827]

[https://github.com/apache/hudi/issues/2826]

[https://github.com/apache/hudi/issues/2824|https://github.com/apache/hudi/issues/2826]

[https://github.com/apache/hudi/issues/2823|https://github.com/apache/hudi/issues/2826]",,1.0,1,0,0,357561.6135833334,0,0,0,0,0,0,3
HUDI-2606,Task,HUDI,2021-10-23 14:40:31.615,2022-02-15 04:32:00.000,shivnarayan,Blocker,Enable metadata by default for readers,"This is to visit all the read code paths and ensure when metadata is disabled, query engines won't read from metadata table.",,0.0,1,0,1,164991.47308333332,1,14,1,1,0,0,5
HUDI-1623,Improvement,HUDI,2021-02-17 00:14:11.776,2022-02-15 05:00:31.179,nishith29,Critical,Support start_commit_time & end_commit_times for serializable incremental pull,"We suggest a new file format naming for the *completed* metadata file:

${start_time}.${action}.${completion_time}

 

We also need a global *Time Generator* that can ensure the monotonical ** generation of the timestamp, for example, maybe hold a mutex lock with the last generated timestamp backing up. Say it may holds a lock {*}L1{*}. For each instant time generation, it needs guard from the lock.

 

Before creating the completed file, we also need a lock guard from L1.

 

Something to note:
1. we only add completion timestamp to the completed metadata file;
2. we only add lock guard to the completed metadata file creation, not the whole commiting procedure;
3. for normal instant time generation, we also need a lock.",,5.0,1,0,0,523006.32338333334,6,35,1,1,1,1,0
HUDI-2761,Task,HUDI,2021-11-15 14:07:19.179,2022-02-21 22:00:00.000,shivnarayan,Critical,IllegalArgException from timeline server when serving getLastestBaseFiles with multi-writer,"When concurrent writes try to ingest to hudi, occasionally, we run into IllegalArgumentException as below. Even though exception is seen, the actual write succeeds though. 

Here is what is happening from my understanding. 

 

Lets say table's latest commit is C3. 

Writer1 tries to commit C4, writer2 tries to do C5 and writer3 tries to do C6 (all 3 are non-overlapping and so expected to succeed) 

I started C4 from writer1 and then switched to writer 2 and triggered C5 and then did the same for writer3. 

C4 went through fine for writer1 and succeeded. 

for writer2, when timeline got instantiated, it's latest snapshot was C3, but when it received the getLatestBaseFiles() request, latest commit was C4 and so it throws an exception. Similar issue happend w/ writer3 as well. 

 
{code:java}
scala> df.write.format(""hudi"").
     |   options(getQuickstartWriteConfigs).
     |   option(PRECOMBINE_FIELD.key(), ""created_at"").
     |   option(RECORDKEY_FIELD.key(), ""other"").
     |   option(PARTITIONPATH_FIELD.key(), ""type"").
     |   option(""hoodie.cleaner.policy.failed.writes"",""LAZY"").
     |   option(""hoodie.write.concurrency.mode"",""OPTIMISTIC_CONCURRENCY_CONTROL"").
     |   option(""hoodie.write.lock.provider"",""org.apache.hudi.client.transaction.lock.ZookeeperBasedLockProvider"").
     |   option(""hoodie.write.lock.zookeeper.url"",""localhost"").
     |   option(""hoodie.write.lock.zookeeper.port"",""2181"").
     |   option(""hoodie.write.lock.zookeeper.lock_key"",""locks"").
     |   option(""hoodie.write.lock.zookeeper.base_path"",""/tmp/mw_testing/.locks"").
     |   option(TBL_NAME.key(), tableName).
     |   mode(Append).
     |   save(basePath)
21/11/15 07:47:33 WARN HoodieSparkSqlWriter$: Commit time 20211115074733457
21/11/15 07:47:35 WARN EmbeddedTimelineService: Started embedded timeline server at 10.0.0.202:57644
[Stage 2:>                                                        (0                                                                    21/11/15 07:47:39 ERROR RequestHandler: Got runtime exception servicing request partition=CreateEvent&maxinstant=20211115074301094&basepath=file%3A%2Ftmp%2Fmw_testing%2Ftrial2&lastinstantts=20211115074301094&timelinehash=ce963fe977a9d2176fadecf16c223cb3b98d7f6f7aaaf41cd7855eb098aee47d
java.lang.IllegalArgumentException: Last known instant from client was 20211115074301094 but server has the following timeline [[20211115074301094__commit__COMPLETED], [20211115074731908__commit__COMPLETED]]
    at org.apache.hudi.common.util.ValidationUtils.checkArgument(ValidationUtils.java:40)
    at org.apache.hudi.timeline.service.RequestHandler$ViewHandler.handle(RequestHandler.java:510)
    at io.javalin.security.SecurityUtil.noopAccessManager(SecurityUtil.kt:22)
    at io.javalin.Javalin.lambda$addHandler$0(Javalin.java:606)
    at io.javalin.core.JavalinServlet$service$2$1.invoke(JavalinServlet.kt:46)
    at io.javalin.core.JavalinServlet$service$2$1.invoke(JavalinServlet.kt:17)
    at io.javalin.core.JavalinServlet$service$1.invoke(JavalinServlet.kt:143)
    at io.javalin.core.JavalinServlet$service$2.invoke(JavalinServlet.kt:41)
    at io.javalin.core.JavalinServlet.service(JavalinServlet.kt:107)
    at io.javalin.core.util.JettyServerUtil$initialize$httpHandler$1.doHandle(JettyServerUtil.kt:72)
    at org.apache.hudi.org.apache.jetty.server.handler.ScopedHandler.nextScope(ScopedHandler.java:203)
    at org.apache.hudi.org.apache.jetty.servlet.ServletHandler.doScope(ServletHandler.java:480)
    at org.apache.hudi.org.apache.jetty.server.session.SessionHandler.doScope(SessionHandler.java:1668)
    at org.apache.hudi.org.apache.jetty.server.handler.ScopedHandler.nextScope(ScopedHandler.java:201)
    at org.apache.hudi.org.apache.jetty.server.handler.ContextHandler.doScope(ContextHandler.java:1247)
    at org.apache.hudi.org.apache.jetty.server.handler.ScopedHandler.handle(ScopedHandler.java:144)
    at org.apache.hudi.org.apache.jetty.server.handler.HandlerList.handle(HandlerList.java:61)
    at org.apache.hudi.org.apache.jetty.server.handler.StatisticsHandler.handle(StatisticsHandler.java:174)
    at org.apache.hudi.org.apache.jetty.server.handler.HandlerWrapper.handle(HandlerWrapper.java:132)
    at org.apache.hudi.org.apache.jetty.server.Server.handle(Server.java:502)
    at org.apache.hudi.org.apache.jetty.server.HttpChannel.handle(HttpChannel.java:370)
    at org.apache.hudi.org.apache.jetty.server.HttpConnection.onFillable(HttpConnection.java:267)
    at org.apache.hudi.org.apache.jetty.io.AbstractConnection$ReadCallback.succeeded(AbstractConnection.java:305)
    at org.apache.hudi.org.apache.jetty.io.FillInterest.fillable(FillInterest.java:103)
    at org.apache.hudi.org.apache.jetty.io.ChannelEndPoint$2.run(ChannelEndPoint.java:117)
    at org.apache.hudi.org.apache.jetty.util.thread.strategy.EatWhatYouKill.runTask(EatWhatYouKill.java:333)
    at org.apache.hudi.org.apache.jetty.util.thread.strategy.EatWhatYouKill.doProduce(EatWhatYouKill.java:310)
    at org.apache.hudi.org.apache.jetty.util.thread.strategy.EatWhatYouKill.tryProduce(EatWhatYouKill.java:168)
    at org.apache.hudi.org.apache.jetty.util.thread.strategy.EatWhatYouKill.produce(EatWhatYouKill.java:132)
    at org.apache.hudi.org.apache.jetty.util.thread.QueuedThreadPool.runJob(QueuedThreadPool.java:765)
    at org.apache.hudi.org.apache.jetty.util.thread.QueuedThreadPool$2.run(QueuedThreadPool.java:683)
    at java.lang.Thread.run(Thread.java:748)
21/11/15 07:47:39 WARN ExceptionMapper: Uncaught exception
java.lang.IllegalArgumentException: Last known instant from client was 20211115074301094 but server has the following timeline [[20211115074301094__commit__COMPLETED], [20211115074731908__commit__COMPLETED]]
    at org.apache.hudi.common.util.ValidationUtils.checkArgument(ValidationUtils.java:40)
    at org.apache.hudi.timeline.service.RequestHandler$ViewHandler.handle(RequestHandler.java:510)
    at io.javalin.security.SecurityUtil.noopAccessManager(SecurityUtil.kt:22)
    at io.javalin.Javalin.lambda$addHandler$0(Javalin.java:606)
    at io.javalin.core.JavalinServlet$service$2$1.invoke(JavalinServlet.kt:46)
    at io.javalin.core.JavalinServlet$service$2$1.invoke(JavalinServlet.kt:17)
    at io.javalin.core.JavalinServlet$service$1.invoke(JavalinServlet.kt:143)
    at io.javalin.core.JavalinServlet$service$2.invoke(JavalinServlet.kt:41)
    at io.javalin.core.JavalinServlet.service(JavalinServlet.kt:107)
    at io.javalin.core.util.JettyServerUtil$initialize$httpHandler$1.doHandle(JettyServerUtil.kt:72)
    at org.apache.hudi.org.apache.jetty.server.handler.ScopedHandler.nextScope(ScopedHandler.java:203)
    at org.apache.hudi.org.apache.jetty.servlet.ServletHandler.doScope(ServletHandler.java:480)
    at org.apache.hudi.org.apache.jetty.server.session.SessionHandler.doScope(SessionHandler.java:1668)
    at org.apache.hudi.org.apache.jetty.server.handler.ScopedHandler.nextScope(ScopedHandler.java:201)
    at org.apache.hudi.org.apache.jetty.server.handler.ContextHandler.doScope(ContextHandler.java:1247)
    at org.apache.hudi.org.apache.jetty.server.handler.ScopedHandler.handle(ScopedHandler.java:144)
    at org.apache.hudi.org.apache.jetty.server.handler.HandlerList.handle(HandlerList.java:61)
    at org.apache.hudi.org.apache.jetty.server.handler.StatisticsHandler.handle(StatisticsHandler.java:174)
    at org.apache.hudi.org.apache.jetty.server.handler.HandlerWrapper.handle(HandlerWrapper.java:132)
    at org.apache.hudi.org.apache.jetty.server.Server.handle(Server.java:502)
    at org.apache.hudi.org.apache.jetty.server.HttpChannel.handle(HttpChannel.java:370)
    at org.apache.hudi.org.apache.jetty.server.HttpConnection.onFillable(HttpConnection.java:267)
    at org.apache.hudi.org.apache.jetty.io.AbstractConnection$ReadCallback.succeeded(AbstractConnection.java:305)
    at org.apache.hudi.org.apache.jetty.io.FillInterest.fillable(FillInterest.java:103)
    at org.apache.hudi.org.apache.jetty.io.ChannelEndPoint$2.run(ChannelEndPoint.java:117)
    at org.apache.hudi.org.apache.jetty.util.thread.strategy.EatWhatYouKill.runTask(EatWhatYouKill.java:333)
    at org.apache.hudi.org.apache.jetty.util.thread.strategy.EatWhatYouKill.doProduce(EatWhatYouKill.java:310)
    at org.apache.hudi.org.apache.jetty.util.thread.strategy.EatWhatYouKill.tryProduce(EatWhatYouKill.java:168)
    at org.apache.hudi.org.apache.jetty.util.thread.strategy.EatWhatYouKill.produce(EatWhatYouKill.java:132)
    at org.apache.hudi.org.apache.jetty.util.thread.QueuedThreadPool.runJob(QueuedThreadPool.java:765)
    at org.apache.hudi.org.apache.jetty.util.thread.QueuedThreadPool$2.run(QueuedThreadPool.java:683)
    at java.lang.Thread.run(Thread.java:748)
21/11/15 07:47:39 ERROR PriorityBasedFileSystemView: Got error running preferred function. Trying secondary
org.apache.hudi.exception.HoodieRemoteException: Server Error
    at org.apache.hudi.common.table.view.RemoteHoodieTableFileSystemView.getLatestBaseFilesFromParams(RemoteHoodieTableFileSystemView.java:241)
    at org.apache.hudi.common.table.view.RemoteHoodieTableFileSystemView.getLatestBaseFilesBeforeOrOn(RemoteHoodieTableFileSystemView.java:248)
    at org.apache.hudi.common.table.view.PriorityBasedFileSystemView.execute(PriorityBasedFileSystemView.java:97)
    at org.apache.hudi.common.table.view.PriorityBasedFileSystemView.getLatestBaseFilesBeforeOrOn(PriorityBasedFileSystemView.java:134)
    at org.apache.hudi.index.HoodieIndexUtils.getLatestBaseFilesForPartition(HoodieIndexUtils.java:54)
    at org.apache.hudi.index.HoodieIndexUtils.lambda$getLatestBaseFilesForAllPartitions$ff6885d8$1(HoodieIndexUtils.java:74)
    at org.apache.hudi.client.common.HoodieSparkEngineContext.lambda$flatMap$7d470b86$1(HoodieSparkEngineContext.java:134)
    at org.apache.spark.api.java.JavaRDDLike$$anonfun$fn$1$1.apply(JavaRDDLike.scala:125)
    at org.apache.spark.api.java.JavaRDDLike$$anonfun$fn$1$1.apply(JavaRDDLike.scala:125)
    at scala.collection.Iterator$$anon$12.nextCur(Iterator.scala:435)
    at scala.collection.Iterator$$anon$12.hasNext(Iterator.scala:441)
    at scala.collection.Iterator$class.foreach(Iterator.scala:891)
    at scala.collection.AbstractIterator.foreach(Iterator.scala:1334)
    at scala.collection.generic.Growable$class.$plus$plus$eq(Growable.scala:59)
    at scala.collection.mutable.ArrayBuffer.$plus$plus$eq(ArrayBuffer.scala:104)
    at scala.collection.mutable.ArrayBuffer.$plus$plus$eq(ArrayBuffer.scala:48)
    at scala.collection.TraversableOnce$class.to(TraversableOnce.scala:310)
    at scala.collection.AbstractIterator.to(Iterator.scala:1334)
    at scala.collection.TraversableOnce$class.toBuffer(TraversableOnce.scala:302)
    at scala.collection.AbstractIterator.toBuffer(Iterator.scala:1334)
    at scala.collection.TraversableOnce$class.toArray(TraversableOnce.scala:289)
    at scala.collection.AbstractIterator.toArray(Iterator.scala:1334)
    at org.apache.spark.rdd.RDD$$anonfun$collect$1$$anonfun$15.apply(RDD.scala:990)
    at org.apache.spark.rdd.RDD$$anonfun$collect$1$$anonfun$15.apply(RDD.scala:990)
    at org.apache.spark.SparkContext$$anonfun$runJob$5.apply(SparkContext.scala:2101)
    at org.apache.spark.SparkContext$$anonfun$runJob$5.apply(SparkContext.scala:2101)
    at org.apache.spark.scheduler.ResultTask.runTask(ResultTask.scala:90)
    at org.apache.spark.scheduler.Task.run(Task.scala:123)
    at org.apache.spark.executor.Executor$TaskRunner$$anonfun$10.apply(Executor.scala:408)
    at org.apache.spark.util.Utils$.tryWithSafeFinally(Utils.scala:1360)
    at org.apache.spark.executor.Executor$TaskRunner.run(Executor.scala:414)
    at java.util.concurrent.ThreadPoolExecutor.runWorker(ThreadPoolExecutor.java:1149)
    at java.util.concurrent.ThreadPoolExecutor$Worker.run(ThreadPoolExecutor.java:624)
    at java.lang.Thread.run(Thread.java:748)
Caused by: org.apache.http.client.HttpResponseException: Server Error
    at org.apache.http.impl.client.AbstractResponseHandler.handleResponse(AbstractResponseHandler.java:70)
    at org.apache.http.client.fluent.Response.handleResponse(Response.java:90)
    at org.apache.http.client.fluent.Response.returnContent(Response.java:97)
    at org.apache.hudi.common.table.view.RemoteHoodieTableFileSystemView.executeRequest(RemoteHoodieTableFileSystemView.java:179)
    at org.apache.hudi.common.table.view.RemoteHoodieTableFileSystemView.getLatestBaseFilesFromParams(RemoteHoodieTableFileSystemView.java:237)
    ... 33 more
21/11/15 07:47:39 ERROR RequestHandler: Got runtime exception servicing request partition=CreateEvent&basepath=file%3A%2Ftmp%2Fmw_testing%2Ftrial2&fileid=3ed17c94-b793-4224-b7b3-1c5766549df4-1&lastinstantts=20211115074301094&timelinehash=ce963fe977a9d2176fadecf16c223cb3b98d7f6f7aaaf41cd7855eb098aee47d
java.lang.IllegalArgumentException: Last known instant from client was 20211115074301094 but server has the following timeline [[20211115074301094__commit__COMPLETED], [20211115074731908__commit__COMPLETED]]
    at org.apache.hudi.common.util.ValidationUtils.checkArgument(ValidationUtils.java:40)
    at org.apache.hudi.timeline.service.RequestHandler$ViewHandler.handle(RequestHandler.java:510)
    at io.javalin.security.SecurityUtil.noopAccessManager(SecurityUtil.kt:22)
    at io.javalin.Javalin.lambda$addHandler$0(Javalin.java:606)
    at io.javalin.core.JavalinServlet$service$2$1.invoke(JavalinServlet.kt:46)
    at io.javalin.core.JavalinServlet$service$2$1.invoke(JavalinServlet.kt:17)
    at io.javalin.core.JavalinServlet$service$1.invoke(JavalinServlet.kt:143)
    at io.javalin.core.JavalinServlet$service$2.invoke(JavalinServlet.kt:41)
    at io.javalin.core.JavalinServlet.service(JavalinServlet.kt:107)
    at io.javalin.core.util.JettyServerUtil$initialize$httpHandler$1.doHandle(JettyServerUtil.kt:72)
    at org.apache.hudi.org.apache.jetty.server.handler.ScopedHandler.nextScope(ScopedHandler.java:203)
    at org.apache.hudi.org.apache.jetty.servlet.ServletHandler.doScope(ServletHandler.java:480)
    at org.apache.hudi.org.apache.jetty.server.session.SessionHandler.doScope(SessionHandler.java:1668)
    at org.apache.hudi.org.apache.jetty.server.handler.ScopedHandler.nextScope(ScopedHandler.java:201)
    at org.apache.hudi.org.apache.jetty.server.handler.ContextHandler.doScope(ContextHandler.java:1247)
    at org.apache.hudi.org.apache.jetty.server.handler.ScopedHandler.handle(ScopedHandler.java:144)
    at org.apache.hudi.org.apache.jetty.server.handler.HandlerList.handle(HandlerList.java:61)
    at org.apache.hudi.org.apache.jetty.server.handler.StatisticsHandler.handle(StatisticsHandler.java:174)
    at org.apache.hudi.org.apache.jetty.server.handler.HandlerWrapper.handle(HandlerWrapper.java:132)
    at org.apache.hudi.org.apache.jetty.server.Server.handle(Server.java:502)
    at org.apache.hudi.org.apache.jetty.server.HttpChannel.handle(HttpChannel.java:370)
    at org.apache.hudi.org.apache.jetty.server.HttpConnection.onFillable(HttpConnection.java:267)
    at org.apache.hudi.org.apache.jetty.io.AbstractConnection$ReadCallback.succeeded(AbstractConnection.java:305)
    at org.apache.hudi.org.apache.jetty.io.FillInterest.fillable(FillInterest.java:103)
    at org.apache.hudi.org.apache.jetty.io.ChannelEndPoint$2.run(ChannelEndPoint.java:117)
    at org.apache.hudi.org.apache.jetty.util.thread.strategy.EatWhatYouKill.runTask(EatWhatYouKill.java:333)
    at org.apache.hudi.org.apache.jetty.util.thread.strategy.EatWhatYouKill.doProduce(EatWhatYouKill.java:310)
    at org.apache.hudi.org.apache.jetty.util.thread.strategy.EatWhatYouKill.tryProduce(EatWhatYouKill.java:168)
    at org.apache.hudi.org.apache.jetty.util.thread.strategy.EatWhatYouKill.run(EatWhatYouKill.java:126)
    at org.apache.hudi.org.apache.jetty.util.thread.ReservedThreadExecutor$ReservedThread.run(ReservedThreadExecutor.java:366)
    at org.apache.hudi.org.apache.jetty.util.thread.QueuedThreadPool.runJob(QueuedThreadPool.java:765)
    at org.apache.hudi.org.apache.jetty.util.thread.QueuedThreadPool$2.run(QueuedThreadPool.java:683)
    at java.lang.Thread.run(Thread.java:748)
21/11/15 07:47:39 WARN ExceptionMapper: Uncaught exception
java.lang.IllegalArgumentException: Last known instant from client was 20211115074301094 but server has the following timeline [[20211115074301094__commit__COMPLETED], [20211115074731908__commit__COMPLETED]]
    at org.apache.hudi.common.util.ValidationUtils.checkArgument(ValidationUtils.java:40)
    at org.apache.hudi.timeline.service.RequestHandler$ViewHandler.handle(RequestHandler.java:510)
    at io.javalin.security.SecurityUtil.noopAccessManager(SecurityUtil.kt:22)
    at io.javalin.Javalin.lambda$addHandler$0(Javalin.java:606)
    at io.javalin.core.JavalinServlet$service$2$1.invoke(JavalinServlet.kt:46)
    at io.javalin.core.JavalinServlet$service$2$1.invoke(JavalinServlet.kt:17)
    at io.javalin.core.JavalinServlet$service$1.invoke(JavalinServlet.kt:143)
    at io.javalin.core.JavalinServlet$service$2.invoke(JavalinServlet.kt:41)
    at io.javalin.core.JavalinServlet.service(JavalinServlet.kt:107)
    at io.javalin.core.util.JettyServerUtil$initialize$httpHandler$1.doHandle(JettyServerUtil.kt:72)
    at org.apache.hudi.org.apache.jetty.server.handler.ScopedHandler.nextScope(ScopedHandler.java:203)
    at org.apache.hudi.org.apache.jetty.servlet.ServletHandler.doScope(ServletHandler.java:480)
    at org.apache.hudi.org.apache.jetty.server.session.SessionHandler.doScope(SessionHandler.java:1668)
    at org.apache.hudi.org.apache.jetty.server.handler.ScopedHandler.nextScope(ScopedHandler.java:201)
    at org.apache.hudi.org.apache.jetty.server.handler.ContextHandler.doScope(ContextHandler.java:1247)
    at org.apache.hudi.org.apache.jetty.server.handler.ScopedHandler.handle(ScopedHandler.java:144)
    at org.apache.hudi.org.apache.jetty.server.handler.HandlerList.handle(HandlerList.java:61)
    at org.apache.hudi.org.apache.jetty.server.handler.StatisticsHandler.handle(StatisticsHandler.java:174)
    at org.apache.hudi.org.apache.jetty.server.handler.HandlerWrapper.handle(HandlerWrapper.java:132)
    at org.apache.hudi.org.apache.jetty.server.Server.handle(Server.java:502)
    at org.apache.hudi.org.apache.jetty.server.HttpChannel.handle(HttpChannel.java:370)
    at org.apache.hudi.org.apache.jetty.server.HttpConnection.onFillable(HttpConnection.java:267)
    at org.apache.hudi.org.apache.jetty.io.AbstractConnection$ReadCallback.succeeded(AbstractConnection.java:305)
    at org.apache.hudi.org.apache.jetty.io.FillInterest.fillable(FillInterest.java:103)
    at org.apache.hudi.org.apache.jetty.io.ChannelEndPoint$2.run(ChannelEndPoint.java:117)
    at org.apache.hudi.org.apache.jetty.util.thread.strategy.EatWhatYouKill.runTask(EatWhatYouKill.java:333)
    at org.apache.hudi.org.apache.jetty.util.thread.strategy.EatWhatYouKill.doProduce(EatWhatYouKill.java:310)
    at org.apache.hudi.org.apache.jetty.util.thread.strategy.EatWhatYouKill.tryProduce(EatWhatYouKill.java:168)
    at org.apache.hudi.org.apache.jetty.util.thread.strategy.EatWhatYouKill.run(EatWhatYouKill.java:126)
    at org.apache.hudi.org.apache.jetty.util.thread.ReservedThreadExecutor$ReservedThread.run(ReservedThreadExecutor.java:366)
    at org.apache.hudi.org.apache.jetty.util.thread.QueuedThreadPool.runJob(QueuedThreadPool.java:765)
    at org.apache.hudi.org.apache.jetty.util.thread.QueuedThreadPool$2.run(QueuedThreadPool.java:683)
    at java.lang.Thread.run(Thread.java:748)
21/11/15 07:47:39 ERROR PriorityBasedFileSystemView: Got error running preferred function. Trying secondary
org.apache.hudi.exception.HoodieRemoteException: Server Error
    at org.apache.hudi.common.table.view.RemoteHoodieTableFileSystemView.getLatestBaseFile(RemoteHoodieTableFileSystemView.java:493)
    at org.apache.hudi.common.table.view.PriorityBasedFileSystemView.execute(PriorityBasedFileSystemView.java:97)
    at org.apache.hudi.common.table.view.PriorityBasedFileSystemView.getLatestBaseFile(PriorityBasedFileSystemView.java:140)
    at org.apache.hudi.io.HoodieReadHandle.getLatestDataFile(HoodieReadHandle.java:62)
    at org.apache.hudi.io.HoodieReadHandle.createNewFileReader(HoodieReadHandle.java:67)
    at org.apache.hudi.io.HoodieRangeInfoHandle.getMinMaxKeys(HoodieRangeInfoHandle.java:39)
    at org.apache.hudi.index.bloom.HoodieBloomIndex.lambda$loadInvolvedFiles$4cbadf07$1(HoodieBloomIndex.java:149)
    at org.apache.spark.api.java.JavaPairRDD$$anonfun$toScalaFunction$1.apply(JavaPairRDD.scala:1040)
    at scala.collection.Iterator$$anon$11.next(Iterator.scala:410)
    at scala.collection.Iterator$class.foreach(Iterator.scala:891)
    at scala.collection.AbstractIterator.foreach(Iterator.scala:1334)
    at scala.collection.generic.Growable$class.$plus$plus$eq(Growable.scala:59)
    at scala.collection.mutable.ArrayBuffer.$plus$plus$eq(ArrayBuffer.scala:104)
    at scala.collection.mutable.ArrayBuffer.$plus$plus$eq(ArrayBuffer.scala:48)
    at scala.collection.TraversableOnce$class.to(TraversableOnce.scala:310)
    at scala.collection.AbstractIterator.to(Iterator.scala:1334)
    at scala.collection.TraversableOnce$class.toBuffer(TraversableOnce.scala:302)
    at scala.collection.AbstractIterator.toBuffer(Iterator.scala:1334)
    at scala.collection.TraversableOnce$class.toArray(TraversableOnce.scala:289)
    at scala.collection.AbstractIterator.toArray(Iterator.scala:1334)
    at org.apache.spark.rdd.RDD$$anonfun$collect$1$$anonfun$15.apply(RDD.scala:990)
    at org.apache.spark.rdd.RDD$$anonfun$collect$1$$anonfun$15.apply(RDD.scala:990)
    at org.apache.spark.SparkContext$$anonfun$runJob$5.apply(SparkContext.scala:2101)
    at org.apache.spark.SparkContext$$anonfun$runJob$5.apply(SparkContext.scala:2101)
    at org.apache.spark.scheduler.ResultTask.runTask(ResultTask.scala:90)
    at org.apache.spark.scheduler.Task.run(Task.scala:123)
    at org.apache.spark.executor.Executor$TaskRunner$$anonfun$10.apply(Executor.scala:408)
    at org.apache.spark.util.Utils$.tryWithSafeFinally(Utils.scala:1360)
    at org.apache.spark.executor.Executor$TaskRunner.run(Executor.scala:414)
    at java.util.concurrent.ThreadPoolExecutor.runWorker(ThreadPoolExecutor.java:1149)
    at java.util.concurrent.ThreadPoolExecutor$Worker.run(ThreadPoolExecutor.java:624)
    at java.lang.Thread.run(Thread.java:748)
Caused by: org.apache.http.client.HttpResponseException: Server Error
    at org.apache.http.impl.client.AbstractResponseHandler.handleResponse(AbstractResponseHandler.java:70)
    at org.apache.http.client.fluent.Response.handleResponse(Response.java:90)
    at org.apache.http.client.fluent.Response.returnContent(Response.java:97)
    at org.apache.hudi.common.table.view.RemoteHoodieTableFileSystemView.executeRequest(RemoteHoodieTableFileSystemView.java:179)
    at org.apache.hudi.common.table.view.RemoteHoodieTableFileSystemView.getLatestBaseFile(RemoteHoodieTableFileSystemView.java:489)
    ... 31 more
21/11/15 07:47:40 ERROR RequestHandler: Got runtime exception servicing request partition=CreateEvent&maxinstant=20211115074301094&basepath=file%3A%2Ftmp%2Fmw_testing%2Ftrial2&lastinstantts=20211115074301094&timelinehash=ce963fe977a9d2176fadecf16c223cb3b98d7f6f7aaaf41cd7855eb098aee47d
java.lang.IllegalArgumentException: Last known instant from client was 20211115074301094 but server has the following timeline [[20211115074301094__commit__COMPLETED], [20211115074731908__commit__COMPLETED]]
    at org.apache.hudi.common.util.ValidationUtils.checkArgument(ValidationUtils.java:40)
    at org.apache.hudi.timeline.service.RequestHandler$ViewHandler.handle(RequestHandler.java:510)
    at io.javalin.security.SecurityUtil.noopAccessManager(SecurityUtil.kt:22)
    at io.javalin.Javalin.lambda$addHandler$0(Javalin.java:606)
    at io.javalin.core.JavalinServlet$service$2$1.invoke(JavalinServlet.kt:46)
    at io.javalin.core.JavalinServlet$service$2$1.invoke(JavalinServlet.kt:17)
    at io.javalin.core.JavalinServlet$service$1.invoke(JavalinServlet.kt:143)
    at io.javalin.core.JavalinServlet$service$2.invoke(JavalinServlet.kt:41)
    at io.javalin.core.JavalinServlet.service(JavalinServlet.kt:107)
    at io.javalin.core.util.JettyServerUtil$initialize$httpHandler$1.doHandle(JettyServerUtil.kt:72)
    at org.apache.hudi.org.apache.jetty.server.handler.ScopedHandler.nextScope(ScopedHandler.java:203)
    at org.apache.hudi.org.apache.jetty.servlet.ServletHandler.doScope(ServletHandler.java:480)
    at org.apache.hudi.org.apache.jetty.server.session.SessionHandler.doScope(SessionHandler.java:1668)
    at org.apache.hudi.org.apache.jetty.server.handler.ScopedHandler.nextScope(ScopedHandler.java:201)
    at org.apache.hudi.org.apache.jetty.server.handler.ContextHandler.doScope(ContextHandler.java:1247)
    at org.apache.hudi.org.apache.jetty.server.handler.ScopedHandler.handle(ScopedHandler.java:144)
    at org.apache.hudi.org.apache.jetty.server.handler.HandlerList.handle(HandlerList.java:61)
    at org.apache.hudi.org.apache.jetty.server.handler.StatisticsHandler.handle(StatisticsHandler.java:174)
    at org.apache.hudi.org.apache.jetty.server.handler.HandlerWrapper.handle(HandlerWrapper.java:132)
    at org.apache.hudi.org.apache.jetty.server.Server.handle(Server.java:502)
    at org.apache.hudi.org.apache.jetty.server.HttpChannel.handle(HttpChannel.java:370)
    at org.apache.hudi.org.apache.jetty.server.HttpConnection.onFillable(HttpConnection.java:267)
    at org.apache.hudi.org.apache.jetty.io.AbstractConnection$ReadCallback.succeeded(AbstractConnection.java:305)
    at org.apache.hudi.org.apache.jetty.io.FillInterest.fillable(FillInterest.java:103)
    at org.apache.hudi.org.apache.jetty.io.ChannelEndPoint$2.run(ChannelEndPoint.java:117)
    at org.apache.hudi.org.apache.jetty.util.thread.strategy.EatWhatYouKill.runTask(EatWhatYouKill.java:333)
    at org.apache.hudi.org.apache.jetty.util.thread.strategy.EatWhatYouKill.doProduce(EatWhatYouKill.java:310)
    at org.apache.hudi.org.apache.jetty.util.thread.strategy.EatWhatYouKill.tryProduce(EatWhatYouKill.java:168)
    at org.apache.hudi.org.apache.jetty.util.thread.strategy.EatWhatYouKill.run(EatWhatYouKill.java:126)
    at org.apache.hudi.org.apache.jetty.util.thread.ReservedThreadExecutor$ReservedThread.run(ReservedThreadExecutor.java:366)
    at org.apache.hudi.org.apache.jetty.util.thread.QueuedThreadPool.runJob(QueuedThreadPool.java:765)
    at org.apache.hudi.org.apache.jetty.util.thread.QueuedThreadPool$2.run(QueuedThreadPool.java:683)
    at java.lang.Thread.run(Thread.java:748)
21/11/15 07:47:40 WARN ExceptionMapper: Uncaught exception
java.lang.IllegalArgumentException: Last known instant from client was 20211115074301094 but server has the following timeline [[20211115074301094__commit__COMPLETED], [20211115074731908__commit__COMPLETED]]
    at org.apache.hudi.common.util.ValidationUtils.checkArgument(ValidationUtils.java:40)
    at org.apache.hudi.timeline.service.RequestHandler$ViewHandler.handle(RequestHandler.java:510)
    at io.javalin.security.SecurityUtil.noopAccessManager(SecurityUtil.kt:22)
    at io.javalin.Javalin.lambda$addHandler$0(Javalin.java:606)
    at io.javalin.core.JavalinServlet$service$2$1.invoke(JavalinServlet.kt:46)
    at io.javalin.core.JavalinServlet$service$2$1.invoke(JavalinServlet.kt:17)
    at io.javalin.core.JavalinServlet$service$1.invoke(JavalinServlet.kt:143)
    at io.javalin.core.JavalinServlet$service$2.invoke(JavalinServlet.kt:41)
    at io.javalin.core.JavalinServlet.service(JavalinServlet.kt:107)
    at io.javalin.core.util.JettyServerUtil$initialize$httpHandler$1.doHandle(JettyServerUtil.kt:72)
    at org.apache.hudi.org.apache.jetty.server.handler.ScopedHandler.nextScope(ScopedHandler.java:203)
    at org.apache.hudi.org.apache.jetty.servlet.ServletHandler.doScope(ServletHandler.java:480)
    at org.apache.hudi.org.apache.jetty.server.session.SessionHandler.doScope(SessionHandler.java:1668)
    at org.apache.hudi.org.apache.jetty.server.handler.ScopedHandler.nextScope(ScopedHandler.java:201)
    at org.apache.hudi.org.apache.jetty.server.handler.ContextHandler.doScope(ContextHandler.java:1247)
    at org.apache.hudi.org.apache.jetty.server.handler.ScopedHandler.handle(ScopedHandler.java:144)
    at org.apache.hudi.org.apache.jetty.server.handler.HandlerList.handle(HandlerList.java:61)
    at org.apache.hudi.org.apache.jetty.server.handler.StatisticsHandler.handle(StatisticsHandler.java:174)
    at org.apache.hudi.org.apache.jetty.server.handler.HandlerWrapper.handle(HandlerWrapper.java:132)
    at org.apache.hudi.org.apache.jetty.server.Server.handle(Server.java:502)
    at org.apache.hudi.org.apache.jetty.server.HttpChannel.handle(HttpChannel.java:370)
    at org.apache.hudi.org.apache.jetty.server.HttpConnection.onFillable(HttpConnection.java:267)
    at org.apache.hudi.org.apache.jetty.io.AbstractConnection$ReadCallback.succeeded(AbstractConnection.java:305)
    at org.apache.hudi.org.apache.jetty.io.FillInterest.fillable(FillInterest.java:103)
    at org.apache.hudi.org.apache.jetty.io.ChannelEndPoint$2.run(ChannelEndPoint.java:117)
    at org.apache.hudi.org.apache.jetty.util.thread.strategy.EatWhatYouKill.runTask(EatWhatYouKill.java:333)
    at org.apache.hudi.org.apache.jetty.util.thread.strategy.EatWhatYouKill.doProduce(EatWhatYouKill.java:310)
    at org.apache.hudi.org.apache.jetty.util.thread.strategy.EatWhatYouKill.tryProduce(EatWhatYouKill.java:168)
    at org.apache.hudi.org.apache.jetty.util.thread.strategy.EatWhatYouKill.run(EatWhatYouKill.java:126)
    at org.apache.hudi.org.apache.jetty.util.thread.ReservedThreadExecutor$ReservedThread.run(ReservedThreadExecutor.java:366)
    at org.apache.hudi.org.apache.jetty.util.thread.QueuedThreadPool.runJob(QueuedThreadPool.java:765)
    at org.apache.hudi.org.apache.jetty.util.thread.QueuedThreadPool$2.run(QueuedThreadPool.java:683)
    at java.lang.Thread.run(Thread.java:748)
21/11/15 07:47:40 ERROR PriorityBasedFileSystemView: Got error running preferred function. Trying secondary
org.apache.hudi.exception.HoodieRemoteException: Server Error
    at org.apache.hudi.common.table.view.RemoteHoodieTableFileSystemView.getLatestBaseFilesFromParams(RemoteHoodieTableFileSystemView.java:241)
    at org.apache.hudi.common.table.view.RemoteHoodieTableFileSystemView.getLatestBaseFilesBeforeOrOn(RemoteHoodieTableFileSystemView.java:248)
    at org.apache.hudi.common.table.view.PriorityBasedFileSystemView.execute(PriorityBasedFileSystemView.java:97)
    at org.apache.hudi.common.table.view.PriorityBasedFileSystemView.getLatestBaseFilesBeforeOrOn(PriorityBasedFileSystemView.java:134)
    at org.apache.hudi.table.action.commit.UpsertPartitioner.getSmallFiles(UpsertPartitioner.java:275)
    at org.apache.hudi.table.action.commit.UpsertPartitioner.lambda$getSmallFilesForPartitions$f1d92f9e$1(UpsertPartitioner.java:256)
    at org.apache.spark.api.java.JavaPairRDD$$anonfun$pairFunToScalaFun$1.apply(JavaPairRDD.scala:1043)
    at org.apache.spark.api.java.JavaPairRDD$$anonfun$pairFunToScalaFun$1.apply(JavaPairRDD.scala:1043)
    at scala.collection.Iterator$$anon$11.next(Iterator.scala:410)
    at scala.collection.Iterator$class.foreach(Iterator.scala:891)
    at scala.collection.AbstractIterator.foreach(Iterator.scala:1334)
    at scala.collection.generic.Growable$class.$plus$plus$eq(Growable.scala:59)
    at scala.collection.mutable.ArrayBuffer.$plus$plus$eq(ArrayBuffer.scala:104)
    at scala.collection.mutable.ArrayBuffer.$plus$plus$eq(ArrayBuffer.scala:48)
    at scala.collection.TraversableOnce$class.to(TraversableOnce.scala:310)
    at scala.collection.AbstractIterator.to(Iterator.scala:1334)
    at scala.collection.TraversableOnce$class.toBuffer(TraversableOnce.scala:302)
    at scala.collection.AbstractIterator.toBuffer(Iterator.scala:1334)
    at scala.collection.TraversableOnce$class.toArray(TraversableOnce.scala:289)
    at scala.collection.AbstractIterator.toArray(Iterator.scala:1334)
    at org.apache.spark.rdd.RDD$$anonfun$collect$1$$anonfun$15.apply(RDD.scala:990)
    at org.apache.spark.rdd.RDD$$anonfun$collect$1$$anonfun$15.apply(RDD.scala:990)
    at org.apache.spark.SparkContext$$anonfun$runJob$5.apply(SparkContext.scala:2101)
    at org.apache.spark.SparkContext$$anonfun$runJob$5.apply(SparkContext.scala:2101)
    at org.apache.spark.scheduler.ResultTask.runTask(ResultTask.scala:90)
    at org.apache.spark.scheduler.Task.run(Task.scala:123)
    at org.apache.spark.executor.Executor$TaskRunner$$anonfun$10.apply(Executor.scala:408)
    at org.apache.spark.util.Utils$.tryWithSafeFinally(Utils.scala:1360)
    at org.apache.spark.executor.Executor$TaskRunner.run(Executor.scala:414)
    at java.util.concurrent.ThreadPoolExecutor.runWorker(ThreadPoolExecutor.java:1149)
    at java.util.concurrent.ThreadPoolExecutor$Worker.run(ThreadPoolExecutor.java:624)
    at java.lang.Thread.run(Thread.java:748)
Caused by: org.apache.http.client.HttpResponseException: Server Error
    at org.apache.http.impl.client.AbstractResponseHandler.handleResponse(AbstractResponseHandler.java:70)
    at org.apache.http.client.fluent.Response.handleResponse(Response.java:90)
    at org.apache.http.client.fluent.Response.returnContent(Response.java:97)
    at org.apache.hudi.common.table.view.RemoteHoodieTableFileSystemView.executeRequest(RemoteHoodieTableFileSystemView.java:179)
    at org.apache.hudi.common.table.view.RemoteHoodieTableFileSystemView.getLatestBaseFilesFromParams(RemoteHoodieTableFileSystemView.java:237)
    ... 31 more
21/11/15 07:47:41 ERROR RequestHandler: Got runtime exception servicing request partition=CreateEvent&basepath=file%3A%2Ftmp%2Fmw_testing%2Ftrial2&fileid=3ed17c94-b793-4224-b7b3-1c5766549df4-1&lastinstantts=20211115074301094&timelinehash=ce963fe977a9d2176fadecf16c223cb3b98d7f6f7aaaf41cd7855eb098aee47d
java.lang.IllegalArgumentException: Last known instant from client was 20211115074301094 but server has the following timeline [[20211115074301094__commit__COMPLETED], [20211115074731908__commit__COMPLETED]]
    at org.apache.hudi.common.util.ValidationUtils.checkArgument(ValidationUtils.java:40)
    at org.apache.hudi.timeline.service.RequestHandler$ViewHandler.handle(RequestHandler.java:510)
    at io.javalin.security.SecurityUtil.noopAccessManager(SecurityUtil.kt:22)
    at io.javalin.Javalin.lambda$addHandler$0(Javalin.java:606)
    at io.javalin.core.JavalinServlet$service$2$1.invoke(JavalinServlet.kt:46)
    at io.javalin.core.JavalinServlet$service$2$1.invoke(JavalinServlet.kt:17)
    at io.javalin.core.JavalinServlet$service$1.invoke(JavalinServlet.kt:143)
    at io.javalin.core.JavalinServlet$service$2.invoke(JavalinServlet.kt:41)
    at io.javalin.core.JavalinServlet.service(JavalinServlet.kt:107)
    at io.javalin.core.util.JettyServerUtil$initialize$httpHandler$1.doHandle(JettyServerUtil.kt:72)
    at org.apache.hudi.org.apache.jetty.server.handler.ScopedHandler.nextScope(ScopedHandler.java:203)
    at org.apache.hudi.org.apache.jetty.servlet.ServletHandler.doScope(ServletHandler.java:480)
    at org.apache.hudi.org.apache.jetty.server.session.SessionHandler.doScope(SessionHandler.java:1668)
    at org.apache.hudi.org.apache.jetty.server.handler.ScopedHandler.nextScope(ScopedHandler.java:201)
    at org.apache.hudi.org.apache.jetty.server.handler.ContextHandler.doScope(ContextHandler.java:1247)
    at org.apache.hudi.org.apache.jetty.server.handler.ScopedHandler.handle(ScopedHandler.java:144)
    at org.apache.hudi.org.apache.jetty.server.handler.HandlerList.handle(HandlerList.java:61)
    at org.apache.hudi.org.apache.jetty.server.handler.StatisticsHandler.handle(StatisticsHandler.java:174)
    at org.apache.hudi.org.apache.jetty.server.handler.HandlerWrapper.handle(HandlerWrapper.java:132)
    at org.apache.hudi.org.apache.jetty.server.Server.handle(Server.java:502)
    at org.apache.hudi.org.apache.jetty.server.HttpChannel.handle(HttpChannel.java:370)
    at org.apache.hudi.org.apache.jetty.server.HttpConnection.onFillable(HttpConnection.java:267)
    at org.apache.hudi.org.apache.jetty.io.AbstractConnection$ReadCallback.succeeded(AbstractConnection.java:305)
    at org.apache.hudi.org.apache.jetty.io.FillInterest.fillable(FillInterest.java:103)
    at org.apache.hudi.org.apache.jetty.io.ChannelEndPoint$2.run(ChannelEndPoint.java:117)
    at org.apache.hudi.org.apache.jetty.util.thread.strategy.EatWhatYouKill.runTask(EatWhatYouKill.java:333)
    at org.apache.hudi.org.apache.jetty.util.thread.strategy.EatWhatYouKill.doProduce(EatWhatYouKill.java:310)
    at org.apache.hudi.org.apache.jetty.util.thread.strategy.EatWhatYouKill.tryProduce(EatWhatYouKill.java:168)
    at org.apache.hudi.org.apache.jetty.util.thread.strategy.EatWhatYouKill.run(EatWhatYouKill.java:126)
    at org.apache.hudi.org.apache.jetty.util.thread.ReservedThreadExecutor$ReservedThread.run(ReservedThreadExecutor.java:366)
    at org.apache.hudi.org.apache.jetty.util.thread.QueuedThreadPool.runJob(QueuedThreadPool.java:765)
    at org.apache.hudi.org.apache.jetty.util.thread.QueuedThreadPool$2.run(QueuedThreadPool.java:683)
    at java.lang.Thread.run(Thread.java:748)
21/11/15 07:47:41 WARN ExceptionMapper: Uncaught exception
java.lang.IllegalArgumentException: Last known instant from client was 20211115074301094 but server has the following timeline [[20211115074301094__commit__COMPLETED], [20211115074731908__commit__COMPLETED]]
    at org.apache.hudi.common.util.ValidationUtils.checkArgument(ValidationUtils.java:40)
    at org.apache.hudi.timeline.service.RequestHandler$ViewHandler.handle(RequestHandler.java:510)
    at io.javalin.security.SecurityUtil.noopAccessManager(SecurityUtil.kt:22)
    at io.javalin.Javalin.lambda$addHandler$0(Javalin.java:606)
    at io.javalin.core.JavalinServlet$service$2$1.invoke(JavalinServlet.kt:46)
    at io.javalin.core.JavalinServlet$service$2$1.invoke(JavalinServlet.kt:17)
    at io.javalin.core.JavalinServlet$service$1.invoke(JavalinServlet.kt:143)
    at io.javalin.core.JavalinServlet$service$2.invoke(JavalinServlet.kt:41)
    at io.javalin.core.JavalinServlet.service(JavalinServlet.kt:107)
    at io.javalin.core.util.JettyServerUtil$initialize$httpHandler$1.doHandle(JettyServerUtil.kt:72)
    at org.apache.hudi.org.apache.jetty.server.handler.ScopedHandler.nextScope(ScopedHandler.java:203)
    at org.apache.hudi.org.apache.jetty.servlet.ServletHandler.doScope(ServletHandler.java:480)
    at org.apache.hudi.org.apache.jetty.server.session.SessionHandler.doScope(SessionHandler.java:1668)
    at org.apache.hudi.org.apache.jetty.server.handler.ScopedHandler.nextScope(ScopedHandler.java:201)
    at org.apache.hudi.org.apache.jetty.server.handler.ContextHandler.doScope(ContextHandler.java:1247)
    at org.apache.hudi.org.apache.jetty.server.handler.ScopedHandler.handle(ScopedHandler.java:144)
    at org.apache.hudi.org.apache.jetty.server.handler.HandlerList.handle(HandlerList.java:61)
    at org.apache.hudi.org.apache.jetty.server.handler.StatisticsHandler.handle(StatisticsHandler.java:174)
    at org.apache.hudi.org.apache.jetty.server.handler.HandlerWrapper.handle(HandlerWrapper.java:132)
    at org.apache.hudi.org.apache.jetty.server.Server.handle(Server.java:502)
    at org.apache.hudi.org.apache.jetty.server.HttpChannel.handle(HttpChannel.java:370)
    at org.apache.hudi.org.apache.jetty.server.HttpConnection.onFillable(HttpConnection.java:267)
    at org.apache.hudi.org.apache.jetty.io.AbstractConnection$ReadCallback.succeeded(AbstractConnection.java:305)
    at org.apache.hudi.org.apache.jetty.io.FillInterest.fillable(FillInterest.java:103)
    at org.apache.hudi.org.apache.jetty.io.ChannelEndPoint$2.run(ChannelEndPoint.java:117)
    at org.apache.hudi.org.apache.jetty.util.thread.strategy.EatWhatYouKill.runTask(EatWhatYouKill.java:333)
    at org.apache.hudi.org.apache.jetty.util.thread.strategy.EatWhatYouKill.doProduce(EatWhatYouKill.java:310)
    at org.apache.hudi.org.apache.jetty.util.thread.strategy.EatWhatYouKill.tryProduce(EatWhatYouKill.java:168)
    at org.apache.hudi.org.apache.jetty.util.thread.strategy.EatWhatYouKill.run(EatWhatYouKill.java:126)
    at org.apache.hudi.org.apache.jetty.util.thread.ReservedThreadExecutor$ReservedThread.run(ReservedThreadExecutor.java:366)
    at org.apache.hudi.org.apache.jetty.util.thread.QueuedThreadPool.runJob(QueuedThreadPool.java:765)
    at org.apache.hudi.org.apache.jetty.util.thread.QueuedThreadPool$2.run(QueuedThreadPool.java:683)
    at java.lang.Thread.run(Thread.java:748)
21/11/15 07:47:41 ERROR PriorityBasedFileSystemView: Got error running preferred function. Trying secondary
org.apache.hudi.exception.HoodieRemoteException: Server Error
    at org.apache.hudi.common.table.view.RemoteHoodieTableFileSystemView.getLatestBaseFile(RemoteHoodieTableFileSystemView.java:493)
    at org.apache.hudi.common.table.view.PriorityBasedFileSystemView.execute(PriorityBasedFileSystemView.java:97)
    at org.apache.hudi.common.table.view.PriorityBasedFileSystemView.getLatestBaseFile(PriorityBasedFileSystemView.java:140)
    at org.apache.hudi.io.HoodieMergeHandle.<init>(HoodieMergeHandle.java:115)
    at org.apache.hudi.table.action.commit.BaseSparkCommitActionExecutor.getUpdateHandle(BaseSparkCommitActionExecutor.java:350)
    at org.apache.hudi.table.action.commit.BaseSparkCommitActionExecutor.handleUpdate(BaseSparkCommitActionExecutor.java:321)
    at org.apache.hudi.table.action.commit.BaseSparkCommitActionExecutor.handleUpsertPartition(BaseSparkCommitActionExecutor.java:295)
    at org.apache.hudi.table.action.commit.BaseSparkCommitActionExecutor.lambda$execute$ecf5068c$1(BaseSparkCommitActionExecutor.java:154)
    at org.apache.spark.api.java.JavaRDDLike$$anonfun$mapPartitionsWithIndex$1.apply(JavaRDDLike.scala:102)
    at org.apache.spark.api.java.JavaRDDLike$$anonfun$mapPartitionsWithIndex$1.apply(JavaRDDLike.scala:102)
    at org.apache.spark.rdd.RDD$$anonfun$mapPartitionsWithIndex$1$$anonfun$apply$25.apply(RDD.scala:875)
    at org.apache.spark.rdd.RDD$$anonfun$mapPartitionsWithIndex$1$$anonfun$apply$25.apply(RDD.scala:875)
    at org.apache.spark.rdd.MapPartitionsRDD.compute(MapPartitionsRDD.scala:52)
    at org.apache.spark.rdd.RDD.computeOrReadCheckpoint(RDD.scala:346)
    at org.apache.spark.rdd.RDD.iterator(RDD.scala:310)
    at org.apache.spark.rdd.MapPartitionsRDD.compute(MapPartitionsRDD.scala:52)
    at org.apache.spark.rdd.RDD.computeOrReadCheckpoint(RDD.scala:346)
    at org.apache.spark.rdd.RDD$$anonfun$7.apply(RDD.scala:359)
    at org.apache.spark.rdd.RDD$$anonfun$7.apply(RDD.scala:357)
    at org.apache.spark.storage.BlockManager$$anonfun$doPutIterator$1.apply(BlockManager.scala:1182)
    at org.apache.spark.storage.BlockManager$$anonfun$doPutIterator$1.apply(BlockManager.scala:1156)
    at org.apache.spark.storage.BlockManager.doPut(BlockManager.scala:1091)
    at org.apache.spark.storage.BlockManager.doPutIterator(BlockManager.scala:1156)
    at org.apache.spark.storage.BlockManager.getOrElseUpdate(BlockManager.scala:882)
    at org.apache.spark.rdd.RDD.getOrCompute(RDD.scala:357)
    at org.apache.spark.rdd.RDD.iterator(RDD.scala:308)
    at org.apache.spark.rdd.MapPartitionsRDD.compute(MapPartitionsRDD.scala:52)
    at org.apache.spark.rdd.RDD.computeOrReadCheckpoint(RDD.scala:346)
    at org.apache.spark.rdd.RDD.iterator(RDD.scala:310)
    at org.apache.spark.scheduler.ResultTask.runTask(ResultTask.scala:90)
    at org.apache.spark.scheduler.Task.run(Task.scala:123)
    at org.apache.spark.executor.Executor$TaskRunner$$anonfun$10.apply(Executor.scala:408)
    at org.apache.spark.util.Utils$.tryWithSafeFinally(Utils.scala:1360)
    at org.apache.spark.executor.Executor$TaskRunner.run(Executor.scala:414)
    at java.util.concurrent.ThreadPoolExecutor.runWorker(ThreadPoolExecutor.java:1149)
    at java.util.concurrent.ThreadPoolExecutor$Worker.run(ThreadPoolExecutor.java:624)
    at java.lang.Thread.run(Thread.java:748)
Caused by: org.apache.http.client.HttpResponseException: Server Error
    at org.apache.http.impl.client.AbstractResponseHandler.handleResponse(AbstractResponseHandler.java:70)
    at org.apache.http.client.fluent.Response.handleResponse(Response.java:90)
    at org.apache.http.client.fluent.Response.returnContent(Response.java:97)
    at org.apache.hudi.common.table.view.RemoteHoodieTableFileSystemView.executeRequest(RemoteHoodieTableFileSystemView.java:179)
    at org.apache.hudi.common.table.view.RemoteHoodieTableFileSystemView.getLatestBaseFile(RemoteHoodieTableFileSystemView.java:489)
    ... 36 more
[Stage 22:> {code}
 

 

writer1 : 20211115074731908

!Screen Shot 2021-11-15 at 8.27.11 AM.png!

 

writer2 : 20211115074733457

!Screen Shot 2021-11-15 at 8.27.33 AM.png!

writer3: 20211115074735131

!Screen Shot 2021-11-15 at 8.28.03 AM.png!

 

!Screen Shot 2021-11-15 at 8.28.25 AM.png!

 ",,1.0,5,1,0,141592.68035,0,0,0,0,0,0,6
IOTDB-2590,New Feature,IOTDB,2022-02-22 08:42:39.724,2022-02-24 06:21:31.191,JIRAUSER282641,Major,"group by [interval, step], allow step and interval to be small, and there can be overlapping Windows","group by 【interval， step】，允许 step 小于 interval ，可有重叠窗口

比如： select count(status), max_value(temperature) from root.ln.wf01.wt01 group by ([2017-11-01T00:00:00, 2017-11-07T23:00:00), 60,15m);

按60分钟开窗，支持15分钟滑窗。当前step 必须要大于等于 interval。

",,,1,0,0,2738.8577833333334,6,220,1,1,1,1,0
HUDI-3441,Improvement,HUDI,2022-02-16 19:30:51.700,2022-02-28 11:14:18.569,guoyihua,Blocker,Clean up markers of completed commits in .hoodie/.temp folder,"For r0.9.0 and before, there is a bug that the markers from compaction action are not cleaned up after the commit is complete.  There is a fix going in after r0.9.0 and before r0.10.0 regarding the marker cleanup for compaction: [https://github.com/apache/hudi/pull/3576].  For tables with r0.9.0 and before, the makers are going to exist without cleanup.

We should clean up the Hudi markers of completed commits inside .temp if they are not cleaned up due to older release.  This process can be inside upgrade process and a cli command as well. ",,2.0,2,0,0,16783.447816666667,0,0,0,0,0,0,4
HUDI-2283,New Feature,HUDI,2021-08-06 07:34:51.860,2022-02-28 11:30:00.215,pzw2018,Blocker,Support Clustering Command For Spark Sql,,,,1,0,0,296875.13925,0,0,0,0,0,0,0
HUDI-3491,Improvement,HUDI,2022-02-23 12:27:40.196,2022-03-01 04:23:10.675,codope,Blocker,Remove PathFilter from DirectoryLister,,,2.0,1,0,0,8155.507983333333,0,0,0,0,0,0,2
HUDI-2520,Task,HUDI,2021-10-04 15:18:50.561,2022-03-06 03:22:56.946,codope,Blocker,Certify sync with Hive 3,"1. For CTAS statement, 啊",,2.0,1,0,0,219604.10641666668,4,351,1,1,1,1,0
IOTDB-2503,Improvement,IOTDB,2022-01-28 02:59:25.595,2022-03-06 07:34:00.000,qiaojialin,Minor,Import a Status for TsFileResource,"Currently, we have isCompacting and isCandidate in TsFileResource for the compaction process.

 

It's better to add a status field in TsFileResource. This Status contains 4 types: Compacting, CompactionCandidate, Unclosed, Closed. This field is to replace the isClosed, compactionCandidate, Compacting.

 

When Compacting, we only select the Unclosed TsFile to compact.",,,6,1,0,53554.573416666666,0,0,0,0,0,0,3
HUDI-3435,Improvement,HUDI,2022-02-15 09:10:46.496,2022-03-07 07:08:56.770,danny0405,Critical,Do not throw exception when instant to rollback does not exist in metadata table active timeline,"See the stacktrace:


{code:xml}
Caused by: org.apache.hudi.exception.HoodieMetadataException: The instant [20220214211929120__deltacommit__COMPLETED] required to sync rollback of 20220214211929120 has been archived
  at org.apache.hudi.metadata.HoodieTableMetadataUtil.lambda$processRollbackMetadata$10(HoodieTableMetadataUtil.java:224)
  at java.util.HashMap$Values.forEach(HashMap.java:982)
  at java.util.Collections$UnmodifiableCollection.forEach(Collections.java:1082)
  at org.apache.hudi.metadata.HoodieTableMetadataUtil.processRollbackMetadata(HoodieTableMetadataUtil.java:201)
  at org.apache.hudi.metadata.HoodieTableMetadataUtil.convertMetadataToRecords(HoodieTableMetadataUtil.java:178)
  at org.apache.hudi.metadata.HoodieBackedTableMetadataWriter.update(HoodieBackedTableMetadataWriter.java:653)
  at org.apache.hudi.table.action.BaseActionExecutor.lambda$writeTableMetadata$2(BaseActionExecutor.java:77)
  at org.apache.hudi.common.util.Option.ifPresent(Option.java:96)
  at org.apache.hudi.table.action.BaseActionExecutor.writeTableMetadata(BaseActionExecutor.java:77)
  at org.apache.hudi.table.action.rollback.BaseRollbackActionExecutor.finishRollback(BaseRollbackActionExecutor.java:244)
  at org.apache.hudi.table.action.rollback.BaseRollbackActionExecutor.runRollback(BaseRollbackActionExecutor.java:122)
  at org.apache.hudi.table.action.rollback.BaseRollbackActionExecutor.execute(BaseRollbackActionExecutor.java:144)
  at org.apache.hudi.table.HoodieFlinkMergeOnReadTable.rollback(HoodieFlinkMergeOnReadTable.java:132)
  at org.apache.hudi.table.HoodieTable.rollbackInflightCompaction(HoodieTable.java:499)
  at org.apache.hudi.util.CompactionUtil.lambda$rollbackCompaction$1(CompactionUtil.java:163)
  at java.util.ArrayList$ArrayListSpliterator.forEachRemaining(ArrayList.java:1384)
  at java.util.stream.ReferencePipeline$Head.forEach(ReferencePipeline.java:647)
  at org.apache.hudi.util.CompactionUtil.rollbackCompaction(CompactionUtil.java:161)
  at org.apache.hudi.sink.compact.CompactionPlanOperator.open(CompactionPlanOperator.java:73)
  at org.apache.flink.streaming.runtime.tasks.OperatorChain.initializeStateAndOpenOperators(OperatorChain.java:442)
  at org.apache.flink.streaming.runtime.tasks.StreamTask.restoreGates(StreamTask.java:582)
  at org.apache.flink.streaming.runtime.tasks.StreamTaskActionExecutor$1.call(StreamTaskActionExecutor.java:55)
  at org.apache.flink.streaming.runtime.tasks.StreamTask.executeRestore(StreamTask.java:562)
  at org.apache.flink.streaming.runtime.tasks.StreamTask.runWithCleanUpOnFail(StreamTask.java:647)
  at org.apache.flink.streaming.runtime.tasks.StreamTask.restore(StreamTask.java:537)
  at org.apache.flink.runtime.taskmanager.Task.doRun(Task.java:759)
  at org.apache.flink.runtime.taskmanager.Task.run(Task.java:566)
  at java.lang.Thread.run(Thread.java:748)
{code}
",,1.0,1,0,0,28678.171233333334,0,0,0,0,0,0,1
HUDI-1517,Improvement,HUDI,2021-01-09 19:36:09.769,2022-03-07 21:00:00.000,shivnarayan,Major,Create marker file for every log file,"As of now, hudi creates marker file based on base file. But we might need to fix this to create one marker file per log file denoting the actual log file info. We can leverage this during metadata sync w/ rollback and restore rather than doing a file listing. ",,,3,0,0,607763.8371833334,0,0,0,0,0,0,1
HUDI-3290,New Feature,HUDI,2022-01-21 06:24:00.149,2022-03-14 02:37:00.000,vino,Blocker,Make the .hoodie-partition-metadata as empty parquet file,"For BigQuery and Snowflake integration, we can't able to create external tables when the partition folder has a non-parquet file `.hoodie-partition-metadata`.

I understand this is an important file to find the .hoodie folder from within the partition folder, the long term solution is to get rid of this file, but as a short term solution if we can convert this to an empty parquet file and add the necessary depth information in the footer, then it will pass the BigQuery/Snowflake external table validation and allow us to create an external parquet table on top of hudi folder structure.",,5.0,4,0,0,74652.99751666667,0,0,0,0,0,0,0
IOTDB-2732,Improvement,IOTDB,2022-03-14 02:47:35.130,2022-03-14 05:57:32.146,qx.feng,Minor,Insert an invalid value to timseries whoes datatype is 'float',"Hi IoTDBers

  If I insert an invalid value to timseries whoes datatype is 'float',there is a confused.

Repetition steps:

 1. create timeseries root.wt04.PLAIN1 WITH DATATYPE={color:#FF0000}FLOAT{color},ENCODING=PLAIN,COMPRESSOR=UNCOMPRESSED

2. insert into root.wt04(timestamp,PLAIN1) values(5,{color:#FF0000}3.4028235E300{color})

3.select PLAIN1 from root.wt04

Time     |root.wt04.PLAIN1    |
--------------------------------
5           |{color:#FF0000}Infinity                     {color}|


Do we need to reject that insert request?

 

 

ps:It can be displayed normally,if we use data type double

Time      |root.wt05.PLAIN1     |
---------------------------------
5           |3.4028235E300          |",,,1,0,0,189.95026666666666,0,0,0,0,0,0,2
HUDI-1834,Task,HUDI,2021-04-22 16:23:00.198,2022-03-29 03:43:20.084,sebb@apache.org,Blocker,Please delete old releases from mirroring system,"To reduce the load on the ASF mirrors, projects are required to archive old releases [1]

It's unfair to expect the 3rd party mirrors to carry old releases.

Please can you archive all non-current releases?
[Remember to update the download page before dropping the files from dist.apache.org!]

The following releases appear to be non-current:

0.5.0-incubating/
0.5.1-incubating/
0.5.2-incubating/
0.5.3/
0.6.0/
0.7.0/

These can be removed as follows:

svn rm -m""Archiving old release"" https://dist.apache.org/repos/dist/release/hudi/0.5.0-incubating

To avoid breaking any links, first please ensure that any links are either removed from the website or updated to point to the archive server.

If necessary, please also update your release procedures to ensure old releases are archived
once a new release has been published.

Thanks!

[1] http://www.apache.org/dev/release.html#when-to-archive
",,,4,0,0,490280.33143333334,0,0,0,0,0,0,0
HUDI-3054,Test,HUDI,2021-12-17 17:39:40.766,2022-03-29 03:43:31.949,shivnarayan,Blocker,Fix flaky TestHoodieClientMultiWriter. testHoodieClientBasicMultiWriter,"Ref: [https://dev.azure.com/apache-hudi-ci-org/785b6ef4-2f42-4a89-8f0e-5f0d7039a0cc/_apis/build/builds/4428/logs/21]

 
{code:java}
2021-12-17T11:39:57.1645757Z [INFO] Running org.apache.hudi.client.TestHoodieClientMultiWriter
2021-12-17T11:39:57.3453991Z 339506 [main] WARN  org.apache.hudi.metadata.HoodieBackedTableMetadata  - Metadata table was not found at path /tmp/junit8865530218583640556/dataset/.hoodie/metadata
2021-12-17T11:39:57.3984328Z 339559 [dispatcher-event-loop-5] WARN  org.apache.spark.scheduler.TaskSetManager  - Stage 0 contains a task of very large size (101 KB). The maximum recommended task size is 100 KB.
2021-12-17T11:39:57.5278608Z 339689 [dispatcher-event-loop-2] WARN  org.apache.spark.scheduler.TaskSetManager  - Stage 1 contains a task of very large size (101 KB). The maximum recommended task size is 100 KB.
2021-12-17T11:39:57.9783107Z 340139 [main] WARN  org.apache.hudi.metadata.HoodieBackedTableMetadata  - Metadata table was not found at path /tmp/junit8865530218583640556/dataset/.hoodie/metadata
2021-12-17T11:39:57.9927490Z 340154 [main] WARN  org.apache.hudi.metadata.HoodieBackedTableMetadata  - Metadata table was not found at path /tmp/junit8865530218583640556/dataset/.hoodie/metadata
2021-12-17T11:40:10.1428665Z 352304 [main] WARN  org.apache.hudi.testutils.HoodieClientTestHarness  - Closing file-system instance used in previous test-run
2021-12-17T11:40:10.9930023Z 353149 [main] WARN  org.apache.hudi.testutils.HoodieClientTestHarness  - Closing file-system instance used in previous test-run
2021-12-17T11:40:11.4294603Z 353590 [main] WARN  org.apache.hudi.metadata.HoodieBackedTableMetadata  - Metadata table was not found at path /tmp/junit3262960667280061850/dataset/.hoodie/metadata
2021-12-17T11:40:11.4763085Z 353637 [dispatcher-event-loop-5] WARN  org.apache.spark.scheduler.TaskSetManager  - Stage 0 contains a task of very large size (101 KB). The maximum recommended task size is 100 KB.
2021-12-17T11:40:11.6014876Z 353762 [dispatcher-event-loop-2] WARN  org.apache.spark.scheduler.TaskSetManager  - Stage 1 contains a task of very large size (101 KB). The maximum recommended task size is 100 KB.
2021-12-17T11:40:12.0892513Z 354250 [main] WARN  org.apache.hudi.metadata.HoodieBackedTableMetadata  - Metadata table was not found at path /tmp/junit3262960667280061850/dataset/.hoodie/metadata
2021-12-17T11:40:12.1061317Z 354267 [main] WARN  org.apache.hudi.metadata.HoodieBackedTableMetadata  - Metadata table was not found at path /tmp/junit3262960667280061850/dataset/.hoodie/metadata
2021-12-17T11:40:23.1499732Z 365311 [main] WARN  org.apache.hudi.testutils.HoodieClientTestHarness  - Closing file-system instance used in previous test-run
2021-12-17T11:40:24.1626167Z 366323 [main] WARN  org.apache.hudi.metadata.HoodieBackedTableMetadata  - Metadata table was not found at path /tmp/junit294667857867877904/dataset/.hoodie/metadata
2021-12-17T11:40:24.1945944Z 366355 [dispatcher-event-loop-5] WARN  org.apache.spark.scheduler.TaskSetManager  - Stage 0 contains a task of very large size (101 KB). The maximum recommended task size is 100 KB.
2021-12-17T11:40:24.3084730Z 366469 [dispatcher-event-loop-2] WARN  org.apache.spark.scheduler.TaskSetManager  - Stage 1 contains a task of very large size (101 KB). The maximum recommended task size is 100 KB.
2021-12-17T11:40:24.7350862Z 366896 [main] WARN  org.apache.hudi.metadata.HoodieBackedTableMetadata  - Metadata table was not found at path /tmp/junit294667857867877904/dataset/.hoodie/metadata
2021-12-17T11:40:24.7482727Z 366909 [main] WARN  org.apache.hudi.metadata.HoodieBackedTableMetadata  - Metadata table was not found at path /tmp/junit294667857867877904/dataset/.hoodie/metadata
2021-12-17T11:40:43.1530857Z 385314 [main] WARN  org.apache.hudi.testutils.HoodieClientTestHarness  - Closing file-system instance used in previous test-run
2021-12-17T11:40:44.0641298Z 386225 [main] WARN  org.apache.hudi.testutils.HoodieClientTestHarness  - Closing file-system instance used in previous test-run
2021-12-17T11:40:44.5065216Z 386667 [main] WARN  org.apache.hudi.metadata.HoodieBackedTableMetadata  - Metadata table was not found at path /tmp/junit4425942033067835021/dataset/.hoodie/metadata
2021-12-17T11:40:44.5408012Z 386702 [dispatcher-event-loop-5] WARN  org.apache.spark.scheduler.TaskSetManager  - Stage 0 contains a task of very large size (101 KB). The maximum recommended task size is 100 KB.
2021-12-17T11:40:44.6779567Z 386839 [dispatcher-event-loop-1] WARN  org.apache.spark.scheduler.TaskSetManager  - Stage 1 contains a task of very large size (101 KB). The maximum recommended task size is 100 KB.
2021-12-17T11:40:45.1410815Z 387301 [main] WARN  org.apache.hudi.metadata.HoodieBackedTableMetadata  - Metadata table was not found at path /tmp/junit4425942033067835021/dataset/.hoodie/metadata
2021-12-17T11:40:45.1543539Z 387315 [main] WARN  org.apache.hudi.metadata.HoodieBackedTableMetadata  - Metadata table was not found at path /tmp/junit4425942033067835021/dataset/.hoodie/metadata
2021-12-17T11:41:03.1384862Z 405299 [main] WARN  org.apache.hudi.testutils.HoodieClientTestHarness  - Closing file-system instance used in previous test-run
2021-12-17T11:41:04.0150577Z 406176 [main] WARN  org.apache.hudi.metadata.HoodieBackedTableMetadata  - Metadata table was not found at path /tmp/junit5137952068799441319/dataset/.hoodie/metadata
2021-12-17T11:41:04.0514934Z 406212 [dispatcher-event-loop-5] WARN  org.apache.spark.scheduler.TaskSetManager  - Stage 0 contains a task of very large size (101 KB). The maximum recommended task size is 100 KB.
2021-12-17T11:41:04.1677826Z 406329 [dispatcher-event-loop-2] WARN  org.apache.spark.scheduler.TaskSetManager  - Stage 1 contains a task of very large size (101 KB). The maximum recommended task size is 100 KB.
2021-12-17T11:41:04.6164436Z 406777 [main] WARN  org.apache.hudi.metadata.HoodieBackedTableMetadata  - Metadata table was not found at path /tmp/junit5137952068799441319/dataset/.hoodie/metadata
2021-12-17T11:41:04.6343307Z 406791 [main] WARN  org.apache.hudi.metadata.HoodieBackedTableMetadata  - Metadata table was not found at path /tmp/junit5137952068799441319/dataset/.hoodie/metadata
2021-12-17T11:41:13.0144546Z 415165 [main] WARN  org.apache.hudi.testutils.HoodieClientTestHarness  - Closing file-system instance used in previous test-run
2021-12-17T11:41:13.8545883Z 416010 [main] WARN  org.apache.hudi.testutils.HoodieClientTestHarness  - Closing file-system instance used in previous test-run
2021-12-17T11:41:14.2624248Z 416423 [main] WARN  org.apache.hudi.metadata.HoodieBackedTableMetadata  - Metadata table was not found at path /tmp/junit1733672335771853967/dataset/.hoodie/metadata
2021-12-17T11:41:14.2957800Z 416457 [dispatcher-event-loop-5] WARN  org.apache.spark.scheduler.TaskSetManager  - Stage 0 contains a task of very large size (101 KB). The maximum recommended task size is 100 KB.
2021-12-17T11:41:14.3989543Z 416560 [dispatcher-event-loop-3] WARN  org.apache.spark.scheduler.TaskSetManager  - Stage 1 contains a task of very large size (101 KB). The maximum recommended task size is 100 KB.
2021-12-17T11:41:14.7647136Z 416926 [main] WARN  org.apache.hudi.metadata.HoodieBackedTableMetadata  - Metadata table was not found at path /tmp/junit1733672335771853967/dataset/.hoodie/metadata
2021-12-17T11:41:14.7772128Z 416938 [main] WARN  org.apache.hudi.metadata.HoodieBackedTableMetadata  - Metadata table was not found at path /tmp/junit1733672335771853967/dataset/.hoodie/metadata
2021-12-17T11:41:22.6703021Z 424828 [main] WARN  org.apache.hudi.testutils.HoodieClientTestHarness  - Closing file-system instance used in previous test-run
2021-12-17T11:41:23.5771003Z 425738 [main] WARN  org.apache.hudi.metadata.HoodieBackedTableMetadata  - Metadata table was not found at path /tmp/junit4023714709478834450/dataset/.hoodie/metadata
2021-12-17T11:41:24.3341519Z 426495 [main] WARN  org.apache.hudi.metadata.HoodieBackedTableMetadata  - Metadata table was not found at path /tmp/junit4023714709478834450/dataset/.hoodie/metadata
2021-12-17T11:41:24.3488610Z 426510 [main] WARN  org.apache.hudi.metadata.HoodieBackedTableMetadata  - Metadata table was not found at path /tmp/junit4023714709478834450/dataset/.hoodie/metadata
2021-12-17T11:41:45.2669117Z 447428 [main] WARN  org.apache.hudi.testutils.HoodieClientTestHarness  - Closing file-system instance used in previous test-run
2021-12-17T11:41:46.1117672Z 448273 [main] WARN  org.apache.hudi.testutils.HoodieClientTestHarness  - Closing file-system instance used in previous test-run
2021-12-17T11:41:46.5285885Z 448689 [main] WARN  org.apache.hudi.metadata.HoodieBackedTableMetadata  - Metadata table was not found at path /tmp/junit6437731807948505371/dataset/.hoodie/metadata
2021-12-17T11:41:47.2040819Z 449365 [main] WARN  org.apache.hudi.metadata.HoodieBackedTableMetadata  - Metadata table was not found at path /tmp/junit6437731807948505371/dataset/.hoodie/metadata
2021-12-17T11:41:47.2190197Z 449380 [main] WARN  org.apache.hudi.metadata.HoodieBackedTableMetadata  - Metadata table was not found at path /tmp/junit6437731807948505371/dataset/.hoodie/metadata
2021-12-17T11:42:12.0807715Z 474241 [main] WARN  org.apache.hudi.testutils.HoodieClientTestHarness  - Closing file-system instance used in previous test-run
2021-12-17T11:42:12.8434589Z [ERROR] Tests run: 8, Failures: 0, Errors: 1, Skipped: 0, Time elapsed: 135.656 s <<< FAILURE! - in org.apache.hudi.client.TestHoodieClientMultiWriter
2021-12-17T11:42:12.8435532Z [ERROR] org.apache.hudi.client.TestHoodieClientMultiWriter.testHoodieClientBasicMultiWriter(HoodieTableType)[1]  Time elapsed: 13.652 s  <<< ERROR!
2021-12-17T11:42:12.8436481Z java.util.concurrent.ExecutionException: java.lang.RuntimeException: org.apache.hudi.exception.HoodieWriteConflictException: java.util.ConcurrentModificationException: Cannot resolve conflicts for overlapping writes
2021-12-17T11:42:12.8437368Z 	at org.apache.hudi.client.TestHoodieClientMultiWriter.testHoodieClientBasicMultiWriter(TestHoodieClientMultiWriter.java:129)
2021-12-17T11:42:12.8438208Z Caused by: java.lang.RuntimeException: org.apache.hudi.exception.HoodieWriteConflictException: java.util.ConcurrentModificationException: Cannot resolve conflicts for overlapping writes
2021-12-17T11:42:12.8439052Z 	at org.apache.hudi.client.TestHoodieClientMultiWriter.lambda$testHoodieClientBasicMultiWriter$1(TestHoodieClientMultiWriter.java:125)
2021-12-17T11:42:12.8439840Z Caused by: org.apache.hudi.exception.HoodieWriteConflictException: java.util.ConcurrentModificationException: Cannot resolve conflicts for overlapping writes
2021-12-17T11:42:12.8440785Z 	at org.apache.hudi.client.TestHoodieClientMultiWriter.createCommitWithUpserts(TestHoodieClientMultiWriter.java:432)
2021-12-17T11:42:12.8441570Z 	at org.apache.hudi.client.TestHoodieClientMultiWriter.lambda$testHoodieClientBasicMultiWriter$1(TestHoodieClientMultiWriter.java:122)
2021-12-17T11:42:12.8442342Z Caused by: java.util.ConcurrentModificationException: Cannot resolve conflicts for overlapping writes
2021-12-17T11:42:12.8443007Z 	at org.apache.hudi.client.TestHoodieClientMultiWriter.createCommitWithUpserts(TestHoodieClientMultiWriter.java:432)
2021-12-17T11:42:12.8443792Z 	at org.apache.hudi.client.TestHoodieClientMultiWriter.lambda$testHoodieClientBasicMultiWriter$1(TestHoodieClientMultiWriter.java:122)
2021-12-17T11:42:12.8444188Z  {code}",,2.0,3,0,0,146043.85305,0,0,0,0,0,0,7
IOTDB-2740,New Feature,IOTDB,2022-03-15 03:52:55.857,2022-04-06 01:20:59.938,suyurong,Major,HIFI UDF for frontend display,,,,1,0,0,31528.068016666668,1,14,1,1,0,0,0
IOTDB-2700,New Feature,IOTDB,2022-03-08 04:00:29.652,2022-04-06 08:39:40.767,cpaulyz,Major,Sync transfer adaption to receiver,,,,1,0,0,42039.18525,0,0,0,0,0,0,0
IOTDB-2771,New Feature,IOTDB,2022-03-20 16:02:02.773,2022-04-06 08:39:40.920,cpaulyz,Major,System test for sync module,Try to use testcontainer for system test in new sync module.,,,1,0,0,24037.635783333335,0,0,0,0,0,0,1
IOTDB-3035,Improvement,IOTDB,2022-04-28 10:20:42.314,2022-05-02 10:12:58.199,liaolanyu,Major,* and ** can not be used in node name  ,node name like `a*`、`*` should be considered illegal.,,,1,0,0,5752.26475,4,21,1,1,1,1,0
HUDI-4025,Improvement,HUDI,2022-05-02 20:59:17.447,2022-05-07 02:43:43.601,shivnarayan,Critical,"Add support to validate presto, trino and hive queries in integ test framework",hive sync should also be supported via this enhancement,,5.0,1,0,0,6104.4358999999995,0,0,0,0,0,0,8
HUDI-2150,Task,HUDI,2021-07-08 20:57:38.188,2022-05-16 07:01:04.275,vc,Blocker,Rename/Restructure configs for better modularity,"Given we have a framework now, that can capture configs and even their alternatives well, time to clean things up.",,,4,1,0,448443.43478333333,0,0,0,0,0,0,1
HUDI-3193,Improvement,HUDI,2022-01-07 06:25:29.622,2022-05-16 10:13:26.392,xushiyan,Blocker,Move hudi-aws dependency out of hudi-client-common,,,2.0,1,0,0,185987.94616666666,0,0,0,0,0,0,4
IOTDB-3397,New Feature,IOTDB,2022-06-06 06:17:15.286,2022-06-13 02:17:59.251,qx.feng,Major,[cluster]Can not create template in iotdb-cli,"commit 565b14dbb104670b336bf928fdc9ebe3bf8608f0
Author: liuminghui233 <36565497+liuminghui233@users.noreply.github.com>
Date:   Mon Jun 6 09:22:32 2022 +0800

    [IOTDB-3383] Refactor calcInputLocationList() in LocalExecutionPlanner (#6152)

 

 

Reproduce steps：

1.Setup a cluster with 3C3D;

2.Using iotdb-cli to connect a data node;

3. Excute sql ""create schema template t1 (temperature FLOAT encoding=RLE, status BOOLEAN encoding=PLAIN compression=SNAPPY);""

got an error like below:

Msg: 400: [EXECUTE_STATEMENT_ERROR(400)] Exception occurred: checkAuthority failed. null

 

!image-2022-06-06-14-16-50-530.png!",,,1,0,0,9840.73275,1,7,1,0,0,0,3
IOTDB-3528,Improvement,IOTDB,2022-06-18 06:41:18.631,2022-06-20 12:13:00.000,jackietien,Major,Filter DataNode which may not be ready in ConfigNode,"If data structure in DataNode A has not been initialized，but it has registered itself into ConfigNode，and meanwhile its Internal RPC Service has been set up. At this time if someone send request through another DataNode B，then the request is dispatched to DataNode A，it will cause NPE.

So we should filter dataNodes which may not be ready in ConfigNode",,,1,0,0,3211.6894833333336,0,0,0,0,0,0,0
IOTDB-3593,New Feature,IOTDB,2022-06-22 02:03:10.652,2022-06-24 02:46:41.955,crzbulabula,Major,Broadcast latest ConfigNodeGroup,We need to notify all DataNodes when the capacity of the ConfigNodeGroup is expanded or reduced.,,,1,0,0,2923.521716666667,0,0,0,0,0,0,0
IOTDB-3159,Improvement,IOTDB,2022-05-11 09:04:56.560,2022-06-27 06:53:15.758,xiaozhihong,Minor,Granting the user privileges to create_user does not require adding a path,"{code:java}
GRANT USER user01 PRIVILEGES CREATE_USER on root; {code}
For users, the operation privileges related to users and roles have nothing to do with the path, so there is no need to add on root.",,,2,0,0,67548.31996666666,0,0,0,0,0,0,2
IOTDB-3802,Improvement,IOTDB,2022-07-12 02:41:23.456,2022-07-15 08:34:08.732,刘珍,Major,[ raft log ] Raft log takes up a lot of disk space,"master_0711_d1dd425 
RatisConsensus ,3副本3C3D

benchmark写入完成（配置文件见附件），所有节点同步完成，执行flush。
raft log占用磁盘空间大：
4个dataregion的raft log分别是8.3GB/5.8GB/46GB/27GB
如果节点数/dataregion数比较多，磁盘占用会更大。需优化。
 !image-2022-07-12-10-41-14-126.png! 
复现流程
1. 192.168.10.62 /66 /68
schema_region_consensus_protocol_class=org.apache.iotdb.consensus.ratis.RatisConsensus
data_region_consensus_protocol_class=org.apache.iotdb.consensus.ratis.RatisConsensus
schema_replication_factor=3
data_replication_factor=3
max_waiting_time_when_insert_blocked=36000000
query_timeout_threshold=36000000

2. benchmark 配置见附件
约10.26小时
3. 写入完成执行flush",,,1,0,0,4672.7546,0,0,0,0,0,0,0
IOTDB-3843,Improvement,IOTDB,2022-07-16 12:08:59.475,2022-07-18 03:27:19.788,qiaojialin,Major,Refine the using of setting read-only,"We now abuse the system read-only, which is a dangerous operation.

Even worse, when system is set to read-only, I could not find why we set it to read-only, there is no related log.

 

We only set read-only when losing data continuously, otherwise, we must store more data as we can.

 

(1) In the IoTDBConfig.setReadOnly() function, if it receive a true, we need to log the stack trace with the information ""change system mode to read-only"". To avoid missing the log outside.

if (readOnly)

{ logger.error(""change system mode to read-only"", new RuntimeException()); }

(2) Check all places that set read-only, this is a dangerous operation in the deployment environment, and we should avoid using this if not necessary.",,,1,0,0,2358.33855,1,43,1,1,1,1,5
IOTDB-3824,New Feature,IOTDB,2022-07-14 01:03:30.019,2022-07-31 12:09:00.000,jackietien,Major,Read from follower,,,,1,0,0,25145.49968333333,0,0,0,0,0,0,1
IOTDB-3841,Improvement,IOTDB,2022-07-16 06:08:59.550,2022-07-31 12:09:00.000,JIRAUSER281912,Major,Slow follower cause RaftLog accumulate,,,,1,0,0,21960.0075,0,0,0,0,0,0,0
IOTDB-3845,Improvement,IOTDB,2022-07-16 21:42:40.435,2022-07-31 12:09:00.000,crzbulabula,Major,Add annotations in confignode.thrift,,,,1,0,0,21026.326083333333,0,0,0,0,0,0,1
IOTDB-3847,Improvement,IOTDB,2022-07-16 21:43:52.976,2022-07-31 12:09:00.000,crzbulabula,Major,Clear up interfaces in NodeManager,,,,1,0,0,21025.117066666666,0,0,0,0,0,0,2
IOTDB-3895,Improvement,IOTDB,2022-07-20 03:42:27.675,2022-08-03 03:00:17.517,qiaojialin,Minor,Log each parameter when starting IoTDB,"In many scenarios, we do not know if the user config the IoTDB as we recommend. So we need to collect logs and the conf folder, which will cause trouble to users.

We could log the configuration at startup.

 

The following is the start log of cassandra:
{code:java}
INFO  [main] 2022-07-20 11:33:32,031 YamlConfigurationLoader.java:89 - Configuration location: file:/Users/qiaojialin/Documents/cassandra-3.11.2/conf/cassandra.yaml
INFO  [main] 2022-07-20 11:33:32,369 Config.java:495 - Node configuration:[allocate_tokens_for_keyspace=null; authenticator=AllowAllAuthenticator; authorizer=AllowAllAuthorizer; auto_bootstrap=true; auto_snapshot=true; back_pressure_enabled=false; back_pressure_strategy=org.apache.cassandra.net.RateBasedBackPressure{high_ratio=0.9, factor=5, flow=FAST}; batch_size_fail_threshold_in_kb=50; batch_size_warn_threshold_in_kb=5; batchlog_replay_throttle_in_kb=1024; broadcast_address=null; broadcast_rpc_address=null; buffer_pool_use_heap_if_exhausted=true; cas_contention_timeout_in_ms=1000; cdc_enabled=false; cdc_free_space_check_interval_ms=250; cdc_raw_directory=null; cdc_total_space_in_mb=0; client_encryption_options=<REDACTED>; cluster_name=Test Cluster; column_index_cache_size_in_kb=2; column_index_size_in_kb=64; commit_failure_policy=stop; commitlog_compression=null; commitlog_directory=null; commitlog_max_compression_buffers_in_pool=3; commitlog_periodic_queue_size=-1; commitlog_segment_size_in_mb=32; commitlog_sync=periodic; commitlog_sync_batch_window_in_ms=NaN; commitlog_sync_period_in_ms=10000; commitlog_total_space_in_mb=null; compaction_large_partition_warning_threshold_mb=100; compaction_throughput_mb_per_sec=16; concurrent_compactors=null; concurrent_counter_writes=32; concurrent_materialized_view_writes=32; concurrent_reads=32; concurrent_replicates=null; concurrent_writes=32; counter_cache_keys_to_save=2147483647; counter_cache_save_period=7200; counter_cache_size_in_mb=null; counter_write_request_timeout_in_ms=5000; credentials_cache_max_entries=1000; credentials_update_interval_in_ms=-1; credentials_validity_in_ms=2000; cross_node_timeout=false; data_file_directories=[Ljava.lang.String;@78691363; disk_access_mode=auto; disk_failure_policy=stop; disk_optimization_estimate_percentile=0.95; disk_optimization_page_cross_chance=0.1; disk_optimization_strategy=ssd; dynamic_snitch=true; dynamic_snitch_badness_threshold=0.1; dynamic_snitch_reset_interval_in_ms=600000; dynamic_snitch_update_interval_in_ms=100; enable_materialized_views=true; enable_scripted_user_defined_functions=false; enable_user_defined_functions=false; enable_user_defined_functions_threads=true; encryption_options=null; endpoint_snitch=SimpleSnitch; file_cache_round_up=null; file_cache_size_in_mb=null; gc_log_threshold_in_ms=200; gc_warn_threshold_in_ms=1000; hinted_handoff_disabled_datacenters=[]; hinted_handoff_enabled=true; hinted_handoff_throttle_in_kb=1024; hints_compression=null; hints_directory=null; hints_flush_period_in_ms=10000; incremental_backups=false; index_interval=null; index_summary_capacity_in_mb=null; index_summary_resize_interval_in_minutes=60; initial_token=null; inter_dc_stream_throughput_outbound_megabits_per_sec=200; inter_dc_tcp_nodelay=false; internode_authenticator=null; internode_compression=dc; internode_recv_buff_size_in_bytes=0; internode_send_buff_size_in_bytes=0; key_cache_keys_to_save=2147483647; key_cache_save_period=14400; key_cache_size_in_mb=null; listen_address=localhost; listen_interface=null; listen_interface_prefer_ipv6=false; listen_on_broadcast_address=false; max_hint_window_in_ms=10800000; max_hints_delivery_threads=2; max_hints_file_size_in_mb=128; max_mutation_size_in_kb=null; max_streaming_retries=3; max_value_size_in_mb=256; memtable_allocation_type=heap_buffers; memtable_cleanup_threshold=null; memtable_flush_writers=0; memtable_heap_space_in_mb=null; memtable_offheap_space_in_mb=null; min_free_space_per_drive_in_mb=50; native_transport_max_concurrent_connections=-1; native_transport_max_concurrent_connections_per_ip=-1; native_transport_max_frame_size_in_mb=256; native_transport_max_threads=128; native_transport_port=9042; native_transport_port_ssl=null; num_tokens=256; otc_backlog_expiration_interval_ms=200; otc_coalescing_enough_coalesced_messages=8; otc_coalescing_strategy=DISABLED; otc_coalescing_window_us=200; partitioner=org.apache.cassandra.dht.Murmur3Partitioner; permissions_cache_max_entries=1000; permissions_update_interval_in_ms=-1; permissions_validity_in_ms=2000; phi_convict_threshold=8.0; prepared_statements_cache_size_mb=null; range_request_timeout_in_ms=10000; read_request_timeout_in_ms=5000; request_scheduler=org.apache.cassandra.scheduler.NoScheduler; request_scheduler_id=null; request_scheduler_options=null; request_timeout_in_ms=10000; role_manager=CassandraRoleManager; roles_cache_max_entries=1000; roles_update_interval_in_ms=-1; roles_validity_in_ms=2000; row_cache_class_name=org.apache.cassandra.cache.OHCProvider; row_cache_keys_to_save=2147483647; row_cache_save_period=0; row_cache_size_in_mb=0; rpc_address=localhost; rpc_interface=null; rpc_interface_prefer_ipv6=false; rpc_keepalive=true; rpc_listen_backlog=50; rpc_max_threads=2147483647; rpc_min_threads=16; rpc_port=9160; rpc_recv_buff_size_in_bytes=null; rpc_send_buff_size_in_bytes=null; rpc_server_type=sync; saved_caches_directory=null; seed_provider=org.apache.cassandra.locator.SimpleSeedProvider{seeds=127.0.0.1}; server_encryption_options=<REDACTED>; slow_query_log_timeout_in_ms=500; snapshot_before_compaction=false; ssl_storage_port=7001; sstable_preemptive_open_interval_in_mb=50; start_native_transport=true; start_rpc=false; storage_port=7000; stream_throughput_outbound_megabits_per_sec=200; streaming_keep_alive_period_in_secs=300; streaming_socket_timeout_in_ms=86400000; thrift_framed_transport_size_in_mb=15; thrift_max_message_length_in_mb=16; thrift_prepared_statements_cache_size_mb=null; tombstone_failure_threshold=100000; tombstone_warn_threshold=1000; tracetype_query_ttl=86400; tracetype_repair_ttl=604800; transparent_data_encryption_options=org.apache.cassandra.config.TransparentDataEncryptionOptions@41d477ed; trickle_fsync=false; trickle_fsync_interval_in_kb=10240; truncate_request_timeout_in_ms=60000; unlogged_batch_across_partitions_warn_threshold=10; user_defined_function_fail_timeout=1500; user_defined_function_warn_timeout=500; user_function_timeout_policy=die; windows_timer_interval=1; write_request_timeout_in_ms=2000] {code}",,,2,0,0,20117.8307,0,0,0,0,0,0,6
HUDI-246,New Feature,HUDI,2019-09-12 08:37:18.830,2022-08-08 04:32:04.811,taherk77,Major,Apache Pulsar data source for Hudi DeltaStreamer,"[Apache Pulsar|https://pulsar.apache.org/en/] is a pub/sub messaging system like Kafka, with a lot of new features like multiple subscription modes, out of the box service discovery etc. The goal here is to add Pulsar as a data source to DeltaStreamer. To get started please follow [Pulsar adaptor for Apache Spark|https://pulsar.apache.org/docs/en/adaptors-spark/]",,,2,1,0,1527594.7663500002,0,0,0,0,0,0,0
HUDI-4580,Task,HUDI,2022-08-09 03:51:37.280,2022-08-09 05:18:11.138,guoyihua,Blocker,"[DOCS] Update quickstart: Spark SQL create table statement fails with ""partitioned by""","Spark 3.2.2, Hudi master

Steps to reproduce
{code:java}
Spark shell

export SPARK_HOME=/Users/ethan/Work/lib/spark-3.2.2-bin-hadoop3.2
spark-3.2.2-bin-hadoop3.2/bin/spark-shell \
  --master local[6] \
  --driver-memory 5g \
  --num-executors 6 --executor-cores 1 \
  --executor-memory 1g \
  --conf spark.ui.port=5555 \
  --conf spark.driver.maxResultSize=1g \
  --conf spark.serializer=org.apache.spark.serializer.KryoSerializer \
  --conf 'spark.sql.catalog.spark_catalog=org.apache.spark.sql.hudi.catalog.HoodieCatalog' \
  --conf 'spark.sql.extensions=org.apache.spark.sql.hudi.HoodieSparkSessionExtension' \
  --conf spark.sql.catalogImplementation=in-memory \
  --conf spark.hadoop.fs.s3a.aws.credentials.provider=com.amazonaws.auth.DefaultAWSCredentialsProviderChain \
  --jars $HUDI_DIR/packaging/hudi-spark-bundle/target/hudi-spark3.2-bundle_2.12-0.13.0-SNAPSHOT.jar
  
Prepare dataset in spark shell

// spark-shell
import org.apache.hudi.QuickstartUtils._
import scala.collection.JavaConversions._
import org.apache.spark.sql.SaveMode._
import org.apache.hudi.DataSourceReadOptions._
import org.apache.hudi.DataSourceWriteOptions._
import org.apache.hudi.config.HoodieWriteConfig._val tableName = ""hudi_trips_cow""
val basePath = ""file:///tmp/hudi_trips_cow""
val dataGen = new DataGeneratorval inserts = convertToStringList(dataGen.generateInserts(10))
val df = spark.read.json(spark.sparkContext.parallelize(inserts, 2))
df.write.format(""hudi"").
  options(getQuickstartWriteConfigs).
  option(PRECOMBINE_FIELD_OPT_KEY, ""ts"").
  option(RECORDKEY_FIELD_OPT_KEY, ""uuid"").
  option(PARTITIONPATH_FIELD_OPT_KEY, ""partitionpath"").
  option(TABLE_NAME, tableName).
  mode(Overwrite).
  save(basePath)
  
Spark SQL

spark-3.2.2-bin-hadoop3.2/bin/spark-sql \
  --master local[6] \
  --driver-memory 5g \
  --num-executors 6 --executor-cores 1 \
  --executor-memory 1g \
  --conf spark.ui.port=5555 \
  --conf spark.driver.maxResultSize=1g \
  --conf spark.serializer=org.apache.spark.serializer.KryoSerializer \
  --conf 'spark.sql.catalog.spark_catalog=org.apache.spark.sql.hudi.catalog.HoodieCatalog' \
  --conf 'spark.sql.extensions=org.apache.spark.sql.hudi.HoodieSparkSessionExtension' \
  --conf spark.sql.catalogImplementation=in-memory \
  --conf spark.hadoop.fs.s3a.aws.credentials.provider=com.amazonaws.auth.DefaultAWSCredentialsProviderChain \
  --jars $HUDI_DIR/packaging/hudi-spark-bundle/target/hudi-spark3.2-bundle_2.12-0.13.0-SNAPSHOT.jar 

spark-sql> create table hudi_trips_cow_ext using hudi
         > partitioned by (partitionpath)
         > location 'file:///tmp/hudi_trips_cow';
Error in query: It is not allowed to specify partition columns when the table schema is not defined. When the table schema is not provided, schema and partition columns will be inferred.{code}",,1.0,1,0,0,86.5643,0,0,0,0,0,0,6
HUDI-3994,Improvement,HUDI,2022-04-28 16:58:40.257,2022-08-20 02:16:00.539,neuw84,Critical,HoodieDeltaStreamer - Spark master shouldn't have a default,"When trying to run HoodieDeltaStreamer on AWS Glue I found that the Spark master has no option to inherit from the environment as it defaults to {{{}local[2]{}}}. In these kind of Serverless environments where you do not have access to the master this configuration should be inherited

This can be seen on line 329 on [HoodieDeltaStreamer|https://github.com/apache/hudi/blob/master/hudi-utilities/src/main/java/org/apache/hudi/utilities/deltastreamer/HoodieDeltaStreamer.java].

{{public String sparkMaster = ""local[2]"";}}

This should be changed for supporting this kind of scenarios, a JavaSparkContext option where no Spark master is defined should be there.

*Expected behavior*

The Spark master shouldn't have a default as there are some environments (usually serverless such as AWS Glue) where it will be inherited.",,0.5,2,0,0,163277.33803333333,0,0,0,0,0,0,0
HUDI-3961,Task,HUDI,2022-04-24 07:08:43.478,2022-08-20 02:18:01.628,guoyihua,Critical,Encounter NoClassDefFoundError when using Spark 3.1 bundle and utilities slim bundle,"When running deltastreamer with both Spark 3.1 and utilities slim bundle (compiled with Spark 3.2 profile), the following exception is thrown:
{code:java}
export SPARK_HOME=/Users/ethan/Work/lib/spark-3.1.3-bin-hadoop3.2
export HUDI_SPARK_BUNDLE_JAR=/Users/ethan/Work/lib/hudi_releases/0.11.0-rc3/hudi-spark3.1-bundle_2.12-0.11.0-rc3.jar
export HUDI_UTILITIES_SLIM_JAR=/Users/ethan/Work/lib/hudi_releases/0.11.0-rc3/hudi-utilities-slim-bundle_2.12-0.11.0-rc3.jar
/Users/ethan/Work/lib/spark-3.1.3-bin-hadoop3.2/bin/spark-submit \
      --master local[4] \
      --driver-memory 4g --executor-memory 2g --num-executors 4 --executor-cores 1 \
      --conf spark.serializer=org.apache.spark.serializer.KryoSerializer \
      --conf spark.hadoop.fs.s3a.aws.credentials.provider=com.amazonaws.auth.DefaultAWSCredentialsProviderChain \
      --conf spark.sql.catalogImplementation=hive \
      --conf spark.driver.maxResultSize=1g \
      --conf spark.speculation=true \
      --conf spark.speculation.multiplier=1.0 \
      --conf spark.speculation.quantile=0.5 \
      --conf spark.ui.port=6680 \
      --conf spark.eventLog.enabled=true \
      --conf spark.eventLog.dir=/Users/ethan/Work/data/hudi/spark-logs \
      --packages org.apache.spark:spark-avro_2.12:3.1.3 \
      --jars /Users/ethan/Work/repo/hudi-benchmarks/target/hudi-benchmarks-0.1-SNAPSHOT.jar,$HUDI_SPARK_BUNDLE_JAR \
      --class org.apache.hudi.utilities.deltastreamer.HoodieDeltaStreamer \
      $HUDI_UTILITIES_SLIM_JAR \
      --props $TEST_ROOT_DIR/ds_mor.properties \
      --source-class BenchmarkDataSource \
      --source-ordering-field ts \
      --target-base-path $TEST_ROOT_DIR/test_table \
      --target-table test_table \
      --table-type MERGE_ON_READ \
      --op UPSERT \
      --continuous{code}
 
{code:java}
Exception in thread ""main"" org.apache.hudi.exception.HoodieException: java.lang.NoClassDefFoundError: org/apache/avro/AvroMissingFieldException
    at org.apache.hudi.utilities.deltastreamer.HoodieDeltaStreamer.lambda$sync$1(HoodieDeltaStreamer.java:191)
    at org.apache.hudi.common.util.Option.ifPresent(Option.java:97)
    at org.apache.hudi.utilities.deltastreamer.HoodieDeltaStreamer.sync(HoodieDeltaStreamer.java:186)
    at org.apache.hudi.utilities.deltastreamer.HoodieDeltaStreamer.main(HoodieDeltaStreamer.java:549)
    at sun.reflect.NativeMethodAccessorImpl.invoke0(Native Method)
    at sun.reflect.NativeMethodAccessorImpl.invoke(NativeMethodAccessorImpl.java:62)
    at sun.reflect.DelegatingMethodAccessorImpl.invoke(DelegatingMethodAccessorImpl.java:43)
    at java.lang.reflect.Method.invoke(Method.java:498)
    at org.apache.spark.deploy.JavaMainApplication.start(SparkApplication.scala:52)
    at org.apache.spark.deploy.SparkSubmit.org$apache$spark$deploy$SparkSubmit$$runMain(SparkSubmit.scala:951)
    at org.apache.spark.deploy.SparkSubmit.doRunMain$1(SparkSubmit.scala:180)
    at org.apache.spark.deploy.SparkSubmit.submit(SparkSubmit.scala:203)
    at org.apache.spark.deploy.SparkSubmit.doSubmit(SparkSubmit.scala:90)
    at org.apache.spark.deploy.SparkSubmit$$anon$2.doSubmit(SparkSubmit.scala:1039)
    at org.apache.spark.deploy.SparkSubmit$.main(SparkSubmit.scala:1048)
    at org.apache.spark.deploy.SparkSubmit.main(SparkSubmit.scala)
Caused by: java.util.concurrent.ExecutionException: java.lang.NoClassDefFoundError: org/apache/avro/AvroMissingFieldException
    at java.util.concurrent.CompletableFuture.reportGet(CompletableFuture.java:357)
    at java.util.concurrent.CompletableFuture.get(CompletableFuture.java:1908)
    at org.apache.hudi.async.HoodieAsyncService.waitForShutdown(HoodieAsyncService.java:103)
    at org.apache.hudi.utilities.deltastreamer.HoodieDeltaStreamer.lambda$sync$1(HoodieDeltaStreamer.java:189)
    ... 15 more
Caused by: java.lang.NoClassDefFoundError: org/apache/avro/AvroMissingFieldException
    at org.apache.hudi.avro.model.HoodieCleanerPlan.newBuilder(HoodieCleanerPlan.java:246)
    at org.apache.hudi.table.action.clean.CleanPlanActionExecutor.requestClean(CleanPlanActionExecutor.java:104)
    at org.apache.hudi.table.action.clean.CleanPlanActionExecutor.requestClean(CleanPlanActionExecutor.java:141)
    at org.apache.hudi.table.action.clean.CleanPlanActionExecutor.execute(CleanPlanActionExecutor.java:166)
    at org.apache.hudi.table.HoodieSparkCopyOnWriteTable.scheduleCleaning(HoodieSparkCopyOnWriteTable.java:204)
    at org.apache.hudi.client.BaseHoodieWriteClient.scheduleTableServiceInternal(BaseHoodieWriteClient.java:1353)
    at org.apache.hudi.client.BaseHoodieWriteClient.clean(BaseHoodieWriteClient.java:864)
    at org.apache.hudi.client.BaseHoodieWriteClient.clean(BaseHoodieWriteClient.java:825)
    at org.apache.hudi.metadata.HoodieBackedTableMetadataWriter.cleanIfNecessary(HoodieBackedTableMetadataWriter.java:1036)
    at org.apache.hudi.metadata.SparkHoodieBackedTableMetadataWriter.commit(SparkHoodieBackedTableMetadataWriter.java:176)
    at org.apache.hudi.metadata.HoodieBackedTableMetadataWriter.processAndCommit(HoodieBackedTableMetadataWriter.java:803)
    at org.apache.hudi.metadata.HoodieBackedTableMetadataWriter.update(HoodieBackedTableMetadataWriter.java:870)
    at org.apache.hudi.client.BaseHoodieWriteClient.lambda$writeTableMetadata$0(BaseHoodieWriteClient.java:338)
    at org.apache.hudi.common.util.Option.ifPresent(Option.java:97)
    at org.apache.hudi.client.BaseHoodieWriteClient.writeTableMetadata(BaseHoodieWriteClient.java:338)
    at org.apache.hudi.client.BaseHoodieWriteClient.commit(BaseHoodieWriteClient.java:269)
    at org.apache.hudi.client.BaseHoodieWriteClient.commitStats(BaseHoodieWriteClient.java:234)
    at org.apache.hudi.client.SparkRDDWriteClient.commit(SparkRDDWriteClient.java:122)
    at org.apache.hudi.utilities.deltastreamer.DeltaSync.writeToSink(DeltaSync.java:622)
    at org.apache.hudi.utilities.deltastreamer.DeltaSync.syncOnce(DeltaSync.java:331)
    at org.apache.hudi.utilities.deltastreamer.HoodieDeltaStreamer$DeltaSyncService.lambda$startService$0(HoodieDeltaStreamer.java:675)
    at java.util.concurrent.CompletableFuture$AsyncSupply.run(CompletableFuture.java:1604)
    at java.util.concurrent.ThreadPoolExecutor.runWorker(ThreadPoolExecutor.java:1149)
    at java.util.concurrent.ThreadPoolExecutor$Worker.run(ThreadPoolExecutor.java:624)
    at java.lang.Thread.run(Thread.java:748)
Caused by: java.lang.ClassNotFoundException: org.apache.avro.AvroMissingFieldException
    at java.net.URLClassLoader.findClass(URLClassLoader.java:382)
    at java.lang.ClassLoader.loadClass(ClassLoader.java:418)
    at java.lang.ClassLoader.loadClass(ClassLoader.java:351)
    ... 25 more {code}
 

 ",,1.0,2,0,0,169629.30250000002,0,0,0,0,0,0,5
HUDI-4186,Epic,HUDI,2022-06-03 17:56:14.129,2022-08-20 02:18:02.358,uditme,Critical,Support Hudi with Spark 3.3,"Spark 3.3 voting is currently in progress and should like go through soon [https://github.com/apache/spark/tree/v3.3.0-rc4|https://github.com/apache/spark/tree/v3.3.0-rc4.]

We should support it for our next major release 0.12.",,,1,0,0,111381.80381666667,0,0,0,0,0,0,1
HUDI-2946,Improvement,HUDI,2021-12-06 21:56:41.103,2022-08-20 02:18:03.875,wenningd,Critical,Upgrade maven plugin to make Hudi be compatible with higher Java versions,"I saw several issues while building Hudi w/ Java 11:

 

{{[ERROR] Failed to execute goal org.apache.maven.plugins:maven-jar-plugin:2.6:test-jar (default) on project hudi-common: Execution default of goal org.apache.maven.plugins:maven-jar-plugin:2.6:test-jar failed: An API incompatibility was encountered while executing org.apache.maven.plugins:maven-jar-plugin:2.6:test-jar: java.lang.ExceptionInInitializerError: null[ERROR] Failed to execute goal org.apache.maven.plugins:maven-shade-plugin:3.1.1:shade (default) on project hudi-hadoop-mr-bundle: Error creating shaded jar: Problem shading JAR /workspace/workspace/rchertar.bigtop.hudi-rpm-mainline-6.x-0.9.0/build/hudi/rpm/BUILD/hudi-0.9.0-amzn-1-SNAPSHOT/packaging/hudi-hadoop-mr-bundle/target/hudi-hadoop-mr-bundle-0.9.0-amzn-1-SNAPSHOT.jar entry org/apache/hudi/hadoop/bundle/Main.class: java.lang.IllegalArgumentException -> [Help 1]}}

 

We need to upgrade maven plugin versions to make it be compatible with Java 11.

Also upgrade dockerfile-maven-plugin to latest versions to support Java 11 [https://github.com/spotify/dockerfile-maven/pull/230]",,,1,0,0,368901.37953333335,0,0,0,0,0,0,1
HUDI-954,Task,HUDI,2020-05-25 21:05:54.609,2022-08-22 12:48:00.000,vbalaji,Blocker,Test COW : Presto Read Optimized Query with metadata bootstrap,,,1.0,2,0,0,1178862.08985,0,0,0,0,0,0,1
HUDI-955,Task,HUDI,2020-05-25 21:06:11.866,2022-08-22 15:13:05.481,vbalaji,Blocker,Test MOR : Presto Read Optimized Query with metadata bootstrap,,,1.0,2,0,0,1179006.8935833334,0,0,0,0,0,0,2
HUDI-3122,Improvement,HUDI,2021-12-29 00:04:26.163,2022-08-22 15:14:50.913,wenningd,Blocker,presto query failed for bootstrap tables," 

{{java.lang.NoClassDefFoundError: org/apache/hudi/org/apache/hadoop/hbase/io/hfile/CacheConfig
        at org.apache.hudi.common.bootstrap.index.HFileBootstrapIndex.createReader(HFileBootstrapIndex.java:181)
        at org.apache.hudi.common.bootstrap.index.HFileBootstrapIndex.access$400(HFileBootstrapIndex.java:76)
        at org.apache.hudi.common.bootstrap.index.HFileBootstrapIndex$HFileBootstrapIndexReader.partitionIndexReader(HFileBootstrapIndex.java:272)
        at org.apache.hudi.common.bootstrap.index.HFileBootstrapIndex$HFileBootstrapIndexReader.fetchBootstrapIndexInfo(HFileBootstrapIndex.java:262)
        at org.apache.hudi.common.bootstrap.index.HFileBootstrapIndex$HFileBootstrapIndexReader.initIndexInfo(HFileBootstrapIndex.java:252)
        at org.apache.hudi.common.bootstrap.index.HFileBootstrapIndex$HFileBootstrapIndexReader.<init>(HFileBootstrapIndex.java:243)
        at org.apache.hudi.common.bootstrap.index.HFileBootstrapIndex.createReader(HFileBootstrapIndex.java:191)
        at org.apache.hudi.common.table.view.AbstractTableFileSystemView.lambda$addFilesToView$2(AbstractTableFileSystemView.java:137)
        at java.util.HashMap.forEach(HashMap.java:1290)
        at org.apache.hudi.common.table.view.AbstractTableFileSystemView.addFilesToView(AbstractTableFileSystemView.java:134)
        at org.apache.hudi.common.table.view.AbstractTableFileSystemView.lambda$ensurePartitionLoadedCorrectly$9(AbstractTableFileSystemView.java:294)
        at java.util.concurrent.ConcurrentHashMap.computeIfAbsent(ConcurrentHashMap.java:1660)
        at org.apache.hudi.common.table.view.AbstractTableFileSystemView.ensurePartitionLoadedCorrectly(AbstractTableFileSystemView.java:281)}}",,1.0,14,0,0,340750.4125,0,0,0,0,0,0,2
HUDI-4731,Improvement,HUDI,2022-08-28 02:26:00.867,2022-09-01 01:47:58.333,shivnarayan,Major,Shutdown cloud watch reporter on exit,,,0.5,1,0,0,5721.957766666667,0,0,0,0,0,0,9
IOTDB-4022,Improvement,IOTDB,2022-08-02 12:03:08.571,2022-09-04 07:57:20.335,qiaojialin,Major,Adjust the storage_group_report_threshold according to memory for writing,"Currently, we have a parameter called storage_group_report_threshold, which means when a storage group report its memory usage, it should accumulate a memory change of this number.

If this parameter is too small, may report frequently, which may decrease the insertion performance.

If this parameter is too large, may report not in time, which may cause OOM.

 

We need to change this parameter according to the memory allocated for writing.

 

(1) remove storage_group_report_threshold

(2) Add a new parameter write_memory_vriation_report_proportion

 

To rel/0.13 and master",,,1,4,0,47274.196066666664,0,0,0,0,0,0,7
IOTDB-4036,Improvement,IOTDB,2022-08-03 08:13:21.726,2022-09-04 07:57:21.499,刘珍,Major,The current default value of avg_series_point_number_threshold has a great impact on the write performance of aligned  timeseries,"周测场景，关合并，对齐序列，顺序数据
对比# avg_series_point_number_threshold=100000最新默认值
与原默认值# avg_series_point_number_threshold=10000
的写入性能（最新默认值100000对写入性能影响大）
 !screenshot-2.png! 
 !screenshot-1.png! 




avg_series_point_number_threshold=100000 数据库有system reject （部分写入失败failOperation=30，okOperation=499970）
avg_series_point_number_threshold=10000数据库没有system reject，全部写入成功。
测试机器192.168.10.64  72C256G，本地测试。",,,4,7,0,46063.99621666667,0,0,0,0,0,0,1
IOTDB-4043,Improvement,IOTDB,2022-08-05 05:44:02.569,2022-09-04 07:57:21.605,crzbulabula,Major,Unify ClientPool Factory,"Currently, we have ConfigNodeClientPoolFactory in confignode package and DataNodeClientPoolFactory in server package, which isn't beneficial for ClientPool management. We can only maintain a ClientPoolFactory in node-commons package, and mark an easily identifiable thread name for each ClientPool",,,1,0,0,43333.317266666665,0,0,0,0,0,0,3
IOTDB-4062,Improvement,IOTDB,2022-08-08 09:53:55.191,2022-09-04 07:57:21.800,刘珍,Major,[ raft log & MetaData ] raft log recovery should not redo MeasurementAlreadyExist operation ,"raft log恢复，会重做所有MetaData的写操作，对于失败的元数据写操作比如序列已存在：

 [192.168.10.62_50010@group-000200000000-StateMachineUpdater] ERROR o.a.i.d.m.v.SchemaExecutionVisitor:108 - IoTDB: MetaData error:
org.apache.iotdb.db.exception.metadata.MeasurementAlreadyExistException: Path [root.bm68_dn62.g_0.d_0.s_1] already exist

不需要重做。
完整的异常：
2022-08-08 17:46:29,045 [192.168.10.62_50010@group-000200000000-StateMachineUpdater] ERROR o.a.i.d.m.v.SchemaExecutionVisitor:108 - IoTDB: MetaData error:
org.apache.iotdb.db.exception.metadata.MeasurementAlreadyExistException: Path [root.bm68_dn62.g_0.d_0.s_2] already exist
        at org.apache.iotdb.db.metadata.mtree.MTreeBelowSGMemoryImpl.createTimeseries(MTreeBelowSGMemoryImpl.java:213)
        at org.apache.iotdb.db.metadata.schemaregion.SchemaRegionMemoryImpl.createTimeseries(SchemaRegionMemoryImpl.java:589)
        at org.apache.iotdb.db.metadata.visitor.SchemaExecutionVisitor.visitCreateMultiTimeSeries(SchemaExecutionVisitor.java:105)
        at org.apache.iotdb.db.metadata.visitor.SchemaExecutionVisitor.visitCreateMultiTimeSeries(SchemaExecutionVisitor.java:62)
        at org.apache.iotdb.db.mpp.plan.planner.plan.node.metedata.write.CreateMultiTimeSeriesNode.accept(CreateMultiTimeSeriesNode.java:141)
        at org.apache.iotdb.db.consensus.statemachine.SchemaRegionStateMachine.write(SchemaRegionStateMachine.java:68)
        at org.apache.iotdb.consensus.ratis.ApplicationStateMachineProxy.applyTransaction(ApplicationStateMachineProxy.java:121)
        at org.apache.ratis.server.impl.RaftServerImpl.applyLogToStateMachine(RaftServerImpl.java:1588)
        at org.apache.ratis.server.impl.StateMachineUpdater.applyLog(StateMachineUpdater.java:239)
        at org.apache.ratis.server.impl.StateMachineUpdater.run(StateMachineUpdater.java:182)
        at java.lang.Thread.run(Thread.java:748)

复现流程
1. benchmark重复执行附件中的脚本
2.再重启恢复，datanode有error
",,,1,0,0,38763.443483333336,0,0,0,0,0,0,2
HUDI-4734,Improvement,HUDI,2022-08-29 13:57:45.894,2022-09-07 02:44:17.272,shivnarayan,Major,Add table config change validation in deltastreamer,"looks like we are missing proper table config validation in deltastreamer. 
{code:java}
   if (fs.exists(new Path(cfg.targetBasePath))) {
        HoodieTableMetaClient meta =
            HoodieTableMetaClient.builder().setConf(new Configuration(fs.getConf())).setBasePath(cfg.targetBasePath).setLoadActiveTimelineOnLoad(false).build();
        tableType = meta.getTableType();
        // This will guarantee there is no surprise with table type
        ValidationUtils.checkArgument(tableType.equals(HoodieTableType.valueOf(cfg.tableType)),
            ""Hoodie table is of type "" + tableType + "" but passed in CLI argument is "" + cfg.tableType);

        // Load base file format
        // This will guarantee there is no surprise with base file type
        String baseFileFormat = meta.getTableConfig().getBaseFileFormat().toString();
        ValidationUtils.checkArgument(baseFileFormat.equals(cfg.baseFileFormat) || cfg.baseFileFormat == null,
            ""Hoodie table's base file format is of type "" + baseFileFormat + "" but passed in CLI argument is ""
                + cfg.baseFileFormat);
        cfg.baseFileFormat = baseFileFormat;
        this.cfg.baseFileFormat = baseFileFormat;
      } else {
        tableType = HoodieTableType.valueOf(cfg.tableType);
        if (cfg.baseFileFormat == null) {
          cfg.baseFileFormat = ""PARQUET""; // default for backward compatibility
        }
      } {code}",,1.0,1,0,0,12286.522966666667,0,0,0,0,0,0,10
IOTDB-4395,Improvement,IOTDB,2022-09-13 08:05:08.388,2022-09-14 06:18:56.477,xiaozhihong,Minor,[cluster]Monitoring can support any disk information,"In the current cluster version, only the information of the system disk in the root directory can be supported, and other data disks or mounted disks cannot be monitored. It is recommended to monitor the information of any disk.",,,1,0,0,1333.8014833333334,0,0,0,0,0,0,3
HUDI-4974,Improvement,HUDI,2022-10-03 15:06:46.141,2022-10-04 12:36:56.691,codope,Major,Avoid creating Configuration copies in Hudi,"See [https://github.com/apache/hudi/issues/6332] for more details.

The reason for creating copies was to avoid ConcurrentModificationException encountered while long-running deltastreamer jobs. To avoid current modification, table meta client and file system get exclusive copies of the configuration. See [#755|https://github.com/apache/hudi/pull/755] for context.

But this breaks when a wrapper configuration object is given to the constructor, e.g. HIveCachingHdfsConfiguration from Presto. Is there a way to avoid creating copies and make it work with whatever the engine provides?",,3.0,1,0,0,1290.1758333333335,0,0,0,0,0,0,3
IOTDB-4550,Improvement,IOTDB,2022-09-28 06:52:28.997,2022-10-05 03:10:45.674,JIRAUSER291276,Major,Add nodeId in class Peer,共识组编号+节点编号 作为 Peer 的唯一标识，方便修改 Peer 持有的TEndPoint,,,1,0,0,9858.27795,0,0,0,0,0,0,0
IOTDB-4616,Improvement,IOTDB,2022-10-12 02:53:30.370,2022-11-01 01:47:34.206,caogaofei,Major,Support serialization and deserialization for confignode standalone mode ,,,,3,0,0,28734.06393333333,1,2,0,0,0,0,0
IOTDB-4644,Task,IOTDB,2022-10-13 15:52:55.066,2022-11-01 01:47:34.510,JIRAUSER291276,Major,Support modify DataNode's IP:Port,,,,1,1,0,26514.6574,0,0,0,0,0,0,1
IOTDB-4655,New Feature,IOTDB,2022-10-14 12:10:14.660,2022-11-01 01:47:34.564,qiaojialin,Major,Support start-all.sh and stop-all.sh in Cluster,"The star-all and stop-all are useful tools when deploying cluster. If the user config the ssh, they could use start-all and stop-all.

 

We'd better support these two tools.",,,2,0,0,25297.331733333336,3,7,1,0,0,0,8
IOTDB-4671,Improvement,IOTDB,2022-10-17 08:55:52.605,2022-11-01 01:47:34.665,刘珍,Major,[ MultiLeaderConsensus ] snapshot is not deleted after load snapshot,"master_1013_00dc222
schema : ratis
data : MultiLeaderConsensus  

3副本，3C5D , 缩容1个节点（ip72）
new peer   load snapshot 后，迁移过来的dataregion中的snapshot 没有删除。
ip73 共识层的文件信息：
 !image-2022-10-17-16-55-13-402.png! 

测试环境：
测试环境
1. 启动3C5D 48CPU 384GB
3C : 192.168.10.72 , 73, 74
5D : 192.168.10.72 , 73, 74 , 75,76

配置参数
ConfigNode
MAX_HEAP_SIZE=""8G""
schema_region_consensus_protocol_class=org.apache.iotdb.consensus.ratis.RatisConsensus
data_region_consensus_protocol_class=org.apache.iotdb.consensus.multileader.MultiLeaderConsensus
schema_replication_factor=3
data_replication_factor=3
connection_timeout_ms=120000

DataNode
MAX_HEAP_SIZE=""256G""
MAX_DIRECT_MEMORY_SIZE=""32G""

connection_timeout_ms=120000
max_connection_for_internal_service=200
max_waiting_time_when_insert_blocked=600000
query_timeout_threshold=36000000
enable_auto_create_schema=false

2. bm 运行配置见附件

3. 等待3小时后执行delete timeseries root.**
脚本在ip72 ${iotdb_dir}/datanode下
cat rm_dn.sh 
#!/bin/bash
sleep 3h
./sbin/start-cli.sh -h 192.168.10.74 -e ""show regions""
./sbin/start-cli.sh -h 192.168.10.74 -e ""show cluster""
./sbin/start-cli.sh -h 192.168.10.74 -e ""delete timeseries root.**"" &
sleep 120
./sbin/remove-datanode.sh  ""192.168.10.72:6667""  > 1014_remove_ip72.out

缩容成功后，查看ip73的data/consensus/data_region下的文件信息。",,,2,0,0,21171.701,0,0,0,0,0,0,3
IOTDB-4790,Improvement,IOTDB,2022-10-28 08:47:26.274,2022-11-01 01:47:36.180,xiaozhihong,Minor,[cluster]Need to change unquoted to backticks in msg,"In 0.14.0, using special characters to create role, unquoted in msg needs to be changed to backticks.
{code:java}
IoTDB> CREATE ROLE 11info#$
Msg: 303: Check metadata error: 11info#$ is illegal, unquoted identifier can only consist of digits, characters and underscore
 {code}",,,1,0,0,5340.1651,0,0,0,0,0,0,4
IOTDB-4791,Improvement,IOTDB,2022-10-28 08:51:03.643,2022-11-01 01:47:36.226,yschengzi,Major,readChunkMetadataAndConstructIndexTree is too slow for sealing TsFile," !image-2022-10-28-16-48-57-842.png! 

you can see this method spend almost half time on Path:<init>, is there any possible to speed up this method?",,,6,0,0,5336.543049999999,0,0,0,0,0,0,0
IOTDB-4230,Task,IOTDB,2022-08-24 17:39:14.401,2022-11-01 01:48:00.000,hxd,Major,"modify the start script for flexible startup: add iotdb.in.sh, add pid file","to make it possible to pack iotdb program into some forms like debian package, some changes is meaningful:
 # add iotdb.in.sh: here, ""in"" means ""include"". The script will define some system variables if the in.sh exists;
 # record the PID into pid file, and delete the file when iotdb exits.",,,1,0,0,98408.75998333334,0,0,0,0,0,0,1
IOTDB-4946,Improvement,IOTDB,2022-11-15 10:20:40.331,2022-11-17 00:47:35.431,qiaojialin,Major,Return SDT information when show timeseries,We support SDT lossy compression but cannot show these information out.,,,1,0,0,2306.9183333333335,0,0,0,0,0,0,9
IOTDB-5125,Improvement,IOTDB,2022-12-06 02:15:16.101,2022-12-08 14:30:00.000,qiaojialin,Major,Change default port and stop the process when port is already in use,"We need to change the default port, such as 50010 due to the Hadoop system.

 

Besides, we need to stop the process when any port is already in use.",,,1,0,0,3614.73165,1,15,1,1,1,0,10
IOTDB-5031,Improvement,IOTDB,2022-11-23 09:16:09.710,2022-12-08 14:33:00.000,刘珍,Minor,stop-datanode.sh takes snapshot,"master_1123_32e2f98
1. 正常停止datanode    stop-datanode.sh 会触发snapshot （单线程），为什么？
 !image-2022-11-23-17-15-27-900.png! ",,,2,0,0,21916.83816666667,0,0,0,0,0,0,4
IOTDB-4897,Improvement,IOTDB,2022-11-10 01:05:59.465,2022-12-09 03:10:24.351,caogaofei,Major,[Design] DataRegion Load balance based on Disk Usage,,,,2,1,0,41884.41476666667,0,0,0,0,0,0,1
IOTDB-4933,Improvement,IOTDB,2022-11-15 02:07:28.543,2022-12-11 07:37:09.875,JIRAUSER296763,Minor,"[UDF]output data type and the data type of putting with PointCollector  are different, return 500, NPE","[UDF]output data type and the data type of putting with PointCollector are different, return 500, NPE

 

当UDF类，定义的输出类型与transform 中PointCollector put 的类型不一致时，会抛出空指针异常，命令行返回500

我记得不能报500， 所以得处理一下。

 

reproduction:
1. 使用附件的java类，将52行的putFloat 修改为putInt, 编译为jar，放到$IOTDB_HOME/ext/udf/下
2. 命令行执行下面sql:
{code:java}
drop database root.**;
drop function count_sec;

create function count_sec as ""com.timecho.udf.normal.TestSessionTimeWindowAccessStrategy"";

CREATE DATABASE root.udf;
CREATE TIMESERIES root.udf.d1.s1 WITH DATATYPE=text, ENCODING=PLAIN;
CREATE TIMESERIES root.udf.d1.s2 WITH DATATYPE=text, ENCODING=PLAIN;

insert into root.udf.d1 (time, s1, s2) values (1, 'udf', 'trigger'),(2, 'some' , 'old'),(3, null, 'trigger'),(9, 'udf', 'new'),(5, 'woman', 'udf'),(12, 'trigger', null),(14, 'udf', 14),(18, 'udf', 16),(21, 'trigger', 18),(24, 'udf', 20);

select count_sec(s1, 'max_interval'=5, 'standard'='udf') from root.udf.d1;
{code}
出错信息：
{code:java}
IoTDB> select count_sec(s1, 'max_interval'=5, 'standard'='udf') from root.udf.d1;
Msg: 500: [INTERNAL_SERVER_ERROR(500)] Exception occurred: ""select count_sec(s1, 'max_interval'=5, 'standard'='udf') from root.udf.d1"". executeStatement failed. Task was cancelled.{code}
!image-2022-11-15-10-07-08-413.png!",,,1,0,0,37769.688866666664,2,9,1,0,0,0,0
HUDI-5205,New Feature,HUDI,2022-11-14 04:46:56.561,2022-12-19 11:42:00.000,xushiyan,Blocker,Support flink 1.16,,,,2,0,0,50815.057316666665,0,0,0,0,0,0,5
IOTDB-5258,Improvement,IOTDB,2022-12-21 03:21:49.504,2023-01-02 15:09:20.583,JIRAUSER296763,Major,[export tsfile] timeout occurred when the sql return big data,"[export tsfile] timeout occurred when the sql return big data

root.test.g_0.d_0 has 1000 timeseries and contains 2592000 records.

actual:
{code}
[atmos@i-ra9cbhah tools]$ ./export-tsfile.sh -h iotdb-44 -p 6667 -u root -pw root  -td /data/ -f s_0 -q ""select * from root.test.g_0.d_0""
------------------------------------------
Starting IoTDB Client Export Script
------------------------------------------
9366 [main] WARN  o.a.i.t.c.conf.TSFileDescriptor - not found iotdb-common.properties, use the default configs. 
15734 [main] INFO  o.a.iotdb.tsfile.write.TsFileWriter - start close file 
16750 [main] INFO  o.a.i.t.write.writer.TsFileIOWriter - Time for flushing metadata is 40 ms 
Cannot dump result because: 301: FragmentInstance 20221221_031055_00307_1.1.0 is aborted by timeout
{code}

expect:
1. split the sql automatically and make it possible to process
2. it could be slowly but could not return error or timeout
3. tell the user the process of output, like how many sensors, devices, lines or points have been processed. 
4. print the time when the command started and ended.
5. print the statistics of processing. e.g. how many output files , how many points etc.",,,1,0,0,17987.51798333333,0,0,0,0,0,0,1
IOTDB-5189,Improvement,IOTDB,2022-12-12 14:30:01.448,2023-01-03 08:32:57.148,choubenson,Major,Optimize the memory usage of fast compaction,"Only read the chunks that need to be used into the memory each time, instead of reading all the overlapping chunks into the memory at once.",,,1,0,0,31322.928333333333,1,74,1,1,1,1,0
IOTDB-5284,Improvement,IOTDB,2022-12-26 06:54:21.268,2023-01-03 09:55:00.000,JIRAUSER296693,Major,[Sonar]Fix some code smells and bugs given by SonarLint,"There are 300+ bugs and 19k+ code smells in IoTDB now. This issue will try to fix some of them.
For details, please see [Apache IoTDB Project Parent POM|https://sonarcloud.io/project/overview?id=apache_incubator-iotdb].",,,1,0,0,11700.645533333332,0,0,0,0,0,0,0
HUDI-5581,Improvement,HUDI,2023-01-19 01:46:39.260,2023-01-19 01:51:25.105,shivnarayan,Major,Test log compaction feature,,,1.0,1,0,0,4.764083333333334,0,0,0,0,0,0,11
HUDI-5610,Task,HUDI,2023-01-24 22:04:07.605,2023-01-25 02:11:10.437,JIRAUSER286703,Blocker,Hudi cli bundle Spark 3.2.0 startup issue. ,"It seems that the hudi cli bundle is not able to start up for spark 3.2.0, compared to spark 3.3.1. And will silently exit current like so 


```
IR is /Users/ethan/Work/repo/hudi/packaging/hudi-cli-bundle
Client jar location not set, please set it in conf/hudi-env.sh
Running : java -cp /Users/ethan/Work/repo/hudi/packaging/hudi-cli-bundle/auxlib/*:/Users/ethan/Work/lib/spark-3.2.2-bin-hadoop3.2/*:/Users/ethan/Work/lib/spark-3.2.2-bin-hadoop3.2/jars/*:/Users/ethan/Work/repo/hudi/packaging/hudi-cli-bundle/conf:/etc/hadoop/conf:/etc/spark/conf:/Users/ethan/Work/repo/hudi/packaging/hudi-cli-bundle/target/hudi-cli-bundle_2.12-0.13.0-SNAPSHOT.jar:/Users/ethan/Work/repo/hudi/packaging/hudi-cli-bundle/../hudi-spark-bundle/target/hudi-spark3.3-bundle_2.12-0.13.0-SNAPSHOT.jar: -DSPARK_CONF_DIR=/etc/spark/conf -DHADOOP_CONF_DIR=/etc/hadoop/conf org.apache.hudi.cli.Main 
Main called
log4j:WARN No appenders could be found for logger (org.jboss.logging).
log4j:WARN Please initialize the log4j system properly.
log4j:WARN See http://logging.apache.org/log4j/1.2/faq.html#noconfig for more info.
===================================================================
*         ___                          ___                        *
*        /\__\          ___           /\  \           ___         *
*       / /  /         /\__\         /  \  \         /\  \        *
*      / /__/         / /  /        / /\ \  \        \ \  \       *
*     /  \  \ ___    / /  /        / /  \ \__\       /  \__\      *
*    / /\ \  /\__\  / /__/  ___   / /__/ \ |__|     / /\/__/      *
*    \/  \ \/ /  /  \ \  \ /\__\  \ \  \ / /  /  /\/ /  /         *
*         \  /  /    \ \  / /  /   \ \  / /  /   \  /__/          *
*         / /  /      \ \/ /  /     \ \/ /  /     \ \__\          *
*        / /  /        \  /  /       \  /  /       \/__/          *
*        \/__/          \/__/         \/__/    Apache Hudi CLI    *
*                                                                 *
===================================================================
ethan@Ethans-MacBook-Pro ~/W/r/h/p/hudi-cli-bundle (cli-bundle-fix) [1]>",,2.0,1,0,0,247.0472,0,0,0,0,0,0,0
IOTDB-5472,Improvement,IOTDB,2023-02-06 01:22:21.017,2023-02-10 06:16:55.870,JIRAUSER298562,Minor,[Atmos]The number of tsfiles went up between db6f17e 【02/01】and 5602d0e【02/05】,"The number of tsfiles went up between db6f17e 【02/01】and 5602d0e【02/05】

Please refer to below picture.

 

!image-2023-02-06-09-22-50-304.png|width=661,height=380!",,,1,0,0,6054.580883333333,0,0,0,0,0,0,0
HUDI-2440,Sub-task,HUDI,2021-09-16 08:08:04.140,2023-02-14 09:31:00.000,yanghua,Major,Add dependency change diff script for dependency governace,"Currently, hudi's dependency management is chaotic, e.g. for `hudi-spark-bundle_2.11`, the dependency list is here:
{code:java}
HikariCP/2.5.1//HikariCP-2.5.1.jar
ST4/4.0.4//ST4-4.0.4.jar
aircompressor/0.15//aircompressor-0.15.jar
annotations/17.0.0//annotations-17.0.0.jar
ant-launcher/1.9.1//ant-launcher-1.9.1.jar
ant/1.6.5//ant-1.6.5.jar
ant/1.9.1//ant-1.9.1.jar
antlr-runtime/3.5.2//antlr-runtime-3.5.2.jar
aopalliance/1.0//aopalliance-1.0.jar
apache-curator/2.7.1//apache-curator-2.7.1.pom
apacheds-i18n/2.0.0-M15//apacheds-i18n-2.0.0-M15.jar
apacheds-kerberos-codec/2.0.0-M15//apacheds-kerberos-codec-2.0.0-M15.jar
api-asn1-api/1.0.0-M20//api-asn1-api-1.0.0-M20.jar
api-util/1.0.0-M20//api-util-1.0.0-M20.jar
asm/3.1//asm-3.1.jar
avatica-metrics/1.8.0//avatica-metrics-1.8.0.jar
avatica/1.8.0//avatica-1.8.0.jar
avro/1.8.2//avro-1.8.2.jar
bonecp/0.8.0.RELEASE//bonecp-0.8.0.RELEASE.jar
calcite-core/1.10.0//calcite-core-1.10.0.jar
calcite-druid/1.10.0//calcite-druid-1.10.0.jar
calcite-linq4j/1.10.0//calcite-linq4j-1.10.0.jar
commons-beanutils-core/1.8.0//commons-beanutils-core-1.8.0.jar
commons-beanutils/1.7.0//commons-beanutils-1.7.0.jar
commons-cli/1.2//commons-cli-1.2.jar
commons-codec/1.4//commons-codec-1.4.jar
commons-collections/3.2.2//commons-collections-3.2.2.jar
commons-compiler/2.7.6//commons-compiler-2.7.6.jar
commons-compress/1.9//commons-compress-1.9.jar
commons-configuration/1.6//commons-configuration-1.6.jar
commons-daemon/1.0.13//commons-daemon-1.0.13.jar
commons-dbcp/1.4//commons-dbcp-1.4.jar
commons-digester/1.8//commons-digester-1.8.jar
commons-el/1.0//commons-el-1.0.jar
commons-httpclient/3.1//commons-httpclient-3.1.jar
commons-io/2.4//commons-io-2.4.jar
commons-lang/2.6//commons-lang-2.6.jar
commons-lang3/3.1//commons-lang3-3.1.jar
commons-logging/1.2//commons-logging-1.2.jar
commons-math/2.2//commons-math-2.2.jar
commons-math3/3.1.1//commons-math3-3.1.1.jar
commons-net/3.1//commons-net-3.1.jar
commons-pool/1.5.4//commons-pool-1.5.4.jar
curator-client/2.7.1//curator-client-2.7.1.jar
curator-framework/2.7.1//curator-framework-2.7.1.jar
curator-recipes/2.7.1//curator-recipes-2.7.1.jar
datanucleus-api-jdo/4.2.4//datanucleus-api-jdo-4.2.4.jar
datanucleus-core/4.1.17//datanucleus-core-4.1.17.jar
datanucleus-rdbms/4.1.19//datanucleus-rdbms-4.1.19.jar
derby/10.10.2.0//derby-10.10.2.0.jar
disruptor/3.3.0//disruptor-3.3.0.jar
dropwizard-metrics-hadoop-metrics2-reporter/0.1.2//dropwizard-metrics-hadoop-metrics2-reporter-0.1.2.jar
eigenbase-properties/1.1.5//eigenbase-properties-1.1.5.jar
fastutil/7.0.13//fastutil-7.0.13.jar
findbugs-annotations/1.3.9-1//findbugs-annotations-1.3.9-1.jar
fluent-hc/4.4.1//fluent-hc-4.4.1.jar
groovy-all/2.4.4//groovy-all-2.4.4.jar
gson/2.3.1//gson-2.3.1.jar
guava/14.0.1//guava-14.0.1.jar
guice-assistedinject/3.0//guice-assistedinject-3.0.jar
guice-servlet/3.0//guice-servlet-3.0.jar
guice/3.0//guice-3.0.jar
hadoop-annotations/2.7.3//hadoop-annotations-2.7.3.jar
hadoop-auth/2.7.3//hadoop-auth-2.7.3.jar
hadoop-client/2.7.3//hadoop-client-2.7.3.jar
hadoop-common/2.7.3//hadoop-common-2.7.3.jar
hadoop-common/2.7.3/tests/hadoop-common-2.7.3-tests.jar
hadoop-hdfs/2.7.3//hadoop-hdfs-2.7.3.jar
hadoop-hdfs/2.7.3/tests/hadoop-hdfs-2.7.3-tests.jar
hadoop-mapreduce-client-app/2.7.3//hadoop-mapreduce-client-app-2.7.3.jar
hadoop-mapreduce-client-common/2.7.3//hadoop-mapreduce-client-common-2.7.3.jar
hadoop-mapreduce-client-core/2.7.3//hadoop-mapreduce-client-core-2.7.3.jar
hadoop-mapreduce-client-jobclient/2.7.3//hadoop-mapreduce-client-jobclient-2.7.3.jar
hadoop-mapreduce-client-shuffle/2.7.3//hadoop-mapreduce-client-shuffle-2.7.3.jar
hadoop-yarn-api/2.7.3//hadoop-yarn-api-2.7.3.jar
hadoop-yarn-client/2.7.3//hadoop-yarn-client-2.7.3.jar
hadoop-yarn-common/2.7.3//hadoop-yarn-common-2.7.3.jar
hadoop-yarn-registry/2.7.1//hadoop-yarn-registry-2.7.1.jar
hadoop-yarn-server-applicationhistoryservice/2.7.2//hadoop-yarn-server-applicationhistoryservice-2.7.2.jar
hadoop-yarn-server-common/2.7.2//hadoop-yarn-server-common-2.7.2.jar
hadoop-yarn-server-resourcemanager/2.7.2//hadoop-yarn-server-resourcemanager-2.7.2.jar
hadoop-yarn-server-web-proxy/2.7.2//hadoop-yarn-server-web-proxy-2.7.2.jar
hamcrest-core/1.3//hamcrest-core-1.3.jar
hbase-annotations/1.2.3//hbase-annotations-1.2.3.jar
hbase-client/1.2.3//hbase-client-1.2.3.jar
hbase-common/1.2.3//hbase-common-1.2.3.jar
hbase-common/1.2.3/tests/hbase-common-1.2.3-tests.jar
hbase-hadoop-compat/1.2.3//hbase-hadoop-compat-1.2.3.jar
hbase-hadoop2-compat/1.2.3//hbase-hadoop2-compat-1.2.3.jar
hbase-prefix-tree/1.2.3//hbase-prefix-tree-1.2.3.jar
hbase-procedure/1.2.3//hbase-procedure-1.2.3.jar
hbase-protocol/1.2.3//hbase-protocol-1.2.3.jar
hbase-server/1.2.3//hbase-server-1.2.3.jar
hive-common/2.3.1//hive-common-2.3.1.jar
hive-exec/2.3.1//hive-exec-2.3.1.jar
hive-jdbc/2.3.1//hive-jdbc-2.3.1.jar
hive-llap-client/2.3.1//hive-llap-client-2.3.1.jar
hive-llap-common/2.3.1//hive-llap-common-2.3.1.jar
hive-llap-common/2.3.1/tests/hive-llap-common-2.3.1-tests.jar
hive-llap-server/2.3.1//hive-llap-server-2.3.1.jar
hive-llap-tez/2.3.1//hive-llap-tez-2.3.1.jar
hive-metastore/2.3.1//hive-metastore-2.3.1.jar
hive-serde/2.3.1//hive-serde-2.3.1.jar
hive-service-rpc/2.3.1//hive-service-rpc-2.3.1.jar
hive-service/2.3.1//hive-service-2.3.1.jar
hive-shims-0.23/2.3.1//hive-shims-0.23-2.3.1.jar
hive-shims-common/2.3.1//hive-shims-common-2.3.1.jar
hive-shims-scheduler/2.3.1//hive-shims-scheduler-2.3.1.jar
hive-shims/2.3.1//hive-shims-2.3.1.jar
hive-storage-api/2.3.1//hive-storage-api-2.3.1.jar
hive-vector-code-gen/2.3.1//hive-vector-code-gen-2.3.1.jar
htrace-core/3.1.0-incubating//htrace-core-3.1.0-incubating.jar
httpclient/4.4.1//httpclient-4.4.1.jar
httpcore/4.4.1//httpcore-4.4.1.jar
ivy/2.4.0//ivy-2.4.0.jar
jackson-annotations/2.6.7//jackson-annotations-2.6.7.jar
jackson-core-asl/1.9.13//jackson-core-asl-1.9.13.jar
jackson-core/2.6.7//jackson-core-2.6.7.jar
jackson-databind/2.6.7.3//jackson-databind-2.6.7.3.jar
jackson-jaxrs/1.9.13//jackson-jaxrs-1.9.13.jar
jackson-mapper-asl/1.9.13//jackson-mapper-asl-1.9.13.jar
jackson-module-paranamer/2.7.9//jackson-module-paranamer-2.7.9.jar
jackson-module-scala_2.11/2.6.7.1//jackson-module-scala_2.11-2.6.7.1.jar
jackson-xc/1.9.13//jackson-xc-1.9.13.jar
jamon-runtime/2.3.1//jamon-runtime-2.3.1.jar
janino/2.7.6//janino-2.7.6.jar
jasper-compiler/5.5.23//jasper-compiler-5.5.23.jar
jasper-runtime/5.5.23//jasper-runtime-5.5.23.jar
java-xmlbuilder/0.4//java-xmlbuilder-0.4.jar
javalin/2.8.0//javalin-2.8.0.jar
javax.inject/1//javax.inject-1.jar
javax.jdo/3.2.0-m3//javax.jdo-3.2.0-m3.jar
javax.servlet-api/3.1.0//javax.servlet-api-3.1.0.jar
javax.servlet/3.0.0.v201112011016//javax.servlet-3.0.0.v201112011016.jar
javolution/5.5.1//javolution-5.5.1.jar
jaxb-api/2.2.11//jaxb-api-2.2.11.jar
jaxb-impl/2.2.3-1//jaxb-impl-2.2.3-1.jar
jcodings/1.0.8//jcodings-1.0.8.jar
jcommander/1.72//jcommander-1.72.jar
jdo-api/3.0.1//jdo-api-3.0.1.jar
jersey-client/1.9//jersey-client-1.9.jar
jersey-core/1.9//jersey-core-1.9.jar
jersey-guice/1.9//jersey-guice-1.9.jar
jersey-json/1.9//jersey-json-1.9.jar
jersey-server/1.9//jersey-server-1.9.jar
jets3t/0.9.0//jets3t-0.9.0.jar
jettison/1.1//jettison-1.1.jar
jetty-client/9.4.15.v20190215//jetty-client-9.4.15.v20190215.jar
jetty-http/9.4.15.v20190215//jetty-http-9.4.15.v20190215.jar
jetty-io/9.4.15.v20190215//jetty-io-9.4.15.v20190215.jar
jetty-security/9.4.15.v20190215//jetty-security-9.4.15.v20190215.jar
jetty-server/9.4.15.v20190215//jetty-server-9.4.15.v20190215.jar
jetty-servlet/9.4.15.v20190215//jetty-servlet-9.4.15.v20190215.jar
jetty-util/6.1.26//jetty-util-6.1.26.jar
jetty-util/9.4.15.v20190215//jetty-util-9.4.15.v20190215.jar
jetty-webapp/9.4.15.v20190215//jetty-webapp-9.4.15.v20190215.jar
jetty-xml/9.4.15.v20190215//jetty-xml-9.4.15.v20190215.jar
jetty/6.1.26//jetty-6.1.26.jar
jline/2.12//jline-2.12.jar
joda-time/2.9.9//joda-time-2.9.9.jar
joni/2.1.2//joni-2.1.2.jar
jpam/1.1//jpam-1.1.jar
jsch/0.1.42//jsch-0.1.42.jar
json/1.8//json-1.8.jar
jsp-api/2.0//jsp-api-2.0.jar
jsp-api/2.1//jsp-api-2.1.jar
jsr305/3.0.0//jsr305-3.0.0.jar
junit/4.12//junit-4.12.jar
kotlin-stdlib-common/1.2.71//kotlin-stdlib-common-1.2.71.jar
kotlin-stdlib-jdk7/1.2.71//kotlin-stdlib-jdk7-1.2.71.jar
kotlin-stdlib-jdk8/1.2.71//kotlin-stdlib-jdk8-1.2.71.jar
kotlin-stdlib/1.2.71//kotlin-stdlib-1.2.71.jar
kryo-shaded/4.0.2//kryo-shaded-4.0.2.jar
leveldbjni-all/1.8//leveldbjni-all-1.8.jar
libfb303/0.9.3//libfb303-0.9.3.jar
libthrift/0.9.3//libthrift-0.9.3.jar
log4j-1.2-api/2.6.2//log4j-1.2-api-2.6.2.jar
log4j-api/2.6.2//log4j-api-2.6.2.jar
log4j-core/2.6.2//log4j-core-2.6.2.jar
log4j-slf4j-impl/2.6.2//log4j-slf4j-impl-2.6.2.jar
log4j-web/2.6.2//log4j-web-2.6.2.jar
log4j/1.2.17//log4j-1.2.17.jar
metrics-core/2.2.0//metrics-core-2.2.0.jar
metrics-core/4.1.1//metrics-core-4.1.1.jar
metrics-graphite/4.1.1//metrics-graphite-4.1.1.jar
metrics-jmx/4.1.1//metrics-jmx-4.1.1.jar
metrics-json/3.1.0//metrics-json-3.1.0.jar
metrics-jvm/3.1.0//metrics-jvm-3.1.0.jar
minlog/1.3.0//minlog-1.3.0.jar
netty-all/4.0.23.Final//netty-all-4.0.23.Final.jar
netty/3.6.2.Final//netty-3.6.2.Final.jar
objenesis/2.5.1//objenesis-2.5.1.jar
opencsv/2.3//opencsv-2.3.jar
orc-core/1.3.3//orc-core-1.3.3.jar
orc-core/1.6.0/nohive/orc-core-1.6.0-nohive.jar
orc-shims/1.6.0//orc-shims-1.6.0.jar
oro/2.0.8//oro-2.0.8.jar
paranamer/2.7//paranamer-2.7.jar
parquet-avro/1.10.1//parquet-avro-1.10.1.jar
parquet-column/1.10.1//parquet-column-1.10.1.jar
parquet-common/1.10.1//parquet-common-1.10.1.jar
parquet-encoding/1.10.1//parquet-encoding-1.10.1.jar
parquet-format/2.4.0//parquet-format-2.4.0.jar
parquet-hadoop-bundle/1.8.1//parquet-hadoop-bundle-1.8.1.jar
parquet-hadoop/1.10.1//parquet-hadoop-1.10.1.jar
parquet-jackson/1.10.1//parquet-jackson-1.10.1.jar
protobuf-java/2.5.0//protobuf-java-2.5.0.jar
rocksdbjni/5.17.2//rocksdbjni-5.17.2.jar
scala-library/2.11.12//scala-library-2.11.12.jar
scala-reflect/2.11.8//scala-reflect-2.11.8.jar
servlet-api/2.4//servlet-api-2.4.jar
simpleclient/0.8.0//simpleclient-0.8.0.jar
simpleclient_common/0.8.0//simpleclient_common-0.8.0.jar
simpleclient_dropwizard/0.8.0//simpleclient_dropwizard-0.8.0.jar
simpleclient_httpserver/0.8.0//simpleclient_httpserver-0.8.0.jar
simpleclient_pushgateway/0.8.0//simpleclient_pushgateway-0.8.0.jar
slf4j-api/1.7.10//slf4j-api-1.7.10.jar
slf4j-log4j12/1.7.10//slf4j-log4j12-1.7.10.jar
slider-core/0.90.2-incubating//slider-core-0.90.2-incubating.jar
snappy-java/1.1.2.6//snappy-java-1.1.2.6.jar
spark-avro_2.11/2.4.4//spark-avro_2.11-2.4.4.jar
spark-tags_2.11/2.4.4//spark-tags_2.11-2.4.4.jar
stax-api/1.0.1//stax-api-1.0.1.jar
tephra-api/0.6.0//tephra-api-0.6.0.jar
tephra-core/0.6.0//tephra-core-0.6.0.jar
tephra-hbase-compat-1.0/0.6.0//tephra-hbase-compat-1.0-0.6.0.jar
twill-api/0.6.0-incubating//twill-api-0.6.0-incubating.jar
twill-common/0.6.0-incubating//twill-common-0.6.0-incubating.jar
twill-core/0.6.0-incubating//twill-core-0.6.0-incubating.jar
twill-discovery-api/0.6.0-incubating//twill-discovery-api-0.6.0-incubating.jar
twill-discovery-core/0.6.0-incubating//twill-discovery-core-0.6.0-incubating.jar
twill-zookeeper/0.6.0-incubating//twill-zookeeper-0.6.0-incubating.jar
unused/1.0.0//unused-1.0.0.jar
velocity/1.5//velocity-1.5.jar
websocket-api/9.4.15.v20190215//websocket-api-9.4.15.v20190215.jar
websocket-client/9.4.15.v20190215//websocket-client-9.4.15.v20190215.jar
websocket-common/9.4.15.v20190215//websocket-common-9.4.15.v20190215.jar
websocket-server/9.4.15.v20190215//websocket-server-9.4.15.v20190215.jar
websocket-servlet/9.4.15.v20190215//websocket-servlet-9.4.15.v20190215.jar
xercesImpl/2.9.1//xercesImpl-2.9.1.jar
xml-apis/1.3.04//xml-apis-1.3.04.jar
xmlenc/0.52//xmlenc-0.52.jar
xz/1.5//xz-1.5.jar
zookeeper/3.4.6//zookeeper-3.4.6.jar
zookeeper/3.4.6/tests/zookeeper-3.4.6-tests.jar
{code}
 

there are many duplicated dependencies that have different versions. there are many users who report the dependency conflicts problem. We need to review it and build a checker for each PR.

 ",,,1,0,0,743122.931,0,0,0,0,0,0,0
HUDI-2507,Sub-task,HUDI,2021-09-30 09:04:13.372,2023-02-14 09:31:00.000,yanghua,Major,Generate more dependency list file for other bundles,,,,1,0,0,722906.7771333333,0,0,0,0,0,0,1
HUDI-2600,Sub-task,HUDI,2021-10-22 08:23:05.295,2023-02-14 09:31:00.000,yanghua,Major,Remove duplicated hadoop-common with tests classifier exists in bundles,"We found many duplicated dependencies in the generated dependency list, `hadoop-common` is one of them:
{code:java}
hadoop-common/org.apache.hadoop/2.7.3//hadoop-common-2.7.3.jar
hadoop-common/org.apache.hadoop/2.7.3/tests/hadoop-common-2.7.3-tests.jar
{code}
 

 ",,,1,0,0,691267.91175,0,0,0,0,0,0,2
HUDI-2614,Sub-task,HUDI,2021-10-25 05:50:49.878,2023-02-14 09:31:00.000,yanghua,Major,Remove duplicated hadoop-hdfs with tests classifier exists in bundles,,,,1,0,0,687100.1687,0,0,0,0,0,0,3
HUDI-2643,Sub-task,HUDI,2021-10-28 09:12:32.925,2023-02-14 09:31:00.000,yanghua,Major,Remove duplicated hbase-common with tests classifier exists in bundles,,,,2,0,0,682578.45125,0,0,0,0,0,0,4
IOTDB-5567,New Feature,IOTDB,2023-02-21 08:21:23.609,2023-02-22 03:46:04.896,xiaozhihong,Minor,It is recommended to add SQL for querying seriesslotid and timeslotid,"Branch：Master

commit 21c2110ef52c9253d81a889aec35f31d7e24e7b4
In cluster version, I  suggest adding SQl about query seriesslotid and timeslotid.
In UserGuide, need to update it, also.",,,1,0,0,1164.6881166666667,0,0,0,0,0,0,5
IOTDB-2569,New Feature,IOTDB,2022-02-19 06:28:40.303,2023-03-01 15:37:00.000,qiaojialin,Minor,Support ZSTD Compression ,"ZSTD is a new compression method published by Facebook.

https://github.com/facebook/zstd",,,2,0,0,540548.3282833333,0,0,0,0,0,0,4
HUDI-1698,New Feature,HUDI,2021-03-16 22:06:20.363,2024-03-25 13:00:58.020,nishith29,Major,Multiwriting for Flink / Java,,,,4,0,0,1590654.6276166667,0,0,0,0,0,0,1
HUDI-7146,Task,HUDI,2023-11-27 17:15:35.691,2024-03-25 13:01:52.415,codope,Major,Implement secondary index,"# Secondary index schema should be flexible enough to accommodate various kinds of secondary index. 
 # Reuse as much as possible the existing framework for indexing.
 # Merge with existing index config and introduce as less configs as possible.",,8.0,1,0,0,171106.2787333333,0,0,0,0,0,0,4
HUDI-2461,Improvement,HUDI,2021-09-20 15:26:02.765,2024-03-25 13:14:38.063,shivnarayan,Critical,Support lock free multi-writer for metadata table,"Even with synchronous patch, we instantiate metadata table with single writer mode only. 

But we need to support async compaction and cleaning and hence we need to think about supporting multi-writer down the line. 

Details:

all writes to metadata table happens within data table lock, including compaction and cleaning in metadata table since we do inline. But as we scale metadata table infra w/ more indexes, we need to support async compaction and cleaning and so we need multi-writer support. 

One possibility:
 - Special transaction management for metadata table. 

data table commits: all writes to metadata table will be guarded by datatable lock (regular writes, clustering, compaction, everything). regular writes will do usual conflict resolution, where as compaction and clustering may not. 

Now coming to metadata table commits, there won't be any conflict resolution in general for whole of metadata table. But we will ensure any commit happens by acquiring a lock. Our presumption is that, all the conflict resolution would have happened within data table before proceeding to make a commit in metadata table and so we don't need to do any conflict resolution specifically. 

Scheduling of compaction and cleaning will happen along w/ regular upserts. and we will have async compaction and cleaning support. so, when these async operations are looking to commit in metadata table, they will acquire lock, make the commit and release the lock. Only one writer will be in progress during metadata commit. 

 

 ",,,2,3,0,1320348.5883,0,0,0,0,0,0,2
HUDI-7596,Sub-task,HUDI,2024-04-10 03:46:07.645,2024-04-11 01:11:26.615,guoyihua,Blocker,Enable Jacoco code coverage report across multiple modules,,,,1,0,0,1285.3161666666667,0,0,0,0,0,0,8
HUDI-1739,Improvement,HUDI,2021-03-30 16:26:06.158,2024-04-26 07:29:00.000,jagmeet.bali,Critical,Standardize usage of replacecommit files across the code base,"Fixes can be to 
 # Ignore empty replacecommit.requested files.
 # Standardise the replacecommit.requested format across all invocations be it from clustering or this use case.",,,4,1,0,1616582.8973666665,0,0,0,0,0,0,0
HUDI-4372,New Feature,HUDI,2022-07-08 07:57:28.538,2024-04-26 07:29:00.000,danny0405,Major,Enable matadata table by default for flink,,,,3,0,0,947491.5243666667,0,0,0,0,0,0,2
HUDI-6495,Task,HUDI,2023-07-06 00:59:59.942,2024-04-26 07:29:00.000,vc,Major,Finalize the RFC-61/Non-blocking Concurrency Control design,,,,2,0,0,425189.0009666666,0,0,0,0,0,0,3
HUDI-7507,Improvement,HUDI,2024-03-15 01:23:30.687,2024-06-17 07:01:00.000,JIRAUSER301521,Critical, ongoing concurrent writers with smaller timestamp can cause issues with table services,"*Scenarios:*

Although HUDI operations hold a table lock when creating a .requested instant, because HUDI writers do not generate a timestamp and create a .requsted plan in the same transaction, there can be a scenario where 
 # Job 1 starts, chooses timestamp (x) , Job 2 starts and chooses timestamp (x - 1)
 # Job 1 schedules and creates requested file with instant timestamp (x)
 # Job 2 schedules and creates requested file with instant timestamp (x-1)
 # Both jobs continue running

If one job is writing a commit and the other is a table service, this can cause issues:
 * 
 ** If Job 2 is ingestion commit and Job 1 is compaction/log compaction, then when Job 1 runs before Job 2 and can create a compaction plan for all instant times (up to (x) ) that doesn’t include instant time (x-1) .  Later Job 2 will create instant time (x-1), but timeline will be in a corrupted state since compaction plan was supposed to include (x-1)
 ** There is a similar issue with clean. If Job2 is a long-running commit (that was stuck/delayed for a while before creating its .requested plan) and Job 1 is a clean, then Job 1 can perform a clean that updates the earliest-commit-to-retain without waiting for the inflight instant by Job 2 at (x-1) to complete. This causes Job2 to be ""skipped"" by clean.
 ** If the completed commit files include som sort of ""checkpointing"" with another ""downstream job"" performing incremental reads on this dataset (such as Hoodie Streamer/DeltaSync) then there may be incorrect behavior, such as the incremental reader skipping some completed commits (that have a smaller instant timestamp than latest completed commit but were created after).

[Edit] I added a diagram to visualize the issue, specifically the second scenario with clean

!Flowchart (1).png!

*Proposed approach:*

One way this can be resolved is by combining the operations of generating instant time and creating a requested file in the same HUDI table transaction. Specifically, executing the following steps whenever any instant (commit, table service, etc) is scheduled

Approach A
 # Acquire table lock
 # Look at the latest instant C on the active timeline (completed or not). Generate a timestamp after C
 # Create the plan and requested file using this new timestamp ( that is greater than C)
 # Release table lock

Unfortunately (A) has the following drawbacks
 * Every operation must now hold the table lock when computing its plan even if it's an expensive operation and will take a while
 * Users of HUDI cannot easily set their own instant time of an operation, and this restriction would break any public APIs that allow this and would require deprecating those APIs.

 

An alternate approach is to have every operation abort creating a .requested file unless it has the latest timestamp. Specifically, for any instant type, whenever an operation is about to create a .requested plan on timeline, it should take the table lock and assert that there are no other instants on timeline that are greater than it that could cause a conflict. If that assertion fails, then throw a retry-able conflict resolution exception.

Specifically, the following steps should be followed whenever any instant (commit, table service, etc) is scheduled

Approach B
 # Acquire table lock. Assume that the desired instant time C and requested file plan metadata have already been created, regardless of wether it was before this step or right after acquiring the table lock.
 # If there are any instants on the timeline that are greater than C (regardless of their operation type or sate status) then release table lock and throw an exception
 # Create requested plan on timeline (As usual)
 # Release table lock

Unlike (A), this approach (B) allows users to continue to use HUDI APIs where caller can specify instant time (preventing the need from deprecating any public API). It also allows the possibility of table service operations computing their plan without holding a lock. Despite this though, (B) has following drawbacks
 * It is not immediately clear how MDT vs base table operations should be handled here. Do we need to update (2) to consider both base table and MDT timelines (rather than just MDT)?
 * This error will still be thrown even for scenarios of concurrent operations where it would be safe to continue. For example, assume two ingestion writers being executing on a dataset, with each only performing a insert commit on the dataset (with no compact/clean being scheduled on MDT). Additionally, assume there is no ""downstream"" job performing incremental reads on this dataset. If the writer that started scheduling later ending up having an earlier timestamp, it would still be safe for it to continue. Despite that, because of step (2)  it would still have to abort an throw an error. This also means that on datasets with many frequent concurrent ingestion commits and very infrequent metadata compactions, there would be a lot of transient failures/noise by failing writers if this timestamp delay issue happens a lot. 

Between these two approaches, it seems (B) might be preferable since it allows user to still use existing APIs for the time being.

We were wondering if the Apache HUDI project team would be interested in investigating and implementing (B) to resolve this issue?",,4.0,3,8,0,135697.48855,12,413,1,1,1,1,0
HUDI-7374,Sub-task,HUDI,2024-02-02 22:31:03.891,2024-06-23 23:36:24.429,JIRAUSER301185,Blocker,Fix flaky test: AsyncCompaciton.testConcurrentCompaction," 
{code:java}
[ERROR] Tests run: 10, Failures: 1, Errors: 0, Skipped: 0, Time elapsed: 50.603 s <<< FAILURE! - in org.apache.hudi.table.action.compact.TestAsyncCompaction
[ERROR] testConcurrentCompaction  Time elapsed: 7.767 s  <<< FAILURE!
org.opentest4j.AssertionFailedError: compaction plan should not include pending log files ==> expected: <true> but was: <false>
	at org.junit.jupiter.api.AssertionUtils.fail(AssertionUtils.java:55)
	at org.junit.jupiter.api.AssertTrue.assertTrue(AssertTrue.java:40)
	at org.junit.jupiter.api.Assertions.assertTrue(Assertions.java:193)
	at org.apache.hudi.table.action.compact.TestAsyncCompaction.testConcurrentCompaction(TestAsyncCompaction.java:235)
{code}",,3.0,1,0,0,204545.34230000002,0,0,0,0,0,0,0
HUDI-7902,Improvement,HUDI,2024-06-17 23:16:19.779,2024-08-14 01:17:29.430,guoyihua,Blocker,Partition fields in Table config should store partition field types for custom key generator,"As of today, writing a partitioned table with CustomKeyGenerator requires write config of the partition field types (they are not stored as a table property).  CustomKeyGenerator requires partition keys to be in the format of {{field:type}} (e.g. {{column1:SIMPLE}} ). However, only the field names are stored in {{hoodie.properties}} file.  We need to store the field types too so that without the write config, the writer configure the correct partition field name and type in Spark datasource and SQL DML writes.",,14.0,1,1,1,82201.16085,0,0,0,0,0,0,9
HUDI-7610,Sub-task,HUDI,2024-04-12 16:35:54.793,2024-08-28 21:40:46.710,JIRAUSER295101,Blocker,"Delete records are inconsistent depending on MOR/COW, Avro/Spark record merger, new filegroup reader enabled/disabled","Here is a test that can be run on master:

 
{code:java}
@Test
def showDeleteIsInconsistent(): Unit = {
  val merger = classOf[HoodieSparkRecordMerger].getName
  //val merger = classOf[HoodieAvroRecordMerger].getName
  val useFGReader = ""true""
  //val useFGReader = ""false""
  //val tableType = ""COPY_ON_WRITE""
  val tableType = ""MERGE_ON_READ""


  val columns = Seq(""ts"", ""key"", ""rider"", ""driver"", ""fare"", ""number"")
  val data = Seq((10, ""1"", ""rider-A"", ""driver-A"", 19.10, 7),
    (10, ""2"", ""rider-B"", ""driver-B"", 27.70, 1),
    (10, ""3"", ""rider-C"", ""driver-C"", 33.90, 10),
    (-1, ""4"", ""rider-D"", ""driver-D"", 34.15, 6),
    (10, ""5"", ""rider-E"", ""driver-E"", 17.85, 10))

  val inserts = spark.createDataFrame(data).toDF(columns: _*)
  inserts.write.format(""hudi"").
    option(RECORDKEY_FIELD.key(), ""key"").
    option(PRECOMBINE_FIELD.key(), ""ts"").
    option(TABLE_TYPE.key(), tableType).
    option(""hoodie.table.name"", ""test_table"").
    option(HoodieStorageConfig.LOGFILE_DATA_BLOCK_FORMAT.key(), ""parquet"").
    option(HoodieWriteConfig.RECORD_MERGER_IMPLS.key, merger).
    option(HoodieReaderConfig.FILE_GROUP_READER_ENABLED.key(), ""true"").
    mode(SaveMode.Overwrite).
    save(basePath)

  val updateData = Seq((11, ""1"", ""rider-X"", ""driver-X"", 19.10, 9),
    (9, ""2"", ""rider-Y"", ""driver-Y"", 27.70, 7))

  val updates = spark.createDataFrame(updateData).toDF(columns: _*)

  updates.write.format(""hudi"").
    option(RECORDKEY_FIELD.key(), ""key"").
    option(PRECOMBINE_FIELD.key(), ""ts"").
    option(DataSourceWriteOptions.TABLE_NAME.key(), ""test_table"").
    option(TABLE_TYPE.key(), tableType).
    option(OPERATION.key(), ""upsert"").
    option(HoodieStorageConfig.LOGFILE_DATA_BLOCK_FORMAT.key(), ""parquet"").
    option(HoodieWriteConfig.RECORD_MERGER_IMPLS.key, merger).
    option(HoodieReaderConfig.FILE_GROUP_READER_ENABLED.key(), ""true"").
    mode(SaveMode.Append).
    save(basePath)

  val deletesData = Seq((-5, ""4"", ""rider-D"", ""driver-D"", 34.15, 6))

  val deletes = spark.createDataFrame(deletesData).toDF(columns: _*)
  deletes.write.format(""hudi"").
    option(RECORDKEY_FIELD.key(), ""key"").
    option(PRECOMBINE_FIELD.key(), ""ts"").
    option(DataSourceWriteOptions.TABLE_NAME.key(), ""test_table"").
    option(TABLE_TYPE.key(), tableType).
    option(OPERATION.key(), ""delete"").
    option(HoodieStorageConfig.LOGFILE_DATA_BLOCK_FORMAT.key(), ""parquet"").
    option(HoodieWriteConfig.RECORD_MERGER_IMPLS.key, merger).
    option(HoodieReaderConfig.FILE_GROUP_READER_ENABLED.key(), ""true"").
    mode(SaveMode.Append).
    save(basePath)


  val secondUpdateData = Seq((14, ""5"", ""rider-Z"", ""driver-Z"", 17.85, 3), (-10, ""4"", ""rider-DD"", ""driver-DD"", 34.15, 5))
  val secondUpdates = spark.createDataFrame(secondUpdateData).toDF(columns: _*)
  secondUpdates.write.format(""hudi"").
    option(RECORDKEY_FIELD.key(), ""key"").
    option(PRECOMBINE_FIELD.key(), ""ts"").
    option(DataSourceWriteOptions.TABLE_NAME.key(), ""test_table"").
    option(TABLE_TYPE.key(), tableType).
    option(OPERATION.key(), ""upsert"").
    option(HoodieStorageConfig.LOGFILE_DATA_BLOCK_FORMAT.key(), ""parquet"").
    option(HoodieWriteConfig.RECORD_MERGER_IMPLS.key, merger).
    option(HoodieReaderConfig.FILE_GROUP_READER_ENABLED.key(), ""true"").
    mode(SaveMode.Append).
    save(basePath)

  val df = spark.read.format(""hudi"").
    option(HoodieReaderConfig.FILE_GROUP_READER_ENABLED.key(), useFGReader).
    option(HoodieReaderConfig.MERGE_USE_RECORD_POSITIONS.key(), ""false"").load(basePath)
  val finalDf = df.select(""ts"", ""key"", ""rider"", ""driver"", ""fare"", ""number"")
  finalDf.show(100,false)
}{code}
 

There are 4 different outcomes:

 

 

 

merger: Avro, useFGReader: false, tableType: cow
merger: Avro, useFGReader: true, tableType: cow
merger: Spark, useFGReader: false, tableType: cow
merger: Spark, useFGReader: true, tableType: cow
{code:java}
+---+---+--------+---------+-----+------+
|ts |key|rider   |driver   |fare |number|
+---+---+--------+---------+-----+------+
|11 |1  |rider-X |driver-X |19.1 |9     |
|14 |5  |rider-Z |driver-Z |17.85|3     |
|10 |3  |rider-C |driver-C |33.9 |10    |
|10 |2  |rider-B |driver-B |27.7 |1     |
|-10|4  |rider-DD|driver-DD|34.15|5     |
+---+---+--------+---------+-----+------+{code}
 

 

 
merger: Avro, useFGReader: false, tableType: mor
{code:java}
+---+---+-------+--------+-----+------+
|ts |key|rider  |driver  |fare |number|
+---+---+-------+--------+-----+------+
|11 |1  |rider-X|driver-X|19.1 |9     |
|14 |5  |rider-Z|driver-Z|17.85|3     |
|-1 |4  |rider-D|driver-D|34.15|6     |
|10 |3  |rider-C|driver-C|33.9 |10    |
|10 |2  |rider-B|driver-B|27.7 |1     |
+---+---+-------+--------+-----+------+ {code}
 

 

 

merger: Avro, useFGReader: true, tableType: mor
{code:java}
+---+---+-------+--------+-----+------+
|ts |key|rider  |driver  |fare |number|
+---+---+-------+--------+-----+------+
|11 |1  |rider-X|driver-X|19.1 |9     |
|14 |5  |rider-Z|driver-Z|17.85|3     |
|10 |3  |rider-C|driver-C|33.9 |10    |
|10 |2  |rider-B|driver-B|27.7 |1     |
+---+---+-------+--------+-----+------+ {code}
 

 
merger: Spark, useFGReader: false, tableType: mor
merger: Spark, useFGReader: true, tableType: mor
{code:java}
java.lang.NullPointerException{code}
--------------------------------------------------------------------------------------------
There is actually even more strangeness with this combo:

merger: Avro, useFGReader: false, tableType: mor 

If I change the precombine for the insert of record 4 to -6, we get:
{code:java}
+---+---+-------+--------+-----+------+
|ts |key|rider  |driver  |fare |number|
+---+---+-------+--------+-----+------+
|11 |1  |rider-X|driver-X|19.1 |9     |
|14 |5  |rider-Z|driver-Z|17.85|3     |
|-6 |4  |rider-D|driver-D|34.15|6     |
|10 |3  |rider-C|driver-C|33.9 |10    |
|10 |2  |rider-B|driver-B|27.7 |1     |
+---+---+-------+--------+-----+------+ {code}
However, if I then get rid of the final insert, then the output is 
{code:java}
+---+---+-------+--------+-----+------+
|ts |key|rider  |driver  |fare |number|
+---+---+-------+--------+-----+------+
|11 |1  |rider-X|driver-X|19.1 |9     |
|10 |5  |rider-E|driver-E|17.85|10    |
|10 |3  |rider-C|driver-C|33.9 |10    |
|10 |2  |rider-B|driver-B|27.7 |1     |
+---+---+-------+--------+-----+------+ {code}",,4.0,8,0,0,199024.86528333332,0,0,0,0,0,0,0
HUDI-6910,Task,HUDI,2023-09-29 21:25:55.607,2024-09-17 00:46:00.000,guoyihua,Blocker,Handle schema evolution across base and log files in HoodieFileGroupReader,"Goal: When the schema evolves from base to log files, the new HoodieFileGroupReader should handle the schema evolution within the file group properly.",,4.0,1,1,0,508520.07321666664,0,0,0,0,0,0,7
HUDI-7341,Improvement,HUDI,2024-01-26 03:37:22.848,2024-09-17 00:46:00.000,danny0405,Blocker,Support unmerged log reader for HoodieFileGroupReader,,,2.0,2,0,0,338228.61919999996,0,0,0,0,0,0,3
HUDI-8235,Improvement,HUDI,2024-09-22 20:23:57.728,2024-09-23 17:39:27.404,guoyihua,Critical,Adding support for EPOCHMICROSECONDS in TimestampBasedAvroKeyGenerator,,,,1,0,0,1275.4946000000002,0,0,0,0,0,0,12
HUDI-8218,Improvement,HUDI,2024-09-19 19:38:47.934,2024-09-23 17:47:41.703,guoyihua,Major,Change the properties to be loaded from both default path and environment variable,,,,1,0,0,5648.89615,0,0,0,0,0,0,11
HUDI-8214,New Feature,HUDI,2024-09-18 13:35:09.665,2024-09-23 17:56:05.445,JIRAUSER306519,Major,Support specify partitions with regex for compaction,[https://github.com/apache/hudi/issues/11873],,,1,0,0,7460.929666666667,0,0,0,0,0,0,0
HUDI-8141,New Feature,HUDI,2024-08-30 20:29:19.915,2024-09-29 22:38:48.814,guoyihua,Blocker,Hudi incremental query and source should use completion time as the checkpoint,,,16.0,2,4,0,43329.48165,0,0,0,0,0,0,10
HUDI-7656,Sub-task,HUDI,2024-04-23 20:15:20.574,2024-10-13 23:15:56.819,JIRAUSER301185,Blocker,Fix flaky TestCOWDataSource.testCopyOnWriteConcurrentUpdates,This test is flaky.,,,1,1,0,249300.6040833333,0,0,0,0,0,0,2
HUDI-7665,Task,HUDI,2024-04-25 06:57:56.171,2024-10-29 20:11:00.000,codope,Major,Rolling upgrade to table version 8,"We need to update the table version due to the format changes in 1.0.
| * Migrating table properties including key generators, payloads.
 * Migrating timeline to new layout
 * Full compact the table and clean, to get rid of log files? 
 * Migration path for CDC and incremental queries.|",,,1,4,0,270073.06381666666,7,228,1,1,1,1,5
HUDI-7971,Sub-task,HUDI,2024-07-09 23:54:36.593,2024-10-29 20:11:00.000,shivnarayan,Major,Test and Certify tables versions 6 is readable by a 1.x Hudi reader ,"Lets ensure 1.x reader is fully compatible w/ reading any of 0.14.x to 0.16.x tables 

 

Readers :  1.x
 # Spark SQL
 # Spark Datasource
 # Trino/Presto
 # Hive
 # Flink

Writer: 0.16

Table State:
 * COW
 ** few write commits 
 ** Pending clustering
 ** Completed Clustering
 ** Failed writes with no rollbacks
 ** Insert overwrite table/partition
 ** Savepoint for Time-travel query

 * MOR
 ** Same as COW
 ** Pending and completed async compaction (with log-files and no base file)
 ** Custom Payloads (for MOR snapshot queries) (e:g SQL Expression Payload)
 ** Log block formats - DELETE, rollback block

Other knobs:
 # Metadata enabled/disabled (all combinations)
 # Column Stats enabled/disabled and data-skipping enabled/disabled
 # RLI enabled with eq/IN queries

 # Non-Partitioned dataset (all combinations)
 # CDC Reads 
 # Incremental Reads
 # Time-travel query

 

What to test ?
 # Query Results Correctness
 # Performance : See the benefit of 
 # Partition Pruning
 # Metadata  table - col stats, RLI,

 

Corner Case Testing:

 
 # Schema Evolution with different file-groups having different generation of schema
 # Dynamic Partition Pruning
 # Does Column Projection work correctly for log files reading ",,12.0,1,5,1,161056.39011666665,0,0,0,0,0,0,12
HUDI-8557,Improvement,HUDI,2024-11-20 00:49:14.091,2024-11-20 00:50:11.209,shivnarayan,Blocker,Enable metadata by default on the readers ,"even though metadata is enabled by default on the writer, we still have not enabled it by default on the reader side

[https://github.com/apache/hudi/blob/fa5878d9c46f5c824ae56a9ad56ef90b0bc37a19/hudi-common/src/main/java/org/apache/hudi/BaseHoodieTableFileIndex.java#L150] 

 

Lets enable it by default ",,,1,0,0,0.9519666666666667,0,0,0,0,0,0,15
HUDI-7375,Sub-task,HUDI,2024-02-02 22:57:06.276,2024-12-04 00:00:00.000,JIRAUSER301185,Blocker,Fix flaky test: testLogReaderWithDifferentVersionsOfDeleteBlocks,"{code:java}
Error:  testLogReaderWithDifferentVersionsOfDeleteBlocks{DiskMapType, boolean, boolean, boolean}[13]  Time elapsed: 0.043 s  <<< ERROR!
3421org.apache.hadoop.ipc.RemoteException(java.io.IOException): File /user/root/[13] BITCASK, false, true, false1706913234251/partition_path/.test-fileid1_100.log.1_1-0-1 could only be written to 0 of the 1 minReplication nodes. There are 3 datanode(s) running and 3 node(s) are excluded in this operation.
3422	at org.apache.hadoop.hdfs.server.blockmanagement.BlockManager.chooseTarget4NewBlock(BlockManager.java:2338)
3423	at org.apache.hadoop.hdfs.server.namenode.FSDirWriteFileOp.chooseTargetForNewBlock(FSDirWriteFileOp.java:294)
3424	at org.apache.hadoop.hdfs.server.namenode.FSNamesystem.getAdditionalBlock(FSNamesystem.java:2989)
3425	at org.apache.hadoop.hdfs.server.namenode.NameNodeRpcServer.addBlock(NameNodeRpcServer.java:911)
3426	at org.apache.hadoop.hdfs.protocolPB.ClientNamenodeProtocolServerSideTranslatorPB.addBlock(ClientNamenodeProtocolServerSideTranslatorPB.java:595)
3427	at org.apache.hadoop.hdfs.protocol.proto.ClientNamenodeProtocolProtos$ClientNamenodeProtocol$2.callBlockingMethod(ClientNamenodeProtocolProtos.java)
3428	at org.apache.hadoop.ipc.ProtobufRpcEngine2$Server$ProtoBufRpcInvoker.call(ProtobufRpcEngine2.java:621)
3429	at org.apache.hadoop.ipc.ProtobufRpcEngine2$Server$ProtoBufRpcInvoker.call(ProtobufRpcEngine2.java:589)
3430	at org.apache.hadoop.ipc.ProtobufRpcEngine2$Server$ProtoBufRpcInvoker.call(ProtobufRpcEngine2.java:573)
3431	at org.apache.hadoop.ipc.RPC$Server.call(RPC.java:1213)
3432	at org.apache.hadoop.ipc.Server$RpcCall.run(Server.java:1089)
3433	at org.apache.hadoop.ipc.Server$RpcCall.run(Server.java:1012)
3434	at java.security.AccessController.doPrivileged(Native Method)
3435	at javax.security.auth.Subject.doAs(Subject.java:422)
3436	at org.apache.hadoop.security.UserGroupInformation.doAs(UserGroupInformation.java:1899)
3437	at org.apache.hadoop.ipc.Server$Handler.run(Server.java:3026)
3438
3439	at org.apache.hadoop.ipc.Client.getRpcResponse(Client.java:1612)
3440	at org.apache.hadoop.ipc.Client.call(Client.java:1558)
3441	at org.apache.hadoop.ipc.Client.call(Client.java:1455)
3442	at org.apache.hadoop.ipc.ProtobufRpcEngine2$Invoker.invoke(ProtobufRpcEngine2.java:242)
3443	at org.apache.hadoop.ipc.ProtobufRpcEngine2$Invoker.invoke(ProtobufRpcEngine2.java:129)
3444	at jdk.proxy2/jdk.proxy2.$Proxy43.addBlock(Unknown Source)
3445	at org.apache.hadoop.hdfs.protocolPB.ClientNamenodeProtocolTranslatorPB.addBlock(ClientNamenodeProtocolTranslatorPB.java:530)
3446	at jdk.internal.reflect.GeneratedMethodAccessor9.invoke(Unknown Source)
3447	at java.base/jdk.internal.reflect.DelegatingMethodAccessorImpl.invoke(DelegatingMethodAccessorImpl.java:43)
3448	at java.base/java.lang.reflect.Method.invoke(Method.java:568)
3449	at org.apache.hadoop.io.retry.RetryInvocationHandler.invokeMethod(RetryInvocationHandler.java:422)
3450	at org.apache.hadoop.io.retry.RetryInvocationHandler$Call.invokeMethod(RetryInvocationHandler.java:165)
3451	at org.apache.hadoop.io.retry.RetryInvocationHandler$Call.invoke(RetryInvocationHandler.java:157)
3452	at org.apache.hadoop.io.retry.RetryInvocationHandler$Call.invokeOnce(RetryInvocationHandler.java:95)
3453	at org.apache.hadoop.io.retry.RetryInvocationHandler.invoke(RetryInvocationHandler.java:359)
3454	at jdk.proxy2/jdk.proxy2.$Proxy44.addBlock(Unknown Source)
3455	at org.apache.hadoop.hdfs.DFSOutputStream.addBlock(DFSOutputStream.java:1088)
3456	at org.apache.hadoop.hdfs.DataStreamer.locateFollowingBlock(DataStreamer.java:1915)
3457	at org.apache.hadoop.hdfs.DataStreamer.nextBlockOutputStream(DataStreamer.java:1717)
3458	at org.apache.hadoop.hdfs.DataStreamer.run(DataStreamer.java:713)
3459 {code}",,,1,0,0,439262.8954,0,0,0,0,0,0,1
HUDI-8542,Sub-task,HUDI,2024-11-18 19:30:23.708,2024-12-04 00:00:00.000,shivnarayan,Blocker,Fix RLI to do on-demand lookup of data files to generate RLI records for MDT,"Lets remove the reliance on RDD<WriteStatus> to generate RLI MDT records. 

we can do on-demand data file lookup to generate MDT RLI records. 

 ",,8.0,1,0,0,21869.604866666665,0,0,0,0,0,0,13
HUDI-8543,Sub-task,HUDI,2024-11-18 19:32:19.764,2024-12-04 00:00:00.000,shivnarayan,Blocker,Fix SI record generation to do on-demand lookup instead of relying on RDD<WriteStatus>,"Secondary Index also relies on RLI which in turn relies on RDD<WriteStatus> 

We wanted to remove the dependency on RDD<WriteStatus> and generate SI records on the fly to ensure consistent behavior. 

 ",,8.0,1,0,0,21867.6706,0,0,0,0,0,0,14
HUDI-8546,Sub-task,HUDI,2024-11-18 20:30:28.660,2024-12-04 00:00:00.000,vc,Blocker,Fix bloom_filters index failing with and without functions configured,,,,2,0,0,21809.522333333334,0,0,0,0,0,0,4
HUDI-8564,Sub-task,HUDI,2024-11-22 02:49:18.176,2024-12-04 00:00:00.000,shivnarayan,Blocker,Update Metadata table API to remove WriteStatus reference ,"Also, remove HoodieRecordDelegate ",,4.0,1,0,0,17110.697066666668,0,0,0,0,0,0,16
HUDI-8578,Improvement,HUDI,2024-11-26 00:19:00.339,2024-12-04 00:00:00.000,vc,Blocker,Standardize SI/FI terminology and syntax ,"We have to ensure users intuitively understand what we are shipping. Let's align with existing terminology of a popular database than inventing our own ""names"". 
Postgres uses ""Expression indexes"" . and we can change our terminology to be the same. 

* References to ""Functional Index"" in docs/code/RFC changes to ""Expression Index""
* ""func"" becomes ""expr"" (no need to change syntax with an ""expression"" clause like pg yet. 
* Change anything in storage like prefix ""func_index_"" or the hoodiemetadata.avsc fields or the index defs files. (need to be really really thorough)



Here's how we need the experience to be. 

{code:java}
CREATE INDEX name ON table (primaryKeyColumn); -- should create RLI effectively, alternatively `WHERE primaryKeyColumn = | IN ` has to work with RLI is enabled via Streamer/Datasource config. Need to test/confirm this.  
CREATE INDEX name ON table (someOtherColumn); -- should create secondary_index backed by RLI, remove secondary_index as an option in using clause, if no index type is specified SI is the default. 
CREATE INDEX name ON table USING BLOOM_FILTERS(column) options(expr='lower'); -- build a bloom filter from lower case version of column
CREATE INDEX name ON table USING COL_STATS(column) options(expr='from_unixtime', format='yyyy-MM-dd'); -- build date based indexing of ts column
CREATE INDEX name ON table USING COL_STATS(column);  -- should just add to the column stats? (or) should we disallow this for now?
{code}

",,2.0,1,0,0,11500.994349999999,0,0,0,0,0,0,5
HUDI-8620,Sub-task,HUDI,2024-12-01 09:56:26.516,2024-12-04 00:00:00.000,JIRAUSER301185,Blocker,ColumnStats decimal record type not supported,"{code:java}
Driver stacktrace:
  at org.apache.spark.scheduler.DAGScheduler.failJobAndIndependentStages(DAGScheduler.scala:2856)
  at org.apache.spark.scheduler.DAGScheduler.$anonfun$abortStage$2(DAGScheduler.scala:2792)
  at org.apache.spark.scheduler.DAGScheduler.$anonfun$abortStage$2$adapted(DAGScheduler.scala:2791)
  at scala.collection.mutable.ResizableArray.foreach(ResizableArray.scala:62)
  at scala.collection.mutable.ResizableArray.foreach$(ResizableArray.scala:55)
  at scala.collection.mutable.ArrayBuffer.foreach(ArrayBuffer.scala:49)
  at org.apache.spark.scheduler.DAGScheduler.abortStage(DAGScheduler.scala:2791)
  at org.apache.spark.scheduler.DAGScheduler.$anonfun$handleTaskSetFailed$1(DAGScheduler.scala:1247)
  at org.apache.spark.scheduler.DAGScheduler.$anonfun$handleTaskSetFailed$1$adapted(DAGScheduler.scala:1247)
  at scala.Option.foreach(Option.scala:407)
  at org.apache.spark.scheduler.DAGScheduler.handleTaskSetFailed(DAGScheduler.scala:1247)
  at org.apache.spark.scheduler.DAGSchedulerEventProcessLoop.doOnReceive(DAGScheduler.scala:3060)
  at org.apache.spark.scheduler.DAGSchedulerEventProcessLoop.onReceive(DAGScheduler.scala:2994)
  at org.apache.spark.scheduler.DAGSchedulerEventProcessLoop.onReceive(DAGScheduler.scala:2983)
  at org.apache.spark.util.EventLoop$$anon$1.run(EventLoop.scala:49)
  at org.apache.spark.scheduler.DAGScheduler.runJob(DAGScheduler.scala:989)
  at org.apache.spark.SparkContext.runJob(SparkContext.scala:2393)
  at org.apache.spark.SparkContext.runJob(SparkContext.scala:2414)
  at org.apache.spark.SparkContext.runJob(SparkContext.scala:2433)
  at org.apache.spark.SparkContext.runJob(SparkContext.scala:2458)
  at org.apache.spark.rdd.RDD.$anonfun$collect$1(RDD.scala:1049)
  at org.apache.spark.rdd.RDDOperationScope$.withScope(RDDOperationScope.scala:151)
  at org.apache.spark.rdd.RDDOperationScope$.withScope(RDDOperationScope.scala:112)
  at org.apache.spark.rdd.RDD.withScope(RDD.scala:410)
  at org.apache.spark.rdd.RDD.collect(RDD.scala:1048)
  at org.apache.spark.rdd.PairRDDFunctions.$anonfun$countByKey$1(PairRDDFunctions.scala:367)
  at org.apache.spark.rdd.RDDOperationScope$.withScope(RDDOperationScope.scala:151)
  at org.apache.spark.rdd.RDDOperationScope$.withScope(RDDOperationScope.scala:112)
  at org.apache.spark.rdd.RDD.withScope(RDD.scala:410)
  at org.apache.spark.rdd.PairRDDFunctions.countByKey(PairRDDFunctions.scala:367)
  at org.apache.spark.api.java.JavaPairRDD.countByKey(JavaPairRDD.scala:314)
  at org.apache.hudi.data.HoodieJavaPairRDD.countByKey(HoodieJavaPairRDD.java:108)
  at org.apache.hudi.table.action.commit.BaseSparkCommitActionExecutor.buildProfile(BaseSparkCommitActionExecutor.java:193)
  at org.apache.hudi.table.action.commit.BaseSparkCommitActionExecutor.execute(BaseSparkCommitActionExecutor.java:164)
  at org.apache.hudi.table.action.deltacommit.SparkUpsertPreppedDeltaCommitActionExecutor.execute(SparkUpsertPreppedDeltaCommitActionExecutor.java:44)
  at org.apache.hudi.table.HoodieSparkMergeOnReadTable.upsertPrepped(HoodieSparkMergeOnReadTable.java:126)
  at org.apache.hudi.table.HoodieSparkMergeOnReadTable.upsertPrepped(HoodieSparkMergeOnReadTable.java:88)
  at org.apache.hudi.client.SparkRDDWriteClient.upsertPreppedRecords(SparkRDDWriteClient.java:145)
  at org.apache.hudi.client.SparkRDDWriteClient.upsertPreppedRecords(SparkRDDWriteClient.java:63)
  at org.apache.hudi.metadata.HoodieBackedTableMetadataWriter.commitInternal(HoodieBackedTableMetadataWriter.java:1413)
  at org.apache.hudi.metadata.SparkHoodieBackedTableMetadataWriter.commit(SparkHoodieBackedTableMetadataWriter.java:144)
  at org.apache.hudi.metadata.HoodieBackedTableMetadataWriter.processAndCommit(HoodieBackedTableMetadataWriter.java:999)
  at org.apache.hudi.metadata.HoodieBackedTableMetadataWriter.update(HoodieBackedTableMetadataWriter.java:1055)
  at org.apache.hudi.client.BaseHoodieClient.writeTableMetadata(BaseHoodieClient.java:277)
  ... 114 more
Caused by: java.lang.UnsupportedOperationException: Unsupported type of the value (class org.apache.spark.sql.types.Decimal)
  at org.apache.hudi.avro.HoodieAvroUtils.wrapValueIntoAvro(HoodieAvroUtils.java:1446)
  at org.apache.hudi.metadata.HoodieMetadataPayload.createColumnStatsRecord(HoodieMetadataPayload.java:521)
  at org.apache.hudi.metadata.HoodieMetadataPayload.lambda$createColumnStatsRecords$5(HoodieMetadataPayload.java:496)
  at java.util.stream.ReferencePipeline$3$1.accept(ReferencePipeline.java:193)
  at java.util.HashMap$ValueSpliterator.tryAdvance(HashMap.java:1673)
  at java.util.stream.StreamSpliterators$WrappingSpliterator.lambda$initPartialTraversalState$0(StreamSpliterators.java:295)
  at java.util.stream.StreamSpliterators$AbstractWrappingSpliterator.fillBuffer(StreamSpliterators.java:207)
  at java.util.stream.StreamSpliterators$AbstractWrappingSpliterator.doAdvance(StreamSpliterators.java:162)
  at java.util.stream.StreamSpliterators$WrappingSpliterator.tryAdvance(StreamSpliterators.java:301)
  at java.util.Spliterators$1Adapter.hasNext(Spliterators.java:681)
  at scala.collection.convert.Wrappers$JIteratorWrapper.hasNext(Wrappers.scala:45)
  at scala.collection.Iterator$$anon$11.hasNext(Iterator.scala:490)
  at scala.collection.Iterator$$anon$10.hasNext(Iterator.scala:460)
  at org.apache.spark.storage.memory.MemoryStore.putIterator(MemoryStore.scala:223)
  at org.apache.spark.storage.memory.MemoryStore.putIteratorAsBytes(MemoryStore.scala:352)
  at org.apache.spark.storage.BlockManager.$anonfun$doPutIterator$1(BlockManager.scala:1614)
  at org.apache.spark.storage.BlockManager.org$apache$spark$storage$BlockManager$$doPut(BlockManager.scala:1524)
  at org.apache.spark.storage.BlockManager.doPutIterator(BlockManager.scala:1588)
  at org.apache.spark.storage.BlockManager.getOrElseUpdate(BlockManager.scala:1389)
  at org.apache.spark.storage.BlockManager.getOrElseUpdateRDDBlock(BlockManager.scala:1343)
  at org.apache.spark.rdd.RDD.getOrCompute(RDD.scala:379)
  at org.apache.spark.rdd.RDD.iterator(RDD.scala:329)
  at org.apache.spark.rdd.MapPartitionsRDD.compute(MapPartitionsRDD.scala:52)
  at org.apache.spark.rdd.RDD.computeOrReadCheckpoint(RDD.scala:367)
  at org.apache.spark.rdd.RDD.iterator(RDD.scala:331)
  at org.apache.spark.rdd.MapPartitionsRDD.compute(MapPartitionsRDD.scala:52)
  at org.apache.spark.rdd.RDD.computeOrReadCheckpoint(RDD.scala:367)
  at org.apache.spark.rdd.RDD.iterator(RDD.scala:331)
  at org.apache.spark.shuffle.ShuffleWriteProcessor.write(ShuffleWriteProcessor.scala:59)
  at org.apache.spark.scheduler.ShuffleMapTask.runTask(ShuffleMapTask.scala:104)
  at org.apache.spark.scheduler.ShuffleMapTask.runTask(ShuffleMapTask.scala:54)
  at org.apache.spark.TaskContext.runTaskWithListeners(TaskContext.scala:166)
  at org.apache.spark.scheduler.Task.run(Task.scala:141)
  at org.apache.spark.executor.Executor$TaskRunner.$anonfun$run$4(Executor.scala:620)
  at org.apache.spark.util.SparkErrorUtils.tryWithSafeFinally(SparkErrorUtils.scala:64)
  at org.apache.spark.util.SparkErrorUtils.tryWithSafeFinally$(SparkErrorUtils.scala:61)
  at org.apache.spark.util.Utils$.tryWithSafeFinally(Utils.scala:94)
  at org.apache.spark.executor.Executor$TaskRunner.run(Executor.scala:623)
  at java.util.concurrent.ThreadPoolExecutor.runWorker(ThreadPoolExecutor.java:1149)
  at java.util.concurrent.ThreadPoolExecutor$Worker.run(ThreadPoolExecutor.java:624)
  at java.lang.Thread.run(Thread.java:750)
 {code}
{code:java}
The write statement:
mdfs.write.format(""hudi"").
  option(""hoodie.table.name"", ""store_sales"").
  option(""hoodie.database.name"", ""tpcds_hudi_1gb"").
  option(""hoodie.datasource.write.table.type"", ""MERGE_ON_READ"").
  option(""hoodie.datasource.write.recordkey.field"", ""ss_ticket_number"").
  option(""hoodie.datasource.write.partitionpath.field"", ""ss_sold_date_sk"").
  option(""hoodie.datasource.write.precombine.field"", ""ss_sold_date_sk"").
  option(""hoodie.datasource.read.use.new.parquet.file.format"", ""true"").
  option(""hoodie.file.group.reader.enabled"", ""true"").
  option(""hoodie.write.record.positions"", ""true"").
  option(""hoodie.metadata.enable"", ""true"").
  option(""hoodie.enable.data.skipping"", ""true"").
  option(""hoodie.metadata.index.column.stats.enable"", ""true"").
  option(""hoodie.table.services.enabled"", ""true"").
  option(""hoodie.compact.inline"", ""true"").
  option(""hoodie.compact.inline.max.delta.commits"", ""2"").
  option(""hoodie.parquet.small.file.limit"", ""0"").
  option(""hoodie.clustering.inline"", ""false"").
  option(""hoodie.payload.ordering.field"", ""ss_sold_date_sk"").
  option(""hoodie.write.record.merge.custom.implementation.classes"", ""org.apache.hudi.DefaultSparkRecordMerger"").
  option(""hoodie.logfile.data.block.format"", ""parquet"").
  option(""hoodie.spark.sql.merge.into.partial.updates"", ""true"").
  mode(""Append"").
  save(basePath)
{code}",,,1,0,0,3723.5580666666665,0,0,0,0,0,0,3
HUDI-8628,Sub-task,HUDI,2024-12-02 12:02:17.422,2024-12-04 00:00:00.000,shivnarayan,Blocker,Merge Into is pulling in additional fields which are not set as per the condition ,"spark.sql(s""set ${HoodieWriteConfig.MERGE_SMALL_FILE_GROUP_CANDIDATES_LIMIT.key} = 0"")
spark.sql(s""set ${DataSourceWriteOptions.ENABLE_MERGE_INTO_PARTIAL_UPDATES.key} = true"")
spark.sql(s""set ${HoodieStorageConfig.LOGFILE_DATA_BLOCK_FORMAT.key} = $logDataBlockFormat"")
spark.sql(s""set ${HoodieReaderConfig.FILE_GROUP_READER_ENABLED.key} = false"")

spark.sql(
s""""""
|create table $tableName (|
|id int,|
|name string,|
|price long,|
|_ts long,|
|description string|
|) using hudi|
|tblproperties(|
|type ='$tableType',|
|primaryKey = 'id',|
|preCombineField = '_ts'|
|)|
|location '$basePath'
"""""".stripMargin)
spark.sql(s""insert into $tableName values (1, 'a1', 10, 1000, 'a1: desc1'),"" +
""(2, 'a2', 20, 1200, 'a2: desc2'), (3, 'a3', 30.0, 1250, 'a3: desc3')"")|

 

 

Merge Into:

// Partial updates using MERGE INTO statement with changed fields: ""price"" and ""_ts""
spark.sql(
s""""""
|merge into $tableName t0|
|using ( select 1 as id, 'a1' as name, 12 as price, 1001 as _ts|
|union select 3 as id, 'a3' as name, 25 as price, 1260 as _ts) s0|
|on t0.id = s0.id|
|when matched then update set price = s0.price, _ts = s0._ts|
|"""""".stripMargin)|

 

The schema for this merge into command when we reach HoodieSparkSqlWriter.deduceWriterSchema is given below. 

i.e. 

val writerSchema = HoodieSchemaUtils.deduceWriterSchema(sourceSchema, latestTableSchemaOpt, internalSchemaOpt, parameters)

 

!image-2024-12-02-03-58-48-178.png!

 

the merge into command only instructs to update price and _ts right? So, why other fields are also picked up from source(for eg name). 

You can check out the test in TestPartialUpdateForMergeInto.Test partial update with MOR and Avro log format

 

Note: This is partial update support w/ MergeInto btw, not a regular MergeInto.

 

 ",,,2,0,0,2157.7096333333334,2,9,1,0,0,0,17
HUDI-8648,Sub-task,HUDI,2024-12-04 03:01:01.198,2024-12-09 20:01:41.858,JIRAUSER301185,Blocker,"Flaky test: TestSecondaryIndex. ""Secondary Index With Updates Compaction Clustering Deletes""","The error stack:

 
{code:java}
- Test Secondary Index With Updates Compaction Clustering Deletes *** FAILED ***
  org.opentest4j.AssertionFailedError: expected: <true> but was: <false>
  at org.junit.jupiter.api.AssertionUtils.fail(AssertionUtils.java:55)
  at org.junit.jupiter.api.AssertTrue.assertTrue(AssertTrue.java:40)
  at org.junit.jupiter.api.AssertTrue.assertTrue(AssertTrue.java:35)
  at org.junit.jupiter.api.Assertions.assertTrue(Assertions.java:179)
  at org.apache.spark.sql.hudi.command.index.TestSecondaryIndex.$anonfun$validateSecondaryIndex$1(TestSecondaryIndex.scala:547)
  at org.apache.spark.sql.hudi.command.index.TestSecondaryIndex.$anonfun$validateSecondaryIndex$1$adapted(TestSecondaryIndex.scala:540)
  at scala.collection.IndexedSeqOptimized.foreach(IndexedSeqOptimized.scala:36)
  at scala.collection.IndexedSeqOptimized.foreach$(IndexedSeqOptimized.scala:33)
  at scala.collection.mutable.ArrayOps$ofRef.foreach(ArrayOps.scala:198)
  at org.apache.spark.sql.hudi.command.index.TestSecondaryIndex.validateSecondaryIndex(TestSecondaryIndex.scala:540) {code}",,,3,0,0,8220.677666666666,0,0,0,0,0,0,4
HUDI-8743,Sub-task,HUDI,2024-12-12 23:47:48.313,2025-01-01 00:00:00.000,JIRAUSER280684,Blocker,Bloom filter w/ expression index support,,,,2,0,0,27372.194783333332,0,0,0,0,0,0,2
HUDI-8758,Sub-task,HUDI,2024-12-13 01:19:56.203,2025-01-01 00:00:00.000,JIRAUSER280684,Blocker,hoodie.datasource.insert.dup.policy interplay with file group reader,Check hoodie.datasource.insert.dup.policy set to different values and make sure fg reader can read tables generated by writes in both cases.,,,1,0,0,27280.063283333333,0,0,0,0,0,0,3
HUDI-8766,Sub-task,HUDI,2024-12-13 04:04:38.308,2025-01-01 00:00:00.000,shivnarayan,Blocker,Enable col stats by default on the writer,Lets enable col stats by default on the writer,,,2,0,0,27115.361533333333,0,0,0,0,0,0,18
HUDI-8777,Sub-task,HUDI,2024-12-17 04:29:41.761,2025-01-01 00:00:00.000,shivnarayan,Major,Add more data type support w/ col stats ,We wanted to do more comprehensive data types support w/ col stats.,,,1,0,0,21330.303983333335,0,0,0,0,0,0,19
HUDI-8784,Sub-task,HUDI,2024-12-19 04:32:29.863,2025-01-01 00:00:00.000,JIRAUSER301185,Blocker,Test auto key gen for SQL,,,,1,0,0,18447.502283333335,0,0,0,0,0,0,5
HUDI-8817,Sub-task,HUDI,2025-01-03 21:12:34.635,2025-01-16 01:41:00.000,JIRAUSER290349,Blocker,Hudi 1.0.0 cannot create older version table,"When using Hudi 1.0 + backward writer, it still creates version 8 table which cannot be read by an older version Hudi reader.

Reproduction steps:
1. Create the table with SQL, specifying the table version to be 6 (I've tested the same with DF and Hudi 1.0 also cannot create version 6 table)

{code:java}
CREATE TABLE hudi_14_table_sql_005 (
    event_id INT,
    event_date STRING,
    event_name STRING,
    event_ts STRING,
    event_type STRING
) USING hudi
 OPTIONS(
    type = 'cow', -- or 'mor'
    primaryKey = 'event_id,event_date',
    preCombileField = 'event_ts',
    hoodie.write.table.version = 6
)
PARTITIONED BY (event_type)
LOCATION 's3://<some_bucket>/hudi_14_table_sql_005';
{code}
2. Check `hoodie.properties` under the table's S3 location, and you should see `hoodie.table.version=8`
",,,5,0,0,17548.42275,0,0,0,0,0,0,0
HUDI-8823,Sub-task,HUDI,2025-01-05 23:22:17.950,2025-01-16 01:41:00.000,JIRAUSER305408,Blocker,Ban update query from changing partition column value,"To simplify the user experience on UPDATE statement and avoid confusion, let's make sure that the partition path column value cannot be updated through SET statement, and throw an error to the user in this case.

Before doing this, let's test the current behavior of changing partition path in UPDATE statement with both non-global and global indexes.

 

MOR, COW, partitioned, global/local index behavior.

 

Query analysis phase do the check.

1 PT. 2 days.",,,1,3,0,14538.700833333334,0,0,0,0,0,0,0
HUDI-8824,Sub-task,HUDI,2025-01-05 23:25:04.081,2025-01-16 01:41:00.000,JIRAUSER305408,Blocker,Merge into if no precombine key/primary key involved in update/insert should error out,"If precombine key is required, i.e., for EVENT_TIME_ORDERING, we should throw an error to the user in MERGE INTO statement in Spark SQL, especially for partial updates.

 

```

merge into a and b

on a.c1=b.c1

when (not) matched

update/delete/insert clause ...

```

 

 

```

a.precombineKey+1=b.precombineKey <== not support

a.precombineKey=b.precombineKey+1 <=== we should cover

a.precombineKey=b.precombineKey <=== not found this pattern in update/insert, then error out.

```

 

1 day code complete. 0.2 for review.",,,3,3,0,14535.931983333334,0,0,0,0,0,0,1
HUDI-8828,Sub-task,HUDI,2025-01-06 01:50:43.067,2025-01-16 01:41:00.000,JIRAUSER305408,Blocker,merge into partial update on all kinds of table should work [Ethan to check the latest comment on new issues],"MOR, COW, partitioned, non partitioned, with without precombine key. Global/local index.

0.5 days for testing + unknowns if issues spotted.",,,2,4,0,14390.282216666666,0,0,0,0,0,0,3
HUDI-8832,Sub-task,HUDI,2025-01-06 18:38:31.158,2025-01-16 01:41:00.000,JIRAUSER305408,Blocker,Manual testing all DML meets requirement,"0.5 days

 ",,,2,0,0,13382.480699999998,0,0,0,0,0,0,4
HUDI-8906,Sub-task,HUDI,2025-01-24 08:29:11.201,2025-01-31 04:30:00.000,JIRAUSER280684,Critical,Investigate significant time increase in Spark tests,"We see that the test time of ""UT spark datasource DML & others"" has significantly increased from HUDI-8865 git commit (1h 5min) to HUDI-8855 git commit (1h 50min).  We need to understand why.

!Screenshot 2025-01-24 at 00.25.59.png|width=866,height=355!

!Screenshot 2025-01-24 at 00.26.10.png|width=765,height=395!

!Screenshot 2025-01-24 at 00.26.30.png|width=758,height=162!",,,3,0,0,9840.813316666667,0,0,0,0,0,0,5
HUDI-8938,Sub-task,HUDI,2025-01-30 03:55:13.467,2025-01-31 04:30:00.000,JIRAUSER280684,Blocker,INSERT INTO generates unexpected result on table version 6,"After fixing HUDI-8850 on existing tests, [https://github.com/apache/hudi/pull/12725] introduces more test cases on COMMIT_TIME_ORDERING, and one of them failed because after INSERT INTO the query result is wrong

Test dimensions:
TestMergeModeCommitTimeOrdering

""mor,6,true,true""

TestMergeModeEventTimeOrdering

""mor,6,true"", ""mor,6,false""

 
Error:
{code:java}
Expected Array([1,A,10.0,100], [1,A_equal,60.0,100], [2,B,20.0,100], [2,B_equal,70.0,100]), but got Array([1,A_equal,60.0,100], [2,B_equal,70.0,100])
ScalaTestFailureLocation: org.apache.spark.sql.hudi.common.HoodieSparkSqlTestBase at (HoodieSparkSqlTestBase.scala:130)
org.scalatest.exceptions.TestFailedException: Expected Array([1,A,10.0,100], [1,A_equal,60.0,100], [2,B,20.0,100], [2,B_equal,70.0,100]), but got Array([1,A_equal,60.0,100], [2,B_equal,70.0,100])
    at org.scalatest.Assertions.newAssertionFailedException(Assertions.scala:472)
    at org.scalatest.Assertions.newAssertionFailedException$(Assertions.scala:471)
    at org.scalatest.funsuite.AnyFunSuite.newAssertionFailedException(AnyFunSuite.scala:1562)
    at org.scalatest.Assertions.assertResult(Assertions.scala:867)
    at org.scalatest.Assertions.assertResult$(Assertions.scala:863)
    at org.scalatest.funsuite.AnyFunSuite.assertResult(AnyFunSuite.scala:1562)
    at org.apache.spark.sql.hudi.common.HoodieSparkSqlTestBase.checkAnswer(HoodieSparkSqlTestBase.scala:130)
    at org.apache.spark.sql.hudi.dml.TestMergeModeCommitTimeOrdering.$anonfun$new$5(TestMergeModeCommitTimeOrdering.scala:144)
    at org.apache.spark.sql.hudi.dml.TestMergeModeCommitTimeOrdering.$anonfun$new$5$adapted(TestMergeModeCommitTimeOrdering.scala:93) {code}",,,3,0,0,1474.7755499999998,0,0,0,0,0,0,7
HUDI-8939,Sub-task,HUDI,2025-01-30 04:40:09.732,2025-01-31 04:30:00.000,shivnarayan,Blocker,Fix upgrade flows w/ lock provider,We are hitting dead locks wrt lock acquisition w/ upgrade and w/ lock provider set. ,,,1,0,0,1429.8378,0,0,0,0,0,0,20
HUDI-8942,Sub-task,HUDI,2025-01-30 17:52:15.211,2025-01-31 04:30:00.000,codope,Blocker,Upgrade fails from 0.15 when OverwriteWithLatestPayload and DEFAULT_MERGER_STRATEGY_UUID set in table config,"# Create a table with 0.15.0 with following configs (precombine needs to be set): 

Map(

hoodie.clustering.inline.max.commits -> 6, hoodie.write.auto.upgrade -> true, hoodie.datasource.write.precombine.field  -> ts, hoodie.metadata.enable -> false, hoodie.datasource.write.operation -> upsert, hoodie.parquet.compression.codec -> snappy, hoodie.datasource.write.recordkey.field -> uuid, hoodie.table.name -> table_comp_test_0_15_0_1_1_0-SNAPSHOT_1738255863, hoodie.datasource.write.table.type -> MERGE_ON_READ, hoodie.datasource.write.hive_style_partitioning -> true, hoodie.clustering.inline -> false, hoodie.compact.inline -> true, hoodie.keep.max.commits -> 15, hoodie.cleaner.commits.retained -> 8, hoodie.write.lock.provider -> org.apache.hudi.client.transaction.lock.InProcessLockProvider, hoodie.keep.min.commits -> 10, hoodie.datasource.write.partitionpath.field -> partitionpath, hoodie.compact.inline.max.delta.commits -> 1)

2. Load some data

3. Now load another batch with master build (1.1.0-SNAPSHOT). It fails with below exception:
{code:java}
java.lang.IllegalArgumentException: Configured payload class (org.apache.hudi.common.model.OverwriteWithLatestAvroPayload) and record merge strategy ID (eeb8d96f-b1e4-49fd-bbf8-28ac514178e5) conflict with each other. Please only set one of them in the write config.
  at org.apache.hudi.common.util.ValidationUtils.checkArgument(ValidationUtils.java:42)
  at org.apache.hudi.common.table.HoodieTableConfig.inferCorrectMergingBehavior(HoodieTableConfig.java:785)
  at org.apache.hudi.HoodieSparkSqlWriterInternal.mergeParamsAndGetHoodieConfig(HoodieSparkSqlWriter.scala:1136)
  at org.apache.hudi.HoodieSparkSqlWriterInternal.writeInternal(HoodieSparkSqlWriter.scala:253)
  at org.apache.hudi.HoodieSparkSqlWriterInternal.$anonfun$write$1(HoodieSparkSqlWriter.scala:193)
  at org.apache.spark.sql.execution.SQLExecution$.$anonfun$withNewExecutionId$6(SQLExecution.scala:109)
  at org.apache.spark.sql.execution.SQLExecution$.withSQLConfPropagated(SQLExecution.scala:169)
  at org.apache.spark.sql.execution.SQLExecution$.$anonfun$withNewExecutionId$1(SQLExecution.scala:95)
  at org.apache.spark.sql.SparkSession.withActive(SparkSession.scala:779)
  at org.apache.spark.sql.execution.SQLExecution$.withNewExecutionId(SQLExecution.scala:64)
  at org.apache.spark.sql.adapter.BaseSpark3Adapter.sqlExecutionWithNewExecutionId(BaseSpark3Adapter.scala:105)
  at org.apache.hudi.HoodieSparkSqlWriterInternal.write(HoodieSparkSqlWriter.scala:215)
  at org.apache.hudi.HoodieSparkSqlWriter$.write(HoodieSparkSqlWriter.scala:130)
  at org.apache.hudi.DefaultSource.createRelation(DefaultSource.scala:170)
  at org.apache.spark.sql.execution.datasources.SaveIntoDataSourceCommand.run(SaveIntoDataSourceCommand.scala:47) {code}",,,1,0,0,637.7464833333332,0,0,0,0,0,0,7
HUDI-8818,Sub-task,HUDI,2025-01-03 21:16:24.036,2025-02-13 20:30:00.000,JIRAUSER290349,Blocker,Hudi 1.0 cannot use SQL to write older versioned Hudi table,"When using Hudi 1.0 + Spark SQL to write a table created by Hudi 0.14 + Spark 3.5.0 using Spark dataframe API, we noticed that the INSERT query would fail to database config conflict
{code:java}
Config conflict(key    current value    existing value):
hoodie.database.name:    yxchang_nolf
org.apache.hudi.exception.HoodieException: Config conflict(key    current value    existing value):
hoodie.database.name:    yxchang_nolf
    at org.apache.hudi.HoodieWriterUtils$.validateTableConfig(HoodieWriterUtils.scala:256)
    at org.apache.hudi.HoodieSparkSqlWriterInternal.writeInternal(HoodieSparkSqlWriter.scala:245)
    at org.apache.hudi.HoodieSparkSqlWriterInternal.$anonfun$write$1(HoodieSparkSqlWriter.scala:190)
{code}",,,8,1,0,58993.5994,0,0,0,0,0,0,1
HUDI-8936,Sub-task,HUDI,2025-01-29 20:31:23.380,2025-02-13 20:30:00.000,JIRAUSER280684,Critical,MERGE INTO delete does not work in some cases of COMMIT_TIME_ORDERING,"After fixing HUDI-8850 on existing tests, [https://github.com/apache/hudi/pull/12725] introduces more test cases on COMMIT_TIME_ORDERING, and some of them failed because MERGE INTO delete does not take effect.

Test dimensions:

All failures from ""Test merge operations .."" are due to the validation failure below

!Screenshot 2025-01-29 at 12.31.01.png|width=1411,height=311!

Sample error message: 
{code:java}
Expected Array([3,C,30.0,100], [4,D2,45.0,101], [5,E2,55.0,99], [6,F2,65.0,100]), but got Array([0,X,20.0,100], [1,A,10.0,100], [2,B,20.0,100], [3,C,30.0,100], [4,D2,45.0,101], [5,E2,55.0,99], [6,F2,65.0,100])
ScalaTestFailureLocation: org.apache.spark.sql.hudi.common.HoodieSparkSqlTestBase at (HoodieSparkSqlTestBase.scala:130)
org.scalatest.exceptions.TestFailedException: Expected Array([3,C,30.0,100], [4,D2,45.0,101], [5,E2,55.0,99], [6,F2,65.0,100]), but got Array([0,X,20.0,100], [1,A,10.0,100], [2,B,20.0,100], [3,C,30.0,100], [4,D2,45.0,101], [5,E2,55.0,99], [6,F2,65.0,100])
    at org.scalatest.Assertions.newAssertionFailedException(Assertions.scala:472)
    at org.scalatest.Assertions.newAssertionFailedException$(Assertions.scala:471)
    at org.scalatest.funsuite.AnyFunSuite.newAssertionFailedException(AnyFunSuite.scala:1562)
    at org.scalatest.Assertions.assertResult(Assertions.scala:867)
    at org.scalatest.Assertions.assertResult$(Assertions.scala:863)
    at org.scalatest.funsuite.AnyFunSuite.assertResult(AnyFunSuite.scala:1562)
    at org.apache.spark.sql.hudi.common.HoodieSparkSqlTestBase.checkAnswer(HoodieSparkSqlTestBase.scala:130)
    at org.apache.spark.sql.hudi.dml.TestMergeModeCommitTimeOrdering.$anonfun$new$9(TestMergeModeCommitTimeOrdering.scala:309)
    at org.apache.spark.sql.hudi.dml.TestMergeModeCommitTimeOrdering.$anonfun$new$9$adapted(TestMergeModeCommitTimeOrdering.scala:239) {code}",,,3,0,0,21598.610333333334,0,0,0,0,0,0,6
HUDI-8278,Sub-task,HUDI,2024-09-30 12:21:44.171,2025-03-03 00:00:00.000,rangareddy.avula@gmail.com,Major,HUDI is not honouring specified primary keys while creating table and inserting data,"Create the Hudi table using SQL(Spark/Flink) by specifying primary keys (for example id,name) and while inserting the data to hudi table specify the different primary keys (for example id,salary). Hudi is not honouring the primary keys specified in while creating table. Expectation should be fail the application without inserting data.

**Issue:** 

https://github.com/apache/hudi/issues/12024",,,3,0,0,221018.26381666667,0,0,0,0,0,0,0
HUDI-8315,Sub-task,HUDI,2024-10-07 17:27:54.827,2025-03-03 00:00:00.000,rangareddy.avula@gmail.com,Major,Exception when write null value to table with timestamp partitioning,"*Issue:*

Exception occurs when writing a null value to a partition table with a timestamp partition column.

*Expectation:*

Needs to support timestamp type partition column value as null similar to writing data to hive table.

*Code:*
{code:java}
spark.sql(
        s""""""
           |CREATE TABLE hudi_test_null_partition (
           |  id INT,
           |  boolean_field BOOLEAN,
           |  float_field FLOAT,
           |  byte_field BYTE,
           |  short_field SHORT,
           |  decimal_field DECIMAL(10, 5),
           |  date_field DATE,
           |  string_field STRING,
           |  timestamp_field TIMESTAMP
           |) USING hudi
           | TBLPROPERTIES (primaryKey = 'id')
           | PARTITIONED BY (boolean_field, float_field, byte_field, short_field, decimal_field, date_field, string_field, timestamp_field)
     """""".stripMargin)spark.sql(
s""""""
   |INSERT INTO hudi_test_null_partition VALUES
   |(1, TRUE, CAST(1.0 as FLOAT), 1, 1, 1234.56789, DATE '2021-01-05', 'partition1', null),
   |(2, FALSE,CAST(2.0 as FLOAT), 2, 2, 6789.12345, DATE '2021-01-06', 'partition2', TIMESTAMP '2021-01-06 11:00:00')
"""""".stripMargin){code}
*Reference Issue:*

[https://github.com/apache/hudi/issues/11900]

 

 

 ",,,2,0,0,210632.08621666668,0,0,0,0,0,0,1
HUDI-8806,Sub-task,HUDI,2025-01-02 17:05:42.304,2025-03-03 00:00:00.000,rangareddy.avula@gmail.com,Critical,"Hudi ""show_clustering"" procedure is not working as expected","*Problem Statement:*

While running the Hudi *show_clustering* {{SQL procedure}} getting the following exception.
{code:java}
java.util.NoSuchElementException: No value present in Option
at org.apache.hudi.common.util.Option.get(Option.java:89)
at org.apache.spark.sql.hudi.command.procedures.ShowClusteringProcedure.$anonfun$call$5(ShowClusteringProcedure.scala:79)
at scala.collection.immutable.Stream.$anonfun$map$1(Stream.scala:418)
at scala.collection.immutable.Stream$Cons.tail(Stream.scala:1173)
at scala.collection.immutable.Stream$Cons.tail(Stream.scala:1163)
at scala.collection.immutable.Stream.$anonfun$map$1(Stream.scala:418)
at scala.collection.immutable.Stream$Cons.tail(Stream.scala:1173)
at scala.collection.immutable.Stream$Cons.tail(Stream.scala:1163)
at scala.collection.immutable.Stream.length(Stream.scala:312)
at scala.collection.SeqLike.size(SeqLike.scala:108)
at scala.collection.SeqLike.size$(SeqLike.scala:108)
at scala.collection.AbstractSeq.size(Seq.scala:45)
at scala.collection.TraversableOnce.toArray(TraversableOnce.scala:341)
at scala.collection.TraversableOnce.toArray$(TraversableOnce.scala:339)
at scala.collection.AbstractTraversable.toArray(Traversable.scala:108) {code}
*Reproducible Code:*

{{[https://github.com/apache/hudi/issues/11532#issuecomment-2568049040]}}

{{*Expected Result:*}}

{{Hudi ""show_clustering"" SQL procedure should not throw any exception.}}

 ",,,1,0,0,85374.29493333334,0,0,0,0,0,0,2
HUDI-9030,Sub-task,HUDI,2025-02-14 03:34:33.280,2025-03-03 00:00:00.000,shivnarayan,Major,Validate and certify log files and marker interplays in MOR using table version6 ,"Validate and certify log files and marker interplays in MOR using table version6 in comparison to using 0.x writer.

Below table lists the behaviour related to log files and marker generation in 0.x and compares it with 1.x with table version 6 and 1.x with latest table version.
|| ||0.x||Table Version 6||1.x||
|Log File name Instant|Base file instant|Base file instant|Deltacommit instant|
|Log File name Write Token|Rollover log write token is always newly created
Log write token is created from latest log file|Rollover log write token concept is removed. Log write token is used instead.|Rollover log write token concept is removed. Log write token is used instead.|
|Log file version|Computed using latest log file|Computed using latest log file|Computed using latest log file|
|Append to existing log file|Allowed|Not Supported. Writes happen to a new file.|Not Supported. Writes happen to a new file.|
|Marker generation|Marker is created during append as well as when a new file is created|Marker is created every time a new log file is created|Marker is created every time a new log file is created|

Other issues
# For table version 6, AbstractHoodieLogRecordScanner ignores the log blocks which belong to inflight instants while scanning. PR fixes the logic so that such log blocks are not ignored. This is required for updating RLI which reads the deleted records from data table
# hoodie.file.group.reader.enabled needs to be disabled in tbl version 6
# The new rollback logic filters log files using the deltacommit timestamp and then marks them for deletion. This does not work for tbl version 6 since log files do not have deltacommit timestamp in the name. Therefore older rollback logic was brought back here.
# PR removes the validation while scheduling compaction which validates that compaction instant should be greater than all completed deltacommit instants. This validation was added for table version 6 but is not really required.
# KEY_GENERATOR_CLASS_NAME and KEY_GENERATOR_TYPE are new configs which are required in tbl version 6 as well. PR makes a change so that these configs are not ignored.
# MarkerBasedRollbackStrategy#createRollbackRequestForCreateAndMerge removes validation that log file should not have IOType as CREATE in table version 6. CREATE is still used for log files with tbl version 6 in LogFileCreationCallback#preFileCreation
# hoodie.datasource.read.incr.fallback.fulltablescan.enable needs to be disabled for tbl version 6

",,,3,3,0,24265.445333333333,4,220,1,1,1,1,21
HUDI-9236,Sub-task,HUDI,2025-03-27 18:12:48.742,2025-03-27 18:25:37.945,ljain,Blocker,Cherry-pick log file marker (HUDI-1517) for release 1.0.2,"For Hudi release 1.0 with table version 6, we need the log file marker changes made in HUDI-1517 to ensure that log files are consistently stored in metadata table. The Jira aims to bring those changes for table version 6 in 1.0.",,,1,0,0,12.82005,0,0,0,0,0,0,1
HUDI-8345,Sub-task,HUDI,2024-10-12 05:28:47.624,2025-04-09 21:08:00.000,codope,Blocker,Delete partition stats index for a partition that is deleted,DELETE_PARTITION can delete a partition. Stats aggregated for columns for that partiiton should be deleted.,,2.0,1,0,0,258699.20626666668,0,0,0,0,0,0,6
HUDI-8635,Sub-task,HUDI,2024-12-03 01:26:44.514,2025-04-09 21:08:00.000,JIRAUSER280684,Blocker,Revisit stats generated in HoodieSparkFileGroupReaderBasedMergeHandle,"We need to make sure the write stats generated by the new file group reader-based merge handle for compaction (
HoodieSparkFileGroupReaderBasedMergeHandle) are intact in all cases.",,,2,2,0,184061.2581,0,0,0,0,0,0,0
HUDI-8637,Sub-task,HUDI,2024-12-03 01:58:34.809,2025-04-09 21:08:00.000,JIRAUSER280684,Critical,Move EngineBroadcastManager functionality to HoodieEngineContext,"[https://github.com/apache/hudi/pull/12390#discussion_r1866874625]

Right now the {{HoodieReaderContext}} is designed to be engine-specific. Ideally it should be in {{{}HoodieEngineContext{}}}. We've created {{EngineBroadcastManager}} to retrieve the reader context as a stop-gap.",,,1,0,0,184029.41985,0,0,0,0,0,0,1
HUDI-8704,Sub-task,HUDI,2024-12-11 07:00:44.204,2025-04-09 21:08:00.000,danny0405,Blocker,Instant time to completion time migration for Flink streaming reader,"Since 1.0 release, Hudi introduces a new component named:
{code:java}
IncrementalQueryAnalyzer {code}
this is used from completion time based incremental queries, user can specifiy the start/end completion time for the commits to subscribe for a incremental run.

In IncrementalInputSplits#inputSplits, we use this new component to figure out the commits and filters.

In this ticket, we want to keep compatibility for legacy workloads, the legacy workload persisted the latest consumed instant time(start time) in Flink state-backend in operator 
StreamReadMonitoringFunction, and pass it around to the IncrementalInputSplits#inputSplits for current run. We need to translate this instant time into a completion time to avoid consuming duplicates.

In 0.x StreamReadMonitoringFunction, Hudi stores one timestamp string: issuedInstant, which is the max consumed instant time.

In 1.x StreamReadMonitoringFunction, Hudi stores two timestamp string: 
issuedInstant and issuedOffset, the issuedInstant is the max instant time been consumed, the issuedOffset is the max completion time.

So here is the migration logic:
in StreamReadMonitoringFunction, if we detect that the issuedOffset in the state-backend is null, we know this is from the legacy table, and we translate it into the completion time of the instant(by quering the active timeline), then pass it around to the IncrementalInputSplits#inputSplits.",,,2,0,0,172207.26326666668,0,0,0,0,0,0,4
HUDI-8826,Sub-task,HUDI,2025-01-06 01:26:11.612,2025-04-09 21:08:00.000,JIRAUSER305408,Critical,MIT paritial insert on table with no precombine key hits NPE,"*[https://github.com/apache/hudi/pull/12576] PR for issue repro. When table does not have precombine key configured, MIT partial update hits NPE*

 

*Add the test to [~yihua] 's ongoing PR/*",,,2,1,0,135101.80646666666,0,0,0,0,0,0,2
HUDI-8835,Sub-task,HUDI,2025-01-06 21:04:09.004,2025-04-09 21:08:00.000,JIRAUSER305408,Major,Support partial update in COMMIT_TIME_ORDERING merge mode,"only for MOR with partial updates, COW or ""update set *"" works fine

Driver stacktrace:
at org.apache.spark.scheduler.DAGScheduler.failJobAndIndependentStages(DAGScheduler.scala:2790)
at org.apache.spark.scheduler.DAGScheduler.$anonfun$abortStage$2(DAGScheduler.scala:2726)
at org.apache.spark.scheduler.DAGScheduler.$anonfun$abortStage$2$adapted(DAGScheduler.scala:2725)
at scala.collection.mutable.ResizableArray.foreach(ResizableArray.scala:62)
at scala.collection.mutable.ResizableArray.foreach$(ResizableArray.scala:55)
at scala.collection.mutable.ArrayBuffer.foreach(ArrayBuffer.scala:49)
at org.apache.spark.scheduler.DAGScheduler.abortStage(DAGScheduler.scala:2725)
at org.apache.spark.scheduler.DAGScheduler.$anonfun$handleTaskSetFailed$1(DAGScheduler.scala:1211)
at org.apache.spark.scheduler.DAGScheduler.$anonfun$handleTaskSetFailed$1$adapted(DAGScheduler.scala:1211)
at scala.Option.foreach(Option.scala:407)
at org.apache.spark.scheduler.DAGScheduler.handleTaskSetFailed(DAGScheduler.scala:1211)
at org.apache.spark.scheduler.DAGSchedulerEventProcessLoop.doOnReceive(DAGScheduler.scala:2989)
at org.apache.spark.scheduler.DAGSchedulerEventProcessLoop.onReceive(DAGScheduler.scala:2928)
at org.apache.spark.scheduler.DAGSchedulerEventProcessLoop.onReceive(DAGScheduler.scala:2917)
at org.apache.spark.util.EventLoop$$anon$1.run(EventLoop.scala:49)
at org.apache.spark.scheduler.DAGScheduler.runJob(DAGScheduler.scala:976)
at org.apache.spark.SparkContext.runJob(SparkContext.scala:2263)
at org.apache.spark.SparkContext.runJob(SparkContext.scala:2284)
at org.apache.spark.SparkContext.runJob(SparkContext.scala:2303)
at org.apache.spark.SparkContext.runJob(SparkContext.scala:2328)
at org.apache.spark.rdd.RDD.$anonfun$collect$1(RDD.scala:1022)
at org.apache.spark.rdd.RDDOperationScope$.withScope(RDDOperationScope.scala:151)
at org.apache.spark.rdd.RDDOperationScope$.withScope(RDDOperationScope.scala:112)
at org.apache.spark.rdd.RDD.withScope(RDD.scala:408)
at org.apache.spark.rdd.RDD.collect(RDD.scala:1021)
at org.apache.spark.RangePartitioner$.sketch(Partitioner.scala:320)
at org.apache.spark.RangePartitioner.<init>(Partitioner.scala:187)
at org.apache.spark.sql.execution.exchange.ShuffleExchangeExec$.prepareShuffleDependency(ShuffleExchangeExec.scala:290)
at org.apache.spark.sql.execution.exchange.ShuffleExchangeExec.shuffleDependency$lzycompute(ShuffleExchangeExec.scala:173)
at org.apache.spark.sql.execution.exchange.ShuffleExchangeExec.shuffleDependency(ShuffleExchangeExec.scala:167)
at org.apache.spark.sql.execution.exchange.ShuffleExchangeExec.mapOutputStatisticsFuture$lzycompute(ShuffleExchangeExec.scala:143)
at org.apache.spark.sql.execution.exchange.ShuffleExchangeExec.mapOutputStatisticsFuture(ShuffleExchangeExec.scala:139)
at org.apache.spark.sql.execution.exchange.ShuffleExchangeLike.$anonfun$submitShuffleJob$1(ShuffleExchangeExec.scala:68)
at org.apache.spark.sql.execution.SparkPlan.$anonfun$executeQuery$1(SparkPlan.scala:246)
at org.apache.spark.rdd.RDDOperationScope$.withScope(RDDOperationScope.scala:151)
at org.apache.spark.sql.execution.SparkPlan.executeQuery(SparkPlan.scala:243)
at org.apache.spark.sql.execution.exchange.ShuffleExchangeLike.submitShuffleJob(ShuffleExchangeExec.scala:68)
at org.apache.spark.sql.execution.exchange.ShuffleExchangeLike.submitShuffleJob$(ShuffleExchangeExec.scala:67)
at org.apache.spark.sql.execution.exchange.ShuffleExchangeExec.submitShuffleJob(ShuffleExchangeExec.scala:115)
at org.apache.spark.sql.execution.adaptive.ShuffleQueryStageExec.shuffleFuture$lzycompute(QueryStageExec.scala:181)
at org.apache.spark.sql.execution.adaptive.ShuffleQueryStageExec.shuffleFuture(QueryStageExec.scala:181)
at org.apache.spark.sql.execution.adaptive.ShuffleQueryStageExec.doMaterialize(QueryStageExec.scala:183)
at org.apache.spark.sql.execution.adaptive.QueryStageExec.materialize(QueryStageExec.scala:82)
at org.apache.spark.sql.execution.adaptive.AdaptiveSparkPlanExec.$anonfun$getFinalPhysicalPlan$5(AdaptiveSparkPlanExec.scala:272)
at org.apache.spark.sql.execution.adaptive.AdaptiveSparkPlanExec.$anonfun$getFinalPhysicalPlan$5$adapted(AdaptiveSparkPlanExec.scala:270)
at scala.collection.Iterator.foreach(Iterator.scala:943)
at scala.collection.Iterator.foreach$(Iterator.scala:943)
at scala.collection.AbstractIterator.foreach(Iterator.scala:1431)
at scala.collection.IterableLike.foreach(IterableLike.scala:74)
at scala.collection.IterableLike.foreach$(IterableLike.scala:73)
at scala.collection.AbstractIterable.foreach(Iterable.scala:56)
at org.apache.spark.sql.execution.adaptive.AdaptiveSparkPlanExec.$anonfun$getFinalPhysicalPlan$1(AdaptiveSparkPlanExec.scala:270)
at org.apache.spark.sql.SparkSession.withActive(SparkSession.scala:827)
at org.apache.spark.sql.execution.adaptive.AdaptiveSparkPlanExec.getFinalPhysicalPlan(AdaptiveSparkPlanExec.scala:242)
at org.apache.spark.sql.execution.adaptive.AdaptiveSparkPlanExec.withFinalPlanUpdate(AdaptiveSparkPlanExec.scala:387)
at org.apache.spark.sql.execution.adaptive.AdaptiveSparkPlanExec.executeCollect(AdaptiveSparkPlanExec.scala:360)
at org.apache.spark.sql.Dataset.collectFromPlan(Dataset.scala:4218)
at org.apache.spark.sql.Dataset.$anonfun$collect$1(Dataset.scala:3459)
at org.apache.spark.sql.Dataset.$anonfun$withAction$2(Dataset.scala:4208)
at org.apache.spark.sql.execution.QueryExecution$.withInternalError(QueryExecution.scala:526)
at org.apache.spark.sql.Dataset.$anonfun$withAction$1(Dataset.scala:4206)
at org.apache.spark.sql.execution.SQLExecution$.$anonfun$withNewExecutionId$6(SQLExecution.scala:118)
at org.apache.spark.sql.execution.SQLExecution$.withSQLConfPropagated(SQLExecution.scala:195)
at org.apache.spark.sql.execution.SQLExecution$.$anonfun$withNewExecutionId$1(SQLExecution.scala:103)
at org.apache.spark.sql.SparkSession.withActive(SparkSession.scala:827)
at org.apache.spark.sql.execution.SQLExecution$.withNewExecutionId(SQLExecution.scala:65)
at org.apache.spark.sql.Dataset.withAction(Dataset.scala:4206)
at org.apache.spark.sql.Dataset.collect(Dataset.scala:3459)
at org.apache.spark.sql.hudi.common.HoodieSparkSqlTestBase.checkAnswer(HoodieSparkSqlTestBase.scala:126)
at org.apache.spark.sql.hudi.dml.TestMergeIntoTable.$anonfun$new$62(TestMergeIntoTable.scala:1395)
at org.apache.spark.sql.hudi.dml.TestMergeIntoTable.$anonfun$new$62$adapted(TestMergeIntoTable.scala:1353)
at org.apache.spark.sql.hudi.common.HoodieSparkSqlTestBase.withTempDir(HoodieSparkSqlTestBase.scala:92)
at org.apache.spark.sql.hudi.dml.TestMergeIntoTable.$anonfun$new$61(TestMergeIntoTable.scala:1353)
at org.apache.spark.sql.hudi.common.HoodieSparkSqlTestBase.$anonfun$withRecordType$3(HoodieSparkSqlTestBase.scala:310)
at scala.runtime.java8.JFunction0$mcV$sp.apply(JFunction0$mcV$sp.java:23)
at org.apache.spark.sql.hudi.common.HoodieSparkSqlTestBase.withSQLConf(HoodieSparkSqlTestBase.scala:282)
at org.apache.spark.sql.hudi.common.HoodieSparkSqlTestBase.$anonfun$withRecordType$1(HoodieSparkSqlTestBase.scala:309)
at org.apache.spark.sql.hudi.common.HoodieSparkSqlTestBase.$anonfun$withRecordType$1$adapted(HoodieSparkSqlTestBase.scala:301)
at scala.collection.immutable.List.foreach(List.scala:431)
at org.apache.spark.sql.hudi.common.HoodieSparkSqlTestBase.withRecordType(HoodieSparkSqlTestBase.scala:301)
at org.apache.spark.sql.hudi.dml.TestMergeIntoTable.$anonfun$new$60(TestMergeIntoTable.scala:1353)
at org.apache.spark.sql.hudi.dml.TestMergeIntoTable.$anonfun$new$60$adapted(TestMergeIntoTable.scala:1351)
at scala.collection.immutable.List.foreach(List.scala:431)
at org.apache.spark.sql.hudi.dml.TestMergeIntoTable.$anonfun$new$59(TestMergeIntoTable.scala:1351)
at scala.runtime.java8.JFunction0$mcV$sp.apply(JFunction0$mcV$sp.java:23)
at org.apache.spark.sql.hudi.common.HoodieSparkSqlTestBase.$anonfun$test$1(HoodieSparkSqlTestBase.scala:104)
at org.scalatest.OutcomeOf.outcomeOf(OutcomeOf.scala:85)
at org.scalatest.OutcomeOf.outcomeOf$(OutcomeOf.scala:83)
at org.scalatest.OutcomeOf$.outcomeOf(OutcomeOf.scala:104)
at org.scalatest.Transformer.apply(Transformer.scala:22)
at org.scalatest.Transformer.apply(Transformer.scala:20)
at org.scalatest.funsuite.AnyFunSuiteLike$$anon$1.apply(AnyFunSuiteLike.scala:189)
at org.scalatest.TestSuite.withFixture(TestSuite.scala:196)
at org.scalatest.TestSuite.withFixture$(TestSuite.scala:195)
at org.scalatest.funsuite.AnyFunSuite.withFixture(AnyFunSuite.scala:1562)
at org.scalatest.funsuite.AnyFunSuiteLike.invokeWithFixture$1(AnyFunSuiteLike.scala:187)
at org.scalatest.funsuite.AnyFunSuiteLike.$anonfun$runTest$1(AnyFunSuiteLike.scala:199)
at org.scalatest.SuperEngine.runTestImpl(Engine.scala:306)
at org.scalatest.funsuite.AnyFunSuiteLike.runTest(AnyFunSuiteLike.scala:199)
at org.scalatest.funsuite.AnyFunSuiteLike.runTest$(AnyFunSuiteLike.scala:181)
at org.scalatest.funsuite.AnyFunSuite.runTest(AnyFunSuite.scala:1562)
at org.scalatest.funsuite.AnyFunSuiteLike.$anonfun$runTests$1(AnyFunSuiteLike.scala:232)
at org.scalatest.SuperEngine.$anonfun$runTestsInBranch$1(Engine.scala:413)
at scala.collection.immutable.List.foreach(List.scala:431)
at org.scalatest.SuperEngine.traverseSubNodes$1(Engine.scala:401)
at org.scalatest.SuperEngine.runTestsInBranch(Engine.scala:396)
at org.scalatest.SuperEngine.runTestsImpl(Engine.scala:475)
at org.scalatest.funsuite.AnyFunSuiteLike.runTests(AnyFunSuiteLike.scala:232)
at org.scalatest.funsuite.AnyFunSuiteLike.runTests$(AnyFunSuiteLike.scala:231)
at org.scalatest.funsuite.AnyFunSuite.runTests(AnyFunSuite.scala:1562)
at org.scalatest.Suite.run(Suite.scala:1112)
at org.scalatest.Suite.run$(Suite.scala:1094)
at org.scalatest.funsuite.AnyFunSuite.org$scalatest$funsuite$AnyFunSuiteLike$$super$run(AnyFunSuite.scala:1562)
at org.scalatest.funsuite.AnyFunSuiteLike.$anonfun$run$1(AnyFunSuiteLike.scala:236)
at org.scalatest.SuperEngine.runImpl(Engine.scala:535)
at org.scalatest.funsuite.AnyFunSuiteLike.run(AnyFunSuiteLike.scala:236)
at org.scalatest.funsuite.AnyFunSuiteLike.run$(AnyFunSuiteLike.scala:235)
at org.apache.spark.sql.hudi.common.HoodieSparkSqlTestBase.org$scalatest$BeforeAndAfterAll$$super$run(HoodieSparkSqlTestBase.scala:48)
at org.scalatest.BeforeAndAfterAll.liftedTree1$1(BeforeAndAfterAll.scala:213)
at org.scalatest.BeforeAndAfterAll.run(BeforeAndAfterAll.scala:210)
at org.scalatest.BeforeAndAfterAll.run$(BeforeAndAfterAll.scala:208)
at org.apache.spark.sql.hudi.common.HoodieSparkSqlTestBase.run(HoodieSparkSqlTestBase.scala:48)
at org.scalatest.tools.SuiteRunner.run(SuiteRunner.scala:45)
at org.scalatest.tools.Runner$.$anonfun$doRunRunRunDaDoRunRun$13(Runner.scala:1314)
at org.scalatest.tools.Runner$.$anonfun$doRunRunRunDaDoRunRun$13$adapted(Runner.scala:1308)
at scala.collection.immutable.List.foreach(List.scala:431)
at org.scalatest.tools.Runner$.doRunRunRunDaDoRunRun(Runner.scala:1308)
at org.scalatest.tools.Runner$.$anonfun$runOptionallyWithPassFailReporter$24(Runner.scala:993)
at org.scalatest.tools.Runner$.$anonfun$runOptionallyWithPassFailReporter$24$adapted(Runner.scala:971)
at org.scalatest.tools.Runner$.withClassLoaderAndDispatchReporter(Runner.scala:1474)
at org.scalatest.tools.Runner$.runOptionallyWithPassFailReporter(Runner.scala:971)
at org.scalatest.tools.Runner$.run(Runner.scala:798)
at org.scalatest.tools.Runner.run(Runner.scala)
at org.jetbrains.plugins.scala.testingSupport.scalaTest.ScalaTestRunner.runScalaTest2or3(ScalaTestRunner.java:43)
at org.jetbrains.plugins.scala.testingSupport.scalaTest.ScalaTestRunner.main(ScalaTestRunner.java:26)
Caused by: org.apache.spark.SparkException: Encountered error while reading file [file:/private/var/folders/sl/gfxz9xjx57ddcttsjcthbnm40000gn/T/spark-c314fe23-7ee1-448e-9539-dbf8e417b855/dt=2021-03-21/73db13ae-9802-4ff1-a438-8f6664f8e202-0_0-11-13_20250106205815783.parquet|file:///private/var/folders/sl/gfxz9xjx57ddcttsjcthbnm40000gn/T/spark-c314fe23-7ee1-448e-9539-dbf8e417b855/dt=2021-03-21/73db13ae-9802-4ff1-a438-8f6664f8e202-0_0-11-13_20250106205815783.parquet]. Details:
at org.apache.spark.sql.errors.QueryExecutionErrors$.cannotReadFilesError(QueryExecutionErrors.scala:877)
at org.apache.spark.sql.execution.datasources.FileScanRDD$$anon$1.nextIterator(FileScanRDD.scala:307)
at org.apache.spark.sql.execution.datasources.FileScanRDD$$anon$1.hasNext(FileScanRDD.scala:125)
at scala.collection.Iterator$$anon$10.hasNext(Iterator.scala:460)
at scala.collection.Iterator$$anon$10.hasNext(Iterator.scala:460)
at scala.collection.Iterator$$anon$10.hasNext(Iterator.scala:460)
at org.apache.spark.util.random.SamplingUtils$.reservoirSampleAndCount(SamplingUtils.scala:41)
at org.apache.spark.RangePartitioner$.$anonfun$sketch$1(Partitioner.scala:322)
at org.apache.spark.RangePartitioner$.$anonfun$sketch$1$adapted(Partitioner.scala:320)
at org.apache.spark.rdd.RDD.$anonfun$mapPartitionsWithIndex$2(RDD.scala:908)
at org.apache.spark.rdd.RDD.$anonfun$mapPartitionsWithIndex$2$adapted(RDD.scala:908)
at org.apache.spark.rdd.MapPartitionsRDD.compute(MapPartitionsRDD.scala:52)
at org.apache.spark.rdd.RDD.computeOrReadCheckpoint(RDD.scala:367)
at org.apache.spark.rdd.RDD.iterator(RDD.scala:331)
at org.apache.spark.scheduler.ResultTask.runTask(ResultTask.scala:92)
at org.apache.spark.TaskContext.runTaskWithListeners(TaskContext.scala:161)
at org.apache.spark.scheduler.Task.run(Task.scala:139)
at org.apache.spark.executor.Executor$TaskRunner.$anonfun$run$3(Executor.scala:554)
at org.apache.spark.util.Utils$.tryWithSafeFinally(Utils.scala:1529)
at org.apache.spark.executor.Executor$TaskRunner.run(Executor.scala:557)
at java.util.concurrent.ThreadPoolExecutor.runWorker(ThreadPoolExecutor.java:1149)
at java.util.concurrent.ThreadPoolExecutor$Worker.run(ThreadPoolExecutor.java:624)
at java.lang.Thread.run(Thread.java:750)
Caused by: java.lang.NullPointerException
at scala.collection.immutable.StringLike.split(StringLike.scala:260)
at scala.collection.immutable.StringLike.split$(StringLike.scala:259)
at scala.collection.immutable.StringOps.split(StringOps.scala:33)
at org.apache.spark.sql.HoodieUnsafeRowUtils$.composeNestedFieldPath(HoodieUnsafeRowUtils.scala:97)
at org.apache.spark.sql.HoodieInternalRowUtils$$anon$3.apply(HoodieInternalRowUtils.scala:105)
at org.apache.spark.sql.HoodieInternalRowUtils$$anon$3.apply(HoodieInternalRowUtils.scala:103)
at java.util.concurrent.ConcurrentHashMap.computeIfAbsent(ConcurrentHashMap.java:1660)
at org.apache.spark.sql.HoodieInternalRowUtils$.getCachedPosList(HoodieInternalRowUtils.scala:103)
at org.apache.spark.sql.HoodieInternalRowUtils.getCachedPosList(HoodieInternalRowUtils.scala)
at org.apache.hudi.common.model.HoodieSparkRecord.getOrderingValue(HoodieSparkRecord.java:319)
at org.apache.hudi.DefaultSparkRecordMerger.partialMerge(DefaultSparkRecordMerger.java:113)
at org.apache.hudi.common.table.read.HoodieBaseFileGroupRecordBuffer.merge(HoodieBaseFileGroupRecordBuffer.java:395)
at org.apache.hudi.common.table.read.HoodieBaseFileGroupRecordBuffer.hasNextBaseRecord(HoodieBaseFileGroupRecordBuffer.java:504)
at org.apache.hudi.common.table.read.HoodieKeyBasedFileGroupRecordBuffer.hasNextBaseRecord(HoodieKeyBasedFileGroupRecordBuffer.java:130)
at org.apache.hudi.common.table.read.HoodieKeyBasedFileGroupRecordBuffer.doHasNext(HoodieKeyBasedFileGroupRecordBuffer.java:139)
at org.apache.hudi.common.table.read.HoodieBaseFileGroupRecordBuffer.hasNext(HoodieBaseFileGroupRecordBuffer.java:154)
at org.apache.hudi.common.table.read.HoodieFileGroupReader.hasNext(HoodieFileGroupReader.java:248)
at org.apache.hudi.common.table.read.HoodieFileGroupReader$HoodieFileGroupReaderIterator.hasNext(HoodieFileGroupReader.java:319)
at org.apache.spark.sql.execution.datasources.parquet.HoodieFileGroupReaderBasedParquetFileFormat$$anon$1.hasNext(HoodieFileGroupReaderBasedParquetFileFormat.scala:272)
at org.apache.spark.sql.execution.datasources.FileScanRDD$$anon$1.hasNext(FileScanRDD.scala:125)
at org.apache.spark.sql.execution.datasources.FileScanRDD$$anon$1.nextIterator(FileScanRDD.scala:297)
... 21 more

test(""Test MergeInto with partial insert"") {
spark.sql(s""set ${MERGE_SMALL_FILE_GROUP_CANDIDATES_LIMIT.key} = 0"")
 
// Test combinations: (tableType, sparkSqlOptimizedWrites)
val testConfigs = Seq(
(""mor"", true),
// (""mor"", false),
// (""cow"", true),
// (""cow"", false)
)
 
testConfigs.foreach { case (tableType, sparkSqlOptimizedWrites) =>
log.info(s""=== Testing MergeInto with partial insert: tableType=$tableType, sparkSqlOptimizedWrites=$sparkSqlOptimizedWrites ==="")
withRecordType()(withTempDir { tmp =>
spark.sql(""set hoodie.payload.combined.schema.validate = true"")
// Create a partitioned table
val tableName = generateTableName
spark.sql(
s""""""
|create table $tableName (|
|id bigint,|
|name string,|
|price double,|
|ts bigint,|
|dt string|
|) using hudi|
|tblproperties (|
|type = '$tableType',|
|primaryKey = 'id',|
|precombineKey = 'ts'|
|)|
|partitioned by(dt)|
|location '${tmp.getCanonicalPath}'
"""""".stripMargin)|

spark.sql(s""insert into $tableName select 1, 'a1', 10, 1L, '2021-03-21'"")

// Set optimized sql merge setting
spark.sql(s""set ${SPARK_SQL_OPTIMIZED_WRITES.key()}=$sparkSqlOptimizedWrites"")

spark.sql(
s""""""
|merge into $tableName as t0|
|using (|
|select 2 as id, 'a2' as name, 10 as price, 2L as ts, '2021-03-20' as dt|
|union|
|select 1 as id, 'a1_updated' as name, 11 as price, 3L as ts, '2021-03-21' as dt|
|) s0|
|on s0.id = t0.id|
|when matched then update set t0.id = s0.id, t0.name = s0.name, t0.price = s0.price|
|when not matched and s0.id % 2 = 0 then insert (id, name, dt)|
|values(s0.id, s0.name, s0.dt)
"""""".stripMargin)
checkAnswer(s""select id, name, price, dt from $tableName order by id"")( <====== NPE happen
Seq(1, ""a1_updated"", 11, ""2021-03-21""),
Seq(2, ""a2"", null, ""2021-03-20"")
)
})
}
}|",,,3,1,0,133923.84993333335,0,0,0,0,0,0,5
HUDI-8840,Sub-task,HUDI,2025-01-07 19:07:44.430,2025-04-09 21:08:00.000,JIRAUSER280684,Blocker,Support custom delete marker in EVENT_TIME_ORDERING merge mode,"Relevant logic of delete marker in DefaultHoodieRecordPayload
{code:java}
protected boolean isDeleteRecord(GenericRecord genericRecord, Properties properties) {
  final String deleteKey = properties.getProperty(DELETE_KEY);
  if (StringUtils.isNullOrEmpty(deleteKey)) {
    return isDeleteRecord(genericRecord);
  }

  ValidationUtils.checkArgument(!StringUtils.isNullOrEmpty(properties.getProperty(DELETE_MARKER)),
      () -> DELETE_MARKER + "" should be configured with "" + DELETE_KEY);
  // Modify to be compatible with new version Avro.
  // The new version Avro throws for GenericRecord.get if the field name
  // does not exist in the schema.
  if (genericRecord.getSchema().getField(deleteKey) == null) {
    return false;
  }
  Object deleteMarker = genericRecord.get(deleteKey);
  return deleteMarker != null && properties.getProperty(DELETE_MARKER).equals(deleteMarker.toString());
} {code}",,,1,0,0,132600.25950000001,0,0,0,0,0,0,4
HUDI-9203,Sub-task,HUDI,2025-03-20 20:52:51.561,2025-04-09 21:08:00.000,shivnarayan,Major,Fix usability w/ upgrading from 0.x to 1.x and wish to stay in table version 6,"When a user upgrades a table from 0.15.0 to 1.x and prefers to stay with table version 6, as per the migration guide ([https://hudi.apache.org/docs/deployment#upgrading-to-100),] we expect the user to set only two configs. 

 

{{hoodie.write.auto.upgrade}} to false.

{{hoodie.metadata.enable = false. }}

{{}}

{{{}and w/ latest master, we have added support for b/w compatible writer as well. So, that leaves us w/ just 1 config i.e. ""{}}}{{{}hoodie.write.auto.upgrade{}}}{{{}=false"". {}}}

{{}}

{{But when attempted to user 1.0 binary to write to a hudi table created using 0.x, we error out as below. }}

{{}}
{code:java}
df1.write.format(""hudi"").
     |   options(getQuickstartWriteConfigs).
     |   option(""hoodie.write.auto.upgrade"",""false"").
     |   option(PRECOMBINE_FIELD_OPT_KEY, ""ts"").
     |   option(RECORDKEY_FIELD_OPT_KEY, ""uuid"").
     |   option(PARTITIONPATH_FIELD_OPT_KEY, ""partitionpath"").
     |   option(TABLE_NAME, tableName).
     |   mode(Append).
     |   save(basePath)
warning: one deprecation; for details, enable `:setting -deprecation' or `:replay -deprecation'
# WARNING: Unable to attach Serviceability Agent. Unable to attach even with module exceptions: [org.apache.hudi.org.openjdk.jol.vm.sa.SASupportException: Sense failed., org.apache.hudi.org.openjdk.jol.vm.sa.SASupportException: Sense failed., org.apache.hudi.org.openjdk.jol.vm.sa.SASupportException: Sense failed.]
org.apache.hudi.exception.HoodieUpgradeDowngradeException: Please disable metadata table before upgrading from version SIX to EIGHT.
  at org.apache.hudi.table.upgrade.UpgradeDowngrade.needsUpgradeOrDowngrade(UpgradeDowngrade.java:72)
  at org.apache.hudi.table.upgrade.UpgradeDowngrade.needsUpgradeOrDowngrade(UpgradeDowngrade.java:80)
  at org.apache.hudi.client.BaseHoodieWriteClient.needsUpgradeOrDowngrade(BaseHoodieWriteClient.java:1490)
  at org.apache.hudi.client.BaseHoodieWriteClient.startCommitWithTime(BaseHoodieWriteClient.java:956)
  at org.apache.hudi.client.BaseHoodieWriteClient.startCommitWithTime(BaseHoodieWriteClient.java:949)
  at org.apache.hudi.HoodieSparkSqlWriterInternal.writeInternal(HoodieSparkSqlWriter.scala:514)
  at org.apache.hudi.HoodieSparkSqlWriterInternal.$anonfun$write$1(HoodieSparkSqlWriter.scala:192)
  at org.apache.spark.sql.execution.SQLExecution$.$anonfun$withNewExecutionId$6(SQLExecution.scala:118)
  at org.apache.spark.sql.execution.SQLExecution$.withSQLConfPropagated(SQLExecution.scala:195)
  at org.apache.spark.sql.execution.SQLExecution$.$anonfun$withNewExecutionId$1(SQLExecution.scala:103)
  at org.apache.spark.sql.SparkSession.withActive(SparkSession.scala:827)
  at org.apache.spark.sql.execution.SQLExecution$.withNewExecutionId(SQLExecution.scala:65)
  at org.apache.spark.sql.adapter.BaseSpark3Adapter.sqlExecutionWithNewExecutionId(BaseSpark3Adapter.scala:107)
  at org.apache.hudi.HoodieSparkSqlWriterInternal.write(HoodieSparkSqlWriter.scala:214)
  at org.apache.hudi.HoodieSparkSqlWriter$.write(HoodieSparkSqlWriter.scala:129)
  at org.apache.hudi.DefaultSource.createRelation(DefaultSource.scala:171)
  at org.apache.spark.sql.execution.datasources.SaveIntoDataSourceCommand.run(SaveIntoDataSourceCommand.scala:47)
  at org.apache.spark.sql.execution.command.ExecutedCommandExec.sideEffectResult$lzycompute(commands.scala:75)
  at org.apache.spark.sql.execution.command.ExecutedCommandExec.sideEffectResult(commands.scala:73)
  at org.apache.spark.sql.execution.command.ExecutedCommandExec.executeCollect(commands.scala:84)
  at org.apache.spark.sql.execution.QueryExecution$$anonfun$eagerlyExecuteCommands$1.$anonfun$applyOrElse$1(QueryExecution.scala:98)
  at org.apache.spark.sql.execution.SQLExecution$.$anonfun$withNewExecutionId$6(SQLExecution.scala:118)
  at org.apache.spark.sql.execution.SQLExecution$.withSQLConfPropagated(SQLExecution.scala:195)
  at org.apache.spark.sql.execution.SQLExecution$.$anonfun$withNewExecutionId$1(SQLExecution.scala:103)
  at org.apache.spark.sql.SparkSession.withActive(SparkSession.scala:827)
  at org.apache.spark.sql.execution.SQLExecution$.withNewExecutionId(SQLExecution.scala:65)
  at org.apache.spark.sql.execution.QueryExecution$$anonfun$eagerlyExecuteCommands$1.applyOrElse(QueryExecution.scala:98)
  at org.apache.spark.sql.execution.QueryExecution$$anonfun$eagerlyExecuteCommands$1.applyOrElse(QueryExecution.scala:94)
  at org.apache.spark.sql.catalyst.trees.TreeNode.$anonfun$transformDownWithPruning$1(TreeNode.scala:512)
  at org.apache.spark.sql.catalyst.trees.CurrentOrigin$.withOrigin(TreeNode.scala:104)
  at org.apache.spark.sql.catalyst.trees.TreeNode.transformDownWithPruning(TreeNode.scala:512)
  at org.apache.spark.sql.catalyst.plans.logical.LogicalPlan.org$apache$spark$sql$catalyst$plans$logical$AnalysisHelper$$super$transformDownWithPruning(LogicalPlan.scala:31)
  at org.apache.spark.sql.catalyst.plans.logical.AnalysisHelper.transformDownWithPruning(AnalysisHelper.scala:267)
  at org.apache.spark.sql.catalyst.plans.logical.AnalysisHelper.transformDownWithPruning$(AnalysisHelper.scala:263)
  at org.apache.spark.sql.catalyst.plans.logical.LogicalPlan.transformDownWithPruning(LogicalPlan.scala:31)
  at org.apache.spark.sql.catalyst.plans.logical.LogicalPlan.transformDownWithPruning(LogicalPlan.scala:31)
  at org.apache.spark.sql.catalyst.trees.TreeNode.transformDown(TreeNode.scala:488)
  at org.apache.spark.sql.execution.QueryExecution.eagerlyExecuteCommands(QueryExecution.scala:94)
  at org.apache.spark.sql.execution.QueryExecution.commandExecuted$lzycompute(QueryExecution.scala:81)
  at org.apache.spark.sql.execution.QueryExecution.commandExecuted(QueryExecution.scala:79)
  at org.apache.spark.sql.execution.QueryExecution.assertCommandExecuted(QueryExecution.scala:133)
  at org.apache.spark.sql.DataFrameWriter.runCommand(DataFrameWriter.scala:856)
  at org.apache.spark.sql.DataFrameWriter.saveToV1Source(DataFrameWriter.scala:387)
  at org.apache.spark.sql.DataFrameWriter.saveInternal(DataFrameWriter.scala:360)
  at org.apache.spark.sql.DataFrameWriter.save(DataFrameWriter.scala:239)
  ... 67 elided


scala>  {code}
{{}}

{{}}

{{}}

{{}}

{{script to reproduce: }}

{{Just follow the quick start. }}
{{Using 0.14.1 spark bundle: }}
{code:java}
import org.apache.hudi.QuickstartUtils._
import scala.collection.JavaConversions._
import org.apache.spark.sql.SaveMode._
import org.apache.hudi.DataSourceReadOptions._
import org.apache.hudi.DataSourceWriteOptions._
import org.apache.hudi.config.HoodieWriteConfig._
import org.apache.hudi.common.model.HoodieRecord

val tableName = ""hudi_trips_cow""
val basePath = ""file:///tmp/hudi_trips_cow""
val dataGen = new DataGenerator{code}
{code:java}
val inserts = convertToStringList(dataGen.generateInserts(10))
val df = spark.read.json(spark.sparkContext.parallelize(inserts, 2))
df.write.format(""hudi"").
  options(getQuickstartWriteConfigs).
  option(PRECOMBINE_FIELD_OPT_KEY, ""ts"").
  option(RECORDKEY_FIELD_OPT_KEY, ""uuid"").
  option(PARTITIONPATH_FIELD_OPT_KEY, ""partitionpath"").
  option(TABLE_NAME, tableName).
  mode(Overwrite).
  save(basePath){code}
{code:java}
 {code}


re-launch spark shell from latest master. 
{code:java}
import org.apache.hudi.QuickstartUtils._
import scala.collection.JavaConversions._
import org.apache.spark.sql.SaveMode._
import org.apache.hudi.DataSourceReadOptions._
import org.apache.hudi.DataSourceWriteOptions._
import org.apache.hudi.config.HoodieWriteConfig._
import org.apache.hudi.common.model.HoodieRecord

val tableName = ""hudi_trips_cow""
val basePath = ""file:///tmp/hudi_trips_cow""
val dataGen = new DataGenerator{code}
{code:java}
val df1 = spark.read.format(""hudi"").load(basePath).drop(""_hoodie_commit_time"",""_hoodie_commit_seqno"",""_hoodie_record_key"",""_hoodie_partition_path"",""_hoodie_file_name"").limit(2){code}
{code:java}
 df1.write.format(""hudi"").
     |   options(getQuickstartWriteConfigs).
     |   option(""hoodie.write.auto.upgrade"",""false"").
     |   option(PRECOMBINE_FIELD_OPT_KEY, ""ts"").
     |   option(RECORDKEY_FIELD_OPT_KEY, ""uuid"").
     |   option(PARTITIONPATH_FIELD_OPT_KEY, ""partitionpath"").
     |   option(TABLE_NAME, tableName).
     |   mode(Append).
     |   save(basePath){code}
{{}}

{{you will hit the exception quoted above. }}

{{}}",,,1,0,0,28815.14065,0,0,0,0,0,0,22
HUDI-9255,Sub-task,HUDI,2025-04-03 13:17:05.461,2025-04-09 21:08:00.000,ljain,Blocker,Fix merge strategy inferring for custom merge mode,"We are inferring merge mode by inferring it using merge strategy id when table version is 8 and using payload when table version is 6. The Jira aims to use a similar rule when inferring merge strategy id. 
If table version is 8, we use table config merge strategy id otherwise we determine strategy id using payload. This handling is required only for custom merge mode.",,,1,0,0,9110.908983333333,0,0,0,0,0,0,2
HUDI-9256,Sub-task,HUDI,2025-04-03 19:01:49.358,2025-04-09 21:08:00.000,ljain,Blocker,Fix table version used while inferring merge behaviour,Currently in some places we are directly using current table version in HoodieTableConfig#inferCorrectMergingBehavior. The Jira aims to fix the callers and ensure the correct table version is passed to the API.,,,1,0,0,8766.177366666667,0,0,0,0,0,0,3
