issue_key,issue_type,project_key,created,time_add_to_sprint,creator,priority,original_summary_sprint,original_description_sprint,original_acceptance_criteria_sprint,original_story_points_sprint,num_comments_before_sprint,num_changes_text_before_sprint,num_changes_story_point_before_sprint,time_until_add_to_sprint,num_changes_summary_description_acceptance_sprint,num_different_words_all_text_sprint,is_change_text_num_words_5,is_change_text_num_words_10,is_change_text_num_words_15,is_change_text_num_words_20,num_issues_cretor_prev
MDEV-7937,Task,MDEV,2015-04-08 20:54:04,2015-06-02 14:35:52.526,nirbhay_c,Critical,Enforce SSL when --ssl client option is used,"--ssl client options are currently ""advisory"".

Fixed in 5.7.3 : http://dev.mysql.com/doc/relnotes/mysql/5.7/en/news-5-7-3.html

https://bugzilla.suse.com/show_bug.cgi?id=924663",,,2,0,0,78821.80876666665,0,0,0,0,0,0,2
MDEV-427,Task,MDEV,2012-08-02 10:48:20,2015-06-02 17:31:46.000,colin,Critical,Provide a systemd script for MariaDB,"MySQL doesn't provide a systemd (http://www.freedesktop.org/wiki/Software/systemd/) script and thus distributions that are shipping systemd have to provide their own. Not many like this. So should we provide one inside the MariaDB package to be better for distributions than MySQL?

Some references:
* https://wiki.archlinux.org/index.php/Systemd/Services#mysqld
* http://en.gentoo-wiki.com/wiki/Systemd#MySQL
* https://bugzilla.redhat.com/show_bug.cgi?id=714426",,,14,0,0,1489363.4333333333,0,0,0,0,0,0,0
MDEV-7384,Task,MDEV,2014-12-27 05:55:32,2015-06-09 16:17:43.343,danblack,Major,[PATCH] add PERSISENT FOR ALL option to mysqlanalyze/mysqlcheck,"Having a mysqlanalyze/check that can use PERSISTENT FOR ALL in the ANALYZE TABLES without enabling use_stats_tables globally will assist in engine-independent statistics gathering.

Patch to code and man pages attached to perform this.",,,2,0,0,236782.18905000002,0,0,0,0,0,0,0
MDEV-5171,Task,MDEV,2013-10-22 20:42:50,2015-06-09 16:17:43.343,thatsafunnyname,Major, Add support for --innodb-optimize-keys to mysqldump.,"Hello and thank you for mariadb,

If the --innodb-optimize-keys mysqldump option was available with MariaDB I would use it when backing up and moving tables using mysqldump.  It can also be used to shrink InnoDB table files on mysqld instances where ""ALTER TABLE table_name ROW_FORMAT=Compact"" does not result in fast index creation being used and where expand_fast_index_creation is not available so ""OPTIMIZE TABLE table_name"" and ""ALTER TABLE table_name ENGINE=INNODB"" do not use fast index creation.

Having support for expand_fast_index_creation would also be great, but I think there is value from just adding the pragmatic mysqldump option.

Applying the latest changes with fixes for the mysqldump option to MariaDB 10 was relatively easy.  The original work and subsequent patches with tests having been created by Alexey Kopytov.

Here are some links to the background:

[http://bugs.mysql.com/bug.php?id=57583]
[http://bugs.mysql.com/bug.php?id=49120]
[http://www.percona.com/doc/percona-server/5.5/management/innodb_expanded_fast_index_creation.html#expand_fast_index_creation]
[http://www.mysqlperformanceblog.com/2012/06/19/building-indexes-by-sorting-in-innodb-aka-fast-index-creation/]
[http://www.mysqlperformanceblog.com/2011/11/06/improved-innodb-fast-index-creation/]
[http://www.mysqlperformanceblog.com/2010/12/09/thinking-about-running-optimize-on-your-innodb-table-stop/]
[https://bugs.launchpad.net/percona-server/+bug/989253]
[https://bugs.launchpad.net/percona-server/+bug/858945]
[https://bugs.launchpad.net/percona-server/+bug/744103]
[https://github.com/facebook/mysql-5.6/commit/7862a74ddb48eceaf2a48531d20550752c868a46]
 
I tested using the example from Mark Callaghan in [http://bugs.mysql.com/bug.php?id=57583]
 
{noformat}
create table rt (i int primary key auto_increment, j float) engine=innodb;
insert into rt values (null, 1);
create index x2 on rt(j);
insert into rt select null, rand(0) from rt;     (21 times for 2,097,152 rows)
 
120M test/rt.ibd
 
    Data_length: 62472192
   Index_length: 50937856
      Data_free: 7340032
 
mariadb-10.0.4-linux-x86_64/bin/mysqldump --order-by-primary test rt | mysql -D test2
 
120M test2/rt.ibd
 
    Data_length: 62472192
   Index_length: 50937856
      Data_free: 7340032
 
Percona-Server-5.6.13-rel61.0-461.Linux.x86_64/bin/mysqldump --order-by-primary --innodb-optimize-keys test rt | mysql -D test3
 
92M test3/rt.ibd
 
    Data_length: 62472192
   Index_length: 30998528
      Data_free: 0
{noformat}
 
Thanks again.",,,5,2,0,856534.88905,0,0,0,0,0,0,0
MDEV-8183,Task,MDEV,2015-05-19 16:13:38,2015-06-09 16:17:43.343,stephane@skysql.com,Major,Adding option mysqldump ---no-data-med,"Some users have reported differences moving from FederatedX to Spider , mysqldump is not exporting rows from federated. 

{code}
if (!opt_no_data &&
       (!my_strcasecmp(&my_charset_latin1, table_type, ""MRG_MyISAM"") ||
        !strcmp(table_type,""MRG_ISAM"") ||
        !strcmp(table_type,""CONNECT"") ||
        !strcmp(table_type,""FEDERATED"")))
     result= IGNORE_DATA;
 } 
{code}

There is probably a better way to list all med engine directly in the code, can't we add a flag to storage engine API  

This task would add OQGRAPH and SPIDER test and an additional option  

'm' short option is not use 

{code}
 {""no-data-med"", 'm', ""No row information for MED storage."", &opt_no_data_med,
   &opt_no_data-med, 0, GET_BOOL, NO_ARG, 1, 0, 0, 0, 0, 0},
{code}

 The default would not fetch federated rows

",,,1,0,0,30244.089050000002,1,3,0,0,0,0,0
MDEV-5536,Task,MDEV,2014-01-17 11:26:57,2015-06-09 16:57:52.000,davidstrauss,Minor,Support systemd socket activation,"Supporting socket activation would make each of the following possible for admins:
 * Cleaner restarts (the listener socket stays open persistently)
 * Network namespace isolation, disallowing any network access beyond the inherited listener port (and connections accepted from it).
 * Lazy startup for densely hosted instances. (It's also possible with socket activation to start it eagerly, as usual.)
 * Running MariaDB on privileged ports without having to start it initially as root
 * Non-racy startup for services (like a PHP site) that depend on connecting to MariaDB. Because systemd opens listener sockets early in boot, they're available even while MariaDB is starting
 * Deeper integration into coming network support in future systemd releases

Some examples in C are here:
http://0pointer.de/blog/projects/socket-activation.html

I am willing to sponsor development of this feature.",,,21,0,0,731850.9166666666,0,0,0,0,0,0,0
MDEV-5713,Task,MDEV,2014-02-21 10:34:55,2015-06-09 16:58:51.000,hhorak,Major,RFE: Add support for systemd notify feature,"Originally reported as http://bugs.mysql.com/bug.php?id=65809

Since systemd tries to start services parallel, it's not easy to ensure that mysql daemon is started before another service, which requires it. Currently, we have to use an arbitrary script, that checks if the daemon is ready.

However, systemd has a feature to notify daemon about a service status, which would help in this scenario a lot and packagers wouldn't need any additional scripts to test daemon status. MySQL daemon can simple send a message to systemd daemon, that startup actions have been done successfully and we are ready to accept connections.

Using this feature is really straightforward and doesn't make any issues if a user uses alternative init system. To be concrete, only one function call and some configuration checking is needed.

Please, consider adopting the following patch attached.",,,7,0,0,681503.9333333333,0,0,0,0,0,0,0
MDEV-6756,Task,MDEV,2014-09-18 21:18:48,2015-06-17 11:59:06.000,hhiggs,Major,map a linux pid (child pid) to a connection id shown in the output of SHOW PROCESSLIST,"We have have a multi-threaded program with multiple connections to the database.  While this program is running, we often get a single child process (pid) that just hangs.  This particular child process consumes 100% of any given CPU.  We are trying to troubleshoot this and trying to determine which child pid maps to the SHOW PROCESSLIST Id.

With that in mind, we would like to know if there is a way to map a linux child pid that's associated with the linux parent pid (ppid) of the mysqld process to the Id shown in the output of SHOW PROCESSLIST.

",,,7,1,0,391120.3,0,0,0,0,0,0,0
MDEV-6877,Task,MDEV,2014-10-16 05:16:18,2015-06-17 17:53:14.000,arjen,Major,Merge binlog_row_image from MySQL 5.6,"Sadly, many production environments do have InnoDB tables without PRIMARY KEY. This happens for instance in Drupal deployments where either core or modules may not always have a PK defined in their structure.

This MySQL 5.6 optimisation would help MariaDB slaves execute certain queries faster.


Ref http://dev.mysql.com/doc/refman/5.6/en/replication-options-binary-log.html#sysvar_binlog_row_image heading ""Optimized Row-Based Replication"" quoted below
===
The final piece in improving replication performance is to introduce efficiencies to the binary log itself.

By only replicating those elements of the row image that have changed following INSERT, UPDATE and DELETE operations, replication throughput for both the master and slave(s) can be increased while binary log disk space, network resource and server memory footprint are all reduced.

This is especially useful when replicating across datacenters or cloud availability zones.

Another performance enhancements is the was Row-Based Replication events are handled on the slave against tables without Primary Keys. Updates would be made via multiple table scans. In MySQL 5.6, no matter size of the event, only one table scan is performed, significantly reducing the apply time.

You can learn more about Optimized Row Based Replication from the MySQL documentation (http://dev.mysql.com/doc/refman/5.6/en/replication-options-binary-log.html#sysvar_binlog_row_image)
===

",,,1,0,0,352116.93333333335,0,0,0,0,0,0,0
MDEV-7832,Task,MDEV,2015-03-25 14:58:08,2015-06-17 20:10:44.000,geoffmontee,Major,Add status variables to track CREATE TEMPORARY TABLE and DROP TEMPORARY TABLE,"Some users would find it helpful to track temporary tables created and dropped by their application (not those created internally to MariaDB). Can we add status variables like the following?:

Com_create_temp_table
Com_drop_temp_table",,,1,0,0,121272.6,0,0,0,0,0,0,0
MDEV-6792,Task,MDEV,2014-09-26 01:14:06,2015-06-17 21:28:46.000,nirbhay_c,Major,Build galera library through buildbot,"Enable buildbot to build galera library for all supported platforms.

https://github.com/codership/galera
",,,2,0,0,381374.6666666667,0,0,0,0,0,0,0
MDEV-6829,Task,MDEV,2014-10-02 21:03:00,2015-06-17 21:28:57.000,nirbhay_c,Major,SELinux policy for Galera server,"Currently, there is no straight forward way to configure SELinux for MariaDB
Galera server. As a result, SELinux is normally disabled.
",,,1,0,0,371545.95,1,4,0,0,0,0,1
MDEV-7472,Task,MDEV,2015-01-15 15:50:17,2015-06-18 10:02:20.372,ivan.stoykov@skysql.com,Major,Implementation of user statements for handling the xtradb changed page bitmaps,"There are user statements available at Percona server for maintenance the  bitmap files that keep the changed pages.
These statements are not available in MariaDB.
reference:
http://www.percona.com/doc/percona-server/5.6/management/changed_page_tracking.html#changed-page-tracking-statements


",,,4,0,0,221412.0562,0,0,0,0,0,0,0
MDEV-4682,Task,MDEV,2013-06-19 20:47:59,2015-09-09 07:57:26.968,rspadim,Major,QUERY CACHE - add STATISTICS per query and show this informations in qc_info plugin,"Change sql_cache.cc and sql_cache.h to add hit rates and statistics
usable with qc_info plugin

Statistics:
total hits / total time expent in query cache
hits in three categories:
1) low period category: period between the last hit and the current hit < query expent time 
2) high period category: period < query expent time * 10 and > query expent time
3) outlier category: period > 1 second, and period > query expent time * 10
3.1) in a future version instead of  * 10, we could use number of competitors (concurrent) when inserting this query at query cache
for example if we have 9 concurrent inserts of the same query at query cache this number *10 is an acceptable value for high period, if we have n concurrent inserts a (n+1) value is acceptable

These categories helps to understand what kind of query we have cached:
1) low period hits: in this case if we lose this query entry, we will have a performace problem, and users will tell ""the server is slow now""
2) high period hits: we have a query that is executed with a good frequency, removing it we will have a higher i/o in disks
3) outlier period hits: this query isn't a query that we should cache, or we can loose it and we don't see users reporting ""hey the server is slow, or the disks is spinning a lot""

this allow a better query cache control (MDEV-4584) and a better cache hit rate when optimizing queries with SQL_CACHE/SQL_NO_CACHE


---
a second part could be an variable (query_cache_stats=0/1) to turn off/on the statistics and use a block memory just to statistics instead of one big block sharing memory with queries flags

in this case:
turn on -> off, should clean this stats memory block
turn off -> on, should create stats with 0 value (maybe a problem with lock contention), or clean all query cache and start from zero

changing query cache queries (invalidate, table invalidate, reallocation, etc) should handle the stats block too


---

tables of this plugin:

query_cache_queries:
|| *QUERY_CACHE_ID* || *STATEMENT_SCHEMA* || *STATEMENT_TEXT* || *RESULT_FOUND_ROWS* || *QUERY_ROWS* || *SELECT_ROWS_READ* || *QUERY_HITS* || *QUERY_HITS_PERIOD_LOW* || *QUERY_HITS_PERIOD_HIGH* || *QUERY_HITS_PERIOD_OUTLIERS* || *QUERY_HITS_TOTAL_TIME_US* || *QUERY_HITS_MEAN_PERIOD_US* || *QUERY_HITS_MEAN_PERIOD_LOW_US* || *QUERY_HITS_MEAN_PERIOD_HIGH_US* || *QUERY_INSERT_TIME* || *QUERY_LAST_HIT_TIME* || *SELECT_EXPEND_TIME_US* || *SELECT_LOCK_TIME_US* || *TABLES_TYPE* || *RESULT_LENGTH* || *RESULT_BLOCKS_COUNT* || *RESULT_BLOCKS_SIZE* || *RESULT_BLOCKS_SIZE_USED* || *FLAGS_CLIENT_LONG_FLAG* || *FLAGS_CLIENT_PROTOCOL_41* || *FLAGS_PROTOCOL_TYPE* || *FLAGS_MORE_RESULTS_EXISTS* || *FLAGS_IN_TRANS* || *FLAGS_AUTOCOMMIT* || *FLAGS_PKT_NR* || *FLAGS_CHARACTER_SET_CLIENT* || *FLAGS_CHARACTER_SET_RESULTS* || *FLAGS_COLLATION_CONNECTION* || *FLAGS_LIMIT* || *FLAGS_TIME_ZONE* || *FLAGS_SQL_MODE* || *FLAGS_MAX_SORT_LENGTH* || *FLAGS_GROUP_CONCAT_MAX_LEN* || *FLAGS_DIV_PRECISION_INCREMENT* || *FLAGS_DEFAULT_WEEK_FORMAT* || *FLAGS_LC_TIME_NAMES* ||
|| 1 || teste || select * from t1 || 3 || 3 || 3 || 0 || 0 || 0 || 0 || 0 ||  ||  ||  || 1411247500.713750 ||  || 232 || 35 || NON TRANSACT || 78 || 1 || 512 || 142 || 1 || 1 || 0 || 0 || 0 || 1 || 1 || utf8 || utf8 || utf8_general_ci || -1 || SYSTEM || PIPES_AS_CONCAT,ALLOW_INVALID_DATES || 1024 || 1024 || 5 || 0 || en_US ||

query_cache_queries_tables:
|| *QUERY_CACHE_ID* || *SCHEMA* || *TABLE_NAME* || *TABLE_SUFFIX* ||
|| 1 || teste || t1 || (here we display partition name like P#p0) ||

query_cache_tables
|| *TABLE_SCHEMA* || *TABLE_NAME* || *TABLE_HASHED* || *TABLE_TYPE* || *QUERIES_IN_CACHE* ||
|| teste || t1 || 1 || NON_TRANSACT || 1 ||
",,,14,7,0,1168509.4661333333,0,0,0,0,0,0,0
MDEV-6113,Task,MDEV,2014-04-15 20:32:28,2015-11-17 17:51:08.000,serg,Major,merge 5.7 innodb and xtradb,"merge 5.7 innodb and xtradb, preferably both at the same time.",,,3,0,0,836478.6666666666,1,2,0,0,0,0,0
MDEV-4691,Task,MDEV,2013-06-21 19:26:48,2015-11-17 17:51:35.000,qiushuang,Critical,Kerberize MariaDB -- add Kerberos authentication support to MariaDB,"This task identifies TODOs to add Kerberos authentication support to MariaDB.

Kerberos is a standardised network authentication protocol providing mutual authentication of potential users and network service. Many commercial relational database management systems have already internalized support for Kerberos authentication. The goal of this project aims to adding cross-platform Kerberos authentication support to MariaDB database.

h3. User Scenario
In this section, we give a normal use case.
Suppose user Adam what to authentication against his Kerberos principal.

*Step 1* Create a login user in MariaDB and specify the _kerberos_ as server side authentication plugin.
{code}
CREATE USER 'adam' IDENTIFIED VIA kerberos AS 'adam/mariadb@lp';
{code}
The gap between MariaDB username length and Kerberos principal name length make it error-prone to embedded a whole principal name into a MariaDB login name. We use a short name as MariaDB login name and identify the principal name with the *AS* clause. If the *AS* clause is absent when creating a user, the MariaDB login name is used as principal name implicitly.
*Step 2* At client side, Adam acquires a service ticket (or access token) to MariaDB.
*Step 3* Adam tries to login with short login name.
{code}
$ mysql -u adam
{code}
*Step 4* If _adam/mariadb@lp_ is a valid principal in Kerberos and the service ticket is not expired, Adam can login MariaDB passwordlessly; otherwise, he will receive an actionable error message.

h3. The Source Code
Source codes will be located in the _plugin/auth_kerberos_ directory.
*_mysql_declar_plugin/mysql_declare_plugin_end_* macros can be used to define server side plugin and *_mysql_declare_client_plugin/mysql_end_client_plugin_* macros for client side.

h3. Client-Server Communication
This section defines the message exchanges between client and server during Kerberos authentication.

*Step 1* Server sends the null-terminated SPN to the client (the SPN is given as server parameter, documented in yet another section).
*Step 2* Client receives SPN from server with *_vio->read_packet_*, creates a secure context with the SPN by *_gss_init_sec_context_* repeating until done.
*Step 3* Client writes the output token created by *_gss_init_sec_context_* to the server, using *_vio->write_packet_*.
*Step 4* Server acquire credential with *_gss_acquire_cred_* to get the initial server credential.
*Step 5* Server reads token created at *step 3*, checks the principal name enclosed in the token with its credential get in *step 4* and accepts the access requests if recognizable otherwise fails the connection.

h3. Figure-out SPN
This section describes the policy to identify a valid service principal name.

For the server side plugin, an SPN is requried. The principal name is an option in configuration file (e.g. _~/.my.cfn_) with {code}spn=primary/instance@realm{code} or {code}spn=primary@machine.domain{code} depending on its platform, where *primary* is the service name. If this option does not present, *mysql* is the default SPN.

h3. Cross-platform Requirements

GSSAPI based Kerberos authentication is widely used in *nix world, while Windows also provides an SSPI based Kerberos authentication process. The plugin will support Windows-SSPI in addition to GSSAPi to maximize the compatibility.

h3. Links
# Configure Kerberos authentication in Oracle RDBMS. http://docs.oracle.com/cd/A97630_01/network.920/a96573/asokerb.htm
# Using Kerberos authentication with SQL Server. http://msdn.microsoft.com/en-us/library/cc280745(v=sql.105).aspx
# Configuring Kerberos for Sybase. http://www.sybase.com.hk/content/1029260/1029260.pdf
# The Kerberos network authentication service (v5). http://tools.ietf.org/html/rfc4120
# GSS-API C-binding. http://tools.ietf.org/html/rfc2744
# The Kerberos version 5 Generic Security Service Application Program Interface (GSS-API) mechanism: Version 2. http://tools.ietf.org/html/rfc4121
# MariaDB Pluggable Authentication. https://kb.askmonty.org/en/development-pluggable-authentication/
# How the Kerberos Version 5 Authentication Protocol Works. http://technet.microsoft.com/en-us/library/cc772815(v=ws.10).aspx
# SSPI/Kerberos Interoperability with GSSAPI. http://msdn.microsoft.com/en-us/library/ms995352.aspx
# Best Practices for Integrating Kerberos into Your Application. http://www.kerberos.org/software/appskerberos.pdf",,,22,0,0,1265664.7833333334,0,0,0,0,0,0,0
MDEV-5535,Task,MDEV,2014-01-16 20:04:18,2015-11-18 09:19:40.132,chombik,Major,cant reopen temporary table,"It is a well-known and very old MySQL/MariaDB limitation that temporary tables can only be used once in any query; for example, one cannot join a temporary table to itself. This task is about removing this limitation.

*original bug report:*
{quote}
if I {{create temporary table a (id int);}} I cant {{select a1.* from a a1, a a2;}}

I understand, that http://bugs.mysql.com/bug.php?id=10327 is in ""feature"" state for 8(!!!) years.
But may be at least at mariadb someone to fix it.
It is not so extraordinary type of select.
I had bumped at almost all kind of problems about this, which are described about this bug. And any kind of rewrite selects/logic to avoid this error is a huge performance and logic issuse at hiload projects.
Can anyone tell me if it would be fixed? when? where?
Because I cant find any mention about it in mariadb.
Sorry if I missed something.
{quote}",,,8,2,0,965595.3688666667,1,3,0,0,0,0,0
MXS-213,New Feature,MXS,2015-06-22 12:51:17,2016-01-12 10:41:08.508,stephane@skysql.com,Major,Binlog Server Phase 3: Support Semi-Sync Replication in Binlog Server  ,"The mysqlbinlog backup implementation is sharing the code with the server semisync slave plugin. 
https://github.com/facebook/mysql-5.6/commit/60930e21c2c1d52c059cf89b37caaf0d40338a8f

Semi-sync implementation would enable lossless failover by sending backlog events to a candidate slave ",,,4,1,0,293629.8584666667,0,0,0,0,0,0,1
MXS-300,New Feature,MXS,2015-08-03 20:39:13,2016-05-04 09:31:42.000,caisunny,Major,LONGBLOB are currently not supported.,"Why LONGBLOB are currently not supported? 
For small data in LONGBLOB, it seems fine.
In which situation, it will cause problem?
For 1.0.5, is it support LONGBLOB? Because I did not see ""LONGBLOB are currently not supported."" in the document.
",,,5,0,0,395332.48333333334,0,0,0,0,0,0,0
MDEV-9185,Task,MDEV,2015-11-25 11:14:00,2016-05-11 07:34:06.000,svoj,Major,[PATCH] Integrate with Travis-CI for easier and more automatic QA,"I simplified and refactored the original suggestion from Daniel Black regarding a .travis.yml file that enables the usage of the continous integration service by Travis, which is free for open source projects and easily available to anybody who wants to developd and work with the MariaDB server sources.

This Travis-CI file is not intended to replace the buildbots currently used by MariaDB core developers, but rather to provide an extra facility for occasional contributors who don't have their own buildbot trees.

Currently Travis-CI has a 50 minute limit on the build duration, so the tests are limited to the 'main' suite. Parallel Travis-CI jobs would be a way around that restriction, but it wastes resources, so I am working with Travis-CI dev to figure out another more effective solution.

The Travis build also includes building the Debian packages, which will help spot packaging breakages early on.

The code in this PR branch passes the test. Log visible at https://travis-ci.org/MariaDB/server/builds/92879843",,,2,0,0,241700.1,3,1,0,0,0,0,0
MDEV-8320,New Feature,MDEV,2015-06-16 09:24:58,2016-07-20 08:28:46.000,jkavalik,Blocker,Allow index usage for DATE(datetime_column) = const,"Would it be possible to make DATE() on datetime column sargable in some cases?
Like rewrite ""DATE(col) = const"" to ""col BETWEEN concat(const, ' 00:00:00') AND concat(const, ' 23:59:59')""

Other similar cases:
- ""YEAR(col) = const"" is almost the same
- ""YEAR(col) = c1 AND MONTH(col) = c2"" and other such combinations may be too complex to be worth it.",,,14,1,0,575943.8,0,0,0,0,0,0,0
MDEV-7635,Task,MDEV,2015-02-25 20:19:11,2016-08-03 10:11:02.000,mathnode,Blocker,update defaults and simplify mysqld config parameters ,"Poor MySQL has received some negative feedback over the years ^1^ ^2^. As entertaining as it is watching and listening to developers struggle and whine, I think it's about time we changed some of the defaults and made the config easier to understand.

Oracle are working on changing more defaults in 5.7 ^3^ ^4^ ^5^, I think we should too.

Something else they have done, is to radically change the simplicity of the default server config file, /etc/my.cnf:
https://raw.githubusercontent.com/mysql/mysql-server/5.7/support-files/my-default.cnf.sh

It's quite clear there, the sql_mode has been set, which will satisfy most developers and users looking for an ACID compliant database with little tweaking, and a rough note on increasing or decreasing RAM needed for InnoDB. MariaDB now probably needs something similar for Galera, CONNET and TokuDB.

# http://sql-info.de/mysql/gotchas.html
# http://blog.ionelmc.ro/2014/12/28/terrible-choices-mysql/
# http://www.tocker.ca/2015/01/23/proposal-to-change-additional-defaults-in-mysql-5-7.html
# http://www.tocker.ca/2015/01/14/proposal-to-change-replication-and-innodb-settings-in-mysql-5-7.html
# http://www.tocker.ca/2015/02/24/proposal-to-change-additional-defaults-in-mysql-5-7-february-edition.html",,,4,0,0,755391.85,5,126,1,1,1,1,0
MCOL-271,New Feature,MCOL,2016-08-18 12:55:53,2016-08-25 11:15:31.000,linuxjedi,Blocker,Empty varchar text gets set to NULL,"I suspect this is related to MCOL-171.

MariaDB [sakila]> create table t2 (a varchar(255)) engine=columnstore;Query OK, 0 rows affected (0.61 sec)

MariaDB [sakila]> insert into t2 values ('');
Query OK, 1 row affected (0.26 sec)

MariaDB [sakila]> select * from t2;
+------+                                           
| a    |
+------+
| NULL |
+------+
1 row in set (0.10 sec)


MariaDB [sakila]> create table t1 (a varchar(255) not null) engine=columnstore;
Query OK, 0 rows affected (0.53 sec)

MariaDB [sakila]> insert into t1 values ('');
ERROR 1815 (HY000): Internal error: CAL0001: Insert Failed:  IDB-4015: Column 'a' cannot be null.  

",,,4,0,0,9979.633333333333,4,24,1,1,1,1,0
MDEV-6284,Task,MDEV,2014-05-30 21:56:04,2016-08-31 07:43:58.000,otto,Major,Merge downstream Debian/Ubuntu packaging into upstream MariaDB,"== Motivation ==

Merge downstream .deb-packaging into upstream MariaDB to unify, streamline and ease future release packaging. This will also fix some packaging errors in current MariaDB.org deb-packages.

== Patch description ==

List of notable changes:
* Completely new Debian packaging standard (3.0 quilt) including rules file, patch conventions and .files -> .install file listing conventions
* The will no longer be a debian/dist subfolder and the packaging of Debian an Ubuntu will be unified (= Debian will ship with AppArmor files included)
* Support for Debian releases before Wheezy (7) and Ubuntu releases before Precise (12.04) will be dropped

The upstream MariaDB contents of debian/* will not be fully identical to the downstream Debian/Ubuntu one.

List of intended differences between Debian master and MariaDB master regarding debian/ contents:
* control file: maintainer, uploaders, VCS and browser links
* omitted packages (not allowed in Debian): libmariadbclient18, libmysqlclient18, libmariadbclient-dev, mysql-common
* omitted plugins (problematic in Debian): Handler socket, TokuDB, Mroonga, Cassandra
* keep autobake.sh in mariadb.org repo

To close this bug please:

1) Merge selected parts of debian/* from https://anonscm.debian.org/gitweb/?p=pkg-mysql/mariadb-10.0.git to https://github.com/MariaDB/server via pull requests arriving from branch ok-debpkg at https://github.com/ottok/mariadb

2) Backport form MariaDB development head to 10.1, 10.0 and maybe even 5.5 commits that fix individual issues.

== Quality assurance ==

The new debian/* contents represents the state of the art of Debian packaging. The mariadb-5.5 and mariadb-10.0 has passed all Debian quality assurance and landed in the official Debian repositories. More details at https://wiki.debian.org/Teams/MySQL/MariaDB

These same packages have also gone downstream to Ubuntu, has passed Ubuntu QA and are included since the Ubuntu 14.04 release.

Buildbot test for ok-debpkg branch: https://buildbot.askmonty.org/buildbot/grid?branch=ok-debpkg&category=main

== Roll-out planning ==

This merge should be safe to release with 10.1. All new installs and upgrades using the MariaDB.org repo or mixing it with official Debian or Ubuntu repository contents is expected to work.

Below are the different scenarios how releasing the new packging at MariaDB.org will affect current installs/upgrades:

A) If users currently have a MariaDB.org repo enabled, those packages will have a + in their version number. Debian package manager will always consider e.g. 10.1.6+maria as more recent than 10.1.6 from the native repositories. Therefore people having MariaDB.org repositories will always get primarly the packages from MariaDB.org repositories. It is very unlikely that a Debian repository would ever have a more recent release than in MariaDB.org (e.g. 10.1.7 would override 10.1.6+maria, but that is not likely to take place as MariaDB.org always releases first).

B) The new packaging is designed and tested that it allows seamless upgrades from old deb packaging generation to new generation. Whether the new packaging is from MariaDB.org or distro repositories does not matter.

C) Backwards works only partially, but is a rare case (e.g. current Ubuntu users trying to upgrade from new style debs 10.0 to MariaDB.org repo old style debs 10.0 will see issues, e.g. MDEV-5977). As soon as this merge is done and MariaDB.org publishes packages using the new packaging this corner case is fixed.

D) If users remove the MariaDB.org from their install, they will automatically have their 10.1.6+maria updated to Debian/Ubuntu native 5.5.39 once it is released in Debian.

E) Like previously, upgrading from MySQL 5.5 to MariaDB 5.5 works seamlessly and backwards also. Updating from MariaDB 5.5 to 10.0 works seamlessly but backwards will have issues (downgrade flag, InnoDB log size mismatch etc) the package manager will not solve automatically. If users dump and import data manually, and in between completely purge and install the packages, then users can always migrate to whatever version.",,,10,3,0,1185707.9,2,0,0,0,0,0,0
MDEV-9197,Task,MDEV,2015-11-27 01:39:35,2016-08-31 07:44:50.269,psergey,Major,Pushdown conditions into non-mergeable views/derived tables,"It is possible to do condition pushdown into non-mergable VIEWs or derived tables.

Example:
{noformat}
select ...
from 
  (select col1, max(col2) as max_val 
   from t2 
   group by t1 ) TBL
where 
   col1 !='foo' and max_val > 100
{noformat}

here, both parts of top-level select's WHERE clause can be pushed into derived table's HAVING clause.

h2. Implementation challenges
Moving condition from one select into another changes the context which condition is used in. 
Table condition pushdown produces strictest-possible conditions, but has a property that certain part of condition can be attached to multiple tables.  
Doing the same thing here will cause trouble: if the same part of the condition is both in subquery's HAVING and in upper select's WHERE, it should e.g. automagically changes its used_tables() depending on what context we're looking at it from. 
The solution to this is to do limited pushdown: only push down expressions that we can completely remove from upper query's WHERE.

Pushdown may also require adjustments to {{ref_pointer_array}}. Sanja and Igor seem to understand the details of this. ",,,2,0,0,400685.2544833334,0,0,0,0,0,0,0
MDEV-10813,Task,MDEV,2016-09-15 09:18:04,2016-09-30 12:33:05.000,svoj,Critical,"Clean-up InnoDB atomics, memory barriers and mutexes","InnoDB atomics implementation is getting worse: 5.7 implementation is not maintainable. We should remove it and use atomics provided by server instead.

InnoDB is now full of meaningless memory barriers, these should be removed along with memory barriers implementation.

We should restore fixes for InnoDB rwlocks.

Mutexes should be cleaned up so that their code is readable. Also we should ensure that mutexes issue proper memory barriers.

NOTE: there're 4 mutex implementations in InnoDB: futex base, spin lock (never used), pthread/critical_section based, event based (default). We should consider removing 3 implementations and leaving only pthread/critical_section based solution.",,,10,1,0,21795.016666666666,0,0,0,0,0,0,1
MDEV-9658,Task,MDEV,2016-02-29 09:30:56,2016-10-13 06:32:39.000,colin,Critical,Add MyRocks to MariaDB,"This is the umbrella task for including MyRocks Storage Engine from https://github.com/facebook/mysql-5.6 (""FB tree"") into MariaDB. 

h2. Inclusion itself 

See MDEV-10965: Add MyRocks into MariaDB repository 

h2. Packaging 

See MDEV-10966 - Packaging for MariaRocks 

h2. Required changes at the SQL layer 

A list of changes in the FB tree that touch the SQL layer (based on {{git log}} output): 
[65501b5|https://github.com/facebook/mysql-5.6/commit/65501b5] Disable unique checks when replica is lagging 
[dd7eeae|https://github.com/facebook/mysql-5.6/commit/dd7eeae] Issue#250: MyRocks/Innodb different output from query with order ... 
[f0a2ded|https://github.com/facebook/mysql-5.6/commit/f0a2ded] Per database uuid 
[9b439ee|https://github.com/facebook/mysql-5.6/commit/9b439ee] Add option to exclude tables from gap lock check 
[5bcb50c|https://github.com/facebook/mysql-5.6/commit/5bcb50c] Per database uuid 
[e9ef099|https://github.com/facebook/mysql-5.6/commit/e9ef099] Improve code style for classes RDBSE_TABLE_DEF and RDBSE_KEYDEF 
[5a82f20|https://github.com/facebook/mysql-5.6/commit/5a82f20] Add gcc function attributes to MyRocks code with a sprinkle of assertions 
[6078c85|https://github.com/facebook/mysql-5.6/commit/6078c85] Preventing to write ""Got error 122.."" to err log on Gap Lock errors 
[782cc5a|https://github.com/facebook/mysql-5.6/commit/782cc5a] Optionally block/log queries relying on Gap Locks 
[c2dbe68|https://github.com/facebook/mysql-5.6/commit/c2dbe68] Add lock information to lock timeout error message 
[c1f1f0b|https://github.com/facebook/mysql-5.6/commit/c1f1f0b] Issue #108: Index-only scans do not work for partitioned tables and extended keys 
[3c0802f|https://github.com/facebook/mysql-5.6/commit/3c0802f] Improve singled thread replication performance 
[55622f1|https://github.com/facebook/mysql-5.6/commit/55622f1] Issue #75: Prefix bloom filter is not used for LinkBench style range scan 
[ee00797|https://github.com/facebook/mysql-5.6/commit/ee00797] Compile rocksdb library with mysql compiler settings 
[8098b78|https://github.com/facebook/mysql-5.6/commit/8098b78] Add support for reporting keys/deletes skipped in the extra slow query log 
[bcd7646|https://github.com/facebook/mysql-5.6/commit/bcd7646] Supporting START TRANSACTION WITH CONSISTENT \[ROCKSDB] SNAPSHOT 
[ff91c80|https://github.com/facebook/mysql-5.6/commit/ff91c80] Crash safe slave and master in RocksDB 


* also check if [da1d92fd|https://github.com/facebook/mysql-5.6/commit/da1d92fd] (set_end_range) is ported from mysql-5.6 because MyRocks' bloom prefix filter uses that. 
* MariaDB has just got NO_PAD collations: MDEV-9711. MyRocks actually had NO_PAD behaviour for PAD collations, and this was a bug
https://github.com/facebook/mysql-5.6/issues/257.  MyRocks will have to provide PAD/NO_PAD behaviour, accordingly to what charset is used.

* rdb_perf_context.cc uses my_io_perf_sum_atomic_helper() the function is not in MySQL or MariaDB, it comes from [bc4145e7|https://github.com/facebook/mysql-5.6/commit/bc4145e7]

* MDEV-10975: Merging of @@rocksdb_skip_unique_check
* MDEV-10976: Port MyRocks' Read Free Replication to MariaRocks
h2. Group Commit with Binlog (and Optimistic Parallel Replication). 

MyRocks (actually, RocksDB and MyRocks together) need support for high-priority transactions to get MariaDB's optimistic Parallel Replication to work. 

h2. Other issues 
* mysql-test-run should not require any additional parameters when running MyRocks tests.
* packaging for {{myrocks_hotbackup}}
* Do we include MyRocks' RQG tests? It has some MTR tests which actually just run the bundled RQG with a special grammar.
* TODO what is missing? 
",,,5,25,0,326701.7166666667,1,5,1,0,0,0,1
MDEV-11297,Task,MDEV,2016-11-16 12:42:34,2016-11-18 14:20:16.000,varun,Major,add support for LIMIT clause in GROUP_CONCAT(),"GROUP_CONCAT supports ORDER BY and DISTINCT but not LIMIT clause.
Supporting LIMIT N[,M] could simplify queries.

something like

SUBSTRING_INDEX(GROUP_CONCAT(CONCAT_WS("":"",date,cnt) ORDER BY cnt DESC),"","",1)

could be written as

GROUP_CONCAT(CONCAT_WS("":"",date,cnt) ORDER BY cnt DESC LIMIT 1)

this can be used in timeseries-like calculations. Suppose we have a table (date,cnt) and we want to produce a list of dates, for each year, where cnt was maximum for that year, showing such date,cnt for each year

currently this is written in an awkward manner and is also quite inefficient as we SELECT much more data that is necessary for the task:

SELECT LEFT(col1,4) AS _yyyy
, SUBSTRING_INDEX(GROUP_CONCAT(CONCAT_WS("":"",DATE_FORMAT(col1,""%a %Y-%m-%d""),LPAD(col2,8,"" "")) ORDER BY col2 DESC),"","",1) AS col3
FROM t1
GROUP BY 1
;",,,1,1,0,2977.7,1,2,0,0,0,0,0
MDEV-11419,Task,MDEV,2016-11-29 15:57:33,2016-12-08 12:11:28.000,sanja,Major,Report all INSERT ID for bulk operation INSERT,"Before normal OK packet sent result set with 3 fields:
Id - first ID sequence
Len - Sequence length (number of sequential Ids)
Inc - increment of the sequence (same for all records)

If statement return the same ID after each insert, will be reported only one.
 
Function work only if INSERT_ID_REQUEST set as flag for the execute statement.

",,,8,7,0,12733.916666666666,0,0,0,0,0,0,0
MDEV-11369,Task,MDEV,2016-11-28 10:36:14,2016-12-21 14:57:38.843,monty,Major,Instant add column for InnoDB,"Add support for instant add column for InnoDB when adding a new column with a default value last.

We have got patches from Alibaba and TenCent for doing this.  We should choose either one or merge them.

The idea in both patches is to add a new row type to InnoDB where the number of columns
are stored in each row in 1-2 bytes.  When creating a row we store the current number of columns.  This allows us to fill any extra columns with default values on read.",,,6,1,0,33381.41405,0,0,0,0,0,0,0
MXS-287,New Feature,MXS,2015-07-27 16:28:49,2017-01-04 10:52:38.000,simon.hanmer,Major,Access databases from command line failed when grants set with wildcarded hosts,"We have used the wildcard capability with grants in our current MySQL setup, using grants such as 


{code:java}
grant all on `%user%`.* to 'user'@'%' identified by 'somepassword';
{code}


If we try this with the command line client pointed at a maxscale host, specifying a database gives us an 'access denied' failure.


{code:java}
mysql -h maxscale_host -u user -p user_db
{code}


whereas connecting to one of the Galera nodes directly works

{code:java}
mysql -h galera_host -u user -p user_db
{code}

If we explicitly set the grant for a specific database, then the client works
{code:java}
grant all on `user_db`.* to 'user'@'%' identified by 'somepassword';
{code}

In all cases, connecting without specifying the database and then choosing the database with a use statement works.",,,12,0,0,758543.8166666667,0,0,0,0,0,0,0
MXS-109,New Feature,MXS,2015-04-22 21:50:19,2017-01-18 10:30:21.000,michaeldg,Major,Galera monitor: Minimum cluster size and/or refuse two cluster IDS in 1 cluster,"I think 2 extra features in the Galera monitor module would be a good addition to MaxScale.

If we have a 3 node galera cluster and somebody accidently bootstrap each one (or 2) of them, MaxScale would currently send traffic to all nodes allthough they are not in a cluster together. 

I think there are 2 ways to avoid this in the MaxScale monitor, option 1 is easy and option 2 is elegant.
1: Config parameter with the minimum cluster size. If any node is up but the minimum cluster size is too low, consider the node down.

2a: If there are several cluster identifiers present in the list of servers MaxScale knows about, only consider the servers with cluster identifier that occurs at least 1 time more then the other identifier(s)
2b: If there are several cluster identifiers present in the servers MaxScale knows about do not consider any of the nodes up
",,,1,1,0,916600.0333333333,0,0,0,0,0,0,0
MXS-1075,Task,MXS,2017-01-12 12:25:05,2017-02-01 10:38:25.000,dshjoshi,Major,Support MariaDB GTID in binlog replication handshake with  MariaDB Master and MariaDB Slave,"(1) Use GTID in handshake with MariaDB Master server 
When 
CHANGE MASTER TO master_host='<host-ip>', master_user='<usr>', master_password='<password>', master_use_gtid=slave_pos
is executed on MaxScale, request the master to send binlog starting from GTID corresponding to slave_pos; where slave_gtid_pos is the last 

(2) Accept GTID in handshake from a MariaDB Slave. When Slave requests MaxScale to send binlog starting from slave_pos - start sending binlog record to the particular slave from the GTID corresponding to requested slave_pos ",,,1,0,0,28693.333333333332,1,7,1,0,0,0,0
MDEV-4537,Task,MDEV,2013-05-16 13:38:13,2017-03-02 11:51:46.000,jb-boin,Major,innotop tracker,"I based this task on the one on mytop : MDEV-4476

As of this date, the innotop packaged on Debian/Ubuntu packages (and possibly other ones) of MariaDB is the 1.7.1 and the latest upstream version is the 1.9.0 from september 2012.

1. Document changes in innotop that are in MariaDB on KB
2. Submit patches back to upstream innotop or if no substantial modifications has been done on the MariaDB version adopt the upstream version
3. Potentially package innotop on its own package
4. Add MariaDB specific functionalities such as the query progress and fix bugs",,,8,0,0,1995733.55,0,0,0,0,0,0,0
MDEV-11934,Task,MDEV,2017-01-29 17:02:06,2017-03-08 11:11:11.000,psergey,Major,MariaRocks: Group Commit with binlog,"MyRocks has group commit with the binary log based on MySQL API: 
https://github.com/facebook/mysql-5.6/commit/14a0d4a97c09b52fa7450e6a3d56ebe7ed193ab6

Inside MyRocks/RocksDB:
* One can set {{m_rocksdb_tx->GetWriteOptions()->sync}} to false to avoid flushing.
* One can flush WAL to disk with {{rdb->SyncWAL()}} call.
* RocksDB has its own group commit imlementation which ""just works"" and is not visible from outside of RocksDB API.

h2. == MySQL's Group Commit API ==

Here is a description of how it works when safe settings are ( sync_binlog=1, rocksdb_enable_2pc=ON, rocksdb_write_sync=ON)

=== Prepare ===
The storage engine checks `thd->durability_property == HA_IGNORE_DURABILITY`.
If true, it sets sync=false, which causes RocksDB not to persist the Prepare operation to disk.

=== Flush logs ===

Then SQL layer calls rocksdb_flush_wal() which makes the effect of
rocksdb_prepare() call persistent by calling SyncWAL().

If we crash at this point, recovery process will roll back the prepared
transaction in MyRocks.

Then, SQL layer writes and flushes the binlog. If we crash after that, recovery
will commit the prepared MyRocks' transaction.

As far as MyRocks is concerned, each SyncWAL() call is made individually.
RocksDB has its own Group Commit implementation under the hood.

=== Commit ===

Then SQL layer calls rocksdb_commit().

Commit writes to WAL too, but does not sync it.
(The effect of rocksdb_prepare() was flushed, the binlog has the information about whether the recovery should commit or roll back, the binlog has been flushed to disk)

h2. == MariaDB ==

MariaDB 10.2 has {{thd->durability_property}} but it is always equal to HA_REGULAR_DURABILITY

For actually doing Group Commit, MariaDB 10.0+ has new handlerton functions:

*  handlerton->prepare_ordered
*  handlerton->commit_ordered
*  (handlerton->commit is still there and still used also)
*  handlerton->commit_checkpoint_request

",,,5,0,0,54369.083333333336,0,0,0,0,0,0,1
MDEV-11159,Task,MDEV,2016-10-27 11:26:09,2017-05-24 12:17:28.000,stephane@skysql.com,Critical,Server Proxy Protocol Support,https://blueprints.launchpad.net/percona-server/+spec/proxy-protocol,,,4,0,0,301011.31666666665,1,9,1,0,0,0,2
MDEV-12179,Task,MDEV,2017-03-06 09:10:40,2017-05-24 13:28:03.000,knielsen,Critical,Per-engine mysql.gtid_slave_pos tables,"Implement that server reads/updates the GTID position using multiple tables
mysql.gtid_slave_pos_XXX, each using a different storage engine. Replicated
transactions update the version of the table in the same engine, if
available. This avoids the overhead of cross-engine transactions on servers
where multiple storage engines are in use at the same time (but not in the
same transactions).

See mailing list thread: https://lists.launchpad.net/maria-developers/msg10453.html",,,2,0,0,114017.38333333333,0,0,0,0,0,0,0
MXS-852,New Feature,MXS,2016-08-30 19:29:00,2017-06-14 09:17:29.000,ccalender,Major,Maxscale prepared statement routing,"All of our prepared statements are being routed to master even if they are read only select. I see this is a known limitation of MaxScale. 

Can you please implement route to slave for read only prepared statements?",,,1,0,0,414108.48333333334,0,0,0,0,0,0,0
MDEV-12288,Task,MDEV,2017-03-17 07:00:37,2017-07-06 20:22:12.000,marko,Major,"Reset DB_TRX_ID when the history is removed, to speed up MVCC","The InnoDB clustered index record system columns DB_TRX_ID,DB_ROLL_PTR are used by multi-versioning and for determining if a record is implicitly locked. After the history is no longer needed, these columns can safely be reset to 0 and 1<<55 (to indicate a fresh insert).

When a reader sees 0 in the DB_TRX_ID column, it can instantly determine that the record is present the read view. There is no need to acquire the transaction system mutex to check if the transaction exists, because writes can never be conducted by a transaction whose ID is 0.

The persistent InnoDB undo log is split into two parts: insert_undo and update_undo. The insert_undo log is discarded at transaction commit or rollback, and the update_undo log is processed by the purge subsystem. As part of this change, we must merge the two types of undo logs into one, and the purge subsystem will reset the DB_TRX_ID whenever a clustered index record is ‘touched’.

h2. Upgrade considerations
This will change the persistent InnoDB file formats, not only in the undo log and redo log, but also in the data files. There are some debug assertions that would not allow any record to contain DB_TRX_ID=0.

A new redo log format tag must be introduced so that the writes of the system columns can be properly redo-logged. (See MDEV-11432, MDEV-11782.) This will prevent a startup of an older version with the new-version redo logs. We may also prevent a crash recovery of MariaDB 10.2 files with the newer version. (Crash recovery of files from 10.1 or earlier versions is already prevented in 10.2.)

The undo log format will be changed as well. To be able to get rid of legacy code, InnoDB startup should detect if any old-format undo logs are present. If yes, startup will be refused, and the user must perform a slow shutdown (SET GLOBAL innodb_fast_shutdown=0) with the old server in order to empty the undo logs.

[A proof-of-concept implementation for 10.2|https://github.com/MariaDB/server/commit/7d8714d70bbc9f7bc6aff641e8007413fa0e01cd] consists of 4 consecutive commits. It is missing any of the above-mentioned upgrade logic.",,,5,0,0,160641.58333333334,0,0,0,0,0,0,0
MXS-43,New Feature,MXS,2015-03-14 09:56:36,2017-07-27 10:02:17.000,netroby,Major,Would you please make a official MaxScale docker image for us ?,"Would you please make a official MaxScale docker image for us ?

I tried my best to install MaxScale in these three days.
But i never success run it.

Please create a official docker image contains usable maxscale for us.
many thanks you guys.
",,,1,0,0,1247045.6833333333,0,0,0,0,0,0,0
MXS-1306,Sub-Task,MXS,2017-06-29 08:57:06,2017-07-27 10:03:02.973,johan.wikman,Major,Obfuscation,"It should be possible to use the masking filter for obfuscating values. That is, o consistently replace a certain value with something else.

For instance:
{code}
Bob   -> Dfg
Cecil -> Ghkrd
John  -> Klot
Bob   -> Dfg
John  -> Klot
...
{code}
The two critical properties are:
* A particular string should always be obfuscated in the same way.
* The obfuscation method should be such that it should not be trivial to reach to the original value from the obfuscated value (not e.g. ROT13).

In the masking configuration file this could be represented e.g. as.
{code}
{
    ""rules"": [
        {
            ""obfuscate"": {
                ""column"": ""ssn""
            },
            ""applies_to"": [ ... ],
            ""exempted"": [ ... ]
        },
    ...
{code}
but note that the above is only for illustrative purposes. The actual way for expressing what should be obfuscated and how is to be defined during the development.",,,5,0,0,40385.949550000005,0,0,0,0,0,0,0
MDEV-12172,Task,MDEV,2017-03-03 18:01:42,2017-10-24 14:28:30.000,igor,Major,Implement tables specified by table value constructors.,"SQL Standards starting from SQL-1999 uses the construct <table value constructor> as
one of the alternatives for <simple table>:
{noformat}
<simple table> ::=
    <query specification>
  | <table value constructor>
  | <explicit table>
{noformat}
Currently MariaDB uses <table value constructor> only in insert statements:
{code:sql}
INSERT INTO t VALUES (1,'xx'), (5,'yyy'), (1,'zzz');
{code}
With <table value constructor> it will be possible to use such CTE specification:
{code:sql}
WITH t (a,c) AS  (SELECT * FROM VALUES (1,'xx'), (5,'yyy'), (1,'zzz')) ...
{code}
Now instead of this we have to use something like this:
{code:sql}
WITH t (a,c) AS (SELECT 1,  'xx' UNION ALL SELECT 5,  'yyy' UNION ALL 1, 'zzz') ...
{code}
Processing of the latter will take much more memory.

Besides with the possibility of using table value constructors in CTE specifications some optimization transformations for IN predicates will be possible.
",,,4,1,0,338186.8,0,0,0,0,0,0,0
MDEV-12176,Task,MDEV,2017-03-03 18:39:57,2017-10-24 14:28:59.000,igor,Major,Transform [NOT] IN predicate with long list of values INTO [NOT] IN subquery. ,"Currently if MariaDB checks whether possibility to use range access based on [NOT] IN predicate with a long list of values it build SEL_TREEs taking huge amount of memory.
Meanwhile using CTE specified by table value constructor such a predicate could be transformed into an equivalent [NOT] IN subquery:
{noformat}
SELECT ... WHERE ... (expr1, ...) [NOT] IN (value_list) ...;
=>
WITH t(col1, ...) AS (SELECT * FROM VALUES value_list) 
SELECT ... WHERE ... (expr1, ...) [NOT] IN (SELECT * FROM t)...;
{noformat}
",,,1,2,0,338149.0333333333,0,0,0,0,0,0,1
MDEV-14113,Task,MDEV,2017-10-24 07:25:58,2017-10-24 16:55:38.000,svoj,Major,MS: Add linger option on TCP sockets,"{noformat}
From 04a3482b9c5772cd3a82a4aec51976cd2e3e686d Mon Sep 17 00:00:00 2001
From: Shuode Li <shuodl@microsoft.com>
Date: Tue, 19 Sep 2017 01:47:19 +0000
Subject: [PATCH] Merged PR 55490: Add linger option on TCP sockets.

Add linger option on TCP sockets.

Related work items: #73276
---
 CMakeLists.txt                       |  5 +++++
 include/mysql_com.h                  |  4 ++++
 mysql-test/r/mysqld--help-win.result |  6 ++++++
 sql/mysqld.cc                        | 10 ++++++++++
 sql/mysqld.h                         |  5 +++++
 sql/sys_vars.cc                      | 15 +++++++++++++++
 tools/cmake.cmd                      |  4 ++++
 7 files changed, 49 insertions(+)

diff --git a/CMakeLists.txt b/CMakeLists.txt
index 90a31a48303..aa3620a07c8 100644
--- a/CMakeLists.txt
+++ b/CMakeLists.txt
@@ -462,6 +462,11 @@ OPTION(DISABLE_AZURE_REPLICATION
 IF(DISABLE_AZURE_REPLICATION)
   ADD_DEFINITIONS(-DDISABLE_AZURE_REPLICATION)
 ENDIF()
+OPTION(DISABLE_TCP_LINGER
+  ""disable tcp linger options"" OFF)
+IF(DISABLE_TCP_LINGER)
+  ADD_DEFINITIONS(-DDISABLE_TCP_LINGER)
+ENDIF()

 OPTION(DISABLE_USER_NAME_CHECK
   ""disable user name check"" OFF)
diff --git a/include/mysql_com.h b/include/mysql_com.h
index 8f603d07322..8b527e91e92 100644
--- a/include/mysql_com.h
+++ b/include/mysql_com.h
@@ -309,6 +309,10 @@ enum enum_server_command
 #define NET_WRITE_TIMEOUT	60		/* Timeout on write */
 #define NET_WAIT_TIMEOUT	8*60*60		/* Wait for new query */

+#ifndef DISABLE_TCP_LINGER
+#define TCP_LINGER_TIMEOUT	10
+#endif
+
 #define ONLY_KILL_QUERY         1


diff --git a/mysql-test/r/mysqld--help-win.result b/mysql-test/r/mysqld--help-win.result
index aee358bc2b2..351ea82a1f3 100644
--- a/mysql-test/r/mysqld--help-win.result
+++ b/mysql-test/r/mysqld--help-win.result
@@ -1026,6 +1026,10 @@ The following options may be given as the first argument:
  --tc-heuristic-recover=name
  Decision to use in heuristic recover process. Possible
  values are COMMIT or ROLLBACK.
+ --tcp-linger        The number of seconds the server tcp linger timeout
+ (Defaults to on; use --skip-tcp-linger to disable.)
+ --tcp-linger-timeout[=#]
+ The number of seconds the server tcp linger timeout
  --thread-cache-size=#
  How many threads we should keep in a cache for reuse
  --thread-handling=name
@@ -1362,6 +1366,8 @@ sync-relay-log-info 10000
 sysdate-is-now FALSE
 table-open-cache-instances 1
 tc-heuristic-recover COMMIT
+tcp-linger TRUE
+tcp-linger-timeout 10
 thread-cache-size 9
 thread-handling one-thread-per-connection
 thread-stack 262144
diff --git a/sql/mysqld.cc b/sql/mysqld.cc
index 151ffc5fcd2..0ceb4d037f2 100644
--- a/sql/mysqld.cc
+++ b/sql/mysqld.cc
@@ -588,6 +588,11 @@ ulong binlog_cache_use= 0, binlog_cache_disk_use= 0;
 ulong binlog_stmt_cache_use= 0, binlog_stmt_cache_disk_use= 0;
 ulong max_connections, max_connect_errors;

+#ifndef DISABLE_TCP_LINGER
+my_bool tcp_linger_onoff;
+uint tcp_linger_timeout;
+#endif
+
 #ifndef DISABLE_SUPER_ACL_CONNECTION
 ulong max_super_acl_connections;    /* The variable define the max connection number of super user */
 #endif
@@ -6499,6 +6504,11 @@ void handle_connections_sockets()
         sleep(1);       // Give other threads some time
       continue;
     }
+
+#ifndef DISABLE_TCP_LINGER
+    struct linger ling = {tcp_linger_onoff, tcp_linger_timeout};
+    mysql_socket_setsockopt(new_sock, SOL_SOCKET, SO_LINGER, (char *)&ling, sizeof(ling));
+#endif

 #ifdef HAVE_LIBWRAP
     {
diff --git a/sql/mysqld.h b/sql/mysqld.h
index 9bd87bab9aa..b5f6b118f2d 100644
--- a/sql/mysqld.h
+++ b/sql/mysqld.h
@@ -222,6 +222,11 @@ extern MYSQL_PLUGIN_IMPORT ulong max_connections;
 extern ulong max_digest_length;
 extern ulong max_connect_errors, connect_timeout;

+#ifndef DISABLE_TCP_LINGER
+extern my_bool tcp_linger_onoff;
+extern uint tcp_linger_timeout;
+#endif
+
 #ifndef DISABLE_SUPER_ACL_CONNECTION
 extern ulong max_super_acl_connections;
 #endif
diff --git a/sql/sys_vars.cc b/sql/sys_vars.cc
index eba5e9005aa..1753fa016ef 100644
--- a/sql/sys_vars.cc
+++ b/sql/sys_vars.cc
@@ -3205,6 +3205,21 @@ static Sys_var_ulong Sys_net_wait_timeout(
        VALID_RANGE(1, IF_WIN(INT_MAX32/1000, LONG_TIMEOUT)),
        DEFAULT(NET_WAIT_TIMEOUT), BLOCK_SIZE(1));

+#ifndef DISABLE_TCP_LINGER
+static Sys_var_mybool Sys_tcp_linger_onoff(
+       ""tcp_linger"",
+       ""The number of seconds the server tcp linger timeout"",
+       GLOBAL_VAR(tcp_linger_onoff), CMD_LINE(OPT_ARG), DEFAULT(TRUE),
+       NO_MUTEX_GUARD, NOT_IN_BINLOG);
+
+static Sys_var_uint Sys_tcp_linger_timout(
+       ""tcp_linger_timeout"",
+       ""The number of seconds the server tcp linger timeout"",
+       GLOBAL_VAR(tcp_linger_timeout), CMD_LINE(OPT_ARG),
+       VALID_RANGE(1, 65535U),
+       DEFAULT(TCP_LINGER_TIMEOUT), BLOCK_SIZE(1));
+#endif
+
 static Sys_var_plugin Sys_default_storage_engine(
        ""default_storage_engine"", ""The default storage engine for new tables"",
        SESSION_VAR(table_plugin), NO_CMD_LINE,
diff --git a/tools/cmake.cmd b/tools/cmake.cmd
index 0bcbc9db4fc..a48f447d257 100644
--- a/tools/cmake.cmd
+++ b/tools/cmake.cmd
@@ -68,6 +68,10 @@ IF NOT ""x%plugin:dazurerepl=%""==""x%plugin%"" (
     SET cmakeargs=%cmakeargs% -DDISABLE_AZURE_REPLICATION=ON
 )

+IF NOT ""x%plugin:etcplinger=%""==""x%plugin%"" (
+    SET cmakeargs=%cmakeargs% -DDISABLE_TCP_LINGER=ON
+)
+
 IF NOT ""x%plugin:dusernamecheck=%""==""x%plugin%"" (
     SET cmakeargs=%cmakeargs% -DDISABLE_USER_NAME_CHECK=ON
 )
{noformat}",,,1,0,0,569.6666666666666,0,0,0,0,0,0,2
MCOL-992,Task,MCOL,2017-10-28 04:25:17,2017-10-30 16:48:33.000,dthompson,Major,java binding for mcsapi,,,,1,0,0,3623.266666666667,0,0,0,0,0,0,0
MCOL-444,New Feature,MCOL,2016-12-06 18:25:41,2017-11-27 04:37:36.000,hill,Minor,split character import issue,"select name from flights where id=250908;
+----------------------------------------------------------------------------------------------------+
| name |
+----------------------------------------------------------------------------------------------------+
| Retargeting - Internal Run of Site - Searches that contain at least one of the following keywords |
+----------------------------------------------------------------------------------------------------+
1 row in set, 1 warning (0.03 sec)

imysql-rea> select substr(name,1,100) from flights where id=250908;
+--------------------+
| substr(name,1,100) |
+--------------------+
| |
+--------------------+
1 row in set (0.02 sec)

show warnings;
+---------+------+---------------------------------------------------------------+
| Level | Code | Message |
+---------+------+---------------------------------------------------------------+
| Warning | 1366 | Incorrect string value: '\xE2\x80' for column 'name' at row 0 |
+---------+------+---------------------------------------------------------------+
1 row in set (0.00 sec)

select length(name), char_length(name) from flights where id=250908;
+--------------+-------------------+
| length(name) | char_length(name) |
+--------------+-------------------+
| 100 | 0 |
+--------------+-------------------+


select hex(name) from flights where id=250908;
+----------------------------------------------------------------------------------------------------------------------------------------------------------------------------------------------------------+
| hex(name) |
+----------------------------------------------------------------------------------------------------------------------------------------------------------------------------------------------------------+
| 5265746172676574696E67202D20496E7465726E616C2052756E206F662053697465202D205365617263686573207468617420636F6E7461696E206174206C65617374206F6E65206F662074686520666F6C6C6F77696E67206B6579776F72647320E280 |
+----------------------------------------------------------------------------------------------------------------------------------------------------------------------------------------------------------+

In MySql db:
Retargeting - Internal Run of Site - Searches that contain at least one of the following keywords - ""ocean"", ""water"", ""view"" or ""esplanade""

The source database is running MySQL 5.6.22
The data is dumped using mysqldump, sent to the InfiniDB server and imported with cpimport, which we allow to truncate strings that are too long.
The use of the substr function in the query should be superfluous as far as InfiniDB is concerned, as the column is 100 bytes, it makes the query results compatible with the MySQL servers. 
That doesn't explain the char_length function results above or why InfiniDB is returning an empty string for the substr function.

I took the hex value and played with it on https://sites.google.com/site/nathanlexwww/tools/utf8-convert
The last bit, E280, appear to be a truncated multi-byte character from the original data. The '-' character.
the - code is E28093

Here is the hex of the original data from MySQL db:
| 5265746172676574696E67202D20496E7465726E616C2052756E206F662053697465202D205365617263686573207468617420636F6E7461696E206174206C65617374206F6E65206F662074686520666F6C6C6F77696E67206B6579776F72647320E2809320E2809C6F6365616EE2809D2C20E2809C7761746572E2809D2C20E2809C76696577E2809D206F7220E2809C6573706C616E61646522 |

So, cpimport is truncating bytes disregarding the number of bytes in the UTF-8 character. This is bad, need a way to fix these.
The substr and char_length functions appears to be choking if it is missing all the bits in a multi-byte character, at the end of the string anyway.

Was not sure how to categorize this, Character Set, Table Corruption or General Usage.

Making the export process of this table do the substr function up front, is probably the correct way to fix this properly. But that means doing it for all tables with varchar fields and would preclude using mysqldump, making the process much more tedious and take a lot longer.
The best solution for us is for cpimport to work better with multi-byte character sets (utf-8 for us).

A few thoughts.
1. Could be fixed in the InfiniDB engine to ignore or deal with incomplete multi-byte characters.
2. Add a switch to the cpimport command to put it in a multi-byte character safe mode.
3. If 2 slows down cpimport very much make a cpimport that is multi-byte character safe, cpimportMBS, to be used when one is importing data in a multi-byte character set. OR even auto detect it based on the data (more accurate), or based on the table or column definition (least accurate).

In our case, multi-byte characters only appear in the dimension tables, which are much smaller than the fact tables. The fact tables having only a date, int and bigint columns, where import speed is important.

I'm sure you are all well versed in UTF-8, but thought I would send this along anyway.

https://en.wikipedia.org/wiki/UTF-8

So you don't have to examine the whole string to determine if the last character is valid (complete).

",,,2,0,0,511811.9166666667,0,0,0,0,0,0,0
MCOL-942,New Feature,MCOL,2017-09-27 16:28:22,2017-11-27 04:37:36.000,hill,Minor,Setting up of the Master/Slave Replication should not be done on start system,"Currently in 1.0, the master/slave is setup at the end of postConfigure AND will also be resetup when a restartsystem or system servers are rebooted.
In 1.1, this logic is only in ProcMgr for startsystem.

It is recommended that this not be setup everything the system is restarted. I did a reboot test and the master/slave setup remain when I took out the step in ProcMgr to set it up on startsystem.

So for 1.0 and 1.1, it should only be initially setup in postConfigure. and removed from the startsystem in ProcMgr. It will still be called by procmgr when the master node needs to be changed.",,,1,0,0,87129.23333333334,0,0,0,0,0,0,2
MCOL-962,New Feature,MCOL,2017-10-09 16:14:11,2017-11-27 04:37:36.000,valerii,Major,Funtcion/table to find out if ColumnStore instance (UM) is ready to process SQL queries against ColumnStore tables,"Currently there is no predefined way to check with SQL statement if ColumnStore UM is able to process SQL statements against ColumnStore tables. 

Surely, one can try to create customer UDF around mcsadmin command, or just try to create and access ColumnStore table and process errors etc, but official and supported way is still needed. It may be used by MaxScale or any monitoring software to decide how to route queries or when to alert DBA about the problem.",,,1,0,0,69863.41666666667,1,4,0,0,0,0,2
MDEV-12836,Task,MDEV,2017-05-18 12:28:07,2017-12-19 16:40:27.000,valerii,Critical,Avoid table rebuild when adding or removing of auto_increment settings,"Basically, it's a request to implement upstream feature request:

https://bugs.mysql.com/bug.php?id=72109

Copying the table to just drop auto_increment attribute:

{noformat}
MariaDB [test]> create table t(id int auto_increment not null, key(id)) engine=InnoDB;
Query OK, 0 rows affected (0.22 sec)

MariaDB [test]> alter table t modify column id int not null, algorithm=inplace; 
ERROR 1846 (0A000): ALGORITHM=INPLACE is not supported. Reason: Cannot change column type INPLACE. Try ALGORITHM=COPY
{noformat}

is awful in production. Workarounds exist, but why not to do this in-place and without copying all the data?",,,1,0,0,309852.3333333333,1,2,0,0,0,0,1
MDEV-14638,Task,MDEV,2017-12-13 11:17:06,2018-01-10 11:31:26.000,svoj,Major,Replace trx_sys_t::rw_trx_set with LF_HASH,"trx_sys_t::rw_trx_set implemented as std::set, which does a few quite expensive operations under trx_sys_t::mutex protection. E.g. malloc/free when adding/removing elements.

Aim of this task is to reduce trx_sys_t::mutex contention by replacing rw_trx_set with LF_HASH.",,,6,0,0,40334.333333333336,0,0,0,0,0,0,3
MCOL-1171,New Feature,MCOL,2018-01-19 22:24:12,2018-01-22 14:55:09.000,jens.rowekamp,Minor,Introduce benchmarks to test the performance with regards to jdbc,Benchmark the scala and python ColumnStoreExporter against jdbc and columnstore and jdbc and innodb.,,,1,0,0,3870.95,0,0,0,0,0,0,0
MCOL-548,New Feature,MCOL,2017-02-07 15:49:22,2018-01-24 11:14:17.000,hill,Trivial,clean up engine repo cmake warnings,"These errors get reported on Ubuntu and SuSE builds when the engine cmake is run

Cloning into 'mariadb-columnstore-engine'...
remote: Counting objects: 22901, done.
remote: Compressing objects: 100% (160/160), done.
remote: Total 22901 (delta 72), reused 0 (delta 0), pack-reused 22741
Receiving objects: 100% (22901/22901), 103.89 MiB | 5.33 MiB/s, done.
Resolving deltas: 100% (12660/12660), done.
Checking connectivity... done.
error: pathspec 'devel_1.0' did not match any file(s) known to git.
SERVER_BUILD_INCLUDE_DIR = /home/builder/mariadb-columnstore-server/mariadb-columnstore-engine/../include
SERVER_SOURCE_ROOT_DIR = /home/builder/mariadb-columnstore-server/mariadb-columnstore-engine/..
CMake Warning (dev) at dbcon/ddlpackage/CMakeLists.txt:35 (add_dependencies):
  Policy CMP0046 is not set: Error on non-existent dependency in
  add_dependencies.  Run ""cmake --help-policy CMP0046"" for policy details.
  Use the cmake_policy command to set the policy and suppress this warning.

  The dependency target
  ""/home/builder/mariadb-columnstore-server/mariadb-columnstore-engine/dbcon/ddlpackage/ddl-gram.cpp""
  of target ""ddlpackage"" does not exist.
This warning is for project developers.  Use -Wno-dev to suppress it.

CMake Warning (dev) at dbcon/ddlpackage/CMakeLists.txt:35 (add_dependencies):
  Policy CMP0046 is not set: Error on non-existent dependency in
  add_dependencies.  Run ""cmake --help-policy CMP0046"" for policy details.
  Use the cmake_policy command to set the policy and suppress this warning.

  The dependency target
  ""/home/builder/mariadb-columnstore-server/mariadb-columnstore-engine/dbcon/ddlpackage/ddl-scan.cpp""
  of target ""ddlpackage"" does not exist.
This warning is for project developers.  Use -Wno-dev to suppress it.

CMake Warning (dev) at dbcon/dmlpackage/CMakeLists.txt:35 (add_dependencies):
  Policy CMP0046 is not set: Error on non-existent dependency in
  add_dependencies.  Run ""cmake --help-policy CMP0046"" for policy details.
  Use the cmake_policy command to set the policy and suppress this warning.

  The dependency target
  ""/home/builder/mariadb-columnstore-server/mariadb-columnstore-engine/dbcon/dmlpackage/dml-gram.cpp""
  of target ""dmlpackage"" does not exist.
This warning is for project developers.  Use -Wno-dev to suppress it.

CMake Warning (dev) at dbcon/dmlpackage/CMakeLists.txt:35 (add_dependencies):
  Policy CMP0046 is not set: Error on non-existent dependency in
  add_dependencies.  Run ""cmake --help-policy CMP0046"" for policy details.
  Use the cmake_policy command to set the policy and suppress this warning.

  The dependency target
  ""/home/builder/mariadb-columnstore-server/mariadb-columnstore-engine/dbcon/dmlpackage/dml-scan.cpp""
  of target ""dmlpackage"" does not exist.
This warning is for project developers.  Use -Wno-dev to suppress it.",,,2,0,0,505164.9166666667,0,0,0,0,0,0,1
MXS-1629,New Feature,MXS,2018-01-26 02:55:00,2018-01-30 10:21:41.000,dapeng,Major,ThreadId conflicts,"32bits threadid is not big enough, If client open/close connection rapidly,  potentially there will be conflicts;
In our product env, we do see many clients  create connections more than 1000 per second,
the threadid will overflow after  49.71 (4294967296(32bit) / 1000 / 86400 ) days.
So we need make threadid unique;",,,7,0,0,6206.683333333333,0,0,0,0,0,0,0
MDEV-15104,Task,MDEV,2018-01-28 20:06:31,2018-01-31 07:11:40.659,svoj,Major,Remove trx_sys_t::rw_trx_ids and trx_sys_t::serialisation_list,"Take snapshot of registered read-write transaction identifiers directly
from rw_trx_hash. It immediately saves one trx_sys.mutex lock, reduces
size of another critical section protected by this mutex, and makes
further optimisations like removing trx_sys_t::serialisation_list
possible.

Downside of this approach is bigger overhead for view opening, because
iterating LF_HASH is more expensive compared to taking snapshot of an
array. However for low concurrency overhead difference is negligible,
while for high concurrency mutex is much bigger evil.

Currently we still take trx_sys.mutex to serialise ReadView creation.
This is required to keep serialisation_list ordered by trx->no as well
as not to let purge thread to create more recent snapshot while another
thread gets suspended during creation of older snapshot. This will
become completely mutex free along with serialisation_list removal.

Compared to previous implementation removing element from rw_trx_hash
and serialisation_list is not atomic. We disregard all possible bad
consequences (if there're any) since it will be solved along with
serialisation_list removal.

serialisation_list was supposed to instantly give minimum registered
transaction serialisation number. However maintaining and accessing
this list requires global mutex protection.

Since we already take MVCC snapshot by iterating trx_sys_t::rw_trx_hash,
it is cheap to integrate minimum registered transaction lookup into this
iteration.",,,2,0,0,3545.1609833333337,0,0,0,0,0,0,4
MDEV-14705,Task,MDEV,2017-12-19 01:05:20,2018-03-14 10:06:06.000,danblack,Critical,systemd: EXTEND_TIMEOUT_USEC= to avoid startup and shutdown timeouts,"MDEV-9202, MDEV-8509 shows cases where the systemd timeout isn't sufficient to preform initialization/shut-down.

Since https://github.com/systemd/systemd/commit/a327431bd168b2f327f3cd422379e213c643f2a5 released in system v236 Type=notify service can now advice to the systemd service manager they are still working to avoid the service timing out.

The use of EXTEND_TIMEOUT_USEC= on older services has no effect and is therefore compatible.

This needs to be included in (feel free to correct/extend):
* buffer pool dump - buf_dump (storage/innobase/buf/buf0dump.cc)
* redo log recovery - log_group_read_log_seg (storage/innobase/log/log0log.cc)
* undo(?) recovery - recv_recover_page_func (storage/innobase/log/log0recv.cc)
* change buffer?
* merge buffer?

I was planning on making the 15 seconds of recv_sys_t->report() more general with respect to interval, and use a define INNODB_REPORT_INTERVAL (include/univ.i?) as the basis for this form of watchdog. I'd send notify messages of INNODB_REPORT_INTERVAL * 2 as an acceptable margin.

Anywhere else or other suggestions [~marko], [~jplindst]?
* galera SST scripts - donor and recipient

Any other server/engine slow points to account for?

Target 10.3 and then look at a backport?",,,2,0,0,122940.76666666666,0,0,0,0,0,0,1
MDEV-15053,Task,MDEV,2018-01-24 10:49:42,2018-03-20 15:49:56.000,marko,Critical,Split buf_pool_t::mutex,[MySQL 8.0.0 split the InnoDB {{buf_pool_t::mutex}}|https://github.com/mysql/mysql-server/commit/2bcc00d11f21fe43ba3c0e0f81d3d9cec44c44a0]. MariaDB should do the same.,,,5,0,0,79500.23333333334,2,131,1,1,1,1,1
MCOL-1333,Task,MCOL,2018-04-11 22:53:14,2018-04-13 13:33:29.000,geoffmontee,Major,Document that .tar.gz of RPM files is needed for addModule command,"If a user tries to add a module and the .tar.gz containing the ColumnStore RPMs is not present, then they can see an error like this:

{noformat}
Apr 11 11:06:40 server1 ProcessManager[189417]: 40.293266 |0|0|0| E 17 CAL0000: line: 4546 addModule - ERROR: Package not found: /root/mariadb-columnstore*1.1.3-1*.rpm.tar.gz
{noformat}

This requirement does not seem to be documented here:

https://mariadb.com/kb/en/library/managing-columnstore-module-configurations/#adding-modules

We should probably document this.",,,1,0,0,2320.25,0,0,0,0,0,0,1
MDEV-13122,Task,MDEV,2017-06-19 08:45:19,2018-05-22 21:00:14.926,wlad,Major,Backup myrocks with mariabackup,,,,2,0,0,486014.9321,0,0,0,0,0,0,0
MDEV-11340,Task,MDEV,2016-11-23 08:51:32,2018-05-22 21:00:14.926,karlsson,Critical,Allow multiple alternative authentication methods for the same user,"In some cases there is a need to authenticate the same user in different means, more specifically multiple different authentications methods, or IDENTIFIED BY clauses for the same user. The adjusted CREATE USER syntax would allow multiple IDENTIFIED BY sections for one single user.

Questions:
* What logic should be applied? All of authentication methods should succeed? One of them should succeed? Should we allow complex rules like *(first_auth OR second_auth) AND third_auth* ? Or, instead of AND/OR may be we should go with PAM model or sufficient/required/etc?
* What syntax should be used?
* stuff like SET PASSWORD — will they be not allowed? allowed? if allowed, how will they work?
* where the new authentication rules will be stored, in what table, what columns?",,,13,1,0,785528.7154333333,0,0,0,0,0,0,0
MCOL-1146,Task,MCOL,2018-01-07 17:06:47,2018-06-18 07:38:56.205,dshjoshi,Major,One step configuration of Multi Server Node,"At present single node and multi-node install requires postConfig to be run after binary has been installed. postConfig is interactive configuration utility.

Please provide a utility for Multi node install - that simply takes IP addresses of UM node and IP address of the PM node on command line and then applies all the default parameters for posConfig automatically without user interaction in the background.

Something like: multiNodeConfig UM=IP1,IP2,IP3...  PM=IP4,IP5,IP6

All the packages (rpm, deb, zypher or binaries) must have been installed on each of the UM and PM nodes before invoking this configuration utility.

",,,2,4,0,232712.15341666667,0,0,0,0,0,0,1
MCOL-1578,New Feature,MCOL,2018-07-23 04:57:52,2018-07-28 00:51:35.000,jens.rowekamp,Major,PDI Windows support,,,,1,0,0,6953.716666666666,0,0,0,0,0,0,1
MCOL-1244,New Feature,MCOL,2018-03-06 15:15:49,2018-08-06 15:02:12.546,hill,Minor,make postConfigure default install non-distributed,"Currently postConfigure is defaulted to perform a distributed install, meaning the packages are pushed from pm1 to the other nodes.  There is a command line feature to enable non-distributed installs. 

This change is to reverse that functionality and make the default install non-distributed.

",,,1,0,0,220306.39243333333,0,0,0,0,0,0,3
MCOL-1713,Task,MCOL,2018-09-12 01:03:20,2018-09-24 10:15:56.000,jens.rowekamp,Trivial,Add Windows suffix to kettle data adapter,Windows suffix in the generated zip name is missing.,,,1,0,0,17832.6,0,0,0,0,0,0,2
MCOL-1944,Task,MCOL,2018-11-15 18:43:06,2018-11-15 18:48:22.000,linuxjedi,Blocker,/var/log/mariadb/columnstore ownership set to 777 recursive,"In syslogSetup.sh:

{code}
chmod 777 -R /var/log/mariadb/columnstore
{code}

That is definitely the wrong thing to do.",,,1,0,0,5.266666666666667,0,0,0,0,0,0,2
MCOL-2110,Task,MCOL,2019-01-25 10:50:21,2019-01-25 13:25:10.000,mott.david.j@gmail.com,Minor,Cant build engine out-of-source,The server's README.md contains a description of out-of-source builds that doesn't work on the engine. This is a preferred method for testing different build configurations since they can be built independently without cleaning and rebuilding the whole project.,,,2,0,0,154.81666666666666,0,0,0,0,0,0,0
MCOL-4566,New Feature,MCOL,2021-03-01 14:33:13,2021-03-05 12:46:10.000,drrtuy,Minor,rebuildEM utility must support comressed segment files,"There are certain situations when it is impossible to restore metadata information that either was completely or partially lost. Metadata in this case includes Extent Map and auxilary database OID counter used to allocate OIDs for database object to be created.
This issue describes the part that manages with Extent Map partial or comple loss. There is a tool under tool/rebuildEM called rebuildEM which algo creates an Extent Map using the existing columnar data files. Its algorithm is very simple it counts a number of blocks and creates corresponding number of extents in the new in-memory Extent Map. In the end it writes an image of the Extent Map to disk.
The main problem with the tool is that it doesn't support compressed(MCS as of 6.1.1 supports Snappy compression) files. The suggested approach is to change the tool's algorithm so that it uses compressed files to produce Extent Map. A compressed file contains a structure CompressedDBFileHeader as the header. The   fBlockCount attribute points to a number of blocks in the file.
The important assumption for the tool is that all dbroots must be available at the node where rebuildEM is run so the cluster must either have a shared or S3 storage.
To be noted that we are going to add LZ4 as a compression method.
One must remove extent map file to test how rebuildEM works with  compressed files.
",,,2,1,0,5652.95,1,3,0,0,0,0,0
MCOL-987,New Feature,MCOL,2017-10-25 19:08:12,2021-03-08 17:09:50.489,linuxjedi,Major,New additional compression algorithms for ColumnStore,"We should look into adding additional compression algorithms to ColumnStore for additional use cases:

1. LZ4 - should be faster than Snappy with a better compression ratio
2. Zstd (not to be confused with Zlib) - slower than Snappy (but still faster than most disks), much better compression ratio. Its dictionary mode should probably be used.

If LZ4 performs as well as expected it could possibly become our default.",,,1,0,0,1771081.6414833332,7,181,1,1,1,1,1
MCOL-4101,Epic,MCOL,2020-06-24 20:00:12,2021-03-08 17:09:50.489,pleblanc,Major,Update & release the non-core packages,"The 1.5.2 community release is done, now we have to get the non-core packages updated & released as well.  backup, api, and data-adapters.",,,4,0,0,369909.6414833333,0,0,0,0,0,0,0
MXS-3480,Sub-Task,MXS,2021-04-01 09:00:25,2021-04-12 10:54:04.878,JIRAUSER40848,Major,Researching for javascript editor library that can be integrated to Vue.js,"The library needs to meet at least the following requirements:
* MIT license
* Regularly maintained and supported
* Easy to use in Vue.js
* Easy to customize and extend in terms of css styling and functionalities
* Syntax highlighting and auto completion
* Auto suggest table names.
* Option to format sql code
 
 ",,,1,1,0,15953.664633333334,0,0,0,0,0,0,0
MCOL-4814,Task,MCOL,2021-07-15 17:22:17,2021-07-15 19:31:56.000,JIRAUSER48434,Blocker,Enable CS build with LZ4 compression only by build flag,,,,1,0,0,129.65,0,0,0,0,0,0,0
MXS-3037,New Feature,MXS,2020-06-12 08:12:02,2021-10-11 08:45:34.000,JIRAUSER41296,Major,show detail processlist like at mariadb,"on mariadb when i need check what are query is running on mariadb instance.
i can see with SHOW PROCESSLIST or select to information_schema.processlist.

But after mariadb connect to maxscale i can't see process  list like that.

any advice ?",,,6,0,0,699873.5333333333,0,0,0,0,0,0,0
MXS-3613,New Feature,MXS,2021-06-15 10:05:01,2021-10-11 09:04:52.000,<markus.makela,Major,Support PS with metadata skip (i.e. MARIADB_CLIENT_CACHE_METADATA),Add support for the MARIADB_CLIENT_CACHE_METADATA capability added in 10.6.,,,1,2,0,169859.85,0,0,0,0,0,0,0
MXS-2662,New Feature,MXS,2019-09-05 11:03:20,2022-05-10 08:53:58.000,toddstoffel,Major,KMIP Binlog Data At Rest Encryption,"* Add data-at-rest encryption to the binlogrouter
* Make it possible to use KMIP to retrieve encryption keys
* Add support (or at least make it easy to do in the future) for other key management systems (e.g. Hashicorp Vault)",,,1,0,0,1408190.6333333333,0,0,0,0,0,0,0
MCOL-5044,New Feature,MCOL,2022-04-06 12:00:52,2022-05-27 16:42:31.000,drrtuy,Major,Improve PP thread pool with a fair scheduler,"PP now uses PriorityThreadPool(PTP) that has 3 priority queues and supports Job re-scheduling(can happen if there is no space to service a primitive job request from EM).
PTP doesn't equally distribute computation resources b/w primitive jobs that belongs to different queries so that the variance of query timings is linear to number of simultaneous queries.
The suggestion is to implement a scheduling component that will try to fairly process mentioned primitive jobs.     ",,,2,0,0,73721.65,0,0,0,0,0,0,1
MXS-4161,New Feature,MXS,2022-06-07 20:36:41,2022-09-12 09:47:26.000,JIRAUSER40844,Major,MaxScale Allocated Memory Usage Estimation,"While MXS-3822 will tackle showing customers the current memory usage MaxScale is causing, we should also add an additional feature which shows customers ""allocated"" memory usage. This would be more of an estimate, but would give users direct feedback on how their MaxScale configuration creates the potential for memory usage.

For example, we know that {{query_classifier_cache_size}} is pretty straightforward. We also know that each thread spawned by {{threads=N}} has its own cache which comes with it. We should be able to show a worst-case estimate of memory usage based on this information.

h2. Why?
MaxScale has many automatic configuration parameters (such as {{threads=auto}} or {{query_classifier_cache_size}} defaulting to 15% of detected memory). In most cases, these work well and set sensible defaults. However, in some cases other factors obstruct MaxScale's ability to properly detect underlying resources and default memory allocation can be overzealous. This behavior is non-obvious to most customers, and because MaxScale does not immediately use these memory allocations when it first starts up, many customers end up complaining about ""memory leaks"" or other ""memory problems"" as connections come in and MaxScale begins actively using the memory its configurations allow it to.

By showing customers clearly what MaxScale is configured to use, it will clue customers immediately in when something is wrong at a configuration level, so instead of customers immediately assuming a leak or other problem is occurring, customers will instead ask MariaDB why MaxScale is expecting to use so much more memory than the customer has allocated to the VM/node/etc, which creates a much more productive conversation with MariaDB.

h2. Starting Point
This request could be seen as all-encompassing which could make it difficult to implement properly. For example, calculating expected memory usage for various filters may be impossible or extremely difficult. Likewise for estimating memory usage based on a potentially infinite number of incoming connections.

Initial feature delivery could dodge complicated situations by scoping appropriately and communicating that scoping to users.

For connection-count-based estimations, a simple answer to start could be to let the customer enter that value so customers can see expected worst-case memory usage (excepting impact of filters) for various concurrent connection targets which customers could then use for planning purposes. Down the road, it may be feasible to harvest or prepopulate sensible values based on backend servers' {{max_connections}} or based on the configuration of {{max_routing_connections}} when that is enabled.",,,2,1,0,139030.75,2,100,1,1,1,1,0
MXS-4232,New Feature,MXS,2022-08-03 16:59:04,2023-05-22 10:55:00.000,hholzgra,Minor,FR: allow for a 2nd password param for seamless changes,"For a more seamless password changing procedure it would be nice to be able to temporarily set two passwords for a server, so that you could do:

* configure 2nd password on maxscale side
* change password on server side
* remove old password and make new one the standard one on maxscale side

This way maxscale config change would not need to be perfectly synced with the password change on the server side, maxscale could continue to try the old password first, and the new one on failure of the old one, or vice versa, or always try the one that succeeded on the previous attempt so that only one login failure due to wrong password would happen.

Especially when having multiple maxscale instances there might be a significant time window for the complete password change rollout, and this way we could guarantee that it would still work without any outages.",,,1,0,0,420115.93333333335,0,0,0,0,0,0,1
MXS-3919,New Feature,MXS,2021-12-16 16:05:39,2023-12-04 08:29:03.000,JIRAUSER50041,Major,Add `interactive_timeout` input in the Query Editor settings,"We set the timeout option to 300 seconds during the new DB connection, which is default. If the SQL editor session is idle(we are just keeping the DB connection without running the queries on the SQL GUI editor more than 300 seconds) then the backend connection is not closing after 300 seconds as expected. 

 As a user after creating the connections to the Databases on the SQL editor, if we don't use the connection as per the timeout value then the backend connection must close from the DB.
",,,10,2,0,1033463.4,1,5,1,0,0,0,0
MCOL-5735,Task,MCOL,2024-01-22 10:57:00,2024-03-19 12:44:00.000,tturenko,Major,Create test multi-node Columstore config,- create automatic setup to start multinode Columnstore config,,,1,0,0,82187.0,0,0,0,0,0,0,0
MCOL-5736,Sub-Task,MCOL,2024-02-15 09:28:31,2024-03-19 12:44:00.000,tturenko,Major,upgrade test for Columnstore cluster,https://mariadb.com/docs/server/service-management/upgrades/enterprise-columnstore/multi-node/from-6-23-02/,,,1,0,0,47715.48333333333,0,0,0,0,0,0,1
MXS-4849,New Feature,MXS,2023-11-03 09:15:45,2024-06-17 10:18:08.000,JIRAUSER40848,Trivial,Export the visualized configuration graph,Having the ability to export the visualized configuration graph would be useful.,,,2,0,0,326942.38333333336,0,0,0,0,0,0,1
MXS-5157,Sub-Task,MXS,2024-06-25 11:25:52,2024-07-01 11:15:00.000,JIRAUSER40848,Major,Split statements,Statements must be split in order to inject LIMIT.,,,1,0,0,8629.133333333333,2,42,1,1,1,1,3
MXS-5156,Sub-Task,MXS,2024-06-25 11:04:40,2024-07-01 11:15:00.000,JIRAUSER40848,Major,"Inject ""LIMIT"" and ""OFFSET"" to each statement","All SQL statements must be split and injected with `LIMIT` and `OFFSET`  clauses.
The value of the `LIMIT` will be the value of `sql_select_limit`.",,,1,0,0,8650.333333333334,1,10,1,1,0,0,2
MCOL-5738,Sub-Task,MCOL,2024-04-12 11:14:05,2024-07-31 13:32:00.000,tturenko,Major,run upgrade columnstore tests for all resonable combinations of old/new versions,"- run columnstore upgrade
- compare list of distros from Engineering policy and the real production repo contact ",,,2,0,0,158537.91666666666,0,0,0,0,0,0,3
MCOL-5737,Sub-Task,MCOL,2024-04-12 11:11:27,2024-07-31 13:32:00.000,tturenko,Major,check distro sets before Upgrade Columnstore test,Upgrade Columnstore test should be executed only if both old and new versions support given Linux distribution to avoid unnecessary red BuildBot and spending resources,,,1,0,0,158540.55,0,0,0,0,0,0,2
MCOL-5798,Task,MCOL,2024-09-05 18:50:21,2024-09-10 14:54:29.000,tturenko,Major,BuildBot task to prepare VM and run Columnstore performance tests,"- install Burza and all needed stuff https://github.com/mariadb-corporation/columnstore-tooling/tree/main/burza
- run tests",,,2,0,0,6964.133333333333,0,0,0,0,0,0,4
MCOL-5855,Task,MCOL,2024-12-10 13:44:04,2024-12-10 13:47:45.000,JIRAUSER48443,Critical,Perfomance comparasion for releases,"We need do make performance compare reports for
* 23.10.2 versus 23.10 HEAD (last release from 23.10 branch with current state)
* 23.02.10 versus 23.02 HEAD (last release from 23.02 branch with current state)
* 23.10.2 versus 23.02.10 (last releases from different branches)",,,1,0,0,3.683333333333333,1,7,1,0,0,0,0
MDBF-859,Task,MDBF,2024-12-11 18:49:00,2025-01-12 22:00:00.000,cvicentiu,Major,Create a .github README for github.com/MariaDB,"Following a discussion, with @Otto Kekäläinen and others from AWS, they suggested a .github repo to make the landing page for MariaDB on GitHub more appealing.

Here is an example:
https://github.com/langchain-ai/.github
And here is how it looks:
https://github.com/langchain-ai

We should set up something similar for MariaDB organization on Github.",,,1,0,0,46271.0,0,0,0,0,0,0,1
MDBF-557,Task,MDBF,2023-04-10 20:51:28,2025-01-23 10:49:33.000,JIRAUSER47383,Minor,"Faster timezone updates was: Remove DST support for ""America/Mexico_City"" timezone","Mexico aborted DST for Mexico City and most of Mexico. There won't be DST changes in 2023. 

CONVERT_TZ still has DST for ""America/Mexico_City"" timezone. 

{code:java}
MariaDB [mysql]> SELECT CONVERT_TZ('2023-01-01 00:00:00','UTC','America/Mexico_City');
+---------------------------------------------------------------+
| CONVERT_TZ('2023-01-01 00:00:00','UTC','America/Mexico_City') |
+---------------------------------------------------------------+
| 2022-12-31 18:00:00                                           |
+---------------------------------------------------------------+
1 row in set (0.012 sec)

MariaDB [mysql]> SELECT CONVERT_TZ('2023-05-01 00:00:00','UTC','America/Mexico_City');
+---------------------------------------------------------------+
| CONVERT_TZ('2023-05-01 00:00:00','UTC','America/Mexico_City') |
+---------------------------------------------------------------+
| 2023-04-30 19:00:00                                           |
+---------------------------------------------------------------+
1 row in set (0.000 sec)
{code}

Tested with latest time zone tables that were retrieved from here: https://mariadb.com/kb/en/time-zones/#mysql-time-zone-tables

Some related links: https://www.timeanddate.com/news/time/mexico-abolishes-dst-2022.html
https://www.timeanddate.com/news/time/mexico-time-zone-change-2022.html

",,,4,1,0,941158.0833333334,0,0,0,0,0,0,0
MDBF-135,New Feature,MDBF,2020-09-04 09:02:23,2025-01-23 10:56:03.000,danblack,Major,minio into containers for s3 test suite,"Per MDEV-23662 and MDEV-23650 we're soon going to be able to test s3 in buildbot.

I expect to be writing a few issues and getting some tests masked in addition to bugs like MDEV-23648.

This will need the server {{minio}} (https://dl.min.io/server/minio/release/linux-amd64/ and relative links), and the client {{mc}} https://dl.min.io/client/mc/release/linux-amd64/. These are golang built static executables.

These at least for me were painfully slow to download.

How to run the tests is listed:

https://jira.mariadb.org/browse/MDEV-23662?focusedCommentId=165200&page=com.atlassian.jira.plugin.system.issuetabpanels%3Acomment-tabpanel#comment-165200 contains how to create the service on port 9000 internally for test.",,,5,0,0,2306993.6666666665,0,0,0,0,0,0,2
MDBF-793,New Feature,MDBF,2024-09-09 10:16:47,2025-01-26 22:00:00.000,JIRAUSER55297,Major,"Retire MSAN clang-15 builder, upgrade to clang-19","No need for two MSAN clang based builders.
We already have clang-16 as a Protected builder.

Will remove the clang-15 based one and prepare a clang-19 image.
The Clang-19 image should be tested enough to be rendered STABLE and then promoted to protected.

Discussion on: 
Started here: https://mariadb.slack.com/archives/C012UURLW9W/p1725864121248509
https://mariadb.zulipchat.com/#narrow/stream/236699-Buildbot/topic/MSAN.20builder.20-.20bump.20to.20CLANG.2019",,,1,2,0,200863.21666666667,2,12,1,1,0,0,0
MDBF-876,Task,MDBF,2025-01-08 12:43:50,2025-01-26 22:00:00.000,JIRAUSER55297,Major,Remove BuildBot configuration code needed for systemd setup,"Previously when Production was running on systemd services, we couldn't use the .env files defined in the project tree because they were specifically designed for usage in docker-compose.

This led to hard coding variable defaults in the buildbot code, in the form of os.getenv(#env_variable_for_containers#, default=#default_for_systemd#)

In this task:
- > switch to a fail proof approach of loading variables using os.environ which will raise a key error exception if the environment variable is not defined
-> adapt the GitHub CI script validate_masters to load the environment variables for each environment << dev , prod >> 
-> remove ""systemd"" approach of loading PORTS for masters.

",,,1,0,0,26476.166666666668,0,0,0,0,0,0,1
MDBF-899,Technical task,MDBF,2025-01-20 13:20:41,2025-01-26 22:00:00.000,JIRAUSER55297,Major,Enable builder generation for SLES amd,"SLES upgrade/install builders are restricted from creation in buildbot.
Now that we have an amd64 VM deployed, fix buildbot to generate missing libvirt builders.",,,4,0,0,9159.316666666668,0,0,0,0,0,0,2
MDEV-31134,Task,MDEV,2023-04-26 16:24:26,2025-02-20 09:42:21.000,oli,Major,wsrep_provider is missing in 60-galera.cnf,"When we install Galera Cluster on Ubuntu 22.04 from the MariaDB repositories we get at 60-galera.cnf like this:

{code:java}
#
# * Galera-related settings
#
# See the examples of server wsrep.cnf files in /usr/share/mysql
# and read more at https://mariadb.com/kb/en/galera-cluster/

[galera]
# Mandatory settings
#wsrep_on                 = ON
#wsrep_cluster_name       = ""MariaDB Galera Cluster""
#wsrep_cluster_address    = gcomm://
#binlog_format            = row
#default_storage_engine   = InnoDB
#innodb_autoinc_lock_mode = 2

# Allow server to accept connections on all interfaces.
bind-address = 0.0.0.0

# Optional settings
#wsrep_slave_threads = 1
#innodb_flush_log_at_trx_commit = 0
{code}

IMHO the wsrep_provider variable should be listed in the mandatory settings as well at least as a reminder as follows:

#wsrep_provider           = /usr/lib/galera/libgalera_smm.so

Because our students often omit this value when not reading carefully the documentation which leads to frustration... So a plus for usability and ease of use.",,,2,0,0,958637.9166666666,0,0,0,0,0,0,0
MDBF-847,Task,MDBF,2024-12-04 02:20:29,2025-03-07 06:22:12.000,danblack,Major,Add Centos Stream 10 as a CI builder,"We should prepare for Centos 10 stream builder and ensure an easy transition.

This task covers the addition of the following:
* CentOS 10 stream builder on amd64, aarch64, ppc64le

The builder will run the following tests:
* autobake package building
* Comprehensive mtr runs, as for previous release package distros
* Install & Upgrade tests

As this will have to be done before we migrate to the new buildbot system, we will have this MDBF as part of the ""Migration to new buildbot"" epic.
Given that this task will have to be completed before the migration to new buildbot is complete, it is part of this particular epic.",,,2,5,0,134161.71666666667,0,0,0,0,0,0,3
MDBF-993,Task,MDBF,2025-03-03 07:20:56,2025-03-09 22:00:00.000,JIRAUSER55297,Critical,Remove amd64-debian-11-msan and last-N-failed from status reporting,"As per [~cvicentiu] request

*debian-11-msan* It will be replaced by a clang-20 builder in https://github.com/MariaDB/buildbot/pull/562 (cc: [~danblack] )
is not a protected branches builder, only reporting its status to GitHub and is causing unnecessary failures.
I will not create a separate Pull Request for it as its replacement is handled in MDBF-793 as mentioned,

*last-N-failed* is also only reporting its status and [~cvicentiu] reported often sporadic failures for it.


I will remove them from *GITHUB_STATUS_BUILDERS* in *buildbot.mariadb.org* 
and restart master-docker-nonstandard-2 / master-protected-branches to pick-up the changes.

",,,3,0,0,9519.066666666668,0,0,0,0,0,0,4
MDBF-985,Task,MDBF,2025-02-26 08:18:51,2025-03-09 22:00:00.000,JIRAUSER55297,Major,Protected branches worker hosts are fully loaded,"Recently getting a lot of OOM conditions in which libvirt VM's on hz-bbw4 are the victims of a too much Docker load on this machine.

This led to analyzing the theoretical load on the protected branches worker hosts, hz-bbw1 and hz-bbw4 and it doesn't surprise me that we assign more builders than the infrastructure allows us to do.

I propose to add hz-bbw7 as a protected branches worker host, as on hz-bbw7 currently only bintar (centos7, almalinux-8) run and we have enough room.

More on that, if multiple tarball's are triggered in a short amount of time, is a safer choice to decrease the locks value on hz-bbw 1,4,7 so that we don't risk over-provisioning builds.


{code:bash}
hz-bbw4:
    - CPU: 64
    - MEM: 128 G
hz-bbw1:
    - CPU: 64
    - MEM: 128 G
-------------------------------------------------
Per host Docker Request CPU: 97
Per host Docker Request MEM: ~ nr.CPU x 2 : 194 G
-------------------------------------------------

hz-bbw1 -> locks:9
    Docker:
    - msan-clang-16 -> make:20 ; mtr:40
    - deb-11-debug-ps-emb -> make:14 ; mtr:28
    - deb-12 (release) -> make:7 ; mtr: 14
    - deb-12-debug-emb -> make:14 ; mtr:28
    - fedora-40 (release) -> make:7 ; mtr: 14
    - last-N-failed -> make:7 ; mtr:14
    - ub-2004-debug -> make:14 ; mtr:28
    - ub-2204-debug-ps -> make:14 ; mtr 28
--------------------------------------------------
--------------------------------------------------
hz-bbw4 -> locks:9
    Docker:
    - msan-clang-16 -> make:20 ; mtr:40
    - deb-11-debug-ps-emb -> make:14 ; mtr:14
    - deb-12 (release) -> make:7 ; mtr: 14
    - deb-12-debug-emb -> make:14 ; mtr:28
    - fedora-40 (release) -> make:7 ; mtr: 14
    - last-N-failed -> make:7 ; mtr:14
    - ub-2004-debug -> make:14 ; mtr:28
    - ub-2204-debug-ps -> make:14 ; mtr 28
    VM:
        - freebsd
        - gitlab runner
        - bb-rhel8-docker
{code}

",,,1,0,0,16661.15,0,0,0,0,0,0,3
MCOL-5803,Sub-Task,MCOL,2024-09-19 11:08:04,2025-03-12 15:54:00.000,tturenko,Major,add Columnstore performance tests to automatic runs,"- add to build_packages_all
- setup automatic trigger for defined branches",,,1,0,0,250845.93333333332,0,0,0,0,0,0,5
MDEV-9804,New Feature,MDEV,2016-03-28 03:14:10,2025-04-02 17:25:21.000,colin,Critical,Implement a caching_sha256_password plugin,"In MySQL 5.6 and 5.7, you have the option of using the SHA256 password algorithm. The current method (mysql_native_password) leverages SHA1 and this has been proven to be no longer as secure as one would expect today.

Find out more here:

* http://mysqlblog.fivefarmers.com/2015/08/31/protecting-mysql-passwords-with-sha256\_password\-plugin/
* https://dev.mysql.com/doc/refman/5.7/en/sha256-authentication-plugin.html

*UPDATE*: 
https://dev.mysql.com/doc/mysql-security-excerpt/8.0/en/sha256-pluggable-authentication.html",,,3,5,0,4741331.183333334,1,3,0,0,0,0,2
MDEV-32854,New Feature,MDEV,2023-11-21 17:19:56,2025-04-02 17:25:27.000,JIRAUSER48739,Critical,Make JSON_DEPTH_LIMIT configurable,"The current JSON_DEPTH_LIMIT is 32 as defined in include/json_lib.h
Source code:
https://github.com/MariaDB/server/blob/22ffe4dd227451ebd0ef842850ef57b81aa8f930/include/json_lib.h#L10

This limit is not documented.

Customer requests to make this limit configurable with a global variable. ",,,28,0,0,717125.5166666667,1,5,1,0,0,0,0
MDEV-14443,New Feature,MDEV,2017-11-20 08:24:43,2025-04-02 17:28:20.000,hanzhi,Critical,"DENY clause for access control a.k.a. ""negative grants""","h2. Summary:

Implement a way to ensure that a user can not get access to a particular resource.
DENY will function as a separate set of rules for access control. If any resource (global, database, table, column, procedure, function, etc.) has a deny on one particular privilege, it is impossible to gain that privilege unless the DENY is revoked.

For example:

{code:sql}
GRANT SELECT on *.* to alice;
DENY SELECT on db.secret_table to alice;
{code}

{{alice}} will not be able to select from secret\_table.

h2.  Syntax:

{code:sql}
       DENY <privilege-list> ON <object-list> TO   <user-or-role>

REVOKE DENY <privilege-list> ON <object-list> FROM <user-or-role>
{code}

h3. User cases

https://stackoverflow.com/questions/6288554/mysql-grant-all-privileges-to-database-except-one-table (32k views)
https://dba.stackexchange.com/questions/98949/grant-select-on-all-databases-except-one\-mysql (18k views)
https://dba.stackexchange.com/questions/68957/block-user-access-to-certain\-tables (13k views)

h3. Details:

# Users should not be able to see that a DENY is assigned to them. Similar to how databases that the user can not access are not visible in {{show databases}}.
# DENY works on roles (as well as PUBLIC when it is implemented)
# Enabling a role activates that role's denies as well.
# Denies will be visible in {{SHOW GRANTS [FOR]}} if:
** User has read or write access to {{mysql}} database.
** -User has read or write access to corresponding {{mysql}} privilege table.- (TODO for as a separate MDEV for SHOW GRANTS)
# (?) Methods of querying denies: INFORMATION_SCHEMA.USER_PRIVILEGES
# Introduce a form of SUPER privilege, say IGNORE\_DENIES, to allow a ""superuser"" to ignore denies (this is compatible with SQL Server DENY behavior)

h4. Compatiblity with other databases (Potential future work)

*SQL Server*

* Compared to SQL Server, DENY can only be revoked via REVOKE DENY. Future possibility for SQL Server compatibility (via {{SQL_MODE=MSSQL}}) GRANT can also cancel a DENY.
* An SQL Server quirk is that column level denies take precedence over table level denies. This is a deprecated functionality of SQL Server, meant for backwards compatibility.

*MySQL*

* MySQL treats revokes as ""holes"" that are filled when the privilege is granted (directly or via a a higher level grant). Deny will remain in effect in our implementation.
* To allow MySQL compatibility, a possible extension in the future is: {{@@partial_revokes=1}} \-> REVOKE also works as DENY.

h3. Implementation details:

* Current privilege checking order first checks global, database, table, column privileges (in this order). If at any point the needed privileges are met, the privilege checking code stops execution. Introducing denies will require an additional lookup, one for each individual resource accessed. Some form of quick lookup must be made to answer:
** Does this user have denies for databases? (if global privileges met all required access bits).
** Does this user have denies for tables in a particular database (if database level privileges met all required access bits).
** Does this user have denies on table columns for a particular table (if table level privileges met all required access bits).
* (?) Should denies be stored in global_priv only, or should corresponding mysql.db, mysql.table_priv, etc. tables also have a ""DENY"" column?

h3. Milestones (each milestone includes test cases showcasing functionality):

# Grammar
# Global denies
# Database denies
# Table level denies
# Column level denies
# Stored procedure denies
# Information schema tables",,,14,14,0,3874143.6166666667,8,271,1,1,1,1,0
MDEV-34680,New Feature,MDEV,2024-07-31 17:34:57,2025-04-02 17:30:45.000,JIRAUSER55219,Critical,Asynchronous and Buffered Logging for Audit Plugin,"h1. Introduction

The server_audit_plugin employs synchronous, per-event logging, causing performance bottlenecks. Individual file writes for each log entry result in significant I/O overhead, especially in large database environments.

h1. Detailed Description (Solution)

A dedicated logging thread is implemented to reduce the main audit plugin thread's wait time from synchronous write operations.The main audit plugin thread now pushes messages into a thread-safe queue, which efficiently manages concurrent access. Upon each push, it checks if the queue has reached its capacity. If the queue is full, the main thread signals the logger thread to flush and process the messages. This approach ensures efficient logging by reducing the performance hit from frequent thread creation and maintaining smooth, high-throughput operations in write-heavy applications. To further guarantee security, we introduced an additional system variable that allows users to set a log buffer time. This enhancement enables the audit plugin to periodically poll the buffer queue. If the queue is not empty, it will flush the messages at specified intervals. This approach ensures that during high throughput periods, the buffer size will be exceeded and flushed accordingly. Conversely, during low throughput periods, users are guaranteed to receive their logs after a certain period. This dual-variable system provides a more adaptive and efficient logging mechanism, accommodating fluctuations in database activity while maintaining optimal performance and security. 

h2. Summary of Changes

*Buffered Logging:*
* Implement an in-memory buffer to reduce disk I/O by batching log writes.

*Asynchronous Logging:*
* Delegate logging to a dedicated logger thread for independent log handling,
minimizing wait times for main audit threads

*Dynamic Buffer Management:*
* Add log_buffer_size and log_buffer_time system variables for user-customizable
flushing based on data volume or time, adapting to varying workloads.

*Confirm Performance Improvement:*
* An average of 15% speed improvements confirmed in benchmark tests, demonstrating the
effectiveness of these logging enhancements in high-load environments.

h1. Additional Information

h2. System Variables Added

h3.  server_audit_log_buffer_size

*Description*: When server_audit_log_buffer_size is set, it determines the maximum number of log messages 
the buffer can hold. If the buffer reaches its limit, it flushes the logs and writes them to the file. The default value is 1, which means logs are directly written without buffering. Adjusting this value allows for batch logging, improving performance by reducing the overhead of writing each log message individually.     

*Commandline:* --server-audit-log-buffer-size=value

*Scope:* Global

*Dynamic:* Yes

*Data Type:* numeric

*Default Value:* 1

*Range:* 1 to 9999

h3. server_audit_log_buffer_time

*Description*: When server_audit_log_buffer_time is set, it determines how often, in milliseconds, the queue of log messages flushes itself. The default value is 1000 ms (1 second). This longer interval is due to the initial server_audit_log_buffer_size being 1, meaning logs are directly written without significant buffering. Adjusting this value allows for fine-tuning how frequently the logs are written, balancing between real-time logging and performance optimization.

*Commandline:* --server-audit-log-buffer-time=value

*Scope:* Global

*Dynamic:* Yes

*Data Type:* numeric

*Default Value:* 1000

*Range:* 1000 to 3600000 (1 hour)


h3. Results

Below are the benchmarking results comparing three implementations: the original buffer size only, the default audit plugin, and the combination of buffer size and buffer time. 

For these tests, the buffer size was set to 100, and the buffer time was set to 1000 ms (1 second).


*Benchmarking with 64 Threads: Performance Improvements Compared to Default*

| Implementation | QPS | TPS | Avg Latency (ms) | Total Transactions | QPS Improvement vs | TPS Improvement vs | Avg Latency Improve | Total Transactions Improve |
| Synchronous Direct Logging (Default) | 8182.0 | 1363.7 | 187.4 | 82011 | 0.0% | 0.0% | 0.0% | 0.0% |
| Asynchronous Logging with Buffer Size | 9535.9 | 1589.3 | 160.8 | 95561 | 16.5% | 16.5% | 14.2% | 16.5% |
| Asynchronous Logging with Buffer Size and Buffer Time | 10263.9 | 1710.6 | 149.6 | 102790 | 25.4% | 25.4% | 20.2% | 25.3% |

*Benchmarking with 256 Threads: Performance Improvements Compared to Default*

| Implementation | QPS | TPS | Avg Latency (ms) | Total Transactions | QPS Improvement vs | TPS Improvement vs | Avg Latency Improve | Total Transactions Improve |
| Synchronous Direct Logging (Default) | 2501.8 | 417.0 | 153.4 | 25116 | 0.0% | 0.0% | 0.0% | 0.0% |
| Asynchronous Logging with Buffer Size | 3225.4 | 537.6 | 118.8 | 32330 | 28.9% | 28.9% | 22.6% | 28.7% |
| Asynchronous Logging with Buffer Size and Buffer Time | 3239.9 | 540.0 | 118.2 | 32554 | 29.5% | 29.5% | 23.0% | 29.6% |


h1. Update After Feedback

After receiving feedback from Upstream, I was advised against adding additional threads since MariaDB already has built-in timer threads that can handle asynchronous time-based logging. Consequently, size-based logging will now operate synchronously. Utilizing the thr_time class, I have successfully implemented this approach. Below are the updated benchmarking results, comparing this implementation to the default audit plugin.

h3. Below are the results for New Implementation set to Default Configurations. The `log_buffer_size` is set to 1 here to mimic instant logging.

*64 Threads*
| Metric               |   Default |      New |   % Improvement |
| transactions_per_sec |     466.9 |    453.6 |            -2.8 |
| queries_per_sec      |    2801.3 |   2821.6 |             0.7 |
| total_events         |   28089   |  27271   |            -2.9 |
| avg_latency          |     136.8 |    141   |             3.1 |
| execution_time_avg   |      60   |     60.1 |             0.1 |
| total_queries        |  168534   | 163626   |            -2.9 |
| transactions         |   28089   |  27271   |            -2.9 |

*256 Threads*
| Metric               |   Default |      New |   % Improvement |
| transactions_per_sec |    1510   |   1508.4 |            -0.6 |
| queries_per_sec      |    9060.2 |   9004.8 |            -0.6 |
| total_events         |   91002   |  90448   |            -0.6 |
| avg_latency          |     169.1 |    170   |             0.6 |
| execution_time_avg   |      60.1 |     60.1 |            -0   |
| total_queries        |  546012   | 542688   |            -0.6 |
| transactions         |   91002   |  90448   |            -0.6 |

*512 Threads*
| Metric               |   Default |      New |   % Improvement |
| transactions_per_sec |    1819.1 |   1853.4 |             1.9 |
| queries_per_sec      |   10914.4 |  11120.6 |             1.9 |
| total_events         |  112787   | 116268   |             3.1 |
| avg_latency          |     274   |    266.7 |            -2.7 |
| execution_time_avg   |      60.4 |     60.6 |             0.3 |
| total_queries        |  676725   | 697615   |             3.1 |
| transactions         |  112787   | 116268   |             3.1 |




h3. Below are the results for New Implementation set to Buffered Configurations. The `log_buffer_size` is set to 1000 and `log_buffer_time` was set to 20 seconds here to mimic buffered logging.


*64 Threads*
| Metric               |   Default |      New |   % Improvement |
| transactions_per_sec |     466.9 |    602.4 |            29   |
| queries_per_sec      |    2801.3 |   3614.1 |            29   |
| total_events         |   28089   |  36244   |            29   |
| avg_latency          |     136.8 |    106.1 |           -22.5 |
| execution_time_avg   |      60   |     60.1 |             0.1 |
| total_queries        |  168534   | 217464   |            29   |
| transactions         |   28089   |  36244   |            29   |


*256 Threads*
| Metric               |   Default |      New |   % Improvement |
| transactions_per_sec |    1510   |   1729.5 |            14.5 |
| queries_per_sec      |    9060.2 |  10377.2 |            14.5 |
| total_events         |   91002   | 103978   |            14.3 |
| avg_latency          |     169.1 |    147.8 |           -12.5 |
| execution_time_avg   |      60.1 |     60   |            -0.1 |
| total_queries        |  546012   | 623868   |            14.3 |
| transactions         |   91002   | 103978   |            14.3 |


*512 Threads*
| Metric               |   Default |      New |   % Improvement |
| transactions_per_sec |    1819.1 |   2071.3 |            13.9 |
| queries_per_sec      |   10914.4 |  12427.9 |            13.9 |
| total_events         |  112787   | 129747   |            15   |
| avg_latency          |     274   |    238.9 |           -12.8 |
| execution_time_avg   |      60.4 |     60.6 |             0.3 |
| total_queries        |  676725   | 778484   |            15   |
| transactions         |  112787   | 129747   |            15   |

We observe that instant logging with this implementation performs almost as efficiently as the default implementation. However, significant performance improvements are achieved when using the buffer.

Note: We were unable to benchmark time-based buffered logging because improvements or regressions can only be detected with high throughput, which can only test size-based buffering.
",,,3,10,0,352795.8,4,16,1,1,1,0,0
MDEV-36077,New Feature,MDEV,2025-02-13 05:29:28,2025-04-02 17:33:00.000,JIRAUSER53125,Critical,Galera feature: retry applying of write sets at slave nodes,"A new Galera feature that allows retrying of applying of writesets at
slave nodes (codership/mysql-wsrep-bugs/#1619). Currently replication
applying stops for first non ignored failure occurring in event
applying, and node will do emergency abort (or start inconsistency
voting). Some failures, however, can be concurrency related, and
applying may succeed if the operation is tried at later time.
    
This feature introduces a new dynamic global option variable
{{wsrep_applier_retry_count}} that controls the retry-applying feature:
a zero value disables retrying and a positive value sets the maximum
number of retry attempts. The default value for this option is zero,
which means that this feature is disabled by default.

",,,1,1,0,69843.53333333334,0,0,0,0,0,0,0
MDEV-20065,New Feature,MDEV,2019-07-15 14:00:08,2025-04-02 17:38:12.000,elkin,Critical,parallel replication for galera slave,"Galera node when acts as the regular replication slave  is limited to the single-threaded
slave applier because the pre_commit transaction ordering by Galera may be set up
to violate the BGC one so two transactions from the same binlog group end up in deadlock, like


{noformat}
Gtid_seq_no= 2
Thread 34 (Thread 0x7fcd966d2700 (LWP 23891)):
#0  0x00007fcda6d56415 in pthread_cond_wait@@GLIBC_2.3.2 () from
/usr/lib/libpthread.so.0
#1  0x00005569d607d380 in safe_cond_wait (cond=0x7fcd854078e8,
mp=0x7fcd85407838, file=0x5569d6240360
""/home/sachin/10.1/server/include/mysql/psi/mysql_thread.h"",
line=1154) at /home/sachin/10.1/server/mysys/thr_mutex.c:493
#2  0x00005569d5aec4d0 in inline_mysql_cond_wait (that=0x7fcd854078e8,
mutex=0x7fcd85407838, src_file=0x5569d6240cb8
""/home/sachin/10.1/server/sql/log.cc"", src_line=7387) at
/home/sachin/10.1/server/include/mysql/psi/mysql_thread.h:1154
#3  0x00005569d5afeee5 in MYSQL_BIN_LOG::queue_for_group_commit
(this=0x5569d692d7c0 <mysql_bin_log>, orig_entry=0x7fcd966cf440) at
/home/sachin/10.1/server/sql/log.cc:7387
#4  0x00005569d5aff5c9 in
MYSQL_BIN_LOG::write_transaction_to_binlog_events (this=0x5569d692d7c0
<mysql_bin_log>, entry=0x7fcd966cf440) at
/home/sachin/10.1/server/sql/log.cc:7607
#5  0x00005569d5afecff in MYSQL_BIN_LOG::write_transaction_to_binlog
(this=0x5569d692d7c0 <mysql_bin_log>, thd=0x7fcd84c068b0,
cache_mngr=0x7fcd84c72c70, end_ev=0x7fcd966cf5e0, all=true,
using_stmt_cache=true, using_trx_cache=true) at
/home/sachin/10.1/server/sql/log.cc:7290
#6  0x00005569d5af0ce6 in binlog_flush_cache (thd=0x7fcd84c068b0,
cache_mngr=0x7fcd84c72c70, end_ev=0x7fcd966cf5e0, all=true,
using_stmt=true, using_trx=true) at
/home/sachin/10.1/server/sql/log.cc:1751
#7  0x00005569d5af11bb in binlog_commit_flush_xid_caches
(thd=0x7fcd84c068b0, cache_mngr=0x7fcd84c72c70, all=true, xid=2) at
/home/sachin/10.1/server/sql/log.cc:1859
#8  0x00005569d5b045c8 in MYSQL_BIN_LOG::log_and_order
(this=0x5569d692d7c0 <mysql_bin_log>, thd=0x7fcd84c068b0, xid=2,
all=true, need_prepare_ordered=false, need_commit_ordered=true) at
/home/sachin/10.1/server/sql/log.cc:9575
#9  0x00005569d5a1ec0d in ha_commit_trans (thd=0x7fcd84c068b0,
all=true) at /home/sachin/10.1/server/sql/handler.cc:1497
#10 0x00005569d5925e7e in trans_commit (thd=0x7fcd84c068b0) at
/home/sachin/10.1/server/sql/transaction.cc:235
#11 0x00005569d5b1b1fa in Xid_log_event::do_apply_event
(this=0x7fcd8542a770, rgi=0x7fcd85407800) at
/home/sachin/10.1/server/sql/log_event.cc:7720
#12 0x00005569d5743fa1 in Log_event::apply_event (this=0x7fcd8542a770,
rgi=0x7fcd85407800) at /home/sachin/10.1/server/sql/log_event.h:1343
#13 0x00005569d573987e in apply_event_and_update_pos_apply
(ev=0x7fcd8542a770, thd=0x7fcd84c068b0, rgi=0x7fcd85407800, reason=0)
at /home/sachin/10.1/server/sql/slave.cc:3479
#14 0x00005569d5739deb in apply_event_and_update_pos_for_parallel
(ev=0x7fcd8542a770, thd=0x7fcd84c068b0, rgi=0x7fcd85407800) at
/home/sachin/10.1/server/sql/slave.cc:3623
#15 0x00005569d597bfbe in rpt_handle_event (qev=0x7fcd85424770,
rpt=0x7fcd85421c88) at /home/sachin/10.1/server/sql/rpl_parallel.cc:50
#16 0x00005569d597ed57 in handle_rpl_parallel_thread
(arg=0x7fcd85421c88) at
/home/sachin/10.1/server/sql/rpl_parallel.cc:1258

Gtid_seq_no= 1
Thread 33 (Thread 0x7fcd9671d700 (LWP 23890)):
#0  0x00007fcda6d56415 in pthread_cond_wait@@GLIBC_2.3.2 () from
/usr/lib/libpthread.so.0
#1  0x00007fcd9e7778ab in gu::Lock::wait (this=0x7fcd9671a0c0,
cond=...) at galerautils/src/gu_mutex.hpp:40
#2  galera::Monitor<galera::ReplicatorSMM::CommitOrder>::enter
(this=this@entry=0x7fcda12d5da0, obj=...) at
galera/src/monitor.hpp:124
#3  0x00007fcd9e771f28 in galera::ReplicatorSMM::pre_commit
(this=0x7fcda12d5000, trx=0x7fcd8507e000, meta=<optimized out>) at
galera/src/replicator_smm.cpp:796
#5  0x00005569d59864d0 in wsrep_run_wsrep_commit (thd=0x7fcd85006a70,
all=true) at /home/sachin/10.1/server/sql/wsrep_hton.cc:492
#6  0x00005569d5984d6a in wsrep_prepare (hton=0x7fcda583e270,
thd=0x7fcd85006a70, all=true) at
/home/sachin/10.1/server/sql/wsrep_hton.cc:208
#7  0x00005569d5a1e1b0 in prepare_or_error (ht=0x7fcda583e270,
thd=0x7fcd85006a70, all=true) at
/home/sachin/10.1/server/sql/handler.cc:1196
#8  0x00005569d5a1ea1c in ha_commit_trans (thd=0x7fcd85006a70,
all=true) at /home/sachin/10.1/server/sql/handler.cc:1475
#9  0x00005569d5925e7e in trans_commit (thd=0x7fcd85006a70) at
/home/sachin/10.1/server/sql/transaction.cc:235
#10 0x00005569d5b1b1fa in Xid_log_event::do_apply_event
(this=0x7fcd8542a570, rgi=0x7fcd85407000) at
/home/sachin/10.1/server/sql/log_event.cc:7720
#11 0x00005569d5743fa1 in Log_event::apply_event (this=0x7fcd8542a570,
rgi=0x7fcd85407000) at /home/sachin/10.1/server/sql/log_event.h:1343
{noformat}

In above the 2nd of the two, BGC-ordered earlier though, trx turns into commit after the 1st which is BGC-ordered later. The 1st holds a galera resource while attempting to yield the  BGC ordering control to the 2nd which is locked out of the galera resource.


There are few ideas how to open up parallel slave applier for galera slave. In one we consider to introduce an interface to carry out an arbitrary action in specified BGC order. Such action could be {{wsrep_prepare}} as well.",,,8,0,0,3006938.066666667,0,0,0,0,0,0,0
MDEV-28730,Task,MDEV,2022-06-02 11:54:40,2025-04-03 09:00:40.000,thiru,Critical,Remove internal parser usage from InnoDB fts,"InnoDB fulltext index internally uses the parser to fetch, write the string into
the auxilary table, common tables, deleted, deleted cache table

Make the auxilary tables as a part of fts_index_cache_t and doesn't allow the
auxilary table to evicted. Store the common tables as a part of
fts_cache_t. This could avoid taking {{dict_sys.mutex}} whenever fts uses
internal parser.",,,3,0,0,1491666.0,0,0,0,0,0,0,0
MDEV-36106,New Feature,MDEV,2025-02-17 13:49:56,2025-04-03 12:37:20.000,psergey,Critical,"New-style hints: [NO_]DERIVED_CONDITION_PUSHDOWN, [NO_]MERGE","Implement table-level hints:
{code}
MERGE, NO_MERGE 
DERIVED_CONDITION_PUSHDOWN, NO_DERIVED_CONDITION_PUSHDOWN
{code}

in the same way they're done in MySQL 8.  See MySQL docs at:
https://dev.mysql.com/doc/refman/8.4/en/derived-condition-pushdown-optimization.html
https://dev.mysql.com/doc/refman/8.4/en/optimizer-hints.html#optimizer-hints-table-level

The logic for enabling the hints is expected to be very basic - hook at the same place where the check for optimizer_switch is, override the optimizer_switch setting.

The code to base on is MDEV-35504, look at other similar level hints and copy the approach.",,,11,4,0,64727.4,0,0,0,0,0,0,2
MDEV-36125,New Feature,MDEV,2025-02-19 11:19:56,2025-04-03 12:37:57.000,psergey,Critical,New-style hint: [NO_]INDEX_MERGE,"Implement the new-style hints:
{code}
INDEX_MERGE
NO_INDEX_MERGE
{code}

in a way compatible to MySQL. 
MySQL's Work Log: https://dev.mysql.com/worklog/task/?id=9167
",,,1,0,0,61998.01666666667,0,0,0,0,0,0,3
MDEV-5092,New Feature,MDEV,2013-10-02 11:35:59,2025-04-06 21:00:00.000,pprkut,Major,Implement UPDATE with result set,"Add an UPDATE operation that returns a result set of the changed rows to the client.

{code}
UPDATE [LOW_PRIORITY] [IGNORE] tbl_name
    SET col_name1={expr1|DEFAULT} [, col_name2={expr2|DEFAULT}] ...
    [WHERE where_condition]
    [ORDER BY ...]
    [LIMIT row_count]
RETURNING select_expr [, select_expr ...]
{code}

I'm not exactly sure how the corresponding multiple-table syntax should look like, or if it is possible at all. But already having it for single-table updates would be a nice feature.",,,12,2,0,6054324.016666667,10,164,1,1,1,1,0
MDBF-1026,Task,MDBF,2025-04-02 12:35:58,2025-04-06 21:00:00.000,JIRAUSER55297,Major,[eol] Remove Fedora-39 from buildbot,"EOL since 2024-11-26
:https://docs.fedoraproject.org/en-US/releases/eol/",,,1,0,0,6264.033333333334,0,0,0,0,0,0,5
MCOL-5300,Task,MCOL,2022-11-08 22:54:46,2025-04-08 14:32:39.000,david.hall,Major,review/finetune log collection tools,"review the tool in https://github.com/mariadb-edwardstoever/columnstore_review

David's suggestion below
 
At the least, the following information should be contained in the reports:
* Columnstore version
* Build hash (hopefully)
* Number of servers and how many are configured for accepting queries
* Number of cores per server, RAM per server and anything else hardware we can think of.
* Topology such as type of storage (s3, single data disk, shared nothing), aws, google, on-prem, skysql, etc.
* Which server is currently prime.
* Printout of Columnstore.xml
* Print of all the files in my.cnf (or wherever .cnf files are kept)
* If it can be found, the contents of mariadb .err file
* All contents of /var/logs/mariadb/columnstore (or wherever logs are kept).
* If we can figure it out, the contents of the bulk load logs.
* Anything else we can think of that might help us figure stuff out.
* 
All this and more used to be produced by ColumnstoreSupport executable (which called a bunch of shell scripts that ran some other things) That code can still be found in the develop-5 branch  oamapps/columnstoreSupport for reference.


",,,10,2,0,1269577.8833333333,0,0,0,0,0,0,0
MDEV-36132,New Feature,MDEV,2025-02-20 10:56:08,2025-04-09 09:27:41.000,psergey,Critical,Optimizer support for functional indexes: handle GROUP/ORDER BY,"See MDEV-35615, section *Support ORDER BY/GROUP BY*.",,,4,0,0,69031.55,9,682,1,1,1,1,4
MDEV-36542,Task,MDEV,2025-04-10 06:22:14,2025-04-10 06:28:48.000,danblack,Major,Remove compile options for faking initialization,"There are a number of compiler defines that fake initialization LINT_INIT and UNINIT_VAR for example.

With modern static analysers and the current usage, these are very shallow path to determine the initialisation did happen.

Its better to catch these uninitialised values.

Faking over the initialisation of variables in debug mode is likely to have a release build without the correct initialization.

The {{UNINIT_VAR(x) x= x}} construct was causing UBSAN issues like:

{noformat}
sql/sql_view.cc:1299:8: runtime error: load of value 16, which is not a valid value for type 'bool'
{noformat}",,,1,0,0,6.566666666666666,5,203,1,1,1,1,4
MDEV-28302,New Feature,MDEV,2022-04-12 14:40:55,2025-04-15 17:14:33.000,hholzgra,Critical,Feature request: configurable defaults for MASTER_SSL_* settings for CHANGE MASTER,"When having multiple replication channels (or when changing what primary to replicate from often) and using two\-way TLS the client certificate and CA files used as  MASTER_SSL_\* parameters in CHANGE MASTER TO will usually be the same and not change between connections to different primaries.

So it may make sense to be able to configure a client certificate to be used for all replication channels in a central place instead of having to add MASTER_SSL_CA, MASTER_SSL_CERT and MASTER_SSL_KEY (and maybe MASTER_SSL_VERIFY_SERVER_CERT, too) again and again each time a CHANGE MASTER TO is done.

E.g.:

{noformat}
replication_ssl_ca=...
replication_ssl_cert=...
replication_ssl_key=...
{noformat}

and maybe also an explicit MASTER_SSL_USE\_DEFAULTS option to CHANGE MASTER to only use such default settings on demand.",,,4,4,0,1582713.6333333333,1,6,1,0,0,0,0
MDBF-1035,Technical task,MDBF,2025-04-09 07:14:44,2025-04-20 21:00:00.000,JIRAUSER55297,Major,Make RunInContainer work with steps and update the sequence,,,,1,0,0,16665.266666666666,0,0,0,0,0,0,12
MDBF-1030,Technical task,MDBF,2025-04-09 07:01:40,2025-04-20 21:00:00.000,JIRAUSER55297,Major,Define DEB builder,,,,1,0,0,16678.333333333332,0,0,0,0,0,0,7
MDBF-1031,Technical task,MDBF,2025-04-09 07:02:35,2025-04-20 21:00:00.000,JIRAUSER55297,Major,Define & Deduplicate prepare / cleanup steps,,,,1,0,0,16677.416666666668,0,0,0,0,0,0,8
MDBF-1034,Technical task,MDBF,2025-04-09 07:04:44,2025-04-20 21:00:00.000,JIRAUSER55297,Major,Define MTR class,,,,1,0,0,16675.266666666666,0,0,0,0,0,0,11
MDBF-1029,Technical task,MDBF,2025-04-09 07:00:51,2025-04-20 21:00:00.000,JIRAUSER55297,Major,Define RPM Builder,,,,1,0,0,16679.15,0,0,0,0,0,0,6
MDBF-1033,Technical task,MDBF,2025-04-09 07:04:01,2025-04-20 21:00:00.000,JIRAUSER55297,Major,Allow image checkpoint / snapshot for reuse in further steps,,,,1,0,0,16675.983333333334,0,0,0,0,0,0,10
MDBF-1032,Technical task,MDBF,2025-04-09 07:03:23,2025-04-20 21:00:00.000,JIRAUSER55297,Major,Docker signal handling and running user,,,,1,0,0,16676.616666666665,0,0,0,0,0,0,9
MDEV-29499,New Feature,MDEV,2022-09-09 07:29:04,2025-04-22 17:29:19.000,roel,Critical,Improving the 'Can't execute init_slave query' error message with the actual failure,"I have been keeping track of what errors are reported by the server and noticed the following. For basically the same issue: 
{noformat}
Can't execute init_slave query 
{noformat}
I have seen all these errors:
{noformat}
Internal MariaDB error code: 1046
Internal MariaDB error code: 1064
Internal MariaDB error code: 1193
Internal MariaDB error code: 1231
Internal MariaDB error code: 1054
Internal MariaDB error code: 1237
{noformat}
This is confusing, and it affects testing as other issues are being missed due to all these errors being filtered. Here is {{perror}} output for these errors:
{noformat}
$ ./bin/perror 1046
MariaDB error code 1046 (ER_NO_DB_ERROR): No database selected
$ ./bin/perror 1064
MariaDB error code 1064 (ER_PARSE_ERROR): %s near '%-.80T' at line %d
$ ./bin/perror 1193
MariaDB error code 1193 (ER_UNKNOWN_SYSTEM_VARIABLE): Unknown system variable '%-.*s'
$ ./bin/perror 1231
MariaDB error code 1231 (ER_WRONG_VALUE_FOR_VAR): Variable '%-.64s' can't be set to the value of '%-.200T'
$ ./bin/perror 1054
MariaDB error code 1054 (ER_BAD_FIELD_ERROR): Unknown column '%-.192s' in '%-.192s'
$ ./bin/perror 1237
MariaDB error code 1237 (ER_SLAVE_IGNORED_TABLE): Slave SQL thread ignored the query because of replicate-*-table rules
{noformat}
This bug report to create a single new error code which is hit whenever the slave cannot execute the {{init_slave}} query for any reason. 

Testing wise, that error can then be filtered and all the errors above can be unfiltered.

For users, some resolution (the underlying cause for the {{Can't execute init_slave query}} failure) may be missed this way, but in return there will be a single automatable error. 

Then again, perhaps there is another way to achieve this resolution? For example how about (fictive):
{noformat}
$ ./bin/perror 9999
MariaDB error code 9999 (ER_INIT_SLAVE_ERROR): Can't execute init_slave query due to MariaDB error code [1046/1064/.../1237/...]: Check ./bin/perror  [1046/1064/.../1237/...] for more info
{noformat}",,,12,11,0,1377240.25,5,5,1,0,0,0,1
MDEV-31741,Task,MDEV,2023-07-19 08:14:13,2025-04-23 09:38:18.000,cvicentiu,Critical,Refactoring and cleanups in preparation for DENIES,"There is quite a lot of technical debt within the ACL code. Some of it can be fixed in stable versions as it involves minimal logic changes.

This task covers all the cleanups and related refactorings, in preparation for DENIES.",,,1,0,0,927444.0833333334,0,0,0,0,0,0,0
MDBF-1052,Technical task,MDBF,2025-04-28 13:21:20,2025-05-04 21:00:00.000,JIRAUSER55297,Major,Langchain mariadb lazy init,"The primary motivation for this patch is that, in a client-server application (e.g., RAG), the developer might not or isn't required to know the embedding_length in advance.
Without lazy init and no prior knowledge of the embedding_length, the developer would be stuck with the default of 1536, which might differ from what the model actual value is.

Of course, from_texts() will determine the dimension at runtime but we need to consider that
in some cases one would like to get an instance of MariaDBStore first and then perform any other operations later.

Thus, we need to add support lazy initialization of the store, which will establish the embedding dimension
and create the tables on either the first search or the first insert, whichever comes first.

",,,1,1,0,9098.666666666666,0,0,0,0,0,0,13
MCOL-6023,Task,MCOL,2025-05-29 19:03:48,2025-06-03 16:57:30.000,JIRAUSER55330,Major,Support Ubuntu 24.04 in columnstore-ansible-aws,Most members of the team use Ubuntu to develop in the cluster. Ubuntu 24.04 LTS is not supported by columnstore-ansible-aws yet,,,1,0,0,7073.7,0,0,0,0,0,0,0
MDEV-36811,Task,MDEV,2025-05-14 05:05:24,2025-06-10 18:06:00.000,JIRAUSER55761,Major,Update docs for SHOW REPLICA STATUS & co.,"[SHOW REPLICA STATUS|https://mariadb.com/kb/en/show-replica-status/], [CHANGE MASTER TO|https://mariadb.com/kb/en/change-master-to/] and [RESET REPLICA|https://mariadb.com/kb/en/reset-replica/] needs to be updated to include {{Connects_Tried}} & {{Master_Retry_Count}} from MDEV-35304 & MDEV-25674.

Also, [SHOW REPLICA STATUS § Column Descriptions|https://mariadb.com/kb/en/show-replica-status/#column-descriptions]:
* is missing:
{code}
Replicate_Do_Domain_Ids
Replicate_Ignore_Domain_Ids
Parallel_Mode
{code}
* has duplicate entries (including descriptions) for:
{code}
Replicate_Rewrite_DB
Retried_transactions
Max_relay_log_size
Executed_log_entries
Slave_received_heartbeats
Slave_heartbeat_period
Gtid_Slave_Pos
{code}
* has {{Last Error}} (space) instead of {{Last_Error}} (underscore)",,,1,3,0,39660.6,0,0,0,0,0,0,0
MDEV-34319,New Feature,MDEV,2024-06-06 09:42:55,2025-06-10 18:06:00.000,bar,Critical,Associative arrays: DECLARE TYPE .. TABLE OF .. INDEX BY in stored routines,"Let's add support for INDEX BY tables (associative arrays) in the DECLARE section of stored routines and anonymous blocks, with this syntax:

{code:sql}
DECLARE
  TYPE type_name TABLE OF rec_type_name INDEX BY idx_type_name;
{code}

- type_name should support explicit and anchored data types (e.g t1.col1%TYPE).
- The INDEX BY clause should support at least integer and string data types.
- rec_type_name should support both scalar types and records.

h2. An associative array of scalar elements

Explicit type_name:

{code:sql}
DECLARE
  TYPE salary IS TABLE OF NUMBER INDEX BY VARCHAR2(20);
  salary_list salary;
  name VARCHAR2(20);
BEGIN
  salary_list('Rajnisj') := 62000;
  salary_list('James') := 78000;
  name:= salary_list.FIRST;
  WHILE name IS NOT NULL
  LOOP
    dbms_output.put_line(name || ' ' || TO_CHAR(salary_list(name)));
    name:= salary_list.NEXT(name);
  END LOOP;
END;
/
{code}

Anchored type_name:

{code:sql}
CREATE TABLE t1 (a INT);
DECLARE
  TYPE salary IS TABLE OF t1.a%TYPE INDEX BY VARCHAR2(20);
  salary_list salary;
  name VARCHAR2(20);
BEGIN
  salary_list('Rajnisj') := 62000;
  salary_list('James') := 78000;
  name:= salary_list.FIRST;
  WHILE name IS NOT NULL
  LOOP
    dbms_output.put_line(name || ' ' || TO_CHAR(salary_list(name)));
    name:= salary_list.NEXT(name);
  END LOOP;
END;
/
{code}


h2. An associative array of records

Using explicit data types:

{code:sql}
DECLARE
  TYPE person_t IS RECORD
  (
    first_name VARCHAR(64),
    last_name VARCHAR(64)
  );
  person person_t;
  TYPE table_of_peson_t IS TABLE OF person_t INDEX BY VARCHAR(20);
  person_by_nickname table_of_peson_t;
  nick VARCHAR(20);
BEGIN
  person_by_nickname('Monty') := person_t('Michael', 'Widenius');
  person_by_nickname('Serg') := person_t('Sergei ', 'Golubchik');
  nick:= person_by_nickname.FIRST;
  WHILE nick IS NOT NULL
  LOOP
    person:= person_by_nickname(nick);
    dbms_output.put_line(nick || ' ' || person.first_name || ' '|| person.last_name);
    nick:= person_by_nickname.NEXT(nick);
  END LOOP;
END;
/
{code}

Using anchored data types:
{code:sql}
DROP TABLE persons;
CREATE TABLE persons (nickname VARCHAR(64), first_name VARCHAR(64), last_name VARCHAR(64));
INSERT INTO persons VALUES ('Serg','Sergei ', 'Golubchik');
INSERT INTO persons VALUES ('Monty','Michael', 'Widenius');
DECLARE
  TYPE table_of_person_t IS TABLE OF persons%ROWTYPE INDEX BY persons.nickname%TYPE;
  person_by_nickname table_of_person_t;
  nickname persons.nickname%TYPE;
  person persons%ROWTYPE;
BEGIN
  FOR rec IN (SELECT * FROM persons)
  LOOP
    person_by_nickname(rec.nickname):= rec;
  END LOOP;

  nickname:= person_by_nickname.FIRST;
  WHILE nickname IS NOT NULL
  LOOP
    person:= person_by_nickname(nickname);
    dbms_output.put_line(person.nickname || ' ' || person.first_name || ' '|| person.last_name);
    nickname:= person_by_nickname.NEXT(nickname);
  END LOOP;
END;
/
{code}
",,,3,8,0,531863.0833333334,0,0,0,0,0,0,1
MDEV-34614,Task,MDEV,2024-07-17 13:30:58,2025-06-10 18:06:00.000,JIRAUSER52216,Major,mysqlbinlog warn on EOF before GTID in --stop-position,"In addition to MDEV-27037, which validates that a binlog coordinate or datetime based stop position actually exists within a binary log file provided to mariadb-binlog, 10.11 also supports GTID input to --stop-position, and this should also be validated that the given GTID exists within the input set of binary logs.

For more details, see the discussion on the MDEV-27037's PR [here|https://github.com/MariaDB/server/pull/3400#discussion_r1681030120].",,,2,0,0,472595.0333333333,0,0,0,0,0,0,0
MDEV-36321,Task,MDEV,2025-03-18 13:56:23,2025-06-13 14:49:34.000,psergey,Critical,Split Materialized and derived-with-keys produce wrong out_rows estimates,"Consider a query using Split Materialized: (database fill steps provided below)
{code:sql}
explain select * 
from 
  t2, (select max(value), grp_id from t1 group by grp_id) DT
where
  t2.a= DT.grp_id;
{code}

{code}
+------+-----------------+------------+------+---------------+--------+---------+------------+------+-------------+
| id   | select_type     | table      | type | possible_keys | key    | key_len | ref        | rows | Extra       |
+------+-----------------+------------+------+---------------+--------+---------+------------+------+-------------+
|    1 | PRIMARY         | t2         | ALL  | NULL          | NULL   | NULL    | NULL       | 5    | Using where |
|    1 | PRIMARY         | <derived2> | ref  | key0          | key0   | 5       | test2.t2.a | 10   |             |
|    2 | LATERAL DERIVED | t1         | ref  | grp_id        | grp_id | 5       | test2.t2.a | 100  |             |
+------+-----------------+------------+------+---------------+--------+---------+------------+------+-------------+
{code}

Note that table <derived2> has rows=10, even if we know that it will have rows=1 due to GROUP BY and splitting. 

This isn't just the wrong estimate for number of rows to scan in <derived2>.  The incorrect fanout affects the partial join cardinality.

Relevant sections of the optimizer trace:
{code:js}
                    ""plan_prefix"": ""t2"",
                    ""get_costs_for_tables"": [
                      {
                        ""best_access_path"": {
                          ""table"": ""<derived2>"",
                          ...
                          ""choose_best_splitting"": {
                            ""split_materialized"": {
                              ""chosen"": true
                            }
                            ...
                          },
                          ""chosen_access_method"": {
                            ""type"": ""ref"",
                            ""rows_read"": 10,
                            ""rows_out"": 10,
                            ""cost"": 0.00639105,
                            ""uses_join_buffering"": false
                          }
{code}
and then: (t2 has rows=5, so rows_for_plan=50 is a 10x over-estimate:
{code:js}
                  {
                    ""plan_prefix"": ""t2"",
                    ""table"": ""<derived2>"",
                    ""rows_for_plan"": 50,
                    ""cost_for_plan"": 0.01806085
                  }
{code}

Can this be fixed by just setting rows=1? 

Database fill steps:
{code:sql}

create table t1 (
  grp_id int, 
  value int,
  index (grp_id)
);

insert into t1 select 
  A.seq, B.seq
from 
  seq_1_to_10000 A, 
  seq_1_to_100 B
;

create table t2 (a int);
insert into t2 select seq from seq_1_to_5;

analyze table t1,t2;
{code}",,,1,3,0,125333.18333333333,12,595,1,1,1,1,5
MCOL-5978,Sub-Task,MCOL,2025-04-15 22:58:01,2025-07-02 13:07:00.000,tturenko,Major,additional 'character_set%' variable in 11.4 causes basic.mcs228_regexp_operator failure,"https://server-test.mariadb.net/?product_ids=2&show_skipped_results=false&only_last_commits=false&time_interval=-1&test_name=&commit_id=&target_name=11.4-MCOL-5949_depr_warnings-apr15&runs_with_additional_tools=false&currentTestCaseId=20604&currentTargetBuildId=14908&currentTestResultId=407399342

A new variable `character_set_collations` was introduced in 11,4, and it causes test output difference

{noformat}
 SHOW VARIABLES LIKE 'character_set%';
 Variable_name	Value
 character_set_client	utf8mb3
+character_set_collations	utf8mb4=utf8mb4_uca1400_ai_ci
 character_set_connection	utf8mb3
{noformat}

Also, this test depends on the path to MariaDB:


{noformat}
-character_sets_dir	/usr/share/mysql/charsets/
+character_sets_dir	/usr/share/mariadb/charsets/
{noformat}
",,,1,0,0,111728.98333333334,0,0,0,0,0,0,6
MDEV-36290,New Feature,MDEV,2025-03-13 14:29:05,2025-07-02 18:35:35.000,monty,Critical,ALTER TABLE with multi-master can cause data loss,"--binlog_row_metadata=full stores columns names and other metadata into the binary log.
However this is not used by replication threads, which can cause data loss on multi-master if one adds or drop fields with ALTER TABLE when binlog_format=row or binlog_format=statement is used.

ALTER TABLE will work if columns are added last to the table. However if one deletes columns or add a column in the middle of the table will cause all future DML to update wrong fields.

The fix is that if --binlog_row_metadata=full is used, we should not use field positions but instead use field names for insert and update when applying row events.
mariadb-binlog should also be update to show fieldnames instead of field positions if field names are available.

I will add a simple test case that one can use to verify the issue.

We should probably also add an option --slave_type_conversions=IGNORE_MISSING_COLUMNS to allow one to drop columns with ALTER TABLE",,,2,0,0,160086.5,1,17,1,1,1,0,1
MDEV-37054,New Feature,MDEV,2025-06-20 11:49:05,2025-07-04 14:14:32.000,f_razzoli,Major,implement INFORMATION_SCHEMA.PARAMETERS.PARAMETER_DEFAULT column,"{code:sql}
DELIMITER ||
CREATE OR REPLACE PROCEDURE p(a INTEGER DEFAULT 9999)
    DETERMINISTIC
BEGIN
    SELECT a;
END ||
DELIMITER ;
SELECT * FROM information_schema.PARAMETERS WHERE SPECIFIC_NAME = 'p' \G

*************************** 1. row ***************************
        SPECIFIC_CATALOG: def
         SPECIFIC_SCHEMA: test
           SPECIFIC_NAME: p
        ORDINAL_POSITION: 1
          PARAMETER_MODE: IN
          PARAMETER_NAME: a
               DATA_TYPE: int
CHARACTER_MAXIMUM_LENGTH: NULL
  CHARACTER_OCTET_LENGTH: NULL
       NUMERIC_PRECISION: 10
           NUMERIC_SCALE: 0
      DATETIME_PRECISION: NULL
      CHARACTER_SET_NAME: NULL
          COLLATION_NAME: NULL
          DTD_IDENTIFIER: int(11)
            ROUTINE_TYPE: PROCEDURE
{code}

As a general rule, I'd avoid releasing new DDLs until they are visible in the information_schema. SHOW CREATE output needs to be parsed, so it's not a replacement.
",,,1,1,0,20305.45,0,0,0,0,0,0,0
MDEV-36733,New Feature,MDEV,2025-05-02 13:58:37,2025-07-07 09:37:14.000,JIRAUSER54513,Critical,Clone: Support Local Clone,"+Specification:+
1. Install clone plugin to use the feature.
{noformat}
INSTALL PLUGIN clone SONAME 'mariadb_clone';
SHOW PLUGINS;
SELECT * FROM information_schema.plugins where plugin_name like ""%clone%"" \G
{noformat}

2. New BACKUP_ADMIN privilege to allow user to take a snapshot of the entire data directory.
{noformat}
CREATE USER clone IDENTIFIED by 'clone_pass';
GRANT BACKUP_ADMIN ON *.* to clone;
{noformat}

3. Clone command to clone Innodb and ARIA tables including system tables.  
{noformat}
CLONE LOCAL DATA DIRECTORY [=]  '<absolute path to target directory';
{noformat}

* Have ARIA and Innodb tables and concurrent DML operations during clone.

4. Start server on cloned data directory and check all tables are cloned.

5. Uninstall clone plugin.
{noformat}
UNINSTALL PLUGIN clone;
{noformat}

+Limitations+
1. Not supported for Innodb encrypted table [would return error] : Implemented by MDEV-36745
2. Not supported for Innodb page compressed table [would return error] : Implemented by MDEV-36746
3. Any tables in SE other than  Innodb or ARIA are not cloned : Implemented in MDEV-36739
4. Binary Log position and GTID are not cloned : Implemented in MDEV-36751
5. Concurrent DDLs are blocked : Implemented in MDEV-36747
6. Clone runs single threaded. [performance] : Implemented in MDEV-36744

+Development Note:+
1. Prototype code from main-MDEV-35248 is to be used.
2. All related mtr tests must be ported from MySQL. Must work on all platforms(CI).
3. All relevant Maria Backup mtr test should be translated for clone.
3. Clone must be tested with concurrent sysbench load.
4. The review of the ported code can be started early as the majority of the ported code from MySQL .

+QA/Test Note:+
1. Should develop RQG test for Clone and concurrent DML test.",,,1,1,0,94778.61666666667,0,0,0,0,0,0,0
MDEV-36737,New Feature,MDEV,2025-05-02 18:51:31,2025-07-22 13:19:03.000,JIRAUSER55813,Major,Research and Estimation for Adapting VIDEX to MariaDB,"VIDEX (Virtual Index for MySQL) is an open-source virtual index storage engine developed by ByteDance, designed to simulate the impact of indexes on query plans without requiring real data. It supports what-if analysis for index strategies, integrates AI-based cardinality and NDV (number of distinct values) estimation algorithms, and has been validated with benchmarks like TPC-H. VIDEX is currently implemented for MySQL 8.0 and deployed at scale, optimizing thousands of MySQL instances daily.

ByteDance has expressed interest in adapting VIDEX for MariaDB compatibility, seeking collaboration with the MariaDB community due to differences between MySQL 8.0 and the MariaDB codebase. This feature story requests research and estimation to identify the technical requirements, challenges, and effort needed to integrate VIDEX in MariaDB Server, enabling MariaDB users to benefit from advanced query optimization capabilities.

*Objectives*

Understand the architectural differences between MySQL 8.0 and MariaDB that impact VIDEX compatibility.

Identify modifications needed in the MariaDB Server codebase to support VIDEX as a storage engine plugin.

Estimate the effort required for development.

*Acceptance Criteria*

A Jira story report documenting:

Key differences between MySQL 8.0 and MariaDB affecting VIDEX integration.

Specific changes required in MariaDB Server to support VIDEX (e.g., plugin interfaces, statistical metadata handling).

Estimated effort for implementation.

Recommendations for collaboration with ByteDance to streamline adaptation.

Validation that the proposed changes align with MariaDB’s architecture and performance goals.

A plan for testing VIDEX integration using benchmarks like TPC-H and JOB to ensure simulation accuracy.

*Background*

VIDEX Overview: VIDEX simulates query plans by providing statistical information (e.g., NDV, cardinality) via a RESTful algorithm service, supporting AI-driven estimation models. It skips index query interfaces (e.g., index_first, index_read) and focuses on optimizer interactions (ha_engine::info, ha_engine::records_in_range).

VIDEX Architecture: VIDEX uses a three-layer disaggregated design (production database, VIDEX-Optimizer, VIDEX-Statistic-Server), allowing lightweight statistical replication and AI model integration (VIDEX paper, arXiv:2503.23776).",,,3,1,0,116307.53333333334,1,11,1,1,0,0,0
MCOL-6108,Task,MCOL,2025-07-25 23:00:25,2025-07-30 07:55:32.000,tturenko,Major,Investigate warnings from MTR 11.4 + stable-23.10,"MTR 11.4 + stable-23.10 generates a number of warnings like ""Warning: Internal memory accounting error of 1048 bytes""

- Find all the tests that give warnings
- retest after fixing",,,5,0,0,6295.116666666667,0,0,0,0,0,0,7
MDEV-20023,New Feature,MDEV,2019-07-10 16:27:06,2025-08-06 20:57:03.000,faisal,Critical,Implement Oracle TRUNC() function,"This function is commonly used in Oracle PL/SQL or queries to truncate various data types for instance;

1. TRUNCATE a fraction from a number
2. TRUNCATE a timestamp portion of a date/datetime/timestamp values

TRUNC(DATE/DATETIME/TIMESTAMP): https://docs.oracle.com/cd/B19306_01/server.102/b14200/functions201.htm

TRUNC(NUMBER): https://docs.oracle.com/cd/B19306_01/server.102/b14200/functions200.htm
",,,3,1,0,3195629.95,0,0,0,0,0,0,0
MDEV-9826,New Feature,MDEV,2016-03-29 11:19:16,2025-08-16 10:10:19.000,valerii,Major,change the hash algorithm for PARTITION BY HASH/KEY,"Test case from https://bugs.launchpad.net/percona-server/+bug/1348295 gives the same result (uneven data disctribution) on recent MariaDB 10.1.13:


{noformat}
[openxs@fc23 maria10.1]$ bin/mysql -uroot test
Reading table information for completion of table and column names
You can turn off this feature to get a quicker startup with -A

Welcome to the MariaDB monitor.  Commands end with ; or \g.
Your MariaDB connection id is 3
Server version: 10.1.13-MariaDB Source distribution

Copyright (c) 2000, 2016, Oracle, MariaDB Corporation Ab and others.

Type 'help;' or '\h' for help. Type '\c' to clear the current input statement.

MariaDB [test]> drop table t1;
Query OK, 0 rows affected (0.18 sec)

MariaDB [test]> create table t1(c1 int, c2 date) partition by key(c2) partitions 8;
Query OK, 0 rows affected (1.92 sec)

MariaDB [test]> insert into t1 values (1, '2014-04-22');
Query OK, 1 row affected (0.04 sec)

MariaDB [test]> insert into t1 values (1, '2014-04-23');
Query OK, 1 row affected (0.04 sec)

MariaDB [test]> insert into t1 values (1, '2014-04-24');
Query OK, 1 row affected (0.04 sec)

MariaDB [test]> insert into t1 values (1, '2014-04-25');
Query OK, 1 row affected (0.04 sec)

MariaDB [test]> insert into t1 values (1, '2014-04-26');
Query OK, 1 row affected (0.15 sec)

MariaDB [test]> insert into t1 values (1, '2014-04-27');
Query OK, 1 row affected (0.05 sec)

MariaDB [test]> insert into t1 values (1, '2014-04-28');
Query OK, 1 row affected (0.04 sec)

MariaDB [test]> insert into t1 values (1, '2014-04-29');
Query OK, 1 row affected (0.12 sec)

MariaDB [test]> insert into t1 values (1, '2014-04-30');
Query OK, 1 row affected (0.07 sec)

MariaDB [test]> select partition_name, table_rows from information_schema.partitions where table_name='t1';
+----------------+------------+
| partition_name | table_rows |
+----------------+------------+
| p0             |          3 |
| p1             |          0 |
| p2             |          0 |
| p3             |          0 |
| p4             |          2 |
| p5             |          0 |
| p6             |          4 |
| p7             |          0 |
+----------------+------------+
8 rows in set (0.00 sec)

MariaDB [test]>
{noformat}

No wonder, as this is upstream bug known also as:

https://bugs.mysql.com/bug.php?id=72428
https://bugs.mysql.com/bug.php?id=65112

Percona set the bug to ""Won't fix"" and Oracle seems to postpone fixing as the fix requires changing of hash algorithm and may result in backward compatibility issues.

I wonder if mariaDB can implement new hashing algorithm for KEY partitioning (maybe under some new ""name""/partition type) in 10.1 or 10.2, one that distributes data in a more even/expected way?
",,,2,1,0,4934811.05,8,140,1,1,1,1,0
MDEV-22831,New Feature,MDEV,2020-06-08 10:56:21,2025-08-16 10:10:35.000,bar,Major,PARTITION BY KEY ALGORITHM={crc32|murmur|...},"As of 10.5, MariaDB supports 1 and 2 in the ALGORITHM option of a PARTITION clause:
{noformat}
CREATE TABLE t1 (a VARCHAR(64)) PARTITION BY KEY ALGORITHM=1 (a) PARTITIONS 4;
CREATE TABLE t1 (a VARCHAR(64)) PARTITION BY KEY ALGORITHM=2 (a) PARTITIONS 4;
{noformat}
where:
- 1 means MySQL 5.1 hash
- 2 means MySQL 5.5 hash

The built-in hash functions are not always good. For example, on BINARY-alike or VARBINARY-alike data types the distribution is not good when the data has many zero bytes.

See MDEV-20791 as an example of a bad distribution.


In order to improve distribution, let's implement more hash options, e.g. crc32, murmur:

{noformat}
CREATE TABLE t1 (a VARCHAR(64)) PARTITION BY KEY ALGORITHM=crc32 (a) PARTITIONS 4;
CREATE TABLE t1 (a VARCHAR(64)) PARTITION BY KEY ALGORITHM=murmur (a) PARTITIONS 4;
{noformat}

New algorithm options will be identified by textual names instead of numbers. As this is more readable.

The old values of 1 and 2 will remain as numbers (for backward compatibility). Optionally, they can get textual aliases, e.g. mysql51 or mysql55:
{noformat}
ALGORITH=mysql51
{noformat}
",,,3,0,0,2728754.2333333334,0,0,0,0,0,0,0
MDEV-33830,New Feature,MDEV,2022-05-06 09:09:44,2025-09-10 10:02:55.000,karlsson,Critical,Support for cursors on prepared statements,"Currently prepared statements can only be executed and only a single row may be fetched. This is a severe limitation, in particular when it comes to stored procedures. This limits the support for Dynamic SQL we have and makes migration from, say, Oracle, real difficult. Oracle has support for cursors on Dynamic SQL.

This is a suggested syntax:

{code:sql}
CREATE OR REPLACE PROCEDURE do_select1(tab VARCHAR(64), id INTEGER)
BEGIN
   DECLARE no_data BOOL DEFAULT FALSE;
   DECLARE v_c1 VARCHAR(100);
   DECLARE c1 CURSOR;
   DECLARE CONTINUE HANDLER FOR NOT FOUND SET no_data = TRUE;

   PREPARE s1 FROM CONCAT('SELECT c1 FROM ', tab, ' WHERE id = ?');
   OPEN c1 FOR s1 USING id;
   LOOP
       FETCH c1 INTO v_c1;
       INSERT INTO othertable VALUES(v_c1);
   END LOOP;
   CLOSE c1;
END;
{code}

Cursor FOR\-loops should also be supported:

{code:sql}
CREATE OR REPLACE PROCEDURE do_select2(tab VARCHAR(64), id INTEGER)
BEGIN
   DECLARE v_c1 VARCHAR(100);
   DECLARE c1 CURSOR;

   PREPARE s1 FROM CONCAT('SELECT c1 FROM ', tab, ' WHERE id = ?');

   FOR v_c1 IN c1(id) FOR s1
   LOOP
       INSERT INTO othertable VALUES(v_c1);
   END LOOP;
END;
{code}

SYS_REFCURSORs should be supported:
{code:sql}
DECLARE
  c SYS_REFCURSOR;
  str1 VARCHAR2(200):= 'SELECT * FROM t1 WHERE a=:id';
  id INT:= 1;
BEGIN
  OPEN c FOR str1 USING id;
END;
/
{code}
",,,4,2,0,1761173.1833333333,11,354,1,1,1,1,1
MDEV-30847,New Feature,MDEV,2023-03-14 13:11:47,2025-09-23 09:21:45.000,sysprg,Critical,Hashicorp Plugin: Provide cache flush for key rotation,"The Hashicorp Vault plugin currently supports key versioning provided by the Hashicorp Vault Server. However, there is no ways in the plugin to initiate a key rotation and reset the data stored in the cache. Because of this, it is really impossible to build scenarios in which key values change without restarting the server.

To address this shortcoming, we need to adds a new global variable that allows the user to initiate key rotation at the plugin level - similar to the key management plugin for AWS:
{code}--[loose-]hashicorp-key-management-rotate-key=<identifier>|-1{code}
Setting this variable to a certain value rotates corresponding key - all data associated with it is erased from the cache and will be re-requested from the Hashicorp Vault server the next time the system accesses this key. The user can also specify special value -1 (minus one) to rotate all keys. When specified value is zero, no key rotation is performed.",,,1,0,0,1330329.9666666666,0,0,0,0,0,0,0
MDEV-37330,Task,MDEV,2025-07-28 15:11:14,2025-09-30 15:54:59.000,psergey,Critical,Ordered scans over PARTITION BY RANGE should not use priority queue,"Consider a table partitioned by date:

{code:sql}
CREATE TABLE t1 (
  date_created DATETIME
   user_id INT,
   ...
  INDEX idx1(user_id, date_created)
) PARTITION BY RANGE COLUMNS(date_created) (
 PARTITION `p_first`  VALUES LESS THAN ('2022-02-24 00:00:00'),
  ... 
 PARTITION `p_2025_02` VALUES LESS THAN ('2025-03-01 00:00:00'),
  ...
  PARTITION `p_last` VALUES LESS THAN ...
);
{code}

And a query looking to get the last row describing a given user.
{code:sql}
select * from t1
where user_id=1234
ORDER BY date_created DESC LIMIT 1
{code}

The index  {{idx1(user_id, date_created)}} will allow to use ref access and SQL layer will make one index lookup.

However, ha_partition has only two algorithms:
* unordered index scan
* ordered index scan

Here, ordered index scan will be used.  ha_partition will read a row from each partition and put that into the priority queue, then it will get the last one.
When there are many partitions, this will have a lot of overhead.  Why can't we just read the row from partition p_last ?  And after we've exhausted that, read the row from partition before the p_last and so forth? 
(This is actually similar to what ""unordered index scan"" code does except that code starts from partitions with smaller number and continues to partitions with larger number)

",,,9,0,0,92203.75,10,639,1,1,1,1,6
MDEV-37530,Task,MDEV,2025-08-29 16:59:26,2025-10-03 20:15:12.000,JIRAUSER55761,Major,Refactor Master & Relay Log info to iterable tuples,"Currently,
* Loose and repeated code provides the loading of the info files as well as te saving of the {{@@relay_log_info_file}}.
* One single hard-to-track text formatting drives the saving of the {{@@master_info_file}}. 

By iterating through collections of polymorphic instances, we not only avoid both issues for both operations, but can also expect the loops to be more performant.

Since all of the saved info is visible in SHOW REPLICA STATUS, the command can also optionally use a polymorphic method for writing its fields.
The same can't be guaranteed for the lexing/parsing for CHANGE MASTER currently, but it would nonetheless help with eventually eliminating repetitions in the code for evaluating.",,,1,0,0,50595.76666666667,0,0,0,0,0,0,2
MDEV-37146,Task,MDEV,2025-07-03 00:42:34,2025-10-21 10:01:00.000,JIRAUSER55761,Minor,mariadb-dump: Replace SHOW SLAVE STATUS usage with information_schema.SLAVE_STATUS,"{{SELECT ... FROM information_schema.SLAVE_STATUS}} is an alternative to {{SHOW SLAVE STATUS}} that supports {{WHERE}} and column selection.
Utilizing this server-side feature allows {{mariadb-dump --dump-slave}} to iterate only the required data on the client side.",,,1,1,0,158958.43333333332,0,0,0,0,0,0,1
MDEV-37949,New Feature,MDEV,2025-10-24 11:39:27,2025-11-27 13:28:43.000,marko,Blocker,Implement innodb_log_archive,"The InnoDB write-ahead log file ({{ib_logfile0}}) is pre-allocated to {{innodb_log_file_size}} and written as a ring buffer. This is good for write performance and space management, but unsuitable for arbitrary point-in-time recovery or for facilitating incremental backup.

As noted in MDEV-14992, it would be better if the server took care of saving a sufficient amount of InnoDB write-ahead log to support backup. The SQL interface with a backup program would be something like the following:
{code:sql}
-- At the start of the backup, we check if log archiving is already running.
SELECT @@GLOBAL.innodb_log_archive, variable_value
FROM information_schema.global_status
WHERE variable_name = 'INNODB_LSN_ARCHIVED';
-- If BETWEEN 1 AND the LSN of the previous backup, skip copying InnoDB files (incremental backup)
-- Else if necessary, request the log to be archived from the current LSN onwards.
SET GLOBAL innodb_log_archive=ON;
-- In this case, at the end of the backup, we would disable the log archiving again:
SET GLOBAL innodb_log_archive=OFF;
{code}
Log archiving could also be enabled indefinitely, to facilitate arbitrary point-in-time recovery of anything that is covered by the InnoDB write-ahead log. When MDEV-34705 is implemented and enabled, this would include the binlog. However, point-in-time recovery of DDL operations would not work without limitations even for an InnoDB-only deployment, because part of the data dictionary is stored in {{.frm}} files, whose creation is covered by a separate log (see MDEV-17567).

The default value of {{innodb_log_archive}} is OFF, meaning that the log archiving is disabled.

When {{innodb_log_archive=ON}}, changes of the parameter {{innodb_log_file_size}} will take place when the current log file is about to be filled up and a new file is being created and allocated. The log resizing logic (MDEV-27812) as well as the creation of a redundant log file {{ib_logfile101}} will remain in use when {{innodb_log_archive=OFF}}.

Log archiving will maintain an append-only ""manifest"" file {{ib_manifest.log}}, with contents similar to the following:
||checkpoint LSN||log file name||
|12288|{{ib_0000000000003000.log}}|
|50000|{{ib_0000000000003000.log}}|
|305441471|{{ib_0000000000003000.log}}|
|1074389568|{{ib_0000000040003000.log}}|

In the above example, the server would apparently have been initialized with the setting {{innodb_log_file_size=1G}}, because the first and the second archived log file are that many LSN apart. The server bootstrap completed at LSN 50000, and the first checkpoints of the subsequently started server were 305441471 and 1074389568. The latter entry is starting 0x9e240 bytes into the second archived log file. At the start of each archived log file, we’d also record a pointer to this first checkpoint, so that it will be possible to reconstruct the {{ib_manifest.log}} from individual log files.

The append-only file {{ib_manifest.log}} will be in a user-readable format. We are not too worried about corruption due to a file system crash or human error, because this file may is optional and may be reconstructed from individual {{ib_*.log}} files.

For efficient recovery from archived log files instead of {{ib_logfile0}}, two further start-up parameters will be introduced:
||parameter||meaning||
|{{innodb_log_recovery_start}}|checkpoint LSN to start recovery from (instead of the latest checkpoint in {{ib_logfile0}}); valid values include those that occur in the file {{ib_manifest.log}}|
|{{innodb_log_recovery_target}}|recovery point objective (end LSN of a backup)|
A backup client may write these into a {{.cnf}} file or pass these in a command line when invoking {{mariadbd}}. The idea of these parameters is to limit the scope of recovery and to avoid replaying an archived log from the very beginning to the very end.

We must keep in mind that the creation and modification of some files, such as {{.frm}} files that form part of the data dictionary, are not covered by the InnoDB write-ahead log. Therefore, it is important to be able to stop the recovery at a specific LSN.",,,4,4,0,49069.26666666667,2,514,1,1,1,1,3
MDEV-13594,New Feature,MDEV,2017-08-20 13:19:50,2025-12-09 15:42:24.000,ilya,Critical,Support for JSON operators column->path and column->>path,"Function JSON_EXTRACT() in MariaDB 10.2.x don't support column->path and column->>path operators that are supported in MySQL since version 5.7.13.
https://mariadb.com/kb/en/mariadb/json_extract

More details about syntax and examples here.

It work and in MySQL and in MariaDB.
{code:sql}
SELECT JSON_EXTRACT('{""id"":""1"", ""name"":""Name""}', '$.name') `name`;
SELECT JSON_UNQUOTE(JSON_EXTRACT('{""id"":""1"", ""name"":""Name""}', '$.name')) `name`;
{code}
It work only in MySQL.
{code:sql}
SELECT '{""id"":""1"", ""name"":""Name""}'->'$.name' `name`;
SELECT '{""id"":""1"", ""name"":""Name""}'->>'$.name' `name`;
{code}

https://dev.mysql.com/doc/refman/5.7/en/json-search-functions.html#operator_json-column-path
https://dev.mysql.com/doc/refman/5.7/en/json-search-functions.html#operator_json-inline-path

Because of this issue, I can't transparent migrate all my projects from MySQL to MariaDB. :-(",,,6,1,0,4367662.566666666,0,0,0,0,0,0,0
MDEV-19683,New Feature,MDEV,2019-06-04 03:07:09,2025-12-16 10:15:00.000,austinrutherford@gmail.com,Major,Add support for Oracle TO_DATE(),"Implement TO_DATE(VARCHAR2 [DEFAULT return_value ON CONVERSION ERROR], VARCHAR2) 

https://docs.oracle.com/en/database/oracle/oracle-database/18/sqlrf/TO_DATE.html

This could be implemented by reusing the code of str_to_date(), but using another version
of extract_date_time()


",,,1,4,0,3437707.85,0,0,0,0,0,0,0
MDEV-37932,Task,MDEV,2025-10-23 10:35:53,2025-12-16 17:29:44.000,psergey,Major,FULL OUTER JOIN:  Make the parser support FULL OUTER JOIN syntax,"Taking a part of MDEV-36813:

Fix the parser. (an attempt to just add FULL OUTER JOIN alongside with LEFT and INNER and that causes some mysterious reduce/reduce conflicts: full-outer-join-parser-FAIL.diff ).

The produced data structure for
{code}
  (t1 FULL OUTER JOIN t2 ON ... )
{code}

TABLE_LIST(t1) will have a mark noting it's left table of full outer join
TABLE_LIST(t2) will have a mark noting it's right table of full outer join and on_expr (like right tables of LEFT JOINs do).

In the first milestone, you can also introduce/set LEX::has_full_outer_join and produce ER_NOT_SUPPORTED (instead of Parse Error) when that variable is set.",,,3,0,0,78173.85,0,0,0,0,0,0,7
MDEV-38435,New Feature,MDEV,2025-12-27 12:37:48,2026-01-06 14:29:01.000,monty,Major,Add Gtid_binlog_pos to SHOW MASTER STATUS,"Added Gtid_binlog_pos to SHOW [BINLOG | MASTER] STATUS

As GTID is enabled by default, it is good to have the GTID position in SHOW MASTER STATUS
so that one does not have to do:
SHOW MASTER STATUS;
SELECT @@global.gtid_binlog_pos;

To find the current state for the master.",,,4,1,0,14511.216666666667,0,0,0,0,0,0,3
MDEV-38500,New Feature,MDEV,2026-01-07 19:19:44,2026-01-14 09:07:30.000,ralf.gebhardt@mariadb.com,Blocker,Provide VIDEX Server as Docker Image,"With MDEV-36737 we want to get the VIDEX Plugin added to MariaDB Server. MDEV-38409 is covering the request to create VIDEX Server packages for getting the server part installed, which is needed to take use of the plugin.

As MDEV-384409 is more complex to get done a first step can be to provide VIDEX Server as Docker Image",,,2,0,0,9467.766666666666,0,0,0,0,0,0,0
MDEV-38249,Task,MDEV,2025-12-04 09:31:21,2026-01-27 10:23:00.000,bar,Major,Refactoring: Change Item_save_in_value() not to return SQL NULL,"The return value for Type_handler::Item_save_in_value() is misleading. It currently returns:
- true if the value evaluated to SQL NULL
- false otherwise

Similar functions return true if some error happened. So the code looks confusing.

Let's change the return type from bool to void.

Let's also add a new method st_value::is_null(), to make SQL NULL tests simpler, as follows:

{code:cpp}
  bool is_null() const
  {
    return m_type == DYN_COL_NULL;
  }
{code}

so the callers, instead of testing the return value, can test value.is_null().

The caller code will change, for example, like this:

{code:cpp}
   st_value tmp;
-  if (!item->save_in_value(thd, &tmp))
+  item->save_in_value(thd, &tmp);
+  if (!tmp.is_null())
{code}",,,2,0,0,77811.65,0,0,0,0,0,0,2
MDEV-22186,New Feature,MDEV,2020-04-08 00:58:52,2026-01-27 10:23:00.000,roel,Major,Please add innodb_buffer_pool_in_core_file option (Facebook/MySQL 8 cherry pick patch),"It would be great to have the innodb_buffer_pool_in_core_file option in all MariaDB versions (10.1-10.5).

Please ref;
- https://mysql.wisborg.dk/2019/02/11/reduce-mysql-core-dump-size-by-excluding-the-innodb-buffer-pool/
- https://dev.mysql.com/doc/refman/8.0/en/innodb-parameters.html#sysvar_innodb_buffer_pool_in_core_file
",,,10,0,0,3053364.1333333333,3,20,1,1,1,1,0
MDEV-21543,New Feature,MDEV,2020-01-21 08:22:57,2026-01-27 10:23:00.000,JIRAUSER40807,Critical,hp_rec_key_cmp suboptimal comparison,"hp_rec_key_cmp performs two string comparison in two phases: while the first one it searches
an octet length of comparing strings and while the second one it does comparison using strnncollsp.
The main issue is that hp_rec_key_cmp decodes all the comparing strings completely whereas they could differ starting just from their first characters. Besides the fact that this issue has no performance impact in case of fixed length encoding, UTF-8 performance is suffering a lot.",,,2,0,0,3165240.05,1,3,0,0,0,0,0
MDEV-24813,Task,MDEV,2021-02-09 06:37:18,2026-01-27 10:23:00.000,marko,Critical,Locking full table scan fails to use table-level locking,"The following test case shows that table locks are not being passed to the storage engine in any of the cases of locking read.
{code:sql}
--source include/have_innodb.inc
--source include/have_sequence.inc
--source include/not_debug.inc

SET @save_freq=@@GLOBAL.innodb_purge_rseg_truncate_frequency;
SET GLOBAL innodb_purge_rseg_truncate_frequency=1;

CREATE TABLE t (a INT PRIMARY KEY) ENGINE=InnoDB;
INSERT INTO t(a) SELECT seq FROM seq_0_to_1000000;

--source include/wait_all_purged.inc
SET GLOBAL innodb_purge_rseg_truncate_frequency=@save_freq;

SET profiling_history_size=100;
SET profiling = 1;

START TRANSACTION;
LOCK TABLE t WRITE;
SELECT COUNT(*) FROM t FOR UPDATE;
UNLOCK TABLES;
COMMIT;
SELECT COUNT(*) FROM t FOR UPDATE;

START TRANSACTION;
LOCK TABLE t READ;
SELECT COUNT(*) FROM t LOCK IN SHARE MODE;
UNLOCK TABLES;
COMMIT;
SELECT COUNT(*) FROM t LOCK IN SHARE MODE;

SHOW PROFILES;
SET profiling = 0;
DROP TABLE t;
{code}
I would have expected that an explicit {{LOCK TABLE}} would be passed to the storage engine, like it seems to have been the case during the development of MDEV-14479.

I would also expect the optimizer to automatically pass information to the storage engine so that the table can be locked upfront, if we know that the entire table will be scanned in a locking operation. This should include the following:
* {{CREATE…SELECT}}
* {{INSERT…SELECT}}
* {{SELECT…LOCK IN SHARE MODE}}
* {{SELECT…FOR UPDATE}}
* {{SELECT}} executed at {{TRANSACTION ISOLATION LEVEL SERIALIZABLE}}
* {{UPDATE}}
* {{DELETE}}

If no {{WHERE}} or {{JOIN}} condition applies to the table, nor a {{LIMIT}} is present, then we should expect the operation to scan the entire table, and the storage engine should be requested to lock the entire table.

MDEV-14479 fixed the InnoDB record locking in such a way that when the table has already been locked in the corresponding mode, no individual record locks will be allocated and created. If we set a breakpoint in {{lock_create_low()}} after {{ha_innobase::create()}} has finished in the above test case, we will observe the following:
{noformat:title=10.5 ffc5d064895cadbc42711efd7dbb6ae1b323f050}
Thread 15 ""mariadbd"" hit Breakpoint 1, lock_rec_create_low (c_lock=0x0, 
    thr=0x0, type_mode=3, page_id={m_id = 21474836484}, 
    page=0x7ffff0b70000 """", heap_no=2, index=0x7fffbc01af40, 
    trx=0x7ffff17260d8, holds_trx_mutex=false)
    at /mariadb/10.5m/storage/innobase/lock/lock0lock.cc:1294
(gdb) p index.table.locks
$7 = {count = 1, start = 0x7ffff1726cb0, end = 0x7ffff1726cb0, 
  node = &lock_table_t::locks}
(gdb) p *index.table.locks.start
$8 = {trx = 0x7ffff17260d8, trx_locks = {prev = 0x0, next = 0x0}, 
  index = 0x0, hash = 0x0, requested_time = 0, wait_time = 0, un_member = {
    tab_lock = {table = 0x7fffbc019e10, locks = {prev = 0x0, next = 0x0}}, 
    rec_lock = {page_id = {m_id = 140736347610640}, n_bits = 0}}, 
  type_mode = 17}
{noformat}
Note: {{type_mode == 17 == LOCK_TABLE \| LOCK_IX}}. For the {{LOCK IN SHARE MODE}}, it would be {{16 == LOCK_TABLE \| LOCK_IS}}. We would expect the table lock to exist in {{LOCK_X}} or {{LOCK_S}} mode, so that no locks will have to be allocated for each individual visited row.

If we change the {{CREATE TABLE}} to {{CREATE TEMPORARY TABLE}}, we can get an accurate estimate of how fast the execution would be without the row-level locking.

On my system, with locking, each full-table-scan consumes between 0.49 and 0.66 seconds (the first run being the slowest). This can probably be attributed to dynamic memory allocation.

With a temporary table, each locking full-table scan consumes between 0.28 and 0.30 seconds. The memory operations related to row-level locking are roughly doubling the execution time (and seriously increasing the memory footprint)!",,,12,0,0,2610945.7,1,29,1,1,1,1,2
MDEV-38753,Task,MDEV,2026-02-04 12:55:04,2026-02-05 12:45:22.000,psergey,Major,Debugging help: print which MEM_ROOT the object is on,"This is a debugging help function that was developed when reviewing fix for MDEV-35815. 

Developers agreed that it's generally useful.

Targeting 10.6 as we are still debugging there, too, and this will have no impact on release builds. 

Example of usage:
Where is ""pos"" located:
{code}
(gdb) p pos
$67 = (Item_direct_view_ref *) 0x7fff58b66a30

(gdb) p dbug_which_mem_root(thd, pos)
$68 = 0x55555703a912 ""thd->stmt_arena->mem_root""
{code}
Ok, it is statement-lifetime mem_root.

What about pos->name? Where was it allocated? 
{code}
(gdb) p pos->name.str
$69 = 0x7fff58017f10 ""fld""

(gdb) p dbug_which_mem_root(thd, pos->name.str)
$70 = 0x55555703a904 ""thd->mem_root""
{code}
On a transient mem_root. This was the bug in MDEV-35815 .
",,,1,0,0,1430.3,0,0,0,0,0,0,8
MXS-6164,Task,MXS,2026-02-10 08:37:16,2026-02-18 07:13:59.000,JIRAUSER54422,Critical,SBOM vulnerability GHSA-43fc-jf86-j433 (MXS),"GHSA-43fc-jf86-j433 with severity *High*.
Package type {{github:language:javascript}}, name {{axios}}, affected version {{0.28.1}}, fix version {{1.13.5}}.
Total number of findings: 76

For general information on vulnerability management please refer to the [Wiki page|https://mariadbcorp.atlassian.net/l/cp/qENscB6E].

||Type||Software Package||Version||package_name||Report Date||
|application|MaxScale|25.01.5|maxscale-25.01.5-1.debian.bookworm.aarch64|2026-02-10T08:37:14Z|
|application|MaxScale|25.01.5|maxscale-25.01.5-1.debian.bookworm.x86_64|2026-02-10T08:37:14Z|
|application|MaxScale|25.01.5|maxscale-25.01.5-1.debian.bullseye.aarch64|2026-02-10T08:37:14Z|
|application|MaxScale|25.01.5|maxscale-25.01.5-1.debian.bullseye.x86_64|2026-02-10T08:37:14Z|
|application|MaxScale|25.01.5|maxscale-25.01.5-1.debian.trixie.aarch64|2026-02-10T08:37:14Z|
|application|MaxScale|25.01.5|maxscale-25.01.5-1.debian.trixie.x86_64|2026-02-10T08:37:14Z|
|application|MaxScale|25.01.5|maxscale-25.01.5-1.rhel.10.aarch64|2026-02-10T08:37:14Z|
|application|MaxScale|25.01.5|maxscale-25.01.5-1.rhel.10.x86_64|2026-02-10T08:37:14Z|
|application|MaxScale|25.01.5|maxscale-25.01.5-1.rhel.8.aarch64|2026-02-10T08:37:14Z|
|application|MaxScale|25.01.5|maxscale-25.01.5-1.rhel.8.x86_64|2026-02-10T08:37:14Z|
|application|MaxScale|25.01.5|maxscale-25.01.5-1.rhel.9.aarch64|2026-02-10T08:37:14Z|
|application|MaxScale|25.01.5|maxscale-25.01.5-1.rhel.9.ppc64le|2026-02-10T08:37:14Z|
|application|MaxScale|25.01.5|maxscale-25.01.5-1.rhel.9.x86_64|2026-02-10T08:37:14Z|
|application|MaxScale|25.01.5|maxscale-25.01.5-1.sles.15.aarch64|2026-02-10T08:37:14Z|
|application|MaxScale|25.01.5|maxscale-25.01.5-1.sles.15.x86_64|2026-02-10T08:37:14Z|
|application|MaxScale|25.01.5|maxscale-25.01.5-1.ubuntu.jammy.aarch64|2026-02-10T08:37:14Z|
|application|MaxScale|25.01.5|maxscale-25.01.5-1.ubuntu.jammy.x86_64|2026-02-10T08:37:14Z|
|application|MaxScale|25.01.5|maxscale-25.01.5-1.ubuntu.noble.aarch64|2026-02-10T08:37:14Z|
|application|MaxScale|25.01.5|maxscale-25.01.5-1.ubuntu.noble.x86_64|2026-02-10T08:37:14Z|
|application|MaxScale|25.10.1|maxscale-25.10.1-1.debian.bookworm.aarch64|2026-02-10T08:37:14Z|
|application|MaxScale|25.10.1|maxscale-25.10.1-1.debian.bookworm.x86_64|2026-02-10T08:37:14Z|
|application|MaxScale|25.10.1|maxscale-25.10.1-1.debian.bullseye.aarch64|2026-02-10T08:37:14Z|
|application|MaxScale|25.10.1|maxscale-25.10.1-1.debian.bullseye.x86_64|2026-02-10T08:37:14Z|
|application|MaxScale|25.10.1|maxscale-25.10.1-1.debian.trixie.aarch64|2026-02-10T08:37:14Z|
|application|MaxScale|25.10.1|maxscale-25.10.1-1.debian.trixie.x86_64|2026-02-10T08:37:14Z|
|application|MaxScale|25.10.1|maxscale-25.10.1-1.rhel.10.aarch64|2026-02-10T08:37:14Z|
|application|MaxScale|25.10.1|maxscale-25.10.1-1.rhel.10.x86_64|2026-02-10T08:37:14Z|
|application|MaxScale|25.10.1|maxscale-25.10.1-1.rhel.8.aarch64|2026-02-10T08:37:14Z|
|application|MaxScale|25.10.1|maxscale-25.10.1-1.rhel.8.x86_64|2026-02-10T08:37:14Z|
|application|MaxScale|25.10.1|maxscale-25.10.1-1.rhel.9.aarch64|2026-02-10T08:37:14Z|
|application|MaxScale|25.10.1|maxscale-25.10.1-1.rhel.9.ppc64le|2026-02-10T08:37:14Z|
|application|MaxScale|25.10.1|maxscale-25.10.1-1.rhel.9.x86_64|2026-02-10T08:37:14Z|
|application|MaxScale|25.10.1|maxscale-25.10.1-1.sles.15.aarch64|2026-02-10T08:37:14Z|
|application|MaxScale|25.10.1|maxscale-25.10.1-1.sles.15.x86_64|2026-02-10T08:37:14Z|
|application|MaxScale|25.10.1|maxscale-25.10.1-1.ubuntu.jammy.aarch64|2026-02-10T08:37:14Z|
|application|MaxScale|25.10.1|maxscale-25.10.1-1.ubuntu.jammy.x86_64|2026-02-10T08:37:14Z|
|application|MaxScale|25.10.1|maxscale-25.10.1-1.ubuntu.noble.aarch64|2026-02-10T08:37:14Z|
|application|MaxScale|25.10.1|maxscale-25.10.1-1.ubuntu.noble.x86_64|2026-02-10T08:37:14Z|
|application|MaxScale|25.10.1|maxscale-25.10.1-1.debian.bookworm.aarch64|2026-02-10T08:37:14Z|
|application|MaxScale|25.10.1|maxscale-25.10.1-1.debian.bookworm.x86_64|2026-02-10T08:37:14Z|
|application|MaxScale|25.10.1|maxscale-25.10.1-1.debian.bullseye.aarch64|2026-02-10T08:37:14Z|
|application|MaxScale|25.10.1|maxscale-25.10.1-1.debian.bullseye.x86_64|2026-02-10T08:37:14Z|
|application|MaxScale|25.10.1|maxscale-25.10.1-1.debian.trixie.aarch64|2026-02-10T08:37:14Z|
|application|MaxScale|25.10.1|maxscale-25.10.1-1.debian.trixie.x86_64|2026-02-10T08:37:14Z|
|application|MaxScale|25.10.1|maxscale-25.10.1-1.rhel.10.aarch64|2026-02-10T08:37:14Z|
|application|MaxScale|25.10.1|maxscale-25.10.1-1.rhel.10.x86_64|2026-02-10T08:37:14Z|
|application|MaxScale|25.10.1|maxscale-25.10.1-1.rhel.8.aarch64|2026-02-10T08:37:14Z|
|application|MaxScale|25.10.1|maxscale-25.10.1-1.rhel.8.x86_64|2026-02-10T08:37:14Z|
|application|MaxScale|25.10.1|maxscale-25.10.1-1.rhel.9.aarch64|2026-02-10T08:37:14Z|
|application|MaxScale|25.10.1|maxscale-25.10.1-1.rhel.9.ppc64le|2026-02-10T08:37:14Z|
|application|MaxScale|25.10.1|maxscale-25.10.1-1.rhel.9.x86_64|2026-02-10T08:37:14Z|
|application|MaxScale|25.10.1|maxscale-25.10.1-1.sles.15.aarch64|2026-02-10T08:37:14Z|
|application|MaxScale|25.10.1|maxscale-25.10.1-1.sles.15.x86_64|2026-02-10T08:37:14Z|
|application|MaxScale|25.10.1|maxscale-25.10.1-1.ubuntu.jammy.aarch64|2026-02-10T08:37:14Z|
|application|MaxScale|25.10.1|maxscale-25.10.1-1.ubuntu.jammy.x86_64|2026-02-10T08:37:14Z|
|application|MaxScale|25.10.1|maxscale-25.10.1-1.ubuntu.noble.aarch64|2026-02-10T08:37:14Z|
|application|MaxScale|25.10.1|maxscale-25.10.1-1.ubuntu.noble.x86_64|2026-02-10T08:37:14Z|
|application|MaxScale|25.01.5|maxscale-25.01.5-1.debian.bookworm.aarch64|2026-02-10T08:37:14Z|
|application|MaxScale|25.01.5|maxscale-25.01.5-1.debian.bookworm.x86_64|2026-02-10T08:37:14Z|
|application|MaxScale|25.01.5|maxscale-25.01.5-1.debian.bullseye.aarch64|2026-02-10T08:37:14Z|
|application|MaxScale|25.01.5|maxscale-25.01.5-1.debian.bullseye.x86_64|2026-02-10T08:37:14Z|
|application|MaxScale|25.01.5|maxscale-25.01.5-1.debian.trixie.aarch64|2026-02-10T08:37:14Z|
|application|MaxScale|25.01.5|maxscale-25.01.5-1.debian.trixie.x86_64|2026-02-10T08:37:14Z|
|application|MaxScale|25.01.5|maxscale-25.01.5-1.rhel.10.aarch64|2026-02-10T08:37:14Z|
|application|MaxScale|25.01.5|maxscale-25.01.5-1.rhel.10.x86_64|2026-02-10T08:37:14Z|
|application|MaxScale|25.01.5|maxscale-25.01.5-1.rhel.8.aarch64|2026-02-10T08:37:14Z|
|application|MaxScale|25.01.5|maxscale-25.01.5-1.rhel.8.x86_64|2026-02-10T08:37:14Z|
|application|MaxScale|25.01.5|maxscale-25.01.5-1.rhel.9.aarch64|2026-02-10T08:37:14Z|
|application|MaxScale|25.01.5|maxscale-25.01.5-1.rhel.9.ppc64le|2026-02-10T08:37:14Z|
|application|MaxScale|25.01.5|maxscale-25.01.5-1.rhel.9.x86_64|2026-02-10T08:37:14Z|
|application|MaxScale|25.01.5|maxscale-25.01.5-1.sles.15.aarch64|2026-02-10T08:37:14Z|
|application|MaxScale|25.01.5|maxscale-25.01.5-1.sles.15.x86_64|2026-02-10T08:37:14Z|
|application|MaxScale|25.01.5|maxscale-25.01.5-1.ubuntu.jammy.aarch64|2026-02-10T08:37:14Z|
|application|MaxScale|25.01.5|maxscale-25.01.5-1.ubuntu.jammy.x86_64|2026-02-10T08:37:14Z|
|application|MaxScale|25.01.5|maxscale-25.01.5-1.ubuntu.noble.aarch64|2026-02-10T08:37:14Z|
|application|MaxScale|25.01.5|maxscale-25.01.5-1.ubuntu.noble.x86_64|2026-02-10T08:37:14Z|
",,,1,0,0,11436.716666666667,0,0,0,0,0,0,0
MDEV-38781,Task,MDEV,2026-02-09 02:54:37,2026-03-10 16:51:13.000,JIRAUSER56221,Major,Optimizer Trace Replay: Q1 2026 Dev Sprint  Work 3,"Store the following into the trace: -

1. optimizer system/session variables

* optimizer_prune_level
* optimizer_selectivity_sampling_limit
* optimizer_join_limit_pref_ratio
* optimizer_use_condition_selectivity
* optimizer_search_depth
* optimizer_extra_pruning_depth
* optimizer_switch
* optimizer_trace
* optimizer_trace_max_mem_size
* optimizer_adjust_secondary_key_costs
* optimizer_max_sel_arg_weight
* optimizer_max_sel_args
* optimizer_where_cost
* optimizer_scan_setup_cost
* optimizer_record_context
* use_stat_tables
* disk_read_ratio
* key_lookup_cost
* row_lookup_cost
* disk_read_cost
* key_copy_cost
* index_block_copy_cost
* row_next_find_cost
* key_next_find_cost
* row_copy_cost
* key_cmp_cost
* rowid_cmp_cost
* rowid_copy_cost

2. EITS statistics on the involved tables

",,,5,5,0,42596.6,0,0,0,0,0,0,0
MDEV-38814,New Feature,MDEV,2026-02-11 15:31:45,2026-03-17 10:23:00.000,JIRAUSER56063,Critical,High rate of index_lock_upgrades due to btr_cur_need_opposite_intention() mostly returning true,"While testing MDEV-34431 using HammerDB TPROC-C (Delivery mix) on a 24 vCPU Intel system (oversubscribed with 88 threads) we observed a strong correlation between ORDER_LINE updates and frequent index lock upgrades.

As an experiment, commenting out the ORDER_LINE update in the Delivery stored procedure significantly reduced index lock upgrades and reduced rd_lock_spin sample percentage.

|| Test || Schema || ORDER_LINE UPDATE || NOPM || index_lock_upgrade() || rd_lock_spin samples (%) ||
| T1 | Partitioned | ON | 586,990 | 14,369,068 | 6.53 |
| T2 | Partitioned | OFF | 654,123 | 3,201,626 | 3.87 |
| T3 | Unpartitioned | ON | 503,278 | 10,220,286 | 19.96 |
| T4 | Unpartitioned | OFF | 653,284 | 3,103,213 | 8.95 |

Counters were added around:
btr_cur_need_opposite_intention()
Entry to pessimistic_search_leaf()
mtr_t::index_lock_upgrade()

For both partitioned and unpartitioned schemas:

btr_cur_need_opposite_intention() returned true for nearly all calls.
The dominant reason was nosib=true.
pessimistic_search_leaf() calls closely tracked the number of true returns.
index_lock_upgrade() calls closely tracked pessimistic_search_leaf() calls.

h4. Example (Partitioned)
{code}
[btr_cur_need_opposite_intention]
calls=14018262 true=14010891
zip=0 nosib=14010891 first=104879 last=121344 small=514079 rightmost=121344 reorg=0

[index_lock_upgrade]
calls=14018262 already_x=0 upgraded=14018262
{code}

{code}
pess@table=tpcc/order_line#P#p7 index=PRIMARY tree_height=3 height=2
pess@table=tpcc/orders index=PRIMARY tree_height=3 height=2
pess@table=tpcc/new_order index=PRIMARY tree_height=3 height=2
{code}

h4. Example (Unpartitioned)
{code}
[btr_cur_need_opposite_intention]
calls=9786751 true=9780023
zip=0 nosib=9780023 first=1 last=2849015 small=471126 rightmost=2849015 reorg=0

[index_lock_upgrade]
calls=9786751 already_x=0 upgraded=9786751
{code}

{code}
pess@table=tpcc_nopart/order_line index=PRIMARY tree_height=4 height=3
pess@table=tpcc_nopart/orders index=PRIMARY tree_height=3 height=2
pess@table=tpcc_nopart/new_order index=PRIMARY tree_height=3 height=2
{code}

This suggests that the update path is almost always escalating to pessimistic search and upgrading the index latch early in the descent (height == tree_height - 1), e.g.:

{code}
calls=14018262 true=14010891 root=14018262 root_true=14010891 lvl0=0 lvlgt0=14018262
{code}

h4. Diagnostic experiment
As a diagnostic experiment, btr_cur_need_opposite_intention() was modified to always return false.

Results:
pessimistic_search_leaf() and index_lock_upgrade() calls dropped from millions to tens.
Unpartitioned throughput improved by ~7.5%.
A small number of pessimistic_search_leaf() calls remained.

{code}
[btr_cur_need_opposite_intention]
calls=41255137 true=0
zip=0 nosib=0 first=0 last=0 small=0 rightmost=0 reorg=0

[index_lock_upgrade]
calls=30 already_x=0 upgraded=30
{code}

When btr_cur_need_opposite_intention() was modified to always return false, instance hangs were observed during schema builds loading the history table. After adding a primary key in our local test schema, the hang did not reproduce.
",,,1,0,0,48651.25,0,0,0,0,0,0,0
MDEV-35369,New Feature,MDEV,2024-11-08 12:01:45,2026-03-17 10:23:00.000,hholzgra,Minor,Add deprecation status columns to I_S.SYSTEM_VARIABLES,"This would allow for easy / automated ""is this server's config setting some deprecated variables"" checks by running something like.

{code}
SELECT VARIABLE_NAME, GLOBAL_VALUE, DEFAULT VALUE
  FROM INFORMATION_SCHEMA.SYSTEM_VARIABLES
 WHERE GLOBAL_VALUE_ORIGIN IN('CONFIG', 'SQL')
  AND  IS_DEPRECATED = TRUE;
{code}",,,11,1,0,711261.25,13,218,1,1,1,1,2
MDEV-32745,New Feature,MDEV,2023-11-09 12:02:14,2026-03-17 10:23:00.000,serg,Major,config upgrade helper tool,"A tool that helps to adjust config files after MariaDB is upgraded.

It can list all options that are no longer recognized by the server, suggest replacements, if any.
It could also edit files in place (when requested), removing, commenting out, or adding loose- prefix to such options.

Also it could check for invalid values of enum/set variables.

To parse all files it could use {{my_print_defaults}}, the list of supported options could be hard-coded or extracted from {{mariadbd --help}} and such.

perl/python or C/C++ ?  C or C++ is probably more portable for windows.

For code how to parse options like !include, check mysys/my_defaults.c

Suggested options:
- No options:  List unknown server options on stdout (those that would prevent the server from starting).
- --update
   -- Update the my.cnf file in place (and all files included with !include or !includedir)
- --backup
  --  Store modified files as backup (for example my.cnf-backup)
- --current-version=...  (for example --current-version=mysqld-5.7)
  -- Section to use for unknown options, see --mode
   --- The purpose of --current-version is to enable the tool to create a config file that will work for both MySQL and MariaDB at
     the same time.  In this case, options that works for both MySQL and MariaDB should use the section [mysqld]. MySQL unique options should be under [mysqld-5.7] and MariaDB specific options
     would be under [mariadbd].
- --edit=...
   -- Select what to do with unknown options. List of suggested mode options:
     --- remove                    Remove unoption
     --- comment                Add # before option
     --- inline-old-version  Add ['current-version'] before the option and [mysqld] afterwards.  'curent-version' is the tag specified with --current-version=...
     --- last-old-version     Move all unknown version last in the file with [old-version] before.
- --print
   -- Print converted file on stdout. In this case all !include  and !includedir files should be included.

We need both inline- and last- as some options may depend on their place in the config file.

The tool should also be prepared for special handling of some specific options.

Note that MariaDB don't have the audit_log plugin (Percona Server).
Instead MariaDB has a server_audit plugin which takes different options.
If the tool notice that 'audit_plugin' is used, it should suggest one to use the server_audit plugin instead.

--plugin-load=QUERY_RESPONSE_TIME_READ=query_response_time.so;QUERY_RESPONSE_TIME_WRITE=query_response_time.so
This is only supported in MariaDB 10.11 and above.  If used with an earlier MariaDB version it would be good to get a note that this is supported in 10.11.6 and above.

As a reference, here are some common config options found in Percona server that is not in MariaDB:
[mysqld-5.7]
--binlog-ignore-db=information_schema
--innodb_log_files_in_group=2
--innodb_buffer_pool_instances=3
--max_binlog_files=14
--log_slow_rate_type=query
--slow_query_log_always_write_time=0.5
--slow_query_log_use_global_control=all
--plugin-load=audit_log.so",,,7,8,0,1236860.7666666666,0,0,0,0,0,0,1
MDEV-38180,New Feature,MDEV,2025-11-24 18:22:12,2026-03-17 10:23:00.000,nikitamalyavin,Critical,Add XXH hash function,"MDEV-9826 adds some xxh use in the server, now we can add an sql function, same as [md5|https://mariadb.com/docs/server/reference/sql-functions/secondary-functions/encryption-hashing-and-compression-functions/md5] and others

After discussion with the team ([~bar],[~serg],[~ycp]), we decided to go with the following function signatures:
{noformat}
XXH32(expr) --> INT UNSIGNED
XXH64(expr) --> BIGINT UNSIGNED
XXH3_64(expr) --> BIGINT UNSIGNED
XXH_128(expr) --> BINARY(16)    (will be done in a separate task)
{noformat}
",,,5,4,0,162240.8,1,18,1,1,1,0,0
MDEV-39184,Task,MDEV,2026-03-26 20:01:19,2026-04-21 12:06:40.000,midenok,Minor,Rework MDL enum constants values,"It is investigation task for check the feasibility of the below changes. The better implementation may be discovered during the work on this ticket.

MDL constants values of 0 assign some default values (MDL_INTENTION_EXCLUSIVE, BACKUP) before MDL_REQUEST_INIT(). That does not make sense if MDL_REQUEST_INIT() was not called. Please rework the values of 0 into (MDL_NOT_INITIALIZED, NOT_INITIALIZED). Described by these comments in the code:

{code:diff}
--- sql/mdl.h
+++ sql/mdl.h
@@ -125,6 +125,11 @@ class MDL_context_owner

 enum enum_mdl_type {
   /* This means that the MDL_request is not initialized */
+  /*
+    TODO (newbie): should be MDL_NOT_INITIALIZED= 0, as it is strange
+    that not-inited request has MDL_INTENTION_EXCLUSIVE.
+    Must fix tests, as at least mysql_rm_table_no_locks() depends on this.
+  */
   MDL_NOT_INITIALIZED= -1,
   /*
     An intention exclusive metadata lock (IX). Used only for scoped locks.
@@ -381,6 +386,10 @@ struct MDL_key
     Note that although there isn't metadata locking on triggers,
     it's necessary to have a separate namespace for them since
     MDL_key is also used outside of the MDL subsystem.
+
+    TODO (newbie): NOT_INITIALIZED=0 as default bzero() sets wrongly type to
+    BACKUP. But dozens switch() cases for NOT_INITIALIZED must be added to
+    pacify the compiler.
   */
   enum enum_mdl_namespace { BACKUP=0,
                             SCHEMA,
{code}

Also after fix this hunk should be reverted:

{code:diff}
--- sql/sql_parse.cc
+++ sql/sql_parse.cc
@@ -8509,6 +8509,8 @@ TABLE_LIST *st_select_lex::add_table_to_list(THD *thd,
     MDL_REQUEST_INIT(&ptr->mdl_request, MDL_key::TABLE, ptr->db.str,
                      ptr->table_name.str, mdl_type, MDL_TRANSACTION);
   }
+  else
+    ptr->mdl_request.type= MDL_NOT_INITIALIZED;
   DBUG_RETURN(ptr);
 }
{code}",,,10,1,0,36965.35,0,0,0,0,0,0,2
MDEV-37070,New Feature,MDEV,2025-06-23 15:32:34,2026-04-28 16:57:00.000,monty,Critical,Implement table options to enable/disable features,"Some of the features in MariaDB are only usable (from performance point of view) in special circumstances:
- QUERY_CACHE should no be used with tables that changes values *very* frequently
- InnoDB adaptive_hash_index does not work well if there is changes in the rows that are part if an active adaptive_hash
- Statement based binary logging  is not optimal for tables that does updates where the master has to scan a lot but only updates a few or inserts of many rows with generated auto-increments.

This MDEV is about fixing this issue by adding new table specific options where the user can enable/disable the options per table.

All table optimization should have the 3 values: ON, OFF and DEFAULT.  'DEFAULT' is needed to be able to remove the option from being stored in the table definition.

The suggested new table options are:
||Option|Effect|
|QUERY_CACHE|Having this option OFF is the same as using SELECT SQL_NO_CACHE for any query using this table. Having this option ON is same as using SELECT SQL_CACHE for this table and the query will be cached if no other table has QUERY_CACHE=OFF|
|ADAPTIVE_HASH_INDEX |Having this option OFF will disable InnoDB adaptive hash index for this table. Having it ON will enable adaptive hash index for the table if adaptive hash indexes are enabled at all|
|BINLOG_ROW|If this option is ON for any table, row based binary logging will be used|



As of the 23rd of April here is the planning ahead:


||Task||Estimated Duration||Status||
|Code Review & Iterations (Marko/Monty)|3–4 Days| To Do|
|Comprehensive Testing (Regression/Edge-case)|5–6 Days| To Do|
|Final Polish & Merge|1 Day|To Do|
|*Total Estimated Effort*|*~10 Days*| |",,,24,1,0,445044.43333333335,3,91,1,1,1,1,2
MDEV-39101,Task,MDEV,2026-03-18 11:19:53,2026-04-28 16:57:00.000,marko,Major,Make BACKUP SERVER mutually exclusive with itself and BACKUP STAGE,"Because backing up the data from a server is a very I/O intensive operation, we must allow at most one {{BACKUP SERVER}} operation at a time, and not concurrently with any other backup operations that would invoke {{BACKUP STAGE}} statements, such as {{mariadb-backup}}.",,,5,0,0,59377.11666666667,0,0,0,0,0,0,4
MDEV-39587,New Feature,MDEV,2026-05-13 07:02:11,2026-05-19 07:55:04.000,bar,Critical,Package-wide TYPE for variable declarations,"This tasks is a subtask of MDEV-13139.

Under terms of this task we'll implement a way to declare SP variables using TYPE declarations from package specifications.

For example:

This package specification declares a public data type varchar_array:
{code:sql}
SET sql_mode=ORACLE;
DELIMITER $$
CREATE OR REPLACE PACKAGE pkg AS
  TYPE varchar_array IS TABLE OF VARCHAR(2000) INDEX BY INTEGER;
END;
$$
DELIMITER ;
{code}

This procedure uses the data type varchar_array using a qualified notation:
{code:sql}
DELIMITER $$
CREATE OR REPLACE PROCEDURE p1 AS
  v1 pkg.varchar_array; -- 2-step qualified data type
  v2 test.pkg.varchar_array; -- 3-step qualified data type
BEGIN
  v1(0):='test';
  SELECT v1(0);
END;
$$
DELIMITER ;
{code}
{code:sql}
CALL p1();
{code}
{noformat}
+------+
| v(0) |
+------+
| test |
+------+
{noformat}

h2. Where package-wide types will be available

- Variabe type:
{code:sql}
DECLARE
  var pkg1.type1;
{code}
- RETURN type for a package function:
{code:sql}
CREATE FUNCTION .. RETURN pkg1.type1 ...
{code}
- Parameter type for a package routine:
{code:sql}
PROCEDURE p1(param1 pkg1.type1);
{code}
- Assoc array element type:
{code:sql}
TYPE assoc1_t IS TABLE OF pkg1.type1 ...
{code}
- REF CURSOR RETURN type:
{code:sql}
TYPE cur1_t IS REF CURSOR RETURN pkg1.type1;
{code}

Note, package-wide types won't be available for schema public routine parameter types and for schema public function RETURN types. These types are exposed to INFORMATION_SCHEMA.PARAMETERS. The code is not ready to handle this properly yet.
",,,1,3,0,8692.883333333333,4,158,1,1,1,1,3
MDEV-39859,Task,MDEV,2026-06-05 09:53:02,2026-06-09 19:12:36.000,JIRAUSER50405,Major,Parallel query: implement chunked execution in parallel workers,"Port chunked pseudo-parallel execution (MDEV-39491) into multi-threaded execution framework (MDEV-39492, MDEV-39495).",,,9,0,0,6319.566666666667,0,0,0,0,0,0,0
MDEV-39880,Task,MDEV,2026-06-06 22:20:05,2026-06-24 16:37:07.000,JIRAUSER55761,Blocker,Merge MDEV-37146 into MDEV-39519,"In MDEV-37146, {{mariadb-dump}} queries {{information_schema.SLAVE_STATUS}} if the server is MariaDB 11.6+ and {{SHOW SLAVE STATUS}} otherwise.
OTOH, in MDEV-39519, {{mariadb-dump}} always queries {{SHOW REPLICA STATUS}} first and then {{SHOW SLAVE STATUS}} if the former is not supported.

These two conflict, not just in code, but in their approaches.

In [the mailing list|https://lists.mariadb.org/hyperkitty/list/developers@lists.mariadb.org/message/4CZ6ZBN72UDWSZVGFJPRVHQAARFTDE7S/], [~bnestere] recommended to port In MDEV-37146's {{information_schema.SLAVE_STATUS}} to MDEV-39519's attempt-based approach.",,,4,0,0,25577.033333333333,4,43,1,1,1,1,3
MDEV-40341,Task,MDEV,2026-07-11 15:24:16,2026-07-23 06:49:13.000,serg,Blocker,store read-only sysvars in a read-only root and a read-only segment,"for read-only sysvars: store them in a read-only data segment, their value in a read-only memroot. ""read-only"" means mprotect after server startup, see {{read_only_root}} in {{mysqld.cc}}",,,6,5,0,16764.95,0,0,0,0,0,0,2
MDEV-21652,Technical task,MDEV,2020-02-04 09:42:03,2026-07-28 08:59:00.000,midenok,Major,FK migration from old version,"The task is to upgrade table foreign key metadata for the old storage of InnoDB system tables SYS_FOREIGN and SYS_FOREIGN_COLS by reading the foreign key definitions on table open and storing them into table's FRM file. When the system tables SYS_FOREIGN(\_COLS) become empty during the process of foreign keys upgrade they are automatically dropped.

The task is required for the database migration from the previous versions of MariaDB. Without this functionality any foreign keys defined in previous versions of MariaDB will not have effect and will become inaccessible.

Foreign key upgrade is transparent operation, i.e. nothing special has to be done to start using the tables. The table is upgraded automatically whenever it is opened. However there is an option to upgrade all tables in all databases at once by issuing mysql\_upgrade command (no special options required as long as user tables processed).

h4. fk_check_legacy_storage(), fk_upgrade_legacy_storage()

fk_check_legacy\_storage() checks whether upgrade is required for the
given table name by looking SYS\_FOREIGN table for corresponding record
existence.

fk_upgrade_legacy\_storage() does the upgrade routine which includes
getting the foreign keys from SYS_FOREIGN\[_COLS\], updating the
foreign/referenced shares as well as their FRM files, deleting the
records from SYS_FOREIGN\[_COLS\] tables.

Both routines utilize the internal SQL for SYS_FOREIGN\[_COLS\]
processing.

h4. Upgrade foreign keys via backoff action

When table is opened fk_check_legacy\_storage() detects whether upgrade
is required and HA_ERR_FK\_UPGRADE is returned to SQL layer which then
handles this error by backoff action from Open_table_context where
table is opened again with HA_OPEN_FOR\_REPAIR flag which indicates
that fk_upgrade_legacy\_storage() is required. After
fk_upgrade_legacy_storage() is done fk_check_legacy_storage() is
checked again to ensure that SYS_FOREIGN\[_COLS\] are empty for the
given table.

h4. DB_LEGACY_FK and HA_ERR_FK\_UPGRADE error codes

Indicate that table has legacy data in SYS_FOREIGN\[_COLS\].

h4. Check foreign/referenced indexes existence

fk_upgrade_legacy_storage() via fk_upgrade_push_fk() fails if there
are no indexes in foreign/referenced tables for the given data
acquired from SYS_FOREIGN\[_COLS\].

h4. Internal SQL: select into both func and vars extension

fk_upgrade_legacy\_storage() utilizes syntax extension in internal SQL:

  FETCH c INTO fk_upgrade_create_fk() fk_id, unused;

Thus the data is fetched into both fk_upgrade_create\_fk() function and
fk\_id variable.

h4. Rename table, rename column, drop table, drop column handling

When foreign table is opened it is automatically upgraded by backoff
action. But if the referenced table is altered or dropped first there
is no chance for the foreign table to get the correct data. So the
SYS_FOREIGN_\[COLS\] must be kept in sync with the above DDL operations
in respect of referenced names. DROP TABLE for the referenced table is
disabled as usual. DROP TABLE, DROP COLUMN relied in 10.5 on
dict_foreign_t cached data for the referenced tables. Now there is no
such possibility for the legacy data so we have to look at
SYS_FOREIGN_\[COLS\] directly.

h4. Reverted some SYS_FOREIGN(_COLS) routines

Rename table and rename column handling was done in sync with
SYS_FOREIGN_\[COLS\] in 10.5. To retain the above DDL consistency for
the referenced tables we still use that old synchronization code.

h4. ALGORITHM=COPY handling

Since we cannot faingrain ALGORITHM=COPY in innobase handler it is
disabled for the referenced tables unless the foreign tables are upgraded.

The check is done in create_table_info_t::create_table() and is
equivalent to DROP TABLE check as we are actually dropping the old
table after the copy routine is done.

h4. HA_EXTRA_CHECK_LEGACY_FK

Extra interface to check whether ALGORITHM=COPY is possible. If there
is legacy data in SYS_FOREIGN\[_COLS\] about foreign tables referring
altered table, ALGORITHM=COPY is not possible.

h4. WITH_INNODB_FOREIGN\_UPGRADE macro

Every SYS_FOREIGN_\[COLS\] handling is wrapped inside
WITH_INNODB_FOREIGN\_UPGRADE compilation macro. When this macro is
disabled the foreign key upgrade is not possible. Future versions will
obsolete the upgrade procedure completely and the wrapped code will be
removed.

h4. innodb_eval_sql debug interface

Test cases must fill SYS_FOREIGN_\[COLS\] with data. This is done with
setting the new innodb_eval_sql debug variable. The value of that
variable is processed by que_eval_sql().

h4. Some syntax error\-friendly parser handling

que_eval_sql() was unfriendly on syntax errors: it just failed with
SIGABRT exception. To keep the server alive some frequent syntax
errors are now returned as DB_ERROR from que_eval\_sql().

h4. Drop empty SYS_FOREIGN\[_COLS\] after import

fk_create_legacy_storage debug flag to create SYS_FOREIGN\[\_COLS\] on
innodb_eval_sql.

fk_release_locks() iterates through all indexes and pages and releases
locks on SUPREMUM records placed there previously by SELECT FOR
UPDATE. Also it releases all table locks.

h4. pars_info_t::fatal_syntax_err (debug only)

When false don't abort server on syntax errors while parsing internal
SQL code.",,,17,11,0,3406996.95,0,0,0,0,0,0,1
MDEV-21052,Technical task,MDEV,2019-11-14 11:37:40,2026-07-28 08:59:00.000,midenok,Critical,InnoDB foreign key refactoring for TABLE_SHARE::foreign_keys,"Refactor {{dict_load_foreigns()}} for synchronising {{TABLE_SHARE}} foreign data with {{dict_table_t}} cache.

Remove a number of routines working with SYS_FOREIGNS and SYS_FOREIGN\_COLS. {{innobase_update_foreign_try()}} is now used solely for {{ER_FK_INCORRECT_OPTION}} check.

Prelock parent tables as well as child tables. This is done for the case when parent table doesn't know about its children when they created before parent with foreign_key_checks=0. Opening the parent table initiates {{fk_resolve_referenced_keys()}} which updates its {{referenced_keys}}. Due to CREATE TABLE doesn't not know about ""illegal"" children it can not check for foreign consistency. F.ex. this would succeed:

{code:sql}
set foreign_key_checks= 0;
create table child (fk int references parent (id)) engine=innodb;
set foreign_key_checks= 1;

create table parent (id bigint primary key) engine=innodb;
{code}

In the above case {{dict_load_foreigns()}} deduces which tables are unknown to opened parent ({{tables_missing}}) and reloads their foreign data via recursion. Infinite recursion is not possible via test case: a table cannot be ""parent after child"" and ""child before parent"" simultaneously. Though infinite recursion is possible via malicously crafted FRM file, there is no protection from that at InnoDB level but there is protection at SQL level: {{thd->fk_circular_check}}.

Later though it would not allow DML on {{child}} as well as on {{parent}} (see innodb.foreign_key MDEV-10083). So this is pretty acceptable: foreign_key\_checks is unnormal setting, checking {{parent}} on CREATE TABLE would impose all frms scanning which is not acceptable.

{{ha_innobase::open()}} then synchronizes these {{referenced_keys}} with its {{referenced_set}} cache by calling {{dict_load_foreigns()}}.

Disable self-references on same column. The _Bug 12902967_ restricted them on some condition of ""same column/index"" (see {{innodb_bug12902967.test}}), though such self-references were not completely disabled (see other self-ref cases changed in this patch). It is not clear why they worked if they are ""self-refs on same column/index"".",,,15,6,0,3524961.3333333335,0,0,0,0,0,0,0
MCOL-6450,Sub-Task,MCOL,2026-07-07 21:28:33,2026-07-29 05:49:00.000,tturenko,Major,study MDBCI code general structure,,,,1,0,0,30740.45,0,0,0,0,0,0,8
MDEV-40996,New Feature,MDEV,2026-09-02 04:03:10,2026-09-03 07:46:32.000,JIRAUSER55761,Trivial,"Support `--sync_with_master 0, $variable` in mysqltest","{code:sql}
--sync_with_master 0, $connection
#!> sync_with_master failed: 'select master_pos_wait(..., '$connection')' returned NULL indicating slave SQL thread failure
{code}",,,1,0,0,1663.3666666666666,0,0,0,0,0,0,4
