row_id,source_dataset,issue_key,is_change_text_num_words_5,is_change_text_num_words_10,is_change_text_num_words_15,is_change_text_num_words_20
Jira:JSWSERVER-4100,Jira,JSWSERVER-4100,0,0,0,0
Jira:JSWSERVER-4101,Jira,JSWSERVER-4101,0,0,0,0
Jira:JSWSERVER-4387,Jira,JSWSERVER-4387,0,0,0,0
Jira:JSWSERVER-4425,Jira,JSWSERVER-4425,1,1,1,0
Jira:JSWSERVER-4434,Jira,JSWSERVER-4434,0,0,0,0
Jira:JSWSERVER-4459,Jira,JSWSERVER-4459,0,0,0,0
Jira:JSWSERVER-4500,Jira,JSWSERVER-4500,0,0,0,0
Jira:JSWSERVER-4503,Jira,JSWSERVER-4503,1,1,1,0
Jira:JSWSERVER-4520,Jira,JSWSERVER-4520,0,0,0,0
Jira:JSWSERVER-4522,Jira,JSWSERVER-4522,0,0,0,0
Jira:JSWSERVER-4547,Jira,JSWSERVER-4547,1,1,1,0
Jira:JSWSERVER-4659,Jira,JSWSERVER-4659,0,0,0,0
Jira:JSWSERVER-4660,Jira,JSWSERVER-4660,0,0,0,0
Jira:JSWSERVER-4662,Jira,JSWSERVER-4662,0,0,0,0
Jira:JSWSERVER-4677,Jira,JSWSERVER-4677,1,0,0,0
Jira:JSWSERVER-3947,Jira,JSWSERVER-3947,0,0,0,0
Jira:JSWSERVER-4478,Jira,JSWSERVER-4478,0,0,0,0
Jira:JSWSERVER-4655,Jira,JSWSERVER-4655,0,0,0,0
Jira:JSWSERVER-4663,Jira,JSWSERVER-4663,0,0,0,0
Jira:JSWSERVER-4711,Jira,JSWSERVER-4711,1,1,1,1
Jira:JSWSERVER-4772,Jira,JSWSERVER-4772,0,0,0,0
Jira:JSWSERVER-4768,Jira,JSWSERVER-4768,1,1,1,1
Jira:JSWSERVER-4765,Jira,JSWSERVER-4765,1,1,1,0
Jira:JSWSERVER-4813,Jira,JSWSERVER-4813,0,0,0,0
Jira:JSWSERVER-4776,Jira,JSWSERVER-4776,0,0,0,0
Jira:JSWSERVER-4812,Jira,JSWSERVER-4812,0,0,0,0
Jira:JSWSERVER-4847,Jira,JSWSERVER-4847,0,0,0,0
Jira:JSWSERVER-4862,Jira,JSWSERVER-4862,1,1,1,1
Jira:JSWSERVER-4863,Jira,JSWSERVER-4863,1,0,0,0
Jira:JSWSERVER-4877,Jira,JSWSERVER-4877,0,0,0,0
Jira:JSWSERVER-4864,Jira,JSWSERVER-4864,0,0,0,0
Jira:JSWSERVER-4888,Jira,JSWSERVER-4888,0,0,0,0
Jira:JSWSERVER-4893,Jira,JSWSERVER-4893,1,1,1,0
Jira:JSWSERVER-4895,Jira,JSWSERVER-4895,0,0,0,0
Jira:JSWSERVER-4906,Jira,JSWSERVER-4906,0,0,0,0
Jira:JSWSERVER-4914,Jira,JSWSERVER-4914,0,0,0,0
Jira:JSWSERVER-4915,Jira,JSWSERVER-4915,0,0,0,0
Jira:JSWSERVER-4919,Jira,JSWSERVER-4919,0,0,0,0
Jira:JSWSERVER-4920,Jira,JSWSERVER-4920,0,0,0,0
Jira:JSWSERVER-4923,Jira,JSWSERVER-4923,0,0,0,0
Jira:JSWSERVER-4961,Jira,JSWSERVER-4961,0,0,0,0
Jira:JSWCLOUD-4959,Jira,JSWCLOUD-4959,0,0,0,0
Jira:JSWSERVER-4994,Jira,JSWSERVER-4994,0,0,0,0
Jira:JSWSERVER-5004,Jira,JSWSERVER-5004,0,0,0,0
Jira:JSWSERVER-4911,Jira,JSWSERVER-4911,0,0,0,0
Jira:JSWSERVER-4966,Jira,JSWSERVER-4966,0,0,0,0
Jira:JSWSERVER-3254,Jira,JSWSERVER-3254,1,1,0,0
Jira:JSWCLOUD-5012,Jira,JSWCLOUD-5012,0,0,0,0
Jira:JSWCLOUD-5014,Jira,JSWCLOUD-5014,0,0,0,0
Jira:JSWSERVER-5011,Jira,JSWSERVER-5011,0,0,0,0
Jira:JSWSERVER-4971,Jira,JSWSERVER-4971,0,0,0,0
Jira:JSWSERVER-4967,Jira,JSWSERVER-4967,0,0,0,0
Jira:JSWSERVER-4767,Jira,JSWSERVER-4767,0,0,0,0
Jira:JSWSERVER-4910,Jira,JSWSERVER-4910,0,0,0,0
Jira:JSWSERVER-4913,Jira,JSWSERVER-4913,0,0,0,0
Jira:JSWSERVER-4970,Jira,JSWSERVER-4970,0,0,0,0
Jira:JSWSERVER-4972,Jira,JSWSERVER-4972,1,1,1,1
Jira:JSWSERVER-5024,Jira,JSWSERVER-5024,1,1,1,1
Jira:JSWSERVER-5025,Jira,JSWSERVER-5025,0,0,0,0
Jira:JSWSERVER-5039,Jira,JSWSERVER-5039,0,0,0,0
Jira:JSWSERVER-5106,Jira,JSWSERVER-5106,0,0,0,0
Jira:JSWSERVER-5125,Jira,JSWSERVER-5125,0,0,0,0
Jira:JSWSERVER-5141,Jira,JSWSERVER-5141,0,0,0,0
Jira:JSWSERVER-3993,Jira,JSWSERVER-3993,0,0,0,0
Jira:JSWSERVER-5115,Jira,JSWSERVER-5115,1,1,0,0
Jira:JSWSERVER-5193,Jira,JSWSERVER-5193,0,0,0,0
Jira:JSWSERVER-5194,Jira,JSWSERVER-5194,0,0,0,0
Jira:JSWSERVER-5215,Jira,JSWSERVER-5215,0,0,0,0
Jira:JSWSERVER-5218,Jira,JSWSERVER-5218,1,1,1,1
Jira:JSWSERVER-5220,Jira,JSWSERVER-5220,1,1,1,1
Jira:JSWSERVER-5221,Jira,JSWSERVER-5221,1,1,1,0
Jira:JSWSERVER-4916,Jira,JSWSERVER-4916,0,0,0,0
Jira:JSWSERVER-5195,Jira,JSWSERVER-5195,0,0,0,0
Jira:JSWSERVER-5214,Jira,JSWSERVER-5214,0,0,0,0
Jira:JSWSERVER-5227,Jira,JSWSERVER-5227,0,0,0,0
Jira:JSWSERVER-5234,Jira,JSWSERVER-5234,0,0,0,0
Jira:JSWSERVER-5255,Jira,JSWSERVER-5255,0,0,0,0
Jira:JSWSERVER-5267,Jira,JSWSERVER-5267,0,0,0,0
Jira:JSWSERVER-5268,Jira,JSWSERVER-5268,1,1,0,0
Jira:JSWSERVER-5273,Jira,JSWSERVER-5273,0,0,0,0
Jira:CONFSERVER-51121,Jira,CONFSERVER-51121,1,1,1,0
Jira:CONFSERVER-50986,Jira,CONFSERVER-50986,1,1,1,0
Jira:CONFSERVER-51322,Jira,CONFSERVER-51322,1,1,1,0
Jira:CONFSERVER-50960,Jira,CONFSERVER-50960,1,1,1,0
Jira:CONFSERVER-50993,Jira,CONFSERVER-50993,0,0,0,0
Jira:JSWSERVER-5077,Jira,JSWSERVER-5077,0,0,0,0
Jira:JSWSERVER-5087,Jira,JSWSERVER-5087,1,1,1,1
Jira:JSWSERVER-5329,Jira,JSWSERVER-5329,0,0,0,0
Jira:JSWSERVER-5330,Jira,JSWSERVER-5330,0,0,0,0
Jira:JSWSERVER-5348,Jira,JSWSERVER-5348,0,0,0,0
Jira:JSWSERVER-5085,Jira,JSWSERVER-5085,0,0,0,0
Jira:JSWSERVER-5089,Jira,JSWSERVER-5089,0,0,0,0
Jira:JSWSERVER-5090,Jira,JSWSERVER-5090,0,0,0,0
Jira:JSWSERVER-5091,Jira,JSWSERVER-5091,0,0,0,0
Jira:JSWSERVER-5252,Jira,JSWSERVER-5252,0,0,0,0
Jira:CONFSERVER-50991,Jira,CONFSERVER-50991,1,1,1,0
Jira:CONFSERVER-51091,Jira,CONFSERVER-51091,0,0,0,0
Jira:CONFSERVER-51213,Jira,CONFSERVER-51213,1,1,1,0
Jira:CONFSERVER-51398,Jira,CONFSERVER-51398,0,0,0,0
Jira:CONFSERVER-50963,Jira,CONFSERVER-50963,1,1,1,0
Jira:CONFSERVER-51437,Jira,CONFSERVER-51437,0,0,0,0
Jira:JSWSERVER-5286,Jira,JSWSERVER-5286,0,0,0,0
Jira:JSWSERVER-5107,Jira,JSWSERVER-5107,0,0,0,0
Jira:JSWSERVER-5371,Jira,JSWSERVER-5371,0,0,0,0
Jira:BSERV-2488,Jira,BSERV-2488,0,0,0,0
Jira:CONFSERVER-51095,Jira,CONFSERVER-51095,1,1,1,0
Jira:CONFSERVER-51390,Jira,CONFSERVER-51390,1,1,1,0
Jira:CONFSERVER-51222,Jira,CONFSERVER-51222,1,1,1,0
Jira:FE-4087,Jira,FE-4087,0,0,0,0
Jira:CONFSERVER-51066,Jira,CONFSERVER-51066,1,1,1,0
Jira:FE-4095,Jira,FE-4095,0,0,0,0
Jira:CLOV-579,Jira,CLOV-579,0,0,0,0
Jira:CLOV-1087,Jira,CLOV-1087,0,0,0,0
Jira:CLOV-1097,Jira,CLOV-1097,0,0,0,0
Jira:CLOV-1111,Jira,CLOV-1111,0,0,0,0
Jira:CONFSERVER-26057,Jira,CONFSERVER-26057,1,1,1,0
Jira:JSWSERVER-5511,Jira,JSWSERVER-5511,0,0,0,0
Jira:FE-4092,Jira,FE-4092,0,0,0,0
Jira:CONFSERVER-51068,Jira,CONFSERVER-51068,1,1,1,0
Jira:CONFSERVER-51170,Jira,CONFSERVER-51170,0,0,0,0
Jira:JSWSERVER-5418,Jira,JSWSERVER-5418,0,0,0,0
Jira:JSWSERVER-5499,Jira,JSWSERVER-5499,0,0,0,0
Jira:JSWSERVER-5510,Jira,JSWSERVER-5510,0,0,0,0
Jira:JSWSERVER-5519,Jira,JSWSERVER-5519,0,0,0,0
Jira:JSWSERVER-5464,Jira,JSWSERVER-5464,0,0,0,0
Jira:JSWSERVER-1261,Jira,JSWSERVER-1261,0,0,0,0
Jira:JSWSERVER-5341,Jira,JSWSERVER-5341,1,1,1,0
Jira:JSWSERVER-5542,Jira,JSWSERVER-5542,1,1,1,1
Jira:JSWSERVER-5543,Jira,JSWSERVER-5543,0,0,0,0
Jira:JSWSERVER-5544,Jira,JSWSERVER-5544,0,0,0,0
Jira:JSWSERVER-5567,Jira,JSWSERVER-5567,0,0,0,0
Jira:JSWSERVER-5603,Jira,JSWSERVER-5603,1,1,1,1
Jira:JSWSERVER-5413,Jira,JSWSERVER-5413,1,1,1,1
Jira:JSWSERVER-5545,Jira,JSWSERVER-5545,0,0,0,0
Jira:JSWSERVER-5583,Jira,JSWSERVER-5583,0,0,0,0
Jira:CONFSERVER-51129,Jira,CONFSERVER-51129,1,1,1,0
Jira:CONFSERVER-51436,Jira,CONFSERVER-51436,1,1,1,0
Jira:CONFSERVER-50980,Jira,CONFSERVER-50980,1,1,1,0
Jira:CONFSERVER-51165,Jira,CONFSERVER-51165,1,1,1,0
Jira:CONFSERVER-51289,Jira,CONFSERVER-51289,1,1,1,0
Jira:CONFSERVER-51190,Jira,CONFSERVER-51190,1,1,1,0
Jira:JSWSERVER-5621,Jira,JSWSERVER-5621,1,1,1,1
Jira:JSWSERVER-5547,Jira,JSWSERVER-5547,0,0,0,0
Jira:JSWSERVER-5582,Jira,JSWSERVER-5582,0,0,0,0
Jira:JSWCLOUD-5658,Jira,JSWCLOUD-5658,0,0,0,0
Jira:JSWCLOUD-5659,Jira,JSWCLOUD-5659,0,0,0,0
Jira:JSWCLOUD-5669,Jira,JSWCLOUD-5669,0,0,0,0
Jira:JSWSERVER-5676,Jira,JSWSERVER-5676,1,0,0,0
Jira:JSWCLOUD-5698,Jira,JSWCLOUD-5698,0,0,0,0
Jira:JSWCLOUD-5731,Jira,JSWCLOUD-5731,0,0,0,0
Jira:CONFSERVER-51171,Jira,CONFSERVER-51171,1,1,0,0
Jira:CONFSERVER-26371,Jira,CONFSERVER-26371,1,1,1,0
Jira:CONFSERVER-51034,Jira,CONFSERVER-51034,1,1,1,0
Jira:JSWSERVER-5750,Jira,JSWSERVER-5750,0,0,0,0
Jira:JSWSERVER-5703,Jira,JSWSERVER-5703,0,0,0,0
Jira:JSWSERVER-5733,Jira,JSWSERVER-5733,1,1,1,1
Jira:JSWSERVER-5735,Jira,JSWSERVER-5735,1,1,1,1
Jira:JSWSERVER-5737,Jira,JSWSERVER-5737,0,0,0,0
Jira:JSWSERVER-5072,Jira,JSWSERVER-5072,1,1,1,1
Jira:JSWSERVER-5568,Jira,JSWSERVER-5568,1,1,1,1
Jira:JSWSERVER-5616,Jira,JSWSERVER-5616,0,0,0,0
Jira:JSWSERVER-5751,Jira,JSWSERVER-5751,0,0,0,0
Jira:CRUC-6163,Jira,CRUC-6163,0,0,0,0
Jira:FE-1071,Jira,FE-1071,0,0,0,0
Jira:JSWCLOUD-5777,Jira,JSWCLOUD-5777,0,0,0,0
Jira:JSWCLOUD-5778,Jira,JSWCLOUD-5778,1,0,0,0
Jira:JSWCLOUD-5779,Jira,JSWCLOUD-5779,0,0,0,0
Jira:JSWCLOUD-5785,Jira,JSWCLOUD-5785,0,0,0,0
Jira:JSWCLOUD-5789,Jira,JSWCLOUD-5789,0,0,0,0
Jira:CONFSERVER-26493,Jira,CONFSERVER-26493,1,1,1,0
Jira:JSWCLOUD-5802,Jira,JSWCLOUD-5802,0,0,0,0
Jira:CONFSERVER-51401,Jira,CONFSERVER-51401,1,1,1,0
Jira:CLOV-1138,Jira,CLOV-1138,0,0,0,0
Jira:CONFSERVER-3649,Jira,CONFSERVER-3649,1,1,1,0
Jira:CONFSERVER-16477,Jira,CONFSERVER-16477,1,1,1,0
Jira:JSWSERVER-5841,Jira,JSWSERVER-5841,0,0,0,0
Jira:JSWSERVER-5843,Jira,JSWSERVER-5843,1,1,1,0
Jira:JSWSERVER-5885,Jira,JSWSERVER-5885,1,1,1,1
Jira:JSWSERVER-5886,Jira,JSWSERVER-5886,0,0,0,0
Jira:JSWSERVER-5887,Jira,JSWSERVER-5887,0,0,0,0
Jira:JSWSERVER-5888,Jira,JSWSERVER-5888,1,1,1,1
Jira:JSWSERVER-5889,Jira,JSWSERVER-5889,0,0,0,0
Jira:JSWSERVER-5771,Jira,JSWSERVER-5771,0,0,0,0
Jira:JSWSERVER-5874,Jira,JSWSERVER-5874,1,1,0,0
Jira:JSWCLOUD-5898,Jira,JSWCLOUD-5898,0,0,0,0
Jira:FE-4150,Jira,FE-4150,0,0,0,0
Jira:CONFSERVER-51037,Jira,CONFSERVER-51037,0,0,0,0
Jira:JSWCLOUD-5926,Jira,JSWCLOUD-5926,0,0,0,0
Jira:JSWCLOUD-5928,Jira,JSWCLOUD-5928,0,0,0,0
Jira:CONFSERVER-51027,Jira,CONFSERVER-51027,1,1,1,0
Jira:CONFSERVER-24201,Jira,CONFSERVER-24201,1,1,1,0
Jira:JSWSERVER-5853,Jira,JSWSERVER-5853,0,0,0,0
Jira:CONFSERVER-26480,Jira,CONFSERVER-26480,1,1,1,0
Jira:CONFSERVER-26698,Jira,CONFSERVER-26698,1,1,1,0
Jira:JSWSERVER-6010,Jira,JSWSERVER-6010,0,0,0,0
Jira:JSWSERVER-5619,Jira,JSWSERVER-5619,1,1,1,1
Jira:JSWSERVER-5660,Jira,JSWSERVER-5660,0,0,0,0
Jira:JSWSERVER-5691,Jira,JSWSERVER-5691,1,1,1,1
Jira:JSWSERVER-5832,Jira,JSWSERVER-5832,1,1,1,1
Jira:JSWSERVER-5945,Jira,JSWSERVER-5945,1,1,1,1
Jira:JSWSERVER-5994,Jira,JSWSERVER-5994,1,1,1,1
Jira:JSWSERVER-6011,Jira,JSWSERVER-6011,0,0,0,0
Jira:CLOV-1145,Jira,CLOV-1145,0,0,0,0
Jira:CLOV-1149,Jira,CLOV-1149,0,0,0,0
Jira:CONFSERVER-51324,Jira,CONFSERVER-51324,1,1,1,0
Jira:CONFSERVER-51380,Jira,CONFSERVER-51380,1,1,1,0
Jira:JSWCLOUD-6116,Jira,JSWCLOUD-6116,0,0,0,0
Jira:JSWCLOUD-6117,Jira,JSWCLOUD-6117,0,0,0,0
Jira:JSWCLOUD-6119,Jira,JSWCLOUD-6119,0,0,0,0
Jira:JSWCLOUD-6120,Jira,JSWCLOUD-6120,0,0,0,0
Jira:JSWCLOUD-6121,Jira,JSWCLOUD-6121,0,0,0,0
Jira:JSWSERVER-6030,Jira,JSWSERVER-6030,0,0,0,0
Jira:JSWCLOUD-6130,Jira,JSWCLOUD-6130,0,0,0,0
Jira:JSWSERVER-6077,Jira,JSWSERVER-6077,1,1,1,1
Jira:JSWSERVER-6096,Jira,JSWSERVER-6096,0,0,0,0
Jira:JSWSERVER-5941,Jira,JSWSERVER-5941,1,1,1,1
Jira:JSWSERVER-6073,Jira,JSWSERVER-6073,1,1,1,1
Jira:JSWSERVER-6078,Jira,JSWSERVER-6078,1,1,1,1
Jira:JSWSERVER-6079,Jira,JSWSERVER-6079,1,1,1,1
Jira:JSWSERVER-6080,Jira,JSWSERVER-6080,1,1,1,1
Jira:JSWSERVER-6081,Jira,JSWSERVER-6081,1,1,1,1
Jira:JSWSERVER-6082,Jira,JSWSERVER-6082,1,1,1,1
Jira:JSWSERVER-6084,Jira,JSWSERVER-6084,1,1,1,1
Jira:JSWSERVER-6091,Jira,JSWSERVER-6091,1,1,1,1
Jira:JSWSERVER-6110,Jira,JSWSERVER-6110,1,1,1,1
Jira:JSWSERVER-6083,Jira,JSWSERVER-6083,1,1,1,1
Jira:JSWSERVER-6085,Jira,JSWSERVER-6085,0,0,0,0
Jira:JSWSERVER-6086,Jira,JSWSERVER-6086,0,0,0,0
Jira:JSWCLOUD-6143,Jira,JSWCLOUD-6143,0,0,0,0
Jira:JSWCLOUD-6159,Jira,JSWCLOUD-6159,0,0,0,0
Jira:FE-4194,Jira,FE-4194,0,0,0,0
Jira:JSWCLOUD-6161,Jira,JSWCLOUD-6161,0,0,0,0
Jira:JSWCLOUD-6164,Jira,JSWCLOUD-6164,0,0,0,0
Jira:CRUC-6031,Jira,CRUC-6031,0,0,0,0
Jira:FE-4147,Jira,FE-4147,0,0,0,0
Jira:CRUC-5847,Jira,CRUC-5847,0,0,0,0
Jira:FE-4083,Jira,FE-4083,0,0,0,0
Jira:FE-4227,Jira,FE-4227,0,0,0,0
Jira:JSWCLOUD-6176,Jira,JSWCLOUD-6176,0,0,0,0
Jira:JSWCLOUD-6179,Jira,JSWCLOUD-6179,0,0,0,0
Jira:JSWCLOUD-6183,Jira,JSWCLOUD-6183,0,0,0,0
Jira:JSWCLOUD-6184,Jira,JSWCLOUD-6184,0,0,0,0
Jira:JSWSERVER-6232,Jira,JSWSERVER-6232,1,1,1,1
Jira:JSWSERVER-6233,Jira,JSWSERVER-6233,0,0,0,0
Jira:JSWCLOUD-6238,Jira,JSWCLOUD-6238,0,0,0,0
Jira:JSWSERVER-6197,Jira,JSWSERVER-6197,0,0,0,0
Jira:JSWSERVER-6243,Jira,JSWSERVER-6243,0,0,0,0
Jira:JSWSERVER-6090,Jira,JSWSERVER-6090,1,1,1,1
Jira:JSWSERVER-6308,Jira,JSWSERVER-6308,0,0,0,0
Jira:JSWSERVER-6316,Jira,JSWSERVER-6316,0,0,0,0
Jira:JSWSERVER-5831,Jira,JSWSERVER-5831,1,1,1,1
Jira:JSWSERVER-5834,Jira,JSWSERVER-5834,1,1,1,1
Jira:JSWSERVER-6237,Jira,JSWSERVER-6237,1,1,1,1
Jira:JSWCLOUD-6399,Jira,JSWCLOUD-6399,0,0,0,0
Jira:JSWCLOUD-6400,Jira,JSWCLOUD-6400,0,0,0,0
Jira:JSWCLOUD-6402,Jira,JSWCLOUD-6402,0,0,0,0
Jira:JSWCLOUD-6403,Jira,JSWCLOUD-6403,0,0,0,0
Jira:JSWCLOUD-6410,Jira,JSWCLOUD-6410,0,0,0,0
Jira:JSWCLOUD-6417,Jira,JSWCLOUD-6417,0,0,0,0
Jira:CONFSERVER-50958,Jira,CONFSERVER-50958,1,1,1,0
Jira:CONFSERVER-51108,Jira,CONFSERVER-51108,1,1,1,0
Jira:CONFSERVER-51269,Jira,CONFSERVER-51269,1,1,1,0
Jira:CLOV-1174,Jira,CLOV-1174,0,0,0,0
Jira:JSWCLOUD-6480,Jira,JSWCLOUD-6480,0,0,0,0
Jira:JSWCLOUD-6485,Jira,JSWCLOUD-6485,0,0,0,0
Jira:JSWCLOUD-6486,Jira,JSWCLOUD-6486,0,0,0,0
Jira:JSWSERVER-6446,Jira,JSWSERVER-6446,0,0,0,0
Jira:JSWSERVER-3772,Jira,JSWSERVER-3772,1,1,1,1
Jira:JSWSERVER-5833,Jira,JSWSERVER-5833,1,1,1,1
Jira:JSWSERVER-6390,Jira,JSWSERVER-6390,0,0,0,0
Jira:JSWSERVER-6432,Jira,JSWSERVER-6432,1,1,1,1
Jira:JSWSERVER-6463,Jira,JSWSERVER-6463,1,1,1,1
Jira:JSWSERVER-6433,Jira,JSWSERVER-6433,1,1,1,1
Jira:CONFSERVER-51410,Jira,CONFSERVER-51410,0,0,0,0
Jira:CWD-2685,Jira,CWD-2685,0,0,0,0
Jira:JSWCLOUD-6545,Jira,JSWCLOUD-6545,0,0,0,0
Jira:JSWCLOUD-6546,Jira,JSWCLOUD-6546,0,0,0,0
Jira:JSWCLOUD-6553,Jira,JSWCLOUD-6553,0,0,0,0
Jira:JSWCLOUD-6572,Jira,JSWCLOUD-6572,0,0,0,0
Jira:JSWSERVER-6582,Jira,JSWSERVER-6582,0,0,0,0
Jira:CWD-1625,Jira,CWD-1625,0,0,0,0
Jira:JSWSERVER-6619,Jira,JSWSERVER-6619,0,0,0,0
Jira:CLOV-1162,Jira,CLOV-1162,0,0,0,0
Jira:JSWSERVER-6294,Jira,JSWSERVER-6294,1,1,1,0
Jira:JSWCLOUD-6637,Jira,JSWCLOUD-6637,0,0,0,0
Jira:JSWCLOUD-6638,Jira,JSWCLOUD-6638,0,0,0,0
Jira:JSWSERVER-6636,Jira,JSWSERVER-6636,1,1,1,1
Jira:JSWSERVER-6661,Jira,JSWSERVER-6661,1,1,1,0
Jira:JSWSERVER-6663,Jira,JSWSERVER-6663,0,0,0,0
Jira:JSWSERVER-6212,Jira,JSWSERVER-6212,1,1,1,1
Jira:JSWSERVER-6346,Jira,JSWSERVER-6346,1,1,1,1
Jira:JSWSERVER-6594,Jira,JSWSERVER-6594,1,1,1,1
Jira:JSWSERVER-6629,Jira,JSWSERVER-6629,1,1,1,1
Jira:JSWSERVER-6370,Jira,JSWSERVER-6370,1,0,0,0
Jira:JSWSERVER-6372,Jira,JSWSERVER-6372,1,1,1,1
Jira:JSWSERVER-6406,Jira,JSWSERVER-6406,1,1,1,1
Jira:JSWSERVER-6664,Jira,JSWSERVER-6664,0,0,0,0
Jira:JSWSERVER-6665,Jira,JSWSERVER-6665,1,1,1,1
Jira:JSWSERVER-6666,Jira,JSWSERVER-6666,1,1,1,1
Jira:JSWSERVER-6680,Jira,JSWSERVER-6680,0,0,0,0
Jira:JSWCLOUD-6710,Jira,JSWCLOUD-6710,0,0,0,0
Jira:JSWCLOUD-6711,Jira,JSWCLOUD-6711,0,0,0,0
Jira:JSWCLOUD-6719,Jira,JSWCLOUD-6719,0,0,0,0
Jira:CLOV-1190,Jira,CLOV-1190,0,0,0,0
Jira:JSWSERVER-6726,Jira,JSWSERVER-6726,0,0,0,0
Jira:JSWCLOUD-6729,Jira,JSWCLOUD-6729,0,0,0,0
Jira:JSWCLOUD-6730,Jira,JSWCLOUD-6730,0,0,0,0
Jira:JSWCLOUD-6731,Jira,JSWCLOUD-6731,0,0,0,0
Jira:JSWCLOUD-6732,Jira,JSWCLOUD-6732,0,0,0,0
Jira:CONFSERVER-51049,Jira,CONFSERVER-51049,1,1,1,0
Jira:JSWCLOUD-6735,Jira,JSWCLOUD-6735,0,0,0,0
Jira:JSWCLOUD-6749,Jira,JSWCLOUD-6749,0,0,0,0
Jira:JSWCLOUD-6748,Jira,JSWCLOUD-6748,0,0,0,0
Jira:JSWSERVER-6742,Jira,JSWSERVER-6742,0,0,0,0
Jira:CWD-2992,Jira,CWD-2992,0,0,0,0
Jira:JSWSERVER-6760,Jira,JSWSERVER-6760,0,0,0,0
Jira:JSWSERVER-6728,Jira,JSWSERVER-6728,0,0,0,0
Jira:JSWCLOUD-6769,Jira,JSWCLOUD-6769,0,0,0,0
Jira:JSWSERVER-6575,Jira,JSWSERVER-6575,0,0,0,0
Jira:CONFSERVER-51387,Jira,CONFSERVER-51387,1,1,1,0
Jira:CONFSERVER-51001,Jira,CONFSERVER-51001,1,1,1,0
Jira:CONFSERVER-5599,Jira,CONFSERVER-5599,1,1,1,0
Jira:CWD-3010,Jira,CWD-3010,0,0,0,0
Jira:CWD-2659,Jira,CWD-2659,0,0,0,0
Jira:BSERV-2907,Jira,BSERV-2907,0,0,0,0
Jira:CONFSERVER-51249,Jira,CONFSERVER-51249,1,1,1,0
Jira:CONFSERVER-51347,Jira,CONFSERVER-51347,1,1,1,0
Jira:JSWSERVER-6903,Jira,JSWSERVER-6903,0,0,0,0
Jira:JSWSERVER-6128,Jira,JSWSERVER-6128,1,1,1,1
Jira:JSWSERVER-6839,Jira,JSWSERVER-6839,1,1,1,1
Jira:JSWSERVER-6861,Jira,JSWSERVER-6861,0,0,0,0
Jira:JSWSERVER-6877,Jira,JSWSERVER-6877,0,0,0,0
Jira:JSWSERVER-6312,Jira,JSWSERVER-6312,1,1,1,1
Jira:JSWSERVER-6389,Jira,JSWSERVER-6389,1,1,1,1
Jira:JSWSERVER-6538,Jira,JSWSERVER-6538,1,1,1,1
Jira:JSWSERVER-6615,Jira,JSWSERVER-6615,1,1,1,1
Jira:JSWSERVER-6616,Jira,JSWSERVER-6616,1,1,1,1
Jira:JSWSERVER-6771,Jira,JSWSERVER-6771,1,1,1,0
Jira:JSWSERVER-5835,Jira,JSWSERVER-5835,1,1,1,1
Jira:JSWSERVER-6522,Jira,JSWSERVER-6522,0,0,0,0
Jira:JSWSERVER-6779,Jira,JSWSERVER-6779,0,0,0,0
Jira:JSWSERVER-6781,Jira,JSWSERVER-6781,0,0,0,0
Jira:JSWSERVER-6832,Jira,JSWSERVER-6832,0,0,0,0
Jira:JSWSERVER-6875,Jira,JSWSERVER-6875,0,0,0,0
Jira:CWD-3017,Jira,CWD-3017,0,0,0,0
Jira:FE-490,Jira,FE-490,0,0,0,0
Jira:CRUC-5628,Jira,CRUC-5628,0,0,0,0
Jira:CRUC-6282,Jira,CRUC-6282,0,0,0,0
Jira:JSWCLOUD-6935,Jira,JSWCLOUD-6935,0,0,0,0
Jira:JSWCLOUD-6936,Jira,JSWCLOUD-6936,0,0,0,0
Jira:JSWCLOUD-6937,Jira,JSWCLOUD-6937,0,0,0,0
Jira:JSWCLOUD-6943,Jira,JSWCLOUD-6943,0,0,0,0
Jira:JSWCLOUD-6944,Jira,JSWCLOUD-6944,0,0,0,0
Jira:JSWCLOUD-6946,Jira,JSWCLOUD-6946,0,0,0,0
Jira:CLOV-1187,Jira,CLOV-1187,0,0,0,0
Jira:CWD-3001,Jira,CWD-3001,1,1,1,1
Jira:BSERV-2928,Jira,BSERV-2928,0,0,0,0
Jira:CWD-3000,Jira,CWD-3000,0,0,0,0
Jira:CWD-3028,Jira,CWD-3028,0,0,0,0
Jira:CWD-2470,Jira,CWD-2470,1,1,1,0
Jira:JSWCLOUD-6964,Jira,JSWCLOUD-6964,0,0,0,0
Jira:JSWCLOUD-6966,Jira,JSWCLOUD-6966,0,0,0,0
Jira:JSWSERVER-6967,Jira,JSWSERVER-6967,0,0,0,0
Jira:JSWSERVER-6970,Jira,JSWSERVER-6970,1,1,1,0
Jira:JSWCLOUD-6976,Jira,JSWCLOUD-6976,0,0,0,0
Jira:JSWCLOUD-6979,Jira,JSWCLOUD-6979,0,0,0,0
Jira:JSWCLOUD-6993,Jira,JSWCLOUD-6993,0,0,0,0
Jira:CLOV-930,Jira,CLOV-930,0,0,0,0
Jira:JSWCLOUD-7000,Jira,JSWCLOUD-7000,0,0,0,0
Jira:JSWCLOUD-7001,Jira,JSWCLOUD-7001,0,0,0,0
Jira:JSWCLOUD-7007,Jira,JSWCLOUD-7007,0,0,0,0
Jira:JSWCLOUD-7009,Jira,JSWCLOUD-7009,0,0,0,0
Jira:CWD-3034,Jira,CWD-3034,1,1,0,0
Jira:CWD-3041,Jira,CWD-3041,1,0,0,0
Jira:CWD-3006,Jira,CWD-3006,0,0,0,0
Jira:JSWSERVER-7036,Jira,JSWSERVER-7036,0,0,0,0
Jira:JSWSERVER-7037,Jira,JSWSERVER-7037,0,0,0,0
Jira:JSWSERVER-7033,Jira,JSWSERVER-7033,0,0,0,0
Jira:JSWSERVER-7043,Jira,JSWSERVER-7043,0,0,0,0
Jira:JSWSERVER-5927,Jira,JSWSERVER-5927,1,1,1,1
Jira:JSWSERVER-5118,Jira,JSWSERVER-5118,1,1,1,1
Jira:JSWSERVER-6392,Jira,JSWSERVER-6392,1,1,1,1
Jira:JSWSERVER-6905,Jira,JSWSERVER-6905,1,1,1,1
Jira:JSWSERVER-6775,Jira,JSWSERVER-6775,0,0,0,0
Jira:CONFSERVER-24168,Jira,CONFSERVER-24168,1,1,1,0
Jira:JSWSERVER-7030,Jira,JSWSERVER-7030,0,0,0,0
Jira:JSWCLOUD-7072,Jira,JSWCLOUD-7072,0,0,0,0
Jira:JSWCLOUD-7073,Jira,JSWCLOUD-7073,0,0,0,0
Jira:JSWCLOUD-7074,Jira,JSWCLOUD-7074,0,0,0,0
Jira:FE-4361,Jira,FE-4361,0,0,0,0
Jira:CRUC-6274,Jira,CRUC-6274,0,0,0,0
Jira:FE-4424,Jira,FE-4424,0,0,0,0
Jira:JSWCLOUD-7096,Jira,JSWCLOUD-7096,0,0,0,0
Jira:CWD-3057,Jira,CWD-3057,0,0,0,0
Jira:JSWCLOUD-7101,Jira,JSWCLOUD-7101,0,0,0,0
Jira:JSWCLOUD-7102,Jira,JSWCLOUD-7102,0,0,0,0
Jira:JSWCLOUD-7103,Jira,JSWCLOUD-7103,0,0,0,0
Jira:JSWCLOUD-7105,Jira,JSWCLOUD-7105,0,0,0,0
Jira:JSWCLOUD-7106,Jira,JSWCLOUD-7106,0,0,0,0
Jira:JSWCLOUD-7107,Jira,JSWCLOUD-7107,0,0,0,0
Jira:JSWCLOUD-7108,Jira,JSWCLOUD-7108,0,0,0,0
Jira:JSWCLOUD-7113,Jira,JSWCLOUD-7113,0,0,0,0
Jira:JSWCLOUD-7115,Jira,JSWCLOUD-7115,0,0,0,0
Jira:JSWCLOUD-7116,Jira,JSWCLOUD-7116,0,0,0,0
Jira:JSWSERVER-7095,Jira,JSWSERVER-7095,0,0,0,0
Jira:JSWCLOUD-7128,Jira,JSWCLOUD-7128,0,0,0,0
Jira:JSWCLOUD-7129,Jira,JSWCLOUD-7129,0,0,0,0
Jira:CWD-1286,Jira,CWD-1286,0,0,0,0
Jira:CWD-1284,Jira,CWD-1284,1,1,1,1
Jira:JSWCLOUD-7132,Jira,JSWCLOUD-7132,0,0,0,0
Jira:CWD-3060,Jira,CWD-3060,0,0,0,0
Jira:JSWCLOUD-7138,Jira,JSWCLOUD-7138,0,0,0,0
Jira:JSWCLOUD-7178,Jira,JSWCLOUD-7178,0,0,0,0
Jira:JSWCLOUD-7179,Jira,JSWCLOUD-7179,0,0,0,0
Jira:CONFSERVER-51319,Jira,CONFSERVER-51319,1,1,1,0
Jira:JSWCLOUD-7181,Jira,JSWCLOUD-7181,0,0,0,0
Jira:JSWCLOUD-7183,Jira,JSWCLOUD-7183,0,0,0,0
Jira:JSWCLOUD-7185,Jira,JSWCLOUD-7185,0,0,0,0
Jira:JSWCLOUD-7186,Jira,JSWCLOUD-7186,0,0,0,0
Jira:JSWCLOUD-7187,Jira,JSWCLOUD-7187,0,0,0,0
Jira:JSWCLOUD-7188,Jira,JSWCLOUD-7188,0,0,0,0
Jira:JSWCLOUD-7189,Jira,JSWCLOUD-7189,0,0,0,0
Jira:JSWCLOUD-7190,Jira,JSWCLOUD-7190,0,0,0,0
Jira:JSWCLOUD-7191,Jira,JSWCLOUD-7191,0,0,0,0
Jira:JSWCLOUD-7192,Jira,JSWCLOUD-7192,0,0,0,0
Jira:JSWCLOUD-7193,Jira,JSWCLOUD-7193,0,0,0,0
Jira:JSWCLOUD-7195,Jira,JSWCLOUD-7195,0,0,0,0
Jira:JSWCLOUD-7202,Jira,JSWCLOUD-7202,0,0,0,0
Jira:JSWSERVER-5877,Jira,JSWSERVER-5877,1,1,1,1
Jira:JSWSERVER-6828,Jira,JSWSERVER-6828,1,1,1,1
Jira:JSWSERVER-7240,Jira,JSWSERVER-7240,0,0,0,0
Jira:JSWSERVER-7251,Jira,JSWSERVER-7251,0,0,0,0
Jira:JSWSERVER-6339,Jira,JSWSERVER-6339,1,1,1,0
Jira:JSWSERVER-6537,Jira,JSWSERVER-6537,1,1,1,1
Jira:JSWSERVER-7256,Jira,JSWSERVER-7256,0,0,0,0
Jira:CWD-3071,Jira,CWD-3071,0,0,0,0
Jira:JSWSERVER-7267,Jira,JSWSERVER-7267,0,0,0,0
Jira:FE-4456,Jira,FE-4456,0,0,0,0
Jira:CRUC-4518,Jira,CRUC-4518,0,0,0,0
Jira:CLOV-1197,Jira,CLOV-1197,1,1,1,1
Jira:CLOV-1227,Jira,CLOV-1227,1,1,0,0
Jira:CLOV-1228,Jira,CLOV-1228,0,0,0,0
Jira:CLOV-1229,Jira,CLOV-1229,0,0,0,0
Jira:CLOV-1230,Jira,CLOV-1230,1,1,1,1
Jira:CLOV-1231,Jira,CLOV-1231,1,0,0,0
Jira:CWD-3074,Jira,CWD-3074,1,1,1,0
Jira:JSWSERVER-7044,Jira,JSWSERVER-7044,0,0,0,0
Jira:JSWSERVER-7296,Jira,JSWSERVER-7296,0,0,0,0
Jira:FE-3045,Jira,FE-3045,0,0,0,0
Jira:JSWSERVER-6762,Jira,JSWSERVER-6762,0,0,0,0
Jira:CWD-3083,Jira,CWD-3083,1,1,0,0
Jira:JSWCLOUD-7343,Jira,JSWCLOUD-7343,0,0,0,0
Jira:JSWSERVER-7344,Jira,JSWSERVER-7344,0,0,0,0
Jira:JSWCLOUD-7328,Jira,JSWCLOUD-7328,0,0,0,0
Jira:CWD-3088,Jira,CWD-3088,0,0,0,0
Jira:CWD-3094,Jira,CWD-3094,0,0,0,0
Jira:JSWSERVER-7097,Jira,JSWSERVER-7097,0,0,0,0
Jira:JSWCLOUD-7372,Jira,JSWCLOUD-7372,0,0,0,0
Jira:JSWCLOUD-7373,Jira,JSWCLOUD-7373,0,0,0,0
Jira:JSWCLOUD-7374,Jira,JSWCLOUD-7374,0,0,0,0
Jira:JSWCLOUD-7375,Jira,JSWCLOUD-7375,0,0,0,0
Jira:JSWCLOUD-7376,Jira,JSWCLOUD-7376,0,0,0,0
Jira:JSWSERVER-7159,Jira,JSWSERVER-7159,1,1,1,1
Jira:JSWSERVER-7166,Jira,JSWSERVER-7166,1,1,1,1
Jira:JSWSERVER-7357,Jira,JSWSERVER-7357,0,0,0,0
Jira:JSWSERVER-7358,Jira,JSWSERVER-7358,0,0,0,0
Jira:JSWSERVER-6152,Jira,JSWSERVER-6152,1,1,1,1
Jira:JSWSERVER-7168,Jira,JSWSERVER-7168,1,1,1,1
Jira:JSWSERVER-7254,Jira,JSWSERVER-7254,1,1,1,1
Jira:JSWSERVER-7314,Jira,JSWSERVER-7314,1,1,1,1
Jira:JSWSERVER-7402,Jira,JSWSERVER-7402,1,1,1,0
Jira:JSWCLOUD-7432,Jira,JSWCLOUD-7432,0,0,0,0
Jira:JSWCLOUD-7433,Jira,JSWCLOUD-7433,0,0,0,0
Jira:JSWCLOUD-7434,Jira,JSWCLOUD-7434,0,0,0,0
Jira:JSWCLOUD-7435,Jira,JSWCLOUD-7435,0,0,0,0
Jira:CRUC-6361,Jira,CRUC-6361,0,0,0,0
Jira:FE-4452,Jira,FE-4452,0,0,0,0
Jira:JSWSERVER-7436,Jira,JSWSERVER-7436,0,0,0,0
Jira:JSWSERVER-7437,Jira,JSWSERVER-7437,0,0,0,0
Jira:JSWCLOUD-7438,Jira,JSWCLOUD-7438,0,0,0,0
Jira:JSWCLOUD-7439,Jira,JSWCLOUD-7439,0,0,0,0
Jira:JSWCLOUD-7440,Jira,JSWCLOUD-7440,0,0,0,0
Jira:CWD-2675,Jira,CWD-2675,0,0,0,0
Jira:JSWCLOUD-7472,Jira,JSWCLOUD-7472,0,0,0,0
Jira:JSWCLOUD-7473,Jira,JSWCLOUD-7473,0,0,0,0
Jira:JSWCLOUD-7474,Jira,JSWCLOUD-7474,0,0,0,0
Jira:JSWCLOUD-7570,Jira,JSWCLOUD-7570,0,0,0,0
Jira:JSWCLOUD-7571,Jira,JSWCLOUD-7571,0,0,0,0
Jira:JSWCLOUD-7572,Jira,JSWCLOUD-7572,0,0,0,0
Jira:CWD-3109,Jira,CWD-3109,0,0,0,0
Jira:JSWCLOUD-7595,Jira,JSWCLOUD-7595,0,0,0,0
Jira:JSWCLOUD-7596,Jira,JSWCLOUD-7596,0,0,0,0
Jira:JSWCLOUD-7597,Jira,JSWCLOUD-7597,0,0,0,0
Jira:CWD-3098,Jira,CWD-3098,1,1,1,0
Jira:JSWCLOUD-7621,Jira,JSWCLOUD-7621,0,0,0,0
Jira:JSWCLOUD-7637,Jira,JSWCLOUD-7637,0,0,0,0
Jira:JSWCLOUD-7620,Jira,JSWCLOUD-7620,1,1,0,0
Jira:JSWCLOUD-7625,Jira,JSWCLOUD-7625,0,0,0,0
Jira:JSWCLOUD-7616,Jira,JSWCLOUD-7616,0,0,0,0
Jira:JSWCLOUD-7619,Jira,JSWCLOUD-7619,0,0,0,0
Jira:JSWCLOUD-7617,Jira,JSWCLOUD-7617,0,0,0,0
Jira:CLOV-1235,Jira,CLOV-1235,0,0,0,0
Jira:CWD-2444,Jira,CWD-2444,0,0,0,0
Jira:JSWCLOUD-7667,Jira,JSWCLOUD-7667,0,0,0,0
Jira:JSWSERVER-7599,Jira,JSWSERVER-7599,1,1,1,1
Jira:JSWSERVER-7165,Jira,JSWSERVER-7165,1,1,1,1
Jira:JSWSERVER-7171,Jira,JSWSERVER-7171,1,1,1,1
Jira:JSWSERVER-7469,Jira,JSWSERVER-7469,1,1,1,1
Jira:JSWSERVER-7601,Jira,JSWSERVER-7601,0,0,0,0
Jira:JSWSERVER-6377,Jira,JSWSERVER-6377,1,1,1,1
Jira:JSWSERVER-7356,Jira,JSWSERVER-7356,0,0,0,0
Jira:JSWCLOUD-7668,Jira,JSWCLOUD-7668,0,0,0,0
Jira:CWD-3142,Jira,CWD-3142,0,0,0,0
Jira:BSERV-2673,Jira,BSERV-2673,0,0,0,0
Jira:JSWCLOUD-7669,Jira,JSWCLOUD-7669,0,0,0,0
Jira:JSWCLOUD-7671,Jira,JSWCLOUD-7671,0,0,0,0
Jira:JSWCLOUD-7674,Jira,JSWCLOUD-7674,0,0,0,0
Jira:JSWCLOUD-7675,Jira,JSWCLOUD-7675,0,0,0,0
Jira:JSWCLOUD-7676,Jira,JSWCLOUD-7676,0,0,0,0
Jira:JSWCLOUD-7677,Jira,JSWCLOUD-7677,0,0,0,0
Jira:JSWCLOUD-7686,Jira,JSWCLOUD-7686,1,1,1,1
Jira:JSWCLOUD-7687,Jira,JSWCLOUD-7687,0,0,0,0
Jira:CONFSERVER-26049,Jira,CONFSERVER-26049,1,1,1,1
Jira:BSERV-3065,Jira,BSERV-3065,0,0,0,0
Jira:JSWSERVER-7269,Jira,JSWSERVER-7269,1,1,1,1
Jira:CLOV-1236,Jira,CLOV-1236,0,0,0,0
Jira:JSWSERVER-7695,Jira,JSWSERVER-7695,1,1,1,1
Jira:JSWCLOUD-7698,Jira,JSWCLOUD-7698,0,0,0,0
Jira:FE-4450,Jira,FE-4450,0,0,0,0
Jira:JSWCLOUD-7699,Jira,JSWCLOUD-7699,0,0,0,0
Jira:JSWSERVER-7700,Jira,JSWSERVER-7700,1,1,1,1
Jira:JSWCLOUD-7708,Jira,JSWCLOUD-7708,0,0,0,0
Jira:JSWCLOUD-7709,Jira,JSWCLOUD-7709,0,0,0,0
Jira:JSWCLOUD-7715,Jira,JSWCLOUD-7715,0,0,0,0
Jira:FE-4512,Jira,FE-4512,0,0,0,0
Jira:JSWSERVER-6467,Jira,JSWSERVER-6467,1,1,1,1
Jira:JSWSERVER-7688,Jira,JSWSERVER-7688,0,0,0,0
Jira:CLOV-1250,Jira,CLOV-1250,0,0,0,0
Jira:CLOV-1251,Jira,CLOV-1251,0,0,0,0
Jira:JSWCLOUD-7727,Jira,JSWCLOUD-7727,0,0,0,0
Jira:JSWCLOUD-7728,Jira,JSWCLOUD-7728,0,0,0,0
Jira:JSWCLOUD-7748,Jira,JSWCLOUD-7748,0,0,0,0
Jira:JSWCLOUD-7749,Jira,JSWCLOUD-7749,0,0,0,0
Jira:JSWCLOUD-7751,Jira,JSWCLOUD-7751,0,0,0,0
Jira:JSWCLOUD-7762,Jira,JSWCLOUD-7762,0,0,0,0
Jira:JSWCLOUD-7763,Jira,JSWCLOUD-7763,0,0,0,0
Jira:JSWCLOUD-7792,Jira,JSWCLOUD-7792,0,0,0,0
Jira:JSWCLOUD-7783,Jira,JSWCLOUD-7783,0,0,0,0
Jira:JSWCLOUD-7785,Jira,JSWCLOUD-7785,0,0,0,0
Jira:JSWCLOUD-7788,Jira,JSWCLOUD-7788,0,0,0,0
Jira:JSWCLOUD-7789,Jira,JSWCLOUD-7789,0,0,0,0
Jira:JSWCLOUD-7778,Jira,JSWCLOUD-7778,0,0,0,0
Jira:JSWCLOUD-7796,Jira,JSWCLOUD-7796,0,0,0,0
Jira:CONFSERVER-28258,Jira,CONFSERVER-28258,1,1,1,0
Jira:JSWSERVER-7742,Jira,JSWSERVER-7742,0,0,0,0
Jira:JSWCLOUD-7802,Jira,JSWCLOUD-7802,0,0,0,0
Jira:JSWSERVER-7602,Jira,JSWSERVER-7602,1,1,1,1
Jira:JSWSERVER-7805,Jira,JSWSERVER-7805,1,1,1,0
Jira:JSWSERVER-7842,Jira,JSWSERVER-7842,1,1,1,1
Jira:JSWSERVER-7843,Jira,JSWSERVER-7843,0,0,0,0
Jira:JSWSERVER-6466,Jira,JSWSERVER-6466,1,1,1,1
Jira:JSWSERVER-7383,Jira,JSWSERVER-7383,0,0,0,0
Jira:JSWCLOUD-7844,Jira,JSWCLOUD-7844,0,0,0,0
Jira:JSWCLOUD-7845,Jira,JSWCLOUD-7845,0,0,0,0
Jira:JSWCLOUD-7846,Jira,JSWCLOUD-7846,0,0,0,0
Jira:CWD-3175,Jira,CWD-3175,0,0,0,0
Jira:JSWSERVER-7405,Jira,JSWSERVER-7405,1,0,0,0
Jira:CWD-3119,Jira,CWD-3119,0,0,0,0
Jira:CWD-3121,Jira,CWD-3121,0,0,0,0
Jira:CWD-3174,Jira,CWD-3174,0,0,0,0
Jira:CWD-3177,Jira,CWD-3177,0,0,0,0
Jira:CWD-3024,Jira,CWD-3024,0,0,0,0
Jira:JSWCLOUD-7977,Jira,JSWCLOUD-7977,0,0,0,0
Jira:JSWCLOUD-7978,Jira,JSWCLOUD-7978,0,0,0,0
Jira:CLOV-1255,Jira,CLOV-1255,0,0,0,0
Jira:JSWCLOUD-7994,Jira,JSWCLOUD-7994,0,0,0,0
Jira:JSWCLOUD-7998,Jira,JSWCLOUD-7998,0,0,0,0
Jira:JSWCLOUD-7999,Jira,JSWCLOUD-7999,0,0,0,0
Jira:JSWCLOUD-8007,Jira,JSWCLOUD-8007,0,0,0,0
Jira:JSWCLOUD-8008,Jira,JSWCLOUD-8008,0,0,0,0
Jira:JSWCLOUD-8010,Jira,JSWCLOUD-8010,0,0,0,0
Jira:JSWSERVER-8011,Jira,JSWSERVER-8011,0,0,0,0
Jira:JSWCLOUD-8016,Jira,JSWCLOUD-8016,0,0,0,0
Jira:JSWCLOUD-8019,Jira,JSWCLOUD-8019,0,0,0,0
Jira:CWD-3198,Jira,CWD-3198,1,1,1,1
Jira:JSWCLOUD-8025,Jira,JSWCLOUD-8025,0,0,0,0
Jira:JSWCLOUD-8026,Jira,JSWCLOUD-8026,0,0,0,0
Jira:JSWCLOUD-8027,Jira,JSWCLOUD-8027,0,0,0,0
Jira:JSWCLOUD-8034,Jira,JSWCLOUD-8034,0,0,0,0
Jira:JSWCLOUD-8020,Jira,JSWCLOUD-8020,0,0,0,0
Jira:BSERV-3306,Jira,BSERV-3306,0,0,0,0
Jira:JSWSERVER-8050,Jira,JSWSERVER-8050,1,1,1,1
Jira:JSWSERVER-8049,Jira,JSWSERVER-8049,0,0,0,0
Jira:JSWSERVER-7161,Jira,JSWSERVER-7161,1,1,1,1
Jira:JSWSERVER-7876,Jira,JSWSERVER-7876,1,1,1,1
Jira:JSWSERVER-8014,Jira,JSWSERVER-8014,0,0,0,0
Jira:JSWSERVER-7160,Jira,JSWSERVER-7160,0,0,0,0
Jira:JSWSERVER-8022,Jira,JSWSERVER-8022,0,0,0,0
Jira:JSWSERVER-8023,Jira,JSWSERVER-8023,0,0,0,0
Jira:JSWCLOUD-8057,Jira,JSWCLOUD-8057,0,0,0,0
Jira:JSWCLOUD-8058,Jira,JSWCLOUD-8058,0,0,0,0
Jira:JSWCLOUD-8069,Jira,JSWCLOUD-8069,0,0,0,0
Jira:JSWCLOUD-8070,Jira,JSWCLOUD-8070,0,0,0,0
Jira:JSWCLOUD-8072,Jira,JSWCLOUD-8072,0,0,0,0
Jira:CONFSERVER-13798,Jira,CONFSERVER-13798,1,1,1,0
Jira:JSWCLOUD-8074,Jira,JSWCLOUD-8074,0,0,0,0
Jira:JSWCLOUD-8084,Jira,JSWCLOUD-8084,0,0,0,0
Jira:JSWCLOUD-8085,Jira,JSWCLOUD-8085,0,0,0,0
Jira:JSWCLOUD-8086,Jira,JSWCLOUD-8086,0,0,0,0
Jira:JSWCLOUD-8088,Jira,JSWCLOUD-8088,0,0,0,0
Jira:CWD-3215,Jira,CWD-3215,0,0,0,0
Jira:JSWSERVER-7891,Jira,JSWSERVER-7891,0,0,0,0
Jira:CRUC-6410,Jira,CRUC-6410,0,0,0,0
Jira:CRUC-6394,Jira,CRUC-6394,0,0,0,0
Jira:JSWCLOUD-8116,Jira,JSWCLOUD-8116,1,1,1,1
Jira:JSWCLOUD-8121,Jira,JSWCLOUD-8121,0,0,0,0
Jira:JSWCLOUD-8124,Jira,JSWCLOUD-8124,0,0,0,0
Jira:JSWCLOUD-8142,Jira,JSWCLOUD-8142,0,0,0,0
Jira:CWD-3234,Jira,CWD-3234,0,0,0,0
Jira:JSWCLOUD-8149,Jira,JSWCLOUD-8149,0,0,0,0
Jira:JSWCLOUD-8150,Jira,JSWCLOUD-8150,0,0,0,0
Jira:JSWCLOUD-8157,Jira,JSWCLOUD-8157,0,0,0,0
Jira:JSWCLOUD-8159,Jira,JSWCLOUD-8159,0,0,0,0
Jira:JSWCLOUD-8170,Jira,JSWCLOUD-8170,0,0,0,0
Jira:JSWSERVER-8090,Jira,JSWSERVER-8090,0,0,0,0
Jira:JSWSERVER-7983,Jira,JSWSERVER-7983,1,1,1,1
Jira:JSWSERVER-8164,Jira,JSWSERVER-8164,0,0,0,0
Jira:JSWSERVER-7163,Jira,JSWSERVER-7163,0,0,0,0
Jira:JSWSERVER-7790,Jira,JSWSERVER-7790,0,0,0,0
Jira:JSWSERVER-8137,Jira,JSWSERVER-8137,1,1,1,1
Jira:JSWSERVER-8165,Jira,JSWSERVER-8165,0,0,0,0
Jira:JSWSERVER-8099,Jira,JSWSERVER-8099,0,0,0,0
Jira:JSWCLOUD-8183,Jira,JSWCLOUD-8183,0,0,0,0
Jira:JSWCLOUD-8184,Jira,JSWCLOUD-8184,0,0,0,0
Jira:JSWCLOUD-8186,Jira,JSWCLOUD-8186,0,0,0,0
Jira:JSWCLOUD-8187,Jira,JSWCLOUD-8187,0,0,0,0
Jira:JSWCLOUD-8188,Jira,JSWCLOUD-8188,0,0,0,0
Jira:JSWCLOUD-8189,Jira,JSWCLOUD-8189,0,0,0,0
Jira:CWD-3242,Jira,CWD-3242,0,0,0,0
Jira:CWD-2953,Jira,CWD-2953,0,0,0,0
Jira:JSWSERVER-8199,Jira,JSWSERVER-8199,0,0,0,0
Jira:JSWCLOUD-8204,Jira,JSWCLOUD-8204,0,0,0,0
Jira:CLOV-1266,Jira,CLOV-1266,0,0,0,0
Jira:CLOV-1268,Jira,CLOV-1268,0,0,0,0
Jira:CWD-3232,Jira,CWD-3232,0,0,0,0
Jira:JSWCLOUD-8220,Jira,JSWCLOUD-8220,0,0,0,0
Jira:JSWCLOUD-8221,Jira,JSWCLOUD-8221,0,0,0,0
Jira:JSWCLOUD-8222,Jira,JSWCLOUD-8222,0,0,0,0
Jira:JSWCLOUD-8223,Jira,JSWCLOUD-8223,0,0,0,0
Jira:JSWCLOUD-8224,Jira,JSWCLOUD-8224,0,0,0,0
Jira:JSWSERVER-7887,Jira,JSWSERVER-7887,1,1,1,1
Jira:JSWSERVER-8321,Jira,JSWSERVER-8321,0,0,0,0
Jira:JSWSERVER-8306,Jira,JSWSERVER-8306,1,1,1,1
Jira:CWD-3233,Jira,CWD-3233,0,0,0,0
Jira:CWD-3008,Jira,CWD-3008,0,0,0,0
Jira:CWD-3105,Jira,CWD-3105,0,0,0,0
Jira:JSWCLOUD-8323,Jira,JSWCLOUD-8323,0,0,0,0
Jira:JSWSERVER-8331,Jira,JSWSERVER-8331,0,0,0,0
Jira:BSERV-2816,Jira,BSERV-2816,0,0,0,0
Jira:JSWSERVER-8308,Jira,JSWSERVER-8308,0,0,0,0
Jira:JSWCLOUD-8347,Jira,JSWCLOUD-8347,0,0,0,0
Jira:JSWCLOUD-8350,Jira,JSWCLOUD-8350,0,0,0,0
Jira:JSWCLOUD-8351,Jira,JSWCLOUD-8351,0,0,0,0
Jira:JSWSERVER-8352,Jira,JSWSERVER-8352,0,0,0,0
Jira:JSWCLOUD-8362,Jira,JSWCLOUD-8362,0,0,0,0
Jira:JSWCLOUD-8378,Jira,JSWCLOUD-8378,0,0,0,0
Jira:CWD-3252,Jira,CWD-3252,0,0,0,0
Jira:CLOV-1274,Jira,CLOV-1274,0,0,0,0
Jira:CLOV-1275,Jira,CLOV-1275,0,0,0,0
Jira:CLOV-1276,Jira,CLOV-1276,0,0,0,0
Jira:CLOV-1277,Jira,CLOV-1277,0,0,0,0
Jira:CLOV-1278,Jira,CLOV-1278,0,0,0,0
Jira:JSWSERVER-8397,Jira,JSWSERVER-8397,0,0,0,0
Jira:JSWCLOUD-8399,Jira,JSWCLOUD-8399,0,0,0,0
Jira:JSWCLOUD-8400,Jira,JSWCLOUD-8400,0,0,0,0
Jira:JSWCLOUD-8406,Jira,JSWCLOUD-8406,0,0,0,0
Jira:JSWSERVER-8409,Jira,JSWSERVER-8409,0,0,0,0
Jira:JSWSERVER-8441,Jira,JSWSERVER-8441,0,0,0,0
Jira:CWD-3259,Jira,CWD-3259,0,0,0,0
Jira:JSWSERVER-7765,Jira,JSWSERVER-7765,0,0,0,0
Jira:JSWSERVER-8455,Jira,JSWSERVER-8455,0,0,0,0
Jira:JSWSERVER-7759,Jira,JSWSERVER-7759,0,0,0,0
Jira:JSWSERVER-6786,Jira,JSWSERVER-6786,0,0,0,0
Jira:JSWSERVER-7387,Jira,JSWSERVER-7387,0,0,0,0
Jira:JSWSERVER-8353,Jira,JSWSERVER-8353,0,0,0,0
Jira:JSWSERVER-8489,Jira,JSWSERVER-8489,1,1,1,1
Jira:CWD-3135,Jira,CWD-3135,0,0,0,0
Jira:JSWSERVER-8518,Jira,JSWSERVER-8518,0,0,0,0
Jira:JSWSERVER-8491,Jira,JSWSERVER-8491,1,1,1,1
Jira:JSWSERVER-7753,Jira,JSWSERVER-7753,0,0,0,0
Jira:JSWSERVER-7367,Jira,JSWSERVER-7367,0,0,0,0
Jira:JSWSERVER-8526,Jira,JSWSERVER-8526,0,0,0,0
Jira:JSWSERVER-8192,Jira,JSWSERVER-8192,0,0,0,0
Jira:JSWSERVER-7828,Jira,JSWSERVER-7828,0,0,0,0
Jira:JSWSERVER-7873,Jira,JSWSERVER-7873,0,0,0,0
Jira:JSWSERVER-8531,Jira,JSWSERVER-8531,0,0,0,0
Jira:BSERV-3361,Jira,BSERV-3361,0,0,0,0
Jira:CWD-2948,Jira,CWD-2948,0,0,0,0
Jira:JSWCLOUD-8637,Jira,JSWCLOUD-8637,1,1,1,1
Jira:JSWCLOUD-8638,Jira,JSWCLOUD-8638,0,0,0,0
Jira:CWD-3284,Jira,CWD-3284,0,0,0,0
Jira:JSWCLOUD-8640,Jira,JSWCLOUD-8640,0,0,0,0
Jira:JSWSERVER-8471,Jira,JSWSERVER-8471,1,1,1,1
Jira:JSWSERVER-7585,Jira,JSWSERVER-7585,0,0,0,0
Jira:JSWCLOUD-8678,Jira,JSWCLOUD-8678,0,0,0,0
Jira:JSWCLOUD-8685,Jira,JSWCLOUD-8685,0,0,0,0
Jira:JSWCLOUD-8686,Jira,JSWCLOUD-8686,0,0,0,0
Jira:JSWCLOUD-8688,Jira,JSWCLOUD-8688,0,0,0,0
Jira:JSWCLOUD-8691,Jira,JSWCLOUD-8691,0,0,0,0
Jira:JSWCLOUD-8693,Jira,JSWCLOUD-8693,0,0,0,0
Jira:JSWCLOUD-8694,Jira,JSWCLOUD-8694,0,0,0,0
Jira:CWD-3290,Jira,CWD-3290,0,0,0,0
Jira:CWD-2387,Jira,CWD-2387,0,0,0,0
Jira:CWD-93,Jira,CWD-93,1,1,1,1
Jira:JSWSERVER-8725,Jira,JSWSERVER-8725,0,0,0,0
Jira:CWD-3296,Jira,CWD-3296,0,0,0,0
Jira:CWD-3300,Jira,CWD-3300,0,0,0,0
Jira:JSWSERVER-8746,Jira,JSWSERVER-8746,1,1,1,1
Jira:CLOV-1287,Jira,CLOV-1287,0,0,0,0
Jira:CLOV-1288,Jira,CLOV-1288,1,0,0,0
Jira:CLOV-1283,Jira,CLOV-1283,0,0,0,0
Jira:JSWSERVER-8662,Jira,JSWSERVER-8662,1,1,1,1
Jira:JSWSERVER-5875,Jira,JSWSERVER-5875,1,1,1,1
Jira:JSWSERVER-6539,Jira,JSWSERVER-6539,1,1,1,0
Jira:JSWSERVER-8408,Jira,JSWSERVER-8408,0,0,0,0
Jira:JSWSERVER-8665,Jira,JSWSERVER-8665,0,0,0,0
Jira:JSWSERVER-7710,Jira,JSWSERVER-7710,0,0,0,0
Jira:JSWSERVER-8737,Jira,JSWSERVER-8737,0,0,0,0
Jira:JSWSERVER-8053,Jira,JSWSERVER-8053,0,0,0,0
Jira:JSWSERVER-8666,Jira,JSWSERVER-8666,0,0,0,0
Jira:JSWSERVER-8765,Jira,JSWSERVER-8765,0,0,0,0
Jira:JSWCLOUD-8779,Jira,JSWCLOUD-8779,0,0,0,0
Jira:JSWCLOUD-8780,Jira,JSWCLOUD-8780,0,0,0,0
Jira:JSWCLOUD-8781,Jira,JSWCLOUD-8781,0,0,0,0
Jira:JSWCLOUD-8782,Jira,JSWCLOUD-8782,0,0,0,0
Jira:JSWCLOUD-8783,Jira,JSWCLOUD-8783,0,0,0,0
Jira:CWD-995,Jira,CWD-995,0,0,0,0
Jira:CWD-3225,Jira,CWD-3225,0,0,0,0
Jira:JSWSERVER-4648,Jira,JSWSERVER-4648,0,0,0,0
Jira:CWD-3308,Jira,CWD-3308,0,0,0,0
Jira:CWD-3309,Jira,CWD-3309,0,0,0,0
Jira:JSWSERVER-8716,Jira,JSWSERVER-8716,1,0,0,0
Jira:JSWCLOUD-8821,Jira,JSWCLOUD-8821,0,0,0,0
Jira:CWD-3312,Jira,CWD-3312,0,0,0,0
Jira:JSWCLOUD-8824,Jira,JSWCLOUD-8824,0,0,0,0
Jira:CWD-3314,Jira,CWD-3314,0,0,0,0
Jira:JSWCLOUD-8842,Jira,JSWCLOUD-8842,0,0,0,0
Jira:JSWCLOUD-8843,Jira,JSWCLOUD-8843,0,0,0,0
Jira:JSWSERVER-8844,Jira,JSWSERVER-8844,0,0,0,0
Jira:JSWSERVER-8857,Jira,JSWSERVER-8857,0,0,0,0
Jira:JSWCLOUD-8859,Jira,JSWCLOUD-8859,0,0,0,0
Jira:JSWSERVER-8887,Jira,JSWSERVER-8887,0,0,0,0
Jira:JSWCLOUD-8891,Jira,JSWCLOUD-8891,0,0,0,0
Jira:JSWCLOUD-8894,Jira,JSWCLOUD-8894,1,1,1,1
Jira:JSWCLOUD-8895,Jira,JSWCLOUD-8895,0,0,0,0
Jira:JSWCLOUD-8896,Jira,JSWCLOUD-8896,0,0,0,0
Jira:JSWCLOUD-8898,Jira,JSWCLOUD-8898,0,0,0,0
Jira:JSWCLOUD-8900,Jira,JSWCLOUD-8900,0,0,0,0
Jira:JSWCLOUD-8906,Jira,JSWCLOUD-8906,0,0,0,0
Jira:JSWCLOUD-8919,Jira,JSWCLOUD-8919,0,0,0,0
Jira:JSWCLOUD-8922,Jira,JSWCLOUD-8922,0,0,0,0
Jira:JSWCLOUD-8923,Jira,JSWCLOUD-8923,0,0,0,0
Jira:JSWCLOUD-8921,Jira,JSWCLOUD-8921,0,0,0,0
Jira:JSWCLOUD-8943,Jira,JSWCLOUD-8943,0,0,0,0
Jira:JSWCLOUD-8944,Jira,JSWCLOUD-8944,0,0,0,0
Jira:JSWCLOUD-8945,Jira,JSWCLOUD-8945,0,0,0,0
Jira:CLOV-1294,Jira,CLOV-1294,0,0,0,0
Jira:CONFSERVER-5337,Jira,CONFSERVER-5337,1,1,1,0
Jira:CONFSERVER-26294,Jira,CONFSERVER-26294,1,1,1,0
Jira:CONFSERVER-3840,Jira,CONFSERVER-3840,1,1,1,0
Jira:JSWSERVER-5773,Jira,JSWSERVER-5773,1,0,0,0
Jira:JSWSERVER-8974,Jira,JSWSERVER-8974,1,1,1,1
Jira:JSWSERVER-7874,Jira,JSWSERVER-7874,1,1,1,1
Jira:JSWCLOUD-8978,Jira,JSWCLOUD-8978,0,0,0,0
Jira:JSWCLOUD-8979,Jira,JSWCLOUD-8979,0,0,0,0
Jira:JSWCLOUD-8980,Jira,JSWCLOUD-8980,0,0,0,0
Jira:JSWCLOUD-8981,Jira,JSWCLOUD-8981,0,0,0,0
Jira:JSWCLOUD-8982,Jira,JSWCLOUD-8982,0,0,0,0
Jira:JSWCLOUD-8983,Jira,JSWCLOUD-8983,0,0,0,0
Jira:JSWCLOUD-8984,Jira,JSWCLOUD-8984,0,0,0,0
Jira:JSWCLOUD-8985,Jira,JSWCLOUD-8985,0,0,0,0
Jira:JSWSERVER-8986,Jira,JSWSERVER-8986,1,1,1,1
Jira:JSWCLOUD-8993,Jira,JSWCLOUD-8993,0,0,0,0
Jira:JSWCLOUD-8995,Jira,JSWCLOUD-8995,0,0,0,0
Jira:JSWCLOUD-8996,Jira,JSWCLOUD-8996,0,0,0,0
Jira:JSWCLOUD-8998,Jira,JSWCLOUD-8998,0,0,0,0
Jira:CLOV-1295,Jira,CLOV-1295,0,0,0,0
Jira:JSWCLOUD-9015,Jira,JSWCLOUD-9015,0,0,0,0
Jira:JSWCLOUD-9019,Jira,JSWCLOUD-9019,0,0,0,0
Jira:JSWSERVER-9021,Jira,JSWSERVER-9021,0,0,0,0
Jira:JSWCLOUD-9066,Jira,JSWCLOUD-9066,0,0,0,0
Jira:CONFSERVER-29517,Jira,CONFSERVER-29517,1,1,1,0
Jira:JSWCLOUD-9070,Jira,JSWCLOUD-9070,0,0,0,0
Jira:JSWCLOUD-9073,Jira,JSWCLOUD-9073,0,0,0,0
Jira:CONFSERVER-50251,Jira,CONFSERVER-50251,1,1,1,0
Jira:JSWCLOUD-9080,Jira,JSWCLOUD-9080,0,0,0,0
Jira:JSWCLOUD-9082,Jira,JSWCLOUD-9082,0,0,0,0
Jira:JSWCLOUD-9084,Jira,JSWCLOUD-9084,0,0,0,0
Jira:JSWCLOUD-9085,Jira,JSWCLOUD-9085,0,0,0,0
Jira:JSWCLOUD-9087,Jira,JSWCLOUD-9087,0,0,0,0
Jira:JSWCLOUD-9101,Jira,JSWCLOUD-9101,0,0,0,0
Jira:JSWCLOUD-9110,Jira,JSWCLOUD-9110,0,0,0,0
Jira:JSWCLOUD-9157,Jira,JSWCLOUD-9157,0,0,0,0
Jira:BSERV-3539,Jira,BSERV-3539,0,0,0,0
Jira:JSWSERVER-9162,Jira,JSWSERVER-9162,0,0,0,0
Jira:JSWSERVER-9127,Jira,JSWSERVER-9127,0,0,0,0
Jira:JSWSERVER-9155,Jira,JSWSERVER-9155,0,0,0,0
Jira:JSWCLOUD-9202,Jira,JSWCLOUD-9202,0,0,0,0
Jira:JSWCLOUD-9207,Jira,JSWCLOUD-9207,0,0,0,0
Jira:JSWCLOUD-9208,Jira,JSWCLOUD-9208,0,0,0,0
Jira:JSWCLOUD-9209,Jira,JSWCLOUD-9209,0,0,0,0
Jira:JSWCLOUD-9210,Jira,JSWCLOUD-9210,0,0,0,0
Jira:JSWCLOUD-9211,Jira,JSWCLOUD-9211,0,0,0,0
Jira:JSWCLOUD-9212,Jira,JSWCLOUD-9212,0,0,0,0
Jira:JSWCLOUD-9213,Jira,JSWCLOUD-9213,0,0,0,0
Jira:JSWCLOUD-9214,Jira,JSWCLOUD-9214,0,0,0,0
Jira:CWD-3360,Jira,CWD-3360,0,0,0,0
Jira:JSWSERVER-5289,Jira,JSWSERVER-5289,0,0,0,0
Jira:JSWCLOUD-9223,Jira,JSWCLOUD-9223,0,0,0,0
Jira:JSWCLOUD-9224,Jira,JSWCLOUD-9224,0,0,0,0
Jira:JSWCLOUD-9225,Jira,JSWCLOUD-9225,0,0,0,0
Jira:JSWCLOUD-9226,Jira,JSWCLOUD-9226,0,0,0,0
Jira:JSWCLOUD-9227,Jira,JSWCLOUD-9227,0,0,0,0
Jira:JSWCLOUD-9228,Jira,JSWCLOUD-9228,0,0,0,0
Jira:JSWCLOUD-9233,Jira,JSWCLOUD-9233,0,0,0,0
Jira:CLOV-1299,Jira,CLOV-1299,0,0,0,0
Jira:JSWCLOUD-9247,Jira,JSWCLOUD-9247,0,0,0,0
Jira:JSWCLOUD-9248,Jira,JSWCLOUD-9248,0,0,0,0
Jira:JSWCLOUD-9270,Jira,JSWCLOUD-9270,0,0,0,0
Jira:CWD-3361,Jira,CWD-3361,0,0,0,0
Jira:JSWCLOUD-9284,Jira,JSWCLOUD-9284,0,0,0,0
Jira:JSWCLOUD-9286,Jira,JSWCLOUD-9286,0,0,0,0
Jira:JSWCLOUD-9287,Jira,JSWCLOUD-9287,0,0,0,0
Jira:JSWSERVER-9138,Jira,JSWSERVER-9138,1,1,1,0
Jira:JSWCLOUD-9294,Jira,JSWCLOUD-9294,0,0,0,0
Jira:JSWCLOUD-9295,Jira,JSWCLOUD-9295,0,0,0,0
Jira:CONFSERVER-29409,Jira,CONFSERVER-29409,1,1,1,0
Jira:JSWCLOUD-9297,Jira,JSWCLOUD-9297,0,0,0,0
Jira:JSWCLOUD-9298,Jira,JSWCLOUD-9298,0,0,0,0
Jira:JSWCLOUD-9299,Jira,JSWCLOUD-9299,0,0,0,0
Jira:JSWCLOUD-9301,Jira,JSWCLOUD-9301,0,0,0,0
Jira:JSWCLOUD-9307,Jira,JSWCLOUD-9307,0,0,0,0
Jira:JSWCLOUD-9320,Jira,JSWCLOUD-9320,0,0,0,0
Jira:JSWCLOUD-9322,Jira,JSWCLOUD-9322,0,0,0,0
Jira:JSWSERVER-8469,Jira,JSWSERVER-8469,1,1,1,1
Jira:JSWSERVER-8667,Jira,JSWSERVER-8667,1,1,1,1
Jira:JSWSERVER-8942,Jira,JSWSERVER-8942,1,1,1,1
Jira:JSWSERVER-9349,Jira,JSWSERVER-9349,1,1,1,1
Jira:JSWSERVER-9326,Jira,JSWSERVER-9326,0,0,0,0
Jira:JSWCLOUD-9350,Jira,JSWCLOUD-9350,0,0,0,0
Jira:JSWCLOUD-9351,Jira,JSWCLOUD-9351,0,0,0,0
Jira:JSWCLOUD-9352,Jira,JSWCLOUD-9352,0,0,0,0
Jira:CONFSERVER-50102,Jira,CONFSERVER-50102,0,0,0,0
Jira:JSWCLOUD-9366,Jira,JSWCLOUD-9366,0,0,0,0
Jira:JSWCLOUD-9367,Jira,JSWCLOUD-9367,0,0,0,0
Jira:JSWCLOUD-9381,Jira,JSWCLOUD-9381,0,0,0,0
Jira:JSWCLOUD-9382,Jira,JSWCLOUD-9382,0,0,0,0
Jira:JSWCLOUD-9383,Jira,JSWCLOUD-9383,0,0,0,0
Jira:JSWCLOUD-9384,Jira,JSWCLOUD-9384,0,0,0,0
Jira:JSWCLOUD-9385,Jira,JSWCLOUD-9385,0,0,0,0
Jira:JSWCLOUD-9386,Jira,JSWCLOUD-9386,0,0,0,0
Jira:JSWCLOUD-9387,Jira,JSWCLOUD-9387,0,0,0,0
Jira:JSWCLOUD-9388,Jira,JSWCLOUD-9388,0,0,0,0
Jira:JSWCLOUD-9389,Jira,JSWCLOUD-9389,0,0,0,0
Jira:JSWCLOUD-9390,Jira,JSWCLOUD-9390,0,0,0,0
Jira:JSWCLOUD-9392,Jira,JSWCLOUD-9392,0,0,0,0
Jira:JSWCLOUD-9398,Jira,JSWCLOUD-9398,0,0,0,0
Jira:JSWCLOUD-9399,Jira,JSWCLOUD-9399,0,0,0,0
Jira:JSWCLOUD-9417,Jira,JSWCLOUD-9417,1,0,0,0
Jira:CWD-2403,Jira,CWD-2403,0,0,0,0
Jira:CWD-3386,Jira,CWD-3386,0,0,0,0
Jira:CWD-3408,Jira,CWD-3408,1,1,0,0
Jira:JSWSERVER-9427,Jira,JSWSERVER-9427,0,0,0,0
Jira:JSWCLOUD-9429,Jira,JSWCLOUD-9429,0,0,0,0
Jira:JSWCLOUD-9430,Jira,JSWCLOUD-9430,0,0,0,0
Jira:JSWCLOUD-9439,Jira,JSWCLOUD-9439,0,0,0,0
Jira:JSWCLOUD-9440,Jira,JSWCLOUD-9440,0,0,0,0
Jira:FE-3840,Jira,FE-3840,0,0,0,0
Jira:JSWCLOUD-9463,Jira,JSWCLOUD-9463,0,0,0,0
Jira:JSWCLOUD-9471,Jira,JSWCLOUD-9471,0,0,0,0
Jira:JSWCLOUD-9474,Jira,JSWCLOUD-9474,0,0,0,0
Jira:JSWCLOUD-9480,Jira,JSWCLOUD-9480,0,0,0,0
Jira:CWD-3089,Jira,CWD-3089,1,0,0,0
Jira:JSWSERVER-9129,Jira,JSWSERVER-9129,0,0,0,0
Jira:JSWSERVER-9132,Jira,JSWSERVER-9132,0,0,0,0
Jira:JSWSERVER-9517,Jira,JSWSERVER-9517,0,0,0,0
Jira:JSWSERVER-9401,Jira,JSWSERVER-9401,0,0,0,0
Jira:JSWSERVER-9519,Jira,JSWSERVER-9519,0,0,0,0
Jira:JSWSERVER-9529,Jira,JSWSERVER-9529,1,1,1,1
Jira:JSWSERVER-9531,Jira,JSWSERVER-9531,0,0,0,0
Jira:JSWSERVER-9532,Jira,JSWSERVER-9532,0,0,0,0
Jira:JSWSERVER-9252,Jira,JSWSERVER-9252,0,0,0,0
Jira:JSWSERVER-9488,Jira,JSWSERVER-9488,0,0,0,0
Jira:CLOV-1333,Jira,CLOV-1333,0,0,0,0
Jira:CLOV-1335,Jira,CLOV-1335,0,0,0,0
Jira:CLOV-1337,Jira,CLOV-1337,0,0,0,0
Jira:BAM-10947,Jira,BAM-10947,0,0,0,0
Jira:BAM-11894,Jira,BAM-11894,0,0,0,0
Jira:BAM-12872,Jira,BAM-12872,0,0,0,0
Jira:BAM-13505,Jira,BAM-13505,1,0,0,0
Jira:CRUC-6530,Jira,CRUC-6530,0,0,0,0
Jira:CONFSERVER-50114,Jira,CONFSERVER-50114,1,1,1,0
Jira:JSWCLOUD-9586,Jira,JSWCLOUD-9586,0,0,0,0
Jira:BAM-13527,Jira,BAM-13527,0,0,0,0
Jira:JSWCLOUD-9594,Jira,JSWCLOUD-9594,0,0,0,0
Jira:JSWCLOUD-9595,Jira,JSWCLOUD-9595,0,0,0,0
Jira:CWD-3477,Jira,CWD-3477,0,0,0,0
Jira:JSWCLOUD-9601,Jira,JSWCLOUD-9601,0,0,0,0
Jira:JSWCLOUD-9605,Jira,JSWCLOUD-9605,0,0,0,0
Jira:JSWCLOUD-9606,Jira,JSWCLOUD-9606,0,0,0,0
Jira:BAM-13512,Jira,BAM-13512,0,0,0,0
Jira:BAM-5379,Jira,BAM-5379,0,0,0,0
Jira:BSERV-3696,Jira,BSERV-3696,0,0,0,0
Jira:CWD-3345,Jira,CWD-3345,0,0,0,0
Jira:BSERV-3632,Jira,BSERV-3632,0,0,0,0
Jira:CWD-3487,Jira,CWD-3487,0,0,0,0
Jira:CWD-3488,Jira,CWD-3488,0,0,0,0
Jira:BSERV-2471,Jira,BSERV-2471,0,0,0,0
Jira:BSERV-3733,Jira,BSERV-3733,0,0,0,0
Jira:BSERV-3726,Jira,BSERV-3726,0,0,0,0
Jira:CWD-3496,Jira,CWD-3496,0,0,0,0
Jira:CONFSERVER-50293,Jira,CONFSERVER-50293,1,1,1,0
Jira:CONFSERVER-21850,Jira,CONFSERVER-21850,1,1,1,0
Jira:CWD-3388,Jira,CWD-3388,0,0,0,0
Jira:CONFSERVER-50400,Jira,CONFSERVER-50400,1,1,1,1
Jira:CONFSERVER-50131,Jira,CONFSERVER-50131,1,1,1,0
Jira:CONFSERVER-50081,Jira,CONFSERVER-50081,1,1,1,0
Jira:CWD-3522,Jira,CWD-3522,0,0,0,0
Jira:CLOV-1139,Jira,CLOV-1139,0,0,0,0
Jira:CLOV-1336,Jira,CLOV-1336,0,0,0,0
Jira:CWD-2839,Jira,CWD-2839,0,0,0,0
Jira:CWD-3368,Jira,CWD-3368,0,0,0,0
Jira:CWD-3376,Jira,CWD-3376,0,0,0,0
Jira:CWD-3384,Jira,CWD-3384,1,1,1,0
Jira:BSERV-3122,Jira,BSERV-3122,0,0,0,0
Jira:BSERV-3469,Jira,BSERV-3469,0,0,0,0
Jira:CWD-3529,Jira,CWD-3529,0,0,0,0
Jira:CWD-3547,Jira,CWD-3547,0,0,0,0
Jira:CWD-3278,Jira,CWD-3278,0,0,0,0
Jira:CWD-3358,Jira,CWD-3358,0,0,0,0
Jira:CWD-3543,Jira,CWD-3543,0,0,0,0
Jira:BAM-12106,Jira,BAM-12106,0,0,0,0
Jira:CONFSERVER-50310,Jira,CONFSERVER-50310,1,1,1,0
Jira:CLOV-1344,Jira,CLOV-1344,0,0,0,0
Jira:CLOV-1348,Jira,CLOV-1348,1,1,1,0
Jira:CLOV-1350,Jira,CLOV-1350,0,0,0,0
Jira:CLOV-1352,Jira,CLOV-1352,0,0,0,0
Jira:CLOV-1353,Jira,CLOV-1353,0,0,0,0
Jira:CLOV-1354,Jira,CLOV-1354,0,0,0,0
Jira:CLOV-1355,Jira,CLOV-1355,0,0,0,0
Jira:CLOV-1356,Jira,CLOV-1356,0,0,0,0
Jira:CWD-3574,Jira,CWD-3574,0,0,0,0
Jira:CONFSERVER-29057,Jira,CONFSERVER-29057,1,1,1,0
Jira:CWD-3585,Jira,CWD-3585,0,0,0,0
Jira:CONFSERVER-50326,Jira,CONFSERVER-50326,0,0,0,0
Jira:CWD-1747,Jira,CWD-1747,0,0,0,0
Jira:CWD-3595,Jira,CWD-3595,0,0,0,0
Jira:CONFSERVER-29520,Jira,CONFSERVER-29520,1,1,1,0
Jira:FE-3461,Jira,FE-3461,0,0,0,0
Jira:CONFSERVER-30428,Jira,CONFSERVER-30428,1,1,1,0
Jira:CWD-3620,Jira,CWD-3620,0,0,0,0
Jira:BAM-13724,Jira,BAM-13724,0,0,0,0
Jira:BAM-13757,Jira,BAM-13757,0,0,0,0
Jira:BAM-13737,Jira,BAM-13737,1,1,0,0
Jira:BAM-10517,Jira,BAM-10517,0,0,0,0
Jira:BAM-12049,Jira,BAM-12049,0,0,0,0
Jira:BAM-12787,Jira,BAM-12787,0,0,0,0
Jira:CWD-3629,Jira,CWD-3629,0,0,0,0
Jira:CONFSERVER-50377,Jira,CONFSERVER-50377,1,1,1,0
Jira:CWD-3645,Jira,CWD-3645,0,0,0,0
Jira:BAM-13795,Jira,BAM-13795,0,0,0,0
Jira:CONFSERVER-51712,Jira,CONFSERVER-51712,1,1,1,1
Jira:BAM-13811,Jira,BAM-13811,0,0,0,0
Jira:CWD-3563,Jira,CWD-3563,0,0,0,0
Jira:CONFSERVER-30077,Jira,CONFSERVER-30077,1,1,1,1
Jira:CONFSERVER-30116,Jira,CONFSERVER-30116,1,1,1,0
Jira:CONFSERVER-50132,Jira,CONFSERVER-50132,1,1,1,0
Jira:CONFSERVER-50265,Jira,CONFSERVER-50265,1,1,1,0
Jira:CONFSERVER-50246,Jira,CONFSERVER-50246,1,1,1,0
Jira:CONFSERVER-50247,Jira,CONFSERVER-50247,1,1,1,0
Jira:CONFSERVER-51416,Jira,CONFSERVER-51416,1,1,1,0
Jira:CONFSERVER-51202,Jira,CONFSERVER-51202,1,1,1,0
Jira:CONFSERVER-51186,Jira,CONFSERVER-51186,1,1,1,0
Jira:BAM-13839,Jira,BAM-13839,0,0,0,0
Jira:BSERV-3928,Jira,BSERV-3928,0,0,0,0
Jira:CONFSERVER-24786,Jira,CONFSERVER-24786,1,1,1,0
Jira:CONFSERVER-50255,Jira,CONFSERVER-50255,1,1,1,0
Jira:CRUC-6609,Jira,CRUC-6609,0,0,0,0
Jira:CWD-3680,Jira,CWD-3680,0,0,0,0
Jira:BSERV-3972,Jira,BSERV-3972,0,0,0,0
Jira:CONFSERVER-30934,Jira,CONFSERVER-30934,1,1,1,0
Jira:CONFSERVER-31081,Jira,CONFSERVER-31081,1,1,1,0
Jira:BAM-13877,Jira,BAM-13877,0,0,0,0
Jira:BSERV-3979,Jira,BSERV-3979,0,0,0,0
Jira:BAM-13888,Jira,BAM-13888,0,0,0,0
Jira:CLOV-1100,Jira,CLOV-1100,1,1,0,0
Jira:BAM-11680,Jira,BAM-11680,0,0,0,0
Jira:JSWSERVER-9959,Jira,JSWSERVER-9959,0,0,0,0
Jira:CONFSERVER-51047,Jira,CONFSERVER-51047,1,1,1,0
Jira:CONFSERVER-50240,Jira,CONFSERVER-50240,1,1,1,0
Jira:CONFSERVER-50297,Jira,CONFSERVER-50297,0,0,0,0
Jira:CONFSERVER-51714,Jira,CONFSERVER-51714,1,1,1,0
Jira:BAM-13927,Jira,BAM-13927,0,0,0,0
Jira:CONFSERVER-31371,Jira,CONFSERVER-31371,1,1,1,0
Jira:BAM-11407,Jira,BAM-11407,0,0,0,0
Jira:BAM-6769,Jira,BAM-6769,1,1,1,1
Jira:BAM-13945,Jira,BAM-13945,0,0,0,0
Jira:CONFSERVER-50097,Jira,CONFSERVER-50097,1,1,1,0
Jira:CONFSERVER-50210,Jira,CONFSERVER-50210,1,1,1,0
Jira:CONFSERVER-31078,Jira,CONFSERVER-31078,1,1,1,0
Jira:CLOV-1382,Jira,CLOV-1382,0,0,0,0
Jira:CONFSERVER-51754,Jira,CONFSERVER-51754,1,1,1,0
Jira:CONFSERVER-31534,Jira,CONFSERVER-31534,1,1,1,0
Jira:BAM-13998,Jira,BAM-13998,0,0,0,0
Jira:BAM-14007,Jira,BAM-14007,0,0,0,0
Jira:BSERV-3423,Jira,BSERV-3423,0,0,0,0
Jira:BSERV-3836,Jira,BSERV-3836,0,0,0,0
Jira:BSERV-4024,Jira,BSERV-4024,0,0,0,0
Jira:BSERV-2697,Jira,BSERV-2697,0,0,0,0
Jira:BSERV-4087,Jira,BSERV-4087,0,0,0,0
Jira:BSERV-4092,Jira,BSERV-4092,0,0,0,0
Jira:BSERV-3732,Jira,BSERV-3732,0,0,0,0
Jira:BSERV-4029,Jira,BSERV-4029,1,0,0,0
Jira:BAM-14052,Jira,BAM-14052,0,0,0,0
Jira:BAM-14053,Jira,BAM-14053,0,0,0,0
Jira:BAM-14048,Jira,BAM-14048,0,0,0,0
Jira:BSERV-4156,Jira,BSERV-4156,0,0,0,0
Jira:BSERV-4085,Jira,BSERV-4085,0,0,0,0
Jira:CONFSERVER-30114,Jira,CONFSERVER-30114,1,1,1,0
Jira:CONFSERVER-51736,Jira,CONFSERVER-51736,1,1,1,0
Jira:CONFSERVER-50311,Jira,CONFSERVER-50311,1,1,1,0
Jira:CONFSERVER-31994,Jira,CONFSERVER-31994,1,1,1,0
Jira:FE-4998,Jira,FE-4998,0,0,0,0
Jira:CONFSERVER-27259,Jira,CONFSERVER-27259,1,1,1,0
Jira:BAM-14163,Jira,BAM-14163,0,0,0,0
Jira:BAM-14164,Jira,BAM-14164,0,0,0,0
Jira:BSERV-4158,Jira,BSERV-4158,0,0,0,0
Jira:BSERV-2823,Jira,BSERV-2823,1,1,1,1
Jira:BSERV-2981,Jira,BSERV-2981,0,0,0,0
Jira:CONFSERVER-31181,Jira,CONFSERVER-31181,1,1,1,0
Jira:BAM-14174,Jira,BAM-14174,0,0,0,0
Jira:BAM-14199,Jira,BAM-14199,0,0,0,0
Jira:CLOV-1409,Jira,CLOV-1409,0,0,0,0
Jira:CLOV-1410,Jira,CLOV-1410,0,0,0,0
Jira:CLOV-1412,Jira,CLOV-1412,1,1,0,0
Jira:CRUC-6685,Jira,CRUC-6685,0,0,0,0
Jira:FE-5015,Jira,FE-5015,0,0,0,0
Jira:CLOV-1419,Jira,CLOV-1419,0,0,0,0
Jira:CLOV-1420,Jira,CLOV-1420,0,0,0,0
Jira:CLOV-1423,Jira,CLOV-1423,0,0,0,0
Jira:CLOV-1424,Jira,CLOV-1424,0,0,0,0
Jira:CLOV-1425,Jira,CLOV-1425,0,0,0,0
Jira:CLOV-1426,Jira,CLOV-1426,0,0,0,0
Jira:CLOV-1427,Jira,CLOV-1427,0,0,0,0
Jira:CLOV-1428,Jira,CLOV-1428,0,0,0,0
Jira:CLOV-1429,Jira,CLOV-1429,0,0,0,0
Jira:CLOV-1408,Jira,CLOV-1408,0,0,0,0
Jira:CONFSERVER-58451,Jira,CONFSERVER-58451,1,1,0,0
Jira:BSERV-3160,Jira,BSERV-3160,0,0,0,0
Jira:CONFSERVER-51291,Jira,CONFSERVER-51291,1,1,1,0
Jira:CONFSERVER-22575,Jira,CONFSERVER-22575,1,1,1,0
Jira:BSERV-4233,Jira,BSERV-4233,0,0,0,0
Jira:CONFSERVER-50340,Jira,CONFSERVER-50340,1,1,1,0
Jira:CONFSERVER-51762,Jira,CONFSERVER-51762,0,0,0,0
Jira:BSERV-3164,Jira,BSERV-3164,1,1,1,0
Jira:BSERV-3395,Jira,BSERV-3395,0,0,0,0
Jira:CONFSERVER-26031,Jira,CONFSERVER-26031,1,1,1,0
Jira:CONFSERVER-7612,Jira,CONFSERVER-7612,1,1,1,0
Jira:BAM-13971,Jira,BAM-13971,0,0,0,0
Jira:CLOV-1238,Jira,CLOV-1238,1,1,1,1
Jira:CLOV-1448,Jira,CLOV-1448,0,0,0,0
Jira:CLOV-1449,Jira,CLOV-1449,0,0,0,0
Jira:CONFSERVER-50951,Jira,CONFSERVER-50951,1,1,1,0
Jira:JSWSERVER-9053,Jira,JSWSERVER-9053,0,0,0,0
Jira:CONFSERVER-50258,Jira,CONFSERVER-50258,1,1,1,0
Jira:CONFSERVER-27782,Jira,CONFSERVER-27782,1,1,1,0
Jira:CONFSERVER-50162,Jira,CONFSERVER-50162,1,1,1,0
Jira:BSERV-2924,Jira,BSERV-2924,0,0,0,0
Jira:CONFSERVER-50221,Jira,CONFSERVER-50221,1,1,1,0
Jira:CONFSERVER-50208,Jira,CONFSERVER-50208,1,1,1,0
Jira:CONFSERVER-51395,Jira,CONFSERVER-51395,1,0,0,0
Jira:FE-5129,Jira,FE-5129,0,0,0,0
Jira:BSERV-4567,Jira,BSERV-4567,0,0,0,0
Jira:BSERV-3101,Jira,BSERV-3101,0,0,0,0
Jira:CONFSERVER-50363,Jira,CONFSERVER-50363,1,1,1,0
Jira:BAM-699,Jira,BAM-699,0,0,0,0
Jira:BAM-11151,Jira,BAM-11151,0,0,0,0
Jira:BAM-13404,Jira,BAM-13404,0,0,0,0
Jira:BAM-13208,Jira,BAM-13208,1,1,1,1
Jira:BAM-13786,Jira,BAM-13786,0,0,0,0
Jira:CONFSERVER-50142,Jira,CONFSERVER-50142,1,1,1,0
Jira:BSERV-4572,Jira,BSERV-4572,0,0,0,0
Jira:BSERV-4322,Jira,BSERV-4322,0,0,0,0
Jira:CLOV-1369,Jira,CLOV-1369,0,0,0,0
Jira:CLOV-1467,Jira,CLOV-1467,1,1,1,1
Jira:CLOV-1486,Jira,CLOV-1486,0,0,0,0
Jira:CONFSERVER-50981,Jira,CONFSERVER-50981,1,1,1,0
Jira:CONFSERVER-50206,Jira,CONFSERVER-50206,1,1,1,0
Jira:FE-5117,Jira,FE-5117,0,0,0,0
Jira:CONFSERVER-51716,Jira,CONFSERVER-51716,1,1,1,0
Jira:CLOV-1496,Jira,CLOV-1496,1,1,1,1
Jira:CONFSERVER-51698,Jira,CONFSERVER-51698,1,1,1,0
Jira:CONFSERVER-48307,Jira,CONFSERVER-48307,1,1,1,0
Jira:CONFSERVER-58469,Jira,CONFSERVER-58469,0,0,0,0
Jira:CONFSERVER-50163,Jira,CONFSERVER-50163,1,1,1,0
Jira:FE-5161,Jira,FE-5161,0,0,0,0
MariaDB:MDEV-6145,MariaDB,MDEV-6145,0,0,0,0
MariaDB:MDEV-6271,MariaDB,MDEV-6271,0,0,0,0
Jira:CLOV-1498,Jira,CLOV-1498,0,0,0,0
Jira:JSWSERVER-10790,Jira,JSWSERVER-10790,1,1,1,1
Jira:BSERV-4515,Jira,BSERV-4515,0,0,0,0
Jira:BSERV-4636,Jira,BSERV-4636,0,0,0,0
Jira:BSERV-4849,Jira,BSERV-4849,0,0,0,0
Jira:CONFSERVER-33903,Jira,CONFSERVER-33903,1,1,1,1
Jira:CONFSERVER-58467,Jira,CONFSERVER-58467,1,1,1,1
Jira:CONFSERVER-49119,Jira,CONFSERVER-49119,1,1,1,0
Jira:CONFSERVER-49257,Jira,CONFSERVER-49257,1,1,1,0
Jira:FE-5128,Jira,FE-5128,0,0,0,0
Jira:CONFSERVER-49165,Jira,CONFSERVER-49165,1,1,1,0
Jira:BSERV-4865,Jira,BSERV-4865,1,1,0,0
Jira:CLOV-1510,Jira,CLOV-1510,0,0,0,0
Jira:CLOV-1511,Jira,CLOV-1511,0,0,0,0
Jira:CONFSERVER-50379,Jira,CONFSERVER-50379,1,1,1,0
Jira:BSERV-4896,Jira,BSERV-4896,0,0,0,0
Jira:CONFSERVER-51725,Jira,CONFSERVER-51725,1,1,1,0
Jira:BAM-14777,Jira,BAM-14777,0,0,0,0
Jira:CONFSERVER-34406,Jira,CONFSERVER-34406,1,1,1,1
Jira:CONFSERVER-49163,Jira,CONFSERVER-49163,1,1,1,0
Jira:BAM-14734,Jira,BAM-14734,0,0,0,0
Jira:CLOV-1541,Jira,CLOV-1541,0,0,0,0
Jira:CLOV-1544,Jira,CLOV-1544,0,0,0,0
Jira:CONFSERVER-49306,Jira,CONFSERVER-49306,1,1,1,0
Jira:FE-5148,Jira,FE-5148,0,0,0,0
Jira:CONFSERVER-51409,Jira,CONFSERVER-51409,1,1,1,0
Jira:CONFSERVER-34735,Jira,CONFSERVER-34735,1,1,1,0
Jira:CWD-2923,Jira,CWD-2923,0,0,0,0
Jira:CONFSERVER-51232,Jira,CONFSERVER-51232,1,1,1,0
Jira:BSERV-5295,Jira,BSERV-5295,0,0,0,0
Jira:CONFSERVER-15729,Jira,CONFSERVER-15729,1,1,1,0
Jira:CLOV-1557,Jira,CLOV-1557,0,0,0,0
Jira:CONFSERVER-49349,Jira,CONFSERVER-49349,1,1,1,1
Jira:CONFSERVER-50118,Jira,CONFSERVER-50118,1,1,1,0
Jira:BSERV-5459,Jira,BSERV-5459,1,1,1,1
Jira:CLOV-1534,Jira,CLOV-1534,1,1,0,0
Jira:CONFSERVER-30110,Jira,CONFSERVER-30110,1,1,1,0
Jira:BSERV-5458,Jira,BSERV-5458,0,0,0,0
Jira:CONFSERVER-49142,Jira,CONFSERVER-49142,1,1,1,0
Jira:CLOV-1582,Jira,CLOV-1582,0,0,0,0
Jira:CONFCLOUD-61296,Jira,CONFCLOUD-61296,0,0,0,0
Jira:CONFCLOUD-61297,Jira,CONFCLOUD-61297,0,0,0,0
Jira:FE-5429,Jira,FE-5429,0,0,0,0
Jira:CONFSERVER-35206,Jira,CONFSERVER-35206,1,1,1,0
Jira:CONFSERVER-35161,Jira,CONFSERVER-35161,1,1,1,0
Jira:CLOV-1585,Jira,CLOV-1585,0,0,0,0
Jira:CLOV-1586,Jira,CLOV-1586,0,0,0,0
Jira:CLOV-1587,Jira,CLOV-1587,0,0,0,0
Jira:BSERV-3584,Jira,BSERV-3584,0,0,0,0
Jira:CONFSERVER-58468,Jira,CONFSERVER-58468,0,0,0,0
Jira:CONFSERVER-49309,Jira,CONFSERVER-49309,1,1,1,0
Jira:CRUC-7101,Jira,CRUC-7101,0,0,0,0
Jira:CONFSERVER-49333,Jira,CONFSERVER-49333,1,1,1,0
Jira:CONFSERVER-35696,Jira,CONFSERVER-35696,1,1,1,0
Jira:CONFSERVER-49090,Jira,CONFSERVER-49090,1,1,1,0
Jira:FE-5373,Jira,FE-5373,0,0,0,0
Jira:FE-5292,Jira,FE-5292,0,0,0,0
Jira:JRASERVER-40965,Jira,JRASERVER-40965,1,1,1,0
Jira:BSERV-3515,Jira,BSERV-3515,0,0,0,0
Jira:BSERV-3536,Jira,BSERV-3536,0,0,0,0
Jira:CONFSERVER-36292,Jira,CONFSERVER-36292,1,1,1,0
Jira:BSERV-6915,Jira,BSERV-6915,0,0,0,0
Jira:BSERV-4269,Jira,BSERV-4269,0,0,0,0
Jira:BSERV-4270,Jira,BSERV-4270,0,0,0,0
Jira:CONFSERVER-51164,Jira,CONFSERVER-51164,0,0,0,0
Jira:CONFSERVER-50101,Jira,CONFSERVER-50101,1,1,1,0
Jira:CONFSERVER-49307,Jira,CONFSERVER-49307,1,1,1,0
Jira:CONFSERVER-19116,Jira,CONFSERVER-19116,1,1,1,0
Jira:CONFSERVER-29910,Jira,CONFSERVER-29910,1,1,1,0
Jira:BSERV-2826,Jira,BSERV-2826,0,0,0,0
Jira:CLOV-1632,Jira,CLOV-1632,1,1,1,1
Jira:CONFSERVER-49196,Jira,CONFSERVER-49196,1,1,1,0
Jira:CLOV-1644,Jira,CLOV-1644,0,0,0,0
Jira:CONFSERVER-36424,Jira,CONFSERVER-36424,1,1,1,0
Jira:BSERV-2840,Jira,BSERV-2840,0,0,0,0
Jira:BSERV-5488,Jira,BSERV-5488,0,0,0,0
Jira:CONFSERVER-34349,Jira,CONFSERVER-34349,1,1,1,0
Jira:CONFSERVER-6821,Jira,CONFSERVER-6821,1,1,1,0
Jira:CONFSERVER-36750,Jira,CONFSERVER-36750,1,1,1,0
Jira:CONFSERVER-51052,Jira,CONFSERVER-51052,1,1,1,0
Jira:BSERV-7132,Jira,BSERV-7132,0,0,0,0
Jira:CLOV-1675,Jira,CLOV-1675,0,0,0,0
MariaDB:MXS-143,MariaDB,MXS-143,0,0,0,0
MariaDB:MXS-151,MariaDB,MXS-151,0,0,0,0
MariaDB:MXS-152,MariaDB,MXS-152,0,0,0,0
MariaDB:MXS-153,MariaDB,MXS-153,0,0,0,0
Jira:CLOV-1672,Jira,CLOV-1672,0,0,0,0
Jira:JRACLOUD-43498,Jira,JRACLOUD-43498,0,0,0,0
Jira:JRACLOUD-43499,Jira,JRACLOUD-43499,0,0,0,0
MariaDB:MXS-168,MariaDB,MXS-168,0,0,0,0
Jira:CONFSERVER-51175,Jira,CONFSERVER-51175,1,1,1,0
Jira:CONFSERVER-36845,Jira,CONFSERVER-36845,1,1,1,1
MariaDB:MDEV-427,MariaDB,MDEV-427,0,0,0,0
MariaDB:MDEV-7937,MariaDB,MDEV-7937,0,0,0,0
MariaDB:MDEV-8259,MariaDB,MDEV-8259,0,0,0,0
MariaDB:MDEV-4608,MariaDB,MDEV-4608,0,0,0,0
MariaDB:MDEV-5536,MariaDB,MDEV-5536,0,0,0,0
MariaDB:MDEV-5713,MariaDB,MDEV-5713,0,0,0,0
MariaDB:MDEV-8183,MariaDB,MDEV-8183,0,0,0,0
MariaDB:MDEV-7384,MariaDB,MDEV-7384,0,0,0,0
MariaDB:MDEV-8290,MariaDB,MDEV-8290,1,1,1,1
Jira:CONFSERVER-49079,Jira,CONFSERVER-49079,1,1,1,0
MariaDB:MXS-194,MariaDB,MXS-194,1,0,0,0
MariaDB:MXS-208,MariaDB,MXS-208,0,0,0,0
MariaDB:MDEV-8199,MariaDB,MDEV-8199,0,0,0,0
MariaDB:MDEV-6756,MariaDB,MDEV-6756,0,0,0,0
MariaDB:MDEV-7901,MariaDB,MDEV-7901,0,0,0,0
MariaDB:MDEV-6066,MariaDB,MDEV-6066,0,0,0,0
MariaDB:MDEV-6877,MariaDB,MDEV-6877,0,0,0,0
MariaDB:MDEV-7832,MariaDB,MDEV-7832,0,0,0,0
MariaDB:MDEV-8214,MariaDB,MDEV-8214,0,0,0,0
MariaDB:MDEV-8264,MariaDB,MDEV-8264,0,0,0,0
MariaDB:MDEV-6792,MariaDB,MDEV-6792,0,0,0,0
MariaDB:MDEV-6829,MariaDB,MDEV-6829,0,0,0,0
MariaDB:MDEV-7472,MariaDB,MDEV-7472,0,0,0,0
Jira:CLOV-1757,Jira,CLOV-1757,0,0,0,0
MariaDB:MDEV-8387,MariaDB,MDEV-8387,0,0,0,0
Jira:CONFSERVER-10572,Jira,CONFSERVER-10572,1,1,1,0
MariaDB:MXS-240,MariaDB,MXS-240,0,0,0,0
Jira:CRUC-7037,Jira,CRUC-7037,0,0,0,0
Jira:FE-5684,Jira,FE-5684,0,0,0,0
Jira:CLOV-1761,Jira,CLOV-1761,0,0,0,0
Jira:CRUC-7297,Jira,CRUC-7297,1,1,1,1
MariaDB:MDEV-3929,MariaDB,MDEV-3929,0,0,0,0
MariaDB:MDEV-6150,MariaDB,MDEV-6150,0,0,0,0
Jira:CLOV-1771,Jira,CLOV-1771,0,0,0,0
MariaDB:MDEV-8352,MariaDB,MDEV-8352,0,0,0,0
Jira:CRUC-1925,Jira,CRUC-1925,0,0,0,0
MariaDB:MDEV-6697,MariaDB,MDEV-6697,0,0,0,0
MariaDB:MDEV-8559,MariaDB,MDEV-8559,1,1,1,0
MariaDB:MDEV-8560,MariaDB,MDEV-8560,1,1,1,1
MariaDB:MXS-295,MariaDB,MXS-295,0,0,0,0
Jira:CRUC-6942,Jira,CRUC-6942,0,0,0,0
Jira:BSERV-7310,Jira,BSERV-7310,0,0,0,0
MariaDB:CONJ-125,MariaDB,CONJ-125,0,0,0,0
MariaDB:CONJ-177,MariaDB,CONJ-177,0,0,0,0
MariaDB:CONJ-22,MariaDB,CONJ-22,0,0,0,0
MariaDB:CONJ-26,MariaDB,CONJ-26,0,0,0,0
MariaDB:CONJ-141,MariaDB,CONJ-141,0,0,0,0
MariaDB:CONJ-145,MariaDB,CONJ-145,0,0,0,0
MariaDB:CONJ-163,MariaDB,CONJ-163,0,0,0,0
Jira:CRUC-7371,Jira,CRUC-7371,0,0,0,0
Jira:CRUC-7370,Jira,CRUC-7370,1,1,1,0
MariaDB:MXS-309,MariaDB,MXS-309,0,0,0,0
Jira:BSERV-7903,Jira,BSERV-7903,1,1,1,1
Jira:CLOV-1780,Jira,CLOV-1780,1,1,0,0
MariaDB:MDEV-6152,MariaDB,MDEV-6152,0,0,0,0
MariaDB:MDEV-8010,MariaDB,MDEV-8010,0,0,0,0
Jira:CONFSERVER-49244,Jira,CONFSERVER-49244,1,1,1,0
Jira:FE-5771,Jira,FE-5771,0,0,0,0
MariaDB:MDEV-8739,MariaDB,MDEV-8739,0,0,0,0
MariaDB:MDEV-4682,MariaDB,MDEV-4682,0,0,0,0
MariaDB:MDEV-6080,MariaDB,MDEV-6080,1,1,1,0
Jira:CONFSERVER-49282,Jira,CONFSERVER-49282,1,1,1,0
Jira:CLOV-1752,Jira,CLOV-1752,0,0,0,0
Jira:CLOV-1792,Jira,CLOV-1792,1,1,1,0
Jira:CLOV-1793,Jira,CLOV-1793,0,0,0,0
Jira:CLOV-1794,Jira,CLOV-1794,0,0,0,0
Jira:CLOV-1775,Jira,CLOV-1775,1,1,1,1
Jira:CLOV-1797,Jira,CLOV-1797,0,0,0,0
MariaDB:MDEV-8842,MariaDB,MDEV-8842,0,0,0,0
Jira:JRASERVER-40788,Jira,JRASERVER-40788,1,1,1,0
Jira:JRASERVER-42391,Jira,JRASERVER-42391,1,1,1,0
Jira:JRASERVER-38023,Jira,JRASERVER-38023,1,1,1,0
Jira:JRASERVER-41328,Jira,JRASERVER-41328,1,1,1,0
Jira:JRASERVER-45221,Jira,JRASERVER-45221,1,1,1,0
Jira:JRASERVER-43410,Jira,JRASERVER-43410,1,1,1,0
Jira:JRASERVER-43690,Jira,JRASERVER-43690,1,1,1,0
Jira:JRASERVER-34196,Jira,JRASERVER-34196,1,1,1,0
Jira:CLOV-1804,Jira,CLOV-1804,0,0,0,0
Jira:CONFSERVER-49223,Jira,CONFSERVER-49223,1,1,1,0
Jira:JRASERVER-43825,Jira,JRASERVER-43825,1,1,1,0
Jira:JRASERVER-42979,Jira,JRASERVER-42979,1,1,1,0
Jira:JRASERVER-43498,Jira,JRASERVER-43498,0,0,0,0
Jira:JRASERVER-43575,Jira,JRASERVER-43575,1,1,1,0
Jira:JRASERVER-44654,Jira,JRASERVER-44654,1,1,1,0
Jira:BSERV-5211,Jira,BSERV-5211,0,0,0,0
MariaDB:MDEV-8980,MariaDB,MDEV-8980,1,1,1,1
Jira:CLOV-1824,Jira,CLOV-1824,1,1,0,0
MariaDB:MXS-423,MariaDB,MXS-423,0,0,0,0
MariaDB:MXS-424,MariaDB,MXS-424,0,0,0,0
MariaDB:MXS-425,MariaDB,MXS-425,0,0,0,0
Jira:CLOV-1817,Jira,CLOV-1817,0,0,0,0
MariaDB:MDEV-8934,MariaDB,MDEV-8934,0,0,0,0
Jira:CLOV-1827,Jira,CLOV-1827,1,1,0,0
Jira:JRASERVER-45768,Jira,JRASERVER-45768,1,1,1,0
Jira:JRASERVER-45386,Jira,JRASERVER-45386,1,1,1,0
Jira:JRASERVER-38030,Jira,JRASERVER-38030,1,1,1,0
Jira:JRASERVER-40856,Jira,JRASERVER-40856,1,1,1,0
Jira:JRASERVER-43275,Jira,JRASERVER-43275,1,1,1,0
Jira:JRASERVER-37038,Jira,JRASERVER-37038,1,1,1,0
Jira:JRASERVER-43689,Jira,JRASERVER-43689,1,1,1,0
Jira:JRASERVER-45150,Jira,JRASERVER-45150,1,1,1,0
Jira:JRASERVER-41228,Jira,JRASERVER-41228,1,1,1,0
Jira:CONFSERVER-49234,Jira,CONFSERVER-49234,1,1,1,0
Jira:FE-3592,Jira,FE-3592,0,0,0,0
MariaDB:MDEV-8971,MariaDB,MDEV-8971,0,0,0,0
MariaDB:MDEV-9022,MariaDB,MDEV-9022,0,0,0,0
MariaDB:MXS-457,MariaDB,MXS-457,0,0,0,0
MariaDB:MXS-458,MariaDB,MXS-458,0,0,0,0
MariaDB:MXS-459,MariaDB,MXS-459,0,0,0,0
MariaDB:MXS-460,MariaDB,MXS-460,0,0,0,0
MariaDB:MXS-461,MariaDB,MXS-461,0,0,0,0
MariaDB:MXS-462,MariaDB,MXS-462,0,0,0,0
MariaDB:MDEV-8976,MariaDB,MDEV-8976,0,0,0,0
MariaDB:MDEV-9117,MariaDB,MDEV-9117,1,1,1,1
MariaDB:MXS-468,MariaDB,MXS-468,0,0,0,0
Jira:CONFSERVER-39007,Jira,CONFSERVER-39007,1,1,1,0
Jira:JRASERVER-45610,Jira,JRASERVER-45610,1,1,1,0
Jira:JRASERVER-39485,Jira,JRASERVER-39485,1,1,1,0
Jira:JRASERVER-43499,Jira,JRASERVER-43499,0,0,0,0
Jira:JRASERVER-37070,Jira,JRASERVER-37070,1,1,1,0
Jira:JRASERVER-40977,Jira,JRASERVER-40977,1,1,1,0
Jira:JRASERVER-35628,Jira,JRASERVER-35628,1,1,1,0
Jira:JRASERVER-45171,Jira,JRASERVER-45171,1,1,1,0
Jira:JRASERVER-43734,Jira,JRASERVER-43734,1,1,1,0
Jira:JRASERVER-42853,Jira,JRASERVER-42853,1,1,1,0
Jira:JRASERVER-43877,Jira,JRASERVER-43877,1,1,1,0
Jira:JRASERVER-45301,Jira,JRASERVER-45301,1,1,1,0
Jira:JRASERVER-43054,Jira,JRASERVER-43054,1,1,1,1
Jira:JRASERVER-43999,Jira,JRASERVER-43999,1,1,1,1
MariaDB:MDEV-6113,MariaDB,MDEV-6113,0,0,0,0
MariaDB:MDEV-8091,MariaDB,MDEV-8091,1,1,1,1
MariaDB:MDEV-4691,MariaDB,MDEV-4691,0,0,0,0
MariaDB:MDEV-4912,MariaDB,MDEV-4912,1,1,0,0
MariaDB:MDEV-5800,MariaDB,MDEV-5800,0,0,0,0
MariaDB:MDEV-7978,MariaDB,MDEV-7978,0,0,0,0
MariaDB:MDEV-8715,MariaDB,MDEV-8715,0,0,0,0
MariaDB:MDEV-8716,MariaDB,MDEV-8716,0,0,0,0
MariaDB:MDEV-8717,MariaDB,MDEV-8717,0,0,0,0
MariaDB:MDEV-8718,MariaDB,MDEV-8718,0,0,0,0
MariaDB:MDEV-8719,MariaDB,MDEV-8719,0,0,0,0
MariaDB:MDEV-5535,MariaDB,MDEV-5535,0,0,0,0
MariaDB:MDEV-8713,MariaDB,MDEV-8713,0,0,0,0
MariaDB:MDEV-505,MariaDB,MDEV-505,0,0,0,0
MariaDB:MDEV-6720,MariaDB,MDEV-6720,0,0,0,0
MariaDB:MDEV-7331,MariaDB,MDEV-7331,0,0,0,0
MariaDB:MDEV-7376,MariaDB,MDEV-7376,0,0,0,0
MariaDB:MDEV-7780,MariaDB,MDEV-7780,0,0,0,0
MariaDB:MDEV-8092,MariaDB,MDEV-8092,1,1,1,1
MariaDB:MDEV-8111,MariaDB,MDEV-8111,0,0,0,0
MariaDB:MDEV-8491,MariaDB,MDEV-8491,0,0,0,0
MariaDB:MDEV-8542,MariaDB,MDEV-8542,0,0,0,0
MariaDB:MDEV-8654,MariaDB,MDEV-8654,0,0,0,0
MariaDB:MDEV-9170,MariaDB,MDEV-9170,0,0,0,0
MariaDB:MXS-485,MariaDB,MXS-485,0,0,0,0
MariaDB:MXS-486,MariaDB,MXS-486,0,0,0,0
MariaDB:MDEV-9058,MariaDB,MDEV-9058,0,0,0,0
Jira:JRASERVER-37628,Jira,JRASERVER-37628,1,1,1,0
Jira:JRASERVER-39090,Jira,JRASERVER-39090,1,1,1,0
Jira:JRASERVER-37338,Jira,JRASERVER-37338,1,1,1,0
Jira:JRASERVER-37713,Jira,JRASERVER-37713,1,1,1,0
Jira:JRASERVER-47188,Jira,JRASERVER-47188,1,1,1,0
Jira:JRASERVER-42013,Jira,JRASERVER-42013,1,1,1,0
Jira:JRASERVER-39004,Jira,JRASERVER-39004,1,1,1,0
Jira:JRASERVER-47365,Jira,JRASERVER-47365,1,1,1,0
Jira:CLOV-1859,Jira,CLOV-1859,0,0,0,0
MariaDB:MDEV-9172,MariaDB,MDEV-9172,0,0,0,0
MariaDB:MDEV-9252,MariaDB,MDEV-9252,1,1,1,1
Jira:JRASERVER-39816,Jira,JRASERVER-39816,1,1,1,0
Jira:JRASERVER-44016,Jira,JRASERVER-44016,1,1,1,0
Jira:JRASERVER-42503,Jira,JRASERVER-42503,1,1,1,0
Jira:JSWSERVER-14935,Jira,JSWSERVER-14935,0,0,0,0
Jira:JRASERVER-41771,Jira,JRASERVER-41771,1,1,1,0
MariaDB:MDEV-9118,MariaDB,MDEV-9118,0,0,0,0
MariaDB:MDEV-9292,MariaDB,MDEV-9292,1,0,0,0
Jira:JRASERVER-45915,Jira,JRASERVER-45915,1,1,1,0
Jira:JRASERVER-44332,Jira,JRASERVER-44332,1,1,1,0
Jira:CONFSERVER-25894,Jira,CONFSERVER-25894,1,1,1,0
MariaDB:MXS-506,MariaDB,MXS-506,0,0,0,0
Jira:JRASERVER-45637,Jira,JRASERVER-45637,1,1,1,0
Jira:JRASERVER-39098,Jira,JRASERVER-39098,1,1,1,0
Jira:BSERV-8258,Jira,BSERV-8258,0,0,0,0
MariaDB:MXS-542,MariaDB,MXS-542,0,0,0,0
Jira:JRASERVER-41278,Jira,JRASERVER-41278,1,1,1,0
Jira:JRASERVER-41787,Jira,JRASERVER-41787,1,1,1,0
Jira:JRASERVER-39915,Jira,JRASERVER-39915,1,1,1,0
Jira:JRASERVER-38307,Jira,JRASERVER-38307,1,1,1,0
Jira:BSERV-8475,Jira,BSERV-8475,1,0,0,0
MariaDB:MXS-512,MariaDB,MXS-512,0,0,0,0
MariaDB:MXS-517,MariaDB,MXS-517,0,0,0,0
MariaDB:MXS-483,MariaDB,MXS-483,0,0,0,0
MariaDB:MXS-213,MariaDB,MXS-213,0,0,0,0
MariaDB:MXS-544,MariaDB,MXS-544,0,0,0,0
MariaDB:MXS-51,MariaDB,MXS-51,0,0,0,0
MariaDB:MXS-319,MariaDB,MXS-319,0,0,0,0
MariaDB:MXS-422,MariaDB,MXS-422,0,0,0,0
MariaDB:MDEV-8646,MariaDB,MDEV-8646,1,0,0,0
Jira:BSERV-8474,Jira,BSERV-8474,1,1,1,1
Jira:JRASERVER-44495,Jira,JRASERVER-44495,1,1,1,0
MariaDB:MDEV-9460,MariaDB,MDEV-9460,0,0,0,0
Jira:JRASERVER-39422,Jira,JRASERVER-39422,1,1,1,0
Jira:JRASERVER-40703,Jira,JRASERVER-40703,1,1,1,1
Jira:JRASERVER-43261,Jira,JRASERVER-43261,1,1,1,0
Jira:JRASERVER-41161,Jira,JRASERVER-41161,1,1,1,0
Jira:JRASERVER-38672,Jira,JRASERVER-38672,1,1,1,0
Jira:JRASERVER-35617,Jira,JRASERVER-35617,1,1,1,0
Jira:JRASERVER-35571,Jira,JRASERVER-35571,1,1,1,0
MariaDB:MXS-556,MariaDB,MXS-556,0,0,0,0
MariaDB:MXS-557,MariaDB,MXS-557,0,0,0,0
MariaDB:MXS-558,MariaDB,MXS-558,0,0,0,0
MariaDB:MDEV-9267,MariaDB,MDEV-9267,0,0,0,0
Jira:CONFSERVER-38589,Jira,CONFSERVER-38589,1,1,1,0
MariaDB:MDEV-9438,MariaDB,MDEV-9438,0,0,0,0
MariaDB:MDEV-9508,MariaDB,MDEV-9508,0,0,0,0
Jira:JRASERVER-59576,Jira,JRASERVER-59576,1,1,1,0
Jira:JRASERVER-40112,Jira,JRASERVER-40112,1,1,1,0
Jira:JRASERVER-43481,Jira,JRASERVER-43481,1,1,1,0
Jira:JRASERVER-45874,Jira,JRASERVER-45874,1,1,1,0
Jira:JRASERVER-59019,Jira,JRASERVER-59019,1,1,1,0
Jira:JRASERVER-59249,Jira,JRASERVER-59249,1,1,1,0
MariaDB:MXS-484,MariaDB,MXS-484,0,0,0,0
MariaDB:MXS-572,MariaDB,MXS-572,0,0,0,0
MariaDB:MXS-37,MariaDB,MXS-37,0,0,0,0
MariaDB:MXS-569,MariaDB,MXS-569,0,0,0,0
MariaDB:MXS-567,MariaDB,MXS-567,0,0,0,0
MariaDB:MXS-568,MariaDB,MXS-568,0,0,0,0
MariaDB:MDEV-9537,MariaDB,MDEV-9537,1,1,1,1
Jira:JRASERVER-58997,Jira,JRASERVER-58997,1,1,1,0
Jira:CLOV-1887,Jira,CLOV-1887,0,0,0,0
Jira:CLOV-1888,Jira,CLOV-1888,0,0,0,0
Jira:CLOV-1890,Jira,CLOV-1890,0,0,0,0
MariaDB:MDEV-9583,MariaDB,MDEV-9583,0,0,0,0
Jira:JRASERVER-59871,Jira,JRASERVER-59871,1,1,1,0
Jira:JRASERVER-40275,Jira,JRASERVER-40275,1,1,1,0
Jira:JRASERVER-41360,Jira,JRASERVER-41360,1,1,1,0
Jira:JSWSERVER-14574,Jira,JSWSERVER-14574,0,0,0,0
Jira:CLOV-1894,Jira,CLOV-1894,0,0,0,0
Jira:CLOV-1899,Jira,CLOV-1899,0,0,0,0
MariaDB:MDEV-3944,MariaDB,MDEV-3944,1,1,0,0
MariaDB:MXS-488,MariaDB,MXS-488,0,0,0,0
MariaDB:MXS-490,MariaDB,MXS-490,0,0,0,0
MariaDB:MXS-158,MariaDB,MXS-158,0,0,0,0
MariaDB:MXS-192,MariaDB,MXS-192,0,0,0,0
MariaDB:MDEV-7769,MariaDB,MDEV-7769,1,1,1,1
MariaDB:MDEV-8360,MariaDB,MDEV-8360,0,0,0,0
MariaDB:MDEV-6353,MariaDB,MDEV-6353,1,1,0,0
Jira:CLOV-1905,Jira,CLOV-1905,0,0,0,0
Jira:CLOV-1906,Jira,CLOV-1906,0,0,0,0
Jira:CLOV-1911,Jira,CLOV-1911,0,0,0,0
Jira:CLOV-1914,Jira,CLOV-1914,0,0,0,0
Jira:CLOV-1916,Jira,CLOV-1916,0,0,0,0
Jira:CLOV-1917,Jira,CLOV-1917,0,0,0,0
MariaDB:MDEV-9664,MariaDB,MDEV-9664,0,0,0,0
Jira:CLOV-1892,Jira,CLOV-1892,0,0,0,0
MariaDB:MDEV-9526,MariaDB,MDEV-9526,1,1,1,1
MariaDB:MDEV-9659,MariaDB,MDEV-9659,0,0,0,0
MariaDB:MDEV-9651,MariaDB,MDEV-9651,0,0,0,0
Jira:JRASERVER-40041,Jira,JRASERVER-40041,1,1,1,0
Jira:JRASERVER-41314,Jira,JRASERVER-41314,1,1,1,0
Jira:JRASERVER-47573,Jira,JRASERVER-47573,1,1,1,0
Jira:JRASERVER-60069,Jira,JRASERVER-60069,1,1,1,0
Jira:JRASERVER-59581,Jira,JRASERVER-59581,1,1,1,0
MariaDB:MDEV-9695,MariaDB,MDEV-9695,0,0,0,0
Jira:CLOV-1922,Jira,CLOV-1922,0,0,0,0
MariaDB:MXS-615,MariaDB,MXS-615,0,0,0,0
MariaDB:MXS-607,MariaDB,MXS-607,0,0,0,0
MariaDB:MXS-608,MariaDB,MXS-608,0,0,0,0
MariaDB:MXS-609,MariaDB,MXS-609,0,0,0,0
MariaDB:MXS-610,MariaDB,MXS-610,0,0,0,0
MariaDB:MXS-611,MariaDB,MXS-611,0,0,0,0
MariaDB:MXS-612,MariaDB,MXS-612,0,0,0,0
MariaDB:MXS-613,MariaDB,MXS-613,0,0,0,0
MariaDB:MXS-614,MariaDB,MXS-614,0,0,0,0
MariaDB:MXS-617,MariaDB,MXS-617,1,0,0,0
MariaDB:MXS-618,MariaDB,MXS-618,0,0,0,0
MariaDB:MDEV-9676,MariaDB,MDEV-9676,0,0,0,0
MariaDB:MDEV-9665,MariaDB,MDEV-9665,0,0,0,0
Jira:BSERV-8512,Jira,BSERV-8512,0,0,0,0
MariaDB:MDEV-9732,MariaDB,MDEV-9732,1,0,0,0
MariaDB:MDEV-9657,MariaDB,MDEV-9657,0,0,0,0
MariaDB:MDEV-9731,MariaDB,MDEV-9731,0,0,0,0
Jira:BSERV-8223,Jira,BSERV-8223,1,1,1,1
Jira:JRASERVER-41258,Jira,JRASERVER-41258,1,1,1,0
Jira:JRASERVER-41083,Jira,JRASERVER-41083,1,1,1,0
MariaDB:MXS-638,MariaDB,MXS-638,0,0,0,0
MariaDB:MXS-639,MariaDB,MXS-639,0,0,0,0
MariaDB:MXS-640,MariaDB,MXS-640,0,0,0,0
MariaDB:MXS-641,MariaDB,MXS-641,0,0,0,0
MariaDB:MXS-642,MariaDB,MXS-642,0,0,0,0
MariaDB:MXS-643,MariaDB,MXS-643,0,0,0,0
MariaDB:MXS-644,MariaDB,MXS-644,0,0,0,0
MariaDB:MDEV-9775,MariaDB,MDEV-9775,0,0,0,0
MariaDB:MDEV-9746,MariaDB,MDEV-9746,0,0,0,0
MariaDB:MXS-647,MariaDB,MXS-647,0,0,0,0
MariaDB:MDEV-9780,MariaDB,MDEV-9780,0,0,0,0
Jira:JRASERVER-40177,Jira,JRASERVER-40177,1,1,1,0
Jira:JRASERVER-59424,Jira,JRASERVER-59424,1,1,1,0
MariaDB:MDEV-9787,MariaDB,MDEV-9787,0,0,0,0
MariaDB:MDEV-9831,MariaDB,MDEV-9831,0,0,0,0
Jira:JRASERVER-60348,Jira,JRASERVER-60348,1,1,1,0
IntelDAOS:DAOS-2,IntelDAOS,DAOS-2,0,0,0,0
IntelDAOS:DAOS-10,IntelDAOS,DAOS-10,0,0,0,0
IntelDAOS:DAOS-11,IntelDAOS,DAOS-11,1,1,1,1
IntelDAOS:DAOS-12,IntelDAOS,DAOS-12,0,0,0,0
IntelDAOS:DAOS-13,IntelDAOS,DAOS-13,0,0,0,0
IntelDAOS:DAOS-15,IntelDAOS,DAOS-15,0,0,0,0
IntelDAOS:DAOS-16,IntelDAOS,DAOS-16,0,0,0,0
IntelDAOS:DAOS-21,IntelDAOS,DAOS-21,0,0,0,0
IntelDAOS:DAOS-23,IntelDAOS,DAOS-23,0,0,0,0
IntelDAOS:DAOS-29,IntelDAOS,DAOS-29,0,0,0,0
IntelDAOS:DAOS-30,IntelDAOS,DAOS-30,0,0,0,0
IntelDAOS:DAOS-36,IntelDAOS,DAOS-36,1,1,1,1
IntelDAOS:DAOS-37,IntelDAOS,DAOS-37,0,0,0,0
IntelDAOS:DAOS-38,IntelDAOS,DAOS-38,0,0,0,0
IntelDAOS:DAOS-39,IntelDAOS,DAOS-39,0,0,0,0
IntelDAOS:DAOS-40,IntelDAOS,DAOS-40,0,0,0,0
IntelDAOS:DAOS-41,IntelDAOS,DAOS-41,0,0,0,0
IntelDAOS:DAOS-42,IntelDAOS,DAOS-42,0,0,0,0
IntelDAOS:DAOS-43,IntelDAOS,DAOS-43,0,0,0,0
IntelDAOS:DAOS-44,IntelDAOS,DAOS-44,0,0,0,0
IntelDAOS:DAOS-45,IntelDAOS,DAOS-45,0,0,0,0
IntelDAOS:DAOS-46,IntelDAOS,DAOS-46,0,0,0,0
IntelDAOS:DAOS-48,IntelDAOS,DAOS-48,0,0,0,0
IntelDAOS:DAOS-49,IntelDAOS,DAOS-49,0,0,0,0
IntelDAOS:DAOS-50,IntelDAOS,DAOS-50,0,0,0,0
IntelDAOS:DAOS-51,IntelDAOS,DAOS-51,0,0,0,0
IntelDAOS:DAOS-53,IntelDAOS,DAOS-53,0,0,0,0
IntelDAOS:DAOS-54,IntelDAOS,DAOS-54,0,0,0,0
IntelDAOS:DAOS-56,IntelDAOS,DAOS-56,0,0,0,0
IntelDAOS:DAOS-57,IntelDAOS,DAOS-57,0,0,0,0
IntelDAOS:DAOS-58,IntelDAOS,DAOS-58,0,0,0,0
IntelDAOS:DAOS-59,IntelDAOS,DAOS-59,0,0,0,0
IntelDAOS:DAOS-60,IntelDAOS,DAOS-60,0,0,0,0
IntelDAOS:DAOS-61,IntelDAOS,DAOS-61,0,0,0,0
IntelDAOS:DAOS-62,IntelDAOS,DAOS-62,0,0,0,0
MariaDB:MXS-635,MariaDB,MXS-635,0,0,0,0
MariaDB:MXS-664,MariaDB,MXS-664,0,0,0,0
MariaDB:MXS-665,MariaDB,MXS-665,0,0,0,0
IntelDAOS:DAOS-63,IntelDAOS,DAOS-63,1,1,0,0
IntelDAOS:DAOS-66,IntelDAOS,DAOS-66,0,0,0,0
IntelDAOS:DAOS-67,IntelDAOS,DAOS-67,0,0,0,0
IntelDAOS:DAOS-68,IntelDAOS,DAOS-68,0,0,0,0
IntelDAOS:DAOS-70,IntelDAOS,DAOS-70,0,0,0,0
IntelDAOS:DAOS-71,IntelDAOS,DAOS-71,0,0,0,0
IntelDAOS:DAOS-72,IntelDAOS,DAOS-72,0,0,0,0
IntelDAOS:DAOS-76,IntelDAOS,DAOS-76,0,0,0,0
IntelDAOS:DAOS-77,IntelDAOS,DAOS-77,0,0,0,0
IntelDAOS:DAOS-80,IntelDAOS,DAOS-80,0,0,0,0
IntelDAOS:DAOS-81,IntelDAOS,DAOS-81,0,0,0,0
IntelDAOS:DAOS-82,IntelDAOS,DAOS-82,0,0,0,0
IntelDAOS:DAOS-83,IntelDAOS,DAOS-83,0,0,0,0
IntelDAOS:DAOS-47,IntelDAOS,DAOS-47,0,0,0,0
Jira:BSERV-8615,Jira,BSERV-8615,1,1,1,1
Jira:JRASERVER-44415,Jira,JRASERVER-44415,1,1,1,0
Jira:JRASERVER-37299,Jira,JRASERVER-37299,1,1,1,0
Jira:JRASERVER-41150,Jira,JRASERVER-41150,1,1,1,0
IntelDAOS:DAOS-85,IntelDAOS,DAOS-85,0,0,0,0
MariaDB:MXS-676,MariaDB,MXS-676,1,1,0,0
MariaDB:MXS-660,MariaDB,MXS-660,0,0,0,0
MariaDB:MXS-669,MariaDB,MXS-669,0,0,0,0
MariaDB:MXS-636,MariaDB,MXS-636,0,0,0,0
MariaDB:MXS-678,MariaDB,MXS-678,0,0,0,0
MariaDB:MXS-177,MariaDB,MXS-177,0,0,0,0
MariaDB:MXS-651,MariaDB,MXS-651,0,0,0,0
IntelDAOS:DAOS-86,IntelDAOS,DAOS-86,0,0,0,0
MariaDB:MDEV-9942,MariaDB,MDEV-9942,1,1,1,1
IntelDAOS:DAOS-87,IntelDAOS,DAOS-87,0,0,0,0
Jira:JRASERVER-60469,Jira,JRASERVER-60469,1,1,1,0
MariaDB:MDEV-9995,MariaDB,MDEV-9995,0,0,0,0
MariaDB:MDEV-9566,MariaDB,MDEV-9566,0,0,0,0
MariaDB:MDEV-9758,MariaDB,MDEV-9758,0,0,0,0
MariaDB:MDEV-9857,MariaDB,MDEV-9857,0,0,0,0
MariaDB:MDEV-9872,MariaDB,MDEV-9872,0,0,0,0
MariaDB:MDEV-9792,MariaDB,MDEV-9792,0,0,0,0
Jira:BSERV-8890,Jira,BSERV-8890,1,1,1,1
IntelDAOS:DAOS-88,IntelDAOS,DAOS-88,0,0,0,0
IntelDAOS:DAOS-89,IntelDAOS,DAOS-89,0,0,0,0
Jira:BSERV-8815,Jira,BSERV-8815,1,1,1,1
Jira:CONFSERVER-43024,Jira,CONFSERVER-43024,1,1,1,1
Jira:JRASERVER-60527,Jira,JRASERVER-60527,1,1,1,0
Jira:JRASERVER-60144,Jira,JRASERVER-60144,1,1,1,1
Jira:JRASERVER-37978,Jira,JRASERVER-37978,1,1,1,0
Jira:JRASERVER-38206,Jira,JRASERVER-38206,1,1,1,0
MariaDB:MCOL-11,MariaDB,MCOL-11,0,0,0,0
MariaDB:MCOL-2,MariaDB,MCOL-2,0,0,0,0
MariaDB:MCOL-3,MariaDB,MCOL-3,0,0,0,0
MariaDB:MXS-707,MariaDB,MXS-707,0,0,0,0
MariaDB:MXS-708,MariaDB,MXS-708,0,0,0,0
MariaDB:MXS-709,MariaDB,MXS-709,1,1,0,0
MariaDB:MXS-659,MariaDB,MXS-659,0,0,0,0
MariaDB:MXS-300,MariaDB,MXS-300,0,0,0,0
MariaDB:MDEV-9947,MariaDB,MDEV-9947,0,0,0,0
MariaDB:MDEV-8909,MariaDB,MDEV-8909,0,0,0,0
MariaDB:MDEV-10030,MariaDB,MDEV-10030,0,0,0,0
MariaDB:MDEV-10036,MariaDB,MDEV-10036,0,0,0,0
Jira:JRASERVER-38630,Jira,JRASERVER-38630,1,1,1,0
MariaDB:MCOL-4,MariaDB,MCOL-4,0,0,0,0
MariaDB:MCOL-22,MariaDB,MCOL-22,0,0,0,0
MariaDB:MCOL-5,MariaDB,MCOL-5,0,0,0,0
MariaDB:MCOL-28,MariaDB,MCOL-28,0,0,0,0
MariaDB:MCOL-25,MariaDB,MCOL-25,0,0,0,0
MariaDB:MCOL-23,MariaDB,MCOL-23,1,1,1,1
MariaDB:MCOL-30,MariaDB,MCOL-30,0,0,0,0
MariaDB:MDEV-9185,MariaDB,MDEV-9185,0,0,0,0
MariaDB:MCOL-51,MariaDB,MCOL-51,0,0,0,0
MariaDB:MCOL-53,MariaDB,MCOL-53,0,0,0,0
Jira:BSERV-9041,Jira,BSERV-9041,1,1,1,1
Jira:JRASERVER-47704,Jira,JRASERVER-47704,1,1,1,0
Jira:JRASERVER-59278,Jira,JRASERVER-59278,1,1,1,0
Jira:JRASERVER-45163,Jira,JRASERVER-45163,1,1,1,0
MariaDB:MCOL-56,MariaDB,MCOL-56,0,0,0,0
MariaDB:MCOL-57,MariaDB,MCOL-57,0,0,0,0
MariaDB:MCOL-55,MariaDB,MCOL-55,0,0,0,0
Jira:JRASERVER-60023,Jira,JRASERVER-60023,1,1,1,0
IntelDAOS:DAOS-91,IntelDAOS,DAOS-91,0,0,0,0
MariaDB:MXS-729,MariaDB,MXS-729,0,0,0,0
MariaDB:MXS-730,MariaDB,MXS-730,0,0,0,0
MariaDB:MXS-722,MariaDB,MXS-722,0,0,0,0
MariaDB:MXS-66,MariaDB,MXS-66,0,0,0,0
MariaDB:MCOL-52,MariaDB,MCOL-52,0,0,0,0
MariaDB:MCOL-9,MariaDB,MCOL-9,0,0,0,0
MariaDB:MXS-725,MariaDB,MXS-725,0,0,0,0
MariaDB:MXS-723,MariaDB,MXS-723,0,0,0,0
MariaDB:MXS-724,MariaDB,MXS-724,0,0,0,0
MariaDB:MXS-726,MariaDB,MXS-726,0,0,0,0
MariaDB:MXS-727,MariaDB,MXS-727,0,0,0,0
MariaDB:MXS-728,MariaDB,MXS-728,0,0,0,0
MariaDB:MCOL-6,MariaDB,MCOL-6,0,0,0,0
MariaDB:MCOL-62,MariaDB,MCOL-62,0,0,0,0
Jira:BSERV-8889,Jira,BSERV-8889,1,1,1,1
MariaDB:MCOL-33,MariaDB,MCOL-33,0,0,0,0
MariaDB:MCOL-29,MariaDB,MCOL-29,0,0,0,0
IntelDAOS:DAOS-92,IntelDAOS,DAOS-92,0,0,0,0
Jira:JRASERVER-42765,Jira,JRASERVER-42765,1,1,1,0
IntelDAOS:DAOS-96,IntelDAOS,DAOS-96,0,0,0,0
MariaDB:MXS-744,MariaDB,MXS-744,0,0,0,0
MariaDB:MXS-745,MariaDB,MXS-745,0,0,0,0
MariaDB:MXS-746,MariaDB,MXS-746,0,0,0,0
MariaDB:MXS-747,MariaDB,MXS-747,0,0,0,0
MariaDB:MXS-748,MariaDB,MXS-748,0,0,0,0
MariaDB:MXS-749,MariaDB,MXS-749,0,0,0,0
MariaDB:MXS-750,MariaDB,MXS-750,0,0,0,0
IntelDAOS:DAOS-97,IntelDAOS,DAOS-97,0,0,0,0
IntelDAOS:DAOS-98,IntelDAOS,DAOS-98,0,0,0,0
MariaDB:MXS-743,MariaDB,MXS-743,0,0,0,0
MariaDB:MXS-752,MariaDB,MXS-752,0,0,0,0
MariaDB:MXS-751,MariaDB,MXS-751,0,0,0,0
MariaDB:MXS-753,MariaDB,MXS-753,0,0,0,0
MariaDB:MXS-584,MariaDB,MXS-584,0,0,0,0
MariaDB:MCOL-102,MariaDB,MCOL-102,0,0,0,0
MariaDB:MCOL-84,MariaDB,MCOL-84,0,0,0,0
Jira:JRASERVER-61225,Jira,JRASERVER-61225,1,1,1,0
Jira:BSERV-8844,Jira,BSERV-8844,1,1,1,1
IntelDAOS:DAOS-102,IntelDAOS,DAOS-102,0,0,0,0
MariaDB:MCOL-128,MariaDB,MCOL-128,0,0,0,0
IntelDAOS:DAOS-104,IntelDAOS,DAOS-104,0,0,0,0
IntelDAOS:DAOS-105,IntelDAOS,DAOS-105,0,0,0,0
Jira:JRASERVER-61374,Jira,JRASERVER-61374,1,1,1,0
Jira:JRASERVER-60968,Jira,JRASERVER-60968,1,1,1,0
Jira:JRASERVER-61053,Jira,JRASERVER-61053,1,1,1,0
MariaDB:MXS-761,MariaDB,MXS-761,0,0,0,0
MariaDB:MXS-762,MariaDB,MXS-762,0,0,0,0
MariaDB:MXS-763,MariaDB,MXS-763,0,0,0,0
MariaDB:MDEV-10224,MariaDB,MDEV-10224,1,1,1,1
Jira:FE-5540,Jira,FE-5540,1,1,1,1
MariaDB:MCOL-35,MariaDB,MCOL-35,0,0,0,0
MariaDB:MCOL-59,MariaDB,MCOL-59,0,0,0,0
MariaDB:MCOL-145,MariaDB,MCOL-145,0,0,0,0
MariaDB:MCOL-146,MariaDB,MCOL-146,0,0,0,0
MariaDB:MCOL-147,MariaDB,MCOL-147,0,0,0,0
MariaDB:MCOL-144,MariaDB,MCOL-144,0,0,0,0
Jira:BSERV-8920,Jira,BSERV-8920,1,1,1,1
Jira:CONFSERVER-43028,Jira,CONFSERVER-43028,1,1,1,1
MariaDB:MCOL-159,MariaDB,MCOL-159,0,0,0,0
IntelDAOS:DAOS-108,IntelDAOS,DAOS-108,0,0,0,0
IntelDAOS:DAOS-93,IntelDAOS,DAOS-93,1,0,0,0
IntelDAOS:DAOS-94,IntelDAOS,DAOS-94,1,0,0,0
IntelDAOS:DAOS-109,IntelDAOS,DAOS-109,0,0,0,0
IntelDAOS:DAOS-110,IntelDAOS,DAOS-110,0,0,0,0
IntelDAOS:DAOS-111,IntelDAOS,DAOS-111,0,0,0,0
IntelDAOS:DAOS-112,IntelDAOS,DAOS-112,0,0,0,0
IntelDAOS:DAOS-113,IntelDAOS,DAOS-113,0,0,0,0
IntelDAOS:DAOS-114,IntelDAOS,DAOS-114,0,0,0,0
Jira:JRASERVER-61343,Jira,JRASERVER-61343,1,1,1,0
Jira:JRASERVER-41413,Jira,JRASERVER-41413,1,1,1,0
Jira:JRASERVER-46230,Jira,JRASERVER-46230,1,1,1,0
MariaDB:MDEV-10084,MariaDB,MDEV-10084,0,0,0,0
Jira:BSERV-8707,Jira,BSERV-8707,0,0,0,0
Jira:CRUC-7629,Jira,CRUC-7629,0,0,0,0
MariaDB:MXS-547,MariaDB,MXS-547,0,0,0,0
MariaDB:MXS-781,MariaDB,MXS-781,0,0,0,0
MariaDB:MXS-788,MariaDB,MXS-788,0,0,0,0
MariaDB:MCOL-140,MariaDB,MCOL-140,0,0,0,0
MariaDB:MCOL-209,MariaDB,MCOL-209,1,1,0,0
MariaDB:MCOL-210,MariaDB,MCOL-210,1,1,0,0
MariaDB:MCOL-211,MariaDB,MCOL-211,0,0,0,0
MariaDB:MCOL-213,MariaDB,MCOL-213,0,0,0,0
MariaDB:MCOL-214,MariaDB,MCOL-214,0,0,0,0
Jira:FE-6393,Jira,FE-6393,0,0,0,0
Jira:BSERV-9303,Jira,BSERV-9303,1,1,1,1
MariaDB:MDEV-10343,MariaDB,MDEV-10343,1,1,1,1
MariaDB:MXS-802,MariaDB,MXS-802,0,0,0,0
MariaDB:MDEV-10297,MariaDB,MDEV-10297,1,1,1,1
Jira:CONFCLOUD-54059,Jira,CONFCLOUD-54059,0,0,0,0
Jira:CONFCLOUD-54060,Jira,CONFCLOUD-54060,0,0,0,0
IntelDAOS:DAOS-116,IntelDAOS,DAOS-116,0,0,0,0
IntelDAOS:DAOS-117,IntelDAOS,DAOS-117,0,0,0,0
IntelDAOS:DAOS-118,IntelDAOS,DAOS-118,1,1,0,0
IntelDAOS:DAOS-115,IntelDAOS,DAOS-115,0,0,0,0
MariaDB:MXS-755,MariaDB,MXS-755,0,0,0,0
MariaDB:MXS-793,MariaDB,MXS-793,1,0,0,0
MariaDB:MXS-807,MariaDB,MXS-807,0,0,0,0
MariaDB:MCOL-138,MariaDB,MCOL-138,0,0,0,0
MariaDB:MDEV-10411,MariaDB,MDEV-10411,0,0,0,0
Jira:JRASERVER-59972,Jira,JRASERVER-59972,1,1,1,0
Jira:JRASERVER-60313,Jira,JRASERVER-60313,1,1,1,0
Jira:JRASERVER-61328,Jira,JRASERVER-61328,1,1,1,0
Jira:FE-6630,Jira,FE-6630,0,0,0,0
IntelDAOS:DAOS-119,IntelDAOS,DAOS-119,0,0,0,0
IntelDAOS:DAOS-120,IntelDAOS,DAOS-120,0,0,0,0
IntelDAOS:DAOS-121,IntelDAOS,DAOS-121,0,0,0,0
IntelDAOS:DAOS-122,IntelDAOS,DAOS-122,0,0,0,0
IntelDAOS:DAOS-123,IntelDAOS,DAOS-123,0,0,0,0
IntelDAOS:DAOS-124,IntelDAOS,DAOS-124,1,1,0,0
IntelDAOS:DAOS-125,IntelDAOS,DAOS-125,0,0,0,0
IntelDAOS:DAOS-126,IntelDAOS,DAOS-126,0,0,0,0
IntelDAOS:DAOS-127,IntelDAOS,DAOS-127,0,0,0,0
IntelDAOS:DAOS-128,IntelDAOS,DAOS-128,0,0,0,0
MariaDB:MXS-815,MariaDB,MXS-815,0,0,0,0
MariaDB:MXS-817,MariaDB,MXS-817,0,0,0,0
MariaDB:MXS-818,MariaDB,MXS-818,0,0,0,0
MariaDB:MXS-819,MariaDB,MXS-819,0,0,0,0
MariaDB:MXS-307,MariaDB,MXS-307,0,0,0,0
MariaDB:MDEV-7635,MariaDB,MDEV-7635,1,1,1,1
MariaDB:MDEV-10483,MariaDB,MDEV-10483,0,0,0,0
IntelDAOS:DAOS-130,IntelDAOS,DAOS-130,0,0,0,0
Jira:JRASERVER-62112,Jira,JRASERVER-62112,1,1,1,0
Hyperledger:FAB-43,Hyperledger,FAB-43,1,1,1,0
Hyperledger:FAB-49,Hyperledger,FAB-49,1,0,0,0
Hyperledger:FAB-84,Hyperledger,FAB-84,0,0,0,0
Hyperledger:FAB-85,Hyperledger,FAB-85,0,0,0,0
Hyperledger:FAB-86,Hyperledger,FAB-86,0,0,0,0
Hyperledger:FAB-88,Hyperledger,FAB-88,0,0,0,0
Hyperledger:FAB-89,Hyperledger,FAB-89,0,0,0,0
Hyperledger:FAB-90,Hyperledger,FAB-90,0,0,0,0
Hyperledger:FAB-91,Hyperledger,FAB-91,0,0,0,0
Hyperledger:FAB-94,Hyperledger,FAB-94,0,0,0,0
Hyperledger:FAB-95,Hyperledger,FAB-95,0,0,0,0
Hyperledger:FAB-96,Hyperledger,FAB-96,0,0,0,0
Hyperledger:FABN-703,Hyperledger,FABN-703,1,1,1,1
MariaDB:MXS-797,MariaDB,MXS-797,0,0,0,0
MariaDB:MXS-796,MariaDB,MXS-796,0,0,0,0
MariaDB:MDEV-10577,MariaDB,MDEV-10577,1,1,1,1
MariaDB:MDEV-10578,MariaDB,MDEV-10578,1,1,1,1
MariaDB:MDEV-10579,MariaDB,MDEV-10579,0,0,0,0
MariaDB:MDEV-10580,MariaDB,MDEV-10580,1,1,1,1
MariaDB:MDEV-10581,MariaDB,MDEV-10581,1,1,1,1
MariaDB:MDEV-10582,MariaDB,MDEV-10582,1,1,1,1
MariaDB:MDEV-10583,MariaDB,MDEV-10583,1,1,1,1
Hyperledger:FABN-713,Hyperledger,FABN-713,1,1,1,1
MariaDB:MDEV-10585,MariaDB,MDEV-10585,1,1,1,1
MariaDB:MDEV-10588,MariaDB,MDEV-10588,1,1,1,1
MariaDB:MDEV-10591,MariaDB,MDEV-10591,1,1,1,1
MariaDB:MDEV-10596,MariaDB,MDEV-10596,1,1,1,1
MariaDB:MDEV-10597,MariaDB,MDEV-10597,1,1,1,1
MariaDB:MDEV-10598,MariaDB,MDEV-10598,0,0,0,0
MariaDB:MDEV-8348,MariaDB,MDEV-8348,0,0,0,0
Hyperledger:FABN-697,Hyperledger,FABN-697,0,0,0,0
MariaDB:MDEV-6114,MariaDB,MDEV-6114,1,1,1,1
MariaDB:MDEV-10142,MariaDB,MDEV-10142,1,1,1,1
MariaDB:MDEV-10655,MariaDB,MDEV-10655,1,1,1,1
MariaDB:MCOL-112,MariaDB,MCOL-112,0,0,0,0
MariaDB:MCOL-160,MariaDB,MCOL-160,0,0,0,0
MariaDB:MCOL-262,MariaDB,MCOL-262,0,0,0,0
MariaDB:MCOL-271,MariaDB,MCOL-271,1,1,1,1
MariaDB:MCOL-251,MariaDB,MCOL-251,0,0,0,0
MariaDB:MCOL-220,MariaDB,MCOL-220,0,0,0,0
MariaDB:MCOL-274,MariaDB,MCOL-274,0,0,0,0
MariaDB:MDEV-10697,MariaDB,MDEV-10697,1,1,1,1
Jira:BSERV-8489,Jira,BSERV-8489,0,0,0,0
MariaDB:MXS-849,MariaDB,MXS-849,0,0,0,0
MariaDB:MXS-850,MariaDB,MXS-850,0,0,0,0
MariaDB:MXS-851,MariaDB,MXS-851,0,0,0,0
Hyperledger:FAB-274,Hyperledger,FAB-274,0,0,0,0
MariaDB:MDEV-9711,MariaDB,MDEV-9711,0,0,0,0
MariaDB:MDEV-6284,MariaDB,MDEV-6284,0,0,0,0
MariaDB:MDEV-10709,MariaDB,MDEV-10709,1,1,1,1
MariaDB:MDEV-6112,MariaDB,MDEV-6112,1,1,1,1
MariaDB:MDEV-9197,MariaDB,MDEV-9197,0,0,0,0
Jira:BSERV-9242,Jira,BSERV-9242,0,0,0,0
IntelDAOS:DAOS-133,IntelDAOS,DAOS-133,0,0,0,0
IntelDAOS:DAOS-134,IntelDAOS,DAOS-134,0,0,0,0
IntelDAOS:DAOS-135,IntelDAOS,DAOS-135,0,0,0,0
IntelDAOS:DAOS-136,IntelDAOS,DAOS-136,0,0,0,0
Jira:JRASERVER-60936,Jira,JRASERVER-60936,1,1,1,0
Jira:JRASERVER-61455,Jira,JRASERVER-61455,1,1,1,0
IntelDAOS:DAOS-138,IntelDAOS,DAOS-138,0,0,0,0
IntelDAOS:DAOS-139,IntelDAOS,DAOS-139,0,0,0,0
IntelDAOS:DAOS-140,IntelDAOS,DAOS-140,0,0,0,0
MariaDB:MDEV-10742,MariaDB,MDEV-10742,0,0,0,0
MariaDB:MDEV-10743,MariaDB,MDEV-10743,0,0,0,0
Hyperledger:FAB-56,Hyperledger,FAB-56,0,0,0,0
MariaDB:MDEV-10138,MariaDB,MDEV-10138,0,0,0,0
MariaDB:MDEV-10134,MariaDB,MDEV-10134,0,0,0,0
MariaDB:MDEV-7563,MariaDB,MDEV-7563,0,0,0,0
Hyperledger:FABN-695,Hyperledger,FABN-695,1,1,1,1
Hyperledger:FABN-694,Hyperledger,FABN-694,0,0,0,0
MariaDB:MDEV-10772,MariaDB,MDEV-10772,0,0,0,0
Hyperledger:FABN-693,Hyperledger,FABN-693,0,0,0,0
Hyperledger:FABN-60,Hyperledger,FABN-60,1,1,1,1
Hyperledger:FABN-698,Hyperledger,FABN-698,1,0,0,0
Hyperledger:FABN-699,Hyperledger,FABN-699,1,0,0,0
Hyperledger:FABN-700,Hyperledger,FABN-700,1,0,0,0
Hyperledger:FABN-701,Hyperledger,FABN-701,1,0,0,0
Hyperledger:FABN-702,Hyperledger,FABN-702,1,0,0,0
Hyperledger:FABN-707,Hyperledger,FABN-707,0,0,0,0
Hyperledger:FABN-104,Hyperledger,FABN-104,0,0,0,0
Hyperledger:FABN-121,Hyperledger,FABN-121,0,0,0,0
Hyperledger:FABN-711,Hyperledger,FABN-711,0,0,0,0
Hyperledger:FAB-164,Hyperledger,FAB-164,1,1,1,1
Hyperledger:FABN-712,Hyperledger,FABN-712,0,0,0,0
Hyperledger:FAB-179,Hyperledger,FAB-179,0,0,0,0
Hyperledger:FAB-318,Hyperledger,FAB-318,0,0,0,0
Hyperledger:FABN-109,Hyperledger,FABN-109,0,0,0,0
Hyperledger:FABN-77,Hyperledger,FABN-77,0,0,0,0
Hyperledger:FAB-324,Hyperledger,FAB-324,0,0,0,0
Hyperledger:FAB-251,Hyperledger,FAB-251,0,0,0,0
Hyperledger:FAB-252,Hyperledger,FAB-252,0,0,0,0
Hyperledger:FAB-253,Hyperledger,FAB-253,1,1,1,1
Hyperledger:FAB-254,Hyperledger,FAB-254,0,0,0,0
Hyperledger:FABC-634,Hyperledger,FABC-634,0,0,0,0
Hyperledger:FAB-32,Hyperledger,FAB-32,1,1,1,1
Hyperledger:FAB-40,Hyperledger,FAB-40,0,0,0,0
Hyperledger:FAB-97,Hyperledger,FAB-97,0,0,0,0
Hyperledger:FAB-157,Hyperledger,FAB-157,0,0,0,0
Hyperledger:FAB-129,Hyperledger,FAB-129,0,0,0,0
Hyperledger:FAB-130,Hyperledger,FAB-130,0,0,0,0
Hyperledger:FAB-222,Hyperledger,FAB-222,0,0,0,0
Hyperledger:FAB-248,Hyperledger,FAB-248,0,0,0,0
Hyperledger:FAB-273,Hyperledger,FAB-273,0,0,0,0
Hyperledger:FAB-277,Hyperledger,FAB-277,0,0,0,0
Hyperledger:FAB-276,Hyperledger,FAB-276,0,0,0,0
Hyperledger:FAB-284,Hyperledger,FAB-284,0,0,0,0
Hyperledger:FAB-300,Hyperledger,FAB-300,0,0,0,0
Hyperledger:FAB-301,Hyperledger,FAB-301,0,0,0,0
Hyperledger:FAB-305,Hyperledger,FAB-305,0,0,0,0
Hyperledger:FAB-185,Hyperledger,FAB-185,0,0,0,0
Hyperledger:FAB-52,Hyperledger,FAB-52,1,1,0,0
Hyperledger:FAB-58,Hyperledger,FAB-58,0,0,0,0
Hyperledger:FAB-64,Hyperledger,FAB-64,0,0,0,0
Hyperledger:FAB-193,Hyperledger,FAB-193,0,0,0,0
Hyperledger:FAB-57,Hyperledger,FAB-57,0,0,0,0
Hyperledger:FAB-196,Hyperledger,FAB-196,1,1,1,1
Hyperledger:FAB-194,Hyperledger,FAB-194,1,1,1,1
Hyperledger:FAB-181,Hyperledger,FAB-181,0,0,0,0
Hyperledger:FAB-186,Hyperledger,FAB-186,1,0,0,0
Hyperledger:FAB-340,Hyperledger,FAB-340,0,0,0,0
Hyperledger:FAB-184,Hyperledger,FAB-184,0,0,0,0
Hyperledger:FAB-341,Hyperledger,FAB-341,1,1,0,0
Hyperledger:FAB-344,Hyperledger,FAB-344,0,0,0,0
Hyperledger:FAB-315,Hyperledger,FAB-315,0,0,0,0
Jira:JRASERVER-62328,Jira,JRASERVER-62328,1,1,1,0
Hyperledger:FAB-345,Hyperledger,FAB-345,0,0,0,0
Hyperledger:FAB-348,Hyperledger,FAB-348,1,1,0,0
Hyperledger:FAB-350,Hyperledger,FAB-350,0,0,0,0
Hyperledger:FAB-325,Hyperledger,FAB-325,0,0,0,0
Hyperledger:FAB-327,Hyperledger,FAB-327,0,0,0,0
Hyperledger:FAB-326,Hyperledger,FAB-326,0,0,0,0
Hyperledger:FAB-351,Hyperledger,FAB-351,0,0,0,0
Hyperledger:FAB-352,Hyperledger,FAB-352,0,0,0,0
Hyperledger:FAB-353,Hyperledger,FAB-353,1,1,1,1
Hyperledger:FAB-354,Hyperledger,FAB-354,0,0,0,0
Hyperledger:FAB-355,Hyperledger,FAB-355,1,1,1,1
Hyperledger:FAB-357,Hyperledger,FAB-357,0,0,0,0
Hyperledger:FABC-700,Hyperledger,FABC-700,1,1,0,0
Hyperledger:FABC-635,Hyperledger,FABC-635,0,0,0,0
Hyperledger:FAB-359,Hyperledger,FAB-359,1,1,1,1
Hyperledger:FABC-603,Hyperledger,FABC-603,0,0,0,0
Hyperledger:FAB-365,Hyperledger,FAB-365,0,0,0,0
Hyperledger:FAB-364,Hyperledger,FAB-364,0,0,0,0
Hyperledger:FAB-369,Hyperledger,FAB-369,0,0,0,0
Hyperledger:FAB-370,Hyperledger,FAB-370,0,0,0,0
Hyperledger:FAB-371,Hyperledger,FAB-371,0,0,0,0
Hyperledger:FAB-372,Hyperledger,FAB-372,0,0,0,0
MariaDB:MDEV-10801,MariaDB,MDEV-10801,0,0,0,0
MariaDB:MXS-861,MariaDB,MXS-861,0,0,0,0
MariaDB:MXS-862,MariaDB,MXS-862,0,0,0,0
MariaDB:MXS-865,MariaDB,MXS-865,0,0,0,0
Hyperledger:FABN-43,Hyperledger,FABN-43,0,0,0,0
Hyperledger:FAB-29,Hyperledger,FAB-29,0,0,0,0
Hyperledger:FAB-375,Hyperledger,FAB-375,1,0,0,0
Hyperledger:FAB-376,Hyperledger,FAB-376,0,0,0,0
Hyperledger:FAB-377,Hyperledger,FAB-377,0,0,0,0
Hyperledger:FAB-378,Hyperledger,FAB-378,1,1,1,1
Hyperledger:FAB-381,Hyperledger,FAB-381,1,1,1,0
Hyperledger:FAB-382,Hyperledger,FAB-382,1,0,0,0
Hyperledger:FAB-383,Hyperledger,FAB-383,0,0,0,0
Hyperledger:FAB-384,Hyperledger,FAB-384,0,0,0,0
Hyperledger:FAB-386,Hyperledger,FAB-386,0,0,0,0
Hyperledger:FAB-387,Hyperledger,FAB-387,0,0,0,0
MariaDB:MCOL-294,MariaDB,MCOL-294,0,0,0,0
Hyperledger:FAB-390,Hyperledger,FAB-390,0,0,0,0
Hyperledger:FAB-81,Hyperledger,FAB-81,0,0,0,0
MariaDB:MDEV-10570,MariaDB,MDEV-10570,1,1,1,1
MariaDB:MDEV-7145,MariaDB,MDEV-7145,0,0,0,0
IntelDAOS:DAOS-142,IntelDAOS,DAOS-142,1,0,0,0
Hyperledger:FABN-100,Hyperledger,FABN-100,0,0,0,0
MariaDB:MXS-867,MariaDB,MXS-867,0,0,0,0
MariaDB:MXS-868,MariaDB,MXS-868,0,0,0,0
MariaDB:MXS-869,MariaDB,MXS-869,0,0,0,0
Hyperledger:FAB-93,Hyperledger,FAB-93,0,0,0,0
MariaDB:MDEV-10839,MariaDB,MDEV-10839,0,0,0,0
MariaDB:MDEV-10840,MariaDB,MDEV-10840,1,1,1,1
MariaDB:MDEV-10847,MariaDB,MDEV-10847,0,0,0,0
MariaDB:MDEV-10856,MariaDB,MDEV-10856,1,1,1,1
MariaDB:MCOL-305,MariaDB,MCOL-305,0,0,0,0
MariaDB:MCOL-297,MariaDB,MCOL-297,0,0,0,0
Hyperledger:FAB-423,Hyperledger,FAB-423,0,0,0,0
MariaDB:MDEV-10866,MariaDB,MDEV-10866,1,1,1,1
Hyperledger:FAB-289,Hyperledger,FAB-289,0,0,0,0
MariaDB:MDEV-10877,MariaDB,MDEV-10877,0,0,0,0
Hyperledger:FABN-96,Hyperledger,FABN-96,0,0,0,0
Hyperledger:FAB-440,Hyperledger,FAB-440,0,0,0,0
Hyperledger:FAB-443,Hyperledger,FAB-443,1,0,0,0
Hyperledger:FAB-430,Hyperledger,FAB-430,0,0,0,0
Hyperledger:FAB-170,Hyperledger,FAB-170,0,0,0,0
MariaDB:MCOL-325,MariaDB,MCOL-325,0,0,0,0
Hyperledger:FABC-599,Hyperledger,FABC-599,1,1,1,1
Hyperledger:FAB-466,Hyperledger,FAB-466,0,0,0,0
Hyperledger:FAB-467,Hyperledger,FAB-467,0,0,0,0
Hyperledger:FAB-468,Hyperledger,FAB-468,0,0,0,0
Hyperledger:FAB-469,Hyperledger,FAB-469,1,1,1,1
Hyperledger:FAB-470,Hyperledger,FAB-470,0,0,0,0
Hyperledger:FAB-473,Hyperledger,FAB-473,0,0,0,0
Hyperledger:FABN-56,Hyperledger,FABN-56,0,0,0,0
Hyperledger:FABN-726,Hyperledger,FABN-726,0,0,0,0
Hyperledger:FABN-75,Hyperledger,FABN-75,0,0,0,0
Hyperledger:FAB-486,Hyperledger,FAB-486,1,1,0,0
Hyperledger:FAB-487,Hyperledger,FAB-487,0,0,0,0
Hyperledger:FAB-489,Hyperledger,FAB-489,0,0,0,0
MariaDB:MDEV-10914,MariaDB,MDEV-10914,1,1,1,1
Hyperledger:FABN-86,Hyperledger,FABN-86,0,0,0,0
Hyperledger:FABN-54,Hyperledger,FABN-54,0,0,0,0
Hyperledger:FAB-505,Hyperledger,FAB-505,1,1,1,1
Hyperledger:FABN-111,Hyperledger,FABN-111,0,0,0,0
Hyperledger:FAB-291,Hyperledger,FAB-291,0,0,0,0
Hyperledger:FAB-292,Hyperledger,FAB-292,0,0,0,0
Hyperledger:FAB-293,Hyperledger,FAB-293,0,0,0,0
Hyperledger:FAB-294,Hyperledger,FAB-294,0,0,0,0
Hyperledger:FAB-480,Hyperledger,FAB-480,0,0,0,0
Hyperledger:FAB-484,Hyperledger,FAB-484,0,0,0,0
Hyperledger:FAB-483,Hyperledger,FAB-483,0,0,0,0
Hyperledger:FAB-511,Hyperledger,FAB-511,0,0,0,0
Hyperledger:FAB-513,Hyperledger,FAB-513,0,0,0,0
Hyperledger:FAB-515,Hyperledger,FAB-515,0,0,0,0
Hyperledger:FAB-526,Hyperledger,FAB-526,0,0,0,0
MariaDB:MDEV-10813,MariaDB,MDEV-10813,0,0,0,0
Hyperledger:FAB-569,Hyperledger,FAB-569,0,0,0,0
Hyperledger:FAB-570,Hyperledger,FAB-570,0,0,0,0
Hyperledger:FAB-571,Hyperledger,FAB-571,0,0,0,0
Hyperledger:FAB-572,Hyperledger,FAB-572,0,0,0,0
Hyperledger:FAB-532,Hyperledger,FAB-532,1,1,1,1
Hyperledger:FAB-500,Hyperledger,FAB-500,0,0,0,0
Hyperledger:FAB-575,Hyperledger,FAB-575,0,0,0,0
Hyperledger:FAB-580,Hyperledger,FAB-580,0,0,0,0
Hyperledger:FAB-584,Hyperledger,FAB-584,0,0,0,0
Hyperledger:FAB-585,Hyperledger,FAB-585,1,1,1,1
Jira:JRASERVER-61790,Jira,JRASERVER-61790,1,1,1,0
Jira:JRASERVER-61947,Jira,JRASERVER-61947,1,1,1,0
Jira:JRASERVER-61132,Jira,JRASERVER-61132,1,1,1,0
Jira:JRASERVER-62421,Jira,JRASERVER-62421,1,1,1,0
Jira:JRASERVER-62166,Jira,JRASERVER-62166,1,1,1,0
Jira:JRASERVER-62556,Jira,JRASERVER-62556,1,1,1,0
Hyperledger:FAB-507,Hyperledger,FAB-507,0,0,0,0
Hyperledger:FAB-588,Hyperledger,FAB-588,0,0,0,0
Hyperledger:FAB-589,Hyperledger,FAB-589,0,0,0,0
Hyperledger:FAB-590,Hyperledger,FAB-590,0,0,0,0
Hyperledger:FAB-591,Hyperledger,FAB-591,0,0,0,0
Hyperledger:FAB-592,Hyperledger,FAB-592,0,0,0,0
Hyperledger:FAB-593,Hyperledger,FAB-593,0,0,0,0
Hyperledger:FAB-562,Hyperledger,FAB-562,1,1,1,0
Hyperledger:FAB-560,Hyperledger,FAB-560,0,0,0,0
Hyperledger:FAB-561,Hyperledger,FAB-561,1,1,0,0
Hyperledger:FAB-553,Hyperledger,FAB-553,0,0,0,0
Hyperledger:FABN-28,Hyperledger,FABN-28,0,0,0,0
Hyperledger:FABN-38,Hyperledger,FABN-38,0,0,0,0
Hyperledger:FABN-87,Hyperledger,FABN-87,0,0,0,0
Hyperledger:FABN-22,Hyperledger,FABN-22,1,1,1,1
Hyperledger:FAB-516,Hyperledger,FAB-516,1,0,0,0
Hyperledger:FAB-517,Hyperledger,FAB-517,0,0,0,0
Hyperledger:FAB-518,Hyperledger,FAB-518,0,0,0,0
Hyperledger:FAB-519,Hyperledger,FAB-519,1,1,1,1
Hyperledger:FAB-520,Hyperledger,FAB-520,0,0,0,0
Hyperledger:FAB-523,Hyperledger,FAB-523,0,0,0,0
Hyperledger:FAB-597,Hyperledger,FAB-597,0,0,0,0
Hyperledger:FAB-598,Hyperledger,FAB-598,0,0,0,0
Hyperledger:FAB-599,Hyperledger,FAB-599,0,0,0,0
MariaDB:MXS-879,MariaDB,MXS-879,0,0,0,0
MariaDB:MXS-304,MariaDB,MXS-304,1,1,1,1
MariaDB:MXS-884,MariaDB,MXS-884,0,0,0,0
Hyperledger:FAB-611,Hyperledger,FAB-611,0,0,0,0
IntelDAOS:CART-52,IntelDAOS,CART-52,1,1,1,1
Hyperledger:FAB-614,Hyperledger,FAB-614,0,0,0,0
Hyperledger:FAB-615,Hyperledger,FAB-615,1,1,1,1
Hyperledger:FAB-617,Hyperledger,FAB-617,0,0,0,0
Hyperledger:FAB-618,Hyperledger,FAB-618,0,0,0,0
Hyperledger:FABP-4,Hyperledger,FABP-4,0,0,0,0
Hyperledger:FABP-2,Hyperledger,FABP-2,0,0,0,0
Hyperledger:FABP-5,Hyperledger,FABP-5,0,0,0,0
Hyperledger:FABP-9,Hyperledger,FABP-9,0,0,0,0
Hyperledger:FAB-633,Hyperledger,FAB-633,0,0,0,0
Hyperledger:FAB-634,Hyperledger,FAB-634,1,1,1,1
Hyperledger:FABC-632,Hyperledger,FABC-632,0,0,0,0
Hyperledger:FAB-636,Hyperledger,FAB-636,0,0,0,0
Hyperledger:FAB-637,Hyperledger,FAB-637,0,0,0,0
Hyperledger:FAB-600,Hyperledger,FAB-600,1,1,1,1
Hyperledger:FAB-639,Hyperledger,FAB-639,0,0,0,0
Hyperledger:FAB-621,Hyperledger,FAB-621,1,0,0,0
Hyperledger:FAB-631,Hyperledger,FAB-631,1,1,1,1
Hyperledger:FAB-502,Hyperledger,FAB-502,0,0,0,0
Hyperledger:FAB-602,Hyperledger,FAB-602,1,1,1,1
Hyperledger:FAB-192,Hyperledger,FAB-192,0,0,0,0
Hyperledger:FAB-498,Hyperledger,FAB-498,0,0,0,0
Hyperledger:FABP-53,Hyperledger,FABP-53,0,0,0,0
IntelDAOS:CART-13,IntelDAOS,CART-13,0,0,0,0
IntelDAOS:DAOS-149,IntelDAOS,DAOS-149,0,0,0,0
IntelDAOS:DAOS-150,IntelDAOS,DAOS-150,0,0,0,0
IntelDAOS:DAOS-153,IntelDAOS,DAOS-153,0,0,0,0
IntelDAOS:DAOS-154,IntelDAOS,DAOS-154,0,0,0,0
IntelDAOS:DAOS-147,IntelDAOS,DAOS-147,0,0,0,0
IntelDAOS:DAOS-155,IntelDAOS,DAOS-155,0,0,0,0
IntelDAOS:DAOS-156,IntelDAOS,DAOS-156,0,0,0,0
IntelDAOS:DAOS-157,IntelDAOS,DAOS-157,0,0,0,0
IntelDAOS:DAOS-158,IntelDAOS,DAOS-158,0,0,0,0
IntelDAOS:CART-49,IntelDAOS,CART-49,0,0,0,0
IntelDAOS:CART-54,IntelDAOS,CART-54,0,0,0,0
Hyperledger:FAB-653,Hyperledger,FAB-653,0,0,0,0
Hyperledger:FAB-654,Hyperledger,FAB-654,0,0,0,0
Hyperledger:FAB-652,Hyperledger,FAB-652,1,0,0,0
Hyperledger:FAB-655,Hyperledger,FAB-655,0,0,0,0
Hyperledger:FAB-656,Hyperledger,FAB-656,0,0,0,0
Hyperledger:FAB-657,Hyperledger,FAB-657,0,0,0,0
Hyperledger:FAB-658,Hyperledger,FAB-658,0,0,0,0
Hyperledger:FAB-642,Hyperledger,FAB-642,0,0,0,0
Hyperledger:FAB-659,Hyperledger,FAB-659,0,0,0,0
Hyperledger:FABJ-88,Hyperledger,FABJ-88,0,0,0,0
Hyperledger:FAB-665,Hyperledger,FAB-665,1,1,1,1
Hyperledger:FAB-666,Hyperledger,FAB-666,1,1,1,1
Hyperledger:FAB-669,Hyperledger,FAB-669,0,0,0,0
Hyperledger:FABP-36,Hyperledger,FABP-36,0,0,0,0
Hyperledger:FABP-46,Hyperledger,FABP-46,0,0,0,0
Hyperledger:FABP-35,Hyperledger,FABP-35,0,0,0,0
MariaDB:MDEV-11037,MariaDB,MDEV-11037,0,0,0,0
Hyperledger:FAB-688,Hyperledger,FAB-688,0,0,0,0
Hyperledger:FAB-619,Hyperledger,FAB-619,0,0,0,0
Hyperledger:FAB-691,Hyperledger,FAB-691,0,0,0,0
Hyperledger:FAB-692,Hyperledger,FAB-692,0,0,0,0
Hyperledger:FAB-693,Hyperledger,FAB-693,0,0,0,0
Hyperledger:FAB-694,Hyperledger,FAB-694,0,0,0,0
IntelDAOS:DAOS-163,IntelDAOS,DAOS-163,0,0,0,0
IntelDAOS:DAOS-164,IntelDAOS,DAOS-164,0,0,0,0
IntelDAOS:DAOS-165,IntelDAOS,DAOS-165,0,0,0,0
IntelDAOS:DAOS-166,IntelDAOS,DAOS-166,0,0,0,0
Hyperledger:FABP-94,Hyperledger,FABP-94,0,0,0,0
IntelDAOS:DAOS-173,IntelDAOS,DAOS-173,0,0,0,0
IntelDAOS:DAOS-174,IntelDAOS,DAOS-174,1,0,0,0
Hyperledger:FABP-114,Hyperledger,FABP-114,0,0,0,0
MariaDB:MDEV-10340,MariaDB,MDEV-10340,0,0,0,0
MariaDB:MDEV-11042,MariaDB,MDEV-11042,0,0,0,0
MariaDB:MDEV-9658,MariaDB,MDEV-9658,1,0,0,0
MariaDB:MDEV-10587,MariaDB,MDEV-10587,1,1,1,1
Hyperledger:FABP-6,Hyperledger,FABP-6,0,0,0,0
MariaDB:MXS-913,MariaDB,MXS-913,0,0,0,0
IntelDAOS:CART-15,IntelDAOS,CART-15,0,0,0,0
Jira:CRUC-5889,Jira,CRUC-5889,1,0,0,0
Hyperledger:FAB-701,Hyperledger,FAB-701,1,1,1,1
Hyperledger:FAB-702,Hyperledger,FAB-702,0,0,0,0
MariaDB:MXS-914,MariaDB,MXS-914,0,0,0,0
Hyperledger:FAB-704,Hyperledger,FAB-704,0,0,0,0
Hyperledger:FAB-705,Hyperledger,FAB-705,0,0,0,0
Hyperledger:FAB-706,Hyperledger,FAB-706,0,0,0,0
Hyperledger:FAB-708,Hyperledger,FAB-708,0,0,0,0
Hyperledger:FABN-61,Hyperledger,FABN-61,0,0,0,0
Hyperledger:FAB-712,Hyperledger,FAB-712,0,0,0,0
Hyperledger:FAB-587,Hyperledger,FAB-587,0,0,0,0
Hyperledger:FAB-544,Hyperledger,FAB-544,0,0,0,0
Hyperledger:FABP-118,Hyperledger,FABP-118,0,0,0,0
Hyperledger:FAB-724,Hyperledger,FAB-724,0,0,0,0
Jira:JRASERVER-36002,Jira,JRASERVER-36002,1,1,1,0
Jira:JRASERVER-41627,Jira,JRASERVER-41627,1,1,1,0
Jira:JRASERVER-62764,Jira,JRASERVER-62764,1,1,1,0
Jira:JRASERVER-38662,Jira,JRASERVER-38662,1,1,1,0
Jira:JRASERVER-43367,Jira,JRASERVER-43367,1,1,1,0
Jira:JRASERVER-44136,Jira,JRASERVER-44136,1,1,1,0
Jira:JRASERVER-60539,Jira,JRASERVER-60539,1,1,1,0
Jira:JRASERVER-60586,Jira,JRASERVER-60586,1,1,1,0
Jira:JRASERVER-60645,Jira,JRASERVER-60645,1,1,1,0
Hyperledger:FAB-726,Hyperledger,FAB-726,0,0,0,0
Jira:BSERV-9283,Jira,BSERV-9283,0,0,0,0
Hyperledger:FABC-596,Hyperledger,FABC-596,0,0,0,0
IntelDAOS:CART-20,IntelDAOS,CART-20,0,0,0,0
Hyperledger:FAB-728,Hyperledger,FAB-728,0,0,0,0
Hyperledger:FAB-729,Hyperledger,FAB-729,0,0,0,0
Hyperledger:FABC-692,Hyperledger,FABC-692,0,0,0,0
Hyperledger:FAB-732,Hyperledger,FAB-732,0,0,0,0
Hyperledger:FAB-733,Hyperledger,FAB-733,0,0,0,0
Hyperledger:FAB-734,Hyperledger,FAB-734,0,0,0,0
Hyperledger:FAB-545,Hyperledger,FAB-545,0,0,0,0
MariaDB:MXS-923,MariaDB,MXS-923,0,0,0,0
MariaDB:MXS-924,MariaDB,MXS-924,0,0,0,0
MariaDB:MXS-925,MariaDB,MXS-925,0,0,0,0
Hyperledger:FABP-119,Hyperledger,FABP-119,1,1,0,0
Hyperledger:FABP-120,Hyperledger,FABP-120,1,1,0,0
MariaDB:MXS-928,MariaDB,MXS-928,0,0,0,0
MariaDB:MXS-932,MariaDB,MXS-932,0,0,0,0
MariaDB:MXS-935,MariaDB,MXS-935,0,0,0,0
MariaDB:MXS-907,MariaDB,MXS-907,0,0,0,0
MariaDB:MXS-895,MariaDB,MXS-895,0,0,0,0
MariaDB:MXS-890,MariaDB,MXS-890,0,0,0,0
MariaDB:MXS-936,MariaDB,MXS-936,0,0,0,0
MariaDB:MXS-934,MariaDB,MXS-934,0,0,0,0
MariaDB:MXS-937,MariaDB,MXS-937,0,0,0,0
MariaDB:MXS-938,MariaDB,MXS-938,0,0,0,0
MariaDB:MXS-930,MariaDB,MXS-930,0,0,0,0
MariaDB:MXS-939,MariaDB,MXS-939,0,0,0,0
MariaDB:MXS-940,MariaDB,MXS-940,0,0,0,0
MariaDB:MXS-941,MariaDB,MXS-941,0,0,0,0
Hyperledger:FAB-742,Hyperledger,FAB-742,0,0,0,0
Hyperledger:FAB-743,Hyperledger,FAB-743,0,0,0,0
Hyperledger:FAB-745,Hyperledger,FAB-745,0,0,0,0
Hyperledger:FAB-746,Hyperledger,FAB-746,1,1,1,1
MariaDB:MXS-943,MariaDB,MXS-943,0,0,0,0
MariaDB:MXS-944,MariaDB,MXS-944,0,0,0,0
MariaDB:MXS-945,MariaDB,MXS-945,0,0,0,0
MariaDB:MXS-946,MariaDB,MXS-946,0,0,0,0
MariaDB:MXS-947,MariaDB,MXS-947,0,0,0,0
MariaDB:MXS-948,MariaDB,MXS-948,0,0,0,0
MariaDB:MXS-949,MariaDB,MXS-949,0,0,0,0
MariaDB:MXS-950,MariaDB,MXS-950,0,0,0,0
Hyperledger:FAB-752,Hyperledger,FAB-752,0,0,0,0
MariaDB:MCOL-366,MariaDB,MCOL-366,0,0,0,0
Jira:JRASERVER-62883,Jira,JRASERVER-62883,1,1,1,0
Hyperledger:FAB-766,Hyperledger,FAB-766,0,0,0,0
Hyperledger:FAB-767,Hyperledger,FAB-767,0,0,0,0
Hyperledger:FAB-769,Hyperledger,FAB-769,0,0,0,0
Hyperledger:FAB-770,Hyperledger,FAB-770,0,0,0,0
Hyperledger:FAB-768,Hyperledger,FAB-768,0,0,0,0
Hyperledger:FAB-771,Hyperledger,FAB-771,0,0,0,0
Hyperledger:FAB-772,Hyperledger,FAB-772,0,0,0,0
Hyperledger:FAB-773,Hyperledger,FAB-773,0,0,0,0
Hyperledger:FAB-774,Hyperledger,FAB-774,0,0,0,0
Hyperledger:FABN-725,Hyperledger,FABN-725,1,1,1,1
Hyperledger:FABN-727,Hyperledger,FABN-727,0,0,0,0
Hyperledger:FABN-728,Hyperledger,FABN-728,0,0,0,0
Hyperledger:FAB-780,Hyperledger,FAB-780,0,0,0,0
Hyperledger:FAB-782,Hyperledger,FAB-782,0,0,0,0
Hyperledger:FAB-741,Hyperledger,FAB-741,0,0,0,0
Hyperledger:FAB-783,Hyperledger,FAB-783,0,0,0,0
Hyperledger:FABN-730,Hyperledger,FABN-730,0,0,0,0
Hyperledger:FAB-786,Hyperledger,FAB-786,0,0,0,0
Hyperledger:FAB-787,Hyperledger,FAB-787,1,1,1,0
Hyperledger:FAB-788,Hyperledger,FAB-788,1,1,1,1
Hyperledger:FAB-789,Hyperledger,FAB-789,0,0,0,0
Hyperledger:FAB-790,Hyperledger,FAB-790,0,0,0,0
Hyperledger:FAB-791,Hyperledger,FAB-791,0,0,0,0
Hyperledger:FAB-793,Hyperledger,FAB-793,0,0,0,0
Hyperledger:FAB-795,Hyperledger,FAB-795,0,0,0,0
Hyperledger:FAB-797,Hyperledger,FAB-797,0,0,0,0
Hyperledger:FAB-798,Hyperledger,FAB-798,0,0,0,0
Hyperledger:FABP-116,Hyperledger,FABP-116,0,0,0,0
Hyperledger:FABP-115,Hyperledger,FABP-115,0,0,0,0
Hyperledger:FABP-11,Hyperledger,FABP-11,0,0,0,0
MariaDB:MDEV-11097,MariaDB,MDEV-11097,0,0,0,0
Hyperledger:FAB-312,Hyperledger,FAB-312,0,0,0,0
Hyperledger:FABC-15,Hyperledger,FABC-15,1,1,0,0
Hyperledger:FAB-660,Hyperledger,FAB-660,0,0,0,0
Hyperledger:FABC-614,Hyperledger,FABC-614,0,0,0,0
Hyperledger:FAB-663,Hyperledger,FAB-663,0,0,0,0
Hyperledger:FAB-667,Hyperledger,FAB-667,0,0,0,0
Hyperledger:FAB-668,Hyperledger,FAB-668,0,0,0,0
Hyperledger:FAB-805,Hyperledger,FAB-805,0,0,0,0
Hyperledger:FABC-663,Hyperledger,FABC-663,1,1,1,1
Hyperledger:FAB-756,Hyperledger,FAB-756,0,0,0,0
Hyperledger:FAB-761,Hyperledger,FAB-761,1,1,1,1
Hyperledger:FABC-610,Hyperledger,FABC-610,0,0,0,0
Hyperledger:FAB-672,Hyperledger,FAB-672,0,0,0,0
Hyperledger:FAB-812,Hyperledger,FAB-812,0,0,0,0
Hyperledger:FAB-670,Hyperledger,FAB-670,1,1,1,1
Hyperledger:FAB-674,Hyperledger,FAB-674,0,0,0,0
Hyperledger:FAB-664,Hyperledger,FAB-664,0,0,0,0
Hyperledger:FAB-819,Hyperledger,FAB-819,1,1,1,1
Hyperledger:FAB-690,Hyperledger,FAB-690,0,0,0,0
Hyperledger:FAB-820,Hyperledger,FAB-820,0,0,0,0
Hyperledger:FAB-821,Hyperledger,FAB-821,0,0,0,0
Jira:CONFSERVER-45083,Jira,CONFSERVER-45083,1,1,1,1
Hyperledger:FAB-824,Hyperledger,FAB-824,1,1,1,1
Hyperledger:FABN-734,Hyperledger,FABN-734,1,1,1,1
Hyperledger:FAB-682,Hyperledger,FAB-682,1,1,1,1
Hyperledger:FAB-817,Hyperledger,FAB-817,0,0,0,0
Hyperledger:FAB-581,Hyperledger,FAB-581,1,1,1,0
Hyperledger:FAB-397,Hyperledger,FAB-397,0,0,0,0
Hyperledger:FABN-739,Hyperledger,FABN-739,0,0,0,0
Hyperledger:FAB-583,Hyperledger,FAB-583,0,0,0,0
Hyperledger:FAB-47,Hyperledger,FAB-47,0,0,0,0
Hyperledger:FAB-283,Hyperledger,FAB-283,1,0,0,0
Hyperledger:FAB-399,Hyperledger,FAB-399,1,1,1,0
Hyperledger:FAB-827,Hyperledger,FAB-827,0,0,0,0
Hyperledger:FAB-829,Hyperledger,FAB-829,1,1,1,1
Hyperledger:FAB-830,Hyperledger,FAB-830,0,0,0,0
Hyperledger:FAB-831,Hyperledger,FAB-831,0,0,0,0
Hyperledger:FAB-832,Hyperledger,FAB-832,0,0,0,0
Hyperledger:FAB-833,Hyperledger,FAB-833,0,0,0,0
IntelDAOS:CART-40,IntelDAOS,CART-40,0,0,0,0
Hyperledger:FABN-729,Hyperledger,FABN-729,0,0,0,0
Hyperledger:FAB-835,Hyperledger,FAB-835,0,0,0,0
Hyperledger:FABC-674,Hyperledger,FABC-674,0,0,0,0
Hyperledger:FABN-708,Hyperledger,FABN-708,0,0,0,0
Hyperledger:FAB-839,Hyperledger,FAB-839,0,0,0,0
Hyperledger:FAB-546,Hyperledger,FAB-546,0,0,0,0
Hyperledger:FAB-183,Hyperledger,FAB-183,0,0,0,0
Hyperledger:FAB-799,Hyperledger,FAB-799,0,0,0,0
Hyperledger:FAB-187,Hyperledger,FAB-187,1,1,1,1
Hyperledger:FAB-845,Hyperledger,FAB-845,0,0,0,0
Hyperledger:FAB-846,Hyperledger,FAB-846,0,0,0,0
Hyperledger:FAB-844,Hyperledger,FAB-844,1,1,1,1
Hyperledger:FAB-847,Hyperledger,FAB-847,0,0,0,0
Hyperledger:FAB-848,Hyperledger,FAB-848,0,0,0,0
Hyperledger:FAB-850,Hyperledger,FAB-850,0,0,0,0
Hyperledger:FAB-851,Hyperledger,FAB-851,1,1,1,0
Hyperledger:FAB-852,Hyperledger,FAB-852,0,0,0,0
Hyperledger:FAB-853,Hyperledger,FAB-853,0,0,0,0
Hyperledger:FAB-113,Hyperledger,FAB-113,0,0,0,0
Hyperledger:FABC-693,Hyperledger,FABC-693,0,0,0,0
Hyperledger:FABC-694,Hyperledger,FABC-694,0,0,0,0
Hyperledger:FABC-695,Hyperledger,FABC-695,0,0,0,0
Hyperledger:FABC-696,Hyperledger,FABC-696,0,0,0,0
Hyperledger:FABC-617,Hyperledger,FABC-617,0,0,0,0
Hyperledger:FABN-105,Hyperledger,FABN-105,0,0,0,0
Hyperledger:FABC-17,Hyperledger,FABC-17,0,0,0,0
Hyperledger:FABC-650,Hyperledger,FABC-650,0,0,0,0
MariaDB:MCOL-311,MariaDB,MCOL-311,0,0,0,0
MariaDB:MCOL-309,MariaDB,MCOL-309,0,0,0,0
MariaDB:MCOL-307,MariaDB,MCOL-307,0,0,0,0
Hyperledger:FAB-868,Hyperledger,FAB-868,0,0,0,0
MariaDB:MCOL-272,MariaDB,MCOL-272,0,0,0,0
Hyperledger:FAB-718,Hyperledger,FAB-718,0,0,0,0
MariaDB:MCOL-61,MariaDB,MCOL-61,0,0,0,0
Hyperledger:FAB-871,Hyperledger,FAB-871,1,1,1,1
Hyperledger:FAB-872,Hyperledger,FAB-872,0,0,0,0
Hyperledger:FABC-643,Hyperledger,FABC-643,0,0,0,0
Hyperledger:FAB-714,Hyperledger,FAB-714,1,1,0,0
Hyperledger:FAB-878,Hyperledger,FAB-878,0,0,0,0
Hyperledger:FAB-881,Hyperledger,FAB-881,0,0,0,0
Hyperledger:FAB-883,Hyperledger,FAB-883,0,0,0,0
Hyperledger:FAB-885,Hyperledger,FAB-885,0,0,0,0
Hyperledger:FAB-886,Hyperledger,FAB-886,1,0,0,0
MariaDB:MDEV-20720,MariaDB,MDEV-20720,0,0,0,0
MariaDB:MDEV-11130,MariaDB,MDEV-11130,1,1,1,1
Hyperledger:FAB-818,Hyperledger,FAB-818,0,0,0,0
Hyperledger:FABN-785,Hyperledger,FABN-785,0,0,0,0
Hyperledger:FAB-552,Hyperledger,FAB-552,0,0,0,0
Hyperledger:FAB-554,Hyperledger,FAB-554,0,0,0,0
Hyperledger:FAB-890,Hyperledger,FAB-890,0,0,0,0
Hyperledger:FABC-158,Hyperledger,FABC-158,1,0,0,0
Jira:JRASERVER-62967,Jira,JRASERVER-62967,1,1,1,0
Hyperledger:FABN-9,Hyperledger,FABN-9,1,1,1,1
Hyperledger:FABN-8,Hyperledger,FABN-8,0,0,0,0
Hyperledger:FABN-3,Hyperledger,FABN-3,0,0,0,0
Hyperledger:FAB-849,Hyperledger,FAB-849,0,0,0,0
Hyperledger:FAB-895,Hyperledger,FAB-895,0,0,0,0
Hyperledger:FAB-892,Hyperledger,FAB-892,0,0,0,0
Hyperledger:FAB-896,Hyperledger,FAB-896,1,1,1,1
Hyperledger:FAB-550,Hyperledger,FAB-550,0,0,0,0
Hyperledger:FAB-904,Hyperledger,FAB-904,0,0,0,0
Hyperledger:FAB-906,Hyperledger,FAB-906,0,0,0,0
Jira:JRASERVER-62207,Jira,JRASERVER-62207,1,1,1,0
Jira:JRASERVER-62886,Jira,JRASERVER-62886,1,1,1,0
Hyperledger:FAB-913,Hyperledger,FAB-913,0,0,0,0
Jira:BSERV-9286,Jira,BSERV-9286,0,0,0,0
Hyperledger:FAB-924,Hyperledger,FAB-924,0,0,0,0
Hyperledger:FAB-813,Hyperledger,FAB-813,0,0,0,0
Hyperledger:FAB-925,Hyperledger,FAB-925,0,0,0,0
MariaDB:MDEV-11200,MariaDB,MDEV-11200,0,0,0,0
MariaDB:MXS-910,MariaDB,MXS-910,0,0,0,0
MariaDB:MXS-922,MariaDB,MXS-922,0,0,0,0
MariaDB:MXS-399,MariaDB,MXS-399,0,0,0,0
MariaDB:MXS-754,MariaDB,MXS-754,0,0,0,0
MariaDB:MXS-891,MariaDB,MXS-891,0,0,0,0
Hyperledger:FAB-931,Hyperledger,FAB-931,0,0,0,0
MariaDB:MCOL-386,MariaDB,MCOL-386,0,0,0,0
Hyperledger:FAB-932,Hyperledger,FAB-932,0,0,0,0
Hyperledger:FAB-934,Hyperledger,FAB-934,0,0,0,0
Hyperledger:FAB-938,Hyperledger,FAB-938,0,0,0,0
Hyperledger:FABC-658,Hyperledger,FABC-658,0,0,0,0
Hyperledger:FABC-644,Hyperledger,FABC-644,0,0,0,0
Hyperledger:FABC-668,Hyperledger,FABC-668,0,0,0,0
Hyperledger:FABC-662,Hyperledger,FABC-662,0,0,0,0
Hyperledger:FAB-948,Hyperledger,FAB-948,0,0,0,0
Hyperledger:FAB-889,Hyperledger,FAB-889,0,0,0,0
Hyperledger:FAB-950,Hyperledger,FAB-950,0,0,0,0
Hyperledger:FABC-38,Hyperledger,FABC-38,1,1,1,1
Hyperledger:FAB-954,Hyperledger,FAB-954,0,0,0,0
Hyperledger:FAB-955,Hyperledger,FAB-955,0,0,0,0
Hyperledger:FAB-956,Hyperledger,FAB-956,0,0,0,0
Hyperledger:FAB-957,Hyperledger,FAB-957,0,0,0,0
Hyperledger:FABP-140,Hyperledger,FABP-140,0,0,0,0
Hyperledger:FAB-959,Hyperledger,FAB-959,0,0,0,0
Hyperledger:FABP-139,Hyperledger,FABP-139,0,0,0,0
Hyperledger:FABP-141,Hyperledger,FABP-141,0,0,0,0
Hyperledger:FABP-142,Hyperledger,FABP-142,0,0,0,0
Hyperledger:FABP-143,Hyperledger,FABP-143,0,0,0,0
Hyperledger:FAB-969,Hyperledger,FAB-969,1,1,1,0
Hyperledger:FAB-973,Hyperledger,FAB-973,0,0,0,0
Hyperledger:FAB-974,Hyperledger,FAB-974,0,0,0,0
Hyperledger:FAB-975,Hyperledger,FAB-975,0,0,0,0
Hyperledger:FAB-976,Hyperledger,FAB-976,0,0,0,0
Hyperledger:FAB-977,Hyperledger,FAB-977,0,0,0,0
Hyperledger:FAB-972,Hyperledger,FAB-972,1,1,1,1
Hyperledger:FAB-980,Hyperledger,FAB-980,0,0,0,0
Hyperledger:FAB-981,Hyperledger,FAB-981,0,0,0,0
Hyperledger:FAB-547,Hyperledger,FAB-547,0,0,0,0
Hyperledger:FABN-736,Hyperledger,FABN-736,1,0,0,0
Hyperledger:FABN-696,Hyperledger,FABN-696,0,0,0,0
Hyperledger:FABC-646,Hyperledger,FABC-646,0,0,0,0
Hyperledger:FAB-984,Hyperledger,FAB-984,0,0,0,0
Hyperledger:FABN-762,Hyperledger,FABN-762,0,0,0,0
Hyperledger:FABN-17,Hyperledger,FABN-17,0,0,0,0
Hyperledger:FABN-710,Hyperledger,FABN-710,0,0,0,0
Hyperledger:FABN-7,Hyperledger,FABN-7,0,0,0,0
Hyperledger:FABN-724,Hyperledger,FABN-724,0,0,0,0
Hyperledger:FABN-704,Hyperledger,FABN-704,0,0,0,0
Hyperledger:FAB-993,Hyperledger,FAB-993,0,0,0,0
Hyperledger:FAB-994,Hyperledger,FAB-994,0,0,0,0
Hyperledger:FAB-995,Hyperledger,FAB-995,0,0,0,0
Hyperledger:FAB-996,Hyperledger,FAB-996,1,0,0,0
Hyperledger:FAB-997,Hyperledger,FAB-997,0,0,0,0
Hyperledger:FAB-998,Hyperledger,FAB-998,0,0,0,0
Hyperledger:FAB-999,Hyperledger,FAB-999,0,0,0,0
Hyperledger:FAB-1000,Hyperledger,FAB-1000,0,0,0,0
Hyperledger:FAB-828,Hyperledger,FAB-828,0,0,0,0
Jira:CRUC-6225,Jira,CRUC-6225,0,0,0,0
Hyperledger:FAB-1007,Hyperledger,FAB-1007,0,0,0,0
Hyperledger:FAB-1008,Hyperledger,FAB-1008,0,0,0,0
Hyperledger:FAB-1009,Hyperledger,FAB-1009,0,0,0,0
Hyperledger:FAB-1011,Hyperledger,FAB-1011,0,0,0,0
Hyperledger:FAB-1013,Hyperledger,FAB-1013,0,0,0,0
MariaDB:MCOL-385,MariaDB,MCOL-385,0,0,0,0
Hyperledger:FAB-1016,Hyperledger,FAB-1016,0,0,0,0
Hyperledger:FAB-1017,Hyperledger,FAB-1017,1,1,1,1
Hyperledger:FAB-1018,Hyperledger,FAB-1018,0,0,0,0
Hyperledger:FAB-1019,Hyperledger,FAB-1019,1,1,1,0
Hyperledger:FAB-1029,Hyperledger,FAB-1029,0,0,0,0
Jira:FE-6708,Jira,FE-6708,0,0,0,0
Hyperledger:FABP-138,Hyperledger,FABP-138,0,0,0,0
Hyperledger:FAB-1035,Hyperledger,FAB-1035,0,0,0,0
Hyperledger:FAB-601,Hyperledger,FAB-601,0,0,0,0
Hyperledger:FAB-1038,Hyperledger,FAB-1038,0,0,0,0
Hyperledger:FAB-1020,Hyperledger,FAB-1020,0,0,0,0
Hyperledger:FAB-65,Hyperledger,FAB-65,1,1,1,1
Hyperledger:FAB-197,Hyperledger,FAB-197,1,1,1,1
Hyperledger:FAB-497,Hyperledger,FAB-497,0,0,0,0
Hyperledger:FAB-1043,Hyperledger,FAB-1043,0,0,0,0
Hyperledger:FABP-117,Hyperledger,FABP-117,0,0,0,0
Hyperledger:FAB-1046,Hyperledger,FAB-1046,0,0,0,0
Hyperledger:FAB-1047,Hyperledger,FAB-1047,0,0,0,0
Hyperledger:FABP-121,Hyperledger,FABP-121,0,0,0,0
Hyperledger:FABP-122,Hyperledger,FABP-122,1,0,0,0
MariaDB:MDEV-11245,MariaDB,MDEV-11245,0,0,0,0
Hyperledger:FABP-123,Hyperledger,FABP-123,1,0,0,0
MariaDB:MDEV-10141,MariaDB,MDEV-10141,1,1,1,1
MariaDB:MDEV-11212,MariaDB,MDEV-11212,0,0,0,0
Hyperledger:FABN-705,Hyperledger,FABN-705,0,0,0,0
Hyperledger:FABN-706,Hyperledger,FABN-706,0,0,0,0
Hyperledger:FABN-740,Hyperledger,FABN-740,0,0,0,0
Hyperledger:FAB-1054,Hyperledger,FAB-1054,1,1,1,1
Hyperledger:FAB-713,Hyperledger,FAB-713,0,0,0,0
Hyperledger:FAB-1057,Hyperledger,FAB-1057,1,1,1,1
Hyperledger:FAB-1060,Hyperledger,FAB-1060,0,0,0,0
Hyperledger:FAB-1061,Hyperledger,FAB-1061,0,0,0,0
Jira:CONFSERVER-45272,Jira,CONFSERVER-45272,1,1,1,1
Hyperledger:FABP-144,Hyperledger,FABP-144,0,0,0,0
Hyperledger:FAB-1063,Hyperledger,FAB-1063,1,1,0,0
Hyperledger:FAB-1065,Hyperledger,FAB-1065,0,0,0,0
Hyperledger:FAB-1066,Hyperledger,FAB-1066,1,1,0,0
Hyperledger:FAB-1067,Hyperledger,FAB-1067,1,1,1,1
Hyperledger:FAB-1074,Hyperledger,FAB-1074,0,0,0,0
Hyperledger:FAB-1075,Hyperledger,FAB-1075,0,0,0,0
Hyperledger:FAB-1072,Hyperledger,FAB-1072,0,0,0,0
Hyperledger:FAB-1077,Hyperledger,FAB-1077,0,0,0,0
Hyperledger:FAB-1078,Hyperledger,FAB-1078,0,0,0,0
Hyperledger:FAB-1022,Hyperledger,FAB-1022,0,0,0,0
Hyperledger:FAB-1025,Hyperledger,FAB-1025,0,0,0,0
Hyperledger:FAB-1055,Hyperledger,FAB-1055,0,0,0,0
Hyperledger:FAB-1081,Hyperledger,FAB-1081,0,0,0,0
Hyperledger:FAB-1082,Hyperledger,FAB-1082,0,0,0,0
Hyperledger:FABN-774,Hyperledger,FABN-774,1,1,1,1
Hyperledger:FAB-1085,Hyperledger,FAB-1085,0,0,0,0
Hyperledger:FAB-1033,Hyperledger,FAB-1033,1,1,1,0
Hyperledger:FABC-657,Hyperledger,FABC-657,0,0,0,0
Hyperledger:FAB-1087,Hyperledger,FAB-1087,0,0,0,0
Hyperledger:FABP-145,Hyperledger,FABP-145,0,0,0,0
Hyperledger:FABP-146,Hyperledger,FABP-146,0,0,0,0
Hyperledger:FAB-1094,Hyperledger,FAB-1094,0,0,0,0
MariaDB:MDEV-11275,MariaDB,MDEV-11275,1,1,1,1
Jira:JRASERVER-62853,Jira,JRASERVER-62853,1,1,1,0
Jira:JRASERVER-62721,Jira,JRASERVER-62721,1,1,1,0
Jira:FE-5696,Jira,FE-5696,1,0,0,0
Hyperledger:FABP-124,Hyperledger,FABP-124,0,0,0,0
Hyperledger:FABP-125,Hyperledger,FABP-125,0,0,0,0
Hyperledger:FABP-126,Hyperledger,FABP-126,0,0,0,0
Hyperledger:FABP-127,Hyperledger,FABP-127,0,0,0,0
Hyperledger:FABP-128,Hyperledger,FABP-128,0,0,0,0
Hyperledger:FABP-129,Hyperledger,FABP-129,0,0,0,0
Hyperledger:FABP-130,Hyperledger,FABP-130,0,0,0,0
Hyperledger:FABP-131,Hyperledger,FABP-131,0,0,0,0
Hyperledger:FABN-741,Hyperledger,FABN-741,1,1,1,1
Hyperledger:FABN-732,Hyperledger,FABN-732,0,0,0,0
Hyperledger:FABC-642,Hyperledger,FABC-642,0,0,0,0
Hyperledger:FAB-1113,Hyperledger,FAB-1113,0,0,0,0
Hyperledger:FAB-1114,Hyperledger,FAB-1114,0,0,0,0
Hyperledger:FAB-607,Hyperledger,FAB-607,0,0,0,0
Hyperledger:FAB-1115,Hyperledger,FAB-1115,0,0,0,0
Hyperledger:FAB-1116,Hyperledger,FAB-1116,0,0,0,0
Hyperledger:FAB-1117,Hyperledger,FAB-1117,0,0,0,0
Hyperledger:FABN-51,Hyperledger,FABN-51,0,0,0,0
Hyperledger:FAB-1109,Hyperledger,FAB-1109,1,0,0,0
Hyperledger:FAB-1120,Hyperledger,FAB-1120,0,0,0,0
Hyperledger:FAB-1121,Hyperledger,FAB-1121,0,0,0,0
Hyperledger:FAB-1119,Hyperledger,FAB-1119,0,0,0,0
Hyperledger:FAB-1123,Hyperledger,FAB-1123,0,0,0,0
Hyperledger:FAB-1125,Hyperledger,FAB-1125,0,0,0,0
Hyperledger:FAB-1127,Hyperledger,FAB-1127,0,0,0,0
Hyperledger:FAB-1128,Hyperledger,FAB-1128,0,0,0,0
Jira:CONFSERVER-45273,Jira,CONFSERVER-45273,1,1,1,1
MariaDB:MCOL-406,MariaDB,MCOL-406,0,0,0,0
IntelDAOS:CART-31,IntelDAOS,CART-31,0,0,0,0
IntelDAOS:CART-24,IntelDAOS,CART-24,1,1,1,0
Hyperledger:FAB-200,Hyperledger,FAB-200,1,1,1,1
Hyperledger:FAB-204,Hyperledger,FAB-204,1,0,0,0
Hyperledger:FAB-731,Hyperledger,FAB-731,0,0,0,0
Hyperledger:FAB-1130,Hyperledger,FAB-1130,0,0,0,0
Jira:JSWSERVER-15186,Jira,JSWSERVER-15186,0,0,0,0
MariaDB:MXS-971,MariaDB,MXS-971,0,0,0,0
MariaDB:MXS-929,MariaDB,MXS-929,1,1,1,1
MariaDB:MXS-843,MariaDB,MXS-843,0,0,0,0
MariaDB:MXS-893,MariaDB,MXS-893,0,0,0,0
Hyperledger:FAB-1134,Hyperledger,FAB-1134,0,0,0,0
Hyperledger:FAB-1135,Hyperledger,FAB-1135,0,0,0,0
Qt:AUTOSUITE-588,Qt,AUTOSUITE-588,0,0,0,0
Qt:QTBUG-73184,Qt,QTBUG-73184,0,0,0,0
Hyperledger:FAB-1140,Hyperledger,FAB-1140,0,0,0,0
MariaDB:MDEV-11239,MariaDB,MDEV-11239,0,0,0,0
Qt:AUTOSUITE-19,Qt,AUTOSUITE-19,0,0,0,0
Qt:AUTOSUITE-21,Qt,AUTOSUITE-21,0,0,0,0
Hyperledger:FAB-1142,Hyperledger,FAB-1142,1,1,1,1
Jira:CONFCLOUD-60583,Jira,CONFCLOUD-60583,1,0,0,0
MariaDB:MDEV-11297,MariaDB,MDEV-11297,0,0,0,0
MariaDB:MXS-981,MariaDB,MXS-981,0,0,0,0
MariaDB:MXS-983,MariaDB,MXS-983,0,0,0,0
MariaDB:MXS-985,MariaDB,MXS-985,0,0,0,0
MariaDB:MXS-986,MariaDB,MXS-986,0,0,0,0
Hyperledger:FABC-619,Hyperledger,FABC-619,0,0,0,0
MariaDB:MXS-995,MariaDB,MXS-995,0,0,0,0
MariaDB:MCOL-1,MariaDB,MCOL-1,0,0,0,0
Hyperledger:FABN-743,Hyperledger,FABN-743,0,0,0,0
Hyperledger:FABN-744,Hyperledger,FABN-744,0,0,0,0
Hyperledger:FABN-731,Hyperledger,FABN-731,0,0,0,0
Hyperledger:FABN-735,Hyperledger,FABN-735,0,0,0,0
Hyperledger:FABC-673,Hyperledger,FABC-673,0,0,0,0
Hyperledger:FABN-18,Hyperledger,FABN-18,0,0,0,0
Hyperledger:FAB-1164,Hyperledger,FAB-1164,0,0,0,0
Hyperledger:FAB-1165,Hyperledger,FAB-1165,0,0,0,0
Hyperledger:FAB-1166,Hyperledger,FAB-1166,0,0,0,0
Hyperledger:FAB-1167,Hyperledger,FAB-1167,0,0,0,0
Hyperledger:FAB-1168,Hyperledger,FAB-1168,0,0,0,0
Hyperledger:FABC-495,Hyperledger,FABC-495,1,1,1,1
Hyperledger:FAB-811,Hyperledger,FAB-811,1,1,1,1
Hyperledger:FABC-620,Hyperledger,FABC-620,1,1,1,1
Hyperledger:FAB-1172,Hyperledger,FAB-1172,0,0,0,0
Hyperledger:FAB-1174,Hyperledger,FAB-1174,0,0,0,0
Hyperledger:FAB-1175,Hyperledger,FAB-1175,0,0,0,0
Hyperledger:FAB-1179,Hyperledger,FAB-1179,0,0,0,0
Hyperledger:FAB-1178,Hyperledger,FAB-1178,0,0,0,0
Jira:JSWSERVER-15224,Jira,JSWSERVER-15224,0,0,0,0
IntelDAOS:CART-46,IntelDAOS,CART-46,0,0,0,0
MariaDB:MXS-1022,MariaDB,MXS-1022,0,0,0,0
MariaDB:MXS-1023,MariaDB,MXS-1023,0,0,0,0
MariaDB:MCOL-304,MariaDB,MCOL-304,0,0,0,0
MariaDB:MCOL-405,MariaDB,MCOL-405,0,0,0,0
MariaDB:MCOL-420,MariaDB,MCOL-420,0,0,0,0
Hyperledger:FAB-953,Hyperledger,FAB-953,0,0,0,0
Hyperledger:FAB-1194,Hyperledger,FAB-1194,0,0,0,0
MariaDB:MDEV-11346,MariaDB,MDEV-11346,0,0,0,0
MariaDB:MDEV-11347,MariaDB,MDEV-11347,0,0,0,0
Jira:CONFCLOUD-60584,Jira,CONFCLOUD-60584,1,1,1,1
Hyperledger:FAB-1198,Hyperledger,FAB-1198,1,0,0,0
Jira:JRASERVER-63314,Jira,JRASERVER-63314,1,1,1,0
Jira:JRASERVER-62943,Jira,JRASERVER-62943,1,1,1,0
Hyperledger:FAB-1201,Hyperledger,FAB-1201,0,0,0,0
Hyperledger:FABN-742,Hyperledger,FABN-742,0,0,0,0
Hyperledger:FAB-1205,Hyperledger,FAB-1205,0,0,0,0
Hyperledger:FAB-1209,Hyperledger,FAB-1209,1,0,0,0
Hyperledger:FAB-1211,Hyperledger,FAB-1211,0,0,0,0
Hyperledger:FAB-1212,Hyperledger,FAB-1212,0,0,0,0
Hyperledger:FAB-1213,Hyperledger,FAB-1213,0,0,0,0
Hyperledger:FAB-1214,Hyperledger,FAB-1214,1,1,1,1
Jira:JRASERVER-63343,Jira,JRASERVER-63343,1,1,1,0
Jira:JRASERVER-60995,Jira,JRASERVER-60995,1,1,1,0
Hyperledger:FAB-1218,Hyperledger,FAB-1218,0,0,0,0
Hyperledger:FABN-745,Hyperledger,FABN-745,0,0,0,0
Hyperledger:FABN-747,Hyperledger,FABN-747,1,1,1,1
Hyperledger:FABN-737,Hyperledger,FABN-737,1,1,1,1
Hyperledger:FAB-1224,Hyperledger,FAB-1224,0,0,0,0
Hyperledger:FAB-1227,Hyperledger,FAB-1227,0,0,0,0
Hyperledger:FABC-612,Hyperledger,FABC-612,0,0,0,0
Hyperledger:FAB-1171,Hyperledger,FAB-1171,0,0,0,0
MariaDB:MXS-1029,MariaDB,MXS-1029,0,0,0,0
MariaDB:MXS-1030,MariaDB,MXS-1030,0,0,0,0
MariaDB:MXS-848,MariaDB,MXS-848,0,0,0,0
MariaDB:MXS-756,MariaDB,MXS-756,0,0,0,0
MariaDB:MXS-902,MariaDB,MXS-902,0,0,0,0
MariaDB:MXS-927,MariaDB,MXS-927,0,0,0,0
MariaDB:MXS-1031,MariaDB,MXS-1031,0,0,0,0
MariaDB:MDEV-11426,MariaDB,MDEV-11426,0,0,0,0
Hyperledger:FAB-1232,Hyperledger,FAB-1232,0,0,0,0
Hyperledger:FAB-1233,Hyperledger,FAB-1233,0,0,0,0
Hyperledger:FABN-763,Hyperledger,FABN-763,0,0,0,0
Hyperledger:FAB-1237,Hyperledger,FAB-1237,0,0,0,0
Hyperledger:FAB-1238,Hyperledger,FAB-1238,0,0,0,0
Hyperledger:FABN-769,Hyperledger,FABN-769,0,0,0,0
Hyperledger:FAB-1241,Hyperledger,FAB-1241,0,0,0,0
Hyperledger:FAB-1242,Hyperledger,FAB-1242,0,0,0,0
Hyperledger:FAB-1243,Hyperledger,FAB-1243,1,0,0,0
Hyperledger:FABN-775,Hyperledger,FABN-775,0,0,0,0
Hyperledger:FAB-1246,Hyperledger,FAB-1246,0,0,0,0
Hyperledger:FAB-1247,Hyperledger,FAB-1247,0,0,0,0
MariaDB:MDEV-11429,MariaDB,MDEV-11429,0,0,0,0
MariaDB:MDEV-11427,MariaDB,MDEV-11427,0,0,0,0
Hyperledger:FAB-1252,Hyperledger,FAB-1252,0,0,0,0
Hyperledger:FAB-1256,Hyperledger,FAB-1256,0,0,0,0
Hyperledger:FABN-746,Hyperledger,FABN-746,1,1,1,1
Hyperledger:FABN-777,Hyperledger,FABN-777,0,0,0,0
IntelDAOS:CART-77,IntelDAOS,CART-77,0,0,0,0
Hyperledger:FAB-1265,Hyperledger,FAB-1265,0,0,0,0
Hyperledger:FAB-1266,Hyperledger,FAB-1266,0,0,0,0
IntelDAOS:CART-83,IntelDAOS,CART-83,0,0,0,0
Hyperledger:FAB-1267,Hyperledger,FAB-1267,0,0,0,0
Hyperledger:FAB-1268,Hyperledger,FAB-1268,0,0,0,0
IntelDAOS:CART-125,IntelDAOS,CART-125,0,0,0,0
Hyperledger:FAB-1269,Hyperledger,FAB-1269,0,0,0,0
Hyperledger:FAB-1270,Hyperledger,FAB-1270,0,0,0,0
Hyperledger:FABN-776,Hyperledger,FABN-776,0,0,0,0
Hyperledger:FABN-778,Hyperledger,FABN-778,0,0,0,0
Hyperledger:FAB-1274,Hyperledger,FAB-1274,0,0,0,0
Hyperledger:FAB-1276,Hyperledger,FAB-1276,0,0,0,0
Hyperledger:FAB-1277,Hyperledger,FAB-1277,0,0,0,0
Hyperledger:FAB-1278,Hyperledger,FAB-1278,0,0,0,0
Hyperledger:FAB-1279,Hyperledger,FAB-1279,0,0,0,0
Hyperledger:FAB-1280,Hyperledger,FAB-1280,0,0,0,0
Hyperledger:FAB-1281,Hyperledger,FAB-1281,0,0,0,0
Hyperledger:FAB-1285,Hyperledger,FAB-1285,0,0,0,0
Hyperledger:FAB-1286,Hyperledger,FAB-1286,0,0,0,0
Hyperledger:FAB-1287,Hyperledger,FAB-1287,0,0,0,0
Hyperledger:FAB-1288,Hyperledger,FAB-1288,0,0,0,0
Hyperledger:FAB-1290,Hyperledger,FAB-1290,0,0,0,0
Hyperledger:FAB-1291,Hyperledger,FAB-1291,0,0,0,0
Hyperledger:FAB-1292,Hyperledger,FAB-1292,0,0,0,0
Hyperledger:FAB-1295,Hyperledger,FAB-1295,0,0,0,0
Hyperledger:FAB-1297,Hyperledger,FAB-1297,0,0,0,0
Hyperledger:FAB-1236,Hyperledger,FAB-1236,0,0,0,0
Hyperledger:FAB-1298,Hyperledger,FAB-1298,1,0,0,0
Hyperledger:FAB-1299,Hyperledger,FAB-1299,0,0,0,0
Hyperledger:FAB-816,Hyperledger,FAB-816,0,0,0,0
Hyperledger:FAB-814,Hyperledger,FAB-814,0,0,0,0
Hyperledger:FAB-1302,Hyperledger,FAB-1302,0,0,0,0
Hyperledger:FAB-1304,Hyperledger,FAB-1304,0,0,0,0
MariaDB:MDEV-6076,MariaDB,MDEV-6076,0,0,0,0
MariaDB:MDEV-10966,MariaDB,MDEV-10966,0,0,0,0
Hyperledger:FAB-1257,Hyperledger,FAB-1257,1,1,0,0
Hyperledger:FAB-444,Hyperledger,FAB-444,1,1,0,0
Hyperledger:FAB-1309,Hyperledger,FAB-1309,0,0,0,0
Hyperledger:FAB-1310,Hyperledger,FAB-1310,0,0,0,0
Hyperledger:FAB-744,Hyperledger,FAB-744,1,0,0,0
Hyperledger:FAB-1234,Hyperledger,FAB-1234,0,0,0,0
Hyperledger:FAB-1316,Hyperledger,FAB-1316,0,0,0,0
Hyperledger:FAB-1317,Hyperledger,FAB-1317,0,0,0,0
Hyperledger:FAB-1318,Hyperledger,FAB-1318,0,0,0,0
Hyperledger:FAB-145,Hyperledger,FAB-145,0,0,0,0
Hyperledger:FAB-1320,Hyperledger,FAB-1320,0,0,0,0
Hyperledger:FAB-1323,Hyperledger,FAB-1323,0,0,0,0
Hyperledger:FAB-1325,Hyperledger,FAB-1325,0,0,0,0
Hyperledger:FAB-1328,Hyperledger,FAB-1328,0,0,0,0
Hyperledger:FAB-1330,Hyperledger,FAB-1330,0,0,0,0
MariaDB:MCOL-453,MariaDB,MCOL-453,0,0,0,0
Hyperledger:FAB-1331,Hyperledger,FAB-1331,0,0,0,0
Hyperledger:FAB-1332,Hyperledger,FAB-1332,1,1,0,0
Hyperledger:FAB-1333,Hyperledger,FAB-1333,0,0,0,0
Hyperledger:FAB-1334,Hyperledger,FAB-1334,0,0,0,0
Hyperledger:FAB-1071,Hyperledger,FAB-1071,0,0,0,0
Hyperledger:FAB-1336,Hyperledger,FAB-1336,0,0,0,0
Hyperledger:FAB-1337,Hyperledger,FAB-1337,0,0,0,0
Hyperledger:FABC-35,Hyperledger,FABC-35,0,0,0,0
Hyperledger:FAB-1339,Hyperledger,FAB-1339,0,0,0,0
Hyperledger:FAB-1340,Hyperledger,FAB-1340,0,0,0,0
Hyperledger:FAB-1041,Hyperledger,FAB-1041,0,0,0,0
Hyperledger:FAB-1341,Hyperledger,FAB-1341,0,0,0,0
Hyperledger:FAB-1210,Hyperledger,FAB-1210,0,0,0,0
Hyperledger:FAB-1342,Hyperledger,FAB-1342,0,0,0,0
Hyperledger:FABC-661,Hyperledger,FABC-661,0,0,0,0
Hyperledger:FABC-664,Hyperledger,FABC-664,0,0,0,0
Hyperledger:FAB-1346,Hyperledger,FAB-1346,0,0,0,0
Hyperledger:FABC-457,Hyperledger,FABC-457,0,0,0,0
Hyperledger:FAB-1349,Hyperledger,FAB-1349,1,1,1,0
Hyperledger:FAB-1351,Hyperledger,FAB-1351,0,0,0,0
Hyperledger:FAB-1352,Hyperledger,FAB-1352,0,0,0,0
Hyperledger:FABC-625,Hyperledger,FABC-625,0,0,0,0
Hyperledger:FAB-1355,Hyperledger,FAB-1355,0,0,0,0
Hyperledger:FAB-1357,Hyperledger,FAB-1357,0,0,0,0
Hyperledger:FAB-1358,Hyperledger,FAB-1358,0,0,0,0
Hyperledger:FAB-1359,Hyperledger,FAB-1359,0,0,0,0
Hyperledger:FAB-1360,Hyperledger,FAB-1360,0,0,0,0
Hyperledger:FAB-1361,Hyperledger,FAB-1361,0,0,0,0
Hyperledger:FAB-1362,Hyperledger,FAB-1362,0,0,0,0
Hyperledger:FAB-1363,Hyperledger,FAB-1363,0,0,0,0
Hyperledger:FAB-1364,Hyperledger,FAB-1364,0,0,0,0
Hyperledger:FAB-1365,Hyperledger,FAB-1365,0,0,0,0
Hyperledger:FAB-1366,Hyperledger,FAB-1366,0,0,0,0
Hyperledger:FAB-1367,Hyperledger,FAB-1367,0,0,0,0
IntelDAOS:DAOS-216,IntelDAOS,DAOS-216,0,0,0,0
IntelDAOS:DAOS-214,IntelDAOS,DAOS-214,0,0,0,0
IntelDAOS:DAOS-183,IntelDAOS,DAOS-183,0,0,0,0
IntelDAOS:DAOS-215,IntelDAOS,DAOS-215,0,0,0,0
IntelDAOS:DAOS-217,IntelDAOS,DAOS-217,0,0,0,0
Hyperledger:FAB-1369,Hyperledger,FAB-1369,0,0,0,0
Hyperledger:FAB-1374,Hyperledger,FAB-1374,0,0,0,0
Hyperledger:FABN-764,Hyperledger,FABN-764,0,0,0,0
Hyperledger:FABN-765,Hyperledger,FABN-765,0,0,0,0
Hyperledger:FAB-1377,Hyperledger,FAB-1377,0,0,0,0
Hyperledger:FAB-1378,Hyperledger,FAB-1378,0,0,0,0
Hyperledger:FABN-766,Hyperledger,FABN-766,0,0,0,0
Hyperledger:FAB-1382,Hyperledger,FAB-1382,0,0,0,0
Hyperledger:FABC-676,Hyperledger,FABC-676,0,0,0,0
Hyperledger:FABC-116,Hyperledger,FABC-116,0,0,0,0
Hyperledger:FAB-1384,Hyperledger,FAB-1384,0,0,0,0
Jira:CONFCLOUD-61293,Jira,CONFCLOUD-61293,0,0,0,0
Jira:CONFCLOUD-61294,Jira,CONFCLOUD-61294,0,0,0,0
Jira:CONFCLOUD-61295,Jira,CONFCLOUD-61295,0,0,0,0
MariaDB:MXS-1061,MariaDB,MXS-1061,0,0,0,0
MariaDB:MXS-1062,MariaDB,MXS-1062,0,0,0,0
MariaDB:MXS-1063,MariaDB,MXS-1063,0,0,0,0
MariaDB:MXS-740,MariaDB,MXS-740,0,0,0,0
MariaDB:MXS-838,MariaDB,MXS-838,0,0,0,0
MariaDB:MXS-1064,MariaDB,MXS-1064,0,0,0,0
Hyperledger:FAB-1390,Hyperledger,FAB-1390,1,0,0,0
Hyperledger:FAB-1391,Hyperledger,FAB-1391,0,0,0,0
Hyperledger:FABJ-92,Hyperledger,FABJ-92,0,0,0,0
Hyperledger:FAB-1394,Hyperledger,FAB-1394,0,0,0,0
Hyperledger:FAB-1395,Hyperledger,FAB-1395,0,0,0,0
Hyperledger:FABJ-14,Hyperledger,FABJ-14,0,0,0,0
Hyperledger:FABJ-301,Hyperledger,FABJ-301,0,0,0,0
Hyperledger:FABJ-3,Hyperledger,FABJ-3,1,1,1,1
Hyperledger:FAB-1405,Hyperledger,FAB-1405,0,0,0,0
Hyperledger:FABJ-6,Hyperledger,FABJ-6,0,0,0,0
Hyperledger:FAB-1407,Hyperledger,FAB-1407,0,0,0,0
MariaDB:MCOL-462,MariaDB,MCOL-462,0,0,0,0
Hyperledger:FABN-748,Hyperledger,FABN-748,0,0,0,0
Hyperledger:FABC-86,Hyperledger,FABC-86,0,0,0,0
MariaDB:MDEV-11559,MariaDB,MDEV-11559,1,0,0,0
Hyperledger:FAB-1416,Hyperledger,FAB-1416,0,0,0,0
Hyperledger:FABN-767,Hyperledger,FABN-767,0,0,0,0
Hyperledger:FAB-1418,Hyperledger,FAB-1418,0,0,0,0
Hyperledger:FAB-1419,Hyperledger,FAB-1419,1,0,0,0
Hyperledger:FAB-1420,Hyperledger,FAB-1420,0,0,0,0
Hyperledger:FABN-749,Hyperledger,FABN-749,0,0,0,0
IntelDAOS:DAOS-222,IntelDAOS,DAOS-222,0,0,0,0
IntelDAOS:DAOS-224,IntelDAOS,DAOS-224,0,0,0,0
IntelDAOS:DAOS-226,IntelDAOS,DAOS-226,0,0,0,0
Hyperledger:FABP-132,Hyperledger,FABP-132,0,0,0,0
Hyperledger:FAB-1425,Hyperledger,FAB-1425,0,0,0,0
Hyperledger:FAB-1432,Hyperledger,FAB-1432,0,0,0,0
Hyperledger:FAB-1433,Hyperledger,FAB-1433,1,1,1,0
Hyperledger:FAB-1431,Hyperledger,FAB-1431,0,0,0,0
Hyperledger:FABJ-311,Hyperledger,FABJ-311,0,0,0,0
Hyperledger:FAB-1388,Hyperledger,FAB-1388,0,0,0,0
MariaDB:MCOL-470,MariaDB,MCOL-470,0,0,0,0
Hyperledger:FAB-1439,Hyperledger,FAB-1439,0,0,0,0
Hyperledger:FAB-1435,Hyperledger,FAB-1435,0,0,0,0
Hyperledger:FAB-1434,Hyperledger,FAB-1434,0,0,0,0
Hyperledger:FABC-499,Hyperledger,FABC-499,1,1,0,0
Hyperledger:FAB-1443,Hyperledger,FAB-1443,0,0,0,0
Hyperledger:FAB-1444,Hyperledger,FAB-1444,0,0,0,0
Hyperledger:FAB-1445,Hyperledger,FAB-1445,0,0,0,0
Hyperledger:FAB-1446,Hyperledger,FAB-1446,0,0,0,0
IntelDAOS:CART-121,IntelDAOS,CART-121,0,0,0,0
IntelDAOS:CART-123,IntelDAOS,CART-123,0,0,0,0
IntelDAOS:CART-124,IntelDAOS,CART-124,1,0,0,0
IntelDAOS:CART-122,IntelDAOS,CART-122,0,0,0,0
Hyperledger:FAB-1449,Hyperledger,FAB-1449,0,0,0,0
MariaDB:MCOL-473,MariaDB,MCOL-473,0,0,0,0
Hyperledger:FAB-1451,Hyperledger,FAB-1451,0,0,0,0
Hyperledger:FABN-750,Hyperledger,FABN-750,0,0,0,0
MariaDB:MDEV-11557,MariaDB,MDEV-11557,0,0,0,0
Hyperledger:FAB-1459,Hyperledger,FAB-1459,1,1,1,1
Hyperledger:FABC-636,Hyperledger,FABC-636,0,0,0,0
Hyperledger:FABC-468,Hyperledger,FABC-468,1,1,1,1
Hyperledger:FABC-527,Hyperledger,FABC-527,1,1,1,1
Hyperledger:FABC-154,Hyperledger,FABC-154,1,1,1,1
Hyperledger:FABC-641,Hyperledger,FABC-641,0,0,0,0
Hyperledger:FABC-115,Hyperledger,FABC-115,1,1,1,1
Hyperledger:FABP-61,Hyperledger,FABP-61,0,0,0,0
MariaDB:MDEV-11369,MariaDB,MDEV-11369,0,0,0,0
Hyperledger:FAB-1474,Hyperledger,FAB-1474,0,0,0,0
Hyperledger:FAB-1475,Hyperledger,FAB-1475,0,0,0,0
Hyperledger:FABP-133,Hyperledger,FABP-133,0,0,0,0
Hyperledger:FABP-55,Hyperledger,FABP-55,0,0,0,0
Hyperledger:FAB-1489,Hyperledger,FAB-1489,0,0,0,0
Hyperledger:FAB-1493,Hyperledger,FAB-1493,0,0,0,0
Hyperledger:FAB-1494,Hyperledger,FAB-1494,0,0,0,0
Hyperledger:FABP-134,Hyperledger,FABP-134,0,0,0,0
Hyperledger:FAB-1497,Hyperledger,FAB-1497,0,0,0,0
IntelDAOS:CART-120,IntelDAOS,CART-120,1,1,1,1
Hyperledger:FAB-1500,Hyperledger,FAB-1500,0,0,0,0
Hyperledger:FAB-1501,Hyperledger,FAB-1501,0,0,0,0
Hyperledger:FAB-1502,Hyperledger,FAB-1502,1,1,1,0
Hyperledger:FAB-1504,Hyperledger,FAB-1504,0,0,0,0
Hyperledger:FAB-1505,Hyperledger,FAB-1505,0,0,0,0
Hyperledger:FAB-1506,Hyperledger,FAB-1506,0,0,0,0
MariaDB:MCOL-488,MariaDB,MCOL-488,0,0,0,0
Hyperledger:FAB-1509,Hyperledger,FAB-1509,0,0,0,0
MariaDB:MXS-1071,MariaDB,MXS-1071,0,0,0,0
Hyperledger:FABC-80,Hyperledger,FABC-80,1,1,1,1
MariaDB:MXS-622,MariaDB,MXS-622,0,0,0,0
MariaDB:MXS-1070,MariaDB,MXS-1070,0,0,0,0
MariaDB:MDEV-11714,MariaDB,MDEV-11714,1,1,1,0
MariaDB:MXS-391,MariaDB,MXS-391,0,0,0,0
MariaDB:MXS-287,MariaDB,MXS-287,0,0,0,0
MariaDB:MXS-1073,MariaDB,MXS-1073,0,0,0,0
MariaDB:MXS-406,MariaDB,MXS-406,1,1,1,1
MariaDB:MXS-1065,MariaDB,MXS-1065,0,0,0,0
MariaDB:MXS-1074,MariaDB,MXS-1074,0,0,0,0
Hyperledger:FAB-1514,Hyperledger,FAB-1514,0,0,0,0
Hyperledger:FAB-1516,Hyperledger,FAB-1516,1,1,1,1
Hyperledger:FABN-751,Hyperledger,FABN-751,0,0,0,0
Hyperledger:FABC-71,Hyperledger,FABC-71,0,0,0,0
Hyperledger:FAB-1518,Hyperledger,FAB-1518,0,0,0,0
Hyperledger:FAB-1521,Hyperledger,FAB-1521,0,0,0,0
Hyperledger:FABN-752,Hyperledger,FABN-752,0,0,0,0
Hyperledger:FAB-1523,Hyperledger,FAB-1523,0,0,0,0
Hyperledger:FAB-1524,Hyperledger,FAB-1524,0,0,0,0
Hyperledger:FAB-1529,Hyperledger,FAB-1529,0,0,0,0
Hyperledger:FABN-786,Hyperledger,FABN-786,0,0,0,0
Hyperledger:FAB-1539,Hyperledger,FAB-1539,0,0,0,0
Hyperledger:FAB-1542,Hyperledger,FAB-1542,0,0,0,0
Hyperledger:FAB-1544,Hyperledger,FAB-1544,0,0,0,0
Hyperledger:FABC-52,Hyperledger,FABC-52,0,0,0,0
Hyperledger:FAB-1547,Hyperledger,FAB-1547,0,0,0,0
Hyperledger:FAB-398,Hyperledger,FAB-398,0,0,0,0
Hyperledger:FAB-356,Hyperledger,FAB-356,1,1,1,1
Hyperledger:FAB-1553,Hyperledger,FAB-1553,0,0,0,0
Hyperledger:FAB-1554,Hyperledger,FAB-1554,0,0,0,0
Hyperledger:FAB-1556,Hyperledger,FAB-1556,0,0,0,0
Hyperledger:FAB-1557,Hyperledger,FAB-1557,0,0,0,0
Hyperledger:FAB-1558,Hyperledger,FAB-1558,0,0,0,0
Hyperledger:FAB-1559,Hyperledger,FAB-1559,0,0,0,0
Hyperledger:FAB-1560,Hyperledger,FAB-1560,0,0,0,0
Hyperledger:FAB-1563,Hyperledger,FAB-1563,0,0,0,0
Hyperledger:FAB-1564,Hyperledger,FAB-1564,0,0,0,0
Hyperledger:FAB-1565,Hyperledger,FAB-1565,0,0,0,0
Hyperledger:FAB-1566,Hyperledger,FAB-1566,0,0,0,0
Hyperledger:FAB-1568,Hyperledger,FAB-1568,0,0,0,0
Hyperledger:FAB-1573,Hyperledger,FAB-1573,0,0,0,0
Hyperledger:FAB-1574,Hyperledger,FAB-1574,0,0,0,0
Hyperledger:FAB-1575,Hyperledger,FAB-1575,0,0,0,0
Hyperledger:FAB-1576,Hyperledger,FAB-1576,0,0,0,0
Hyperledger:FABP-135,Hyperledger,FABP-135,0,0,0,0
Hyperledger:FABP-136,Hyperledger,FABP-136,0,0,0,0
Hyperledger:FAB-1579,Hyperledger,FAB-1579,0,0,0,0
Hyperledger:FAB-1580,Hyperledger,FAB-1580,0,0,0,0
Hyperledger:FAB-1585,Hyperledger,FAB-1585,0,0,0,0
Hyperledger:FABN-787,Hyperledger,FABN-787,0,0,0,0
Hyperledger:FABN-793,Hyperledger,FABN-793,0,0,0,0
MariaDB:MDEV-11755,MariaDB,MDEV-11755,1,0,0,0
MariaDB:MDEV-7409,MariaDB,MDEV-7409,0,0,0,0
MariaDB:MDEV-10664,MariaDB,MDEV-10664,0,0,0,0
Hyperledger:FAB-1603,Hyperledger,FAB-1603,0,0,0,0
Hyperledger:FAB-1604,Hyperledger,FAB-1604,1,1,0,0
Hyperledger:FAB-1606,Hyperledger,FAB-1606,0,0,0,0
Hyperledger:FAB-1607,Hyperledger,FAB-1607,0,0,0,0
Hyperledger:FAB-1611,Hyperledger,FAB-1611,0,0,0,0
Hyperledger:FAB-1612,Hyperledger,FAB-1612,0,0,0,0
Hyperledger:FAB-1613,Hyperledger,FAB-1613,0,0,0,0
Hyperledger:FAB-1614,Hyperledger,FAB-1614,0,0,0,0
Hyperledger:FAB-1615,Hyperledger,FAB-1615,0,0,0,0
Hyperledger:CE-3,Hyperledger,CE-3,0,0,0,0
Hyperledger:FAB-1617,Hyperledger,FAB-1617,0,0,0,0
Hyperledger:FAB-1619,Hyperledger,FAB-1619,0,0,0,0
Hyperledger:FABC-84,Hyperledger,FABC-84,1,1,1,1
MariaDB:MCOL-505,MariaDB,MCOL-505,0,0,0,0
MariaDB:MCOL-461,MariaDB,MCOL-461,0,0,0,0
Hyperledger:FAB-1623,Hyperledger,FAB-1623,0,0,0,0
MariaDB:MCOL-506,MariaDB,MCOL-506,0,0,0,0
Hyperledger:FABC-9,Hyperledger,FABC-9,0,0,0,0
Hyperledger:FAB-1637,Hyperledger,FAB-1637,1,1,1,1
Hyperledger:CE-2,Hyperledger,CE-2,0,0,0,0
Hyperledger:CE-4,Hyperledger,CE-4,1,1,0,0
Hyperledger:CE-5,Hyperledger,CE-5,0,0,0,0
Hyperledger:CE-7,Hyperledger,CE-7,1,1,1,0
Hyperledger:CE-8,Hyperledger,CE-8,0,0,0,0
Hyperledger:FAB-1639,Hyperledger,FAB-1639,0,0,0,0
Hyperledger:FAB-1642,Hyperledger,FAB-1642,0,0,0,0
Hyperledger:FAB-1649,Hyperledger,FAB-1649,0,0,0,0
Hyperledger:FAB-1650,Hyperledger,FAB-1650,0,0,0,0
Hyperledger:FAB-1528,Hyperledger,FAB-1528,0,0,0,0
Hyperledger:FABC-496,Hyperledger,FABC-496,1,1,1,1
Hyperledger:FAB-1653,Hyperledger,FAB-1653,0,0,0,0
Hyperledger:FAB-1661,Hyperledger,FAB-1661,0,0,0,0
Hyperledger:FAB-1662,Hyperledger,FAB-1662,0,0,0,0
Hyperledger:FAB-1663,Hyperledger,FAB-1663,0,0,0,0
Hyperledger:FAB-1666,Hyperledger,FAB-1666,0,0,0,0
Hyperledger:FAB-1667,Hyperledger,FAB-1667,1,1,0,0
Hyperledger:FAB-1187,Hyperledger,FAB-1187,0,0,0,0
Hyperledger:FAB-1668,Hyperledger,FAB-1668,1,1,1,1
Hyperledger:FAB-1669,Hyperledger,FAB-1669,0,0,0,0
MariaDB:MCOL-507,MariaDB,MCOL-507,0,0,0,0
MariaDB:MCOL-105,MariaDB,MCOL-105,0,0,0,0
Hyperledger:FAB-1675,Hyperledger,FAB-1675,0,0,0,0
Hyperledger:FAB-1678,Hyperledger,FAB-1678,1,1,1,1
Hyperledger:FAB-1679,Hyperledger,FAB-1679,0,0,0,0
Hyperledger:FAB-1681,Hyperledger,FAB-1681,0,0,0,0
Hyperledger:FAB-1684,Hyperledger,FAB-1684,0,0,0,0
Hyperledger:FABC-529,Hyperledger,FABC-529,0,0,0,0
Hyperledger:FAB-1685,Hyperledger,FAB-1685,0,0,0,0
IntelDAOS:CART-136,IntelDAOS,CART-136,0,0,0,0
Hyperledger:FABN-753,Hyperledger,FABN-753,0,0,0,0
Hyperledger:FAB-1694,Hyperledger,FAB-1694,0,0,0,0
Hyperledger:FAB-1695,Hyperledger,FAB-1695,1,1,1,1
Hyperledger:FAB-1697,Hyperledger,FAB-1697,0,0,0,0
Hyperledger:FAB-1698,Hyperledger,FAB-1698,0,0,0,0
Hyperledger:FAB-1699,Hyperledger,FAB-1699,0,0,0,0
Hyperledger:FAB-1700,Hyperledger,FAB-1700,0,0,0,0
Hyperledger:FAB-1709,Hyperledger,FAB-1709,0,0,0,0
Hyperledger:FABC-56,Hyperledger,FABC-56,0,0,0,0
Hyperledger:FAB-1713,Hyperledger,FAB-1713,0,0,0,0
Hyperledger:FABN-714,Hyperledger,FABN-714,0,0,0,0
MariaDB:MCOL-509,MariaDB,MCOL-509,0,0,0,0
MariaDB:MCOL-510,MariaDB,MCOL-510,0,0,0,0
Hyperledger:FAB-1715,Hyperledger,FAB-1715,0,0,0,0
MariaDB:MCOL-511,MariaDB,MCOL-511,0,0,0,0
MariaDB:MCOL-513,MariaDB,MCOL-513,0,0,0,0
MariaDB:MCOL-514,MariaDB,MCOL-514,0,0,0,0
Hyperledger:FABC-31,Hyperledger,FABC-31,1,1,1,1
MariaDB:MXS-1083,MariaDB,MXS-1083,0,0,0,0
MariaDB:MXS-1084,MariaDB,MXS-1084,0,0,0,0
MariaDB:MDEV-11782,MariaDB,MDEV-11782,1,1,0,0
MariaDB:MDEV-11692,MariaDB,MDEV-11692,0,0,0,0
MariaDB:MXS-912,MariaDB,MXS-912,0,0,0,0
MariaDB:MXS-185,MariaDB,MXS-185,0,0,0,0
MariaDB:MXS-109,MariaDB,MXS-109,0,0,0,0
MariaDB:MXS-1087,MariaDB,MXS-1087,0,0,0,0
Hyperledger:FAB-1724,Hyperledger,FAB-1724,0,0,0,0
Hyperledger:FABN-97,Hyperledger,FABN-97,0,0,0,0
Hyperledger:FABJ-24,Hyperledger,FABJ-24,0,0,0,0
Hyperledger:FABP-137,Hyperledger,FABP-137,0,0,0,0
Hyperledger:FABJ-11,Hyperledger,FABJ-11,0,0,0,0
Hyperledger:FABJ-23,Hyperledger,FABJ-23,0,0,0,0
Hyperledger:FABJ-7,Hyperledger,FABJ-7,0,0,0,0
MariaDB:MDEV-11743,MariaDB,MDEV-11743,0,0,0,0
MariaDB:MDEV-11825,MariaDB,MDEV-11825,0,0,0,0
Hyperledger:FABJ-21,Hyperledger,FABJ-21,0,0,0,0
Hyperledger:FABJ-80,Hyperledger,FABJ-80,0,0,0,0
Hyperledger:FABJ-73,Hyperledger,FABJ-73,0,0,0,0
Hyperledger:FABJ-2,Hyperledger,FABJ-2,1,1,1,1
Hyperledger:FABJ-144,Hyperledger,FABJ-144,0,0,0,0
Hyperledger:FABJ-119,Hyperledger,FABJ-119,0,0,0,0
Hyperledger:FABJ-13,Hyperledger,FABJ-13,0,0,0,0
Hyperledger:FABJ-306,Hyperledger,FABJ-306,1,1,1,1
Hyperledger:FABN-788,Hyperledger,FABN-788,0,0,0,0
MariaDB:MDEV-11837,MariaDB,MDEV-11837,1,1,0,0
Hyperledger:FAB-1738,Hyperledger,FAB-1738,1,1,1,1
MariaDB:MCOL-518,MariaDB,MCOL-518,0,0,0,0
Hyperledger:FAB-1743,Hyperledger,FAB-1743,0,0,0,0
Hyperledger:FAB-1745,Hyperledger,FAB-1745,0,0,0,0
Hyperledger:FAB-1746,Hyperledger,FAB-1746,0,0,0,0
Hyperledger:FAB-1748,Hyperledger,FAB-1748,0,0,0,0
Jira:JSWSERVER-7739,Jira,JSWSERVER-7739,0,0,0,0
IntelDAOS:DAOS-229,IntelDAOS,DAOS-229,0,0,0,0
Hyperledger:FAB-1751,Hyperledger,FAB-1751,0,0,0,0
Hyperledger:FAB-1752,Hyperledger,FAB-1752,0,0,0,0
Hyperledger:FAB-1762,Hyperledger,FAB-1762,0,0,0,0
Hyperledger:FAB-1766,Hyperledger,FAB-1766,0,0,0,0
Hyperledger:FAB-1767,Hyperledger,FAB-1767,0,0,0,0
Hyperledger:FAB-1768,Hyperledger,FAB-1768,0,0,0,0
Hyperledger:FAB-1769,Hyperledger,FAB-1769,0,0,0,0
Hyperledger:FABN-797,Hyperledger,FABN-797,0,0,0,0
Hyperledger:FAB-1771,Hyperledger,FAB-1771,0,0,0,0
Hyperledger:FAB-1772,Hyperledger,FAB-1772,0,0,0,0
Hyperledger:FAB-1773,Hyperledger,FAB-1773,0,0,0,0
Hyperledger:FAB-1774,Hyperledger,FAB-1774,1,1,1,1
Hyperledger:FAB-1775,Hyperledger,FAB-1775,0,0,0,0
Hyperledger:FAB-1776,Hyperledger,FAB-1776,0,0,0,0
Hyperledger:FAB-1777,Hyperledger,FAB-1777,0,0,0,0
Hyperledger:FAB-1778,Hyperledger,FAB-1778,0,0,0,0
Hyperledger:FAB-1779,Hyperledger,FAB-1779,1,0,0,0
Hyperledger:FAB-1739,Hyperledger,FAB-1739,0,0,0,0
Hyperledger:FABJ-17,Hyperledger,FABJ-17,0,0,0,0
Hyperledger:FABN-754,Hyperledger,FABN-754,0,0,0,0
MariaDB:MCOL-528,MariaDB,MCOL-528,0,0,0,0
Hyperledger:FABP-62,Hyperledger,FABP-62,0,0,0,0
Jira:JRASERVER-61180,Jira,JRASERVER-61180,1,1,1,0
Jira:JRASERVER-63711,Jira,JRASERVER-63711,1,1,1,0
Jira:JRASERVER-63690,Jira,JRASERVER-63690,1,1,1,0
Jira:JRASERVER-60485,Jira,JRASERVER-60485,1,1,1,0
Jira:JSWSERVER-10932,Jira,JSWSERVER-10932,0,0,0,0
Jira:JSWSERVER-13562,Jira,JSWSERVER-13562,0,0,0,0
MariaDB:MDEV-11880,MariaDB,MDEV-11880,1,1,1,1
Hyperledger:FABJ-16,Hyperledger,FABJ-16,0,0,0,0
Hyperledger:FAB-1805,Hyperledger,FAB-1805,1,1,0,0
Hyperledger:FAB-1806,Hyperledger,FAB-1806,1,1,1,1
Hyperledger:FAB-1807,Hyperledger,FAB-1807,1,1,1,1
Hyperledger:FABJ-123,Hyperledger,FABJ-123,0,0,0,0
Hyperledger:FABN-755,Hyperledger,FABN-755,1,1,1,1
MariaDB:MCOL-267,MariaDB,MCOL-267,1,0,0,0
Jira:BSERV-9502,Jira,BSERV-9502,1,0,0,0
Hyperledger:FABC-425,Hyperledger,FABC-425,0,0,0,0
Hyperledger:FAB-1818,Hyperledger,FAB-1818,0,0,0,0
Hyperledger:FAB-1819,Hyperledger,FAB-1819,0,0,0,0
Hyperledger:FABN-715,Hyperledger,FABN-715,0,0,0,0
Hyperledger:FAB-1825,Hyperledger,FAB-1825,0,0,0,0
Hyperledger:FABJ-302,Hyperledger,FABJ-302,1,0,0,0
Hyperledger:FABJ-303,Hyperledger,FABJ-303,0,0,0,0
Hyperledger:FABN-796,Hyperledger,FABN-796,0,0,0,0
MariaDB:MXS-1090,MariaDB,MXS-1090,0,0,0,0
MariaDB:MXS-1091,MariaDB,MXS-1091,0,0,0,0
MariaDB:MXS-1092,MariaDB,MXS-1092,0,0,0,0
MariaDB:MXS-1093,MariaDB,MXS-1093,0,0,0,0
MariaDB:MXS-1094,MariaDB,MXS-1094,0,0,0,0
MariaDB:MXS-1095,MariaDB,MXS-1095,0,0,0,0
MariaDB:MXS-1096,MariaDB,MXS-1096,0,0,0,0
MariaDB:MXS-1099,MariaDB,MXS-1099,0,0,0,0
MariaDB:MXS-1100,MariaDB,MXS-1100,0,0,0,0
MariaDB:MXS-1101,MariaDB,MXS-1101,0,0,0,0
MariaDB:MXS-1102,MariaDB,MXS-1102,0,0,0,0
MariaDB:MXS-1103,MariaDB,MXS-1103,0,0,0,0
MariaDB:MXS-1104,MariaDB,MXS-1104,0,0,0,0
MariaDB:MXS-1105,MariaDB,MXS-1105,0,0,0,0
Hyperledger:FAB-1845,Hyperledger,FAB-1845,0,0,0,0
Hyperledger:FAB-1858,Hyperledger,FAB-1858,0,0,0,0
Hyperledger:FAB-1859,Hyperledger,FAB-1859,0,0,0,0
Hyperledger:FAB-1861,Hyperledger,FAB-1861,0,0,0,0
Hyperledger:FAB-1862,Hyperledger,FAB-1862,0,0,0,0
Hyperledger:FABC-49,Hyperledger,FABC-49,0,0,0,0
Hyperledger:FABJ-304,Hyperledger,FABJ-304,0,0,0,0
Hyperledger:FAB-1869,Hyperledger,FAB-1869,0,0,0,0
Hyperledger:FAB-1879,Hyperledger,FAB-1879,0,0,0,0
Hyperledger:FAB-1880,Hyperledger,FAB-1880,0,0,0,0
Hyperledger:FAB-1883,Hyperledger,FAB-1883,0,0,0,0
Hyperledger:FABC-126,Hyperledger,FABC-126,0,0,0,0
Hyperledger:FAB-1887,Hyperledger,FAB-1887,0,0,0,0
Hyperledger:FAB-1890,Hyperledger,FAB-1890,0,0,0,0
Hyperledger:FAB-1891,Hyperledger,FAB-1891,0,0,0,0
Hyperledger:FABC-127,Hyperledger,FABC-127,0,0,0,0
Hyperledger:FAB-1893,Hyperledger,FAB-1893,0,0,0,0
Hyperledger:FABN-798,Hyperledger,FABN-798,0,0,0,0
Hyperledger:FABN-799,Hyperledger,FABN-799,0,0,0,0
Hyperledger:FABC-68,Hyperledger,FABC-68,0,0,0,0
Hyperledger:FAB-1900,Hyperledger,FAB-1900,0,0,0,0
Hyperledger:FAB-1901,Hyperledger,FAB-1901,0,0,0,0
Hyperledger:FAB-1902,Hyperledger,FAB-1902,0,0,0,0
Hyperledger:FAB-1903,Hyperledger,FAB-1903,0,0,0,0
Hyperledger:FAB-1904,Hyperledger,FAB-1904,0,0,0,0
Hyperledger:FAB-1905,Hyperledger,FAB-1905,0,0,0,0
Hyperledger:FAB-1906,Hyperledger,FAB-1906,0,0,0,0
Hyperledger:FAB-1907,Hyperledger,FAB-1907,1,1,1,1
Hyperledger:FAB-1908,Hyperledger,FAB-1908,1,1,0,0
Hyperledger:FAB-1909,Hyperledger,FAB-1909,0,0,0,0
Hyperledger:FAB-1910,Hyperledger,FAB-1910,0,0,0,0
Hyperledger:FAB-1911,Hyperledger,FAB-1911,0,0,0,0
Hyperledger:FAB-1912,Hyperledger,FAB-1912,0,0,0,0
Hyperledger:FAB-1917,Hyperledger,FAB-1917,1,1,1,1
Hyperledger:FAB-1920,Hyperledger,FAB-1920,0,0,0,0
Hyperledger:FAB-1924,Hyperledger,FAB-1924,0,0,0,0
Hyperledger:FAB-1925,Hyperledger,FAB-1925,0,0,0,0
Hyperledger:FAB-1926,Hyperledger,FAB-1926,1,0,0,0
IntelDAOS:CART-53,IntelDAOS,CART-53,0,0,0,0
IntelDAOS:CART-131,IntelDAOS,CART-131,0,0,0,0
Hyperledger:FAB-1834,Hyperledger,FAB-1834,0,0,0,0
Hyperledger:FAB-1809,Hyperledger,FAB-1809,0,0,0,0
Hyperledger:FAB-1938,Hyperledger,FAB-1938,1,1,1,1
Hyperledger:FAB-1940,Hyperledger,FAB-1940,0,0,0,0
Hyperledger:FAB-1944,Hyperledger,FAB-1944,0,0,0,0
Hyperledger:FAB-1946,Hyperledger,FAB-1946,0,0,0,0
Hyperledger:FABN-800,Hyperledger,FABN-800,0,0,0,0
Hyperledger:FAB-1846,Hyperledger,FAB-1846,0,0,0,0
Hyperledger:FAB-1955,Hyperledger,FAB-1955,0,0,0,0
Hyperledger:FAB-1956,Hyperledger,FAB-1956,0,0,0,0
Hyperledger:FAB-1958,Hyperledger,FAB-1958,0,0,0,0
Hyperledger:FAB-1960,Hyperledger,FAB-1960,0,0,0,0
Hyperledger:FAB-1961,Hyperledger,FAB-1961,0,0,0,0
Hyperledger:FAB-1962,Hyperledger,FAB-1962,0,0,0,0
MariaDB:MXS-1115,MariaDB,MXS-1115,0,0,0,0
MariaDB:MXS-1116,MariaDB,MXS-1116,0,0,0,0
MariaDB:MXS-1117,MariaDB,MXS-1117,0,0,0,0
MariaDB:MXS-1118,MariaDB,MXS-1118,0,0,0,0
MariaDB:MXS-410,MariaDB,MXS-410,0,0,0,0
MariaDB:MXS-1078,MariaDB,MXS-1078,0,0,0,0
MariaDB:MXS-1075,MariaDB,MXS-1075,1,0,0,0
MariaDB:MXS-1110,MariaDB,MXS-1110,0,0,0,0
MariaDB:MXS-1119,MariaDB,MXS-1119,0,0,0,0
MariaDB:MXS-980,MariaDB,MXS-980,0,0,0,0
MariaDB:MXS-1089,MariaDB,MXS-1089,0,0,0,0
MariaDB:MXS-1098,MariaDB,MXS-1098,0,0,0,0
Hyperledger:FAB-1978,Hyperledger,FAB-1978,1,1,1,1
Hyperledger:FAB-1979,Hyperledger,FAB-1979,0,0,0,0
Hyperledger:FABJ-314,Hyperledger,FABJ-314,0,0,0,0
Hyperledger:FABJ-315,Hyperledger,FABJ-315,0,0,0,0
Hyperledger:FAB-1984,Hyperledger,FAB-1984,1,1,1,1
Hyperledger:FAB-1985,Hyperledger,FAB-1985,1,1,0,0
Hyperledger:FAB-1438,Hyperledger,FAB-1438,0,0,0,0
Hyperledger:FAB-1441,Hyperledger,FAB-1441,0,0,0,0
Hyperledger:FAB-1990,Hyperledger,FAB-1990,0,0,0,0
Hyperledger:FAB-1992,Hyperledger,FAB-1992,0,0,0,0
Hyperledger:FAB-2002,Hyperledger,FAB-2002,0,0,0,0
Hyperledger:FAB-2009,Hyperledger,FAB-2009,0,0,0,0
Hyperledger:FABC-469,Hyperledger,FABC-469,1,1,1,1
Hyperledger:FABC-112,Hyperledger,FABC-112,1,0,0,0
Hyperledger:FAB-2015,Hyperledger,FAB-2015,0,0,0,0
Hyperledger:FAB-2017,Hyperledger,FAB-2017,0,0,0,0
Jira:JRASERVER-44539,Jira,JRASERVER-44539,1,1,1,0
Hyperledger:FAB-2024,Hyperledger,FAB-2024,1,1,1,1
Hyperledger:FAB-2025,Hyperledger,FAB-2025,1,1,1,1
Hyperledger:FAB-2022,Hyperledger,FAB-2022,0,0,0,0
Hyperledger:FAB-2027,Hyperledger,FAB-2027,0,0,0,0
Hyperledger:FAB-2029,Hyperledger,FAB-2029,0,0,0,0
Hyperledger:FAB-2030,Hyperledger,FAB-2030,0,0,0,0
Hyperledger:FAB-2031,Hyperledger,FAB-2031,0,0,0,0
Hyperledger:FAB-2032,Hyperledger,FAB-2032,1,1,1,1
Hyperledger:FAB-2047,Hyperledger,FAB-2047,0,0,0,0
Hyperledger:FAB-2052,Hyperledger,FAB-2052,0,0,0,0
Hyperledger:FAB-610,Hyperledger,FAB-610,0,0,0,0
Hyperledger:FAB-2054,Hyperledger,FAB-2054,0,0,0,0
Hyperledger:FAB-2055,Hyperledger,FAB-2055,0,0,0,0
Hyperledger:FAB-2056,Hyperledger,FAB-2056,1,0,0,0
Hyperledger:FABJ-93,Hyperledger,FABJ-93,0,0,0,0
Jira:JRASERVER-44705,Jira,JRASERVER-44705,1,1,1,0
Jira:JRASERVER-42697,Jira,JRASERVER-42697,1,1,1,0
Hyperledger:FAB-2062,Hyperledger,FAB-2062,0,0,0,0
Hyperledger:FABN-57,Hyperledger,FABN-57,0,0,0,0
Hyperledger:FABN-801,Hyperledger,FABN-801,0,0,0,0
Hyperledger:FAB-2067,Hyperledger,FAB-2067,0,0,0,0
Hyperledger:FAB-2068,Hyperledger,FAB-2068,0,0,0,0
Hyperledger:FAB-2069,Hyperledger,FAB-2069,0,0,0,0
Hyperledger:FABN-12,Hyperledger,FABN-12,0,0,0,0
Hyperledger:FAB-2071,Hyperledger,FAB-2071,0,0,0,0
Hyperledger:FAB-2074,Hyperledger,FAB-2074,0,0,0,0
Hyperledger:FAB-2073,Hyperledger,FAB-2073,0,0,0,0
Hyperledger:FAB-2075,Hyperledger,FAB-2075,0,0,0,0
Hyperledger:FAB-2076,Hyperledger,FAB-2076,0,0,0,0
Hyperledger:FAB-2078,Hyperledger,FAB-2078,0,0,0,0
Hyperledger:FAB-2079,Hyperledger,FAB-2079,0,0,0,0
Hyperledger:FAB-2080,Hyperledger,FAB-2080,0,0,0,0
Hyperledger:FABN-756,Hyperledger,FABN-756,0,0,0,0
MariaDB:MDEV-12007,MariaDB,MDEV-12007,0,0,0,0
MariaDB:MXS-1124,MariaDB,MXS-1124,0,0,0,0
MariaDB:MXS-1125,MariaDB,MXS-1125,0,0,0,0
MariaDB:MXS-1126,MariaDB,MXS-1126,0,0,0,0
MariaDB:MXS-1127,MariaDB,MXS-1127,0,0,0,0
MariaDB:MXS-1128,MariaDB,MXS-1128,0,0,0,0
MariaDB:MXS-1129,MariaDB,MXS-1129,0,0,0,0
Hyperledger:FAB-2086,Hyperledger,FAB-2086,0,0,0,0
MariaDB:MDEV-12011,MariaDB,MDEV-12011,1,1,1,1
Hyperledger:FAB-2087,Hyperledger,FAB-2087,0,0,0,0
Hyperledger:FAB-2088,Hyperledger,FAB-2088,1,1,1,1
Hyperledger:FAB-1994,Hyperledger,FAB-1994,0,0,0,0
Hyperledger:FAB-1934,Hyperledger,FAB-1934,1,1,1,1
Hyperledger:FAB-2091,Hyperledger,FAB-2091,0,0,0,0
Hyperledger:FABN-757,Hyperledger,FABN-757,0,0,0,0
Hyperledger:FAB-2094,Hyperledger,FAB-2094,1,1,1,1
Hyperledger:FABC-482,Hyperledger,FABC-482,0,0,0,0
Hyperledger:FAB-2096,Hyperledger,FAB-2096,0,0,0,0
Hyperledger:FAB-2097,Hyperledger,FAB-2097,0,0,0,0
Hyperledger:FAB-2098,Hyperledger,FAB-2098,0,0,0,0
Hyperledger:FAB-2099,Hyperledger,FAB-2099,0,0,0,0
Hyperledger:FAB-2100,Hyperledger,FAB-2100,0,0,0,0
Hyperledger:FAB-2101,Hyperledger,FAB-2101,0,0,0,0
Hyperledger:FAB-2102,Hyperledger,FAB-2102,0,0,0,0
Hyperledger:FAB-2103,Hyperledger,FAB-2103,0,0,0,0
Hyperledger:FAB-2104,Hyperledger,FAB-2104,0,0,0,0
Hyperledger:FAB-2105,Hyperledger,FAB-2105,0,0,0,0
Hyperledger:FAB-2106,Hyperledger,FAB-2106,0,0,0,0
Hyperledger:FAB-2107,Hyperledger,FAB-2107,0,0,0,0
Hyperledger:FAB-2108,Hyperledger,FAB-2108,0,0,0,0
Hyperledger:FABC-544,Hyperledger,FABC-544,0,0,0,0
Hyperledger:FAB-2112,Hyperledger,FAB-2112,0,0,0,0
Hyperledger:FAB-2113,Hyperledger,FAB-2113,0,0,0,0
Hyperledger:FAB-2114,Hyperledger,FAB-2114,0,0,0,0
Hyperledger:FAB-2115,Hyperledger,FAB-2115,0,0,0,0
Hyperledger:FAB-2116,Hyperledger,FAB-2116,0,0,0,0
Hyperledger:FAB-2117,Hyperledger,FAB-2117,0,0,0,0
Hyperledger:FAB-2118,Hyperledger,FAB-2118,1,1,1,1
Hyperledger:FAB-2120,Hyperledger,FAB-2120,0,0,0,0
Hyperledger:FABN-14,Hyperledger,FABN-14,1,1,1,1
Hyperledger:FAB-2123,Hyperledger,FAB-2123,0,0,0,0
Hyperledger:FAB-2059,Hyperledger,FAB-2059,0,0,0,0
Hyperledger:FABN-92,Hyperledger,FABN-92,0,0,0,0
Hyperledger:FAB-2124,Hyperledger,FAB-2124,0,0,0,0
Hyperledger:FABN-34,Hyperledger,FABN-34,0,0,0,0
Hyperledger:FAB-2125,Hyperledger,FAB-2125,1,1,1,1
Hyperledger:FABN-99,Hyperledger,FABN-99,0,0,0,0
Hyperledger:FAB-2126,Hyperledger,FAB-2126,0,0,0,0
Hyperledger:FAB-2128,Hyperledger,FAB-2128,0,0,0,0
Hyperledger:FAB-2130,Hyperledger,FAB-2130,0,0,0,0
Hyperledger:FABN-758,Hyperledger,FABN-758,0,0,0,0
Hyperledger:FAB-2135,Hyperledger,FAB-2135,0,0,0,0
Hyperledger:FAB-2139,Hyperledger,FAB-2139,0,0,0,0
Hyperledger:FAB-2140,Hyperledger,FAB-2140,0,0,0,0
Hyperledger:FAB-2142,Hyperledger,FAB-2142,0,0,0,0
Hyperledger:FAB-2144,Hyperledger,FAB-2144,0,0,0,0
Hyperledger:FAB-2145,Hyperledger,FAB-2145,0,0,0,0
Hyperledger:FAB-2146,Hyperledger,FAB-2146,0,0,0,0
Hyperledger:FABN-759,Hyperledger,FABN-759,0,0,0,0
Hyperledger:FAB-2149,Hyperledger,FAB-2149,0,0,0,0
Hyperledger:FAB-2150,Hyperledger,FAB-2150,0,0,0,0
Hyperledger:FAB-2151,Hyperledger,FAB-2151,0,0,0,0
Hyperledger:FAB-2152,Hyperledger,FAB-2152,0,0,0,0
Hyperledger:FAB-2155,Hyperledger,FAB-2155,0,0,0,0
Hyperledger:FAB-2156,Hyperledger,FAB-2156,0,0,0,0
Hyperledger:FABP-64,Hyperledger,FABP-64,1,1,0,0
Hyperledger:FAB-2162,Hyperledger,FAB-2162,0,0,0,0
Hyperledger:FAB-2163,Hyperledger,FAB-2163,0,0,0,0
Hyperledger:FABN-73,Hyperledger,FABN-73,0,0,0,0
Hyperledger:FAB-2169,Hyperledger,FAB-2169,0,0,0,0
Hyperledger:FAB-2170,Hyperledger,FAB-2170,0,0,0,0
Hyperledger:FAB-2172,Hyperledger,FAB-2172,0,0,0,0
Hyperledger:FAB-2176,Hyperledger,FAB-2176,0,0,0,0
Hyperledger:FAB-2177,Hyperledger,FAB-2177,0,0,0,0
Hyperledger:FAB-2178,Hyperledger,FAB-2178,0,0,0,0
Hyperledger:FABJ-59,Hyperledger,FABJ-59,1,0,0,0
Hyperledger:FABCT-5,Hyperledger,FABCT-5,0,0,0,0
Hyperledger:FAB-2187,Hyperledger,FAB-2187,0,0,0,0
Hyperledger:FAB-2189,Hyperledger,FAB-2189,0,0,0,0
Hyperledger:FAB-2190,Hyperledger,FAB-2190,0,0,0,0
Hyperledger:FAB-2196,Hyperledger,FAB-2196,0,0,0,0
Hyperledger:FAB-2197,Hyperledger,FAB-2197,0,0,0,0
Hyperledger:FAB-2198,Hyperledger,FAB-2198,0,0,0,0
Hyperledger:FAB-2201,Hyperledger,FAB-2201,0,0,0,0
Hyperledger:FAB-2202,Hyperledger,FAB-2202,0,0,0,0
Hyperledger:FAB-2204,Hyperledger,FAB-2204,0,0,0,0
IntelDAOS:CART-139,IntelDAOS,CART-139,0,0,0,0
Hyperledger:FAB-2210,Hyperledger,FAB-2210,0,0,0,0
Hyperledger:FAB-2213,Hyperledger,FAB-2213,0,0,0,0
Hyperledger:FABN-760,Hyperledger,FABN-760,0,0,0,0
Hyperledger:FAB-2219,Hyperledger,FAB-2219,0,0,0,0
Hyperledger:FAB-2222,Hyperledger,FAB-2222,0,0,0,0
Hyperledger:FAB-2223,Hyperledger,FAB-2223,0,0,0,0
Hyperledger:FAB-2225,Hyperledger,FAB-2225,0,0,0,0
Hyperledger:FAB-2226,Hyperledger,FAB-2226,0,0,0,0
Hyperledger:CE-13,Hyperledger,CE-13,0,0,0,0
Hyperledger:FAB-2232,Hyperledger,FAB-2232,0,0,0,0
Hyperledger:FABC-125,Hyperledger,FABC-125,0,0,0,0
Hyperledger:FAB-2235,Hyperledger,FAB-2235,1,1,1,1
Hyperledger:FAB-2236,Hyperledger,FAB-2236,1,1,1,1
Hyperledger:FAB-2237,Hyperledger,FAB-2237,1,1,1,1
Hyperledger:FAB-2238,Hyperledger,FAB-2238,0,0,0,0
Hyperledger:FAB-2239,Hyperledger,FAB-2239,0,0,0,0
MariaDB:MXS-1140,MariaDB,MXS-1140,1,1,1,1
Hyperledger:FAB-2243,Hyperledger,FAB-2243,1,1,1,1
MariaDB:MXS-1121,MariaDB,MXS-1121,0,0,0,0
MariaDB:MXS-1141,MariaDB,MXS-1141,0,0,0,0
MariaDB:MXS-1142,MariaDB,MXS-1142,0,0,0,0
MariaDB:MXS-1136,MariaDB,MXS-1136,0,0,0,0
MariaDB:MXS-1088,MariaDB,MXS-1088,0,0,0,0
MariaDB:MXS-904,MariaDB,MXS-904,0,0,0,0
Hyperledger:FAB-2248,Hyperledger,FAB-2248,0,0,0,0
Hyperledger:FAB-2250,Hyperledger,FAB-2250,0,0,0,0
Hyperledger:FAB-2253,Hyperledger,FAB-2253,0,0,0,0
Hyperledger:FAB-2255,Hyperledger,FAB-2255,0,0,0,0
Hyperledger:FABJ-20,Hyperledger,FABJ-20,1,0,0,0
Hyperledger:CE-14,Hyperledger,CE-14,0,0,0,0
Hyperledger:FAB-2254,Hyperledger,FAB-2254,0,0,0,0
Hyperledger:FAB-2261,Hyperledger,FAB-2261,0,0,0,0
Hyperledger:FAB-2262,Hyperledger,FAB-2262,0,0,0,0
Hyperledger:FAB-2265,Hyperledger,FAB-2265,0,0,0,0
Hyperledger:FAB-2267,Hyperledger,FAB-2267,0,0,0,0
Hyperledger:FAB-2269,Hyperledger,FAB-2269,0,0,0,0
Hyperledger:FAB-2111,Hyperledger,FAB-2111,0,0,0,0
Hyperledger:FAB-2274,Hyperledger,FAB-2274,0,0,0,0
Hyperledger:FAB-2251,Hyperledger,FAB-2251,1,1,0,0
Hyperledger:FAB-1705,Hyperledger,FAB-1705,1,0,0,0
Hyperledger:FAB-2277,Hyperledger,FAB-2277,0,0,0,0
Hyperledger:FAB-2281,Hyperledger,FAB-2281,0,0,0,0
Hyperledger:FAB-2282,Hyperledger,FAB-2282,1,1,1,0
Hyperledger:FAB-2286,Hyperledger,FAB-2286,0,0,0,0
Hyperledger:FAB-2287,Hyperledger,FAB-2287,0,0,0,0
Hyperledger:FAB-2289,Hyperledger,FAB-2289,1,0,0,0
Hyperledger:FAB-2290,Hyperledger,FAB-2290,0,0,0,0
Hyperledger:FAB-2291,Hyperledger,FAB-2291,0,0,0,0
Hyperledger:FAB-2292,Hyperledger,FAB-2292,0,0,0,0
Hyperledger:FAB-2293,Hyperledger,FAB-2293,0,0,0,0
Hyperledger:FAB-2283,Hyperledger,FAB-2283,1,1,1,1
Hyperledger:FAB-2295,Hyperledger,FAB-2295,0,0,0,0
Hyperledger:FAB-2296,Hyperledger,FAB-2296,1,0,0,0
Hyperledger:FAB-2300,Hyperledger,FAB-2300,0,0,0,0
Hyperledger:FAB-2301,Hyperledger,FAB-2301,0,0,0,0
Hyperledger:FAB-2304,Hyperledger,FAB-2304,1,0,0,0
Hyperledger:FAB-2305,Hyperledger,FAB-2305,0,0,0,0
Hyperledger:FAB-2306,Hyperledger,FAB-2306,0,0,0,0
Hyperledger:FAB-2312,Hyperledger,FAB-2312,0,0,0,0
Hyperledger:FAB-2315,Hyperledger,FAB-2315,0,0,0,0
Hyperledger:FAB-2285,Hyperledger,FAB-2285,0,0,0,0
Hyperledger:FAB-2318,Hyperledger,FAB-2318,0,0,0,0
Hyperledger:FAB-2319,Hyperledger,FAB-2319,0,0,0,0
Hyperledger:FAB-2321,Hyperledger,FAB-2321,0,0,0,0
Hyperledger:FAB-2322,Hyperledger,FAB-2322,0,0,0,0
Hyperledger:FAB-2323,Hyperledger,FAB-2323,0,0,0,0
Hyperledger:FAB-2324,Hyperledger,FAB-2324,0,0,0,0
Hyperledger:FAB-2325,Hyperledger,FAB-2325,0,0,0,0
Hyperledger:FAB-2327,Hyperledger,FAB-2327,0,0,0,0
Hyperledger:FABJ-292,Hyperledger,FABJ-292,0,0,0,0
MariaDB:MCOL-574,MariaDB,MCOL-574,0,0,0,0
Hyperledger:FABB-64,Hyperledger,FABB-64,0,0,0,0
Hyperledger:FAB-2349,Hyperledger,FAB-2349,0,0,0,0
Hyperledger:FAB-2350,Hyperledger,FAB-2350,0,0,0,0
Hyperledger:FAB-2351,Hyperledger,FAB-2351,0,0,0,0
Hyperledger:FAB-2352,Hyperledger,FAB-2352,0,0,0,0
Hyperledger:FABC-81,Hyperledger,FABC-81,0,0,0,0
Hyperledger:FAB-2354,Hyperledger,FAB-2354,0,0,0,0
Hyperledger:FABN-72,Hyperledger,FABN-72,0,0,0,0
Hyperledger:FAB-2361,Hyperledger,FAB-2361,0,0,0,0
Hyperledger:FAB-2362,Hyperledger,FAB-2362,1,1,1,1
Hyperledger:FABC-120,Hyperledger,FABC-120,0,0,0,0
Hyperledger:FAB-2364,Hyperledger,FAB-2364,0,0,0,0
Hyperledger:FAB-2366,Hyperledger,FAB-2366,0,0,0,0
Hyperledger:FAB-2367,Hyperledger,FAB-2367,0,0,0,0
Jira:JRASERVER-42911,Jira,JRASERVER-42911,1,1,1,0
Jira:JRASERVER-61171,Jira,JRASERVER-61171,1,1,1,0
Jira:JRASERVER-63287,Jira,JRASERVER-63287,1,1,1,0
Jira:JRASERVER-63332,Jira,JRASERVER-63332,1,1,1,0
Jira:JRASERVER-63220,Jira,JRASERVER-63220,1,1,1,0
Jira:JRASERVER-63250,Jira,JRASERVER-63250,1,1,1,0
Jira:JRASERVER-32948,Jira,JRASERVER-32948,1,1,1,0
Jira:JRASERVER-64107,Jira,JRASERVER-64107,1,1,1,0
MariaDB:MDEV-12086,MariaDB,MDEV-12086,0,0,0,0
Hyperledger:FABJ-322,Hyperledger,FABJ-322,0,0,0,0
Hyperledger:FABJ-323,Hyperledger,FABJ-323,0,0,0,0
MariaDB:MDEV-12088,MariaDB,MDEV-12088,0,0,0,0
MariaDB:MDEV-12089,MariaDB,MDEV-12089,1,1,1,1
Hyperledger:FABJ-324,Hyperledger,FABJ-324,1,0,0,0
MariaDB:MDEV-11994,MariaDB,MDEV-11994,1,1,0,0
Hyperledger:FABJ-131,Hyperledger,FABJ-131,0,0,0,0
Hyperledger:FAB-2234,Hyperledger,FAB-2234,1,0,0,0
MariaDB:MDEV-12098,MariaDB,MDEV-12098,0,0,0,0
Hyperledger:FABN-802,Hyperledger,FABN-802,0,0,0,0
Hyperledger:FABN-803,Hyperledger,FABN-803,0,0,0,0
Hyperledger:FABJ-1,Hyperledger,FABJ-1,0,0,0,0
Hyperledger:FABN-804,Hyperledger,FABN-804,0,0,0,0
Hyperledger:FABN-805,Hyperledger,FABN-805,0,0,0,0
Hyperledger:FAB-2393,Hyperledger,FAB-2393,1,1,1,0
Hyperledger:FABJ-9,Hyperledger,FABJ-9,0,0,0,0
Hyperledger:FAB-2400,Hyperledger,FAB-2400,1,1,1,1
Hyperledger:FAB-2407,Hyperledger,FAB-2407,0,0,0,0
Hyperledger:FAB-2410,Hyperledger,FAB-2410,0,0,0,0
Hyperledger:FABN-780,Hyperledger,FABN-780,0,0,0,0
Hyperledger:FABN-781,Hyperledger,FABN-781,0,0,0,0
Hyperledger:FABN-782,Hyperledger,FABN-782,0,0,0,0
Hyperledger:FABN-783,Hyperledger,FABN-783,0,0,0,0
Hyperledger:FAB-2417,Hyperledger,FAB-2417,0,0,0,0
MariaDB:MDEV-12107,MariaDB,MDEV-12107,1,0,0,0
Hyperledger:FAB-2388,Hyperledger,FAB-2388,0,0,0,0
Hyperledger:FABC-48,Hyperledger,FABC-48,0,0,0,0
Hyperledger:FABN-768,Hyperledger,FABN-768,0,0,0,0
Hyperledger:FAB-2437,Hyperledger,FAB-2437,0,0,0,0
Jira:BSERV-9335,Jira,BSERV-9335,0,0,0,0
Hyperledger:FAB-2439,Hyperledger,FAB-2439,1,0,0,0
Hyperledger:FAB-2444,Hyperledger,FAB-2444,0,0,0,0
Hyperledger:FAB-2445,Hyperledger,FAB-2445,0,0,0,0
Hyperledger:FAB-1876,Hyperledger,FAB-1876,0,0,0,0
Hyperledger:FAB-2452,Hyperledger,FAB-2452,0,0,0,0
Hyperledger:FAB-2458,Hyperledger,FAB-2458,0,0,0,0
Hyperledger:FAB-2459,Hyperledger,FAB-2459,0,0,0,0
Hyperledger:FABN-770,Hyperledger,FABN-770,0,0,0,0
Hyperledger:FAB-2479,Hyperledger,FAB-2479,0,0,0,0
Hyperledger:FAB-2480,Hyperledger,FAB-2480,0,0,0,0
Hyperledger:FAB-2483,Hyperledger,FAB-2483,0,0,0,0
Hyperledger:FAB-2484,Hyperledger,FAB-2484,0,0,0,0
Hyperledger:FABN-70,Hyperledger,FABN-70,0,0,0,0
Hyperledger:FABN-771,Hyperledger,FABN-771,0,0,0,0
MariaDB:MDEV-12133,MariaDB,MDEV-12133,1,1,1,1
Jira:BSERV-3751,Jira,BSERV-3751,0,0,0,0
MariaDB:MDEV-12137,MariaDB,MDEV-12137,0,0,0,0
MariaDB:MDEV-12143,MariaDB,MDEV-12143,0,0,0,0
Hyperledger:FAB-2511,Hyperledger,FAB-2511,0,0,0,0
Hyperledger:FABC-500,Hyperledger,FABC-500,0,0,0,0
Hyperledger:FAB-2526,Hyperledger,FAB-2526,0,0,0,0
MariaDB:MXS-1149,MariaDB,MXS-1149,0,0,0,0
Hyperledger:FABJ-37,Hyperledger,FABJ-37,0,0,0,0
MariaDB:MCOL-552,MariaDB,MCOL-552,0,0,0,0
Hyperledger:FABN-789,Hyperledger,FABN-789,0,0,0,0
Hyperledger:FABN-772,Hyperledger,FABN-772,0,0,0,0
MariaDB:MCOL-597,MariaDB,MCOL-597,0,0,0,0
Hyperledger:FAB-2552,Hyperledger,FAB-2552,0,0,0,0
Hyperledger:FAB-2557,Hyperledger,FAB-2557,0,0,0,0
Hyperledger:FABN-790,Hyperledger,FABN-790,0,0,0,0
MariaDB:MXS-1137,MariaDB,MXS-1137,0,0,0,0
MariaDB:MXS-1150,MariaDB,MXS-1150,0,0,0,0
MariaDB:MXS-1152,MariaDB,MXS-1152,0,0,0,0
MariaDB:MXS-892,MariaDB,MXS-892,0,0,0,0
MariaDB:MXS-1153,MariaDB,MXS-1153,0,0,0,0
Hyperledger:FABC-61,Hyperledger,FABC-61,0,0,0,0
Hyperledger:FABC-106,Hyperledger,FABC-106,0,0,0,0
Hyperledger:FAB-2578,Hyperledger,FAB-2578,0,0,0,0
Hyperledger:FAB-2579,Hyperledger,FAB-2579,0,0,0,0
Hyperledger:FAB-2580,Hyperledger,FAB-2580,0,0,0,0
Hyperledger:FAB-2581,Hyperledger,FAB-2581,0,0,0,0
Hyperledger:FABN-773,Hyperledger,FABN-773,0,0,0,0
Hyperledger:FAB-2589,Hyperledger,FAB-2589,0,0,0,0
Hyperledger:FAB-2590,Hyperledger,FAB-2590,0,0,0,0
Hyperledger:FAB-2591,Hyperledger,FAB-2591,0,0,0,0
MariaDB:MDEV-12111,MariaDB,MDEV-12111,0,0,0,0
MariaDB:MDEV-4537,MariaDB,MDEV-4537,0,0,0,0
MariaDB:MDEV-12164,MariaDB,MDEV-12164,1,1,1,0
MariaDB:MDEV-12160,MariaDB,MDEV-12160,1,0,0,0
MariaDB:MDEV-4646,MariaDB,MDEV-4646,0,0,0,0
Hyperledger:FAB-2597,Hyperledger,FAB-2597,1,1,1,1
Hyperledger:FABC-146,Hyperledger,FABC-146,0,0,0,0
Hyperledger:FAB-2603,Hyperledger,FAB-2603,0,0,0,0
Hyperledger:FAB-2606,Hyperledger,FAB-2606,0,0,0,0
Hyperledger:FAB-2607,Hyperledger,FAB-2607,0,0,0,0
Hyperledger:FAB-2608,Hyperledger,FAB-2608,0,0,0,0
Hyperledger:FABC-124,Hyperledger,FABC-124,0,0,0,0
Hyperledger:FAB-2615,Hyperledger,FAB-2615,0,0,0,0
Hyperledger:FABN-791,Hyperledger,FABN-791,0,0,0,0
Hyperledger:FAB-2646,Hyperledger,FAB-2646,0,0,0,0
Hyperledger:FAB-2647,Hyperledger,FAB-2647,0,0,0,0
Jira:JRASERVER-64279,Jira,JRASERVER-64279,1,1,1,0
Hyperledger:FAB-2666,Hyperledger,FAB-2666,0,0,0,0
Hyperledger:FAB-2667,Hyperledger,FAB-2667,0,0,0,0
Hyperledger:FAB-2670,Hyperledger,FAB-2670,0,0,0,0
Hyperledger:FAB-2676,Hyperledger,FAB-2676,1,1,1,1
MariaDB:MCOL-610,MariaDB,MCOL-610,1,0,0,0
MariaDB:MCOL-611,MariaDB,MCOL-611,1,1,0,0
Hyperledger:FABN-738,Hyperledger,FABN-738,0,0,0,0
Hyperledger:FABN-792,Hyperledger,FABN-792,0,0,0,0
Hyperledger:FABN-46,Hyperledger,FABN-46,1,1,0,0
Hyperledger:FABN-2,Hyperledger,FABN-2,0,0,0,0
Hyperledger:FABN-806,Hyperledger,FABN-806,0,0,0,0
Hyperledger:FABN-78,Hyperledger,FABN-78,0,0,0,0
MariaDB:MDEV-11934,MariaDB,MDEV-11934,0,0,0,0
MariaDB:MDEV-11946,MariaDB,MDEV-11946,0,0,0,0
MariaDB:MDEV-11903,MariaDB,MDEV-11903,0,0,0,0
MariaDB:MDEV-12201,MariaDB,MDEV-12201,0,0,0,0
MariaDB:MDEV-12189,MariaDB,MDEV-12189,0,0,0,0
MariaDB:MDEV-12199,MariaDB,MDEV-12199,0,0,0,0
MariaDB:MCOL-613,MariaDB,MCOL-613,0,0,0,0
MariaDB:MDEV-12209,MariaDB,MDEV-12209,0,0,0,0
Hyperledger:FAB-2702,Hyperledger,FAB-2702,0,0,0,0
Hyperledger:FAB-2703,Hyperledger,FAB-2703,0,0,0,0
Hyperledger:FABN-761,Hyperledger,FABN-761,0,0,0,0
MariaDB:MDEV-12194,MariaDB,MDEV-12194,0,0,0,0
MariaDB:MDEV-12195,MariaDB,MDEV-12195,0,0,0,0
MariaDB:MDEV-12191,MariaDB,MDEV-12191,0,0,0,0
Hyperledger:FABN-794,Hyperledger,FABN-794,0,0,0,0
Hyperledger:FAB-2723,Hyperledger,FAB-2723,0,0,0,0
Hyperledger:FAB-2725,Hyperledger,FAB-2725,0,0,0,0
Hyperledger:FAB-2727,Hyperledger,FAB-2727,0,0,0,0
Hyperledger:FAB-2750,Hyperledger,FAB-2750,0,0,0,0
IntelDAOS:CART-144,IntelDAOS,CART-144,0,0,0,0
IntelDAOS:CART-169,IntelDAOS,CART-169,0,0,0,0
IntelDAOS:CART-174,IntelDAOS,CART-174,0,0,0,0
MariaDB:MCOL-609,MariaDB,MCOL-609,0,0,0,0
Hyperledger:FAB-2772,Hyperledger,FAB-2772,0,0,0,0
Hyperledger:FAB-2777,Hyperledger,FAB-2777,0,0,0,0
Hyperledger:FAB-2778,Hyperledger,FAB-2778,0,0,0,0
Hyperledger:FAB-2779,Hyperledger,FAB-2779,0,0,0,0
Hyperledger:FAB-2780,Hyperledger,FAB-2780,0,0,0,0
Hyperledger:CE-18,Hyperledger,CE-18,0,0,0,0
Hyperledger:FAB-2783,Hyperledger,FAB-2783,0,0,0,0
MariaDB:MDEV-12254,MariaDB,MDEV-12254,0,0,0,0
MariaDB:MXS-1184,MariaDB,MXS-1184,0,0,0,0
MariaDB:MXS-1185,MariaDB,MXS-1185,0,0,0,0
MariaDB:MXS-1186,MariaDB,MXS-1186,0,0,0,0
MariaDB:MXS-1181,MariaDB,MXS-1181,0,0,0,0
MariaDB:MXS-272,MariaDB,MXS-272,1,1,1,1
MariaDB:MDEV-12238,MariaDB,MDEV-12238,0,0,0,0
MariaDB:MDEV-12239,MariaDB,MDEV-12239,0,0,0,0
MariaDB:MDEV-9255,MariaDB,MDEV-9255,0,0,0,0
Hyperledger:CE-19,Hyperledger,CE-19,0,0,0,0
MariaDB:MDEV-12291,MariaDB,MDEV-12291,0,0,0,0
Hyperledger:FAB-2814,Hyperledger,FAB-2814,0,0,0,0
Hyperledger:FAB-2816,Hyperledger,FAB-2816,0,0,0,0
Hyperledger:FAB-2817,Hyperledger,FAB-2817,0,0,0,0
Hyperledger:FAB-2818,Hyperledger,FAB-2818,1,1,1,1
Hyperledger:FAB-2819,Hyperledger,FAB-2819,0,0,0,0
Hyperledger:FAB-2820,Hyperledger,FAB-2820,0,0,0,0
Hyperledger:FAB-2823,Hyperledger,FAB-2823,0,0,0,0
Hyperledger:FABC-92,Hyperledger,FABC-92,0,0,0,0
MariaDB:MDEV-12314,MariaDB,MDEV-12314,0,0,0,0
Hyperledger:FAB-2848,Hyperledger,FAB-2848,0,0,0,0
MariaDB:MDEV-12328,MariaDB,MDEV-12328,0,0,0,0
MariaDB:MDEV-11751,MariaDB,MDEV-11751,0,0,0,0
MariaDB:MDEV-12279,MariaDB,MDEV-12279,0,0,0,0
Hyperledger:FAB-2775,Hyperledger,FAB-2775,0,0,0,0
Hyperledger:FABN-795,Hyperledger,FABN-795,0,0,0,0
Hyperledger:FAB-2858,Hyperledger,FAB-2858,0,0,0,0
Hyperledger:FAB-2861,Hyperledger,FAB-2861,0,0,0,0
Hyperledger:FAB-2849,Hyperledger,FAB-2849,0,0,0,0
Hyperledger:FAB-2662,Hyperledger,FAB-2662,0,0,0,0
Hyperledger:FABP-154,Hyperledger,FABP-154,0,0,0,0
Hyperledger:FAB-2880,Hyperledger,FAB-2880,0,0,0,0
MariaDB:MCOL-638,MariaDB,MCOL-638,0,0,0,0
IntelDAOS:CART-127,IntelDAOS,CART-127,0,0,0,0
IntelDAOS:CART-179,IntelDAOS,CART-179,0,0,0,0
Hyperledger:CE-20,Hyperledger,CE-20,1,1,1,0
Jira:BSERV-3134,Jira,BSERV-3134,1,1,1,1
Hyperledger:FAB-2897,Hyperledger,FAB-2897,1,1,1,1
MariaDB:MCOL-519,MariaDB,MCOL-519,0,0,0,0
Hyperledger:CE-22,Hyperledger,CE-22,0,0,0,0
Hyperledger:FAB-2912,Hyperledger,FAB-2912,0,0,0,0
Hyperledger:FAB-2913,Hyperledger,FAB-2913,0,0,0,0
Hyperledger:FAB-2916,Hyperledger,FAB-2916,0,0,0,0
Hyperledger:FAB-2917,Hyperledger,FAB-2917,0,0,0,0
MariaDB:MXS-1206,MariaDB,MXS-1206,0,0,0,0
MariaDB:MXS-1207,MariaDB,MXS-1207,0,0,0,0
MariaDB:MXS-1208,MariaDB,MXS-1208,0,0,0,0
MariaDB:MXS-1209,MariaDB,MXS-1209,0,0,0,0
MariaDB:MXS-23,MariaDB,MXS-23,0,0,0,0
MariaDB:MXS-1194,MariaDB,MXS-1194,0,0,0,0
MariaDB:MXS-1177,MariaDB,MXS-1177,0,0,0,0
MariaDB:MDEV-12392,MariaDB,MDEV-12392,0,0,0,0
MariaDB:MDEV-12393,MariaDB,MDEV-12393,0,0,0,0
MariaDB:MDEV-12394,MariaDB,MDEV-12394,0,0,0,0
Hyperledger:FABC-486,Hyperledger,FABC-486,0,0,0,0
Hyperledger:FAB-2441,Hyperledger,FAB-2441,0,0,0,0
Hyperledger:FAB-2936,Hyperledger,FAB-2936,0,0,0,0
Hyperledger:FAB-2937,Hyperledger,FAB-2937,0,0,0,0
Hyperledger:FABP-54,Hyperledger,FABP-54,1,1,1,1
Hyperledger:FAB-2914,Hyperledger,FAB-2914,0,0,0,0
MariaDB:MDEV-12411,MariaDB,MDEV-12411,0,0,0,0
Hyperledger:FAB-2810,Hyperledger,FAB-2810,0,0,0,0
MariaDB:MCOL-642,MariaDB,MCOL-642,0,0,0,0
Hyperledger:FABJ-89,Hyperledger,FABJ-89,1,1,1,1
Hyperledger:FAB-2959,Hyperledger,FAB-2959,0,0,0,0
Hyperledger:FAB-2960,Hyperledger,FAB-2960,0,0,0,0
Hyperledger:FAB-2968,Hyperledger,FAB-2968,0,0,0,0
Hyperledger:FAB-2969,Hyperledger,FAB-2969,0,0,0,0
Hyperledger:FAB-2972,Hyperledger,FAB-2972,0,0,0,0
MariaDB:MCOL-529,MariaDB,MCOL-529,0,0,0,0
Hyperledger:FAB-2980,Hyperledger,FAB-2980,0,0,0,0
Hyperledger:FABN-720,Hyperledger,FABN-720,0,0,0,0
Hyperledger:FABC-476,Hyperledger,FABC-476,0,0,0,0
Hyperledger:FAB-2995,Hyperledger,FAB-2995,0,0,0,0
Hyperledger:FAB-3002,Hyperledger,FAB-3002,0,0,0,0
Hyperledger:FABN-5,Hyperledger,FABN-5,1,0,0,0
Hyperledger:FABC-462,Hyperledger,FABC-462,0,0,0,0
Hyperledger:FAB-3014,Hyperledger,FAB-3014,0,0,0,0
Hyperledger:FAB-3025,Hyperledger,FAB-3025,0,0,0,0
Hyperledger:FABP-27,Hyperledger,FABP-27,0,0,0,0
Qt:AUTOSUITE-74,Qt,AUTOSUITE-74,0,0,0,0
Qt:QSR-87,Qt,QSR-87,1,1,0,0
Qt:QSR-130,Qt,QSR-130,0,0,0,0
Hyperledger:FAB-3039,Hyperledger,FAB-3039,0,0,0,0
Hyperledger:FAB-1348,Hyperledger,FAB-1348,0,0,0,0
Hyperledger:FAB-3046,Hyperledger,FAB-3046,0,0,0,0
Hyperledger:FAB-3047,Hyperledger,FAB-3047,0,0,0,0
Hyperledger:FAB-3048,Hyperledger,FAB-3048,0,0,0,0
Hyperledger:FAB-3054,Hyperledger,FAB-3054,0,0,0,0
Jira:BSERV-9679,Jira,BSERV-9679,0,0,0,0
Hyperledger:FABCJ-240,Hyperledger,FABCJ-240,0,0,0,0
Hyperledger:FABCJ-241,Hyperledger,FABCJ-241,0,0,0,0
Hyperledger:FABCJ-242,Hyperledger,FABCJ-242,0,0,0,0
Hyperledger:FABJ-293,Hyperledger,FABJ-293,0,0,0,0
Hyperledger:FAB-3077,Hyperledger,FAB-3077,1,1,1,0
Hyperledger:FAB-3078,Hyperledger,FAB-3078,1,1,0,0
Hyperledger:FAB-3079,Hyperledger,FAB-3079,1,1,0,0
Hyperledger:FAB-3081,Hyperledger,FAB-3081,1,1,0,0
Hyperledger:CE-26,Hyperledger,CE-26,0,0,0,0
Hyperledger:FABP-104,Hyperledger,FABP-104,0,0,0,0
Hyperledger:FABP-20,Hyperledger,FABP-20,0,0,0,0
Hyperledger:FAB-3089,Hyperledger,FAB-3089,0,0,0,0
Hyperledger:FAB-3090,Hyperledger,FAB-3090,0,0,0,0
Hyperledger:FAB-3101,Hyperledger,FAB-3101,0,0,0,0
Hyperledger:FABJ-63,Hyperledger,FABJ-63,0,0,0,0
MariaDB:MCOL-523,MariaDB,MCOL-523,0,0,0,0
Hyperledger:FAB-3126,Hyperledger,FAB-3126,0,0,0,0
Hyperledger:FABN-807,Hyperledger,FABN-807,0,0,0,0
Hyperledger:FABJ-111,Hyperledger,FABJ-111,0,0,0,0
Hyperledger:FAB-3143,Hyperledger,FAB-3143,0,0,0,0
Hyperledger:FAB-3144,Hyperledger,FAB-3144,1,1,1,1
Hyperledger:FAB-3145,Hyperledger,FAB-3145,0,0,0,0
Hyperledger:FABJ-77,Hyperledger,FABJ-77,0,0,0,0
Hyperledger:FAB-3154,Hyperledger,FAB-3154,0,0,0,0
Hyperledger:FAB-3155,Hyperledger,FAB-3155,1,1,1,1
Hyperledger:FAB-2928,Hyperledger,FAB-2928,0,0,0,0
MariaDB:MCOL-664,MariaDB,MCOL-664,0,0,0,0
Hyperledger:FAB-3171,Hyperledger,FAB-3171,1,1,1,1
Hyperledger:FABN-79,Hyperledger,FABN-79,0,0,0,0
Qt:AUTOSUITE-89,Qt,AUTOSUITE-89,0,0,0,0
Qt:AUTOSUITE-90,Qt,AUTOSUITE-90,0,0,0,0
Qt:AUTOSUITE-91,Qt,AUTOSUITE-91,0,0,0,0
Hyperledger:FAB-3220,Hyperledger,FAB-3220,0,0,0,0
Hyperledger:FAB-3221,Hyperledger,FAB-3221,0,0,0,0
Hyperledger:FAB-3222,Hyperledger,FAB-3222,0,0,0,0
Hyperledger:FAB-3223,Hyperledger,FAB-3223,0,0,0,0
Hyperledger:FAB-3218,Hyperledger,FAB-3218,1,1,1,1
Hyperledger:FAB-3235,Hyperledger,FAB-3235,1,1,0,0
Hyperledger:FABJ-310,Hyperledger,FABJ-310,0,0,0,0
Hyperledger:FAB-3238,Hyperledger,FAB-3238,0,0,0,0
Hyperledger:CE-28,Hyperledger,CE-28,0,0,0,0
MariaDB:MXS-1225,MariaDB,MXS-1225,0,0,0,0
MariaDB:MXS-1226,MariaDB,MXS-1226,0,0,0,0
MariaDB:MXS-1229,MariaDB,MXS-1229,1,1,1,1
MariaDB:MXS-1231,MariaDB,MXS-1231,0,0,0,0
MariaDB:MXS-1232,MariaDB,MXS-1232,0,0,0,0
MariaDB:MXS-1193,MariaDB,MXS-1193,0,0,0,0
MariaDB:MXS-1233,MariaDB,MXS-1233,0,0,0,0
MariaDB:MXS-1220,MariaDB,MXS-1220,1,1,1,1
MariaDB:MXS-1234,MariaDB,MXS-1234,0,0,0,0
MariaDB:MXS-381,MariaDB,MXS-381,0,0,0,0
MariaDB:MXS-1236,MariaDB,MXS-1236,0,0,0,0
MariaDB:MXS-1237,MariaDB,MXS-1237,0,0,0,0
Hyperledger:FAB-3242,Hyperledger,FAB-3242,1,1,1,1
Hyperledger:FAB-3244,Hyperledger,FAB-3244,0,0,0,0
Hyperledger:FAB-3114,Hyperledger,FAB-3114,0,0,0,0
Hyperledger:FAB-3246,Hyperledger,FAB-3246,1,1,1,1
Hyperledger:FAB-2931,Hyperledger,FAB-2931,1,1,0,0
Hyperledger:FAB-3247,Hyperledger,FAB-3247,1,1,1,1
Hyperledger:FAB-3262,Hyperledger,FAB-3262,0,0,0,0
Hyperledger:FAB-3264,Hyperledger,FAB-3264,0,0,0,0
Hyperledger:FAB-3266,Hyperledger,FAB-3266,0,0,0,0
MariaDB:MDEV-12533,MariaDB,MDEV-12533,0,0,0,0
Hyperledger:FAB-3267,Hyperledger,FAB-3267,0,0,0,0
MariaDB:MXS-1238,MariaDB,MXS-1238,0,0,0,0
MariaDB:MXS-1239,MariaDB,MXS-1239,0,0,0,0
MariaDB:MXS-1240,MariaDB,MXS-1240,0,0,0,0
MariaDB:MXS-1241,MariaDB,MXS-1241,0,0,0,0
MariaDB:MXS-1242,MariaDB,MXS-1242,0,0,0,0
Hyperledger:FAB-3270,Hyperledger,FAB-3270,0,0,0,0
Hyperledger:FAB-3271,Hyperledger,FAB-3271,0,0,0,0
Hyperledger:FAB-3273,Hyperledger,FAB-3273,0,0,0,0
Hyperledger:FAB-3280,Hyperledger,FAB-3280,0,0,0,0
Hyperledger:FAB-3287,Hyperledger,FAB-3287,0,0,0,0
Hyperledger:FAB-3288,Hyperledger,FAB-3288,0,0,0,0
Hyperledger:FAB-3293,Hyperledger,FAB-3293,0,0,0,0
Hyperledger:FAB-3305,Hyperledger,FAB-3305,0,0,0,0
Hyperledger:FAB-3309,Hyperledger,FAB-3309,0,0,0,0
Hyperledger:FAB-3311,Hyperledger,FAB-3311,0,0,0,0
Hyperledger:FAB-3322,Hyperledger,FAB-3322,0,0,0,0
Hyperledger:FAB-3323,Hyperledger,FAB-3323,0,0,0,0
Hyperledger:FAB-3324,Hyperledger,FAB-3324,0,0,0,0
Hyperledger:FAB-3360,Hyperledger,FAB-3360,0,0,0,0
Hyperledger:FAB-3361,Hyperledger,FAB-3361,0,0,0,0
Hyperledger:FAB-3362,Hyperledger,FAB-3362,0,0,0,0
Hyperledger:FAB-3363,Hyperledger,FAB-3363,0,0,0,0
IntelDAOS:CART-134,IntelDAOS,CART-134,0,0,0,0
Hyperledger:FABJ-321,Hyperledger,FABJ-321,0,0,0,0
Hyperledger:FAB-3380,Hyperledger,FAB-3380,0,0,0,0
Hyperledger:FAB-3381,Hyperledger,FAB-3381,0,0,0,0
MariaDB:MCOL-522,MariaDB,MCOL-522,1,1,1,1
Hyperledger:FAB-3398,Hyperledger,FAB-3398,0,0,0,0
Hyperledger:FAB-3399,Hyperledger,FAB-3399,0,0,0,0
Hyperledger:FAB-3400,Hyperledger,FAB-3400,0,0,0,0
Hyperledger:FAB-3401,Hyperledger,FAB-3401,0,0,0,0
Hyperledger:FAB-3402,Hyperledger,FAB-3402,0,0,0,0
Hyperledger:FAB-3403,Hyperledger,FAB-3403,0,0,0,0
Hyperledger:FAB-3404,Hyperledger,FAB-3404,0,0,0,0
Hyperledger:FAB-3405,Hyperledger,FAB-3405,0,0,0,0
Hyperledger:FAB-3406,Hyperledger,FAB-3406,0,0,0,0
Hyperledger:FAB-3407,Hyperledger,FAB-3407,0,0,0,0
Hyperledger:FAB-3410,Hyperledger,FAB-3410,0,0,0,0
Hyperledger:FAB-3411,Hyperledger,FAB-3411,0,0,0,0
Hyperledger:FAB-3412,Hyperledger,FAB-3412,0,0,0,0
Hyperledger:FAB-3413,Hyperledger,FAB-3413,0,0,0,0
Hyperledger:FAB-3414,Hyperledger,FAB-3414,0,0,0,0
Hyperledger:FAB-3426,Hyperledger,FAB-3426,0,0,0,0
Hyperledger:FAB-3427,Hyperledger,FAB-3427,0,0,0,0
Hyperledger:FAB-3429,Hyperledger,FAB-3429,0,0,0,0
MariaDB:MDEV-12266,MariaDB,MDEV-12266,1,1,1,1
Hyperledger:FAB-3449,Hyperledger,FAB-3449,0,0,0,0
Hyperledger:FAB-3462,Hyperledger,FAB-3462,0,0,0,0
Hyperledger:FAB-3466,Hyperledger,FAB-3466,0,0,0,0
Hyperledger:FAB-3283,Hyperledger,FAB-3283,0,0,0,0
Hyperledger:FABP-58,Hyperledger,FABP-58,0,0,0,0
Hyperledger:FABP-37,Hyperledger,FABP-37,0,0,0,0
Qt:QTBUG-60095,Qt,QTBUG-60095,0,0,0,0
MariaDB:MXS-1252,MariaDB,MXS-1252,0,0,0,0
MariaDB:MXS-1253,MariaDB,MXS-1253,0,0,0,0
Hyperledger:FAB-3258,Hyperledger,FAB-3258,0,0,0,0
Hyperledger:FAB-3281,Hyperledger,FAB-3281,0,0,0,0
Hyperledger:FAB-900,Hyperledger,FAB-900,0,0,0,0
Hyperledger:FAB-3474,Hyperledger,FAB-3474,0,0,0,0
Hyperledger:FAB-3475,Hyperledger,FAB-3475,1,0,0,0
Hyperledger:FAB-3476,Hyperledger,FAB-3476,1,0,0,0
Hyperledger:FAB-3498,Hyperledger,FAB-3498,0,0,0,0
Hyperledger:FAB-3502,Hyperledger,FAB-3502,1,1,1,1
Hyperledger:FAB-3505,Hyperledger,FAB-3505,1,1,1,1
Hyperledger:FAB-3504,Hyperledger,FAB-3504,0,0,0,0
Hyperledger:FAB-3507,Hyperledger,FAB-3507,1,1,1,1
Hyperledger:FAB-3508,Hyperledger,FAB-3508,0,0,0,0
Hyperledger:FAB-3509,Hyperledger,FAB-3509,0,0,0,0
Hyperledger:FAB-3510,Hyperledger,FAB-3510,1,1,1,1
Hyperledger:FAB-3511,Hyperledger,FAB-3511,0,0,0,0
Hyperledger:FAB-3512,Hyperledger,FAB-3512,0,0,0,0
Hyperledger:FAB-2867,Hyperledger,FAB-2867,0,0,0,0
Hyperledger:FAB-3524,Hyperledger,FAB-3524,0,0,0,0
Hyperledger:FAB-3526,Hyperledger,FAB-3526,0,0,0,0
Jira:JRASERVER-60871,Jira,JRASERVER-60871,1,1,0,0
Hyperledger:FAB-3506,Hyperledger,FAB-3506,0,0,0,0
Hyperledger:FAB-3534,Hyperledger,FAB-3534,0,0,0,0
Hyperledger:FAB-3537,Hyperledger,FAB-3537,0,0,0,0
Hyperledger:FAB-3538,Hyperledger,FAB-3538,0,0,0,0
Hyperledger:FABC-130,Hyperledger,FABC-130,0,0,0,0
Qt:QSR-251,Qt,QSR-251,1,1,1,1
Qt:AUTOSUITE-70,Qt,AUTOSUITE-70,0,0,0,0
Qt:AUTOSUITE-107,Qt,AUTOSUITE-107,0,0,0,0
Hyperledger:FAB-3559,Hyperledger,FAB-3559,0,0,0,0
Hyperledger:FAB-3564,Hyperledger,FAB-3564,0,0,0,0
Hyperledger:FAB-3565,Hyperledger,FAB-3565,0,0,0,0
Hyperledger:FAB-3536,Hyperledger,FAB-3536,0,0,0,0
Hyperledger:FAB-3572,Hyperledger,FAB-3572,0,0,0,0
Hyperledger:FAB-3583,Hyperledger,FAB-3583,1,1,1,1
Hyperledger:FAB-3584,Hyperledger,FAB-3584,0,0,0,0
Hyperledger:FAB-3585,Hyperledger,FAB-3585,0,0,0,0
Hyperledger:FAB-3586,Hyperledger,FAB-3586,0,0,0,0
Hyperledger:FAB-3587,Hyperledger,FAB-3587,0,0,0,0
Hyperledger:FAB-3588,Hyperledger,FAB-3588,0,0,0,0
Hyperledger:FAB-3589,Hyperledger,FAB-3589,0,0,0,0
Hyperledger:FAB-3590,Hyperledger,FAB-3590,0,0,0,0
Hyperledger:FAB-3591,Hyperledger,FAB-3591,0,0,0,0
Hyperledger:FAB-3592,Hyperledger,FAB-3592,0,0,0,0
Hyperledger:FAB-3593,Hyperledger,FAB-3593,0,0,0,0
Hyperledger:FAB-3594,Hyperledger,FAB-3594,0,0,0,0
Hyperledger:FAB-3595,Hyperledger,FAB-3595,0,0,0,0
Hyperledger:FAB-3596,Hyperledger,FAB-3596,0,0,0,0
Hyperledger:FAB-3597,Hyperledger,FAB-3597,0,0,0,0
Hyperledger:FAB-3598,Hyperledger,FAB-3598,0,0,0,0
Hyperledger:FAB-3599,Hyperledger,FAB-3599,0,0,0,0
Hyperledger:FAB-3600,Hyperledger,FAB-3600,0,0,0,0
Hyperledger:FAB-3601,Hyperledger,FAB-3601,0,0,0,0
Hyperledger:FAB-3602,Hyperledger,FAB-3602,0,0,0,0
Hyperledger:CE-32,Hyperledger,CE-32,0,0,0,0
Qt:AUTOSUITE-110,Qt,AUTOSUITE-110,0,0,0,0
MariaDB:MXS-1196,MariaDB,MXS-1196,0,0,0,0
MariaDB:MXS-1257,MariaDB,MXS-1257,0,0,0,0
Hyperledger:FAB-3619,Hyperledger,FAB-3619,0,0,0,0
Hyperledger:FAB-3620,Hyperledger,FAB-3620,0,0,0,0
Hyperledger:FAB-3623,Hyperledger,FAB-3623,0,0,0,0
Hyperledger:FAB-3624,Hyperledger,FAB-3624,0,0,0,0
Hyperledger:FAB-3625,Hyperledger,FAB-3625,0,0,0,0
Hyperledger:FAB-3626,Hyperledger,FAB-3626,0,0,0,0
Hyperledger:FAB-3628,Hyperledger,FAB-3628,0,0,0,0
Hyperledger:FAB-3629,Hyperledger,FAB-3629,0,0,0,0
Hyperledger:FAB-3630,Hyperledger,FAB-3630,0,0,0,0
Hyperledger:FABJ-263,Hyperledger,FABJ-263,0,0,0,0
Hyperledger:FAB-3633,Hyperledger,FAB-3633,0,0,0,0
Hyperledger:FAB-3634,Hyperledger,FAB-3634,0,0,0,0
Hyperledger:FAB-3635,Hyperledger,FAB-3635,1,1,1,1
Hyperledger:STL-26,Hyperledger,STL-26,0,0,0,0
Hyperledger:STL-33,Hyperledger,STL-33,0,0,0,0
Hyperledger:STL-39,Hyperledger,STL-39,0,0,0,0
Hyperledger:STL-55,Hyperledger,STL-55,0,0,0,0
Hyperledger:STL-56,Hyperledger,STL-56,0,0,0,0
Hyperledger:STL-61,Hyperledger,STL-61,1,1,1,1
Hyperledger:STL-64,Hyperledger,STL-64,0,0,0,0
Hyperledger:STL-65,Hyperledger,STL-65,0,0,0,0
Hyperledger:STL-66,Hyperledger,STL-66,0,0,0,0
Hyperledger:STL-68,Hyperledger,STL-68,0,0,0,0
Hyperledger:STL-69,Hyperledger,STL-69,0,0,0,0
Hyperledger:STL-70,Hyperledger,STL-70,0,0,0,0
Hyperledger:STL-72,Hyperledger,STL-72,0,0,0,0
Hyperledger:STL-82,Hyperledger,STL-82,0,0,0,0
Hyperledger:STL-83,Hyperledger,STL-83,0,0,0,0
Hyperledger:STL-86,Hyperledger,STL-86,0,0,0,0
Hyperledger:CE-33,Hyperledger,CE-33,0,0,0,0
MariaDB:MXS-1258,MariaDB,MXS-1258,0,0,0,0
MariaDB:MDEV-12685,MariaDB,MDEV-12685,0,0,0,0
Hyperledger:FAB-3660,Hyperledger,FAB-3660,1,1,1,0
Hyperledger:STL-93,Hyperledger,STL-93,0,0,0,0
Hyperledger:STL-94,Hyperledger,STL-94,0,0,0,0
Jira:FE-4155,Jira,FE-4155,0,0,0,0
Jira:FE-6830,Jira,FE-6830,0,0,0,0
Hyperledger:FAB-3682,Hyperledger,FAB-3682,0,0,0,0
Hyperledger:STL-114,Hyperledger,STL-114,0,0,0,0
Hyperledger:STL-115,Hyperledger,STL-115,0,0,0,0
Hyperledger:STL-121,Hyperledger,STL-121,0,0,0,0
Hyperledger:STL-107,Hyperledger,STL-107,0,0,0,0
Hyperledger:STL-108,Hyperledger,STL-108,0,0,0,0
Hyperledger:STL-109,Hyperledger,STL-109,0,0,0,0
Hyperledger:STL-110,Hyperledger,STL-110,0,0,0,0
Hyperledger:STL-124,Hyperledger,STL-124,0,0,0,0
Hyperledger:STL-112,Hyperledger,STL-112,0,0,0,0
Hyperledger:STL-113,Hyperledger,STL-113,0,0,0,0
Hyperledger:FABJ-64,Hyperledger,FABJ-64,0,0,0,0
Hyperledger:STL-130,Hyperledger,STL-130,0,0,0,0
IntelDAOS:CART-110,IntelDAOS,CART-110,0,0,0,0
Hyperledger:STL-131,Hyperledger,STL-131,0,0,0,0
Hyperledger:STL-132,Hyperledger,STL-132,0,0,0,0
Hyperledger:STL-133,Hyperledger,STL-133,1,1,1,0
Hyperledger:STL-134,Hyperledger,STL-134,0,0,0,0
Hyperledger:STL-135,Hyperledger,STL-135,0,0,0,0
Hyperledger:STL-136,Hyperledger,STL-136,0,0,0,0
Hyperledger:STL-137,Hyperledger,STL-137,0,0,0,0
Hyperledger:STL-139,Hyperledger,STL-139,0,0,0,0
Hyperledger:STL-140,Hyperledger,STL-140,0,0,0,0
Hyperledger:STL-96,Hyperledger,STL-96,0,0,0,0
Hyperledger:STL-141,Hyperledger,STL-141,0,0,0,0
Hyperledger:STL-142,Hyperledger,STL-142,0,0,0,0
Hyperledger:STL-143,Hyperledger,STL-143,0,0,0,0
Hyperledger:STL-145,Hyperledger,STL-145,0,0,0,0
Hyperledger:STL-148,Hyperledger,STL-148,0,0,0,0
Hyperledger:STL-149,Hyperledger,STL-149,0,0,0,0
Hyperledger:STL-151,Hyperledger,STL-151,0,0,0,0
Hyperledger:STL-92,Hyperledger,STL-92,0,0,0,0
Hyperledger:STL-153,Hyperledger,STL-153,0,0,0,0
Hyperledger:STL-155,Hyperledger,STL-155,0,0,0,0
Hyperledger:STL-157,Hyperledger,STL-157,0,0,0,0
MariaDB:MCOL-657,MariaDB,MCOL-657,0,0,0,0
MariaDB:MCOL-704,MariaDB,MCOL-704,0,0,0,0
MariaDB:MCOL-706,MariaDB,MCOL-706,0,0,0,0
Hyperledger:STL-97,Hyperledger,STL-97,0,0,0,0
Hyperledger:STL-161,Hyperledger,STL-161,0,0,0,0
Hyperledger:FAB-3749,Hyperledger,FAB-3749,1,1,1,1
Hyperledger:FAB-3753,Hyperledger,FAB-3753,0,0,0,0
Hyperledger:FAB-3754,Hyperledger,FAB-3754,0,0,0,0
Hyperledger:FAB-3758,Hyperledger,FAB-3758,0,0,0,0
Hyperledger:FAB-3770,Hyperledger,FAB-3770,1,1,1,1
Hyperledger:FAB-3771,Hyperledger,FAB-3771,0,0,0,0
Hyperledger:FAB-3781,Hyperledger,FAB-3781,0,0,0,0
Hyperledger:FAB-3791,Hyperledger,FAB-3791,0,0,0,0
Hyperledger:FAB-3792,Hyperledger,FAB-3792,0,0,0,0
Hyperledger:FAB-3793,Hyperledger,FAB-3793,0,0,0,0
Hyperledger:FAB-3794,Hyperledger,FAB-3794,0,0,0,0
Hyperledger:FAB-3796,Hyperledger,FAB-3796,0,0,0,0
Hyperledger:FAB-3797,Hyperledger,FAB-3797,0,0,0,0
Hyperledger:FAB-3807,Hyperledger,FAB-3807,1,1,1,1
Hyperledger:FAB-3808,Hyperledger,FAB-3808,1,1,1,1
Hyperledger:FAB-3810,Hyperledger,FAB-3810,1,1,1,1
Hyperledger:FAB-3811,Hyperledger,FAB-3811,1,1,1,1
Hyperledger:FAB-3832,Hyperledger,FAB-3832,1,1,1,1
Hyperledger:FAB-3833,Hyperledger,FAB-3833,1,1,1,1
Hyperledger:FAB-3834,Hyperledger,FAB-3834,1,1,1,1
Hyperledger:FAB-3835,Hyperledger,FAB-3835,1,1,1,1
MariaDB:MDEV-12783,MariaDB,MDEV-12783,1,0,0,0
Hyperledger:FAB-3846,Hyperledger,FAB-3846,0,0,0,0
Hyperledger:FAB-3847,Hyperledger,FAB-3847,0,0,0,0
Hyperledger:FAB-3848,Hyperledger,FAB-3848,0,0,0,0
Hyperledger:FAB-3849,Hyperledger,FAB-3849,0,0,0,0
Hyperledger:FAB-3853,Hyperledger,FAB-3853,1,1,1,1
Hyperledger:FAB-3854,Hyperledger,FAB-3854,1,1,1,1
Hyperledger:FAB-3856,Hyperledger,FAB-3856,1,1,1,1
Hyperledger:FAB-3858,Hyperledger,FAB-3858,1,1,1,1
Hyperledger:FAB-3863,Hyperledger,FAB-3863,0,0,0,0
Hyperledger:FAB-3878,Hyperledger,FAB-3878,0,0,0,0
Hyperledger:FAB-3880,Hyperledger,FAB-3880,0,0,0,0
Hyperledger:FAB-3673,Hyperledger,FAB-3673,0,0,0,0
Hyperledger:FABP-59,Hyperledger,FABP-59,0,0,0,0
Hyperledger:FABP-26,Hyperledger,FABP-26,0,0,0,0
Hyperledger:STL-209,Hyperledger,STL-209,0,0,0,0
Hyperledger:STL-188,Hyperledger,STL-188,0,0,0,0
Jira:JRASERVER-62574,Jira,JRASERVER-62574,0,0,0,0
Jira:JRASERVER-62340,Jira,JRASERVER-62340,0,0,0,0
Hyperledger:FAB-3932,Hyperledger,FAB-3932,1,1,0,0
Hyperledger:FAB-3948,Hyperledger,FAB-3948,0,0,0,0
Hyperledger:STL-194,Hyperledger,STL-194,0,0,0,0
Hyperledger:STL-223,Hyperledger,STL-223,0,0,0,0
Hyperledger:STL-219,Hyperledger,STL-219,0,0,0,0
Hyperledger:STL-228,Hyperledger,STL-228,0,0,0,0
Hyperledger:FAB-3983,Hyperledger,FAB-3983,1,1,1,1
Hyperledger:STL-235,Hyperledger,STL-235,0,0,0,0
Hyperledger:STL-240,Hyperledger,STL-240,0,0,0,0
Hyperledger:STL-242,Hyperledger,STL-242,0,0,0,0
Hyperledger:STL-243,Hyperledger,STL-243,0,0,0,0
Hyperledger:STL-245,Hyperledger,STL-245,0,0,0,0
MariaDB:MXS-1266,MariaDB,MXS-1266,0,0,0,0
MariaDB:MXS-1230,MariaDB,MXS-1230,0,0,0,0
MariaDB:MXS-1038,MariaDB,MXS-1038,0,0,0,0
MariaDB:MXS-993,MariaDB,MXS-993,0,0,0,0
MariaDB:MXS-1267,MariaDB,MXS-1267,0,0,0,0
MariaDB:MXS-1215,MariaDB,MXS-1215,0,0,0,0
MariaDB:MXS-1268,MariaDB,MXS-1268,0,0,0,0
Hyperledger:STL-146,Hyperledger,STL-146,0,0,0,0
Hyperledger:STL-144,Hyperledger,STL-144,0,0,0,0
Hyperledger:STL-147,Hyperledger,STL-147,0,0,0,0
Hyperledger:STL-231,Hyperledger,STL-231,0,0,0,0
Hyperledger:STL-230,Hyperledger,STL-230,0,0,0,0
Hyperledger:STL-159,Hyperledger,STL-159,0,0,0,0
Hyperledger:STL-247,Hyperledger,STL-247,0,0,0,0
Hyperledger:STL-197,Hyperledger,STL-197,0,0,0,0
Hyperledger:STL-195,Hyperledger,STL-195,0,0,0,0
Hyperledger:STL-252,Hyperledger,STL-252,0,0,0,0
Hyperledger:STL-253,Hyperledger,STL-253,0,0,0,0
Hyperledger:STL-254,Hyperledger,STL-254,0,0,0,0
Hyperledger:STL-255,Hyperledger,STL-255,0,0,0,0
Hyperledger:STL-256,Hyperledger,STL-256,0,0,0,0
Hyperledger:STL-258,Hyperledger,STL-258,0,0,0,0
Hyperledger:STL-259,Hyperledger,STL-259,0,0,0,0
Hyperledger:STL-211,Hyperledger,STL-211,0,0,0,0
Hyperledger:STL-244,Hyperledger,STL-244,0,0,0,0
Hyperledger:STL-270,Hyperledger,STL-270,0,0,0,0
Hyperledger:STL-279,Hyperledger,STL-279,0,0,0,0
Hyperledger:STL-165,Hyperledger,STL-165,0,0,0,0
Hyperledger:STL-213,Hyperledger,STL-213,0,0,0,0
Hyperledger:STL-290,Hyperledger,STL-290,0,0,0,0
Hyperledger:STL-127,Hyperledger,STL-127,0,0,0,0
Hyperledger:STL-289,Hyperledger,STL-289,1,0,0,0
Hyperledger:STL-292,Hyperledger,STL-292,0,0,0,0
Hyperledger:STL-294,Hyperledger,STL-294,0,0,0,0
Hyperledger:STL-295,Hyperledger,STL-295,0,0,0,0
Hyperledger:STL-296,Hyperledger,STL-296,0,0,0,0
Hyperledger:STL-299,Hyperledger,STL-299,0,0,0,0
Hyperledger:STL-300,Hyperledger,STL-300,0,0,0,0
Hyperledger:STL-291,Hyperledger,STL-291,0,0,0,0
Hyperledger:STL-301,Hyperledger,STL-301,0,0,0,0
Hyperledger:STL-302,Hyperledger,STL-302,0,0,0,0
Hyperledger:STL-303,Hyperledger,STL-303,0,0,0,0
Hyperledger:STL-304,Hyperledger,STL-304,0,0,0,0
Hyperledger:STL-305,Hyperledger,STL-305,0,0,0,0
Hyperledger:STL-154,Hyperledger,STL-154,0,0,0,0
Hyperledger:STL-111,Hyperledger,STL-111,0,0,0,0
MariaDB:MCOL-724,MariaDB,MCOL-724,0,0,0,0
MariaDB:MCOL-723,MariaDB,MCOL-723,0,0,0,0
Hyperledger:STL-306,Hyperledger,STL-306,0,0,0,0
Hyperledger:STL-307,Hyperledger,STL-307,0,0,0,0
Hyperledger:STL-308,Hyperledger,STL-308,0,0,0,0
Hyperledger:STL-309,Hyperledger,STL-309,0,0,0,0
Hyperledger:STL-310,Hyperledger,STL-310,0,0,0,0
Hyperledger:FAB-4100,Hyperledger,FAB-4100,0,0,0,0
Hyperledger:FAB-4101,Hyperledger,FAB-4101,0,0,0,0
Hyperledger:FAB-4102,Hyperledger,FAB-4102,0,0,0,0
Hyperledger:FAB-4103,Hyperledger,FAB-4103,0,0,0,0
Hyperledger:FAB-4104,Hyperledger,FAB-4104,0,0,0,0
Hyperledger:FAB-4105,Hyperledger,FAB-4105,0,0,0,0
Hyperledger:FAB-4106,Hyperledger,FAB-4106,0,0,0,0
Hyperledger:FAB-4107,Hyperledger,FAB-4107,0,0,0,0
Jira:CONFSERVER-44216,Jira,CONFSERVER-44216,0,0,0,0
MariaDB:MDEV-12874,MariaDB,MDEV-12874,0,0,0,0
MariaDB:MDEV-11159,MariaDB,MDEV-11159,1,0,0,0
MariaDB:MDEV-7773,MariaDB,MDEV-7773,0,0,0,0
MariaDB:MDEV-12894,MariaDB,MDEV-12894,0,0,0,0
MariaDB:MDEV-11953,MariaDB,MDEV-11953,0,0,0,0
MariaDB:MDEV-12179,MariaDB,MDEV-12179,0,0,0,0
MariaDB:MXS-1274,MariaDB,MXS-1274,0,0,0,0
Hyperledger:INDY-12,Hyperledger,INDY-12,0,0,0,0
Hyperledger:INDY-23,Hyperledger,INDY-23,0,0,0,0
Hyperledger:INDY-25,Hyperledger,INDY-25,1,0,0,0
Hyperledger:INDY-29,Hyperledger,INDY-29,0,0,0,0
Hyperledger:INDY-31,Hyperledger,INDY-31,0,0,0,0
Hyperledger:INDY-35,Hyperledger,INDY-35,0,0,0,0
Hyperledger:FAB-3790,Hyperledger,FAB-3790,0,0,0,0
Hyperledger:FAB-3795,Hyperledger,FAB-3795,0,0,0,0
Hyperledger:FAB-3798,Hyperledger,FAB-3798,0,0,0,0
Hyperledger:FAB-3799,Hyperledger,FAB-3799,0,0,0,0
Hyperledger:FAB-3801,Hyperledger,FAB-3801,0,0,0,0
Hyperledger:FAB-3802,Hyperledger,FAB-3802,0,0,0,0
Hyperledger:FAB-3870,Hyperledger,FAB-3870,0,0,0,0
Hyperledger:FAB-3800,Hyperledger,FAB-3800,1,1,1,1
Hyperledger:FAB-3803,Hyperledger,FAB-3803,0,0,0,0
Hyperledger:FAB-4167,Hyperledger,FAB-4167,0,0,0,0
Hyperledger:FAB-4168,Hyperledger,FAB-4168,0,0,0,0
Hyperledger:FAB-4169,Hyperledger,FAB-4169,0,0,0,0
Hyperledger:INDY-70,Hyperledger,INDY-70,1,0,0,0
Hyperledger:INDY-73,Hyperledger,INDY-73,0,0,0,0
Hyperledger:INDY-26,Hyperledger,INDY-26,0,0,0,0
MariaDB:MDEV-12913,MariaDB,MDEV-12913,1,1,1,1
Hyperledger:INDY-101,Hyperledger,INDY-101,0,0,0,0
Hyperledger:INDY-103,Hyperledger,INDY-103,0,0,0,0
Hyperledger:INDY-107,Hyperledger,INDY-107,0,0,0,0
Hyperledger:STL-327,Hyperledger,STL-327,0,0,0,0
Hyperledger:INDY-108,Hyperledger,INDY-108,1,0,0,0
MariaDB:MXS-1278,MariaDB,MXS-1278,0,0,0,0
MariaDB:MXS-1275,MariaDB,MXS-1275,0,0,0,0
MariaDB:MXS-1261,MariaDB,MXS-1261,0,0,0,0
Hyperledger:INDY-110,Hyperledger,INDY-110,0,0,0,0
Hyperledger:INDY-111,Hyperledger,INDY-111,0,0,0,0
Hyperledger:INDY-113,Hyperledger,INDY-113,0,0,0,0
Hyperledger:INDY-115,Hyperledger,INDY-115,1,1,1,1
Hyperledger:INDY-119,Hyperledger,INDY-119,0,0,0,0
Hyperledger:INDY-122,Hyperledger,INDY-122,0,0,0,0
Hyperledger:INDY-123,Hyperledger,INDY-123,0,0,0,0
Hyperledger:INDY-124,Hyperledger,INDY-124,0,0,0,0
Hyperledger:INDY-125,Hyperledger,INDY-125,0,0,0,0
Hyperledger:INDY-126,Hyperledger,INDY-126,0,0,0,0
Hyperledger:STL-271,Hyperledger,STL-271,0,0,0,0
Hyperledger:STL-272,Hyperledger,STL-272,0,0,0,0
Hyperledger:STL-316,Hyperledger,STL-316,0,0,0,0
Hyperledger:STL-317,Hyperledger,STL-317,0,0,0,0
Hyperledger:INDY-129,Hyperledger,INDY-129,0,0,0,0
Hyperledger:STL-321,Hyperledger,STL-321,0,0,0,0
Hyperledger:STL-241,Hyperledger,STL-241,0,0,0,0
Hyperledger:STL-198,Hyperledger,STL-198,0,0,0,0
Hyperledger:STL-225,Hyperledger,STL-225,0,0,0,0
MariaDB:MCOL-732,MariaDB,MCOL-732,0,0,0,0
Hyperledger:STL-334,Hyperledger,STL-334,0,0,0,0
Hyperledger:STL-335,Hyperledger,STL-335,1,1,1,1
Hyperledger:STL-336,Hyperledger,STL-336,0,0,0,0
Hyperledger:INDY-136,Hyperledger,INDY-136,0,0,0,0
Hyperledger:INDY-138,Hyperledger,INDY-138,0,0,0,0
Hyperledger:FAB-3546,Hyperledger,FAB-3546,0,0,0,0
Hyperledger:STL-338,Hyperledger,STL-338,0,0,0,0
Hyperledger:STL-340,Hyperledger,STL-340,0,0,0,0
Hyperledger:STL-297,Hyperledger,STL-297,0,0,0,0
Hyperledger:STL-276,Hyperledger,STL-276,0,0,0,0
Hyperledger:STL-341,Hyperledger,STL-341,0,0,0,0
Hyperledger:STL-311,Hyperledger,STL-311,0,0,0,0
Hyperledger:STL-342,Hyperledger,STL-342,0,0,0,0
Hyperledger:FAB-4356,Hyperledger,FAB-4356,0,0,0,0
Hyperledger:STL-343,Hyperledger,STL-343,0,0,0,0
Hyperledger:STL-344,Hyperledger,STL-344,0,0,0,0
Hyperledger:STL-346,Hyperledger,STL-346,0,0,0,0
Hyperledger:STL-348,Hyperledger,STL-348,0,0,0,0
Hyperledger:STL-349,Hyperledger,STL-349,0,0,0,0
Hyperledger:INDY-149,Hyperledger,INDY-149,0,0,0,0
MariaDB:MCOL-739,MariaDB,MCOL-739,0,0,0,0
Hyperledger:STL-367,Hyperledger,STL-367,0,0,0,0
MariaDB:MCOL-740,MariaDB,MCOL-740,0,0,0,0
Hyperledger:STL-369,Hyperledger,STL-369,0,0,0,0
Hyperledger:STL-370,Hyperledger,STL-370,0,0,0,0
MariaDB:MCOL-743,MariaDB,MCOL-743,0,0,0,0
Hyperledger:STL-371,Hyperledger,STL-371,0,0,0,0
Hyperledger:STL-372,Hyperledger,STL-372,0,0,0,0
Hyperledger:STL-373,Hyperledger,STL-373,0,0,0,0
Hyperledger:STL-366,Hyperledger,STL-366,0,0,0,0
Hyperledger:STL-368,Hyperledger,STL-368,0,0,0,0
Hyperledger:STL-374,Hyperledger,STL-374,0,0,0,0
Hyperledger:STL-350,Hyperledger,STL-350,0,0,0,0
Hyperledger:STL-352,Hyperledger,STL-352,1,1,1,1
Hyperledger:STL-353,Hyperledger,STL-353,0,0,0,0
Hyperledger:STL-354,Hyperledger,STL-354,0,0,0,0
Hyperledger:STL-375,Hyperledger,STL-375,0,0,0,0
Hyperledger:STL-179,Hyperledger,STL-179,0,0,0,0
Hyperledger:STL-378,Hyperledger,STL-378,0,0,0,0
Hyperledger:STL-248,Hyperledger,STL-248,0,0,0,0
Hyperledger:STL-260,Hyperledger,STL-260,0,0,0,0
MariaDB:MCOL-745,MariaDB,MCOL-745,0,0,0,0
MariaDB:MCOL-746,MariaDB,MCOL-746,0,0,0,0
MariaDB:MCOL-747,MariaDB,MCOL-747,0,0,0,0
MariaDB:MCOL-748,MariaDB,MCOL-748,0,0,0,0
MariaDB:MXS-1067,MariaDB,MXS-1067,0,0,0,0
MariaDB:MCOL-750,MariaDB,MCOL-750,0,0,0,0
MariaDB:MCOL-751,MariaDB,MCOL-751,0,0,0,0
MariaDB:MCOL-752,MariaDB,MCOL-752,0,0,0,0
MariaDB:MCOL-753,MariaDB,MCOL-753,0,0,0,0
MariaDB:MCOL-754,MariaDB,MCOL-754,0,0,0,0
MariaDB:MCOL-755,MariaDB,MCOL-755,0,0,0,0
MariaDB:MCOL-756,MariaDB,MCOL-756,0,0,0,0
MariaDB:MCOL-757,MariaDB,MCOL-757,0,0,0,0
MariaDB:MCOL-758,MariaDB,MCOL-758,0,0,0,0
MariaDB:MCOL-759,MariaDB,MCOL-759,0,0,0,0
Hyperledger:STL-393,Hyperledger,STL-393,0,0,0,0
Hyperledger:FAB-4456,Hyperledger,FAB-4456,0,0,0,0
MariaDB:MXS-1282,MariaDB,MXS-1282,0,0,0,0
MariaDB:MCOL-520,MariaDB,MCOL-520,1,1,1,1
Hyperledger:FAB-4511,Hyperledger,FAB-4511,0,0,0,0
Hyperledger:FAB-4516,Hyperledger,FAB-4516,0,0,0,0
Hyperledger:FABP-155,Hyperledger,FABP-155,0,0,0,0
MariaDB:MCOL-769,MariaDB,MCOL-769,0,0,0,0
Hyperledger:STL-167,Hyperledger,STL-167,0,0,0,0
Hyperledger:STL-210,Hyperledger,STL-210,0,0,0,0
MariaDB:MCOL-598,MariaDB,MCOL-598,0,0,0,0
MariaDB:MCOL-601,MariaDB,MCOL-601,0,0,0,0
MariaDB:MCOL-599,MariaDB,MCOL-599,0,0,0,0
Hyperledger:INDY-164,Hyperledger,INDY-164,0,0,0,0
Hyperledger:INDY-200,Hyperledger,INDY-200,0,0,0,0
Hyperledger:INDY-201,Hyperledger,INDY-201,0,0,0,0
Hyperledger:INDY-202,Hyperledger,INDY-202,0,0,0,0
Hyperledger:INDY-162,Hyperledger,INDY-162,1,0,0,0
Hyperledger:INDY-205,Hyperledger,INDY-205,0,0,0,0
Hyperledger:STL-160,Hyperledger,STL-160,1,1,1,1
MariaDB:MCOL-770,MariaDB,MCOL-770,0,0,0,0
Hyperledger:INDY-198,Hyperledger,INDY-198,0,0,0,0
Hyperledger:INDY-27,Hyperledger,INDY-27,1,1,1,1
Hyperledger:INDY-132,Hyperledger,INDY-132,0,0,0,0
Hyperledger:INDY-166,Hyperledger,INDY-166,0,0,0,0
Hyperledger:INDY-196,Hyperledger,INDY-196,0,0,0,0
Hyperledger:INDY-197,Hyperledger,INDY-197,0,0,0,0
Hyperledger:INDY-214,Hyperledger,INDY-214,1,1,1,1
Hyperledger:INDY-218,Hyperledger,INDY-218,0,0,0,0
MariaDB:MXS-852,MariaDB,MXS-852,0,0,0,0
MariaDB:MXS-334,MariaDB,MXS-334,0,0,0,0
MariaDB:MXS-1249,MariaDB,MXS-1249,0,0,0,0
MariaDB:MXS-1286,MariaDB,MXS-1286,0,0,0,0
Hyperledger:STL-377,Hyperledger,STL-377,0,0,0,0
Hyperledger:STL-379,Hyperledger,STL-379,0,0,0,0
Hyperledger:STL-444,Hyperledger,STL-444,0,0,0,0
Hyperledger:FAB-4669,Hyperledger,FAB-4669,1,1,1,1
Hyperledger:STL-445,Hyperledger,STL-445,0,0,0,0
Hyperledger:STL-446,Hyperledger,STL-446,0,0,0,0
Hyperledger:INDY-212,Hyperledger,INDY-212,0,0,0,0
Hyperledger:FAB-3809,Hyperledger,FAB-3809,0,0,0,0
MariaDB:CONJ-322,MariaDB,CONJ-322,0,0,0,0
MariaDB:CONJ-327,MariaDB,CONJ-327,0,0,0,0
MariaDB:CONJ-400,MariaDB,CONJ-400,1,1,1,1
MariaDB:CONJ-422,MariaDB,CONJ-422,0,0,0,0
MariaDB:CONJ-430,MariaDB,CONJ-430,0,0,0,0
MariaDB:CONJ-492,MariaDB,CONJ-492,0,0,0,0
Hyperledger:STL-402,Hyperledger,STL-402,0,0,0,0
Hyperledger:STL-438,Hyperledger,STL-438,0,0,0,0
Hyperledger:STL-281,Hyperledger,STL-281,0,0,0,0
Hyperledger:STL-356,Hyperledger,STL-356,0,0,0,0
Hyperledger:STL-448,Hyperledger,STL-448,0,0,0,0
Hyperledger:STL-449,Hyperledger,STL-449,0,0,0,0
Hyperledger:STL-450,Hyperledger,STL-450,0,0,0,0
Hyperledger:STL-423,Hyperledger,STL-423,0,0,0,0
Hyperledger:STL-460,Hyperledger,STL-460,0,0,0,0
Hyperledger:INDY-244,Hyperledger,INDY-244,0,0,0,0
Hyperledger:INDY-248,Hyperledger,INDY-248,1,1,1,1
Hyperledger:STL-396,Hyperledger,STL-396,0,0,0,0
Hyperledger:STL-404,Hyperledger,STL-404,0,0,0,0
Hyperledger:STL-466,Hyperledger,STL-466,0,0,0,0
Hyperledger:STL-470,Hyperledger,STL-470,0,0,0,0
Hyperledger:STL-478,Hyperledger,STL-478,0,0,0,0
Hyperledger:STL-479,Hyperledger,STL-479,0,0,0,0
Hyperledger:STL-480,Hyperledger,STL-480,0,0,0,0
Hyperledger:STL-483,Hyperledger,STL-483,0,0,0,0
Hyperledger:STL-484,Hyperledger,STL-484,0,0,0,0
Hyperledger:INDY-254,Hyperledger,INDY-254,1,1,1,1
Hyperledger:INDY-255,Hyperledger,INDY-255,1,1,1,1
Hyperledger:FAB-4863,Hyperledger,FAB-4863,0,0,0,0
Hyperledger:STL-488,Hyperledger,STL-488,0,0,0,0
Hyperledger:STL-476,Hyperledger,STL-476,0,0,0,0
Hyperledger:INDY-260,Hyperledger,INDY-260,1,1,1,1
Hyperledger:STL-489,Hyperledger,STL-489,0,0,0,0
Hyperledger:STL-490,Hyperledger,STL-490,0,0,0,0
Hyperledger:STL-269,Hyperledger,STL-269,0,0,0,0
Hyperledger:STL-497,Hyperledger,STL-497,0,0,0,0
Hyperledger:STL-498,Hyperledger,STL-498,0,0,0,0
Hyperledger:INDY-266,Hyperledger,INDY-266,1,1,1,1
Hyperledger:INDY-267,Hyperledger,INDY-267,0,0,0,0
Hyperledger:INDY-268,Hyperledger,INDY-268,0,0,0,0
Hyperledger:INDY-269,Hyperledger,INDY-269,0,0,0,0
Hyperledger:INDY-270,Hyperledger,INDY-270,1,1,1,1
Hyperledger:INDY-271,Hyperledger,INDY-271,0,0,0,0
Hyperledger:INDY-272,Hyperledger,INDY-272,0,0,0,0
Hyperledger:INDY-273,Hyperledger,INDY-273,0,0,0,0
Hyperledger:INDY-274,Hyperledger,INDY-274,0,0,0,0
Hyperledger:INDY-275,Hyperledger,INDY-275,1,1,1,1
Hyperledger:INDY-276,Hyperledger,INDY-276,0,0,0,0
Hyperledger:INDY-278,Hyperledger,INDY-278,0,0,0,0
Hyperledger:INDY-279,Hyperledger,INDY-279,1,1,1,1
Hyperledger:INDY-280,Hyperledger,INDY-280,1,1,1,1
Hyperledger:INDY-281,Hyperledger,INDY-281,1,1,1,1
Hyperledger:INDY-282,Hyperledger,INDY-282,1,1,1,1
Hyperledger:INDY-283,Hyperledger,INDY-283,1,1,1,1
Hyperledger:INDY-284,Hyperledger,INDY-284,1,1,1,1
Hyperledger:INDY-285,Hyperledger,INDY-285,0,0,0,0
Hyperledger:INDY-286,Hyperledger,INDY-286,0,0,0,0
Hyperledger:CE-60,Hyperledger,CE-60,1,1,1,1
Hyperledger:INDY-291,Hyperledger,INDY-291,0,0,0,0
Hyperledger:CE-61,Hyperledger,CE-61,0,0,0,0
Hyperledger:CE-62,Hyperledger,CE-62,0,0,0,0
Hyperledger:CE-63,Hyperledger,CE-63,0,0,0,0
MariaDB:MDEV-13141,MariaDB,MDEV-13141,0,0,0,0
MariaDB:MDEV-12528,MariaDB,MDEV-12528,0,0,0,0
Hyperledger:INDY-297,Hyperledger,INDY-297,1,1,1,1
Hyperledger:INDY-300,Hyperledger,INDY-300,0,0,0,0
Hyperledger:INDY-301,Hyperledger,INDY-301,0,0,0,0
Hyperledger:INDY-303,Hyperledger,INDY-303,0,0,0,0
Hyperledger:INDY-304,Hyperledger,INDY-304,1,1,1,1
Hyperledger:INDY-305,Hyperledger,INDY-305,0,0,0,0
Hyperledger:INDY-306,Hyperledger,INDY-306,0,0,0,0
Hyperledger:INDY-307,Hyperledger,INDY-307,0,0,0,0
Hyperledger:INDY-308,Hyperledger,INDY-308,1,1,1,1
Hyperledger:INDY-309,Hyperledger,INDY-309,0,0,0,0
MariaDB:MDEV-12548,MariaDB,MDEV-12548,0,0,0,0
MariaDB:MDEV-11271,MariaDB,MDEV-11271,0,0,0,0
Hyperledger:CE-64,Hyperledger,CE-64,0,0,0,0
Hyperledger:CE-59,Hyperledger,CE-59,0,0,0,0
Hyperledger:INDY-313,Hyperledger,INDY-313,1,1,1,1
Hyperledger:CE-66,Hyperledger,CE-66,0,0,0,0
Hyperledger:INDY-323,Hyperledger,INDY-323,0,0,0,0
Hyperledger:FAB-4957,Hyperledger,FAB-4957,0,0,0,0
Qt:QSR-249,Qt,QSR-249,0,0,0,0
Qt:QSR-103,Qt,QSR-103,0,0,0,0
Qt:AUTOSUITE-96,Qt,AUTOSUITE-96,0,0,0,0
Qt:AUTOSUITE-61,Qt,AUTOSUITE-61,0,0,0,0
Hyperledger:CE-67,Hyperledger,CE-67,0,0,0,0
Hyperledger:CE-51,Hyperledger,CE-51,0,0,0,0
Hyperledger:CE-68,Hyperledger,CE-68,0,0,0,0
Hyperledger:CE-69,Hyperledger,CE-69,1,0,0,0
Jira:CONFSERVER-43173,Jira,CONFSERVER-43173,0,0,0,0
MariaDB:MCOL-787,MariaDB,MCOL-787,0,0,0,0
Hyperledger:CE-71,Hyperledger,CE-71,0,0,0,0
Hyperledger:INDY-331,Hyperledger,INDY-331,1,1,1,1
Hyperledger:FAB-5007,Hyperledger,FAB-5007,0,0,0,0
Qt:AUTOSUITE-79,Qt,AUTOSUITE-79,0,0,0,0
Qt:AUTOSUITE-82,Qt,AUTOSUITE-82,0,0,0,0
Hyperledger:FAB-4971,Hyperledger,FAB-4971,0,0,0,0
Qt:AUTOSUITE-80,Qt,AUTOSUITE-80,0,0,0,0
Hyperledger:CE-72,Hyperledger,CE-72,0,0,0,0
Hyperledger:INDY-335,Hyperledger,INDY-335,0,0,0,0
Jira:CONFSERVER-52540,Jira,CONFSERVER-52540,1,1,0,0
Jira:CONFSERVER-52632,Jira,CONFSERVER-52632,0,0,0,0
Hyperledger:CE-73,Hyperledger,CE-73,0,0,0,0
Hyperledger:STL-510,Hyperledger,STL-510,0,0,0,0
MariaDB:MDEV-13197,MariaDB,MDEV-13197,0,0,0,0
MariaDB:MXS-1300,MariaDB,MXS-1300,0,0,0,0
MariaDB:MXS-1301,MariaDB,MXS-1301,0,0,0,0
MariaDB:MXS-1302,MariaDB,MXS-1302,1,0,0,0
MariaDB:MXS-1303,MariaDB,MXS-1303,0,0,0,0
MariaDB:MXS-1248,MariaDB,MXS-1248,0,0,0,0
Hyperledger:INDY-345,Hyperledger,INDY-345,1,1,1,1
MariaDB:MCOL-792,MariaDB,MCOL-792,0,0,0,0
Hyperledger:INDY-352,Hyperledger,INDY-352,0,0,0,0
Hyperledger:STL-485,Hyperledger,STL-485,0,0,0,0
Hyperledger:INDY-208,Hyperledger,INDY-208,0,0,0,0
Hyperledger:CE-75,Hyperledger,CE-75,0,0,0,0
MariaDB:MXS-1305,MariaDB,MXS-1305,1,1,1,1
MariaDB:MXS-1306,MariaDB,MXS-1306,0,0,0,0
Hyperledger:INDY-353,Hyperledger,INDY-353,1,1,1,1
Hyperledger:INDY-360,Hyperledger,INDY-360,0,0,0,0
MariaDB:MCOL-802,MariaDB,MCOL-802,0,0,0,0
Hyperledger:CE-78,Hyperledger,CE-78,0,0,0,0
Hyperledger:STL-536,Hyperledger,STL-536,0,0,0,0
Hyperledger:INDY-384,Hyperledger,INDY-384,1,1,1,1
Hyperledger:CE-79,Hyperledger,CE-79,0,0,0,0
Qt:AUTOSUITE-757,Qt,AUTOSUITE-757,1,1,0,0
Qt:AUTOSUITE-78,Qt,AUTOSUITE-78,0,0,0,0
Qt:QSR-65,Qt,QSR-65,1,1,0,0
Hyperledger:FAB-4608,Hyperledger,FAB-4608,0,0,0,0
MariaDB:MDEV-12288,MariaDB,MDEV-12288,0,0,0,0
MariaDB:MDEV-12985,MariaDB,MDEV-12985,0,0,0,0
MariaDB:MDEV-11371,MariaDB,MDEV-11371,1,1,1,1
Hyperledger:IS-197,Hyperledger,IS-197,0,0,0,0
Hyperledger:IS-128,Hyperledger,IS-128,0,0,0,0
Hyperledger:IS-138,Hyperledger,IS-138,0,0,0,0
Hyperledger:IS-166,Hyperledger,IS-166,0,0,0,0
Hyperledger:IS-167,Hyperledger,IS-167,0,0,0,0
Hyperledger:IS-149,Hyperledger,IS-149,0,0,0,0
Hyperledger:IS-180,Hyperledger,IS-180,0,0,0,0
Hyperledger:IS-181,Hyperledger,IS-181,0,0,0,0
Hyperledger:IS-183,Hyperledger,IS-183,0,0,0,0
Hyperledger:IS-193,Hyperledger,IS-193,0,0,0,0
Hyperledger:IS-184,Hyperledger,IS-184,0,0,0,0
Hyperledger:IS-179,Hyperledger,IS-179,0,0,0,0
Hyperledger:IS-185,Hyperledger,IS-185,0,0,0,0
Hyperledger:IS-195,Hyperledger,IS-195,0,0,0,0
Hyperledger:IS-188,Hyperledger,IS-188,0,0,0,0
Hyperledger:IS-41,Hyperledger,IS-41,0,0,0,0
Hyperledger:IS-194,Hyperledger,IS-194,0,0,0,0
Hyperledger:IS-61,Hyperledger,IS-61,0,0,0,0
Hyperledger:IS-151,Hyperledger,IS-151,0,0,0,0
Hyperledger:IS-173,Hyperledger,IS-173,0,0,0,0
Hyperledger:IS-174,Hyperledger,IS-174,0,0,0,0
Hyperledger:IS-157,Hyperledger,IS-157,0,0,0,0
Hyperledger:IS-176,Hyperledger,IS-176,0,0,0,0
Hyperledger:STL-541,Hyperledger,STL-541,0,0,0,0
Hyperledger:STL-542,Hyperledger,STL-542,1,1,0,0
Hyperledger:STL-543,Hyperledger,STL-543,0,0,0,0
Hyperledger:INDY-390,Hyperledger,INDY-390,0,0,0,0
Hyperledger:INDY-389,Hyperledger,INDY-389,0,0,0,0
Hyperledger:STL-545,Hyperledger,STL-545,0,0,0,0
Hyperledger:STL-546,Hyperledger,STL-546,0,0,0,0
Hyperledger:STL-547,Hyperledger,STL-547,0,0,0,0
Hyperledger:STL-551,Hyperledger,STL-551,1,1,1,1
Hyperledger:STL-552,Hyperledger,STL-552,1,1,1,0
Hyperledger:STL-553,Hyperledger,STL-553,0,0,0,0
Hyperledger:STL-554,Hyperledger,STL-554,0,0,0,0
Hyperledger:STL-578,Hyperledger,STL-578,0,0,0,0
Hyperledger:STL-587,Hyperledger,STL-587,0,0,0,0
Hyperledger:STL-582,Hyperledger,STL-582,0,0,0,0
Hyperledger:STL-580,Hyperledger,STL-580,0,0,0,0
Hyperledger:STL-499,Hyperledger,STL-499,0,0,0,0
Hyperledger:STL-581,Hyperledger,STL-581,0,0,0,0
Hyperledger:STL-562,Hyperledger,STL-562,0,0,0,0
Hyperledger:STL-561,Hyperledger,STL-561,0,0,0,0
Jira:JRASERVER-65340,Jira,JRASERVER-65340,0,0,0,0
Hyperledger:IS-199,Hyperledger,IS-199,0,0,0,0
Hyperledger:IS-200,Hyperledger,IS-200,0,0,0,0
Hyperledger:IS-202,Hyperledger,IS-202,0,0,0,0
Hyperledger:STL-405,Hyperledger,STL-405,0,0,0,0
Hyperledger:STL-550,Hyperledger,STL-550,0,0,0,0
Hyperledger:STL-474,Hyperledger,STL-474,0,0,0,0
Hyperledger:IS-145,Hyperledger,IS-145,0,0,0,0
Hyperledger:IS-177,Hyperledger,IS-177,0,0,0,0
Hyperledger:IS-18,Hyperledger,IS-18,0,0,0,0
Hyperledger:IS-19,Hyperledger,IS-19,0,0,0,0
Hyperledger:IS-16,Hyperledger,IS-16,0,0,0,0
Hyperledger:IS-15,Hyperledger,IS-15,0,0,0,0
Hyperledger:IS-17,Hyperledger,IS-17,0,0,0,0
Hyperledger:IS-14,Hyperledger,IS-14,0,0,0,0
Hyperledger:IS-206,Hyperledger,IS-206,0,0,0,0
Hyperledger:IS-207,Hyperledger,IS-207,0,0,0,0
Hyperledger:IS-208,Hyperledger,IS-208,0,0,0,0
Hyperledger:IS-209,Hyperledger,IS-209,0,0,0,0
Hyperledger:IS-210,Hyperledger,IS-210,0,0,0,0
Hyperledger:IS-211,Hyperledger,IS-211,0,0,0,0
Hyperledger:IS-187,Hyperledger,IS-187,0,0,0,0
Hyperledger:IS-139,Hyperledger,IS-139,1,0,0,0
Hyperledger:INDY-399,Hyperledger,INDY-399,0,0,0,0
Hyperledger:IS-216,Hyperledger,IS-216,0,0,0,0
Hyperledger:INDY-401,Hyperledger,INDY-401,0,0,0,0
Hyperledger:INDY-402,Hyperledger,INDY-402,0,0,0,0
MariaDB:MDEV-13292,MariaDB,MDEV-13292,0,0,0,0
Hyperledger:STL-601,Hyperledger,STL-601,0,0,0,0
Hyperledger:INDY-290,Hyperledger,INDY-290,0,0,0,0
MariaDB:MDEV-13298,MariaDB,MDEV-13298,0,0,0,0
Hyperledger:STL-607,Hyperledger,STL-607,0,0,0,0
MariaDB:MDEV-13302,MariaDB,MDEV-13302,0,0,0,0
Hyperledger:INDY-410,Hyperledger,INDY-410,0,0,0,0
Hyperledger:IS-215,Hyperledger,IS-215,0,0,0,0
Hyperledger:INDY-419,Hyperledger,INDY-419,0,0,0,0
Jira:BSERV-5223,Jira,BSERV-5223,0,0,0,0
Hyperledger:IS-218,Hyperledger,IS-218,0,0,0,0
MariaDB:MCOL-813,MariaDB,MCOL-813,0,0,0,0
Hyperledger:FAB-5323,Hyperledger,FAB-5323,0,0,0,0
Hyperledger:INDY-434,Hyperledger,INDY-434,0,0,0,0
Hyperledger:IS-12,Hyperledger,IS-12,0,0,0,0
Hyperledger:IS-190,Hyperledger,IS-190,0,0,0,0
Hyperledger:IS-13,Hyperledger,IS-13,0,0,0,0
Hyperledger:IS-9,Hyperledger,IS-9,0,0,0,0
Hyperledger:IS-10,Hyperledger,IS-10,0,0,0,0
Hyperledger:IS-11,Hyperledger,IS-11,0,0,0,0
Hyperledger:IS-63,Hyperledger,IS-63,0,0,0,0
Hyperledger:IS-212,Hyperledger,IS-212,0,0,0,0
Hyperledger:IS-224,Hyperledger,IS-224,0,0,0,0
MariaDB:MCOL-636,MariaDB,MCOL-636,0,0,0,0
MariaDB:MDEV-13342,MariaDB,MDEV-13342,1,1,1,1
Hyperledger:FAB-5362,Hyperledger,FAB-5362,0,0,0,0
Hyperledger:STL-610,Hyperledger,STL-610,0,0,0,0
Hyperledger:CE-89,Hyperledger,CE-89,0,0,0,0
Hyperledger:IS-7,Hyperledger,IS-7,0,0,0,0
Hyperledger:IS-171,Hyperledger,IS-171,0,0,0,0
Hyperledger:IS-226,Hyperledger,IS-226,0,0,0,0
Hyperledger:FAB-5386,Hyperledger,FAB-5386,0,0,0,0
Hyperledger:STL-555,Hyperledger,STL-555,0,0,0,0
Hyperledger:STL-455,Hyperledger,STL-455,0,0,0,0
Hyperledger:STL-563,Hyperledger,STL-563,0,0,0,0
Hyperledger:STL-565,Hyperledger,STL-565,0,0,0,0
Hyperledger:STL-586,Hyperledger,STL-586,0,0,0,0
Hyperledger:STL-584,Hyperledger,STL-584,0,0,0,0
Hyperledger:IS-227,Hyperledger,IS-227,0,0,0,0
Hyperledger:STL-486,Hyperledger,STL-486,0,0,0,0
Hyperledger:STL-579,Hyperledger,STL-579,0,0,0,0
Hyperledger:STL-583,Hyperledger,STL-583,0,0,0,0
Hyperledger:STL-496,Hyperledger,STL-496,0,0,0,0
Hyperledger:FAB-5402,Hyperledger,FAB-5402,0,0,0,0
MariaDB:MCOL-821,MariaDB,MCOL-821,0,0,0,0
Hyperledger:IS-229,Hyperledger,IS-229,0,0,0,0
Hyperledger:IS-230,Hyperledger,IS-230,0,0,0,0
Hyperledger:STL-564,Hyperledger,STL-564,0,0,0,0
Hyperledger:IS-232,Hyperledger,IS-232,0,0,0,0
Hyperledger:CE-96,Hyperledger,CE-96,0,0,0,0
Hyperledger:STL-612,Hyperledger,STL-612,0,0,0,0
MariaDB:MCOL-829,MariaDB,MCOL-829,0,0,0,0
Hyperledger:IS-233,Hyperledger,IS-233,0,0,0,0
Hyperledger:STL-613,Hyperledger,STL-613,1,1,1,1
Hyperledger:STL-614,Hyperledger,STL-614,0,0,0,0
Hyperledger:INDY-425,Hyperledger,INDY-425,1,1,1,1
Hyperledger:INDY-422,Hyperledger,INDY-422,0,0,0,0
Hyperledger:INDY-437,Hyperledger,INDY-437,0,0,0,0
Hyperledger:INDY-440,Hyperledger,INDY-440,0,0,0,0
Hyperledger:INDY-456,Hyperledger,INDY-456,0,0,0,0
Hyperledger:INDY-257,Hyperledger,INDY-257,0,0,0,0
Jira:CONFSERVER-26834,Jira,CONFSERVER-26834,0,0,0,0
MariaDB:MCOL-825,MariaDB,MCOL-825,0,0,0,0
Hyperledger:IS-8,Hyperledger,IS-8,0,0,0,0
Hyperledger:IS-234,Hyperledger,IS-234,0,0,0,0
Hyperledger:IS-219,Hyperledger,IS-219,0,0,0,0
Hyperledger:IS-237,Hyperledger,IS-237,0,0,0,0
Hyperledger:IS-238,Hyperledger,IS-238,0,0,0,0
Hyperledger:INDY-457,Hyperledger,INDY-457,0,0,0,0
Hyperledger:IS-241,Hyperledger,IS-241,0,0,0,0
Hyperledger:FAB-5480,Hyperledger,FAB-5480,0,0,0,0
Hyperledger:IS-144,Hyperledger,IS-144,1,1,1,1
Hyperledger:IS-108,Hyperledger,IS-108,0,0,0,0
Hyperledger:FABP-156,Hyperledger,FABP-156,0,0,0,0
Hyperledger:FABP-157,Hyperledger,FABP-157,0,0,0,0
Hyperledger:FABP-158,Hyperledger,FABP-158,0,0,0,0
MariaDB:MXS-1247,MariaDB,MXS-1247,0,0,0,0
MariaDB:MXS-1317,MariaDB,MXS-1317,0,0,0,0
MariaDB:MXS-1331,MariaDB,MXS-1331,0,0,0,0
MariaDB:MXS-770,MariaDB,MXS-770,0,0,0,0
MariaDB:MXS-421,MariaDB,MXS-421,0,0,0,0
MariaDB:MXS-43,MariaDB,MXS-43,0,0,0,0
MariaDB:MXS-1332,MariaDB,MXS-1332,0,0,0,0
MariaDB:MCOL-777,MariaDB,MCOL-777,0,0,0,0
Hyperledger:INDY-464,Hyperledger,INDY-464,0,0,0,0
Hyperledger:INDY-465,Hyperledger,INDY-465,0,0,0,0
Hyperledger:CE-99,Hyperledger,CE-99,0,0,0,0
Hyperledger:IS-159,Hyperledger,IS-159,0,0,0,0
Hyperledger:IS-248,Hyperledger,IS-248,0,0,0,0
MariaDB:MDEV-13414,MariaDB,MDEV-13414,0,0,0,0
MariaDB:MDEV-13415,MariaDB,MDEV-13415,1,1,0,0
Hyperledger:FAB-5545,Hyperledger,FAB-5545,0,0,0,0
Hyperledger:IS-249,Hyperledger,IS-249,0,0,0,0
Hyperledger:FAB-5547,Hyperledger,FAB-5547,0,0,0,0
Hyperledger:FAB-5548,Hyperledger,FAB-5548,0,0,0,0
Hyperledger:FAB-5549,Hyperledger,FAB-5549,0,0,0,0
MariaDB:MCOL-579,MariaDB,MCOL-579,0,0,0,0
Hyperledger:STL-617,Hyperledger,STL-617,0,0,0,0
Hyperledger:INDY-473,Hyperledger,INDY-473,0,0,0,0
Jira:JSDSERVER-4689,Jira,JSDSERVER-4689,0,0,0,0
MariaDB:MDEV-13419,MariaDB,MDEV-13419,0,0,0,0
Hyperledger:IS-125,Hyperledger,IS-125,0,0,0,0
Hyperledger:IS-109,Hyperledger,IS-109,0,0,0,0
Hyperledger:IS-103,Hyperledger,IS-103,0,0,0,0
Hyperledger:IS-164,Hyperledger,IS-164,0,0,0,0
Hyperledger:IS-165,Hyperledger,IS-165,0,0,0,0
Hyperledger:IS-123,Hyperledger,IS-123,0,0,0,0
Hyperledger:IS-182,Hyperledger,IS-182,0,0,0,0
Hyperledger:IS-49,Hyperledger,IS-49,0,0,0,0
Hyperledger:IS-250,Hyperledger,IS-250,0,0,0,0
Hyperledger:IS-236,Hyperledger,IS-236,0,0,0,0
Hyperledger:IS-192,Hyperledger,IS-192,0,0,0,0
Hyperledger:IS-251,Hyperledger,IS-251,0,0,0,0
Hyperledger:FAB-5571,Hyperledger,FAB-5571,1,1,1,1
Hyperledger:INDY-493,Hyperledger,INDY-493,1,1,1,1
Hyperledger:INDY-496,Hyperledger,INDY-496,0,0,0,0
Hyperledger:INDY-505,Hyperledger,INDY-505,0,0,0,0
Hyperledger:INDY-511,Hyperledger,INDY-511,0,0,0,0
Hyperledger:INDY-491,Hyperledger,INDY-491,0,0,0,0
Hyperledger:INDY-480,Hyperledger,INDY-480,0,0,0,0
Hyperledger:INDY-494,Hyperledger,INDY-494,1,1,1,1
Hyperledger:INDY-495,Hyperledger,INDY-495,1,1,1,1
Hyperledger:INDY-484,Hyperledger,INDY-484,0,0,0,0
Hyperledger:INDY-680,Hyperledger,INDY-680,1,1,1,1
Jira:JSWSERVER-15751,Jira,JSWSERVER-15751,0,0,0,0
Hyperledger:IS-258,Hyperledger,IS-258,0,0,0,0
Hyperledger:IS-259,Hyperledger,IS-259,0,0,0,0
Hyperledger:INDY-709,Hyperledger,INDY-709,0,0,0,0
Hyperledger:INDY-670,Hyperledger,INDY-670,1,1,1,1
Hyperledger:INDY-704,Hyperledger,INDY-704,0,0,0,0
Hyperledger:STL-619,Hyperledger,STL-619,0,0,0,0
Hyperledger:STL-620,Hyperledger,STL-620,0,0,0,0
Hyperledger:STL-621,Hyperledger,STL-621,0,0,0,0
MariaDB:MDEV-13450,MariaDB,MDEV-13450,0,0,0,0
Hyperledger:STL-622,Hyperledger,STL-622,0,0,0,0
Hyperledger:STL-623,Hyperledger,STL-623,0,0,0,0
Hyperledger:STL-624,Hyperledger,STL-624,0,0,0,0
Jira:JRASERVER-40931,Jira,JRASERVER-40931,1,1,0,0
Jira:JRASERVER-63796,Jira,JRASERVER-63796,0,0,0,0
Jira:JSDSERVER-4938,Jira,JSDSERVER-4938,0,0,0,0
Hyperledger:STL-629,Hyperledger,STL-629,0,0,0,0
Hyperledger:STL-630,Hyperledger,STL-630,0,0,0,0
Hyperledger:STL-631,Hyperledger,STL-631,0,0,0,0
Hyperledger:STL-632,Hyperledger,STL-632,0,0,0,0
Hyperledger:STL-633,Hyperledger,STL-633,1,1,0,0
Hyperledger:STL-634,Hyperledger,STL-634,1,0,0,0
Hyperledger:STL-635,Hyperledger,STL-635,1,1,0,0
Hyperledger:STL-636,Hyperledger,STL-636,1,0,0,0
Hyperledger:STL-637,Hyperledger,STL-637,0,0,0,0
Hyperledger:STL-625,Hyperledger,STL-625,0,0,0,0
Hyperledger:STL-626,Hyperledger,STL-626,0,0,0,0
Hyperledger:IS-260,Hyperledger,IS-260,0,0,0,0
Hyperledger:STL-639,Hyperledger,STL-639,0,0,0,0
Hyperledger:STL-638,Hyperledger,STL-638,0,0,0,0
Hyperledger:STL-406,Hyperledger,STL-406,0,0,0,0
Hyperledger:STL-640,Hyperledger,STL-640,0,0,0,0
Hyperledger:FAB-5659,Hyperledger,FAB-5659,0,0,0,0
Hyperledger:IS-2,Hyperledger,IS-2,1,1,1,1
Hyperledger:IS-155,Hyperledger,IS-155,0,0,0,0
Hyperledger:IS-58,Hyperledger,IS-58,0,0,0,0
Hyperledger:IS-158,Hyperledger,IS-158,1,0,0,0
MariaDB:MXS-1343,MariaDB,MXS-1343,0,0,0,0
MariaDB:MXS-1344,MariaDB,MXS-1344,0,0,0,0
MariaDB:MXS-1337,MariaDB,MXS-1337,0,0,0,0
MariaDB:MXS-1156,MariaDB,MXS-1156,0,0,0,0
MariaDB:MXS-1354,MariaDB,MXS-1354,0,0,0,0
MariaDB:MXS-1355,MariaDB,MXS-1355,0,0,0,0
Hyperledger:IS-276,Hyperledger,IS-276,0,0,0,0
Hyperledger:IS-277,Hyperledger,IS-277,0,0,0,0
Hyperledger:IS-278,Hyperledger,IS-278,0,0,0,0
MariaDB:MCOL-809,MariaDB,MCOL-809,0,0,0,0
Hyperledger:IS-279,Hyperledger,IS-279,0,0,0,0
Hyperledger:IS-280,Hyperledger,IS-280,0,0,0,0
Hyperledger:IS-281,Hyperledger,IS-281,0,0,0,0
Hyperledger:FAB-5727,Hyperledger,FAB-5727,0,0,0,0
Hyperledger:IS-284,Hyperledger,IS-284,0,0,0,0
MariaDB:MCOL-868,MariaDB,MCOL-868,0,0,0,0
Hyperledger:IS-220,Hyperledger,IS-220,0,0,0,0
Hyperledger:FAB-5735,Hyperledger,FAB-5735,0,0,0,0
Hyperledger:FAB-5743,Hyperledger,FAB-5743,0,0,0,0
Hyperledger:FAB-5745,Hyperledger,FAB-5745,0,0,0,0
Jira:JRASERVER-63299,Jira,JRASERVER-63299,0,0,0,0
MariaDB:MDEV-13528,MariaDB,MDEV-13528,0,0,0,0
MariaDB:MDEV-13531,MariaDB,MDEV-13531,0,0,0,0
MariaDB:MDEV-13533,MariaDB,MDEV-13533,0,0,0,0
Hyperledger:IS-291,Hyperledger,IS-291,0,0,0,0
Hyperledger:IS-293,Hyperledger,IS-293,1,1,0,0
Hyperledger:IS-213,Hyperledger,IS-213,0,0,0,0
Hyperledger:INDY-715,Hyperledger,INDY-715,0,0,0,0
Hyperledger:IS-295,Hyperledger,IS-295,0,0,0,0
Hyperledger:IS-296,Hyperledger,IS-296,0,0,0,0
Hyperledger:IS-253,Hyperledger,IS-253,0,0,0,0
Hyperledger:IS-298,Hyperledger,IS-298,0,0,0,0
Hyperledger:IS-299,Hyperledger,IS-299,0,0,0,0
Hyperledger:IS-300,Hyperledger,IS-300,0,0,0,0
Hyperledger:IS-301,Hyperledger,IS-301,0,0,0,0
Hyperledger:IS-302,Hyperledger,IS-302,0,0,0,0
Hyperledger:IS-303,Hyperledger,IS-303,0,0,0,0
Hyperledger:IS-304,Hyperledger,IS-304,0,0,0,0
Hyperledger:IS-305,Hyperledger,IS-305,0,0,0,0
Hyperledger:FAB-5841,Hyperledger,FAB-5841,0,0,0,0
MariaDB:MCOL-887,MariaDB,MCOL-887,0,0,0,0
Hyperledger:FAB-5853,Hyperledger,FAB-5853,0,0,0,0
Hyperledger:FAB-5854,Hyperledger,FAB-5854,0,0,0,0
Hyperledger:FAB-5855,Hyperledger,FAB-5855,1,1,1,0
Hyperledger:FAB-5856,Hyperledger,FAB-5856,0,0,0,0
Jira:JRASERVER-63730,Jira,JRASERVER-63730,0,0,0,0
Qt:QSR-252,Qt,QSR-252,1,1,1,0
Qt:QSR-253,Qt,QSR-253,1,1,1,1
Hyperledger:FAB-5859,Hyperledger,FAB-5859,0,0,0,0
Hyperledger:STL-643,Hyperledger,STL-643,0,0,0,0
Hyperledger:STL-644,Hyperledger,STL-644,0,0,0,0
MariaDB:MXS-1364,MariaDB,MXS-1364,0,0,0,0
MariaDB:MXS-1350,MariaDB,MXS-1350,1,0,0,0
MariaDB:MXS-553,MariaDB,MXS-553,0,0,0,0
MariaDB:MXS-1370,MariaDB,MXS-1370,0,0,0,0
Hyperledger:FAB-5867,Hyperledger,FAB-5867,0,0,0,0
Hyperledger:INDY-744,Hyperledger,INDY-744,0,0,0,0
Hyperledger:INDY-745,Hyperledger,INDY-745,0,0,0,0
Hyperledger:INDY-746,Hyperledger,INDY-746,0,0,0,0
Hyperledger:INDY-747,Hyperledger,INDY-747,0,0,0,0
Hyperledger:INDY-748,Hyperledger,INDY-748,1,1,1,1
Hyperledger:INDY-750,Hyperledger,INDY-750,0,0,0,0
Hyperledger:INDY-751,Hyperledger,INDY-751,0,0,0,0
Hyperledger:INDY-752,Hyperledger,INDY-752,0,0,0,0
Hyperledger:IS-308,Hyperledger,IS-308,0,0,0,0
Hyperledger:IS-309,Hyperledger,IS-309,0,0,0,0
Hyperledger:IS-311,Hyperledger,IS-311,0,0,0,0
Hyperledger:IS-310,Hyperledger,IS-310,0,0,0,0
Hyperledger:STL-597,Hyperledger,STL-597,0,0,0,0
Hyperledger:STL-595,Hyperledger,STL-595,0,0,0,0
Hyperledger:STL-528,Hyperledger,STL-528,0,0,0,0
Hyperledger:STL-529,Hyperledger,STL-529,0,0,0,0
Hyperledger:STL-531,Hyperledger,STL-531,0,0,0,0
Hyperledger:STL-627,Hyperledger,STL-627,1,1,1,1
Hyperledger:STL-628,Hyperledger,STL-628,1,1,1,1
Hyperledger:STL-650,Hyperledger,STL-650,1,1,1,1
Hyperledger:STL-594,Hyperledger,STL-594,0,0,0,0
Hyperledger:INDY-754,Hyperledger,INDY-754,1,1,1,1
Hyperledger:INDY-756,Hyperledger,INDY-756,0,0,0,0
Hyperledger:INDY-758,Hyperledger,INDY-758,0,0,0,0
Hyperledger:IS-313,Hyperledger,IS-313,0,0,0,0
Hyperledger:IS-314,Hyperledger,IS-314,1,1,1,1
Hyperledger:STL-487,Hyperledger,STL-487,0,0,0,0
Hyperledger:STL-585,Hyperledger,STL-585,0,0,0,0
Hyperledger:STL-651,Hyperledger,STL-651,1,0,0,0
Hyperledger:STL-652,Hyperledger,STL-652,1,0,0,0
Hyperledger:STL-653,Hyperledger,STL-653,1,0,0,0
Hyperledger:STL-654,Hyperledger,STL-654,0,0,0,0
Hyperledger:STL-655,Hyperledger,STL-655,0,0,0,0
Hyperledger:STL-660,Hyperledger,STL-660,0,0,0,0
Hyperledger:STL-656,Hyperledger,STL-656,1,0,0,0
Hyperledger:STL-657,Hyperledger,STL-657,0,0,0,0
Hyperledger:STL-658,Hyperledger,STL-658,0,0,0,0
Hyperledger:STL-659,Hyperledger,STL-659,0,0,0,0
Hyperledger:STL-661,Hyperledger,STL-661,0,0,0,0
Hyperledger:STL-649,Hyperledger,STL-649,0,0,0,0
Hyperledger:STL-598,Hyperledger,STL-598,0,0,0,0
Hyperledger:STL-530,Hyperledger,STL-530,0,0,0,0
Hyperledger:STL-535,Hyperledger,STL-535,0,0,0,0
Hyperledger:STL-534,Hyperledger,STL-534,0,0,0,0
Hyperledger:STL-645,Hyperledger,STL-645,0,0,0,0
Hyperledger:STL-590,Hyperledger,STL-590,0,0,0,0
Hyperledger:STL-646,Hyperledger,STL-646,0,0,0,0
Hyperledger:STL-665,Hyperledger,STL-665,0,0,0,0
Hyperledger:STL-666,Hyperledger,STL-666,0,0,0,0
Hyperledger:STL-667,Hyperledger,STL-667,0,0,0,0
Hyperledger:STL-459,Hyperledger,STL-459,0,0,0,0
Hyperledger:STL-453,Hyperledger,STL-453,0,0,0,0
Hyperledger:STL-567,Hyperledger,STL-567,0,0,0,0
Hyperledger:FAB-5940,Hyperledger,FAB-5940,0,0,0,0
Hyperledger:INDY-790,Hyperledger,INDY-790,1,1,1,0
Hyperledger:INDY-791,Hyperledger,INDY-791,0,0,0,0
Hyperledger:FAB-5951,Hyperledger,FAB-5951,0,0,0,0
Hyperledger:FAB-5952,Hyperledger,FAB-5952,0,0,0,0
Hyperledger:IS-315,Hyperledger,IS-315,1,1,1,0
Hyperledger:IS-317,Hyperledger,IS-317,0,0,0,0
Hyperledger:IS-316,Hyperledger,IS-316,1,1,1,1
Hyperledger:IS-319,Hyperledger,IS-319,1,1,1,1
Hyperledger:IS-323,Hyperledger,IS-323,0,0,0,0
Hyperledger:IS-324,Hyperledger,IS-324,0,0,0,0
Hyperledger:IS-326,Hyperledger,IS-326,0,0,0,0
Hyperledger:IS-328,Hyperledger,IS-328,0,0,0,0
Jira:FE-6916,Jira,FE-6916,1,1,1,0
Jira:CRUC-8095,Jira,CRUC-8095,1,1,1,1
Jira:FE-6917,Jira,FE-6917,1,1,0,0
Hyperledger:INDY-794,Hyperledger,INDY-794,0,0,0,0
Hyperledger:INDY-796,Hyperledger,INDY-796,0,0,0,0
Qt:AUTOSUITE-333,Qt,AUTOSUITE-333,0,0,0,0
Hyperledger:FAB-6001,Hyperledger,FAB-6001,0,0,0,0
Hyperledger:FAB-6011,Hyperledger,FAB-6011,0,0,0,0
Hyperledger:STL-495,Hyperledger,STL-495,0,0,0,0
Jira:JRASERVER-65599,Jira,JRASERVER-65599,0,0,0,0
Jira:CONFSERVER-51824,Jira,CONFSERVER-51824,0,0,0,0
Hyperledger:FAB-6023,Hyperledger,FAB-6023,0,0,0,0
MariaDB:MXS-1389,MariaDB,MXS-1389,0,0,0,0
MariaDB:MXS-1383,MariaDB,MXS-1383,0,0,0,0
MariaDB:MXS-1387,MariaDB,MXS-1387,1,1,1,1
MariaDB:MXS-1390,MariaDB,MXS-1390,0,0,0,0
MariaDB:MCOL-904,MariaDB,MCOL-904,0,0,0,0
MariaDB:MCOL-905,MariaDB,MCOL-905,0,0,0,0
Qt:QSR-254,Qt,QSR-254,1,1,1,1
Hyperledger:STL-589,Hyperledger,STL-589,0,0,0,0
Hyperledger:STL-454,Hyperledger,STL-454,0,0,0,0
Hyperledger:STL-452,Hyperledger,STL-452,0,0,0,0
Hyperledger:STL-647,Hyperledger,STL-647,0,0,0,0
Hyperledger:STL-574,Hyperledger,STL-574,0,0,0,0
Hyperledger:STL-568,Hyperledger,STL-568,0,0,0,0
Hyperledger:STL-569,Hyperledger,STL-569,0,0,0,0
Hyperledger:STL-570,Hyperledger,STL-570,0,0,0,0
Hyperledger:STL-456,Hyperledger,STL-456,0,0,0,0
Hyperledger:STL-458,Hyperledger,STL-458,0,0,0,0
Hyperledger:STL-566,Hyperledger,STL-566,0,0,0,0
Hyperledger:STL-572,Hyperledger,STL-572,0,0,0,0
Hyperledger:STL-573,Hyperledger,STL-573,0,0,0,0
Hyperledger:STL-575,Hyperledger,STL-575,0,0,0,0
Hyperledger:STL-576,Hyperledger,STL-576,0,0,0,0
Hyperledger:IS-336,Hyperledger,IS-336,0,0,0,0
Hyperledger:IS-337,Hyperledger,IS-337,0,0,0,0
MariaDB:MDEV-13760,MariaDB,MDEV-13760,0,0,0,0
MariaDB:MDEV-13763,MariaDB,MDEV-13763,0,0,0,0
Hyperledger:INDY-812,Hyperledger,INDY-812,0,0,0,0
Hyperledger:STL-588,Hyperledger,STL-588,0,0,0,0
Hyperledger:STL-591,Hyperledger,STL-591,0,0,0,0
Hyperledger:STL-593,Hyperledger,STL-593,0,0,0,0
Hyperledger:CE-139,Hyperledger,CE-139,0,0,0,0
Hyperledger:FAB-6102,Hyperledger,FAB-6102,0,0,0,0
Hyperledger:STL-413,Hyperledger,STL-413,0,0,0,0
Hyperledger:STL-673,Hyperledger,STL-673,0,0,0,0
Hyperledger:STL-674,Hyperledger,STL-674,0,0,0,0
Hyperledger:STL-675,Hyperledger,STL-675,0,0,0,0
Hyperledger:STL-676,Hyperledger,STL-676,0,0,0,0
Hyperledger:FAB-6107,Hyperledger,FAB-6107,0,0,0,0
Jira:JRASERVER-65170,Jira,JRASERVER-65170,0,0,0,0
Jira:JRASERVER-64570,Jira,JRASERVER-64570,0,0,0,0
Hyperledger:INDY-829,Hyperledger,INDY-829,0,0,0,0
Hyperledger:INDY-830,Hyperledger,INDY-830,0,0,0,0
Hyperledger:IS-342,Hyperledger,IS-342,0,0,0,0
Hyperledger:INDY-831,Hyperledger,INDY-831,0,0,0,0
Hyperledger:INDY-832,Hyperledger,INDY-832,0,0,0,0
Hyperledger:INDY-833,Hyperledger,INDY-833,0,0,0,0
Hyperledger:INDY-834,Hyperledger,INDY-834,1,1,1,1
Hyperledger:INDY-835,Hyperledger,INDY-835,0,0,0,0
Hyperledger:INDY-837,Hyperledger,INDY-837,0,0,0,0
Hyperledger:INDY-838,Hyperledger,INDY-838,1,1,1,1
Hyperledger:IS-343,Hyperledger,IS-343,0,0,0,0
Hyperledger:IS-345,Hyperledger,IS-345,0,0,0,0
Hyperledger:IS-347,Hyperledger,IS-347,0,0,0,0
Hyperledger:INDY-850,Hyperledger,INDY-850,0,0,0,0
Hyperledger:INDY-855,Hyperledger,INDY-855,0,0,0,0
Hyperledger:INDY-856,Hyperledger,INDY-856,0,0,0,0
Hyperledger:FAB-6183,Hyperledger,FAB-6183,0,0,0,0
MariaDB:MXS-1441,MariaDB,MXS-1441,0,0,0,0
MariaDB:MXS-1442,MariaDB,MXS-1442,0,0,0,0
MariaDB:MXS-1443,MariaDB,MXS-1443,0,0,0,0
Hyperledger:FAB-6197,Hyperledger,FAB-6197,0,0,0,0
Hyperledger:INDY-615,Hyperledger,INDY-615,0,0,0,0
Hyperledger:INDY-616,Hyperledger,INDY-616,0,0,0,0
Hyperledger:INDY-862,Hyperledger,INDY-862,0,0,0,0
Hyperledger:INDY-863,Hyperledger,INDY-863,0,0,0,0
Hyperledger:INDY-864,Hyperledger,INDY-864,0,0,0,0
Hyperledger:INDY-865,Hyperledger,INDY-865,0,0,0,0
MariaDB:MXS-1423,MariaDB,MXS-1423,0,0,0,0
MariaDB:MXS-1424,MariaDB,MXS-1424,0,0,0,0
MariaDB:MXS-1425,MariaDB,MXS-1425,0,0,0,0
Hyperledger:INDY-867,Hyperledger,INDY-867,0,0,0,0
Hyperledger:INDY-868,Hyperledger,INDY-868,0,0,0,0
MariaDB:MXS-1445,MariaDB,MXS-1445,0,0,0,0
MariaDB:MXS-1427,MariaDB,MXS-1427,0,0,0,0
MariaDB:MXS-1428,MariaDB,MXS-1428,0,0,0,0
MariaDB:MXS-1429,MariaDB,MXS-1429,0,0,0,0
MariaDB:MXS-1430,MariaDB,MXS-1430,0,0,0,0
MariaDB:MXS-1431,MariaDB,MXS-1431,0,0,0,0
MariaDB:MXS-1432,MariaDB,MXS-1432,0,0,0,0
MariaDB:MXS-1433,MariaDB,MXS-1433,0,0,0,0
MariaDB:MXS-1434,MariaDB,MXS-1434,0,0,0,0
MariaDB:MCOL-827,MariaDB,MCOL-827,0,0,0,0
Hyperledger:FAB-6254,Hyperledger,FAB-6254,0,0,0,0
Hyperledger:STL-678,Hyperledger,STL-678,0,0,0,0
MariaDB:MDEV-13864,MariaDB,MDEV-13864,0,0,0,0
Hyperledger:FAB-5546,Hyperledger,FAB-5546,0,0,0,0
Hyperledger:CE-145,Hyperledger,CE-145,0,0,0,0
MariaDB:MCOL-741,MariaDB,MCOL-741,0,0,0,0
MariaDB:MCOL-742,MariaDB,MCOL-742,0,0,0,0
Hyperledger:IS-354,Hyperledger,IS-354,0,0,0,0
MariaDB:MXS-1446,MariaDB,MXS-1446,0,0,0,0
Hyperledger:IS-356,Hyperledger,IS-356,0,0,0,0
Hyperledger:IS-357,Hyperledger,IS-357,0,0,0,0
Hyperledger:INDY-876,Hyperledger,INDY-876,0,0,0,0
Jira:JRASERVER-65929,Jira,JRASERVER-65929,0,0,0,0
Jira:JSWSERVER-15172,Jira,JSWSERVER-15172,0,0,0,0
Jira:JRASERVER-65536,Jira,JRASERVER-65536,0,0,0,0
Jira:JRASERVER-65537,Jira,JRASERVER-65537,0,0,0,0
MariaDB:MDEV-13919,MariaDB,MDEV-13919,0,0,0,0
Hyperledger:INDY-877,Hyperledger,INDY-877,0,0,0,0
Hyperledger:INDY-878,Hyperledger,INDY-878,1,0,0,0
Hyperledger:INDY-880,Hyperledger,INDY-880,0,0,0,0
Hyperledger:IS-353,Hyperledger,IS-353,0,0,0,0
Hyperledger:STL-680,Hyperledger,STL-680,0,0,0,0
Hyperledger:STL-681,Hyperledger,STL-681,0,0,0,0
Hyperledger:STL-684,Hyperledger,STL-684,0,0,0,0
Hyperledger:STL-686,Hyperledger,STL-686,0,0,0,0
Hyperledger:STL-687,Hyperledger,STL-687,0,0,0,0
Hyperledger:STL-688,Hyperledger,STL-688,0,0,0,0
Hyperledger:STL-690,Hyperledger,STL-690,0,0,0,0
Hyperledger:STL-691,Hyperledger,STL-691,0,0,0,0
Hyperledger:STL-693,Hyperledger,STL-693,1,1,1,1
MariaDB:MCOL-946,MariaDB,MCOL-946,0,0,0,0
Hyperledger:IS-360,Hyperledger,IS-360,0,0,0,0
Hyperledger:INDY-882,Hyperledger,INDY-882,0,0,0,0
Hyperledger:STL-698,Hyperledger,STL-698,0,0,0,0
Hyperledger:IS-362,Hyperledger,IS-362,0,0,0,0
Hyperledger:INDY-883,Hyperledger,INDY-883,0,0,0,0
Hyperledger:STL-696,Hyperledger,STL-696,0,0,0,0
Hyperledger:STL-697,Hyperledger,STL-697,0,0,0,0
Hyperledger:IS-363,Hyperledger,IS-363,0,0,0,0
Hyperledger:IS-364,Hyperledger,IS-364,0,0,0,0
MariaDB:MCOL-940,MariaDB,MCOL-940,0,0,0,0
Hyperledger:FAB-6404,Hyperledger,FAB-6404,0,0,0,0
MariaDB:MXS-1393,MariaDB,MXS-1393,0,0,0,0
MariaDB:MXS-1440,MariaDB,MXS-1440,0,0,0,0
MariaDB:MXS-1436,MariaDB,MXS-1436,0,0,0,0
MariaDB:MXS-1438,MariaDB,MXS-1438,0,0,0,0
Jira:CONFSERVER-54226,Jira,CONFSERVER-54226,1,1,1,1
Hyperledger:STL-701,Hyperledger,STL-701,0,0,0,0
Hyperledger:STL-702,Hyperledger,STL-702,0,0,0,0
Hyperledger:STL-703,Hyperledger,STL-703,0,0,0,0
Hyperledger:STL-704,Hyperledger,STL-704,0,0,0,0
Hyperledger:STL-705,Hyperledger,STL-705,0,0,0,0
Hyperledger:STL-706,Hyperledger,STL-706,0,0,0,0
Hyperledger:STL-707,Hyperledger,STL-707,0,0,0,0
Hyperledger:STL-708,Hyperledger,STL-708,0,0,0,0
MariaDB:MDEV-14012,MariaDB,MDEV-14012,0,0,0,0
MariaDB:MDEV-14013,MariaDB,MDEV-14013,0,0,0,0
Hyperledger:INDY-885,Hyperledger,INDY-885,0,0,0,0
Hyperledger:IS-370,Hyperledger,IS-370,0,0,0,0
Hyperledger:IS-371,Hyperledger,IS-371,0,0,0,0
IntelDAOS:CART-298,IntelDAOS,CART-298,0,0,0,0
Jira:FE-6325,Jira,FE-6325,0,0,0,0
Jira:CRUC-6308,Jira,CRUC-6308,0,0,0,0
Hyperledger:IS-372,Hyperledger,IS-372,0,0,0,0
Hyperledger:FAB-6552,Hyperledger,FAB-6552,0,0,0,0
Hyperledger:FAB-6553,Hyperledger,FAB-6553,0,0,0,0
Hyperledger:FAB-6554,Hyperledger,FAB-6554,0,0,0,0
Hyperledger:FAB-6555,Hyperledger,FAB-6555,0,0,0,0
Hyperledger:FAB-6556,Hyperledger,FAB-6556,0,0,0,0
Hyperledger:IS-374,Hyperledger,IS-374,0,0,0,0
Hyperledger:INDY-900,Hyperledger,INDY-900,0,0,0,0
Hyperledger:INDY-901,Hyperledger,INDY-901,1,1,1,1
Hyperledger:INDY-902,Hyperledger,INDY-902,0,0,0,0
Hyperledger:INDY-903,Hyperledger,INDY-903,0,0,0,0
Hyperledger:INDY-892,Hyperledger,INDY-892,0,0,0,0
Hyperledger:STL-709,Hyperledger,STL-709,0,0,0,0
Hyperledger:STL-710,Hyperledger,STL-710,0,0,0,0
Hyperledger:STL-712,Hyperledger,STL-712,0,0,0,0
Hyperledger:STL-711,Hyperledger,STL-711,0,0,0,0
Hyperledger:FABJ-328,Hyperledger,FABJ-328,1,1,1,1
Hyperledger:IS-274,Hyperledger,IS-274,1,1,1,1
Hyperledger:STL-713,Hyperledger,STL-713,0,0,0,0
Hyperledger:STL-714,Hyperledger,STL-714,0,0,0,0
Hyperledger:STL-715,Hyperledger,STL-715,0,0,0,0
Hyperledger:STL-716,Hyperledger,STL-716,0,0,0,0
Hyperledger:STL-717,Hyperledger,STL-717,0,0,0,0
Hyperledger:STL-718,Hyperledger,STL-718,0,0,0,0
Hyperledger:STL-719,Hyperledger,STL-719,1,1,1,0
Hyperledger:STL-724,Hyperledger,STL-724,0,0,0,0
Hyperledger:STL-725,Hyperledger,STL-725,0,0,0,0
Hyperledger:STL-726,Hyperledger,STL-726,1,1,0,0
Hyperledger:IS-380,Hyperledger,IS-380,0,0,0,0
Hyperledger:IS-381,Hyperledger,IS-381,0,0,0,0
Hyperledger:IS-382,Hyperledger,IS-382,0,0,0,0
Hyperledger:IS-383,Hyperledger,IS-383,0,0,0,0
Hyperledger:IS-384,Hyperledger,IS-384,0,0,0,0
Hyperledger:IS-385,Hyperledger,IS-385,0,0,0,0
Hyperledger:STL-720,Hyperledger,STL-720,0,0,0,0
Hyperledger:STL-721,Hyperledger,STL-721,0,0,0,0
Hyperledger:STL-722,Hyperledger,STL-722,0,0,0,0
Hyperledger:STL-723,Hyperledger,STL-723,0,0,0,0
Hyperledger:STL-768,Hyperledger,STL-768,0,0,0,0
Hyperledger:FAB-3813,Hyperledger,FAB-3813,1,1,1,1
Hyperledger:FAB-3814,Hyperledger,FAB-3814,0,0,0,0
Hyperledger:FAB-3816,Hyperledger,FAB-3816,0,0,0,0
Hyperledger:FAB-4044,Hyperledger,FAB-4044,0,0,0,0
Hyperledger:FAB-4045,Hyperledger,FAB-4045,0,0,0,0
Hyperledger:STL-769,Hyperledger,STL-769,0,0,0,0
Hyperledger:FAB-4043,Hyperledger,FAB-4043,0,0,0,0
Hyperledger:IS-373,Hyperledger,IS-373,0,0,0,0
Hyperledger:IS-376,Hyperledger,IS-376,0,0,0,0
Hyperledger:IS-366,Hyperledger,IS-366,1,0,0,0
Hyperledger:FAB-6619,Hyperledger,FAB-6619,0,0,0,0
Jira:JRASERVER-65083,Jira,JRASERVER-65083,0,0,0,0
Jira:JRASERVER-42696,Jira,JRASERVER-42696,0,0,0,0
Qt:QSR-255,Qt,QSR-255,1,1,1,1
Hyperledger:STL-770,Hyperledger,STL-770,0,0,0,0
Hyperledger:STL-771,Hyperledger,STL-771,0,0,0,0
Hyperledger:STL-772,Hyperledger,STL-772,0,0,0,0
Hyperledger:STL-773,Hyperledger,STL-773,0,0,0,0
Hyperledger:STL-774,Hyperledger,STL-774,0,0,0,0
Hyperledger:STL-751,Hyperledger,STL-751,0,0,0,0
Hyperledger:STL-744,Hyperledger,STL-744,0,0,0,0
Hyperledger:STL-733,Hyperledger,STL-733,0,0,0,0
Hyperledger:STL-734,Hyperledger,STL-734,0,0,0,0
Hyperledger:STL-736,Hyperledger,STL-736,0,0,0,0
Hyperledger:STL-737,Hyperledger,STL-737,0,0,0,0
Hyperledger:STL-738,Hyperledger,STL-738,0,0,0,0
Hyperledger:STL-740,Hyperledger,STL-740,0,0,0,0
Hyperledger:STL-741,Hyperledger,STL-741,0,0,0,0
Hyperledger:STL-742,Hyperledger,STL-742,0,0,0,0
Hyperledger:STL-745,Hyperledger,STL-745,0,0,0,0
Hyperledger:STL-747,Hyperledger,STL-747,0,0,0,0
Hyperledger:STL-749,Hyperledger,STL-749,0,0,0,0
Hyperledger:STL-732,Hyperledger,STL-732,0,0,0,0
Hyperledger:STL-776,Hyperledger,STL-776,0,0,0,0
Hyperledger:STL-779,Hyperledger,STL-779,1,1,1,0
Hyperledger:STL-277,Hyperledger,STL-277,0,0,0,0
Hyperledger:STL-787,Hyperledger,STL-787,1,1,1,1
Hyperledger:STL-788,Hyperledger,STL-788,1,1,1,1
Hyperledger:STL-789,Hyperledger,STL-789,0,0,0,0
Hyperledger:STL-790,Hyperledger,STL-790,0,0,0,0
Hyperledger:STL-791,Hyperledger,STL-791,0,0,0,0
Hyperledger:STL-793,Hyperledger,STL-793,0,0,0,0
Hyperledger:STL-794,Hyperledger,STL-794,0,0,0,0
Hyperledger:STL-795,Hyperledger,STL-795,0,0,0,0
Hyperledger:STL-217,Hyperledger,STL-217,0,0,0,0
Hyperledger:STL-750,Hyperledger,STL-750,0,0,0,0
Hyperledger:IS-386,Hyperledger,IS-386,0,0,0,0
Hyperledger:IS-387,Hyperledger,IS-387,0,0,0,0
Hyperledger:INDY-919,Hyperledger,INDY-919,0,0,0,0
Hyperledger:FAB-6720,Hyperledger,FAB-6720,0,0,0,0
Hyperledger:FAB-6723,Hyperledger,FAB-6723,1,1,1,1
MariaDB:MXS-1484,MariaDB,MXS-1484,0,0,0,0
MariaDB:MXS-1485,MariaDB,MXS-1485,0,0,0,0
Hyperledger:IS-390,Hyperledger,IS-390,0,0,0,0
IntelDAOS:CART-224,IntelDAOS,CART-224,0,0,0,0
IntelDAOS:CART-328,IntelDAOS,CART-328,0,0,0,0
IntelDAOS:CART-329,IntelDAOS,CART-329,0,0,0,0
IntelDAOS:CART-330,IntelDAOS,CART-330,0,0,0,0
IntelDAOS:CART-321,IntelDAOS,CART-321,0,0,0,0
IntelDAOS:CART-322,IntelDAOS,CART-322,0,0,0,0
IntelDAOS:CART-323,IntelDAOS,CART-323,0,0,0,0
IntelDAOS:CART-324,IntelDAOS,CART-324,0,0,0,0
IntelDAOS:CART-325,IntelDAOS,CART-325,1,0,0,0
IntelDAOS:CART-327,IntelDAOS,CART-327,0,0,0,0
IntelDAOS:CART-306,IntelDAOS,CART-306,1,1,1,0
MariaDB:MXS-1487,MariaDB,MXS-1487,0,0,0,0
MariaDB:MCOL-982,MariaDB,MCOL-982,0,0,0,0
Hyperledger:STL-803,Hyperledger,STL-803,0,0,0,0
Hyperledger:INDY-912,Hyperledger,INDY-912,0,0,0,0
Hyperledger:INDY-920,Hyperledger,INDY-920,0,0,0,0
MariaDB:MXS-1488,MariaDB,MXS-1488,0,0,0,0
MariaDB:MXS-1394,MariaDB,MXS-1394,0,0,0,0
MariaDB:MXS-1489,MariaDB,MXS-1489,0,0,0,0
MariaDB:MXS-1490,MariaDB,MXS-1490,0,0,0,0
MariaDB:MXS-1491,MariaDB,MXS-1491,0,0,0,0
MariaDB:MXS-1492,MariaDB,MXS-1492,0,0,0,0
MariaDB:MXS-1474,MariaDB,MXS-1474,0,0,0,0
Hyperledger:FAB-6733,Hyperledger,FAB-6733,0,0,0,0
IntelDAOS:CART-331,IntelDAOS,CART-331,0,0,0,0
Hyperledger:FAB-6734,Hyperledger,FAB-6734,0,0,0,0
Hyperledger:FAB-6735,Hyperledger,FAB-6735,0,0,0,0
Hyperledger:FAB-6736,Hyperledger,FAB-6736,0,0,0,0
Hyperledger:FAB-6737,Hyperledger,FAB-6737,0,0,0,0
MariaDB:MXS-1493,MariaDB,MXS-1493,0,0,0,0
MariaDB:MXS-1494,MariaDB,MXS-1494,0,0,0,0
Hyperledger:FAB-6739,Hyperledger,FAB-6739,0,0,0,0
MariaDB:MXS-1495,MariaDB,MXS-1495,0,0,0,0
Hyperledger:FAB-6741,Hyperledger,FAB-6741,0,0,0,0
MariaDB:MDEV-12172,MariaDB,MDEV-12172,0,0,0,0
MariaDB:MDEV-12176,MariaDB,MDEV-12176,0,0,0,0
MariaDB:MDEV-13812,MariaDB,MDEV-13812,0,0,0,0
Hyperledger:STL-804,Hyperledger,STL-804,0,0,0,0
MariaDB:MDEV-13483,MariaDB,MDEV-13483,1,1,0,0
MariaDB:MDEV-11153,MariaDB,MDEV-11153,0,0,0,0
MariaDB:MDEV-13997,MariaDB,MDEV-13997,0,0,0,0
Hyperledger:INDY-925,Hyperledger,INDY-925,1,1,1,1
MariaDB:MDEV-14113,MariaDB,MDEV-14113,0,0,0,0
MariaDB:MDEV-14114,MariaDB,MDEV-14114,0,0,0,0
IntelDAOS:DAOS-352,IntelDAOS,DAOS-352,0,0,0,0
IntelDAOS:DAOS-358,IntelDAOS,DAOS-358,0,0,0,0
IntelDAOS:DAOS-369,IntelDAOS,DAOS-369,0,0,0,0
IntelDAOS:DAOS-370,IntelDAOS,DAOS-370,0,0,0,0
IntelDAOS:DAOS-372,IntelDAOS,DAOS-372,1,1,1,1
IntelDAOS:DAOS-373,IntelDAOS,DAOS-373,0,0,0,0
IntelDAOS:DAOS-374,IntelDAOS,DAOS-374,0,0,0,0
IntelDAOS:DAOS-375,IntelDAOS,DAOS-375,0,0,0,0
IntelDAOS:DAOS-376,IntelDAOS,DAOS-376,0,0,0,0
IntelDAOS:DAOS-377,IntelDAOS,DAOS-377,0,0,0,0
IntelDAOS:DAOS-378,IntelDAOS,DAOS-378,0,0,0,0
IntelDAOS:DAOS-379,IntelDAOS,DAOS-379,0,0,0,0
IntelDAOS:DAOS-380,IntelDAOS,DAOS-380,0,0,0,0
MariaDB:MDEV-14024,MariaDB,MDEV-14024,0,0,0,0
MariaDB:MDEV-12542,MariaDB,MDEV-12542,0,0,0,0
Hyperledger:FAB-6751,Hyperledger,FAB-6751,0,0,0,0
Hyperledger:INDY-927,Hyperledger,INDY-927,0,0,0,0
Hyperledger:IS-392,Hyperledger,IS-392,0,0,0,0
MariaDB:MDEV-14139,MariaDB,MDEV-14139,1,1,1,1
Hyperledger:IS-393,Hyperledger,IS-393,0,0,0,0
Hyperledger:IS-394,Hyperledger,IS-394,1,0,0,0
Hyperledger:STL-810,Hyperledger,STL-810,0,0,0,0
Hyperledger:STL-811,Hyperledger,STL-811,0,0,0,0
Hyperledger:STL-812,Hyperledger,STL-812,0,0,0,0
IntelDAOS:DAOS-385,IntelDAOS,DAOS-385,0,0,0,0
IntelDAOS:DAOS-386,IntelDAOS,DAOS-386,0,0,0,0
Hyperledger:IS-395,Hyperledger,IS-395,0,0,0,0
Hyperledger:IS-396,Hyperledger,IS-396,0,0,0,0
Hyperledger:IS-397,Hyperledger,IS-397,0,0,0,0
Hyperledger:IS-398,Hyperledger,IS-398,0,0,0,0
Hyperledger:IS-399,Hyperledger,IS-399,1,0,0,0
Hyperledger:IS-400,Hyperledger,IS-400,0,0,0,0
Hyperledger:INDY-928,Hyperledger,INDY-928,1,1,1,1
Hyperledger:INDY-933,Hyperledger,INDY-933,1,1,1,1
MariaDB:MCOL-990,MariaDB,MCOL-990,0,0,0,0
Hyperledger:STL-798,Hyperledger,STL-798,0,0,0,0
Hyperledger:STL-805,Hyperledger,STL-805,0,0,0,0
Hyperledger:STL-823,Hyperledger,STL-823,0,0,0,0
Hyperledger:STL-824,Hyperledger,STL-824,0,0,0,0
Hyperledger:STL-825,Hyperledger,STL-825,0,0,0,0
Hyperledger:STL-826,Hyperledger,STL-826,0,0,0,0
Hyperledger:STL-827,Hyperledger,STL-827,0,0,0,0
Hyperledger:STL-830,Hyperledger,STL-830,1,0,0,0
Hyperledger:STL-832,Hyperledger,STL-832,0,0,0,0
MariaDB:MCOL-992,MariaDB,MCOL-992,0,0,0,0
MariaDB:MDEV-14212,MariaDB,MDEV-14212,0,0,0,0
Hyperledger:IS-402,Hyperledger,IS-402,1,1,1,1
MariaDB:MXS-1333,MariaDB,MXS-1333,0,0,0,0
Hyperledger:STL-817,Hyperledger,STL-817,0,0,0,0
Hyperledger:STL-816,Hyperledger,STL-816,0,0,0,0
Hyperledger:STL-818,Hyperledger,STL-818,0,0,0,0
Hyperledger:STL-819,Hyperledger,STL-819,1,0,0,0
Hyperledger:STL-820,Hyperledger,STL-820,0,0,0,0
Hyperledger:STL-822,Hyperledger,STL-822,0,0,0,0
Hyperledger:STL-797,Hyperledger,STL-797,0,0,0,0
Hyperledger:STL-603,Hyperledger,STL-603,0,0,0,0
Hyperledger:STL-835,Hyperledger,STL-835,0,0,0,0
Hyperledger:STL-783,Hyperledger,STL-783,0,0,0,0
Hyperledger:STL-784,Hyperledger,STL-784,0,0,0,0
Hyperledger:STL-807,Hyperledger,STL-807,0,0,0,0
Hyperledger:STL-815,Hyperledger,STL-815,0,0,0,0
Hyperledger:STL-800,Hyperledger,STL-800,0,0,0,0
Hyperledger:STL-739,Hyperledger,STL-739,0,0,0,0
Hyperledger:STL-752,Hyperledger,STL-752,0,0,0,0
Hyperledger:STL-753,Hyperledger,STL-753,1,1,1,1
Hyperledger:STL-836,Hyperledger,STL-836,0,0,0,0
Hyperledger:STL-837,Hyperledger,STL-837,0,0,0,0
Hyperledger:STL-838,Hyperledger,STL-838,0,0,0,0
Hyperledger:FABJ-341,Hyperledger,FABJ-341,0,0,0,0
Qt:QSR-151,Qt,QSR-151,0,0,0,0
Qt:QSR-95,Qt,QSR-95,0,0,0,0
Qt:QSR-81,Qt,QSR-81,1,1,1,1
Qt:QSR-142,Qt,QSR-142,0,0,0,0
Hyperledger:IS-405,Hyperledger,IS-405,0,0,0,0
MariaDB:MCOL-1000,MariaDB,MCOL-1000,0,0,0,0
Qt:QSR-67,Qt,QSR-67,1,1,1,1
Qt:QSR-140,Qt,QSR-140,1,0,0,0
Qt:QSR-154,Qt,QSR-154,1,0,0,0
Qt:QSR-155,Qt,QSR-155,0,0,0,0
Qt:QSR-157,Qt,QSR-157,1,0,0,0
Qt:QSR-160,Qt,QSR-160,0,0,0,0
Qt:QSR-69,Qt,QSR-69,0,0,0,0
Qt:QSR-77,Qt,QSR-77,0,0,0,0
Qt:QSR-78,Qt,QSR-78,0,0,0,0
Qt:QSR-79,Qt,QSR-79,0,0,0,0
Qt:QSR-89,Qt,QSR-89,0,0,0,0
Qt:QSR-73,Qt,QSR-73,0,0,0,0
Jira:JSDSERVER-5379,Jira,JSDSERVER-5379,0,0,0,0
Hyperledger:STL-842,Hyperledger,STL-842,0,0,0,0
Hyperledger:STL-844,Hyperledger,STL-844,0,0,0,0
MariaDB:MDEV-14286,MariaDB,MDEV-14286,1,1,1,1
IntelDAOS:CART-342,IntelDAOS,CART-342,0,0,0,0
IntelDAOS:CART-343,IntelDAOS,CART-343,0,0,0,0
MariaDB:MCOL-1015,MariaDB,MCOL-1015,0,0,0,0
IntelDAOS:DAOS-397,IntelDAOS,DAOS-397,0,0,0,0
IntelDAOS:DAOS-398,IntelDAOS,DAOS-398,0,0,0,0
IntelDAOS:DAOS-399,IntelDAOS,DAOS-399,0,0,0,0
IntelDAOS:DAOS-400,IntelDAOS,DAOS-400,0,0,0,0
IntelDAOS:DAOS-401,IntelDAOS,DAOS-401,0,0,0,0
Hyperledger:IS-410,Hyperledger,IS-410,0,0,0,0
Hyperledger:IS-411,Hyperledger,IS-411,0,0,0,0
IntelDAOS:DAOS-402,IntelDAOS,DAOS-402,1,1,1,1
IntelDAOS:DAOS-403,IntelDAOS,DAOS-403,1,1,0,0
IntelDAOS:DAOS-404,IntelDAOS,DAOS-404,0,0,0,0
MariaDB:MXS-1512,MariaDB,MXS-1512,0,0,0,0
MariaDB:MXS-1479,MariaDB,MXS-1479,0,0,0,0
MariaDB:MXS-1513,MariaDB,MXS-1513,0,0,0,0
MariaDB:MXS-701,MariaDB,MXS-701,0,0,0,0
Hyperledger:IS-412,Hyperledger,IS-412,0,0,0,0
Hyperledger:IS-413,Hyperledger,IS-413,0,0,0,0
Hyperledger:IS-414,Hyperledger,IS-414,0,0,0,0
MariaDB:MXS-1498,MariaDB,MXS-1498,0,0,0,0
MariaDB:MXS-1514,MariaDB,MXS-1514,0,0,0,0
MariaDB:MXS-1470,MariaDB,MXS-1470,0,0,0,0
Hyperledger:IS-415,Hyperledger,IS-415,0,0,0,0
Qt:QSR-101,Qt,QSR-101,0,0,0,0
Qt:QSR-108,Qt,QSR-108,0,0,0,0
Qt:QSR-109,Qt,QSR-109,1,1,1,1
Qt:QSR-117,Qt,QSR-117,1,1,1,1
Qt:QSR-118,Qt,QSR-118,0,0,0,0
Qt:QSR-121,Qt,QSR-121,0,0,0,0
Qt:QSR-122,Qt,QSR-122,0,0,0,0
Qt:QSR-123,Qt,QSR-123,1,1,1,1
Qt:QSR-125,Qt,QSR-125,0,0,0,0
Qt:QSR-141,Qt,QSR-141,0,0,0,0
Qt:QSR-149,Qt,QSR-149,0,0,0,0
Qt:QSR-152,Qt,QSR-152,1,1,1,1
Qt:QSR-156,Qt,QSR-156,1,1,1,1
Qt:QSR-158,Qt,QSR-158,0,0,0,0
Qt:QSR-85,Qt,QSR-85,0,0,0,0
Qt:QSR-90,Qt,QSR-90,0,0,0,0
Qt:QSR-94,Qt,QSR-94,0,0,0,0
Qt:QSR-97,Qt,QSR-97,0,0,0,0
Qt:QSR-100,Qt,QSR-100,0,0,0,0
Qt:QSR-113,Qt,QSR-113,0,0,0,0
Qt:QSR-127,Qt,QSR-127,0,0,0,0
Qt:QSR-137,Qt,QSR-137,0,0,0,0
Qt:QSR-144,Qt,QSR-144,0,0,0,0
Qt:QSR-145,Qt,QSR-145,0,0,0,0
Qt:QSR-148,Qt,QSR-148,0,0,0,0
Qt:QSR-150,Qt,QSR-150,0,0,0,0
Qt:QSR-153,Qt,QSR-153,0,0,0,0
Qt:QSR-71,Qt,QSR-71,0,0,0,0
Qt:QSR-96,Qt,QSR-96,0,0,0,0
Qt:QSR-99,Qt,QSR-99,0,0,0,0
Qt:QSR-104,Qt,QSR-104,0,0,0,0
Qt:QSR-106,Qt,QSR-106,0,0,0,0
Qt:QSR-107,Qt,QSR-107,0,0,0,0
Qt:QSR-111,Qt,QSR-111,0,0,0,0
Qt:QSR-112,Qt,QSR-112,0,0,0,0
Qt:QSR-115,Qt,QSR-115,0,0,0,0
Qt:QSR-124,Qt,QSR-124,0,0,0,0
Qt:QSR-126,Qt,QSR-126,0,0,0,0
Qt:QSR-129,Qt,QSR-129,0,0,0,0
Qt:QSR-132,Qt,QSR-132,0,0,0,0
Qt:QSR-133,Qt,QSR-133,0,0,0,0
Qt:QSR-135,Qt,QSR-135,0,0,0,0
Qt:QSR-139,Qt,QSR-139,0,0,0,0
Qt:QSR-143,Qt,QSR-143,0,0,0,0
Qt:QSR-146,Qt,QSR-146,0,0,0,0
Qt:QSR-161,Qt,QSR-161,0,0,0,0
Qt:QSR-162,Qt,QSR-162,0,0,0,0
Qt:QSR-80,Qt,QSR-80,0,0,0,0
Qt:QSR-83,Qt,QSR-83,0,0,0,0
Qt:QSR-86,Qt,QSR-86,0,0,0,0
Qt:QSR-91,Qt,QSR-91,1,0,0,0
Qt:QSR-98,Qt,QSR-98,0,0,0,0
Hyperledger:STL-846,Hyperledger,STL-846,0,0,0,0
Hyperledger:INDY-945,Hyperledger,INDY-945,0,0,0,0
Hyperledger:IS-416,Hyperledger,IS-416,0,0,0,0
Hyperledger:STL-847,Hyperledger,STL-847,1,1,0,0
Hyperledger:STL-848,Hyperledger,STL-848,0,0,0,0
MariaDB:MDEV-14323,MariaDB,MDEV-14323,0,0,0,0
MariaDB:MDEV-14135,MariaDB,MDEV-14135,0,0,0,0
Hyperledger:STL-850,Hyperledger,STL-850,0,0,0,0
Hyperledger:STL-851,Hyperledger,STL-851,0,0,0,0
Hyperledger:STL-853,Hyperledger,STL-853,0,0,0,0
Hyperledger:STL-854,Hyperledger,STL-854,0,0,0,0
Hyperledger:IS-419,Hyperledger,IS-419,0,0,0,0
Hyperledger:IS-421,Hyperledger,IS-421,1,1,1,1
MariaDB:MCOL-1032,MariaDB,MCOL-1032,0,0,0,0
Hyperledger:IS-422,Hyperledger,IS-422,0,0,0,0
Hyperledger:IS-423,Hyperledger,IS-423,0,0,0,0
Hyperledger:IS-189,Hyperledger,IS-189,0,0,0,0
Hyperledger:IS-425,Hyperledger,IS-425,0,0,0,0
MariaDB:MXS-1521,MariaDB,MXS-1521,0,0,0,0
MariaDB:MXS-1522,MariaDB,MXS-1522,0,0,0,0
MariaDB:MXS-1523,MariaDB,MXS-1523,0,0,0,0
Hyperledger:IS-428,Hyperledger,IS-428,0,0,0,0
Hyperledger:IS-429,Hyperledger,IS-429,0,0,0,0
Hyperledger:INDY-940,Hyperledger,INDY-940,0,0,0,0
MariaDB:MDEV-13369,MariaDB,MDEV-13369,0,0,0,0
Hyperledger:STL-856,Hyperledger,STL-856,0,0,0,0
IntelDAOS:CART-354,IntelDAOS,CART-354,0,0,0,0
IntelDAOS:CART-355,IntelDAOS,CART-355,0,0,0,0
MariaDB:MXS-1533,MariaDB,MXS-1533,0,0,0,0
MariaDB:MXS-1530,MariaDB,MXS-1530,0,0,0,0
MariaDB:MXS-1475,MariaDB,MXS-1475,0,0,0,0
MariaDB:MXS-1520,MariaDB,MXS-1520,0,0,0,0
Hyperledger:STL-885,Hyperledger,STL-885,0,0,0,0
Hyperledger:STL-886,Hyperledger,STL-886,0,0,0,0
Hyperledger:STL-887,Hyperledger,STL-887,1,0,0,0
Hyperledger:STL-888,Hyperledger,STL-888,0,0,0,0
Hyperledger:STL-889,Hyperledger,STL-889,0,0,0,0
Hyperledger:STL-890,Hyperledger,STL-890,0,0,0,0
Hyperledger:STL-891,Hyperledger,STL-891,0,0,0,0
Hyperledger:STL-892,Hyperledger,STL-892,0,0,0,0
Hyperledger:STL-893,Hyperledger,STL-893,0,0,0,0
Hyperledger:STL-869,Hyperledger,STL-869,0,0,0,0
Hyperledger:STL-871,Hyperledger,STL-871,0,0,0,0
Hyperledger:STL-872,Hyperledger,STL-872,0,0,0,0
Hyperledger:STL-874,Hyperledger,STL-874,0,0,0,0
Hyperledger:STL-875,Hyperledger,STL-875,0,0,0,0
Hyperledger:STL-876,Hyperledger,STL-876,0,0,0,0
Hyperledger:STL-881,Hyperledger,STL-881,0,0,0,0
Hyperledger:STL-882,Hyperledger,STL-882,0,0,0,0
Hyperledger:INDY-629,Hyperledger,INDY-629,0,0,0,0
IntelDAOS:DAOS-414,IntelDAOS,DAOS-414,0,0,0,0
IntelDAOS:DAOS-417,IntelDAOS,DAOS-417,0,0,0,0
IntelDAOS:DAOS-422,IntelDAOS,DAOS-422,0,0,0,0
IntelDAOS:DAOS-418,IntelDAOS,DAOS-418,0,0,0,0
IntelDAOS:DAOS-419,IntelDAOS,DAOS-419,0,0,0,0
IntelDAOS:DAOS-420,IntelDAOS,DAOS-420,0,0,0,0
Hyperledger:INDY-530,Hyperledger,INDY-530,0,0,0,0
Qt:QSR-250,Qt,QSR-250,0,0,0,0
Hyperledger:IS-433,Hyperledger,IS-433,0,0,0,0
Hyperledger:IS-434,Hyperledger,IS-434,0,0,0,0
Hyperledger:IS-435,Hyperledger,IS-435,0,0,0,0
Hyperledger:IS-436,Hyperledger,IS-436,0,0,0,0
Hyperledger:IS-437,Hyperledger,IS-437,0,0,0,0
Hyperledger:IS-438,Hyperledger,IS-438,0,0,0,0
Hyperledger:IS-439,Hyperledger,IS-439,1,1,1,1
Qt:QSR-177,Qt,QSR-177,1,1,1,1
IntelDAOS:DAOS-424,IntelDAOS,DAOS-424,0,0,0,0
IntelDAOS:DAOS-425,IntelDAOS,DAOS-425,0,0,0,0
Hyperledger:INDY-963,Hyperledger,INDY-963,0,0,0,0
MariaDB:MCOL-444,MariaDB,MCOL-444,0,0,0,0
MariaDB:MCOL-942,MariaDB,MCOL-942,0,0,0,0
MariaDB:MCOL-962,MariaDB,MCOL-962,0,0,0,0
Hyperledger:INDY-966,Hyperledger,INDY-966,0,0,0,0
Hyperledger:STL-898,Hyperledger,STL-898,0,0,0,0
Hyperledger:STL-899,Hyperledger,STL-899,0,0,0,0
Hyperledger:STL-900,Hyperledger,STL-900,0,0,0,0
Hyperledger:STL-398,Hyperledger,STL-398,0,0,0,0
MariaDB:MCOL-446,MariaDB,MCOL-446,0,0,0,0
MariaDB:MCOL-445,MariaDB,MCOL-445,0,0,0,0
Hyperledger:IS-440,Hyperledger,IS-440,0,0,0,0
Hyperledger:INDY-972,Hyperledger,INDY-972,0,0,0,0
Hyperledger:STL-905,Hyperledger,STL-905,0,0,0,0
Hyperledger:STL-909,Hyperledger,STL-909,0,0,0,0
Hyperledger:STL-859,Hyperledger,STL-859,0,0,0,0
Hyperledger:IS-442,Hyperledger,IS-442,0,0,0,0
Qt:QSR-183,Qt,QSR-183,0,0,0,0
Hyperledger:STL-912,Hyperledger,STL-912,0,0,0,0
Hyperledger:STL-913,Hyperledger,STL-913,1,1,1,0
Hyperledger:STL-914,Hyperledger,STL-914,1,0,0,0
Hyperledger:STL-933,Hyperledger,STL-933,0,0,0,0
Hyperledger:STL-915,Hyperledger,STL-915,1,0,0,0
Hyperledger:STL-916,Hyperledger,STL-916,1,1,0,0
Hyperledger:STL-917,Hyperledger,STL-917,0,0,0,0
Hyperledger:STL-918,Hyperledger,STL-918,0,0,0,0
Hyperledger:STL-919,Hyperledger,STL-919,0,0,0,0
Hyperledger:STL-920,Hyperledger,STL-920,0,0,0,0
Hyperledger:STL-921,Hyperledger,STL-921,0,0,0,0
Hyperledger:STL-922,Hyperledger,STL-922,0,0,0,0
Hyperledger:STL-923,Hyperledger,STL-923,0,0,0,0
Hyperledger:STL-924,Hyperledger,STL-924,0,0,0,0
MariaDB:MCOL-1075,MariaDB,MCOL-1075,0,0,0,0
IntelDAOS:CART-365,IntelDAOS,CART-365,0,0,0,0
IntelDAOS:CART-367,IntelDAOS,CART-367,0,0,0,0
IntelDAOS:CART-366,IntelDAOS,CART-366,0,0,0,0
IntelDAOS:CART-368,IntelDAOS,CART-368,0,0,0,0
IntelDAOS:CART-369,IntelDAOS,CART-369,0,0,0,0
MariaDB:MXS-1571,MariaDB,MXS-1571,0,0,0,0
MariaDB:MXS-1572,MariaDB,MXS-1572,0,0,0,0
MariaDB:MXS-1557,MariaDB,MXS-1557,0,0,0,0
MariaDB:MXS-1558,MariaDB,MXS-1558,0,0,0,0
MariaDB:MXS-1570,MariaDB,MXS-1570,0,0,0,0
MariaDB:MXS-1562,MariaDB,MXS-1562,0,0,0,0
MariaDB:MXS-1563,MariaDB,MXS-1563,0,0,0,0
MariaDB:MXS-1559,MariaDB,MXS-1559,0,0,0,0
MariaDB:MXS-1560,MariaDB,MXS-1560,0,0,0,0
MariaDB:MXS-1561,MariaDB,MXS-1561,0,0,0,0
IntelDAOS:DAOS-429,IntelDAOS,DAOS-429,0,0,0,0
IntelDAOS:DAOS-430,IntelDAOS,DAOS-430,0,0,0,0
IntelDAOS:DAOS-431,IntelDAOS,DAOS-431,0,0,0,0
IntelDAOS:DAOS-432,IntelDAOS,DAOS-432,0,0,0,0
IntelDAOS:DAOS-426,IntelDAOS,DAOS-426,0,0,0,0
IntelDAOS:DAOS-427,IntelDAOS,DAOS-427,0,0,0,0
IntelDAOS:DAOS-433,IntelDAOS,DAOS-433,0,0,0,0
IntelDAOS:DAOS-434,IntelDAOS,DAOS-434,0,0,0,0
IntelDAOS:DAOS-435,IntelDAOS,DAOS-435,0,0,0,0
Hyperledger:STL-925,Hyperledger,STL-925,0,0,0,0
Hyperledger:STL-926,Hyperledger,STL-926,1,1,0,0
Hyperledger:STL-927,Hyperledger,STL-927,0,0,0,0
Hyperledger:STL-928,Hyperledger,STL-928,0,0,0,0
Hyperledger:STL-929,Hyperledger,STL-929,0,0,0,0
Hyperledger:STL-930,Hyperledger,STL-930,0,0,0,0
Hyperledger:STL-931,Hyperledger,STL-931,0,0,0,0
Hyperledger:STL-932,Hyperledger,STL-932,0,0,0,0
IntelDAOS:DAOS-436,IntelDAOS,DAOS-436,0,0,0,0
IntelDAOS:DAOS-437,IntelDAOS,DAOS-437,0,0,0,0
IntelDAOS:DAOS-438,IntelDAOS,DAOS-438,0,0,0,0
IntelDAOS:DAOS-439,IntelDAOS,DAOS-439,0,0,0,0
IntelDAOS:DAOS-441,IntelDAOS,DAOS-441,0,0,0,0
IntelDAOS:DAOS-442,IntelDAOS,DAOS-442,0,0,0,0
IntelDAOS:DAOS-443,IntelDAOS,DAOS-443,0,0,0,0
Hyperledger:STL-935,Hyperledger,STL-935,0,0,0,0
Hyperledger:STL-936,Hyperledger,STL-936,0,0,0,0
Hyperledger:STL-937,Hyperledger,STL-937,0,0,0,0
Hyperledger:INDY-628,Hyperledger,INDY-628,1,1,0,0
Hyperledger:INDY-1012,Hyperledger,INDY-1012,0,0,0,0
Hyperledger:INDY-1009,Hyperledger,INDY-1009,0,0,0,0
Hyperledger:IS-447,Hyperledger,IS-447,0,0,0,0
Hyperledger:STL-938,Hyperledger,STL-938,0,0,0,0
Hyperledger:STL-939,Hyperledger,STL-939,0,0,0,0
Hyperledger:STL-940,Hyperledger,STL-940,0,0,0,0
Hyperledger:STL-941,Hyperledger,STL-941,0,0,0,0
Hyperledger:IS-443,Hyperledger,IS-443,0,0,0,0
MariaDB:MCOL-1069,MariaDB,MCOL-1069,0,0,0,0
Hyperledger:FAB-7378,Hyperledger,FAB-7378,0,0,0,0
Hyperledger:STL-942,Hyperledger,STL-942,0,0,0,0
Hyperledger:STL-943,Hyperledger,STL-943,0,0,0,0
Hyperledger:INDY-997,Hyperledger,INDY-997,0,0,0,0
Hyperledger:INDY-1022,Hyperledger,INDY-1022,0,0,0,0
MariaDB:MCOL-1099,MariaDB,MCOL-1099,0,0,0,0
Hyperledger:STL-947,Hyperledger,STL-947,0,0,0,0
Hyperledger:FAB-7435,Hyperledger,FAB-7435,0,0,0,0
MariaDB:MDEV-14626,MariaDB,MDEV-14626,1,1,1,1
MariaDB:MDEV-10871,MariaDB,MDEV-10871,0,0,0,0
MariaDB:MDEV-14593,MariaDB,MDEV-14593,0,0,0,0
Hyperledger:STL-949,Hyperledger,STL-949,0,0,0,0
Hyperledger:STL-950,Hyperledger,STL-950,0,0,0,0
MariaDB:MCOL-978,MariaDB,MCOL-978,0,0,0,0
Hyperledger:INDY-1035,Hyperledger,INDY-1035,0,0,0,0
Hyperledger:INDY-1039,Hyperledger,INDY-1039,0,0,0,0
Hyperledger:IS-451,Hyperledger,IS-451,1,1,1,1
Hyperledger:IS-454,Hyperledger,IS-454,0,0,0,0
MariaDB:MCOL-1107,MariaDB,MCOL-1107,0,0,0,0
Hyperledger:INDY-570,Hyperledger,INDY-570,0,0,0,0
Hyperledger:IS-458,Hyperledger,IS-458,0,0,0,0
IntelDAOS:DAOS-448,IntelDAOS,DAOS-448,0,0,0,0
IntelDAOS:DAOS-449,IntelDAOS,DAOS-449,0,0,0,0
IntelDAOS:DAOS-450,IntelDAOS,DAOS-450,0,0,0,0
IntelDAOS:DAOS-451,IntelDAOS,DAOS-451,1,1,1,0
IntelDAOS:DAOS-452,IntelDAOS,DAOS-452,0,0,0,0
IntelDAOS:DAOS-453,IntelDAOS,DAOS-453,0,0,0,0
IntelDAOS:DAOS-454,IntelDAOS,DAOS-454,0,0,0,0
IntelDAOS:DAOS-455,IntelDAOS,DAOS-455,0,0,0,0
IntelDAOS:DAOS-456,IntelDAOS,DAOS-456,0,0,0,0
IntelDAOS:DAOS-457,IntelDAOS,DAOS-457,0,0,0,0
IntelDAOS:DAOS-458,IntelDAOS,DAOS-458,1,0,0,0
IntelDAOS:DAOS-459,IntelDAOS,DAOS-459,0,0,0,0
MariaDB:MCOL-1119,MariaDB,MCOL-1119,0,0,0,0
MariaDB:MDEV-14709,MariaDB,MDEV-14709,1,1,1,0
MariaDB:MXS-1568,MariaDB,MXS-1568,0,0,0,0
MariaDB:MXS-1565,MariaDB,MXS-1565,0,0,0,0
Hyperledger:IS-452,Hyperledger,IS-452,0,0,0,0
Hyperledger:INDY-1055,Hyperledger,INDY-1055,0,0,0,0
MariaDB:MDEV-12836,MariaDB,MDEV-12836,0,0,0,0
Hyperledger:IS-464,Hyperledger,IS-464,1,0,0,0
Hyperledger:INDY-1023,Hyperledger,INDY-1023,0,0,0,0
Hyperledger:IS-469,Hyperledger,IS-469,1,1,0,0
Hyperledger:INDY-1064,Hyperledger,INDY-1064,0,0,0,0
Hyperledger:STL-960,Hyperledger,STL-960,0,0,0,0
Hyperledger:STL-961,Hyperledger,STL-961,1,0,0,0
Hyperledger:STL-962,Hyperledger,STL-962,0,0,0,0
MariaDB:MDEV-12386,MariaDB,MDEV-12386,0,0,0,0
Hyperledger:IS-470,Hyperledger,IS-470,0,0,0,0
Hyperledger:FAB-7535,Hyperledger,FAB-7535,0,0,0,0
Hyperledger:IS-475,Hyperledger,IS-475,0,0,0,0
Hyperledger:IS-476,Hyperledger,IS-476,0,0,0,0
Hyperledger:IS-477,Hyperledger,IS-477,0,0,0,0
Qt:QSR-84,Qt,QSR-84,0,0,0,0
Hyperledger:FAB-7551,Hyperledger,FAB-7551,0,0,0,0
Hyperledger:FAB-7552,Hyperledger,FAB-7552,0,0,0,0
Hyperledger:FAB-7554,Hyperledger,FAB-7554,0,0,0,0
Hyperledger:IS-488,Hyperledger,IS-488,0,0,0,0
Hyperledger:IS-481,Hyperledger,IS-481,1,1,1,1
Hyperledger:IS-427,Hyperledger,IS-427,0,0,0,0
Hyperledger:FAB-7570,Hyperledger,FAB-7570,1,1,1,1
Hyperledger:FAB-7574,Hyperledger,FAB-7574,0,0,0,0
MariaDB:MXS-1584,MariaDB,MXS-1584,0,0,0,0
MariaDB:MXS-1569,MariaDB,MXS-1569,0,0,0,0
MariaDB:MXS-1004,MariaDB,MXS-1004,0,0,0,0
MariaDB:MCOL-497,MariaDB,MCOL-497,0,0,0,0
MariaDB:MCOL-1121,MariaDB,MCOL-1121,0,0,0,0
MariaDB:MCOL-1085,MariaDB,MCOL-1085,0,0,0,0
Hyperledger:STL-967,Hyperledger,STL-967,0,0,0,0
Hyperledger:STL-968,Hyperledger,STL-968,0,0,0,0
Hyperledger:STL-969,Hyperledger,STL-969,0,0,0,0
Hyperledger:STL-970,Hyperledger,STL-970,0,0,0,0
Hyperledger:STL-973,Hyperledger,STL-973,0,0,0,0
IntelDAOS:DAOS-461,IntelDAOS,DAOS-461,0,0,0,0
Hyperledger:STL-974,Hyperledger,STL-974,0,0,0,0
Qt:QSR-178,Qt,QSR-178,1,0,0,0
Qt:QSR-179,Qt,QSR-179,1,1,1,1
Qt:QSR-180,Qt,QSR-180,1,1,0,0
Hyperledger:STL-975,Hyperledger,STL-975,0,0,0,0
Hyperledger:STL-977,Hyperledger,STL-977,0,0,0,0
Hyperledger:STL-978,Hyperledger,STL-978,0,0,0,0
Hyperledger:STL-979,Hyperledger,STL-979,0,0,0,0
Hyperledger:STL-980,Hyperledger,STL-980,0,0,0,0
Hyperledger:STL-981,Hyperledger,STL-981,0,0,0,0
Hyperledger:STL-982,Hyperledger,STL-982,0,0,0,0
Hyperledger:STL-983,Hyperledger,STL-983,0,0,0,0
IntelDAOS:CART-375,IntelDAOS,CART-375,0,0,0,0
IntelDAOS:CART-225,IntelDAOS,CART-225,0,0,0,0
IntelDAOS:DAOS-467,IntelDAOS,DAOS-467,0,0,0,0
IntelDAOS:DAOS-468,IntelDAOS,DAOS-468,0,0,0,0
IntelDAOS:DAOS-469,IntelDAOS,DAOS-469,0,0,0,0
IntelDAOS:DAOS-470,IntelDAOS,DAOS-470,0,0,0,0
Hyperledger:IS-490,Hyperledger,IS-490,0,0,0,0
Hyperledger:IS-495,Hyperledger,IS-495,0,0,0,0
Hyperledger:IS-496,Hyperledger,IS-496,1,1,1,0
Hyperledger:IS-492,Hyperledger,IS-492,0,0,0,0
Hyperledger:IS-504,Hyperledger,IS-504,0,0,0,0
Hyperledger:INDY-1080,Hyperledger,INDY-1080,0,0,0,0
Hyperledger:IS-509,Hyperledger,IS-509,0,0,0,0
Hyperledger:INDY-1083,Hyperledger,INDY-1083,0,0,0,0
MariaDB:MDEV-14756,MariaDB,MDEV-14756,0,0,0,0
MariaDB:MDEV-14638,MariaDB,MDEV-14638,0,0,0,0
MariaDB:MDEV-14908,MariaDB,MDEV-14908,0,0,0,0
MariaDB:MDEV-14912,MariaDB,MDEV-14912,0,0,0,0
Hyperledger:IS-513,Hyperledger,IS-513,1,0,0,0
Qt:QSR-181,Qt,QSR-181,0,0,0,0
Hyperledger:INDY-1087,Hyperledger,INDY-1087,0,0,0,0
Hyperledger:STL-990,Hyperledger,STL-990,0,0,0,0
Hyperledger:INDY-886,Hyperledger,INDY-886,1,0,0,0
Hyperledger:IS-520,Hyperledger,IS-520,0,0,0,0
MariaDB:MCOL-1143,MariaDB,MCOL-1143,0,0,0,0
MariaDB:MCOL-1058,MariaDB,MCOL-1058,0,0,0,0
MariaDB:MCOL-1060,MariaDB,MCOL-1060,0,0,0,0
MariaDB:MCOL-1142,MariaDB,MCOL-1142,1,0,0,0
Hyperledger:IS-479,Hyperledger,IS-479,0,0,0,0
Hyperledger:STL-994,Hyperledger,STL-994,0,0,0,0
Qt:QSR-68,Qt,QSR-68,0,0,0,0
MariaDB:MCOL-1159,MariaDB,MCOL-1159,0,0,0,0
Hyperledger:INDY-582,Hyperledger,INDY-582,0,0,0,0
Hyperledger:INDY-1058,Hyperledger,INDY-1058,0,0,0,0
IntelDAOS:DAOS-471,IntelDAOS,DAOS-471,0,0,0,0
MariaDB:MXS-1607,MariaDB,MXS-1607,0,0,0,0
MariaDB:MXS-1608,MariaDB,MXS-1608,0,0,0,0
MariaDB:MXS-1599,MariaDB,MXS-1599,0,0,0,0
MariaDB:MXS-1611,MariaDB,MXS-1611,0,0,0,0
MariaDB:MXS-1612,MariaDB,MXS-1612,0,0,0,0
MariaDB:MXS-1538,MariaDB,MXS-1538,0,0,0,0
IntelDAOS:CART-377,IntelDAOS,CART-377,0,0,0,0
IntelDAOS:CART-252,IntelDAOS,CART-252,0,0,0,0
IntelDAOS:CART-378,IntelDAOS,CART-378,0,0,0,0
IntelDAOS:CART-379,IntelDAOS,CART-379,0,0,0,0
MariaDB:MDEV-14962,MariaDB,MDEV-14962,1,1,1,0
Hyperledger:IS-474,Hyperledger,IS-474,1,0,0,0
Hyperledger:IS-515,Hyperledger,IS-515,1,0,0,0
IntelDAOS:DAOS-472,IntelDAOS,DAOS-472,0,0,0,0
IntelDAOS:DAOS-477,IntelDAOS,DAOS-477,1,0,0,0
IntelDAOS:DAOS-478,IntelDAOS,DAOS-478,0,0,0,0
IntelDAOS:DAOS-479,IntelDAOS,DAOS-479,1,1,1,1
IntelDAOS:DAOS-480,IntelDAOS,DAOS-480,0,0,0,0
IntelDAOS:DAOS-481,IntelDAOS,DAOS-481,1,0,0,0
IntelDAOS:DAOS-482,IntelDAOS,DAOS-482,0,0,0,0
Hyperledger:STL-1000,Hyperledger,STL-1000,1,1,0,0
Hyperledger:STL-1001,Hyperledger,STL-1001,1,1,1,1
Hyperledger:STL-1002,Hyperledger,STL-1002,1,0,0,0
Hyperledger:STL-1003,Hyperledger,STL-1003,0,0,0,0
Hyperledger:STL-1005,Hyperledger,STL-1005,1,1,1,1
Hyperledger:STL-1008,Hyperledger,STL-1008,0,0,0,0
Hyperledger:IS-523,Hyperledger,IS-523,0,0,0,0
Hyperledger:IS-514,Hyperledger,IS-514,1,1,1,1
Hyperledger:INDY-1092,Hyperledger,INDY-1092,0,0,0,0
MariaDB:MDEV-12387,MariaDB,MDEV-12387,1,0,0,0
Hyperledger:INDY-1019,Hyperledger,INDY-1019,0,0,0,0
Hyperledger:STL-1013,Hyperledger,STL-1013,0,0,0,0
MariaDB:MDEV-14746,MariaDB,MDEV-14746,0,0,0,0
Hyperledger:STL-1014,Hyperledger,STL-1014,0,0,0,0
Hyperledger:FAB-7810,Hyperledger,FAB-7810,0,0,0,0
Jira:FE-6997,Jira,FE-6997,0,0,0,0
Jira:CRUC-8165,Jira,CRUC-8165,0,0,0,0
Hyperledger:IS-528,Hyperledger,IS-528,1,1,0,0
MariaDB:MCOL-1171,MariaDB,MCOL-1171,0,0,0,0
Hyperledger:STL-1015,Hyperledger,STL-1015,0,0,0,0
Hyperledger:IS-533,Hyperledger,IS-533,0,0,0,0
Hyperledger:STL-1016,Hyperledger,STL-1016,0,0,0,0
Hyperledger:STL-1017,Hyperledger,STL-1017,0,0,0,0
Hyperledger:INDY-1088,Hyperledger,INDY-1088,0,0,0,0
MariaDB:MDEV-13491,MariaDB,MDEV-13491,0,0,0,0
MariaDB:MCOL-569,MariaDB,MCOL-569,0,0,0,0
MariaDB:MCOL-548,MariaDB,MCOL-548,0,0,0,0
MariaDB:MDEV-15055,MariaDB,MDEV-15055,0,0,0,0
MariaDB:MDEV-13761,MariaDB,MDEV-13761,0,0,0,0
MariaDB:MDEV-10384,MariaDB,MDEV-10384,0,0,0,0
MariaDB:MDEV-14958,MariaDB,MDEV-14958,1,1,1,1
IntelDAOS:DAOS-611,IntelDAOS,DAOS-611,0,0,0,0
IntelDAOS:CART-385,IntelDAOS,CART-385,0,0,0,0
Hyperledger:STL-1024,Hyperledger,STL-1024,0,0,0,0
IntelDAOS:CART-387,IntelDAOS,CART-387,0,0,0,0
Hyperledger:IS-431,Hyperledger,IS-431,0,0,0,0
MariaDB:MDEV-15107,MariaDB,MDEV-15107,0,0,0,0
MariaDB:MCOL-716,MariaDB,MCOL-716,0,0,0,0
IntelDAOS:CART-382,IntelDAOS,CART-382,0,0,0,0
IntelDAOS:CART-388,IntelDAOS,CART-388,0,0,0,0
IntelDAOS:CART-381,IntelDAOS,CART-381,0,0,0,0
IntelDAOS:CART-390,IntelDAOS,CART-390,1,1,1,1
IntelDAOS:CART-391,IntelDAOS,CART-391,0,0,0,0
IntelDAOS:CART-392,IntelDAOS,CART-392,0,0,0,0
IntelDAOS:DAOS-488,IntelDAOS,DAOS-488,0,0,0,0
IntelDAOS:DAOS-489,IntelDAOS,DAOS-489,0,0,0,0
IntelDAOS:DAOS-490,IntelDAOS,DAOS-490,0,0,0,0
IntelDAOS:DAOS-491,IntelDAOS,DAOS-491,0,0,0,0
IntelDAOS:DAOS-492,IntelDAOS,DAOS-492,0,0,0,0
IntelDAOS:DAOS-493,IntelDAOS,DAOS-493,0,0,0,0
IntelDAOS:DAOS-494,IntelDAOS,DAOS-494,0,0,0,0
IntelDAOS:DAOS-495,IntelDAOS,DAOS-495,1,0,0,0
IntelDAOS:DAOS-496,IntelDAOS,DAOS-496,0,0,0,0
IntelDAOS:DAOS-497,IntelDAOS,DAOS-497,0,0,0,0
IntelDAOS:DAOS-498,IntelDAOS,DAOS-498,0,0,0,0
IntelDAOS:DAOS-499,IntelDAOS,DAOS-499,0,0,0,0
IntelDAOS:DAOS-500,IntelDAOS,DAOS-500,0,0,0,0
IntelDAOS:DAOS-501,IntelDAOS,DAOS-501,0,0,0,0
Hyperledger:STL-1028,Hyperledger,STL-1028,0,0,0,0
Hyperledger:STL-1029,Hyperledger,STL-1029,0,0,0,0
Hyperledger:INDY-971,Hyperledger,INDY-971,1,1,1,0
MariaDB:MXS-1622,MariaDB,MXS-1622,0,0,0,0
MariaDB:MXS-1635,MariaDB,MXS-1635,0,0,0,0
MariaDB:MXS-1636,MariaDB,MXS-1636,0,0,0,0
Hyperledger:INDY-1107,Hyperledger,INDY-1107,0,0,0,0
Hyperledger:INDY-1057,Hyperledger,INDY-1057,0,0,0,0
Hyperledger:INDY-988,Hyperledger,INDY-988,0,0,0,0
Hyperledger:INDY-993,Hyperledger,INDY-993,0,0,0,0
Hyperledger:INDY-992,Hyperledger,INDY-992,0,0,0,0
Hyperledger:INDY-994,Hyperledger,INDY-994,0,0,0,0
Hyperledger:INDY-1008,Hyperledger,INDY-1008,0,0,0,0
Jira:CRUC-5837,Jira,CRUC-5837,0,0,0,0
MariaDB:MDEV-15153,MariaDB,MDEV-15153,1,0,0,0
MariaDB:MDEV-15104,MariaDB,MDEV-15104,0,0,0,0
Hyperledger:STL-1036,Hyperledger,STL-1036,0,0,0,0
Hyperledger:STL-1037,Hyperledger,STL-1037,0,0,0,0
Hyperledger:IS-535,Hyperledger,IS-535,1,1,1,0
Hyperledger:STL-1040,Hyperledger,STL-1040,0,0,0,0
Hyperledger:STL-1041,Hyperledger,STL-1041,0,0,0,0
Hyperledger:STL-1042,Hyperledger,STL-1042,0,0,0,0
Hyperledger:STL-1043,Hyperledger,STL-1043,0,0,0,0
Hyperledger:STL-1044,Hyperledger,STL-1044,0,0,0,0
MariaDB:MCOL-1172,MariaDB,MCOL-1172,0,0,0,0
Hyperledger:IS-552,Hyperledger,IS-552,1,1,0,0
Hyperledger:INDY-1138,Hyperledger,INDY-1138,0,0,0,0
Hyperledger:INDY-1134,Hyperledger,INDY-1134,0,0,0,0
Hyperledger:INDY-1135,Hyperledger,INDY-1135,0,0,0,0
Hyperledger:INDY-1136,Hyperledger,INDY-1136,0,0,0,0
Hyperledger:INDY-1137,Hyperledger,INDY-1137,0,0,0,0
Hyperledger:INDY-1124,Hyperledger,INDY-1124,0,0,0,0
Hyperledger:INDY-1123,Hyperledger,INDY-1123,0,0,0,0
Hyperledger:IS-555,Hyperledger,IS-555,1,1,1,0
Hyperledger:INDY-1132,Hyperledger,INDY-1132,0,0,0,0
Hyperledger:INDY-1133,Hyperledger,INDY-1133,0,0,0,0
Hyperledger:IS-556,Hyperledger,IS-556,1,1,1,0
Hyperledger:IS-557,Hyperledger,IS-557,0,0,0,0
IntelDAOS:CART-394,IntelDAOS,CART-394,0,0,0,0
MariaDB:MCOL-1199,MariaDB,MCOL-1199,0,0,0,0
MariaDB:MCOL-1200,MariaDB,MCOL-1200,0,0,0,0
IntelDAOS:CART-395,IntelDAOS,CART-395,0,0,0,0
Hyperledger:IS-561,Hyperledger,IS-561,0,0,0,0
MariaDB:MCOL-1206,MariaDB,MCOL-1206,0,0,0,0
Hyperledger:IS-562,Hyperledger,IS-562,0,0,0,0
MariaDB:MDEV-15253,MariaDB,MDEV-15253,1,1,0,0
Hyperledger:IS-563,Hyperledger,IS-563,0,0,0,0
Hyperledger:IS-564,Hyperledger,IS-564,0,0,0,0
Hyperledger:IS-565,Hyperledger,IS-565,0,0,0,0
IntelDAOS:CART-399,IntelDAOS,CART-399,0,0,0,0
Hyperledger:STL-1054,Hyperledger,STL-1054,0,0,0,0
Hyperledger:STL-1056,Hyperledger,STL-1056,0,0,0,0
Hyperledger:INDY-1164,Hyperledger,INDY-1164,1,1,1,1
MariaDB:MXS-1537,MariaDB,MXS-1537,0,0,0,0
MariaDB:MXS-1656,MariaDB,MXS-1656,0,0,0,0
MariaDB:MXS-1638,MariaDB,MXS-1638,0,0,0,0
MariaDB:MXS-1625,MariaDB,MXS-1625,0,0,0,0
Jira:CONFSERVER-53555,Jira,CONFSERVER-53555,0,0,0,0
IntelDAOS:DAOS-534,IntelDAOS,DAOS-534,0,0,0,0
IntelDAOS:DAOS-536,IntelDAOS,DAOS-536,0,0,0,0
IntelDAOS:DAOS-535,IntelDAOS,DAOS-535,0,0,0,0
IntelDAOS:DAOS-510,IntelDAOS,DAOS-510,1,0,0,0
IntelDAOS:DAOS-529,IntelDAOS,DAOS-529,0,0,0,0
IntelDAOS:DAOS-520,IntelDAOS,DAOS-520,0,0,0,0
IntelDAOS:DAOS-521,IntelDAOS,DAOS-521,0,0,0,0
IntelDAOS:DAOS-537,IntelDAOS,DAOS-537,0,0,0,0
IntelDAOS:DAOS-538,IntelDAOS,DAOS-538,0,0,0,0
IntelDAOS:DAOS-539,IntelDAOS,DAOS-539,0,0,0,0
IntelDAOS:DAOS-540,IntelDAOS,DAOS-540,1,0,0,0
IntelDAOS:DAOS-541,IntelDAOS,DAOS-541,1,1,1,0
IntelDAOS:DAOS-542,IntelDAOS,DAOS-542,1,0,0,0
IntelDAOS:DAOS-545,IntelDAOS,DAOS-545,0,0,0,0
IntelDAOS:DAOS-546,IntelDAOS,DAOS-546,0,0,0,0
IntelDAOS:DAOS-548,IntelDAOS,DAOS-548,1,0,0,0
IntelDAOS:DAOS-527,IntelDAOS,DAOS-527,0,0,0,0
IntelDAOS:DAOS-528,IntelDAOS,DAOS-528,0,0,0,0
IntelDAOS:DAOS-549,IntelDAOS,DAOS-549,0,0,0,0
IntelDAOS:DAOS-550,IntelDAOS,DAOS-550,1,1,1,0
IntelDAOS:DAOS-551,IntelDAOS,DAOS-551,0,0,0,0
Hyperledger:INDY-1173,Hyperledger,INDY-1173,0,0,0,0
Hyperledger:INDY-1174,Hyperledger,INDY-1174,0,0,0,0
Hyperledger:INDY-1175,Hyperledger,INDY-1175,0,0,0,0
Hyperledger:INDY-1176,Hyperledger,INDY-1176,0,0,0,0
Hyperledger:INDY-1177,Hyperledger,INDY-1177,0,0,0,0
Hyperledger:INDY-1170,Hyperledger,INDY-1170,0,0,0,0
Hyperledger:INDY-1171,Hyperledger,INDY-1171,0,0,0,0
Hyperledger:INDY-1172,Hyperledger,INDY-1172,0,0,0,0
Hyperledger:STL-1067,Hyperledger,STL-1067,0,0,0,0
Hyperledger:IS-570,Hyperledger,IS-570,1,1,1,1
Hyperledger:IS-137,Hyperledger,IS-137,0,0,0,0
Hyperledger:STL-1070,Hyperledger,STL-1070,0,0,0,0
IntelDAOS:DAOS-556,IntelDAOS,DAOS-556,0,0,0,0
IntelDAOS:DAOS-526,IntelDAOS,DAOS-526,1,1,1,0
IntelDAOS:DAOS-557,IntelDAOS,DAOS-557,0,0,0,0
Hyperledger:INDY-1184,Hyperledger,INDY-1184,1,1,0,0
Hyperledger:INDY-1185,Hyperledger,INDY-1185,0,0,0,0
Hyperledger:INDY-1186,Hyperledger,INDY-1186,0,0,0,0
Hyperledger:INDY-1187,Hyperledger,INDY-1187,0,0,0,0
IntelDAOS:DAOS-502,IntelDAOS,DAOS-502,1,0,0,0
Hyperledger:STL-1052,Hyperledger,STL-1052,0,0,0,0
MariaDB:MCOL-1179,MariaDB,MCOL-1179,0,0,0,0
IntelDAOS:DAOS-562,IntelDAOS,DAOS-562,0,0,0,0
IntelDAOS:CART-410,IntelDAOS,CART-410,0,0,0,0
IntelDAOS:CART-409,IntelDAOS,CART-409,0,0,0,0
Hyperledger:FAB-8531,Hyperledger,FAB-8531,0,0,0,0
Hyperledger:FAB-8532,Hyperledger,FAB-8532,0,0,0,0
Hyperledger:FAB-8534,Hyperledger,FAB-8534,0,0,0,0
Hyperledger:FAB-8535,Hyperledger,FAB-8535,0,0,0,0
Hyperledger:INDY-1200,Hyperledger,INDY-1200,0,0,0,0
IntelDAOS:DAOS-595,IntelDAOS,DAOS-595,0,0,0,0
IntelDAOS:DAOS-578,IntelDAOS,DAOS-578,1,0,0,0
IntelDAOS:DAOS-592,IntelDAOS,DAOS-592,0,0,0,0
IntelDAOS:DAOS-596,IntelDAOS,DAOS-596,0,0,0,0
IntelDAOS:DAOS-597,IntelDAOS,DAOS-597,0,0,0,0
IntelDAOS:DAOS-598,IntelDAOS,DAOS-598,1,1,0,0
IntelDAOS:DAOS-599,IntelDAOS,DAOS-599,0,0,0,0
IntelDAOS:DAOS-579,IntelDAOS,DAOS-579,0,0,0,0
IntelDAOS:DAOS-564,IntelDAOS,DAOS-564,0,0,0,0
IntelDAOS:DAOS-582,IntelDAOS,DAOS-582,0,0,0,0
IntelDAOS:DAOS-585,IntelDAOS,DAOS-585,0,0,0,0
IntelDAOS:DAOS-587,IntelDAOS,DAOS-587,0,0,0,0
IntelDAOS:DAOS-601,IntelDAOS,DAOS-601,0,0,0,0
IntelDAOS:DAOS-600,IntelDAOS,DAOS-600,0,0,0,0
IntelDAOS:DAOS-566,IntelDAOS,DAOS-566,0,0,0,0
IntelDAOS:DAOS-577,IntelDAOS,DAOS-577,0,0,0,0
IntelDAOS:DAOS-586,IntelDAOS,DAOS-586,0,0,0,0
IntelDAOS:DAOS-593,IntelDAOS,DAOS-593,0,0,0,0
IntelDAOS:DAOS-606,IntelDAOS,DAOS-606,0,0,0,0
IntelDAOS:DAOS-602,IntelDAOS,DAOS-602,0,0,0,0
IntelDAOS:DAOS-603,IntelDAOS,DAOS-603,1,1,1,1
IntelDAOS:DAOS-605,IntelDAOS,DAOS-605,0,0,0,0
IntelDAOS:DAOS-607,IntelDAOS,DAOS-607,0,0,0,0
IntelDAOS:DAOS-608,IntelDAOS,DAOS-608,0,0,0,0
Hyperledger:STL-1083,Hyperledger,STL-1083,0,0,0,0
Hyperledger:STL-1084,Hyperledger,STL-1084,0,0,0,0
Hyperledger:INDY-1199,Hyperledger,INDY-1199,1,1,1,1
Hyperledger:IS-417,Hyperledger,IS-417,0,0,0,0
Hyperledger:STL-1087,Hyperledger,STL-1087,0,0,0,0
Hyperledger:STL-1088,Hyperledger,STL-1088,0,0,0,0
Hyperledger:STL-1089,Hyperledger,STL-1089,0,0,0,0
Hyperledger:STL-1090,Hyperledger,STL-1090,0,0,0,0
Hyperledger:STL-1091,Hyperledger,STL-1091,0,0,0,0
Hyperledger:STL-1092,Hyperledger,STL-1092,0,0,0,0
Hyperledger:STL-1098,Hyperledger,STL-1098,0,0,0,0
IntelDAOS:DAOS-618,IntelDAOS,DAOS-618,0,0,0,0
IntelDAOS:DAOS-619,IntelDAOS,DAOS-619,0,0,0,0
IntelDAOS:DAOS-620,IntelDAOS,DAOS-620,0,0,0,0
IntelDAOS:DAOS-622,IntelDAOS,DAOS-622,0,0,0,0
Hyperledger:INDY-1204,Hyperledger,INDY-1204,0,0,0,0
Hyperledger:STL-1093,Hyperledger,STL-1093,1,1,0,0
Hyperledger:STL-1094,Hyperledger,STL-1094,0,0,0,0
Hyperledger:INDY-1205,Hyperledger,INDY-1205,1,1,1,1
Hyperledger:IS-580,Hyperledger,IS-580,0,0,0,0
IntelDAOS:CART-414,IntelDAOS,CART-414,0,0,0,0
IntelDAOS:DAOS-559,IntelDAOS,DAOS-559,0,0,0,0
Hyperledger:STL-1108,Hyperledger,STL-1108,0,0,0,0
Hyperledger:STL-1109,Hyperledger,STL-1109,0,0,0,0
MariaDB:MCOL-498,MariaDB,MCOL-498,0,0,0,0
IntelDAOS:DAOS-507,IntelDAOS,DAOS-507,1,0,0,0
Hyperledger:INDY-1209,Hyperledger,INDY-1209,0,0,0,0
MariaDB:MXS-359,MariaDB,MXS-359,0,0,0,0
MariaDB:MXS-1702,MariaDB,MXS-1702,0,0,0,0
MariaDB:MXS-1703,MariaDB,MXS-1703,0,0,0,0
Hyperledger:STL-1112,Hyperledger,STL-1112,0,0,0,0
IntelDAOS:DAOS-625,IntelDAOS,DAOS-625,0,0,0,0
IntelDAOS:DAOS-630,IntelDAOS,DAOS-630,0,0,0,0
IntelDAOS:DAOS-632,IntelDAOS,DAOS-632,0,0,0,0
IntelDAOS:DAOS-633,IntelDAOS,DAOS-633,0,0,0,0
IntelDAOS:DAOS-626,IntelDAOS,DAOS-626,0,0,0,0
Qt:AUTOSUITE-326,Qt,AUTOSUITE-326,0,0,0,0
Qt:AUTOSUITE-311,Qt,AUTOSUITE-311,0,0,0,0
Qt:AUTOSUITE-322,Qt,AUTOSUITE-322,0,0,0,0
Qt:AUTOSUITE-324,Qt,AUTOSUITE-324,0,0,0,0
MariaDB:MCOL-1248,MariaDB,MCOL-1248,0,0,0,0
MariaDB:MDEV-15409,MariaDB,MDEV-15409,0,0,0,0
Qt:AUTOSUITE-383,Qt,AUTOSUITE-383,1,1,1,0
Qt:AUTOSUITE-214,Qt,AUTOSUITE-214,0,0,0,0
Qt:AUTOSUITE-332,Qt,AUTOSUITE-332,1,1,1,1
MariaDB:MCOL-1232,MariaDB,MCOL-1232,0,0,0,0
IntelDAOS:CART-424,IntelDAOS,CART-424,0,0,0,0
IntelDAOS:CART-423,IntelDAOS,CART-423,0,0,0,0
IntelDAOS:CART-282,IntelDAOS,CART-282,0,0,0,0
Hyperledger:FAB-2809,Hyperledger,FAB-2809,1,1,1,1
Hyperledger:FAB-5092,Hyperledger,FAB-5092,0,0,0,0
Hyperledger:FAB-8530,Hyperledger,FAB-8530,0,0,0,0
Hyperledger:FAB-8533,Hyperledger,FAB-8533,0,0,0,0
Hyperledger:FAB-5096,Hyperledger,FAB-5096,0,0,0,0
Hyperledger:FAB-5093,Hyperledger,FAB-5093,0,0,0,0
Hyperledger:FAB-6600,Hyperledger,FAB-6600,1,1,1,1
Hyperledger:FAB-7779,Hyperledger,FAB-7779,1,1,1,1
Hyperledger:FAB-8347,Hyperledger,FAB-8347,0,0,0,0
Hyperledger:FAB-5451,Hyperledger,FAB-5451,0,0,0,0
Hyperledger:FAB-5452,Hyperledger,FAB-5452,0,0,0,0
Hyperledger:FAB-6923,Hyperledger,FAB-6923,1,1,1,1
Hyperledger:FAB-7567,Hyperledger,FAB-7567,1,1,1,1
IntelDAOS:DAOS-639,IntelDAOS,DAOS-639,0,0,0,0
Hyperledger:FAB-8787,Hyperledger,FAB-8787,0,0,0,0
Hyperledger:FAB-8788,Hyperledger,FAB-8788,1,1,1,1
Qt:AUTOSUITE-376,Qt,AUTOSUITE-376,1,0,0,0
Qt:AUTOSUITE-371,Qt,AUTOSUITE-371,0,0,0,0
Qt:AUTOSUITE-382,Qt,AUTOSUITE-382,0,0,0,0
Qt:AUTOSUITE-388,Qt,AUTOSUITE-388,1,1,1,1
Qt:AUTOSUITE-302,Qt,AUTOSUITE-302,1,1,1,1
Qt:AUTOSUITE-389,Qt,AUTOSUITE-389,0,0,0,0
Hyperledger:INDY-1216,Hyperledger,INDY-1216,1,1,1,1
Qt:AUTOSUITE-321,Qt,AUTOSUITE-321,1,1,1,1
MariaDB:MCOL-1258,MariaDB,MCOL-1258,0,0,0,0
Hyperledger:FAB-8800,Hyperledger,FAB-8800,0,0,0,0
Hyperledger:FAB-8801,Hyperledger,FAB-8801,0,0,0,0
Hyperledger:FABG-671,Hyperledger,FABG-671,0,0,0,0
Hyperledger:FAB-8805,Hyperledger,FAB-8805,0,0,0,0
Hyperledger:FAB-8806,Hyperledger,FAB-8806,0,0,0,0
Hyperledger:FAB-8807,Hyperledger,FAB-8807,0,0,0,0
Hyperledger:FAB-8808,Hyperledger,FAB-8808,0,0,0,0
IntelDAOS:DAOS-668,IntelDAOS,DAOS-668,0,0,0,0
MariaDB:MCOL-1263,MariaDB,MCOL-1263,0,0,0,0
Hyperledger:INDY-1215,Hyperledger,INDY-1215,0,0,0,0
Hyperledger:INDY-1208,Hyperledger,INDY-1208,0,0,0,0
Qt:AUTOSUITE-353,Qt,AUTOSUITE-353,0,0,0,0
Qt:AUTOSUITE-372,Qt,AUTOSUITE-372,0,0,0,0
Qt:AUTOSUITE-234,Qt,AUTOSUITE-234,0,0,0,0
Hyperledger:INDY-1221,Hyperledger,INDY-1221,0,0,0,0
Qt:AUTOSUITE-375,Qt,AUTOSUITE-375,0,0,0,0
Qt:AUTOSUITE-301,Qt,AUTOSUITE-301,0,0,0,0
Qt:AUTOSUITE-323,Qt,AUTOSUITE-323,0,0,0,0
IntelDAOS:DAOS-524,IntelDAOS,DAOS-524,1,1,1,1
MariaDB:MDEV-14533,MariaDB,MDEV-14533,0,0,0,0
Hyperledger:IS-582,Hyperledger,IS-582,0,0,0,0
Hyperledger:IS-584,Hyperledger,IS-584,1,1,0,0
Hyperledger:IS-585,Hyperledger,IS-585,0,0,0,0
MariaDB:MDEV-15560,MariaDB,MDEV-15560,1,0,0,0
MariaDB:MDEV-14705,MariaDB,MDEV-14705,0,0,0,0
Qt:AUTOSUITE-303,Qt,AUTOSUITE-303,0,0,0,0
Qt:AUTOSUITE-359,Qt,AUTOSUITE-359,0,0,0,0
Qt:AUTOSUITE-352,Qt,AUTOSUITE-352,1,0,0,0
IntelDAOS:DAOS-678,IntelDAOS,DAOS-678,0,0,0,0
IntelDAOS:DAOS-518,IntelDAOS,DAOS-518,0,0,0,0
IntelDAOS:DAOS-676,IntelDAOS,DAOS-676,0,0,0,0
IntelDAOS:DAOS-679,IntelDAOS,DAOS-679,0,0,0,0
IntelDAOS:DAOS-616,IntelDAOS,DAOS-616,0,0,0,0
IntelDAOS:DAOS-635,IntelDAOS,DAOS-635,0,0,0,0
IntelDAOS:DAOS-680,IntelDAOS,DAOS-680,1,0,0,0
IntelDAOS:DAOS-682,IntelDAOS,DAOS-682,0,0,0,0
IntelDAOS:DAOS-677,IntelDAOS,DAOS-677,0,0,0,0
IntelDAOS:DAOS-674,IntelDAOS,DAOS-674,0,0,0,0
IntelDAOS:DAOS-683,IntelDAOS,DAOS-683,0,0,0,0
IntelDAOS:DAOS-684,IntelDAOS,DAOS-684,1,0,0,0
Hyperledger:IS-587,Hyperledger,IS-587,0,0,0,0
Hyperledger:IS-588,Hyperledger,IS-588,0,0,0,0
Hyperledger:IS-589,Hyperledger,IS-589,0,0,0,0
MariaDB:MDEV-13073,MariaDB,MDEV-13073,1,1,0,0
Hyperledger:IS-590,Hyperledger,IS-590,0,0,0,0
Hyperledger:IS-591,Hyperledger,IS-591,0,0,0,0
Hyperledger:IS-592,Hyperledger,IS-592,0,0,0,0
Hyperledger:IS-593,Hyperledger,IS-593,0,0,0,0
MariaDB:MCOL-1270,MariaDB,MCOL-1270,0,0,0,0
MariaDB:MCOL-1271,MariaDB,MCOL-1271,0,0,0,0
MariaDB:MCOL-1272,MariaDB,MCOL-1272,0,0,0,0
MariaDB:MCOL-1273,MariaDB,MCOL-1273,0,0,0,0
Hyperledger:IS-594,Hyperledger,IS-594,0,0,0,0
IntelDAOS:CART-428,IntelDAOS,CART-428,0,0,0,0
IntelDAOS:DAOS-701,IntelDAOS,DAOS-701,1,0,0,0
IntelDAOS:DAOS-695,IntelDAOS,DAOS-695,0,0,0,0
IntelDAOS:DAOS-697,IntelDAOS,DAOS-697,0,0,0,0
IntelDAOS:DAOS-698,IntelDAOS,DAOS-698,0,0,0,0
Qt:AUTOSUITE-304,Qt,AUTOSUITE-304,0,0,0,0
Hyperledger:FABC-104,Hyperledger,FABC-104,0,0,0,0
Hyperledger:FABC-153,Hyperledger,FABC-153,1,1,1,1
Hyperledger:FAB-8922,Hyperledger,FAB-8922,1,0,0,0
Hyperledger:FAB-8418,Hyperledger,FAB-8418,0,0,0,0
Hyperledger:FABJ-137,Hyperledger,FABJ-137,1,1,1,1
Hyperledger:FABJ-129,Hyperledger,FABJ-129,0,0,0,0
Hyperledger:FABC-108,Hyperledger,FABC-108,0,0,0,0
Hyperledger:FABJ-100,Hyperledger,FABJ-100,0,0,0,0
Hyperledger:FABJ-71,Hyperledger,FABJ-71,1,1,0,0
Hyperledger:FAB-8810,Hyperledger,FAB-8810,0,0,0,0
Hyperledger:FABJ-117,Hyperledger,FABJ-117,0,0,0,0
Hyperledger:FABJ-340,Hyperledger,FABJ-340,0,0,0,0
Hyperledger:FAB-8930,Hyperledger,FAB-8930,1,1,1,1
Hyperledger:FABC-528,Hyperledger,FABC-528,0,0,0,0
Hyperledger:FABJ-327,Hyperledger,FABJ-327,1,1,1,1
Hyperledger:FABC-445,Hyperledger,FABC-445,1,1,0,0
Hyperledger:FABC-592,Hyperledger,FABC-592,1,1,1,1
Qt:AUTOSUITE-472,Qt,AUTOSUITE-472,0,0,0,0
IntelDAOS:DAOS-703,IntelDAOS,DAOS-703,0,0,0,0
IntelDAOS:DAOS-704,IntelDAOS,DAOS-704,1,0,0,0
IntelDAOS:DAOS-705,IntelDAOS,DAOS-705,0,0,0,0
Qt:AUTOSUITE-300,Qt,AUTOSUITE-300,0,0,0,0
Qt:AUTOSUITE-351,Qt,AUTOSUITE-351,1,1,1,1
Qt:AUTOSUITE-350,Qt,AUTOSUITE-350,1,0,0,0
Qt:AUTOSUITE-349,Qt,AUTOSUITE-349,1,0,0,0
MariaDB:MCOL-1275,MariaDB,MCOL-1275,0,0,0,0
MariaDB:MCOL-1283,MariaDB,MCOL-1283,0,0,0,0
Hyperledger:INDY-1226,Hyperledger,INDY-1226,0,0,0,0
Hyperledger:INDY-1227,Hyperledger,INDY-1227,0,0,0,0
Hyperledger:INDY-1228,Hyperledger,INDY-1228,0,0,0,0
MariaDB:MXS-1503,MariaDB,MXS-1503,0,0,0,0
MariaDB:MXS-1506,MariaDB,MXS-1506,1,1,1,1
MariaDB:MXS-1724,MariaDB,MXS-1724,0,0,0,0
IntelDAOS:CART-430,IntelDAOS,CART-430,0,0,0,0
MariaDB:MXS-1725,MariaDB,MXS-1725,0,0,0,0
MariaDB:MXS-1726,MariaDB,MXS-1726,0,0,0,0
Qt:AUTOSUITE-305,Qt,AUTOSUITE-305,0,0,0,0
Qt:AUTOSUITE-313,Qt,AUTOSUITE-313,0,0,0,0
MariaDB:MDEV-15241,MariaDB,MDEV-15241,0,0,0,0
MariaDB:MDEV-15501,MariaDB,MDEV-15501,0,0,0,0
MariaDB:MDEV-15053,MariaDB,MDEV-15053,1,1,1,1
Hyperledger:FAB-8988,Hyperledger,FAB-8988,0,0,0,0
Hyperledger:FAB-8989,Hyperledger,FAB-8989,0,0,0,0
Hyperledger:FAB-8863,Hyperledger,FAB-8863,0,0,0,0
Hyperledger:FAB-8990,Hyperledger,FAB-8990,0,0,0,0
Hyperledger:FAB-9000,Hyperledger,FAB-9000,0,0,0,0
Hyperledger:FAB-9002,Hyperledger,FAB-9002,0,0,0,0
Hyperledger:FAB-9003,Hyperledger,FAB-9003,0,0,0,0
Qt:AUTOSUITE-348,Qt,AUTOSUITE-348,1,0,0,0
IntelDAOS:DAOS-726,IntelDAOS,DAOS-726,0,0,0,0
Qt:AUTOSUITE-217,Qt,AUTOSUITE-217,0,0,0,0
MariaDB:MDEV-14592,MariaDB,MDEV-14592,0,0,0,0
IntelDAOS:DAOS-627,IntelDAOS,DAOS-627,1,1,0,0
IntelDAOS:DAOS-730,IntelDAOS,DAOS-730,0,0,0,0
MariaDB:MCOL-1296,MariaDB,MCOL-1296,0,0,0,0
Hyperledger:INDY-1235,Hyperledger,INDY-1235,0,0,0,0
Qt:AUTOSUITE-248,Qt,AUTOSUITE-248,1,1,1,1
MariaDB:CONJS-16,MariaDB,CONJS-16,0,0,0,0
MariaDB:CONJS-4,MariaDB,CONJS-4,0,0,0,0
MariaDB:CONJS-11,MariaDB,CONJS-11,0,0,0,0
MariaDB:CONJS-14,MariaDB,CONJS-14,0,0,0,0
MariaDB:CONJS-15,MariaDB,CONJS-15,0,0,0,0
Hyperledger:FAB-9101,Hyperledger,FAB-9101,0,0,0,0
Hyperledger:FAB-9102,Hyperledger,FAB-9102,0,0,0,0
MariaDB:MCOL-1052,MariaDB,MCOL-1052,0,0,0,0
Qt:AUTOSUITE-343,Qt,AUTOSUITE-343,1,1,1,1
IntelDAOS:DAOS-733,IntelDAOS,DAOS-733,0,0,0,0
Qt:AUTOSUITE-380,Qt,AUTOSUITE-380,0,0,0,0
IntelDAOS:DAOS-734,IntelDAOS,DAOS-734,0,0,0,0
Qt:AUTOSUITE-306,Qt,AUTOSUITE-306,0,0,0,0
IntelDAOS:CART-432,IntelDAOS,CART-432,1,1,1,1
IntelDAOS:CART-433,IntelDAOS,CART-433,0,0,0,0
IntelDAOS:DAOS-737,IntelDAOS,DAOS-737,0,0,0,0
IntelDAOS:DAOS-739,IntelDAOS,DAOS-739,0,0,0,0
Hyperledger:FABC-448,Hyperledger,FABC-448,0,0,0,0
Hyperledger:FAB-7612,Hyperledger,FAB-7612,0,0,0,0
Hyperledger:FAB-7613,Hyperledger,FAB-7613,0,0,0,0
Hyperledger:FAB-7614,Hyperledger,FAB-7614,1,1,1,1
Hyperledger:FAB-7615,Hyperledger,FAB-7615,0,0,0,0
MariaDB:MXS-1744,MariaDB,MXS-1744,0,0,0,0
Qt:AUTOSUITE-309,Qt,AUTOSUITE-309,0,0,0,0
Qt:AUTOSUITE-335,Qt,AUTOSUITE-335,0,0,0,0
Qt:AUTOSUITE-336,Qt,AUTOSUITE-336,0,0,0,0
Qt:AUTOSUITE-337,Qt,AUTOSUITE-337,1,1,0,0
Qt:AUTOSUITE-338,Qt,AUTOSUITE-338,1,0,0,0
Qt:AUTOSUITE-254,Qt,AUTOSUITE-254,0,0,0,0
Hyperledger:IS-604,Hyperledger,IS-604,0,0,0,0
Qt:AUTOSUITE-357,Qt,AUTOSUITE-357,0,0,0,0
Qt:AUTOSUITE-407,Qt,AUTOSUITE-407,0,0,0,0
Hyperledger:IS-605,Hyperledger,IS-605,0,0,0,0
Hyperledger:FAB-9167,Hyperledger,FAB-9167,0,0,0,0
Hyperledger:FAB-9187,Hyperledger,FAB-9187,0,0,0,0
Hyperledger:INDY-1248,Hyperledger,INDY-1248,1,1,1,1
IntelDAOS:DAOS-732,IntelDAOS,DAOS-732,0,0,0,0
IntelDAOS:DAOS-747,IntelDAOS,DAOS-747,0,0,0,0
Hyperledger:FAB-9189,Hyperledger,FAB-9189,0,0,0,0
IntelDAOS:DAOS-707,IntelDAOS,DAOS-707,1,1,0,0
IntelDAOS:DAOS-503,IntelDAOS,DAOS-503,0,0,0,0
IntelDAOS:DAOS-748,IntelDAOS,DAOS-748,0,0,0,0
IntelDAOS:DAOS-749,IntelDAOS,DAOS-749,0,0,0,0
IntelDAOS:DAOS-751,IntelDAOS,DAOS-751,0,0,0,0
IntelDAOS:DAOS-687,IntelDAOS,DAOS-687,0,0,0,0
IntelDAOS:DAOS-753,IntelDAOS,DAOS-753,0,0,0,0
IntelDAOS:DAOS-754,IntelDAOS,DAOS-754,0,0,0,0
IntelDAOS:DAOS-567,IntelDAOS,DAOS-567,0,0,0,0
IntelDAOS:DAOS-570,IntelDAOS,DAOS-570,0,0,0,0
IntelDAOS:DAOS-755,IntelDAOS,DAOS-755,0,0,0,0
IntelDAOS:DAOS-756,IntelDAOS,DAOS-756,0,0,0,0
IntelDAOS:DAOS-759,IntelDAOS,DAOS-759,1,1,0,0
IntelDAOS:DAOS-760,IntelDAOS,DAOS-760,0,0,0,0
IntelDAOS:DAOS-761,IntelDAOS,DAOS-761,0,0,0,0
IntelDAOS:DAOS-762,IntelDAOS,DAOS-762,1,0,0,0
MariaDB:MDEV-15694,MariaDB,MDEV-15694,0,0,0,0
Hyperledger:FAB-9202,Hyperledger,FAB-9202,0,0,0,0
Hyperledger:FAB-9203,Hyperledger,FAB-9203,0,0,0,0
Hyperledger:FAB-9204,Hyperledger,FAB-9204,1,1,1,0
IntelDAOS:DAOS-763,IntelDAOS,DAOS-763,0,0,0,0
Hyperledger:INDY-1249,Hyperledger,INDY-1249,1,1,1,1
IntelDAOS:CART-434,IntelDAOS,CART-434,0,0,0,0
MariaDB:MCOL-1312,MariaDB,MCOL-1312,0,0,0,0
IntelDAOS:DAOS-764,IntelDAOS,DAOS-764,0,0,0,0
Hyperledger:FAB-9213,Hyperledger,FAB-9213,0,0,0,0
Hyperledger:INDY-1251,Hyperledger,INDY-1251,0,0,0,0
Qt:AUTOSUITE-260,Qt,AUTOSUITE-260,0,0,0,0
Hyperledger:INDY-1252,Hyperledger,INDY-1252,0,0,0,0
Hyperledger:INDY-1253,Hyperledger,INDY-1253,0,0,0,0
Hyperledger:FAB-9224,Hyperledger,FAB-9224,0,0,0,0
Qt:AUTOSUITE-392,Qt,AUTOSUITE-392,1,1,1,0
IntelDAOS:DAOS-613,IntelDAOS,DAOS-613,0,0,0,0
Hyperledger:STL-1136,Hyperledger,STL-1136,0,0,0,0
Hyperledger:STL-1137,Hyperledger,STL-1137,0,0,0,0
Hyperledger:STL-1139,Hyperledger,STL-1139,0,0,0,0
Hyperledger:INDY-1255,Hyperledger,INDY-1255,1,1,1,1
Hyperledger:STL-1142,Hyperledger,STL-1142,0,0,0,0
Hyperledger:STL-1143,Hyperledger,STL-1143,0,0,0,0
Hyperledger:STL-1144,Hyperledger,STL-1144,0,0,0,0
Hyperledger:STL-1145,Hyperledger,STL-1145,0,0,0,0
Hyperledger:STL-1146,Hyperledger,STL-1146,0,0,0,0
IntelDAOS:DAOS-772,IntelDAOS,DAOS-772,0,0,0,0
IntelDAOS:DAOS-777,IntelDAOS,DAOS-777,0,0,0,0
Hyperledger:STL-1147,Hyperledger,STL-1147,0,0,0,0
MariaDB:MCOL-1318,MariaDB,MCOL-1318,0,0,0,0
IntelDAOS:CART-436,IntelDAOS,CART-436,0,0,0,0
MariaDB:MCOL-1319,MariaDB,MCOL-1319,0,0,0,0
MariaDB:MXS-1753,MariaDB,MXS-1753,1,0,0,0
MariaDB:MXS-1754,MariaDB,MXS-1754,0,0,0,0
MariaDB:MXS-1505,MariaDB,MXS-1505,0,0,0,0
Hyperledger:INDY-1239,Hyperledger,INDY-1239,0,0,0,0
IntelDAOS:DAOS-778,IntelDAOS,DAOS-778,0,0,0,0
Hyperledger:FAB-9303,Hyperledger,FAB-9303,1,1,1,1
Hyperledger:FAB-9316,Hyperledger,FAB-9316,0,0,0,0
Hyperledger:FAB-9317,Hyperledger,FAB-9317,0,0,0,0
Hyperledger:FAB-9318,Hyperledger,FAB-9318,0,0,0,0
Hyperledger:IS-610,Hyperledger,IS-610,0,0,0,0
Hyperledger:IS-611,Hyperledger,IS-611,0,0,0,0
Hyperledger:IS-612,Hyperledger,IS-612,1,0,0,0
Hyperledger:IS-614,Hyperledger,IS-614,0,0,0,0
Hyperledger:IS-615,Hyperledger,IS-615,0,0,0,0
Hyperledger:IS-616,Hyperledger,IS-616,0,0,0,0
Hyperledger:IS-617,Hyperledger,IS-617,0,0,0,0
Hyperledger:IS-618,Hyperledger,IS-618,0,0,0,0
Hyperledger:IS-619,Hyperledger,IS-619,0,0,0,0
Hyperledger:IS-620,Hyperledger,IS-620,0,0,0,0
Hyperledger:IS-624,Hyperledger,IS-624,1,0,0,0
Qt:AUTOSUITE-308,Qt,AUTOSUITE-308,0,0,0,0
Hyperledger:INDY-1257,Hyperledger,INDY-1257,0,0,0,0
IntelDAOS:DAOS-782,IntelDAOS,DAOS-782,0,0,0,0
Hyperledger:IS-628,Hyperledger,IS-628,0,0,0,0
Hyperledger:IS-629,Hyperledger,IS-629,0,0,0,0
Hyperledger:IS-630,Hyperledger,IS-630,0,0,0,0
Hyperledger:IS-631,Hyperledger,IS-631,0,0,0,0
Hyperledger:IS-632,Hyperledger,IS-632,0,0,0,0
Hyperledger:IS-633,Hyperledger,IS-633,0,0,0,0
Hyperledger:IS-634,Hyperledger,IS-634,0,0,0,0
Hyperledger:IS-635,Hyperledger,IS-635,0,0,0,0
Hyperledger:IS-636,Hyperledger,IS-636,0,0,0,0
Hyperledger:IS-637,Hyperledger,IS-637,0,0,0,0
Hyperledger:IS-638,Hyperledger,IS-638,0,0,0,0
Hyperledger:IS-639,Hyperledger,IS-639,0,0,0,0
Hyperledger:IS-640,Hyperledger,IS-640,0,0,0,0
Hyperledger:INDY-1115,Hyperledger,INDY-1115,0,0,0,0
Hyperledger:STL-1155,Hyperledger,STL-1155,1,0,0,0
Hyperledger:STL-1156,Hyperledger,STL-1156,0,0,0,0
Hyperledger:STL-1157,Hyperledger,STL-1157,1,1,1,1
Hyperledger:STL-1158,Hyperledger,STL-1158,0,0,0,0
Hyperledger:STL-1159,Hyperledger,STL-1159,0,0,0,0
Hyperledger:STL-1160,Hyperledger,STL-1160,0,0,0,0
Hyperledger:STL-1161,Hyperledger,STL-1161,0,0,0,0
Hyperledger:STL-1162,Hyperledger,STL-1162,0,0,0,0
Jira:CONFSERVER-40933,Jira,CONFSERVER-40933,1,1,1,1
IntelDAOS:DAOS-784,IntelDAOS,DAOS-784,0,0,0,0
MariaDB:MCOL-1201,MariaDB,MCOL-1201,0,0,0,0
Hyperledger:STL-1151,Hyperledger,STL-1151,0,0,0,0
Hyperledger:STL-1153,Hyperledger,STL-1153,0,0,0,0
Hyperledger:STL-1152,Hyperledger,STL-1152,0,0,0,0
IntelDAOS:CART-438,IntelDAOS,CART-438,0,0,0,0
Hyperledger:STL-1154,Hyperledger,STL-1154,0,0,0,0
IntelDAOS:CART-435,IntelDAOS,CART-435,1,1,0,0
IntelDAOS:CART-380,IntelDAOS,CART-380,0,0,0,0
Hyperledger:FAB-9442,Hyperledger,FAB-9442,0,0,0,0
Hyperledger:FAB-9443,Hyperledger,FAB-9443,0,0,0,0
IntelDAOS:DAOS-788,IntelDAOS,DAOS-788,0,0,0,0
IntelDAOS:DAOS-789,IntelDAOS,DAOS-789,0,0,0,0
IntelDAOS:DAOS-790,IntelDAOS,DAOS-790,0,0,0,0
IntelDAOS:DAOS-791,IntelDAOS,DAOS-791,0,0,0,0
IntelDAOS:DAOS-565,IntelDAOS,DAOS-565,0,0,0,0
Hyperledger:FAB-9446,Hyperledger,FAB-9446,1,0,0,0
IntelDAOS:DAOS-797,IntelDAOS,DAOS-797,0,0,0,0
IntelDAOS:DAOS-798,IntelDAOS,DAOS-798,1,0,0,0
IntelDAOS:DAOS-792,IntelDAOS,DAOS-792,0,0,0,0
IntelDAOS:DAOS-793,IntelDAOS,DAOS-793,0,0,0,0
IntelDAOS:DAOS-794,IntelDAOS,DAOS-794,0,0,0,0
IntelDAOS:DAOS-799,IntelDAOS,DAOS-799,0,0,0,0
IntelDAOS:DAOS-800,IntelDAOS,DAOS-800,0,0,0,0
IntelDAOS:DAOS-795,IntelDAOS,DAOS-795,0,0,0,0
IntelDAOS:DAOS-802,IntelDAOS,DAOS-802,0,0,0,0
IntelDAOS:DAOS-803,IntelDAOS,DAOS-803,1,0,0,0
IntelDAOS:DAOS-804,IntelDAOS,DAOS-804,0,0,0,0
IntelDAOS:DAOS-805,IntelDAOS,DAOS-805,0,0,0,0
IntelDAOS:DAOS-806,IntelDAOS,DAOS-806,0,0,0,0
IntelDAOS:DAOS-693,IntelDAOS,DAOS-693,0,0,0,0
IntelDAOS:DAOS-807,IntelDAOS,DAOS-807,1,1,1,1
Hyperledger:STL-1164,Hyperledger,STL-1164,0,0,0,0
Hyperledger:FAB-9454,Hyperledger,FAB-9454,0,0,0,0
Hyperledger:INDY-1264,Hyperledger,INDY-1264,0,0,0,0
Hyperledger:INDY-1265,Hyperledger,INDY-1265,0,0,0,0
Hyperledger:FAB-9465,Hyperledger,FAB-9465,0,0,0,0
Hyperledger:FAB-9466,Hyperledger,FAB-9466,0,0,0,0
Hyperledger:FAB-9478,Hyperledger,FAB-9478,1,1,1,1
Hyperledger:FAB-9479,Hyperledger,FAB-9479,0,0,0,0
Hyperledger:FABJ-279,Hyperledger,FABJ-279,1,0,0,0
Hyperledger:FAB-9483,Hyperledger,FAB-9483,0,0,0,0
Hyperledger:INDY-1266,Hyperledger,INDY-1266,1,1,1,1
Hyperledger:FAB-9485,Hyperledger,FAB-9485,0,0,0,0
MariaDB:MXS-1789,MariaDB,MXS-1789,0,0,0,0
MariaDB:MXS-1790,MariaDB,MXS-1790,0,0,0,0
MariaDB:MXS-1791,MariaDB,MXS-1791,0,0,0,0
MariaDB:MXS-1792,MariaDB,MXS-1792,0,0,0,0
MariaDB:MXS-1793,MariaDB,MXS-1793,0,0,0,0
MariaDB:MXS-1794,MariaDB,MXS-1794,0,0,0,0
MariaDB:MXS-1795,MariaDB,MXS-1795,0,0,0,0
MariaDB:MCOL-1333,MariaDB,MCOL-1333,0,0,0,0
Hyperledger:INDY-1270,Hyperledger,INDY-1270,0,0,0,0
Hyperledger:FAB-9516,Hyperledger,FAB-9516,0,0,0,0
Hyperledger:FAB-9525,Hyperledger,FAB-9525,1,1,0,0
Hyperledger:FAB-9526,Hyperledger,FAB-9526,1,1,0,0
Hyperledger:FAB-9527,Hyperledger,FAB-9527,1,0,0,0
MariaDB:MCOL-1293,MariaDB,MCOL-1293,0,0,0,0
IntelDAOS:DAOS-813,IntelDAOS,DAOS-813,0,0,0,0
Hyperledger:IS-647,Hyperledger,IS-647,0,0,0,0
Hyperledger:INDY-1275,Hyperledger,INDY-1275,0,0,0,0
Hyperledger:INDY-1273,Hyperledger,INDY-1273,0,0,0,0
Hyperledger:FAB-9545,Hyperledger,FAB-9545,0,0,0,0
Hyperledger:FAB-9546,Hyperledger,FAB-9546,0,0,0,0
Hyperledger:INDY-1244,Hyperledger,INDY-1244,0,0,0,0
Hyperledger:INDY-1245,Hyperledger,INDY-1245,0,0,0,0
IntelDAOS:DAOS-824,IntelDAOS,DAOS-824,0,0,0,0
MariaDB:MXS-1809,MariaDB,MXS-1809,0,0,0,0
MariaDB:MXS-1401,MariaDB,MXS-1401,0,0,0,0
MariaDB:MXS-1639,MariaDB,MXS-1639,0,0,0,0
MariaDB:MXS-1775,MariaDB,MXS-1775,0,0,0,0
MariaDB:MXS-173,MariaDB,MXS-173,0,0,0,0
MariaDB:MXS-1745,MariaDB,MXS-1745,0,0,0,0
MariaDB:MXS-1507,MariaDB,MXS-1507,1,0,0,0
MariaDB:MXS-1810,MariaDB,MXS-1810,0,0,0,0
MariaDB:MXS-1811,MariaDB,MXS-1811,0,0,0,0
MariaDB:MXS-1812,MariaDB,MXS-1812,0,0,0,0
MariaDB:MXS-1797,MariaDB,MXS-1797,0,0,0,0
Hyperledger:FAB-9550,Hyperledger,FAB-9550,0,0,0,0
Hyperledger:FAB-9551,Hyperledger,FAB-9551,0,0,0,0
Hyperledger:FABG-672,Hyperledger,FABG-672,0,0,0,0
Hyperledger:FABG-673,Hyperledger,FABG-673,0,0,0,0
Hyperledger:FAB-9556,Hyperledger,FAB-9556,0,0,0,0
Hyperledger:STL-1170,Hyperledger,STL-1170,1,1,1,1
Hyperledger:STL-1171,Hyperledger,STL-1171,1,0,0,0
Hyperledger:INDY-1279,Hyperledger,INDY-1279,0,0,0,0
Qt:AUTOSUITE-342,Qt,AUTOSUITE-342,0,0,0,0
Qt:AUTOSUITE-354,Qt,AUTOSUITE-354,0,0,0,0
Qt:AUTOSUITE-390,Qt,AUTOSUITE-390,1,1,1,1
Qt:AUTOSUITE-360,Qt,AUTOSUITE-360,0,0,0,0
IntelDAOS:DAOS-829,IntelDAOS,DAOS-829,0,0,0,0
Hyperledger:FAB-9579,Hyperledger,FAB-9579,0,0,0,0
Hyperledger:FAB-9580,Hyperledger,FAB-9580,0,0,0,0
Hyperledger:FAB-9581,Hyperledger,FAB-9581,0,0,0,0
Hyperledger:FAB-9582,Hyperledger,FAB-9582,0,0,0,0
Qt:AUTOSUITE-391,Qt,AUTOSUITE-391,0,0,0,0
Qt:AUTOSUITE-384,Qt,AUTOSUITE-384,1,1,1,1
IntelDAOS:DAOS-850,IntelDAOS,DAOS-850,0,0,0,0
Hyperledger:FAB-9587,Hyperledger,FAB-9587,0,0,0,0
Hyperledger:FAB-9588,Hyperledger,FAB-9588,0,0,0,0
Hyperledger:FAB-9589,Hyperledger,FAB-9589,0,0,0,0
Hyperledger:FAB-9590,Hyperledger,FAB-9590,0,0,0,0
IntelDAOS:DAOS-849,IntelDAOS,DAOS-849,0,0,0,0
IntelDAOS:DAOS-851,IntelDAOS,DAOS-851,0,0,0,0
IntelDAOS:DAOS-852,IntelDAOS,DAOS-852,0,0,0,0
IntelDAOS:DAOS-853,IntelDAOS,DAOS-853,0,0,0,0
Hyperledger:FAB-9591,Hyperledger,FAB-9591,0,0,0,0
Hyperledger:IS-652,Hyperledger,IS-652,0,0,0,0
Hyperledger:FABG-674,Hyperledger,FABG-674,0,0,0,0
Hyperledger:FAB-9599,Hyperledger,FAB-9599,0,0,0,0
Hyperledger:FAB-9600,Hyperledger,FAB-9600,0,0,0,0
MariaDB:MCOL-392,MariaDB,MCOL-392,0,0,0,0
Hyperledger:FAB-9609,Hyperledger,FAB-9609,0,0,0,0
MariaDB:MCOL-1344,MariaDB,MCOL-1344,0,0,0,0
Hyperledger:IS-643,Hyperledger,IS-643,0,0,0,0
Hyperledger:FAB-9613,Hyperledger,FAB-9613,0,0,0,0
Hyperledger:FAB-9614,Hyperledger,FAB-9614,0,0,0,0
Hyperledger:IS-653,Hyperledger,IS-653,1,1,1,1
Hyperledger:STL-1177,Hyperledger,STL-1177,0,0,0,0
Hyperledger:FAB-9623,Hyperledger,FAB-9623,0,0,0,0
Hyperledger:FAB-9644,Hyperledger,FAB-9644,0,0,0,0
IntelDAOS:DAOS-818,IntelDAOS,DAOS-818,0,0,0,0
IntelDAOS:CART-440,IntelDAOS,CART-440,0,0,0,0
IntelDAOS:CART-441,IntelDAOS,CART-441,0,0,0,0
IntelDAOS:CART-442,IntelDAOS,CART-442,0,0,0,0
IntelDAOS:CART-443,IntelDAOS,CART-443,0,0,0,0
Hyperledger:FAB-9647,Hyperledger,FAB-9647,0,0,0,0
Hyperledger:INDY-1289,Hyperledger,INDY-1289,0,0,0,0
IntelDAOS:CART-444,IntelDAOS,CART-444,0,0,0,0
Hyperledger:INDY-1290,Hyperledger,INDY-1290,1,1,1,1
Hyperledger:FAB-9651,Hyperledger,FAB-9651,0,0,0,0
Hyperledger:STL-1180,Hyperledger,STL-1180,0,0,0,0
Hyperledger:STL-1181,Hyperledger,STL-1181,0,0,0,0
Hyperledger:FAB-9658,Hyperledger,FAB-9658,0,0,0,0
Hyperledger:FABG-675,Hyperledger,FABG-675,0,0,0,0
Hyperledger:FAB-9664,Hyperledger,FAB-9664,0,0,0,0
Hyperledger:STL-1182,Hyperledger,STL-1182,0,0,0,0
Hyperledger:FAB-9670,Hyperledger,FAB-9670,1,1,0,0
Hyperledger:FAB-9671,Hyperledger,FAB-9671,1,1,0,0
Hyperledger:FAB-9672,Hyperledger,FAB-9672,1,1,0,0
Hyperledger:IS-656,Hyperledger,IS-656,0,0,0,0
IntelDAOS:DAOS-696,IntelDAOS,DAOS-696,1,1,0,0
IntelDAOS:DAOS-700,IntelDAOS,DAOS-700,0,0,0,0
IntelDAOS:DAOS-856,IntelDAOS,DAOS-856,0,0,0,0
IntelDAOS:DAOS-857,IntelDAOS,DAOS-857,0,0,0,0
IntelDAOS:DAOS-858,IntelDAOS,DAOS-858,1,1,0,0
Qt:AUTOSUITE-341,Qt,AUTOSUITE-341,0,0,0,0
Hyperledger:FAB-9675,Hyperledger,FAB-9675,0,0,0,0
Hyperledger:FABN-611,Hyperledger,FABN-611,1,1,1,1
Hyperledger:FABJ-267,Hyperledger,FABJ-267,1,1,1,1
Hyperledger:IS-650,Hyperledger,IS-650,1,1,0,0
Hyperledger:FAB-9683,Hyperledger,FAB-9683,0,0,0,0
Hyperledger:INDY-1291,Hyperledger,INDY-1291,0,0,0,0
IntelDAOS:DAOS-822,IntelDAOS,DAOS-822,0,0,0,0
Hyperledger:FAB-9684,Hyperledger,FAB-9684,0,0,0,0
IntelDAOS:DAOS-814,IntelDAOS,DAOS-814,0,0,0,0
IntelDAOS:DAOS-816,IntelDAOS,DAOS-816,0,0,0,0
IntelDAOS:DAOS-871,IntelDAOS,DAOS-871,0,0,0,0
Hyperledger:FAB-9685,Hyperledger,FAB-9685,0,0,0,0
Hyperledger:FAB-9687,Hyperledger,FAB-9687,0,0,0,0
IntelDAOS:DAOS-859,IntelDAOS,DAOS-859,0,0,0,0
IntelDAOS:DAOS-860,IntelDAOS,DAOS-860,0,0,0,0
IntelDAOS:DAOS-874,IntelDAOS,DAOS-874,0,0,0,0
IntelDAOS:DAOS-873,IntelDAOS,DAOS-873,0,0,0,0
IntelDAOS:DAOS-423,IntelDAOS,DAOS-423,0,0,0,0
IntelDAOS:DAOS-876,IntelDAOS,DAOS-876,1,1,0,0
IntelDAOS:DAOS-878,IntelDAOS,DAOS-878,1,1,0,0
IntelDAOS:DAOS-880,IntelDAOS,DAOS-880,0,0,0,0
IntelDAOS:DAOS-881,IntelDAOS,DAOS-881,0,0,0,0
IntelDAOS:DAOS-879,IntelDAOS,DAOS-879,1,0,0,0
IntelDAOS:DAOS-882,IntelDAOS,DAOS-882,0,0,0,0
IntelDAOS:DAOS-884,IntelDAOS,DAOS-884,0,0,0,0
IntelDAOS:DAOS-825,IntelDAOS,DAOS-825,0,0,0,0
IntelDAOS:DAOS-839,IntelDAOS,DAOS-839,0,0,0,0
IntelDAOS:DAOS-870,IntelDAOS,DAOS-870,0,0,0,0
Hyperledger:FAB-9691,Hyperledger,FAB-9691,0,0,0,0
Hyperledger:FAB-9692,Hyperledger,FAB-9692,0,0,0,0
Qt:QSR-259,Qt,QSR-259,0,0,0,0
Hyperledger:FAB-9694,Hyperledger,FAB-9694,1,1,0,0
Hyperledger:FAB-9695,Hyperledger,FAB-9695,1,1,0,0
IntelDAOS:DAOS-855,IntelDAOS,DAOS-855,1,0,0,0
Qt:AUTOSUITE-340,Qt,AUTOSUITE-340,0,0,0,0
Qt:AUTOSUITE-314,Qt,AUTOSUITE-314,0,0,0,0
Hyperledger:IS-661,Hyperledger,IS-661,0,0,0,0
Hyperledger:IS-662,Hyperledger,IS-662,0,0,0,0
Hyperledger:IS-663,Hyperledger,IS-663,0,0,0,0
Hyperledger:IS-666,Hyperledger,IS-666,0,0,0,0
Hyperledger:IS-667,Hyperledger,IS-667,0,0,0,0
Hyperledger:IS-668,Hyperledger,IS-668,0,0,0,0
Hyperledger:IS-669,Hyperledger,IS-669,0,0,0,0
Hyperledger:INDY-1296,Hyperledger,INDY-1296,1,1,1,1
Hyperledger:STL-1186,Hyperledger,STL-1186,0,0,0,0
Hyperledger:STL-1187,Hyperledger,STL-1187,0,0,0,0
Hyperledger:INDY-1297,Hyperledger,INDY-1297,0,0,0,0
Hyperledger:FAB-9711,Hyperledger,FAB-9711,0,0,0,0
Hyperledger:FAB-9712,Hyperledger,FAB-9712,0,0,0,0
Hyperledger:FAB-9720,Hyperledger,FAB-9720,0,0,0,0
Qt:AUTOSUITE-355,Qt,AUTOSUITE-355,0,0,0,0
Hyperledger:FAB-9721,Hyperledger,FAB-9721,0,0,0,0
Hyperledger:FAB-9722,Hyperledger,FAB-9722,0,0,0,0
Hyperledger:FAB-9723,Hyperledger,FAB-9723,0,0,0,0
Qt:AUTOSUITE-295,Qt,AUTOSUITE-295,0,0,0,0
Hyperledger:FAB-9724,Hyperledger,FAB-9724,0,0,0,0
Hyperledger:FAB-9725,Hyperledger,FAB-9725,0,0,0,0
Hyperledger:STL-1192,Hyperledger,STL-1192,0,0,0,0
Hyperledger:INDY-1274,Hyperledger,INDY-1274,1,1,1,1
Hyperledger:IS-671,Hyperledger,IS-671,0,0,0,0
Hyperledger:IS-672,Hyperledger,IS-672,0,0,0,0
Hyperledger:FAB-9728,Hyperledger,FAB-9728,0,0,0,0
Hyperledger:FAB-9729,Hyperledger,FAB-9729,0,0,0,0
Hyperledger:FAB-9733,Hyperledger,FAB-9733,0,0,0,0
Hyperledger:FAB-9735,Hyperledger,FAB-9735,0,0,0,0
Hyperledger:FAB-9737,Hyperledger,FAB-9737,0,0,0,0
Hyperledger:FAB-9739,Hyperledger,FAB-9739,0,0,0,0
Hyperledger:STL-1199,Hyperledger,STL-1199,0,0,0,0
Hyperledger:STL-1200,Hyperledger,STL-1200,0,0,0,0
Hyperledger:STL-1201,Hyperledger,STL-1201,0,0,0,0
Hyperledger:STL-1202,Hyperledger,STL-1202,0,0,0,0
Hyperledger:FAB-9743,Hyperledger,FAB-9743,0,0,0,0
Hyperledger:FAB-9744,Hyperledger,FAB-9744,0,0,0,0
IntelDAOS:DAOS-890,IntelDAOS,DAOS-890,0,0,0,0
Hyperledger:FAB-9752,Hyperledger,FAB-9752,0,0,0,0
Hyperledger:FAB-9753,Hyperledger,FAB-9753,0,0,0,0
Hyperledger:FAB-9755,Hyperledger,FAB-9755,0,0,0,0
Hyperledger:STL-1188,Hyperledger,STL-1188,0,0,0,0
Hyperledger:STL-1190,Hyperledger,STL-1190,0,0,0,0
Hyperledger:STL-1189,Hyperledger,STL-1189,0,0,0,0
Hyperledger:STL-1183,Hyperledger,STL-1183,0,0,0,0
Hyperledger:STL-1184,Hyperledger,STL-1184,0,0,0,0
Hyperledger:FAB-9757,Hyperledger,FAB-9757,0,0,0,0
Hyperledger:STL-1204,Hyperledger,STL-1204,0,0,0,0
Hyperledger:STL-1205,Hyperledger,STL-1205,0,0,0,0
Hyperledger:STL-1206,Hyperledger,STL-1206,0,0,0,0
Hyperledger:FAB-9758,Hyperledger,FAB-9758,0,0,0,0
Hyperledger:FAB-9759,Hyperledger,FAB-9759,0,0,0,0
Hyperledger:FAB-9760,Hyperledger,FAB-9760,0,0,0,0
Hyperledger:FAB-9761,Hyperledger,FAB-9761,0,0,0,0
Hyperledger:FAB-9762,Hyperledger,FAB-9762,0,0,0,0
Hyperledger:FAB-9763,Hyperledger,FAB-9763,0,0,0,0
Hyperledger:FAB-9764,Hyperledger,FAB-9764,0,0,0,0
Hyperledger:FAB-9765,Hyperledger,FAB-9765,0,0,0,0
Hyperledger:FAB-9766,Hyperledger,FAB-9766,0,0,0,0
Hyperledger:STL-1210,Hyperledger,STL-1210,0,0,0,0
Hyperledger:FAB-9774,Hyperledger,FAB-9774,0,0,0,0
Hyperledger:FAB-9785,Hyperledger,FAB-9785,0,0,0,0
Hyperledger:FAB-9787,Hyperledger,FAB-9787,0,0,0,0
Hyperledger:STL-1193,Hyperledger,STL-1193,0,0,0,0
Hyperledger:STL-1195,Hyperledger,STL-1195,0,0,0,0
Hyperledger:STL-1196,Hyperledger,STL-1196,0,0,0,0
Hyperledger:STL-1197,Hyperledger,STL-1197,0,0,0,0
Hyperledger:STL-1194,Hyperledger,STL-1194,0,0,0,0
Hyperledger:FAB-9795,Hyperledger,FAB-9795,0,0,0,0
Hyperledger:STL-1212,Hyperledger,STL-1212,0,0,0,0
Hyperledger:STL-1178,Hyperledger,STL-1178,0,0,0,0
Hyperledger:STL-1213,Hyperledger,STL-1213,0,0,0,0
Hyperledger:STL-1214,Hyperledger,STL-1214,0,0,0,0
Hyperledger:STL-1215,Hyperledger,STL-1215,0,0,0,0
Hyperledger:STL-1217,Hyperledger,STL-1217,0,0,0,0
Hyperledger:STL-1218,Hyperledger,STL-1218,0,0,0,0
Hyperledger:STL-1219,Hyperledger,STL-1219,0,0,0,0
Hyperledger:STL-1220,Hyperledger,STL-1220,0,0,0,0
Hyperledger:FAB-9802,Hyperledger,FAB-9802,0,0,0,0
Hyperledger:FAB-9803,Hyperledger,FAB-9803,0,0,0,0
Hyperledger:FAB-9804,Hyperledger,FAB-9804,0,0,0,0
Hyperledger:FAB-9805,Hyperledger,FAB-9805,0,0,0,0
Hyperledger:FAB-9806,Hyperledger,FAB-9806,0,0,0,0
Hyperledger:FAB-9807,Hyperledger,FAB-9807,0,0,0,0
Hyperledger:FAB-9810,Hyperledger,FAB-9810,0,0,0,0
Hyperledger:FAB-9811,Hyperledger,FAB-9811,0,0,0,0
Hyperledger:FAB-9813,Hyperledger,FAB-9813,0,0,0,0
Hyperledger:FAB-9814,Hyperledger,FAB-9814,0,0,0,0
Hyperledger:FAB-9815,Hyperledger,FAB-9815,0,0,0,0
Hyperledger:FAB-9817,Hyperledger,FAB-9817,0,0,0,0
Hyperledger:STL-1223,Hyperledger,STL-1223,0,0,0,0
Hyperledger:STL-1224,Hyperledger,STL-1224,0,0,0,0
Hyperledger:STL-1225,Hyperledger,STL-1225,0,0,0,0
Hyperledger:STL-1226,Hyperledger,STL-1226,0,0,0,0
Hyperledger:STL-1227,Hyperledger,STL-1227,0,0,0,0
MariaDB:MCOL-1364,MariaDB,MCOL-1364,0,0,0,0
MariaDB:MCOL-1337,MariaDB,MCOL-1337,0,0,0,0
Hyperledger:FAB-9825,Hyperledger,FAB-9825,0,0,0,0
Hyperledger:FAB-9826,Hyperledger,FAB-9826,0,0,0,0
MariaDB:MCOL-1376,MariaDB,MCOL-1376,0,0,0,0
MariaDB:MXS-1840,MariaDB,MXS-1840,0,0,0,0
MariaDB:MXS-1841,MariaDB,MXS-1841,0,0,0,0
MariaDB:MXS-1842,MariaDB,MXS-1842,0,0,0,0
Qt:AUTOSUITE-396,Qt,AUTOSUITE-396,1,1,1,1
Qt:AUTOSUITE-397,Qt,AUTOSUITE-397,1,1,1,1
MariaDB:MXS-1844,MariaDB,MXS-1844,0,0,0,0
MariaDB:MXS-1782,MariaDB,MXS-1782,0,0,0,0
IntelDAOS:DAOS-894,IntelDAOS,DAOS-894,0,0,0,0
MariaDB:MXS-1845,MariaDB,MXS-1845,0,0,0,0
IntelDAOS:DAOS-895,IntelDAOS,DAOS-895,1,0,0,0
Hyperledger:FAB-9833,Hyperledger,FAB-9833,0,0,0,0
Hyperledger:FAB-9834,Hyperledger,FAB-9834,0,0,0,0
Hyperledger:FAB-9837,Hyperledger,FAB-9837,1,0,0,0
Hyperledger:FAB-9838,Hyperledger,FAB-9838,0,0,0,0
Hyperledger:FAB-9839,Hyperledger,FAB-9839,0,0,0,0
Hyperledger:FAB-9842,Hyperledger,FAB-9842,0,0,0,0
Hyperledger:FAB-9843,Hyperledger,FAB-9843,0,0,0,0
IntelDAOS:DAOS-898,IntelDAOS,DAOS-898,0,0,0,0
Hyperledger:FAB-8819,Hyperledger,FAB-8819,1,1,1,0
Hyperledger:FAB-9844,Hyperledger,FAB-9844,0,0,0,0
Hyperledger:FAB-9845,Hyperledger,FAB-9845,0,0,0,0
Qt:AUTOSUITE-400,Qt,AUTOSUITE-400,0,0,0,0
Hyperledger:FAB-9847,Hyperledger,FAB-9847,0,0,0,0
Hyperledger:FAB-9848,Hyperledger,FAB-9848,0,0,0,0
Hyperledger:FAB-9851,Hyperledger,FAB-9851,0,0,0,0
Hyperledger:FAB-9852,Hyperledger,FAB-9852,0,0,0,0
Hyperledger:FAB-9856,Hyperledger,FAB-9856,0,0,0,0
Hyperledger:STL-1228,Hyperledger,STL-1228,0,0,0,0
Hyperledger:FAB-9857,Hyperledger,FAB-9857,0,0,0,0
Qt:AUTOSUITE-401,Qt,AUTOSUITE-401,1,0,0,0
Hyperledger:IS-675,Hyperledger,IS-675,0,0,0,0
Hyperledger:FAB-9860,Hyperledger,FAB-9860,0,0,0,0
Qt:AUTOSUITE-403,Qt,AUTOSUITE-403,0,0,0,0
IntelDAOS:CART-445,IntelDAOS,CART-445,0,0,0,0
IntelDAOS:DAOS-820,IntelDAOS,DAOS-820,0,0,0,0
Hyperledger:FAB-9870,Hyperledger,FAB-9870,0,0,0,0
Hyperledger:INDY-1311,Hyperledger,INDY-1311,1,1,1,1
Qt:AUTOSUITE-411,Qt,AUTOSUITE-411,0,0,0,0
Hyperledger:INDY-1303,Hyperledger,INDY-1303,0,0,0,0
Hyperledger:IS-674,Hyperledger,IS-674,0,0,0,0
Hyperledger:FAB-9886,Hyperledger,FAB-9886,0,0,0,0
Hyperledger:STL-1229,Hyperledger,STL-1229,0,0,0,0
MariaDB:MCOL-1385,MariaDB,MCOL-1385,0,0,0,0
Hyperledger:FAB-6545,Hyperledger,FAB-6545,0,0,0,0
Hyperledger:FAB-6526,Hyperledger,FAB-6526,0,0,0,0
Hyperledger:FAB-9205,Hyperledger,FAB-9205,0,0,0,0
Hyperledger:FAB-8823,Hyperledger,FAB-8823,0,0,0,0
Hyperledger:FAB-8824,Hyperledger,FAB-8824,0,0,0,0
Hyperledger:FAB-8825,Hyperledger,FAB-8825,1,1,1,1
Hyperledger:FAB-9086,Hyperledger,FAB-9086,0,0,0,0
Hyperledger:FAB-9917,Hyperledger,FAB-9917,1,1,1,1
Hyperledger:FAB-8833,Hyperledger,FAB-8833,1,1,1,1
Hyperledger:FAB-8832,Hyperledger,FAB-8832,0,0,0,0
Hyperledger:FABG-670,Hyperledger,FABG-670,0,0,0,0
Hyperledger:FAB-8830,Hyperledger,FAB-8830,0,0,0,0
Hyperledger:FAB-8831,Hyperledger,FAB-8831,0,0,0,0
Hyperledger:FAB-9608,Hyperledger,FAB-9608,0,0,0,0
Hyperledger:FAB-9649,Hyperledger,FAB-9649,0,0,0,0
Hyperledger:FAB-9875,Hyperledger,FAB-9875,1,1,1,1
Hyperledger:FAB-6546,Hyperledger,FAB-6546,0,0,0,0
Hyperledger:FAB-9655,Hyperledger,FAB-9655,1,0,0,0
Hyperledger:FAB-9873,Hyperledger,FAB-9873,0,0,0,0
Qt:AUTOSUITE-412,Qt,AUTOSUITE-412,0,0,0,0
Hyperledger:FAB-9921,Hyperledger,FAB-9921,0,0,0,0
Hyperledger:FAB-9922,Hyperledger,FAB-9922,0,0,0,0
Hyperledger:FAB-9923,Hyperledger,FAB-9923,0,0,0,0
Hyperledger:FAB-9924,Hyperledger,FAB-9924,0,0,0,0
IntelDAOS:CART-446,IntelDAOS,CART-446,0,0,0,0
Qt:AUTOSUITE-413,Qt,AUTOSUITE-413,1,1,1,1
Hyperledger:IS-681,Hyperledger,IS-681,0,0,0,0
Hyperledger:IS-682,Hyperledger,IS-682,0,0,0,0
Hyperledger:IS-683,Hyperledger,IS-683,0,0,0,0
Hyperledger:IS-684,Hyperledger,IS-684,0,0,0,0
Hyperledger:IS-685,Hyperledger,IS-685,0,0,0,0
Hyperledger:IS-687,Hyperledger,IS-687,0,0,0,0
Hyperledger:FAB-9933,Hyperledger,FAB-9933,0,0,0,0
Qt:AUTOSUITE-417,Qt,AUTOSUITE-417,0,0,0,0
Qt:AUTOSUITE-418,Qt,AUTOSUITE-418,0,0,0,0
Qt:AUTOSUITE-419,Qt,AUTOSUITE-419,0,0,0,0
IntelDAOS:DAOS-907,IntelDAOS,DAOS-907,1,1,0,0
Hyperledger:FAB-9948,Hyperledger,FAB-9948,0,0,0,0
Hyperledger:FAB-9949,Hyperledger,FAB-9949,0,0,0,0
IntelDAOS:DAOS-917,IntelDAOS,DAOS-917,1,1,1,1
IntelDAOS:DAOS-819,IntelDAOS,DAOS-819,0,0,0,0
IntelDAOS:DAOS-815,IntelDAOS,DAOS-815,1,0,0,0
IntelDAOS:DAOS-913,IntelDAOS,DAOS-913,0,0,0,0
IntelDAOS:DAOS-919,IntelDAOS,DAOS-919,0,0,0,0
IntelDAOS:DAOS-920,IntelDAOS,DAOS-920,0,0,0,0
IntelDAOS:DAOS-921,IntelDAOS,DAOS-921,0,0,0,0
IntelDAOS:DAOS-922,IntelDAOS,DAOS-922,0,0,0,0
IntelDAOS:DAOS-918,IntelDAOS,DAOS-918,0,0,0,0
IntelDAOS:DAOS-914,IntelDAOS,DAOS-914,0,0,0,0
Hyperledger:FAB-9950,Hyperledger,FAB-9950,0,0,0,0
IntelDAOS:DAOS-924,IntelDAOS,DAOS-924,0,0,0,0
IntelDAOS:DAOS-925,IntelDAOS,DAOS-925,0,0,0,0
IntelDAOS:DAOS-903,IntelDAOS,DAOS-903,0,0,0,0
IntelDAOS:DAOS-926,IntelDAOS,DAOS-926,1,1,0,0
IntelDAOS:DAOS-927,IntelDAOS,DAOS-927,1,1,1,0
IntelDAOS:DAOS-928,IntelDAOS,DAOS-928,0,0,0,0
Hyperledger:FAB-9951,Hyperledger,FAB-9951,0,0,0,0
IntelDAOS:DAOS-875,IntelDAOS,DAOS-875,0,0,0,0
IntelDAOS:DAOS-929,IntelDAOS,DAOS-929,0,0,0,0
IntelDAOS:DAOS-930,IntelDAOS,DAOS-930,1,0,0,0
IntelDAOS:DAOS-931,IntelDAOS,DAOS-931,0,0,0,0
IntelDAOS:DAOS-932,IntelDAOS,DAOS-932,0,0,0,0
IntelDAOS:DAOS-933,IntelDAOS,DAOS-933,0,0,0,0
IntelDAOS:DAOS-934,IntelDAOS,DAOS-934,0,0,0,0
MariaDB:MCOL-1401,MariaDB,MCOL-1401,0,0,0,0
IntelDAOS:CART-448,IntelDAOS,CART-448,0,0,0,0
Qt:AUTOSUITE-424,Qt,AUTOSUITE-424,0,0,0,0
Hyperledger:FAB-9919,Hyperledger,FAB-9919,0,0,0,0
IntelDAOS:DAOS-936,IntelDAOS,DAOS-936,0,0,0,0
Qt:AUTOSUITE-425,Qt,AUTOSUITE-425,0,0,0,0
Qt:AUTOSUITE-427,Qt,AUTOSUITE-427,0,0,0,0
Qt:AUTOSUITE-431,Qt,AUTOSUITE-431,0,0,0,0
Qt:AUTOSUITE-432,Qt,AUTOSUITE-432,0,0,0,0
Hyperledger:FAB-9976,Hyperledger,FAB-9976,0,0,0,0
Hyperledger:FAB-9981,Hyperledger,FAB-9981,0,0,0,0
Hyperledger:FAB-9982,Hyperledger,FAB-9982,0,0,0,0
Hyperledger:STL-1232,Hyperledger,STL-1232,1,1,0,0
Hyperledger:FAB-9984,Hyperledger,FAB-9984,0,0,0,0
Hyperledger:STL-1233,Hyperledger,STL-1233,0,0,0,0
Hyperledger:STL-1234,Hyperledger,STL-1234,1,0,0,0
Hyperledger:INDY-1319,Hyperledger,INDY-1319,0,0,0,0
Hyperledger:IS-693,Hyperledger,IS-693,0,0,0,0
Hyperledger:IS-694,Hyperledger,IS-694,0,0,0,0
Hyperledger:IS-695,Hyperledger,IS-695,0,0,0,0
Hyperledger:IS-696,Hyperledger,IS-696,0,0,0,0
Hyperledger:IS-697,Hyperledger,IS-697,1,1,1,1
Hyperledger:FAB-9996,Hyperledger,FAB-9996,0,0,0,0
Hyperledger:FAB-9997,Hyperledger,FAB-9997,0,0,0,0
Hyperledger:IS-676,Hyperledger,IS-676,0,0,0,0
Hyperledger:STL-1235,Hyperledger,STL-1235,1,1,0,0
Hyperledger:STL-1236,Hyperledger,STL-1236,1,1,0,0
Hyperledger:FAB-10004,Hyperledger,FAB-10004,0,0,0,0
Hyperledger:IS-698,Hyperledger,IS-698,0,0,0,0
Hyperledger:STL-1240,Hyperledger,STL-1240,1,0,0,0
Hyperledger:INDY-1323,Hyperledger,INDY-1323,0,0,0,0
Hyperledger:FAB-10018,Hyperledger,FAB-10018,0,0,0,0
Hyperledger:IS-699,Hyperledger,IS-699,0,0,0,0
Hyperledger:FAB-10023,Hyperledger,FAB-10023,0,0,0,0
Hyperledger:FAB-10026,Hyperledger,FAB-10026,0,0,0,0
Hyperledger:FAB-10027,Hyperledger,FAB-10027,0,0,0,0
Hyperledger:FAB-10028,Hyperledger,FAB-10028,0,0,0,0
Hyperledger:FAB-10029,Hyperledger,FAB-10029,0,0,0,0
Hyperledger:FAB-10031,Hyperledger,FAB-10031,0,0,0,0
Qt:AUTOSUITE-437,Qt,AUTOSUITE-437,0,0,0,0
Qt:AUTOSUITE-438,Qt,AUTOSUITE-438,0,0,0,0
IntelDAOS:DAOS-942,IntelDAOS,DAOS-942,0,0,0,0
Hyperledger:INDY-1329,Hyperledger,INDY-1329,0,0,0,0
Hyperledger:FAB-10038,Hyperledger,FAB-10038,0,0,0,0
Hyperledger:FAB-10048,Hyperledger,FAB-10048,0,0,0,0
Hyperledger:FAB-10049,Hyperledger,FAB-10049,0,0,0,0
MariaDB:MCOL-1412,MariaDB,MCOL-1412,0,0,0,0
MariaDB:MXS-1624,MariaDB,MXS-1624,0,0,0,0
Hyperledger:IS-660,Hyperledger,IS-660,1,1,1,1
Hyperledger:IS-657,Hyperledger,IS-657,0,0,0,0
Qt:AUTOSUITE-451,Qt,AUTOSUITE-451,0,0,0,0
MariaDB:MCOL-1073,MariaDB,MCOL-1073,0,0,0,0
Hyperledger:FAB-9992,Hyperledger,FAB-9992,1,1,1,1
Hyperledger:INDY-1332,Hyperledger,INDY-1332,1,1,1,0
Hyperledger:INDY-1331,Hyperledger,INDY-1331,1,0,0,0
Hyperledger:FAB-10070,Hyperledger,FAB-10070,1,1,1,1
Hyperledger:FAB-10088,Hyperledger,FAB-10088,0,0,0,0
MariaDB:MCOL-1417,MariaDB,MCOL-1417,0,0,0,0
MariaDB:MCOL-1418,MariaDB,MCOL-1418,0,0,0,0
MariaDB:MCOL-1419,MariaDB,MCOL-1419,0,0,0,0
Hyperledger:FAB-10096,Hyperledger,FAB-10096,0,0,0,0
MariaDB:MXS-1859,MariaDB,MXS-1859,0,0,0,0
Hyperledger:INDY-1327,Hyperledger,INDY-1327,1,1,1,1
IntelDAOS:DAOS-906,IntelDAOS,DAOS-906,0,0,0,0
MariaDB:MXS-1778,MariaDB,MXS-1778,0,0,0,0
MariaDB:MXS-1417,MariaDB,MXS-1417,0,0,0,0
MariaDB:MXS-1869,MariaDB,MXS-1869,0,0,0,0
MariaDB:MXS-1777,MariaDB,MXS-1777,0,0,0,0
MariaDB:MXS-1855,MariaDB,MXS-1855,0,0,0,0
MariaDB:MXS-1868,MariaDB,MXS-1868,0,0,0,0
MariaDB:MXS-1870,MariaDB,MXS-1870,0,0,0,0
Hyperledger:FAB-10169,Hyperledger,FAB-10169,0,0,0,0
Hyperledger:INDY-1341,Hyperledger,INDY-1341,0,0,0,0
Hyperledger:INDY-1304,Hyperledger,INDY-1304,0,0,0,0
Qt:AUTOSUITE-465,Qt,AUTOSUITE-465,1,1,1,0
Hyperledger:FAB-10175,Hyperledger,FAB-10175,0,0,0,0
Hyperledger:STL-1245,Hyperledger,STL-1245,0,0,0,0
Hyperledger:STL-1246,Hyperledger,STL-1246,0,0,0,0
Hyperledger:STL-1247,Hyperledger,STL-1247,0,0,0,0
IntelDAOS:DAOS-948,IntelDAOS,DAOS-948,0,0,0,0
IntelDAOS:DAOS-949,IntelDAOS,DAOS-949,0,0,0,0
IntelDAOS:DAOS-950,IntelDAOS,DAOS-950,0,0,0,0
Hyperledger:FAB-10202,Hyperledger,FAB-10202,0,0,0,0
Qt:AUTOSUITE-474,Qt,AUTOSUITE-474,0,0,0,0
MariaDB:MCOL-1427,MariaDB,MCOL-1427,0,0,0,0
Qt:AUTOSUITE-475,Qt,AUTOSUITE-475,0,0,0,0
Hyperledger:INDY-1348,Hyperledger,INDY-1348,1,0,0,0
Qt:AUTOSUITE-476,Qt,AUTOSUITE-476,0,0,0,0
MariaDB:MCOL-1428,MariaDB,MCOL-1428,0,0,0,0
MariaDB:MCOL-1429,MariaDB,MCOL-1429,0,0,0,0
MariaDB:MCOL-1259,MariaDB,MCOL-1259,0,0,0,0
Hyperledger:FAB-10094,Hyperledger,FAB-10094,0,0,0,0
Hyperledger:FAB-10095,Hyperledger,FAB-10095,0,0,0,0
Hyperledger:FAB-10157,Hyperledger,FAB-10157,0,0,0,0
Hyperledger:FAB-10162,Hyperledger,FAB-10162,1,1,1,1
Hyperledger:FABN-23,Hyperledger,FABN-23,0,0,0,0
Hyperledger:FABJ-70,Hyperledger,FABJ-70,0,0,0,0
Hyperledger:FAB-10156,Hyperledger,FAB-10156,0,0,0,0
Hyperledger:FAB-10230,Hyperledger,FAB-10230,0,0,0,0
Hyperledger:FAB-10231,Hyperledger,FAB-10231,1,1,1,1
Hyperledger:INDY-1349,Hyperledger,INDY-1349,0,0,0,0
Hyperledger:INDY-1350,Hyperledger,INDY-1350,0,0,0,0
IntelDAOS:CART-449,IntelDAOS,CART-449,0,0,0,0
IntelDAOS:CART-450,IntelDAOS,CART-450,1,1,0,0
Hyperledger:IS-704,Hyperledger,IS-704,0,0,0,0
Hyperledger:IS-705,Hyperledger,IS-705,0,0,0,0
Hyperledger:FAB-10248,Hyperledger,FAB-10248,0,0,0,0
Hyperledger:IS-706,Hyperledger,IS-706,0,0,0,0
MariaDB:MCOL-1433,MariaDB,MCOL-1433,0,0,0,0
MariaDB:MCOL-1434,MariaDB,MCOL-1434,0,0,0,0
MariaDB:MCOL-1435,MariaDB,MCOL-1435,0,0,0,0
Hyperledger:FAB-10263,Hyperledger,FAB-10263,0,0,0,0
IntelDAOS:DAOS-957,IntelDAOS,DAOS-957,0,0,0,0
IntelDAOS:DAOS-958,IntelDAOS,DAOS-958,0,0,0,0
IntelDAOS:DAOS-959,IntelDAOS,DAOS-959,0,0,0,0
Qt:AUTOSUITE-480,Qt,AUTOSUITE-480,1,1,1,0
IntelDAOS:DAOS-964,IntelDAOS,DAOS-964,0,0,0,0
IntelDAOS:DAOS-965,IntelDAOS,DAOS-965,0,0,0,0
IntelDAOS:DAOS-831,IntelDAOS,DAOS-831,0,0,0,0
IntelDAOS:DAOS-779,IntelDAOS,DAOS-779,0,0,0,0
IntelDAOS:DAOS-966,IntelDAOS,DAOS-966,0,0,0,0
IntelDAOS:DAOS-817,IntelDAOS,DAOS-817,1,1,1,0
IntelDAOS:DAOS-970,IntelDAOS,DAOS-970,0,0,0,0
IntelDAOS:DAOS-971,IntelDAOS,DAOS-971,0,0,0,0
IntelDAOS:DAOS-973,IntelDAOS,DAOS-973,0,0,0,0
IntelDAOS:DAOS-771,IntelDAOS,DAOS-771,0,0,0,0
IntelDAOS:DAOS-974,IntelDAOS,DAOS-974,0,0,0,0
IntelDAOS:DAOS-975,IntelDAOS,DAOS-975,0,0,0,0
IntelDAOS:DAOS-765,IntelDAOS,DAOS-765,0,0,0,0
IntelDAOS:DAOS-960,IntelDAOS,DAOS-960,0,0,0,0
IntelDAOS:DAOS-961,IntelDAOS,DAOS-961,1,1,1,1
IntelDAOS:DAOS-976,IntelDAOS,DAOS-976,0,0,0,0
IntelDAOS:DAOS-977,IntelDAOS,DAOS-977,0,0,0,0
IntelDAOS:DAOS-810,IntelDAOS,DAOS-810,0,0,0,0
IntelDAOS:DAOS-979,IntelDAOS,DAOS-979,0,0,0,0
IntelDAOS:DAOS-980,IntelDAOS,DAOS-980,0,0,0,0
IntelDAOS:DAOS-967,IntelDAOS,DAOS-967,0,0,0,0
IntelDAOS:DAOS-968,IntelDAOS,DAOS-968,0,0,0,0
IntelDAOS:DAOS-969,IntelDAOS,DAOS-969,0,0,0,0
Jira:CONFSERVER-52690,Jira,CONFSERVER-52690,1,1,1,1
IntelDAOS:DAOS-981,IntelDAOS,DAOS-981,0,0,0,0
IntelDAOS:DAOS-905,IntelDAOS,DAOS-905,0,0,0,0
Qt:AUTOSUITE-488,Qt,AUTOSUITE-488,0,0,0,0
Hyperledger:INDY-1363,Hyperledger,INDY-1363,0,0,0,0
Hyperledger:STL-1251,Hyperledger,STL-1251,0,0,0,0
Hyperledger:IS-709,Hyperledger,IS-709,0,0,0,0
Hyperledger:IS-710,Hyperledger,IS-710,0,0,0,0
Hyperledger:IS-711,Hyperledger,IS-711,0,0,0,0
Hyperledger:IS-712,Hyperledger,IS-712,0,0,0,0
Hyperledger:IS-714,Hyperledger,IS-714,0,0,0,0
Hyperledger:IS-716,Hyperledger,IS-716,0,0,0,0
IntelDAOS:DAOS-985,IntelDAOS,DAOS-985,0,0,0,0
Hyperledger:FAB-10358,Hyperledger,FAB-10358,0,0,0,0
Hyperledger:IS-718,Hyperledger,IS-718,0,0,0,0
Hyperledger:INDY-1367,Hyperledger,INDY-1367,0,0,0,0
Hyperledger:STL-1252,Hyperledger,STL-1252,0,0,0,0
Hyperledger:STL-1253,Hyperledger,STL-1253,0,0,0,0
Hyperledger:STL-1254,Hyperledger,STL-1254,0,0,0,0
Hyperledger:STL-1255,Hyperledger,STL-1255,0,0,0,0
Hyperledger:STL-1256,Hyperledger,STL-1256,0,0,0,0
Hyperledger:FAB-10383,Hyperledger,FAB-10383,1,1,1,1
Hyperledger:INDY-1334,Hyperledger,INDY-1334,0,0,0,0
Hyperledger:INDY-1369,Hyperledger,INDY-1369,0,0,0,0
Hyperledger:STL-1257,Hyperledger,STL-1257,0,0,0,0
Hyperledger:FAB-10392,Hyperledger,FAB-10392,0,0,0,0
Hyperledger:CE-374,Hyperledger,CE-374,0,0,0,0
Hyperledger:INDY-1370,Hyperledger,INDY-1370,0,0,0,0
MariaDB:MDEV-15473,MariaDB,MDEV-15473,0,0,0,0
MariaDB:MDEV-7032,MariaDB,MDEV-7032,0,0,0,0
MariaDB:MDEV-11424,MariaDB,MDEV-11424,1,1,1,1
MariaDB:MDEV-11340,MariaDB,MDEV-11340,0,0,0,0
MariaDB:MDEV-13122,MariaDB,MDEV-13122,0,0,0,0
MariaDB:MDEV-13095,MariaDB,MDEV-13095,1,1,1,1
Hyperledger:IS-737,Hyperledger,IS-737,1,0,0,0
Hyperledger:FAB-10431,Hyperledger,FAB-10431,0,0,0,0
Hyperledger:FAB-10436,Hyperledger,FAB-10436,0,0,0,0
Hyperledger:FAB-10446,Hyperledger,FAB-10446,0,0,0,0
Hyperledger:FAB-10447,Hyperledger,FAB-10447,0,0,0,0
Hyperledger:FAB-10450,Hyperledger,FAB-10450,0,0,0,0
MariaDB:MCOL-1392,MariaDB,MCOL-1392,0,0,0,0
MariaDB:MCOL-1446,MariaDB,MCOL-1446,1,1,1,1
Qt:AUTOSUITE-496,Qt,AUTOSUITE-496,0,0,0,0
Hyperledger:FAB-10466,Hyperledger,FAB-10466,0,0,0,0
Qt:AUTOSUITE-498,Qt,AUTOSUITE-498,1,1,1,1
IntelDAOS:DAOS-992,IntelDAOS,DAOS-992,0,0,0,0
Hyperledger:FAB-10482,Hyperledger,FAB-10482,0,0,0,0
IntelDAOS:DAOS-569,IntelDAOS,DAOS-569,0,0,0,0
Hyperledger:INDY-1372,Hyperledger,INDY-1372,0,0,0,0
Hyperledger:FAB-10486,Hyperledger,FAB-10486,0,0,0,0
Hyperledger:STL-1259,Hyperledger,STL-1259,0,0,0,0
Hyperledger:STL-1262,Hyperledger,STL-1262,0,0,0,0
Hyperledger:STL-1263,Hyperledger,STL-1263,0,0,0,0
Hyperledger:STL-1264,Hyperledger,STL-1264,0,0,0,0
Hyperledger:STL-1265,Hyperledger,STL-1265,0,0,0,0
Hyperledger:STL-1266,Hyperledger,STL-1266,0,0,0,0
Hyperledger:STL-1267,Hyperledger,STL-1267,0,0,0,0
Hyperledger:STL-1268,Hyperledger,STL-1268,0,0,0,0
Hyperledger:STL-1269,Hyperledger,STL-1269,0,0,0,0
Hyperledger:STL-1270,Hyperledger,STL-1270,0,0,0,0
Hyperledger:STL-1271,Hyperledger,STL-1271,0,0,0,0
Hyperledger:STL-1272,Hyperledger,STL-1272,0,0,0,0
Hyperledger:STL-1273,Hyperledger,STL-1273,0,0,0,0
Hyperledger:STL-1274,Hyperledger,STL-1274,0,0,0,0
Hyperledger:STL-1275,Hyperledger,STL-1275,0,0,0,0
Hyperledger:STL-1276,Hyperledger,STL-1276,0,0,0,0
Hyperledger:STL-1277,Hyperledger,STL-1277,0,0,0,0
Hyperledger:STL-1278,Hyperledger,STL-1278,0,0,0,0
Hyperledger:STL-1279,Hyperledger,STL-1279,0,0,0,0
Hyperledger:STL-1280,Hyperledger,STL-1280,0,0,0,0
Hyperledger:STL-1281,Hyperledger,STL-1281,0,0,0,0
Hyperledger:STL-1282,Hyperledger,STL-1282,0,0,0,0
Hyperledger:STL-1283,Hyperledger,STL-1283,0,0,0,0
Hyperledger:STL-1284,Hyperledger,STL-1284,0,0,0,0
Hyperledger:STL-1285,Hyperledger,STL-1285,0,0,0,0
Hyperledger:STL-1286,Hyperledger,STL-1286,0,0,0,0
Hyperledger:INDY-810,Hyperledger,INDY-810,0,0,0,0
Hyperledger:INDY-1385,Hyperledger,INDY-1385,0,0,0,0
Hyperledger:INDY-1386,Hyperledger,INDY-1386,0,0,0,0
IntelDAOS:DAOS-995,IntelDAOS,DAOS-995,0,0,0,0
IntelDAOS:DAOS-994,IntelDAOS,DAOS-994,0,0,0,0
IntelDAOS:DAOS-999,IntelDAOS,DAOS-999,0,0,0,0
Hyperledger:STL-1287,Hyperledger,STL-1287,0,0,0,0
Hyperledger:STL-1288,Hyperledger,STL-1288,0,0,0,0
Hyperledger:FAB-10528,Hyperledger,FAB-10528,1,0,0,0
Hyperledger:INDY-1387,Hyperledger,INDY-1387,0,0,0,0
Qt:QSR-216,Qt,QSR-216,1,1,1,1
IntelDAOS:CART-455,IntelDAOS,CART-455,0,0,0,0
IntelDAOS:CART-456,IntelDAOS,CART-456,0,0,0,0
IntelDAOS:DAOS-821,IntelDAOS,DAOS-821,0,0,0,0
IntelDAOS:DAOS-832,IntelDAOS,DAOS-832,0,0,0,0
IntelDAOS:CART-457,IntelDAOS,CART-457,0,0,0,0
Hyperledger:STL-1290,Hyperledger,STL-1290,0,0,0,0
Hyperledger:STL-1291,Hyperledger,STL-1291,0,0,0,0
Hyperledger:STL-1292,Hyperledger,STL-1292,0,0,0,0
Hyperledger:STL-1293,Hyperledger,STL-1293,0,0,0,0
Hyperledger:STL-1294,Hyperledger,STL-1294,0,0,0,0
Hyperledger:STL-1295,Hyperledger,STL-1295,0,0,0,0
Hyperledger:STL-1296,Hyperledger,STL-1296,0,0,0,0
Qt:AUTOSUITE-497,Qt,AUTOSUITE-497,0,0,0,0
Qt:AUTOSUITE-499,Qt,AUTOSUITE-499,0,0,0,0
Qt:AUTOSUITE-502,Qt,AUTOSUITE-502,0,0,0,0
Hyperledger:FAB-10538,Hyperledger,FAB-10538,0,0,0,0
Hyperledger:FAB-10539,Hyperledger,FAB-10539,0,0,0,0
Hyperledger:IS-743,Hyperledger,IS-743,0,0,0,0
IntelDAOS:DAOS-1005,IntelDAOS,DAOS-1005,0,0,0,0
Qt:AUTOSUITE-518,Qt,AUTOSUITE-518,0,0,0,0
Qt:AUTOSUITE-519,Qt,AUTOSUITE-519,0,0,0,0
IntelDAOS:DAOS-997,IntelDAOS,DAOS-997,0,0,0,0
IntelDAOS:DAOS-1006,IntelDAOS,DAOS-1006,0,0,0,0
IntelDAOS:DAOS-1007,IntelDAOS,DAOS-1007,0,0,0,0
IntelDAOS:DAOS-1013,IntelDAOS,DAOS-1013,0,0,0,0
IntelDAOS:DAOS-646,IntelDAOS,DAOS-646,1,1,1,1
IntelDAOS:DAOS-650,IntelDAOS,DAOS-650,1,1,1,0
Hyperledger:FAB-10545,Hyperledger,FAB-10545,1,1,1,1
IntelDAOS:DAOS-1015,IntelDAOS,DAOS-1015,1,1,0,0
Hyperledger:FABG-676,Hyperledger,FABG-676,0,0,0,0
IntelDAOS:DAOS-940,IntelDAOS,DAOS-940,0,0,0,0
IntelDAOS:DAOS-1021,IntelDAOS,DAOS-1021,0,0,0,0
IntelDAOS:DAOS-877,IntelDAOS,DAOS-877,0,0,0,0
IntelDAOS:DAOS-1023,IntelDAOS,DAOS-1023,0,0,0,0
IntelDAOS:DAOS-1024,IntelDAOS,DAOS-1024,0,0,0,0
IntelDAOS:DAOS-1020,IntelDAOS,DAOS-1020,1,1,1,1
MariaDB:MXS-1903,MariaDB,MXS-1903,0,0,0,0
MariaDB:MXS-1904,MariaDB,MXS-1904,0,0,0,0
IntelDAOS:DAOS-1019,IntelDAOS,DAOS-1019,0,0,0,0
IntelDAOS:DAOS-1018,IntelDAOS,DAOS-1018,0,0,0,0
IntelDAOS:DAOS-1016,IntelDAOS,DAOS-1016,0,0,0,0
MariaDB:MXS-1905,MariaDB,MXS-1905,0,0,0,0
Qt:AUTOSUITE-528,Qt,AUTOSUITE-528,0,0,0,0
Qt:AUTOSUITE-525,Qt,AUTOSUITE-525,0,0,0,0
Hyperledger:INDY-1356,Hyperledger,INDY-1356,0,0,0,0
Hyperledger:INDY-1355,Hyperledger,INDY-1355,0,0,0,0
Qt:AUTOSUITE-536,Qt,AUTOSUITE-536,0,0,0,0
Hyperledger:IS-746,Hyperledger,IS-746,0,0,0,0
Hyperledger:IS-747,Hyperledger,IS-747,1,1,1,1
Qt:AUTOSUITE-535,Qt,AUTOSUITE-535,0,0,0,0
Qt:AUTOSUITE-433,Qt,AUTOSUITE-433,0,0,0,0
Hyperledger:IS-745,Hyperledger,IS-745,0,0,0,0
Hyperledger:INDY-1392,Hyperledger,INDY-1392,0,0,0,0
Hyperledger:INDY-1393,Hyperledger,INDY-1393,1,1,1,1
Hyperledger:INDY-1400,Hyperledger,INDY-1400,0,0,0,0
Hyperledger:FAB-10572,Hyperledger,FAB-10572,1,1,1,1
Hyperledger:IS-748,Hyperledger,IS-748,1,1,1,1
MariaDB:MCOL-521,MariaDB,MCOL-521,0,0,0,0
Qt:AUTOSUITE-886,Qt,AUTOSUITE-886,0,0,0,0
Qt:QSR-220,Qt,QSR-220,1,1,1,1
Qt:QSR-231,Qt,QSR-231,1,1,1,1
Qt:QSR-230,Qt,QSR-230,1,1,1,1
Qt:QSR-221,Qt,QSR-221,0,0,0,0
Qt:QSR-232,Qt,QSR-232,1,1,1,1
Qt:QSR-222,Qt,QSR-222,0,0,0,0
Qt:QSR-233,Qt,QSR-233,1,1,1,1
Qt:QSR-223,Qt,QSR-223,1,1,0,0
Qt:QSR-234,Qt,QSR-234,1,1,1,1
Hyperledger:IS-727,Hyperledger,IS-727,0,0,0,0
Qt:QSR-225,Qt,QSR-225,0,0,0,0
Qt:QSR-235,Qt,QSR-235,1,0,0,0
Hyperledger:IS-749,Hyperledger,IS-749,0,0,0,0
Qt:QSR-226,Qt,QSR-226,1,1,1,1
Qt:QSR-236,Qt,QSR-236,1,1,1,1
IntelDAOS:DAOS-1029,IntelDAOS,DAOS-1029,0,0,0,0
Hyperledger:IS-750,Hyperledger,IS-750,0,0,0,0
Hyperledger:INDY-1403,Hyperledger,INDY-1403,0,0,0,0
Qt:QSR-240,Qt,QSR-240,0,0,0,0
Qt:QSR-241,Qt,QSR-241,0,0,0,0
Qt:QSR-242,Qt,QSR-242,0,0,0,0
Hyperledger:FABG-677,Hyperledger,FABG-677,0,0,0,0
Hyperledger:FABG-678,Hyperledger,FABG-678,0,0,0,0
Hyperledger:IS-753,Hyperledger,IS-753,1,1,1,1
Qt:AUTOSUITE-549,Qt,AUTOSUITE-549,0,0,0,0
IntelDAOS:DAOS-1031,IntelDAOS,DAOS-1031,0,0,0,0
Hyperledger:IS-758,Hyperledger,IS-758,0,0,0,0
Hyperledger:IS-759,Hyperledger,IS-759,0,0,0,0
Hyperledger:IS-760,Hyperledger,IS-760,0,0,0,0
Hyperledger:IS-761,Hyperledger,IS-761,0,0,0,0
MariaDB:MXS-1908,MariaDB,MXS-1908,0,0,0,0
MariaDB:MXS-1915,MariaDB,MXS-1915,0,0,0,0
MariaDB:MXS-591,MariaDB,MXS-591,0,0,0,0
MariaDB:MXS-1884,MariaDB,MXS-1884,0,0,0,0
MariaDB:MXS-1886,MariaDB,MXS-1886,0,0,0,0
MariaDB:MXS-1849,MariaDB,MXS-1849,0,0,0,0
MariaDB:MXS-1917,MariaDB,MXS-1917,0,0,0,0
MariaDB:MXS-1918,MariaDB,MXS-1918,0,0,0,0
MariaDB:MXS-1881,MariaDB,MXS-1881,0,0,0,0
MariaDB:MXS-1914,MariaDB,MXS-1914,0,0,0,0
MariaDB:MXS-1685,MariaDB,MXS-1685,0,0,0,0
Hyperledger:FABG-679,Hyperledger,FABG-679,0,0,0,0
Hyperledger:IS-763,Hyperledger,IS-763,0,0,0,0
Hyperledger:IS-767,Hyperledger,IS-767,0,0,0,0
Hyperledger:INDY-1409,Hyperledger,INDY-1409,0,0,0,0
Hyperledger:IS-768,Hyperledger,IS-768,0,0,0,0
MariaDB:MXS-1919,MariaDB,MXS-1919,0,0,0,0
Hyperledger:IS-769,Hyperledger,IS-769,0,0,0,0
IntelDAOS:DAOS-571,IntelDAOS,DAOS-571,0,0,0,0
Hyperledger:INDY-1404,Hyperledger,INDY-1404,0,0,0,0
MariaDB:MCOL-1475,MariaDB,MCOL-1475,0,0,0,0
Hyperledger:FAB-10672,Hyperledger,FAB-10672,0,0,0,0
Hyperledger:FAB-10673,Hyperledger,FAB-10673,0,0,0,0
Hyperledger:FAB-10675,Hyperledger,FAB-10675,0,0,0,0
Hyperledger:FAB-10681,Hyperledger,FAB-10681,0,0,0,0
Hyperledger:FAB-10682,Hyperledger,FAB-10682,0,0,0,0
Hyperledger:FAB-10684,Hyperledger,FAB-10684,0,0,0,0
Hyperledger:INDY-1405,Hyperledger,INDY-1405,0,0,0,0
Hyperledger:IS-780,Hyperledger,IS-780,0,0,0,0
Hyperledger:FAB-10687,Hyperledger,FAB-10687,0,0,0,0
IntelDAOS:CART-460,IntelDAOS,CART-460,0,0,0,0
IntelDAOS:CART-458,IntelDAOS,CART-458,0,0,0,0
IntelDAOS:CART-461,IntelDAOS,CART-461,0,0,0,0
Hyperledger:FAB-10689,Hyperledger,FAB-10689,0,0,0,0
Hyperledger:INDY-1267,Hyperledger,INDY-1267,0,0,0,0
Hyperledger:INDY-1417,Hyperledger,INDY-1417,0,0,0,0
Hyperledger:IS-781,Hyperledger,IS-781,0,0,0,0
IntelDAOS:DAOS-1040,IntelDAOS,DAOS-1040,0,0,0,0
Hyperledger:INDY-1420,Hyperledger,INDY-1420,0,0,0,0
Hyperledger:IS-778,Hyperledger,IS-778,0,0,0,0
IntelDAOS:DAOS-649,IntelDAOS,DAOS-649,1,1,1,1
IntelDAOS:DAOS-1041,IntelDAOS,DAOS-1041,0,0,0,0
IntelDAOS:DAOS-1042,IntelDAOS,DAOS-1042,0,0,0,0
IntelDAOS:DAOS-1008,IntelDAOS,DAOS-1008,0,0,0,0
IntelDAOS:DAOS-1009,IntelDAOS,DAOS-1009,1,0,0,0
IntelDAOS:DAOS-1010,IntelDAOS,DAOS-1010,1,1,1,1
IntelDAOS:DAOS-1011,IntelDAOS,DAOS-1011,1,1,0,0
IntelDAOS:DAOS-1012,IntelDAOS,DAOS-1012,0,0,0,0
IntelDAOS:DAOS-1043,IntelDAOS,DAOS-1043,0,0,0,0
MariaDB:MCOL-1484,MariaDB,MCOL-1484,0,0,0,0
IntelDAOS:DAOS-1044,IntelDAOS,DAOS-1044,0,0,0,0
IntelDAOS:DAOS-1045,IntelDAOS,DAOS-1045,1,0,0,0
MariaDB:MCOL-1146,MariaDB,MCOL-1146,0,0,0,0
MariaDB:MCOL-1145,MariaDB,MCOL-1145,0,0,0,0
IntelDAOS:DAOS-1049,IntelDAOS,DAOS-1049,0,0,0,0
IntelDAOS:DAOS-1051,IntelDAOS,DAOS-1051,0,0,0,0
IntelDAOS:DAOS-1052,IntelDAOS,DAOS-1052,0,0,0,0
IntelDAOS:DAOS-1053,IntelDAOS,DAOS-1053,0,0,0,0
IntelDAOS:DAOS-1054,IntelDAOS,DAOS-1054,0,0,0,0
IntelDAOS:DAOS-1046,IntelDAOS,DAOS-1046,0,0,0,0
IntelDAOS:DAOS-1017,IntelDAOS,DAOS-1017,0,0,0,0
IntelDAOS:DAOS-1055,IntelDAOS,DAOS-1055,0,0,0,0
IntelDAOS:DAOS-1056,IntelDAOS,DAOS-1056,0,0,0,0
IntelDAOS:DAOS-1038,IntelDAOS,DAOS-1038,0,0,0,0
IntelDAOS:DAOS-1039,IntelDAOS,DAOS-1039,0,0,0,0
IntelDAOS:DAOS-1047,IntelDAOS,DAOS-1047,0,0,0,0
IntelDAOS:DAOS-1050,IntelDAOS,DAOS-1050,0,0,0,0
Hyperledger:INDY-1357,Hyperledger,INDY-1357,0,0,0,0
IntelDAOS:CART-462,IntelDAOS,CART-462,1,0,0,0
Hyperledger:IS-779,Hyperledger,IS-779,0,0,0,0
IntelDAOS:DAOS-1058,IntelDAOS,DAOS-1058,0,0,0,0
Jira:FE-7051,Jira,FE-7051,0,0,0,0
Jira:FE-7052,Jira,FE-7052,0,0,0,0
Jira:FE-7053,Jira,FE-7053,0,0,0,0
Jira:FE-7054,Jira,FE-7054,0,0,0,0
Hyperledger:IS-790,Hyperledger,IS-790,1,1,1,1
Hyperledger:IS-777,Hyperledger,IS-777,0,0,0,0
Hyperledger:IS-791,Hyperledger,IS-791,0,0,0,0
Hyperledger:IS-772,Hyperledger,IS-772,0,0,0,0
Hyperledger:INDY-1416,Hyperledger,INDY-1416,0,0,0,0
Hyperledger:INDY-1421,Hyperledger,INDY-1421,1,1,1,1
Hyperledger:INDY-1425,Hyperledger,INDY-1425,0,0,0,0
Hyperledger:STL-1309,Hyperledger,STL-1309,0,0,0,0
MariaDB:MCOL-1378,MariaDB,MCOL-1378,0,0,0,0
MariaDB:MCOL-1496,MariaDB,MCOL-1496,0,0,0,0
Hyperledger:STL-1310,Hyperledger,STL-1310,0,0,0,0
Qt:AUTOSUITE-576,Qt,AUTOSUITE-576,0,0,0,0
MariaDB:MCOL-1330,MariaDB,MCOL-1330,0,0,0,0
IntelDAOS:CART-467,IntelDAOS,CART-467,0,0,0,0
Hyperledger:IS-793,Hyperledger,IS-793,1,1,1,1
MariaDB:MXS-1940,MariaDB,MXS-1940,0,0,0,0
MariaDB:MXS-1774,MariaDB,MXS-1774,0,0,0,0
MariaDB:MXS-1664,MariaDB,MXS-1664,0,0,0,0
IntelDAOS:DAOS-1067,IntelDAOS,DAOS-1067,0,0,0,0
IntelDAOS:DAOS-1068,IntelDAOS,DAOS-1068,0,0,0,0
IntelDAOS:DAOS-1069,IntelDAOS,DAOS-1069,0,0,0,0
Hyperledger:STL-1311,Hyperledger,STL-1311,0,0,0,0
Hyperledger:STL-1312,Hyperledger,STL-1312,0,0,0,0
IntelDAOS:DAOS-1070,IntelDAOS,DAOS-1070,0,0,0,0
Hyperledger:INDY-1343,Hyperledger,INDY-1343,0,0,0,0
Hyperledger:INDY-1388,Hyperledger,INDY-1388,0,0,0,0
Hyperledger:INDY-1435,Hyperledger,INDY-1435,0,0,0,0
Qt:AUTOSUITE-581,Qt,AUTOSUITE-581,0,0,0,0
IntelDAOS:DAOS-1073,IntelDAOS,DAOS-1073,0,0,0,0
IntelDAOS:DAOS-1078,IntelDAOS,DAOS-1078,1,0,0,0
IntelDAOS:DAOS-1079,IntelDAOS,DAOS-1079,1,0,0,0
IntelDAOS:CART-453,IntelDAOS,CART-453,0,0,0,0
IntelDAOS:CART-333,IntelDAOS,CART-333,0,0,0,0
Hyperledger:INDY-1358,Hyperledger,INDY-1358,0,0,0,0
Hyperledger:INDY-1431,Hyperledger,INDY-1431,0,0,0,0
IntelDAOS:DAOS-1082,IntelDAOS,DAOS-1082,0,0,0,0
Hyperledger:STL-1319,Hyperledger,STL-1319,0,0,0,0
Hyperledger:STL-1320,Hyperledger,STL-1320,0,0,0,0
Hyperledger:STL-1321,Hyperledger,STL-1321,0,0,0,0
Hyperledger:FAB-11004,Hyperledger,FAB-11004,0,0,0,0
IntelDAOS:DAOS-1084,IntelDAOS,DAOS-1084,0,0,0,0
IntelDAOS:DAOS-1089,IntelDAOS,DAOS-1089,0,0,0,0
Qt:AUTOSUITE-589,Qt,AUTOSUITE-589,0,0,0,0
Hyperledger:STL-1322,Hyperledger,STL-1322,0,0,0,0
Hyperledger:STL-1323,Hyperledger,STL-1323,0,0,0,0
Hyperledger:STL-1324,Hyperledger,STL-1324,0,0,0,0
Hyperledger:STL-1325,Hyperledger,STL-1325,0,0,0,0
Hyperledger:STL-1326,Hyperledger,STL-1326,0,0,0,0
Hyperledger:STL-1327,Hyperledger,STL-1327,0,0,0,0
Hyperledger:STL-1328,Hyperledger,STL-1328,0,0,0,0
Hyperledger:STL-1329,Hyperledger,STL-1329,0,0,0,0
Hyperledger:STL-1330,Hyperledger,STL-1330,0,0,0,0
IntelDAOS:DAOS-1091,IntelDAOS,DAOS-1091,0,0,0,0
MariaDB:MCOL-1521,MariaDB,MCOL-1521,0,0,0,0
MariaDB:MCOL-1524,MariaDB,MCOL-1524,0,0,0,0
Hyperledger:INDY-1450,Hyperledger,INDY-1450,1,1,0,0
IntelDAOS:DAOS-1071,IntelDAOS,DAOS-1071,0,0,0,0
IntelDAOS:DAOS-1094,IntelDAOS,DAOS-1094,0,0,0,0
IntelDAOS:DAOS-1081,IntelDAOS,DAOS-1081,0,0,0,0
IntelDAOS:DAOS-1095,IntelDAOS,DAOS-1095,0,0,0,0
Hyperledger:INDY-1452,Hyperledger,INDY-1452,0,0,0,0
Hyperledger:INDY-1453,Hyperledger,INDY-1453,0,0,0,0
Hyperledger:IS-803,Hyperledger,IS-803,0,0,0,0
IntelDAOS:DAOS-1096,IntelDAOS,DAOS-1096,0,0,0,0
IntelDAOS:DAOS-1057,IntelDAOS,DAOS-1057,0,0,0,0
IntelDAOS:DAOS-1105,IntelDAOS,DAOS-1105,0,0,0,0
IntelDAOS:DAOS-1102,IntelDAOS,DAOS-1102,0,0,0,0
IntelDAOS:DAOS-1103,IntelDAOS,DAOS-1103,0,0,0,0
IntelDAOS:DAOS-1099,IntelDAOS,DAOS-1099,0,0,0,0
IntelDAOS:DAOS-1106,IntelDAOS,DAOS-1106,0,0,0,0
IntelDAOS:DAOS-1107,IntelDAOS,DAOS-1107,0,0,0,0
IntelDAOS:DAOS-1097,IntelDAOS,DAOS-1097,0,0,0,0
IntelDAOS:DAOS-1098,IntelDAOS,DAOS-1098,1,0,0,0
Hyperledger:INDY-1458,Hyperledger,INDY-1458,0,0,0,0
IntelDAOS:DAOS-1109,IntelDAOS,DAOS-1109,0,0,0,0
Hyperledger:STL-1333,Hyperledger,STL-1333,0,0,0,0
Hyperledger:STL-1334,Hyperledger,STL-1334,0,0,0,0
Hyperledger:STL-1335,Hyperledger,STL-1335,0,0,0,0
Hyperledger:STL-1336,Hyperledger,STL-1336,0,0,0,0
Hyperledger:STL-1337,Hyperledger,STL-1337,0,0,0,0
Hyperledger:STL-1338,Hyperledger,STL-1338,0,0,0,0
Hyperledger:STL-1339,Hyperledger,STL-1339,0,0,0,0
Hyperledger:STL-1340,Hyperledger,STL-1340,0,0,0,0
IntelDAOS:DAOS-1110,IntelDAOS,DAOS-1110,1,1,1,1
IntelDAOS:DAOS-1111,IntelDAOS,DAOS-1111,0,0,0,0
MariaDB:MCOL-1532,MariaDB,MCOL-1532,0,0,0,0
Qt:AUTOSUITE-582,Qt,AUTOSUITE-582,0,0,0,0
Qt:AUTOSUITE-580,Qt,AUTOSUITE-580,0,0,0,0
IntelDAOS:DAOS-1114,IntelDAOS,DAOS-1114,0,0,0,0
MariaDB:MCOL-1547,MariaDB,MCOL-1547,0,0,0,0
Qt:AUTOSUITE-593,Qt,AUTOSUITE-593,0,0,0,0
Qt:AUTOSUITE-594,Qt,AUTOSUITE-594,1,1,1,1
Jira:FE-7065,Jira,FE-7065,0,0,0,0
Qt:AUTOSUITE-595,Qt,AUTOSUITE-595,0,0,0,0
Qt:AUTOSUITE-596,Qt,AUTOSUITE-596,0,0,0,0
MariaDB:MXS-1969,MariaDB,MXS-1969,0,0,0,0
MariaDB:MXS-1970,MariaDB,MXS-1970,0,0,0,0
MariaDB:MXS-1971,MariaDB,MXS-1971,0,0,0,0
MariaDB:MXS-1972,MariaDB,MXS-1972,0,0,0,0
MariaDB:MXS-1663,MariaDB,MXS-1663,0,0,0,0
MariaDB:MXS-1113,MariaDB,MXS-1113,0,0,0,0
MariaDB:MXS-1929,MariaDB,MXS-1929,0,0,0,0
MariaDB:MXS-1968,MariaDB,MXS-1968,0,0,0,0
Hyperledger:INDY-1462,Hyperledger,INDY-1462,0,0,0,0
Hyperledger:INDY-1463,Hyperledger,INDY-1463,0,0,0,0
Hyperledger:IS-795,Hyperledger,IS-795,1,1,0,0
Hyperledger:INDY-1467,Hyperledger,INDY-1467,0,0,0,0
Hyperledger:STL-1348,Hyperledger,STL-1348,1,0,0,0
Hyperledger:FAB-6717,Hyperledger,FAB-6717,0,0,0,0
Hyperledger:STL-1349,Hyperledger,STL-1349,0,0,0,0
Hyperledger:IS-664,Hyperledger,IS-664,1,1,1,1
Hyperledger:INDY-1294,Hyperledger,INDY-1294,0,0,0,0
MariaDB:MCOL-1439,MariaDB,MCOL-1439,0,0,0,0
MariaDB:MCOL-1281,MariaDB,MCOL-1281,0,0,0,0
IntelDAOS:DAOS-1119,IntelDAOS,DAOS-1119,1,1,1,1
Hyperledger:STL-1350,Hyperledger,STL-1350,0,0,0,0
Hyperledger:STL-1352,Hyperledger,STL-1352,1,1,0,0
Hyperledger:IS-815,Hyperledger,IS-815,0,0,0,0
Hyperledger:STL-1353,Hyperledger,STL-1353,0,0,0,0
Hyperledger:STL-1354,Hyperledger,STL-1354,1,0,0,0
Hyperledger:STL-1355,Hyperledger,STL-1355,0,0,0,0
Hyperledger:IS-816,Hyperledger,IS-816,0,0,0,0
Hyperledger:STL-1243,Hyperledger,STL-1243,0,0,0,0
Hyperledger:INDY-1474,Hyperledger,INDY-1474,0,0,0,0
IntelDAOS:DAOS-1123,IntelDAOS,DAOS-1123,1,1,1,1
IntelDAOS:DAOS-1124,IntelDAOS,DAOS-1124,1,1,1,1
Hyperledger:INDY-1378,Hyperledger,INDY-1378,0,0,0,0
Hyperledger:INDY-1468,Hyperledger,INDY-1468,0,0,0,0
Hyperledger:INDY-1475,Hyperledger,INDY-1475,1,1,1,1
Hyperledger:FAB-11171,Hyperledger,FAB-11171,1,1,1,1
Qt:QSR-268,Qt,QSR-268,1,1,0,0
Hyperledger:INDY-1480,Hyperledger,INDY-1480,0,0,0,0
Hyperledger:INDY-1481,Hyperledger,INDY-1481,0,0,0,0
Hyperledger:FAB-11172,Hyperledger,FAB-11172,1,1,0,0
Hyperledger:FAB-11173,Hyperledger,FAB-11173,1,1,0,0
Hyperledger:FAB-11174,Hyperledger,FAB-11174,1,1,1,0
Hyperledger:INDY-1482,Hyperledger,INDY-1482,1,1,1,1
Hyperledger:INDY-1483,Hyperledger,INDY-1483,0,0,0,0
Hyperledger:STL-1357,Hyperledger,STL-1357,0,0,0,0
Hyperledger:STL-1358,Hyperledger,STL-1358,0,0,0,0
Hyperledger:IS-819,Hyperledger,IS-819,1,1,1,1
Hyperledger:IS-794,Hyperledger,IS-794,0,0,0,0
Hyperledger:IS-796,Hyperledger,IS-796,0,0,0,0
Hyperledger:IS-806,Hyperledger,IS-806,0,0,0,0
Qt:QSR-273,Qt,QSR-273,0,0,0,0
Hyperledger:IS-601,Hyperledger,IS-601,0,0,0,0
Qt:QSR-280,Qt,QSR-280,0,0,0,0
IntelDAOS:CART-475,IntelDAOS,CART-475,0,0,0,0
IntelDAOS:CART-476,IntelDAOS,CART-476,0,0,0,0
IntelDAOS:CART-471,IntelDAOS,CART-471,0,0,0,0
IntelDAOS:CART-477,IntelDAOS,CART-477,0,0,0,0
IntelDAOS:DAOS-1101,IntelDAOS,DAOS-1101,0,0,0,0
IntelDAOS:DAOS-1100,IntelDAOS,DAOS-1100,0,0,0,0
Hyperledger:INDY-1484,Hyperledger,INDY-1484,0,0,0,0
IntelDAOS:DAOS-1003,IntelDAOS,DAOS-1003,0,0,0,0
Hyperledger:INDY-1487,Hyperledger,INDY-1487,0,0,0,0
Hyperledger:INDY-1492,Hyperledger,INDY-1492,0,0,0,0
IntelDAOS:DAOS-1130,IntelDAOS,DAOS-1130,0,0,0,0
IntelDAOS:DAOS-1131,IntelDAOS,DAOS-1131,0,0,0,0
IntelDAOS:DAOS-1134,IntelDAOS,DAOS-1134,0,0,0,0
IntelDAOS:DAOS-1133,IntelDAOS,DAOS-1133,0,0,0,0
IntelDAOS:DAOS-1127,IntelDAOS,DAOS-1127,0,0,0,0
IntelDAOS:DAOS-395,IntelDAOS,DAOS-395,0,0,0,0
IntelDAOS:DAOS-1022,IntelDAOS,DAOS-1022,0,0,0,0
IntelDAOS:DAOS-1132,IntelDAOS,DAOS-1132,0,0,0,0
IntelDAOS:DAOS-847,IntelDAOS,DAOS-847,0,0,0,0
IntelDAOS:DAOS-848,IntelDAOS,DAOS-848,0,0,0,0
IntelDAOS:DAOS-1135,IntelDAOS,DAOS-1135,0,0,0,0
IntelDAOS:DAOS-1136,IntelDAOS,DAOS-1136,0,0,0,0
Hyperledger:INDY-1494,Hyperledger,INDY-1494,0,0,0,0
Hyperledger:INDY-1493,Hyperledger,INDY-1493,0,0,0,0
Hyperledger:INDY-1486,Hyperledger,INDY-1486,0,0,0,0
Hyperledger:INDY-1491,Hyperledger,INDY-1491,0,0,0,0
IntelDAOS:DAOS-1108,IntelDAOS,DAOS-1108,0,0,0,0
Hyperledger:STL-1360,Hyperledger,STL-1360,0,0,0,0
Hyperledger:STL-1361,Hyperledger,STL-1361,0,0,0,0
Hyperledger:STL-1362,Hyperledger,STL-1362,0,0,0,0
IntelDAOS:DAOS-1139,IntelDAOS,DAOS-1139,0,0,0,0
Hyperledger:INDY-1496,Hyperledger,INDY-1496,0,0,0,0
Hyperledger:INDY-1497,Hyperledger,INDY-1497,0,0,0,0
Hyperledger:INDY-1502,Hyperledger,INDY-1502,0,0,0,0
Hyperledger:INDY-1503,Hyperledger,INDY-1503,0,0,0,0
Hyperledger:IS-834,Hyperledger,IS-834,0,0,0,0
Hyperledger:STL-1364,Hyperledger,STL-1364,0,0,0,0
Hyperledger:IS-603,Hyperledger,IS-603,0,0,0,0
Hyperledger:INDY-1507,Hyperledger,INDY-1507,0,0,0,0
Qt:AUTOSUITE-501,Qt,AUTOSUITE-501,0,0,0,0
Qt:AUTOSUITE-500,Qt,AUTOSUITE-500,0,0,0,0
Hyperledger:STL-1366,Hyperledger,STL-1366,0,0,0,0
Hyperledger:IS-804,Hyperledger,IS-804,0,0,0,0
IntelDAOS:DAOS-1159,IntelDAOS,DAOS-1159,0,0,0,0
Hyperledger:IS-807,Hyperledger,IS-807,0,0,0,0
Hyperledger:IS-833,Hyperledger,IS-833,0,0,0,0
MariaDB:MCOL-1577,MariaDB,MCOL-1577,0,0,0,0
Hyperledger:FAB-11317,Hyperledger,FAB-11317,0,0,0,0
Hyperledger:FAB-11318,Hyperledger,FAB-11318,1,1,1,1
Hyperledger:STL-1369,Hyperledger,STL-1369,0,0,0,0
IntelDAOS:DAOS-1160,IntelDAOS,DAOS-1160,0,0,0,0
Hyperledger:IS-642,Hyperledger,IS-642,0,0,0,0
Hyperledger:IS-606,Hyperledger,IS-606,0,0,0,0
Hyperledger:INDY-1504,Hyperledger,INDY-1504,1,1,1,1
Hyperledger:FAB-11340,Hyperledger,FAB-11340,0,0,0,0
Hyperledger:FAB-11346,Hyperledger,FAB-11346,0,0,0,0
Hyperledger:FAB-11347,Hyperledger,FAB-11347,0,0,0,0
Hyperledger:FAB-11349,Hyperledger,FAB-11349,0,0,0,0
Hyperledger:FAB-11351,Hyperledger,FAB-11351,1,1,1,1
Hyperledger:FAB-11354,Hyperledger,FAB-11354,1,1,1,1
Hyperledger:FAB-11370,Hyperledger,FAB-11370,1,1,1,0
Hyperledger:FAB-11371,Hyperledger,FAB-11371,0,0,0,0
Hyperledger:FAB-11372,Hyperledger,FAB-11372,1,1,1,1
Hyperledger:IS-787,Hyperledger,IS-787,0,0,0,0
MariaDB:MCOL-1578,MariaDB,MCOL-1578,0,0,0,0
Hyperledger:FAB-11388,Hyperledger,FAB-11388,1,1,1,1
Hyperledger:INDY-1531,Hyperledger,INDY-1531,0,0,0,0
IntelDAOS:CART-407,IntelDAOS,CART-407,0,0,0,0
Hyperledger:INDY-1528,Hyperledger,INDY-1528,1,1,1,1
IntelDAOS:DAOS-1179,IntelDAOS,DAOS-1179,0,0,0,0
IntelDAOS:DAOS-1180,IntelDAOS,DAOS-1180,1,0,0,0
IntelDAOS:DAOS-1181,IntelDAOS,DAOS-1181,0,0,0,0
IntelDAOS:DAOS-1183,IntelDAOS,DAOS-1183,0,0,0,0
IntelDAOS:DAOS-1186,IntelDAOS,DAOS-1186,0,0,0,0
IntelDAOS:DAOS-1187,IntelDAOS,DAOS-1187,0,0,0,0
IntelDAOS:DAOS-1118,IntelDAOS,DAOS-1118,0,0,0,0
IntelDAOS:DAOS-1188,IntelDAOS,DAOS-1188,0,0,0,0
IntelDAOS:DAOS-1177,IntelDAOS,DAOS-1177,0,0,0,0
IntelDAOS:DAOS-1178,IntelDAOS,DAOS-1178,0,0,0,0
IntelDAOS:DAOS-1189,IntelDAOS,DAOS-1189,0,0,0,0
IntelDAOS:DAOS-1190,IntelDAOS,DAOS-1190,0,0,0,0
IntelDAOS:DAOS-1191,IntelDAOS,DAOS-1191,0,0,0,0
IntelDAOS:DAOS-1192,IntelDAOS,DAOS-1192,0,0,0,0
IntelDAOS:DAOS-1193,IntelDAOS,DAOS-1193,0,0,0,0
IntelDAOS:DAOS-1194,IntelDAOS,DAOS-1194,0,0,0,0
IntelDAOS:DAOS-1184,IntelDAOS,DAOS-1184,0,0,0,0
IntelDAOS:DAOS-1185,IntelDAOS,DAOS-1185,0,0,0,0
Jira:FE-7049,Jira,FE-7049,0,0,0,0
Hyperledger:INDY-1542,Hyperledger,INDY-1542,0,0,0,0
Jira:FE-7076,Jira,FE-7076,0,0,0,0
Jira:FE-7033,Jira,FE-7033,0,0,0,0
Jira:CRUC-6886,Jira,CRUC-6886,0,0,0,0
MariaDB:MXS-1992,MariaDB,MXS-1992,0,0,0,0
MariaDB:MXS-1962,MariaDB,MXS-1962,0,0,0,0
MariaDB:MXS-1763,MariaDB,MXS-1763,0,0,0,0
MariaDB:MXS-1951,MariaDB,MXS-1951,0,0,0,0
MariaDB:MXS-1993,MariaDB,MXS-1993,0,0,0,0
Hyperledger:IS-100,Hyperledger,IS-100,0,0,0,0
Hyperledger:IS-839,Hyperledger,IS-839,0,0,0,0
IntelDAOS:DAOS-1169,IntelDAOS,DAOS-1169,0,0,0,0
IntelDAOS:DAOS-1034,IntelDAOS,DAOS-1034,0,0,0,0
IntelDAOS:DAOS-1195,IntelDAOS,DAOS-1195,0,0,0,0
MariaDB:MCOL-1615,MariaDB,MCOL-1615,0,0,0,0
Hyperledger:FAB-11436,Hyperledger,FAB-11436,0,0,0,0
Hyperledger:FAB-11437,Hyperledger,FAB-11437,1,1,1,1
MariaDB:MCOL-1591,MariaDB,MCOL-1591,0,0,0,0
Hyperledger:IS-799,Hyperledger,IS-799,0,0,0,0
Hyperledger:IS-842,Hyperledger,IS-842,0,0,0,0
Hyperledger:IS-853,Hyperledger,IS-853,0,0,0,0
Hyperledger:INDY-1544,Hyperledger,INDY-1544,0,0,0,0
Hyperledger:INDY-1545,Hyperledger,INDY-1545,0,0,0,0
MariaDB:MCOL-1617,MariaDB,MCOL-1617,0,0,0,0
Hyperledger:INDY-1546,Hyperledger,INDY-1546,0,0,0,0
IntelDAOS:DAOS-1201,IntelDAOS,DAOS-1201,0,0,0,0
Hyperledger:IS-860,Hyperledger,IS-860,0,0,0,0
Hyperledger:INDY-1543,Hyperledger,INDY-1543,1,1,1,0
Hyperledger:IS-861,Hyperledger,IS-861,1,1,1,1
Hyperledger:IS-843,Hyperledger,IS-843,1,0,0,0
Hyperledger:IS-844,Hyperledger,IS-844,0,0,0,0
Hyperledger:IS-670,Hyperledger,IS-670,0,0,0,0
Hyperledger:IS-862,Hyperledger,IS-862,0,0,0,0
Hyperledger:IS-848,Hyperledger,IS-848,0,0,0,0
Hyperledger:IS-864,Hyperledger,IS-864,0,0,0,0
Hyperledger:INDY-1549,Hyperledger,INDY-1549,1,1,0,0
Hyperledger:IS-857,Hyperledger,IS-857,0,0,0,0
Hyperledger:IS-836,Hyperledger,IS-836,0,0,0,0
Hyperledger:IS-801,Hyperledger,IS-801,0,0,0,0
MariaDB:MCOL-1596,MariaDB,MCOL-1596,0,0,0,0
Hyperledger:IS-867,Hyperledger,IS-867,0,0,0,0
IntelDAOS:DAOS-1202,IntelDAOS,DAOS-1202,1,0,0,0
IntelDAOS:DAOS-1061,IntelDAOS,DAOS-1061,0,0,0,0
Hyperledger:INDY-1555,Hyperledger,INDY-1555,0,0,0,0
IntelDAOS:DAOS-1203,IntelDAOS,DAOS-1203,0,0,0,0
MariaDB:MCOL-1244,MariaDB,MCOL-1244,0,0,0,0
Hyperledger:STL-1376,Hyperledger,STL-1376,0,0,0,0
Hyperledger:STL-1377,Hyperledger,STL-1377,0,0,0,0
Hyperledger:STL-1378,Hyperledger,STL-1378,0,0,0,0
Hyperledger:STL-1379,Hyperledger,STL-1379,0,0,0,0
Hyperledger:STL-1380,Hyperledger,STL-1380,0,0,0,0
Hyperledger:STL-1381,Hyperledger,STL-1381,0,0,0,0
Hyperledger:STL-1382,Hyperledger,STL-1382,0,0,0,0
Hyperledger:STL-1383,Hyperledger,STL-1383,0,0,0,0
Hyperledger:STL-1384,Hyperledger,STL-1384,0,0,0,0
Hyperledger:STL-1385,Hyperledger,STL-1385,0,0,0,0
Hyperledger:STL-1386,Hyperledger,STL-1386,0,0,0,0
Hyperledger:STL-1387,Hyperledger,STL-1387,0,0,0,0
Hyperledger:STL-1388,Hyperledger,STL-1388,0,0,0,0
IntelDAOS:DAOS-1205,IntelDAOS,DAOS-1205,1,1,1,1
Hyperledger:FAB-11498,Hyperledger,FAB-11498,1,1,1,0
Hyperledger:FAB-11500,Hyperledger,FAB-11500,1,1,1,1
Hyperledger:STL-1390,Hyperledger,STL-1390,0,0,0,0
Hyperledger:IS-838,Hyperledger,IS-838,0,0,0,0
MariaDB:MCOL-1631,MariaDB,MCOL-1631,0,0,0,0
Hyperledger:IS-880,Hyperledger,IS-880,0,0,0,0
MariaDB:MCOL-1633,MariaDB,MCOL-1633,1,1,1,1
MariaDB:MCOL-1634,MariaDB,MCOL-1634,1,1,1,1
Hyperledger:INDY-1564,Hyperledger,INDY-1564,0,0,0,0
Hyperledger:INDY-1389,Hyperledger,INDY-1389,0,0,0,0
Hyperledger:INDY-1565,Hyperledger,INDY-1565,1,1,1,1
Hyperledger:INDY-1566,Hyperledger,INDY-1566,0,0,0,0
Hyperledger:FAB-11525,Hyperledger,FAB-11525,0,0,0,0
Hyperledger:INDY-1567,Hyperledger,INDY-1567,0,0,0,0
Hyperledger:FAB-11527,Hyperledger,FAB-11527,1,1,0,0
Hyperledger:IS-883,Hyperledger,IS-883,0,0,0,0
Hyperledger:INDY-1568,Hyperledger,INDY-1568,0,0,0,0
Hyperledger:INDY-1569,Hyperledger,INDY-1569,0,0,0,0
IntelDAOS:DAOS-1209,IntelDAOS,DAOS-1209,0,0,0,0
Hyperledger:INDY-1572,Hyperledger,INDY-1572,0,0,0,0
Hyperledger:FAB-11539,Hyperledger,FAB-11539,1,1,1,0
IntelDAOS:DAOS-1210,IntelDAOS,DAOS-1210,0,0,0,0
Hyperledger:FAB-11548,Hyperledger,FAB-11548,0,0,0,0
Hyperledger:FAB-11549,Hyperledger,FAB-11549,0,0,0,0
Hyperledger:FAB-11550,Hyperledger,FAB-11550,0,0,0,0
Hyperledger:FAB-11551,Hyperledger,FAB-11551,0,0,0,0
Hyperledger:FAB-11552,Hyperledger,FAB-11552,0,0,0,0
Hyperledger:FAB-11553,Hyperledger,FAB-11553,0,0,0,0
Hyperledger:FAB-11554,Hyperledger,FAB-11554,0,0,0,0
Hyperledger:INDY-1581,Hyperledger,INDY-1581,1,1,1,1
Hyperledger:INDY-1582,Hyperledger,INDY-1582,0,0,0,0
IntelDAOS:DAOS-1211,IntelDAOS,DAOS-1211,1,1,1,1
IntelDAOS:DAOS-1213,IntelDAOS,DAOS-1213,0,0,0,0
MariaDB:MCOL-1646,MariaDB,MCOL-1646,0,0,0,0
Hyperledger:STL-1392,Hyperledger,STL-1392,0,0,0,0
Hyperledger:STL-1393,Hyperledger,STL-1393,0,0,0,0
Hyperledger:STL-1394,Hyperledger,STL-1394,0,0,0,0
IntelDAOS:DAOS-1218,IntelDAOS,DAOS-1218,0,0,0,0
IntelDAOS:DAOS-1219,IntelDAOS,DAOS-1219,1,1,1,0
IntelDAOS:DAOS-1217,IntelDAOS,DAOS-1217,0,0,0,0
IntelDAOS:DAOS-1216,IntelDAOS,DAOS-1216,0,0,0,0
IntelDAOS:DAOS-1214,IntelDAOS,DAOS-1214,0,0,0,0
IntelDAOS:DAOS-1171,IntelDAOS,DAOS-1171,0,0,0,0
IntelDAOS:DAOS-1215,IntelDAOS,DAOS-1215,0,0,0,0
Hyperledger:INDY-1587,Hyperledger,INDY-1587,0,0,0,0
MariaDB:MXS-2004,MariaDB,MXS-2004,0,0,0,0
MariaDB:MXS-2008,MariaDB,MXS-2008,0,0,0,0
Hyperledger:INDY-1588,Hyperledger,INDY-1588,0,0,0,0
MariaDB:MXS-2005,MariaDB,MXS-2005,0,0,0,0
Hyperledger:INDY-1589,Hyperledger,INDY-1589,0,0,0,0
MariaDB:MXS-1315,MariaDB,MXS-1315,0,0,0,0
MariaDB:MXS-2012,MariaDB,MXS-2012,0,0,0,0
MariaDB:MXS-1995,MariaDB,MXS-1995,0,0,0,0
MariaDB:MXS-1796,MariaDB,MXS-1796,0,0,0,0
IntelDAOS:DAOS-1227,IntelDAOS,DAOS-1227,0,0,0,0
IntelDAOS:DAOS-1228,IntelDAOS,DAOS-1228,0,0,0,0
IntelDAOS:DAOS-1229,IntelDAOS,DAOS-1229,0,0,0,0
IntelDAOS:DAOS-1231,IntelDAOS,DAOS-1231,0,0,0,0
IntelDAOS:DAOS-1168,IntelDAOS,DAOS-1168,1,1,1,1
IntelDAOS:DAOS-1223,IntelDAOS,DAOS-1223,0,0,0,0
Hyperledger:FAB-11593,Hyperledger,FAB-11593,0,0,0,0
Hyperledger:INDY-1592,Hyperledger,INDY-1592,0,0,0,0
Hyperledger:INDY-1593,Hyperledger,INDY-1593,0,0,0,0
Qt:QSR-313,Qt,QSR-313,0,0,0,0
IntelDAOS:DAOS-1236,IntelDAOS,DAOS-1236,0,0,0,0
Hyperledger:IS-817,Hyperledger,IS-817,0,0,0,0
Hyperledger:FAB-11597,Hyperledger,FAB-11597,1,1,1,1
IntelDAOS:CART-495,IntelDAOS,CART-495,0,0,0,0
IntelDAOS:CART-497,IntelDAOS,CART-497,0,0,0,0
IntelDAOS:CART-498,IntelDAOS,CART-498,0,0,0,0
IntelDAOS:DAOS-1165,IntelDAOS,DAOS-1165,0,0,0,0
IntelDAOS:DAOS-394,IntelDAOS,DAOS-394,0,0,0,0
IntelDAOS:DAOS-689,IntelDAOS,DAOS-689,0,0,0,0
IntelDAOS:DAOS-1175,IntelDAOS,DAOS-1175,0,0,0,0
IntelDAOS:DAOS-1126,IntelDAOS,DAOS-1126,0,0,0,0
Hyperledger:FAB-11607,Hyperledger,FAB-11607,1,1,1,1
Hyperledger:IS-644,Hyperledger,IS-644,0,0,0,0
Hyperledger:IS-890,Hyperledger,IS-890,1,1,1,1
Hyperledger:IS-891,Hyperledger,IS-891,0,0,0,0
Hyperledger:INDY-1599,Hyperledger,INDY-1599,0,0,0,0
Hyperledger:IS-892,Hyperledger,IS-892,0,0,0,0
Hyperledger:IS-893,Hyperledger,IS-893,0,0,0,0
Hyperledger:IS-894,Hyperledger,IS-894,0,0,0,0
Hyperledger:IS-895,Hyperledger,IS-895,0,0,0,0
Hyperledger:IS-887,Hyperledger,IS-887,1,1,0,0
IntelDAOS:DAOS-1221,IntelDAOS,DAOS-1221,0,0,0,0
Hyperledger:IS-897,Hyperledger,IS-897,1,1,1,0
IntelDAOS:DAOS-1237,IntelDAOS,DAOS-1237,0,0,0,0
Hyperledger:FAB-11630,Hyperledger,FAB-11630,0,0,0,0
Hyperledger:INDY-1607,Hyperledger,INDY-1607,1,1,1,1
Hyperledger:IS-850,Hyperledger,IS-850,0,0,0,0
Hyperledger:IS-851,Hyperledger,IS-851,0,0,0,0
Hyperledger:IS-852,Hyperledger,IS-852,1,1,1,1
Hyperledger:IS-868,Hyperledger,IS-868,1,1,1,1
Hyperledger:IS-869,Hyperledger,IS-869,0,0,0,0
Hyperledger:IS-874,Hyperledger,IS-874,1,1,1,1
Hyperledger:IS-875,Hyperledger,IS-875,1,1,1,1
Hyperledger:IS-876,Hyperledger,IS-876,1,1,1,1
IntelDAOS:DAOS-1239,IntelDAOS,DAOS-1239,1,1,1,1
Hyperledger:FAB-11653,Hyperledger,FAB-11653,0,0,0,0
Qt:QSR-321,Qt,QSR-321,0,0,0,0
Hyperledger:INDY-1522,Hyperledger,INDY-1522,0,0,0,0
IntelDAOS:DAOS-1246,IntelDAOS,DAOS-1246,1,1,1,1
IntelDAOS:DAOS-1250,IntelDAOS,DAOS-1250,0,0,0,0
Hyperledger:INDY-1613,Hyperledger,INDY-1613,1,1,1,1
Hyperledger:INDY-1615,Hyperledger,INDY-1615,1,1,1,1
Hyperledger:FAB-11668,Hyperledger,FAB-11668,0,0,0,0
Hyperledger:INDY-1636,Hyperledger,INDY-1636,0,0,0,0
Hyperledger:INDY-1639,Hyperledger,INDY-1639,0,0,0,0
MariaDB:MCOL-1644,MariaDB,MCOL-1644,0,0,0,0
Hyperledger:INDY-1637,Hyperledger,INDY-1637,0,0,0,0
IntelDAOS:DAOS-1258,IntelDAOS,DAOS-1258,0,0,0,0
IntelDAOS:DAOS-1259,IntelDAOS,DAOS-1259,1,1,0,0
Hyperledger:INDY-1642,Hyperledger,INDY-1642,0,0,0,0
Hyperledger:INDY-1643,Hyperledger,INDY-1643,0,0,0,0
IntelDAOS:DAOS-1224,IntelDAOS,DAOS-1224,0,0,0,0
Hyperledger:IS-910,Hyperledger,IS-910,0,0,0,0
IntelDAOS:CART-503,IntelDAOS,CART-503,0,0,0,0
IntelDAOS:CART-504,IntelDAOS,CART-504,0,0,0,0
IntelDAOS:CART-505,IntelDAOS,CART-505,0,0,0,0
Hyperledger:FAB-11755,Hyperledger,FAB-11755,0,0,0,0
IntelDAOS:CART-510,IntelDAOS,CART-510,0,0,0,0
IntelDAOS:CART-511,IntelDAOS,CART-511,0,0,0,0
IntelDAOS:CART-512,IntelDAOS,CART-512,0,0,0,0
Jira:CONFSERVER-52594,Jira,CONFSERVER-52594,0,0,0,0
Hyperledger:FAB-11765,Hyperledger,FAB-11765,1,1,1,1
Hyperledger:FAB-11766,Hyperledger,FAB-11766,1,1,0,0
IntelDAOS:DAOS-1297,IntelDAOS,DAOS-1297,0,0,0,0
IntelDAOS:CART-509,IntelDAOS,CART-509,0,0,0,0
IntelDAOS:DAOS-1280,IntelDAOS,DAOS-1280,0,0,0,0
IntelDAOS:DAOS-1299,IntelDAOS,DAOS-1299,1,1,0,0
IntelDAOS:DAOS-1298,IntelDAOS,DAOS-1298,0,0,0,0
IntelDAOS:DAOS-1125,IntelDAOS,DAOS-1125,0,0,0,0
IntelDAOS:DAOS-581,IntelDAOS,DAOS-581,0,0,0,0
IntelDAOS:DAOS-1300,IntelDAOS,DAOS-1300,0,0,0,0
IntelDAOS:DAOS-1301,IntelDAOS,DAOS-1301,0,0,0,0
IntelDAOS:DAOS-1302,IntelDAOS,DAOS-1302,0,0,0,0
IntelDAOS:DAOS-1303,IntelDAOS,DAOS-1303,0,0,0,0
Hyperledger:FAB-11769,Hyperledger,FAB-11769,0,0,0,0
Hyperledger:INDY-1649,Hyperledger,INDY-1649,0,0,0,0
Hyperledger:INDY-1652,Hyperledger,INDY-1652,1,1,1,1
IntelDAOS:DAOS-573,IntelDAOS,DAOS-573,1,0,0,0
IntelDAOS:DAOS-1308,IntelDAOS,DAOS-1308,0,0,0,0
Hyperledger:IS-911,Hyperledger,IS-911,0,0,0,0
IntelDAOS:DAOS-1304,IntelDAOS,DAOS-1304,0,0,0,0
IntelDAOS:DAOS-1277,IntelDAOS,DAOS-1277,0,0,0,0
IntelDAOS:DAOS-1309,IntelDAOS,DAOS-1309,0,0,0,0
Jira:FE-7086,Jira,FE-7086,0,0,0,0
MariaDB:MXS-2029,MariaDB,MXS-2029,0,0,0,0
MariaDB:MXS-2030,MariaDB,MXS-2030,0,0,0,0
Hyperledger:FAB-11783,Hyperledger,FAB-11783,0,0,0,0
MariaDB:MXS-1712,MariaDB,MXS-1712,1,1,1,1
MariaDB:MXS-1632,MariaDB,MXS-1632,0,0,0,0
MariaDB:MXS-2025,MariaDB,MXS-2025,0,0,0,0
MariaDB:MXS-1863,MariaDB,MXS-1863,0,0,0,0
IntelDAOS:DAOS-996,IntelDAOS,DAOS-996,0,0,0,0
IntelDAOS:DAOS-1311,IntelDAOS,DAOS-1311,0,0,0,0
IntelDAOS:DAOS-1312,IntelDAOS,DAOS-1312,0,0,0,0
IntelDAOS:DAOS-1313,IntelDAOS,DAOS-1313,0,0,0,0
Hyperledger:FAB-11794,Hyperledger,FAB-11794,0,0,0,0
MariaDB:MCOL-1682,MariaDB,MCOL-1682,0,0,0,0
Hyperledger:INDY-1605,Hyperledger,INDY-1605,1,1,1,1
Hyperledger:INDY-1660,Hyperledger,INDY-1660,0,0,0,0
Hyperledger:INDY-1661,Hyperledger,INDY-1661,0,0,0,0
Hyperledger:IS-917,Hyperledger,IS-917,0,0,0,0
IntelDAOS:DAOS-1260,IntelDAOS,DAOS-1260,0,0,0,0
IntelDAOS:DAOS-1287,IntelDAOS,DAOS-1287,0,0,0,0
Hyperledger:INDY-1665,Hyperledger,INDY-1665,0,0,0,0
Hyperledger:INDY-1666,Hyperledger,INDY-1666,0,0,0,0
Hyperledger:FAB-11802,Hyperledger,FAB-11802,0,0,0,0
Hyperledger:FAB-11805,Hyperledger,FAB-11805,0,0,0,0
Hyperledger:FAB-11806,Hyperledger,FAB-11806,0,0,0,0
Hyperledger:INDY-1668,Hyperledger,INDY-1668,0,0,0,0
Hyperledger:FAB-11817,Hyperledger,FAB-11817,0,0,0,0
IntelDAOS:DAOS-1261,IntelDAOS,DAOS-1261,0,0,0,0
Hyperledger:IS-863,Hyperledger,IS-863,0,0,0,0
Hyperledger:IS-912,Hyperledger,IS-912,0,0,0,0
Hyperledger:IS-899,Hyperledger,IS-899,0,0,0,0
Hyperledger:FAB-11827,Hyperledger,FAB-11827,0,0,0,0
Hyperledger:FAB-11830,Hyperledger,FAB-11830,0,0,0,0
MariaDB:MCOL-1688,MariaDB,MCOL-1688,0,0,0,0
IntelDAOS:CART-508,IntelDAOS,CART-508,0,0,0,0
Qt:AUTOSUITE-617,Qt,AUTOSUITE-617,0,0,0,0
Qt:AUTOSUITE-618,Qt,AUTOSUITE-618,0,0,0,0
Hyperledger:IS-922,Hyperledger,IS-922,0,0,0,0
MariaDB:MCOL-1661,MariaDB,MCOL-1661,0,0,0,0
Hyperledger:INDY-1563,Hyperledger,INDY-1563,1,1,1,1
Hyperledger:INDY-1679,Hyperledger,INDY-1679,1,1,1,1
Hyperledger:FAB-11860,Hyperledger,FAB-11860,0,0,0,0
Hyperledger:STL-1405,Hyperledger,STL-1405,0,0,0,0
Hyperledger:STL-1406,Hyperledger,STL-1406,0,0,0,0
Hyperledger:STL-1407,Hyperledger,STL-1407,0,0,0,0
Hyperledger:STL-1408,Hyperledger,STL-1408,0,0,0,0
Hyperledger:STL-1409,Hyperledger,STL-1409,0,0,0,0
Hyperledger:STL-1410,Hyperledger,STL-1410,0,0,0,0
Hyperledger:STL-1411,Hyperledger,STL-1411,0,0,0,0
Hyperledger:STL-1412,Hyperledger,STL-1412,0,0,0,0
Hyperledger:STL-1413,Hyperledger,STL-1413,0,0,0,0
Hyperledger:STL-1414,Hyperledger,STL-1414,0,0,0,0
Hyperledger:STL-1415,Hyperledger,STL-1415,0,0,0,0
Hyperledger:STL-1416,Hyperledger,STL-1416,0,0,0,0
IntelDAOS:DAOS-1326,IntelDAOS,DAOS-1326,0,0,0,0
Hyperledger:FAB-11870,Hyperledger,FAB-11870,0,0,0,0
Hyperledger:INDY-1680,Hyperledger,INDY-1680,0,0,0,0
Hyperledger:INDY-1681,Hyperledger,INDY-1681,0,0,0,0
Hyperledger:INDY-1673,Hyperledger,INDY-1673,0,0,0,0
Hyperledger:INDY-1674,Hyperledger,INDY-1674,1,1,1,1
Hyperledger:INDY-1667,Hyperledger,INDY-1667,0,0,0,0
Hyperledger:STL-1417,Hyperledger,STL-1417,0,0,0,0
Hyperledger:STL-1418,Hyperledger,STL-1418,0,0,0,0
Hyperledger:FAB-11893,Hyperledger,FAB-11893,0,0,0,0
IntelDAOS:DAOS-1331,IntelDAOS,DAOS-1331,0,0,0,0
Hyperledger:INDY-1686,Hyperledger,INDY-1686,1,1,1,1
Hyperledger:INDY-1687,Hyperledger,INDY-1687,0,0,0,0
Hyperledger:INDY-1688,Hyperledger,INDY-1688,1,1,1,1
Hyperledger:IS-926,Hyperledger,IS-926,0,0,0,0
Hyperledger:FAB-11896,Hyperledger,FAB-11896,0,0,0,0
MariaDB:MCOL-1698,MariaDB,MCOL-1698,0,0,0,0
Hyperledger:STL-1423,Hyperledger,STL-1423,0,0,0,0
Hyperledger:STL-1420,Hyperledger,STL-1420,0,0,0,0
Hyperledger:STL-1421,Hyperledger,STL-1421,0,0,0,0
Hyperledger:STL-1422,Hyperledger,STL-1422,1,0,0,0
Hyperledger:INDY-1690,Hyperledger,INDY-1690,1,1,1,1
Hyperledger:STL-1424,Hyperledger,STL-1424,0,0,0,0
Hyperledger:STL-1425,Hyperledger,STL-1425,0,0,0,0
Hyperledger:STL-1426,Hyperledger,STL-1426,0,0,0,0
MariaDB:MCOL-1707,MariaDB,MCOL-1707,0,0,0,0
Hyperledger:FAB-11915,Hyperledger,FAB-11915,0,0,0,0
IntelDAOS:DAOS-1354,IntelDAOS,DAOS-1354,0,0,0,0
Hyperledger:IS-927,Hyperledger,IS-927,0,0,0,0
Hyperledger:IS-928,Hyperledger,IS-928,0,0,0,0
IntelDAOS:DAOS-1355,IntelDAOS,DAOS-1355,0,0,0,0
IntelDAOS:CART-500,IntelDAOS,CART-500,0,0,0,0
Hyperledger:FAB-11925,Hyperledger,FAB-11925,0,0,0,0
Hyperledger:STL-1428,Hyperledger,STL-1428,0,0,0,0
Hyperledger:STL-1429,Hyperledger,STL-1429,1,0,0,0
IntelDAOS:DAOS-1363,IntelDAOS,DAOS-1363,0,0,0,0
IntelDAOS:DAOS-1364,IntelDAOS,DAOS-1364,1,1,0,0
IntelDAOS:DAOS-1365,IntelDAOS,DAOS-1365,0,0,0,0
IntelDAOS:DAOS-1366,IntelDAOS,DAOS-1366,0,0,0,0
IntelDAOS:DAOS-1367,IntelDAOS,DAOS-1367,0,0,0,0
IntelDAOS:DAOS-1315,IntelDAOS,DAOS-1315,0,0,0,0
IntelDAOS:DAOS-1316,IntelDAOS,DAOS-1316,0,0,0,0
Hyperledger:FAB-11940,Hyperledger,FAB-11940,0,0,0,0
IntelDAOS:DAOS-1368,IntelDAOS,DAOS-1368,0,0,0,0
Hyperledger:FAB-11941,Hyperledger,FAB-11941,1,1,1,1
Hyperledger:FAB-11942,Hyperledger,FAB-11942,1,1,1,1
Hyperledger:FAB-11943,Hyperledger,FAB-11943,1,1,1,1
IntelDAOS:DAOS-1369,IntelDAOS,DAOS-1369,0,0,0,0
Hyperledger:FAB-11948,Hyperledger,FAB-11948,0,0,0,0
Hyperledger:FAB-11949,Hyperledger,FAB-11949,0,0,0,0
Hyperledger:FAB-11951,Hyperledger,FAB-11951,0,0,0,0
IntelDAOS:DAOS-1397,IntelDAOS,DAOS-1397,0,0,0,0
IntelDAOS:DAOS-1406,IntelDAOS,DAOS-1406,0,0,0,0
IntelDAOS:DAOS-1407,IntelDAOS,DAOS-1407,1,1,0,0
IntelDAOS:DAOS-1361,IntelDAOS,DAOS-1361,0,0,0,0
IntelDAOS:DAOS-1344,IntelDAOS,DAOS-1344,0,0,0,0
IntelDAOS:DAOS-1404,IntelDAOS,DAOS-1404,0,0,0,0
IntelDAOS:DAOS-1405,IntelDAOS,DAOS-1405,1,1,0,0
IntelDAOS:DAOS-1376,IntelDAOS,DAOS-1376,0,0,0,0
IntelDAOS:DAOS-1377,IntelDAOS,DAOS-1377,0,0,0,0
IntelDAOS:DAOS-1403,IntelDAOS,DAOS-1403,0,0,0,0
IntelDAOS:DAOS-1372,IntelDAOS,DAOS-1372,0,0,0,0
IntelDAOS:DAOS-1408,IntelDAOS,DAOS-1408,0,0,0,0
Hyperledger:FAB-11955,Hyperledger,FAB-11955,0,0,0,0
Hyperledger:STL-1306,Hyperledger,STL-1306,0,0,0,0
MariaDB:MCOL-1242,MariaDB,MCOL-1242,0,0,0,0
Hyperledger:STL-1432,Hyperledger,STL-1432,0,0,0,0
MariaDB:MCOL-1713,MariaDB,MCOL-1713,0,0,0,0
IntelDAOS:DAOS-1409,IntelDAOS,DAOS-1409,0,0,0,0
Hyperledger:FAB-11175,Hyperledger,FAB-11175,0,0,0,0
Hyperledger:FAB-11287,Hyperledger,FAB-11287,0,0,0,0
Hyperledger:FAB-11292,Hyperledger,FAB-11292,0,0,0,0
Hyperledger:FAB-11293,Hyperledger,FAB-11293,0,0,0,0
Hyperledger:FAB-11295,Hyperledger,FAB-11295,0,0,0,0
IntelDAOS:DAOS-1410,IntelDAOS,DAOS-1410,1,0,0,0
Hyperledger:FAB-11524,Hyperledger,FAB-11524,0,0,0,0
Hyperledger:FAB-11526,Hyperledger,FAB-11526,0,0,0,0
Hyperledger:FAB-11286,Hyperledger,FAB-11286,0,0,0,0
Hyperledger:FAB-11296,Hyperledger,FAB-11296,0,0,0,0
Hyperledger:FAB-11297,Hyperledger,FAB-11297,0,0,0,0
Hyperledger:FAB-11300,Hyperledger,FAB-11300,0,0,0,0
Hyperledger:FAB-11299,Hyperledger,FAB-11299,0,0,0,0
Hyperledger:FAB-11343,Hyperledger,FAB-11343,0,0,0,0
MariaDB:MXS-1780,MariaDB,MXS-1780,0,0,0,0
IntelDAOS:DAOS-1416,IntelDAOS,DAOS-1416,0,0,0,0
IntelDAOS:DAOS-1419,IntelDAOS,DAOS-1419,0,0,0,0
Hyperledger:INDY-209,Hyperledger,INDY-209,0,0,0,0
MariaDB:MCOL-1574,MariaDB,MCOL-1574,0,0,0,0
MariaDB:MCOL-1719,MariaDB,MCOL-1719,0,0,0,0
Hyperledger:FAB-11991,Hyperledger,FAB-11991,0,0,0,0
Hyperledger:FAB-11992,Hyperledger,FAB-11992,0,0,0,0
Hyperledger:FAB-11993,Hyperledger,FAB-11993,0,0,0,0
Hyperledger:STL-1433,Hyperledger,STL-1433,1,1,1,0
Hyperledger:STL-1434,Hyperledger,STL-1434,1,0,0,0
Hyperledger:STL-1435,Hyperledger,STL-1435,0,0,0,0
Hyperledger:STL-1436,Hyperledger,STL-1436,0,0,0,0
Hyperledger:STL-1437,Hyperledger,STL-1437,0,0,0,0
Hyperledger:STL-1438,Hyperledger,STL-1438,0,0,0,0
Hyperledger:STL-1439,Hyperledger,STL-1439,0,0,0,0
Hyperledger:STL-1440,Hyperledger,STL-1440,0,0,0,0
Hyperledger:STL-1442,Hyperledger,STL-1442,0,0,0,0
Hyperledger:STL-1443,Hyperledger,STL-1443,0,0,0,0
Hyperledger:IS-931,Hyperledger,IS-931,1,1,1,1
IntelDAOS:DAOS-1433,IntelDAOS,DAOS-1433,0,0,0,0
Hyperledger:IS-934,Hyperledger,IS-934,0,0,0,0
Hyperledger:IS-936,Hyperledger,IS-936,0,0,0,0
Hyperledger:IS-935,Hyperledger,IS-935,1,1,0,0
Hyperledger:IS-841,Hyperledger,IS-841,1,1,1,0
Hyperledger:IS-953,Hyperledger,IS-953,1,1,1,1
Hyperledger:IS-954,Hyperledger,IS-954,0,0,0,0
Hyperledger:INDY-1704,Hyperledger,INDY-1704,0,0,0,0
Qt:AUTOSUITE-631,Qt,AUTOSUITE-631,0,0,0,0
Qt:AUTOSUITE-621,Qt,AUTOSUITE-621,0,0,0,0
Qt:AUTOSUITE-624,Qt,AUTOSUITE-624,0,0,0,0
Qt:AUTOSUITE-623,Qt,AUTOSUITE-623,0,0,0,0
Qt:AUTOSUITE-634,Qt,AUTOSUITE-634,0,0,0,0
Qt:AUTOSUITE-635,Qt,AUTOSUITE-635,1,1,1,1
Qt:AUTOSUITE-636,Qt,AUTOSUITE-636,0,0,0,0
Qt:AUTOSUITE-637,Qt,AUTOSUITE-637,0,0,0,0
Qt:AUTOSUITE-640,Qt,AUTOSUITE-640,0,0,0,0
Qt:AUTOSUITE-642,Qt,AUTOSUITE-642,0,0,0,0
Hyperledger:IS-835,Hyperledger,IS-835,0,0,0,0
Hyperledger:STL-1445,Hyperledger,STL-1445,0,0,0,0
Hyperledger:STL-1447,Hyperledger,STL-1447,0,0,0,0
Hyperledger:STL-1449,Hyperledger,STL-1449,0,0,0,0
Hyperledger:STL-1452,Hyperledger,STL-1452,0,0,0,0
Qt:QSR-349,Qt,QSR-349,0,0,0,0
IntelDAOS:DAOS-1443,IntelDAOS,DAOS-1443,0,0,0,0
Hyperledger:IS-988,Hyperledger,IS-988,0,0,0,0
Hyperledger:STL-1453,Hyperledger,STL-1453,0,0,0,0
Hyperledger:STL-1454,Hyperledger,STL-1454,0,0,0,0
IntelDAOS:DAOS-1447,IntelDAOS,DAOS-1447,0,0,0,0
Hyperledger:FAB-12086,Hyperledger,FAB-12086,0,0,0,0
IntelDAOS:DAOS-1453,IntelDAOS,DAOS-1453,0,0,0,0
IntelDAOS:DAOS-1435,IntelDAOS,DAOS-1435,0,0,0,0
Hyperledger:STL-1456,Hyperledger,STL-1456,0,0,0,0
IntelDAOS:CART-517,IntelDAOS,CART-517,0,0,0,0
IntelDAOS:CART-513,IntelDAOS,CART-513,0,0,0,0
IntelDAOS:CART-519,IntelDAOS,CART-519,0,0,0,0
IntelDAOS:CART-522,IntelDAOS,CART-522,0,0,0,0
IntelDAOS:DAOS-1438,IntelDAOS,DAOS-1438,0,0,0,0
Hyperledger:INDY-1715,Hyperledger,INDY-1715,1,1,1,1
IntelDAOS:DAOS-1472,IntelDAOS,DAOS-1472,0,0,0,0
IntelDAOS:DAOS-1471,IntelDAOS,DAOS-1471,0,0,0,0
IntelDAOS:DAOS-1473,IntelDAOS,DAOS-1473,0,0,0,0
MariaDB:MXS-1598,MariaDB,MXS-1598,0,0,0,0
MariaDB:MXS-2054,MariaDB,MXS-2054,0,0,0,0
IntelDAOS:DAOS-1474,IntelDAOS,DAOS-1474,1,1,1,0
IntelDAOS:DAOS-1463,IntelDAOS,DAOS-1463,0,0,0,0
IntelDAOS:DAOS-1455,IntelDAOS,DAOS-1455,0,0,0,0
IntelDAOS:DAOS-1460,IntelDAOS,DAOS-1460,0,0,0,0
IntelDAOS:DAOS-1459,IntelDAOS,DAOS-1459,0,0,0,0
IntelDAOS:DAOS-1475,IntelDAOS,DAOS-1475,0,0,0,0
Hyperledger:FAB-12155,Hyperledger,FAB-12155,0,0,0,0
MariaDB:MXS-2051,MariaDB,MXS-2051,0,0,0,0
MariaDB:MXS-2061,MariaDB,MXS-2061,0,0,0,0
MariaDB:MXS-2069,MariaDB,MXS-2069,0,0,0,0
MariaDB:MXS-1515,MariaDB,MXS-1515,0,0,0,0
MariaDB:MXS-2050,MariaDB,MXS-2050,0,0,0,0
MariaDB:MXS-1467,MariaDB,MXS-1467,0,0,0,0
MariaDB:MXS-2071,MariaDB,MXS-2071,0,0,0,0
MariaDB:MXS-2031,MariaDB,MXS-2031,0,0,0,0
IntelDAOS:DAOS-1489,IntelDAOS,DAOS-1489,0,0,0,0
IntelDAOS:DAOS-1328,IntelDAOS,DAOS-1328,1,0,0,0
IntelDAOS:DAOS-1461,IntelDAOS,DAOS-1461,1,1,0,0
IntelDAOS:DAOS-1476,IntelDAOS,DAOS-1476,0,0,0,0
IntelDAOS:DAOS-1493,IntelDAOS,DAOS-1493,0,0,0,0
IntelDAOS:DAOS-1483,IntelDAOS,DAOS-1483,0,0,0,0
IntelDAOS:DAOS-1467,IntelDAOS,DAOS-1467,0,0,0,0
IntelDAOS:DAOS-1320,IntelDAOS,DAOS-1320,0,0,0,0
IntelDAOS:DAOS-1494,IntelDAOS,DAOS-1494,0,0,0,0
MariaDB:MXS-1980,MariaDB,MXS-1980,0,0,0,0
IntelDAOS:DAOS-1495,IntelDAOS,DAOS-1495,0,0,0,0
IntelDAOS:DAOS-1499,IntelDAOS,DAOS-1499,0,0,0,0
IntelDAOS:DAOS-1500,IntelDAOS,DAOS-1500,0,0,0,0
IntelDAOS:DAOS-1426,IntelDAOS,DAOS-1426,0,0,0,0
Hyperledger:IS-1001,Hyperledger,IS-1001,0,0,0,0
Hyperledger:IS-1014,Hyperledger,IS-1014,0,0,0,0
Hyperledger:IS-1013,Hyperledger,IS-1013,0,0,0,0
Hyperledger:IS-1008,Hyperledger,IS-1008,0,0,0,0
IntelDAOS:DAOS-1496,IntelDAOS,DAOS-1496,1,1,1,1
Hyperledger:INDY-1717,Hyperledger,INDY-1717,0,0,0,0
Hyperledger:STL-1459,Hyperledger,STL-1459,0,0,0,0
Jira:FE-7096,Jira,FE-7096,0,0,0,0
Jira:FE-7083,Jira,FE-7083,0,0,0,0
Jira:FE-7057,Jira,FE-7057,0,0,0,0
Jira:FE-6829,Jira,FE-6829,0,0,0,0
IntelDAOS:DAOS-1262,IntelDAOS,DAOS-1262,0,0,0,0
Hyperledger:INDY-1722,Hyperledger,INDY-1722,0,0,0,0
Hyperledger:INDY-1723,Hyperledger,INDY-1723,0,0,0,0
IntelDAOS:CART-527,IntelDAOS,CART-527,0,0,0,0
MariaDB:MCOL-1731,MariaDB,MCOL-1731,0,0,0,0
Hyperledger:INDY-1733,Hyperledger,INDY-1733,0,0,0,0
MariaDB:MCOL-1754,MariaDB,MCOL-1754,0,0,0,0
Hyperledger:INDY-1734,Hyperledger,INDY-1734,0,0,0,0
IntelDAOS:DAOS-1263,IntelDAOS,DAOS-1263,0,0,0,0
IntelDAOS:DAOS-1531,IntelDAOS,DAOS-1531,0,0,0,0
IntelDAOS:DAOS-1534,IntelDAOS,DAOS-1534,0,0,0,0
IntelDAOS:DAOS-1535,IntelDAOS,DAOS-1535,1,1,1,0
MariaDB:MCOL-1759,MariaDB,MCOL-1759,0,0,0,0
IntelDAOS:DAOS-1536,IntelDAOS,DAOS-1536,0,0,0,0
IntelDAOS:DAOS-1468,IntelDAOS,DAOS-1468,0,0,0,0
Hyperledger:IS-962,Hyperledger,IS-962,0,0,0,0
IntelDAOS:DAOS-1538,IntelDAOS,DAOS-1538,0,0,0,0
Hyperledger:IS-1023,Hyperledger,IS-1023,0,0,0,0
Hyperledger:IS-1025,Hyperledger,IS-1025,1,1,0,0
Hyperledger:IS-1024,Hyperledger,IS-1024,1,1,1,1
Hyperledger:INDY-1742,Hyperledger,INDY-1742,0,0,0,0
IntelDAOS:DAOS-1469,IntelDAOS,DAOS-1469,0,0,0,0
Hyperledger:INDY-1724,Hyperledger,INDY-1724,1,1,0,0
MariaDB:MCOL-266,MariaDB,MCOL-266,0,0,0,0
IntelDAOS:CART-529,IntelDAOS,CART-529,0,0,0,0
IntelDAOS:CART-525,IntelDAOS,CART-525,0,0,0,0
IntelDAOS:DAOS-1547,IntelDAOS,DAOS-1547,1,1,1,0
MariaDB:MCOL-1671,MariaDB,MCOL-1671,0,0,0,0
IntelDAOS:DAOS-1548,IntelDAOS,DAOS-1548,0,0,0,0
IntelDAOS:DAOS-1505,IntelDAOS,DAOS-1505,0,0,0,0
IntelDAOS:DAOS-1552,IntelDAOS,DAOS-1552,0,0,0,0
IntelDAOS:DAOS-1553,IntelDAOS,DAOS-1553,0,0,0,0
IntelDAOS:DAOS-1554,IntelDAOS,DAOS-1554,0,0,0,0
IntelDAOS:DAOS-1555,IntelDAOS,DAOS-1555,0,0,0,0
IntelDAOS:DAOS-1458,IntelDAOS,DAOS-1458,0,0,0,0
IntelDAOS:DAOS-1545,IntelDAOS,DAOS-1545,0,0,0,0
IntelDAOS:DAOS-1550,IntelDAOS,DAOS-1550,0,0,0,0
MariaDB:MXS-2086,MariaDB,MXS-2086,0,0,0,0
MariaDB:MXS-2087,MariaDB,MXS-2087,0,0,0,0
MariaDB:MXS-2088,MariaDB,MXS-2088,0,0,0,0
MariaDB:MXS-2089,MariaDB,MXS-2089,0,0,0,0
MariaDB:MXS-2022,MariaDB,MXS-2022,1,1,1,1
MariaDB:MXS-2090,MariaDB,MXS-2090,0,0,0,0
MariaDB:MXS-2078,MariaDB,MXS-2078,0,0,0,0
MariaDB:MXS-2091,MariaDB,MXS-2091,0,0,0,0
MariaDB:MXS-2092,MariaDB,MXS-2092,0,0,0,0
MariaDB:MXS-2093,MariaDB,MXS-2093,0,0,0,0
MariaDB:MXS-2094,MariaDB,MXS-2094,0,0,0,0
Hyperledger:IS-939,Hyperledger,IS-939,0,0,0,0
Hyperledger:IS-940,Hyperledger,IS-940,0,0,0,0
IntelDAOS:DAOS-1329,IntelDAOS,DAOS-1329,0,0,0,0
IntelDAOS:DAOS-1470,IntelDAOS,DAOS-1470,0,0,0,0
IntelDAOS:DAOS-1551,IntelDAOS,DAOS-1551,0,0,0,0
Hyperledger:IS-1034,Hyperledger,IS-1034,0,0,0,0
Qt:AUTOSUITE-651,Qt,AUTOSUITE-651,0,0,0,0
Hyperledger:IS-1026,Hyperledger,IS-1026,0,0,0,0
Hyperledger:FAB-11302,Hyperledger,FAB-11302,0,0,0,0
Hyperledger:FAB-11409,Hyperledger,FAB-11409,1,1,1,1
Hyperledger:INDY-1622,Hyperledger,INDY-1622,0,0,0,0
Hyperledger:INDY-1623,Hyperledger,INDY-1623,0,0,0,0
Hyperledger:INDY-1753,Hyperledger,INDY-1753,0,0,0,0
Hyperledger:INDY-1683,Hyperledger,INDY-1683,0,0,0,0
Hyperledger:INDY-1682,Hyperledger,INDY-1682,1,1,0,0
Hyperledger:IS-1020,Hyperledger,IS-1020,0,0,0,0
Hyperledger:IS-1009,Hyperledger,IS-1009,0,0,0,0
Hyperledger:IS-1010,Hyperledger,IS-1010,0,0,0,0
Hyperledger:IS-1036,Hyperledger,IS-1036,0,0,0,0
Hyperledger:IS-1033,Hyperledger,IS-1033,0,0,0,0
Hyperledger:IS-1019,Hyperledger,IS-1019,0,0,0,0
Hyperledger:IS-1028,Hyperledger,IS-1028,0,0,0,0
Hyperledger:IS-967,Hyperledger,IS-967,0,0,0,0
Hyperledger:IS-968,Hyperledger,IS-968,0,0,0,0
Hyperledger:IS-969,Hyperledger,IS-969,0,0,0,0
Hyperledger:IS-1005,Hyperledger,IS-1005,0,0,0,0
Hyperledger:IS-942,Hyperledger,IS-942,0,0,0,0
Hyperledger:IS-1029,Hyperledger,IS-1029,0,0,0,0
Hyperledger:INDY-1759,Hyperledger,INDY-1759,0,0,0,0
IntelDAOS:DAOS-1569,IntelDAOS,DAOS-1569,0,0,0,0
Qt:AUTOSUITE-656,Qt,AUTOSUITE-656,0,0,0,0
Qt:AUTOSUITE-657,Qt,AUTOSUITE-657,0,0,0,0
Qt:AUTOSUITE-658,Qt,AUTOSUITE-658,0,0,0,0
Qt:AUTOSUITE-659,Qt,AUTOSUITE-659,0,0,0,0
Qt:AUTOSUITE-660,Qt,AUTOSUITE-660,0,0,0,0
Qt:AUTOSUITE-661,Qt,AUTOSUITE-661,0,0,0,0
IntelDAOS:DAOS-1571,IntelDAOS,DAOS-1571,0,0,0,0
Hyperledger:INDY-1763,Hyperledger,INDY-1763,0,0,0,0
Hyperledger:INDY-1762,Hyperledger,INDY-1762,0,0,0,0
IntelDAOS:DAOS-1576,IntelDAOS,DAOS-1576,0,0,0,0
Qt:AUTOSUITE-669,Qt,AUTOSUITE-669,0,0,0,0
Qt:AUTOSUITE-625,Qt,AUTOSUITE-625,0,0,0,0
IntelDAOS:DAOS-1579,IntelDAOS,DAOS-1579,0,0,0,0
IntelDAOS:DAOS-1573,IntelDAOS,DAOS-1573,0,0,0,0
IntelDAOS:DAOS-1437,IntelDAOS,DAOS-1437,0,0,0,0
IntelDAOS:DAOS-1572,IntelDAOS,DAOS-1572,0,0,0,0
IntelDAOS:DAOS-1436,IntelDAOS,DAOS-1436,1,0,0,0
IntelDAOS:DAOS-1581,IntelDAOS,DAOS-1581,1,1,1,0
Qt:AUTOSUITE-670,Qt,AUTOSUITE-670,0,0,0,0
MariaDB:MCOL-1158,MariaDB,MCOL-1158,0,0,0,0
Qt:QSR-369,Qt,QSR-369,0,0,0,0
IntelDAOS:DAOS-1608,IntelDAOS,DAOS-1608,0,0,0,0
IntelDAOS:DAOS-1586,IntelDAOS,DAOS-1586,0,0,0,0
IntelDAOS:DAOS-1612,IntelDAOS,DAOS-1612,0,0,0,0
IntelDAOS:DAOS-1613,IntelDAOS,DAOS-1613,0,0,0,0
IntelDAOS:DAOS-1614,IntelDAOS,DAOS-1614,1,0,0,0
IntelDAOS:DAOS-1615,IntelDAOS,DAOS-1615,0,0,0,0
IntelDAOS:DAOS-1616,IntelDAOS,DAOS-1616,0,0,0,0
IntelDAOS:DAOS-1617,IntelDAOS,DAOS-1617,0,0,0,0
IntelDAOS:DAOS-1611,IntelDAOS,DAOS-1611,0,0,0,0
IntelDAOS:DAOS-1618,IntelDAOS,DAOS-1618,0,0,0,0
IntelDAOS:DAOS-1623,IntelDAOS,DAOS-1623,0,0,0,0
IntelDAOS:DAOS-1622,IntelDAOS,DAOS-1622,0,0,0,0
IntelDAOS:DAOS-1627,IntelDAOS,DAOS-1627,0,0,0,0
IntelDAOS:DAOS-1610,IntelDAOS,DAOS-1610,0,0,0,0
IntelDAOS:DAOS-1636,IntelDAOS,DAOS-1636,0,0,0,0
IntelDAOS:DAOS-1637,IntelDAOS,DAOS-1637,0,0,0,0
IntelDAOS:DAOS-1631,IntelDAOS,DAOS-1631,1,1,0,0
Hyperledger:IS-963,Hyperledger,IS-963,0,0,0,0
Hyperledger:INDY-1726,Hyperledger,INDY-1726,0,0,0,0
Hyperledger:INDY-1769,Hyperledger,INDY-1769,0,0,0,0
Hyperledger:INDY-1770,Hyperledger,INDY-1770,1,1,1,1
Hyperledger:INDY-1772,Hyperledger,INDY-1772,0,0,0,0
Hyperledger:INDY-1773,Hyperledger,INDY-1773,1,0,0,0
Hyperledger:INDY-1774,Hyperledger,INDY-1774,0,0,0,0
Hyperledger:INDY-1775,Hyperledger,INDY-1775,0,0,0,0
Hyperledger:INDY-1776,Hyperledger,INDY-1776,0,0,0,0
Hyperledger:FAB-12601,Hyperledger,FAB-12601,1,0,0,0
Jira:FE-7130,Jira,FE-7130,0,0,0,0
Hyperledger:IS-1042,Hyperledger,IS-1042,0,0,0,0
Hyperledger:FAB-12602,Hyperledger,FAB-12602,1,0,0,0
Hyperledger:INDY-1780,Hyperledger,INDY-1780,0,0,0,0
Hyperledger:INDY-1771,Hyperledger,INDY-1771,0,0,0,0
Hyperledger:IS-983,Hyperledger,IS-983,0,0,0,0
Hyperledger:INDY-1792,Hyperledger,INDY-1792,0,0,0,0
IntelDAOS:DAOS-1651,IntelDAOS,DAOS-1651,0,0,0,0
Hyperledger:FAB-12637,Hyperledger,FAB-12637,0,0,0,0
MariaDB:MCOL-1642,MariaDB,MCOL-1642,0,0,0,0
Hyperledger:FAB-12651,Hyperledger,FAB-12651,1,0,0,0
Hyperledger:FAB-12652,Hyperledger,FAB-12652,0,0,0,0
MariaDB:MXS-2126,MariaDB,MXS-2126,0,0,0,0
MariaDB:MXS-2127,MariaDB,MXS-2127,0,0,0,0
MariaDB:MXS-2128,MariaDB,MXS-2128,0,0,0,0
MariaDB:MXS-1984,MariaDB,MXS-1984,0,0,0,0
MariaDB:MXS-2125,MariaDB,MXS-2125,0,0,0,0
MariaDB:MXS-2124,MariaDB,MXS-2124,0,0,0,0
MariaDB:MXS-2057,MariaDB,MXS-2057,0,0,0,0
Hyperledger:INDY-1795,Hyperledger,INDY-1795,0,0,0,0
IntelDAOS:DAOS-1249,IntelDAOS,DAOS-1249,0,0,0,0
IntelDAOS:DAOS-1248,IntelDAOS,DAOS-1248,0,0,0,0
IntelDAOS:DAOS-1667,IntelDAOS,DAOS-1667,0,0,0,0
MariaDB:MCOL-1774,MariaDB,MCOL-1774,0,0,0,0
Hyperledger:INDY-1813,Hyperledger,INDY-1813,0,0,0,0
Hyperledger:FAB-12688,Hyperledger,FAB-12688,0,0,0,0
IntelDAOS:DAOS-1657,IntelDAOS,DAOS-1657,0,0,0,0
IntelDAOS:DAOS-1662,IntelDAOS,DAOS-1662,1,1,1,1
MariaDB:MXS-2134,MariaDB,MXS-2134,0,0,0,0
MariaDB:MXS-2135,MariaDB,MXS-2135,0,0,0,0
IntelDAOS:DAOS-1701,IntelDAOS,DAOS-1701,0,0,0,0
IntelDAOS:DAOS-1706,IntelDAOS,DAOS-1706,0,0,0,0
IntelDAOS:DAOS-1708,IntelDAOS,DAOS-1708,0,0,0,0
IntelDAOS:DAOS-1600,IntelDAOS,DAOS-1600,0,0,0,0
MariaDB:MCOL-1816,MariaDB,MCOL-1816,0,0,0,0
IntelDAOS:CART-538,IntelDAOS,CART-538,0,0,0,0
IntelDAOS:CART-539,IntelDAOS,CART-539,0,0,0,0
IntelDAOS:CART-540,IntelDAOS,CART-540,0,0,0,0
MariaDB:MCOL-1804,MariaDB,MCOL-1804,0,0,0,0
IntelDAOS:DAOS-1465,IntelDAOS,DAOS-1465,0,0,0,0
IntelDAOS:DAOS-1724,IntelDAOS,DAOS-1724,0,0,0,0
IntelDAOS:DAOS-1725,IntelDAOS,DAOS-1725,1,1,1,1
IntelDAOS:DAOS-1560,IntelDAOS,DAOS-1560,0,0,0,0
IntelDAOS:DAOS-1726,IntelDAOS,DAOS-1726,0,0,0,0
IntelDAOS:DAOS-1727,IntelDAOS,DAOS-1727,0,0,0,0
IntelDAOS:DAOS-1729,IntelDAOS,DAOS-1729,0,0,0,0
IntelDAOS:DAOS-1730,IntelDAOS,DAOS-1730,0,0,0,0
IntelDAOS:DAOS-1731,IntelDAOS,DAOS-1731,1,0,0,0
IntelDAOS:DAOS-1601,IntelDAOS,DAOS-1601,0,0,0,0
IntelDAOS:DAOS-1736,IntelDAOS,DAOS-1736,0,0,0,0
IntelDAOS:DAOS-1735,IntelDAOS,DAOS-1735,0,0,0,0
IntelDAOS:DAOS-1738,IntelDAOS,DAOS-1738,0,0,0,0
Hyperledger:INDY-1784,Hyperledger,INDY-1784,1,1,1,0
IntelDAOS:DAOS-1742,IntelDAOS,DAOS-1742,1,0,0,0
IntelDAOS:DAOS-1739,IntelDAOS,DAOS-1739,0,0,0,0
IntelDAOS:DAOS-1264,IntelDAOS,DAOS-1264,1,1,1,1
IntelDAOS:DAOS-1719,IntelDAOS,DAOS-1719,0,0,0,0
IntelDAOS:DAOS-1723,IntelDAOS,DAOS-1723,0,0,0,0
IntelDAOS:DAOS-1734,IntelDAOS,DAOS-1734,0,0,0,0
IntelDAOS:DAOS-1639,IntelDAOS,DAOS-1639,0,0,0,0
Hyperledger:INDY-1821,Hyperledger,INDY-1821,0,0,0,0
IntelDAOS:DAOS-1747,IntelDAOS,DAOS-1747,0,0,0,0
Hyperledger:INDY-1822,Hyperledger,INDY-1822,1,1,0,0
Hyperledger:INDY-1713,Hyperledger,INDY-1713,1,1,1,0
MariaDB:MXS-2149,MariaDB,MXS-2149,0,0,0,0
Hyperledger:INDY-1756,Hyperledger,INDY-1756,0,0,0,0
IntelDAOS:DAOS-1427,IntelDAOS,DAOS-1427,0,0,0,0
IntelDAOS:DAOS-1764,IntelDAOS,DAOS-1764,0,0,0,0
IntelDAOS:DAOS-5020,IntelDAOS,DAOS-5020,0,0,0,0
MariaDB:MCOL-1817,MariaDB,MCOL-1817,0,0,0,0
IntelDAOS:DAOS-1769,IntelDAOS,DAOS-1769,1,1,1,1
IntelDAOS:DAOS-1758,IntelDAOS,DAOS-1758,0,0,0,0
MariaDB:MCOL-1809,MariaDB,MCOL-1809,1,1,1,0
Hyperledger:INDY-1835,Hyperledger,INDY-1835,1,0,0,0
Hyperledger:INDY-1836,Hyperledger,INDY-1836,0,0,0,0
Hyperledger:IS-1063,Hyperledger,IS-1063,0,0,0,0
Hyperledger:IS-1037,Hyperledger,IS-1037,1,1,1,1
Hyperledger:IS-1032,Hyperledger,IS-1032,0,0,0,0
Hyperledger:IS-1030,Hyperledger,IS-1030,0,0,0,0
Hyperledger:IS-1066,Hyperledger,IS-1066,1,1,1,1
Hyperledger:IS-1067,Hyperledger,IS-1067,0,0,0,0
Hyperledger:IS-1031,Hyperledger,IS-1031,0,0,0,0
MariaDB:MXS-2154,MariaDB,MXS-2154,0,0,0,0
Hyperledger:INDY-1747,Hyperledger,INDY-1747,0,0,0,0
Hyperledger:INDY-1826,Hyperledger,INDY-1826,0,0,0,0
Hyperledger:INDY-1828,Hyperledger,INDY-1828,1,1,1,1
MariaDB:MXS-2155,MariaDB,MXS-2155,0,0,0,0
Hyperledger:INDY-1626,Hyperledger,INDY-1626,1,1,1,1
Hyperledger:IS-1068,Hyperledger,IS-1068,1,1,1,1
Hyperledger:INDY-1839,Hyperledger,INDY-1839,1,1,1,1
Hyperledger:IS-1069,Hyperledger,IS-1069,0,0,0,0
Hyperledger:IS-1070,Hyperledger,IS-1070,0,0,0,0
MariaDB:MCOL-1362,MariaDB,MCOL-1362,0,0,0,0
MariaDB:MXS-2077,MariaDB,MXS-2077,0,0,0,0
IntelDAOS:DAOS-1695,IntelDAOS,DAOS-1695,1,0,0,0
Hyperledger:IS-1072,Hyperledger,IS-1072,1,0,0,0
MariaDB:MCOL-1739,MariaDB,MCOL-1739,0,0,0,0
IntelDAOS:DAOS-1788,IntelDAOS,DAOS-1788,0,0,0,0
IntelDAOS:DAOS-1793,IntelDAOS,DAOS-1793,0,0,0,0
MariaDB:MXS-2146,MariaDB,MXS-2146,0,0,0,0
MariaDB:MXS-2120,MariaDB,MXS-2120,0,0,0,0
MariaDB:MXS-2160,MariaDB,MXS-2160,0,0,0,0
MariaDB:MXS-1976,MariaDB,MXS-1976,0,0,0,0
MariaDB:MXS-2163,MariaDB,MXS-2163,0,0,0,0
MariaDB:MXS-2164,MariaDB,MXS-2164,0,0,0,0
IntelDAOS:DAOS-1795,IntelDAOS,DAOS-1795,0,0,0,0
Hyperledger:FAB-12849,Hyperledger,FAB-12849,0,0,0,0
IntelDAOS:CART-545,IntelDAOS,CART-545,0,0,0,0
Hyperledger:INDY-1846,Hyperledger,INDY-1846,0,0,0,0
IntelDAOS:DAOS-1802,IntelDAOS,DAOS-1802,0,0,0,0
Hyperledger:IS-1077,Hyperledger,IS-1077,0,0,0,0
MariaDB:MCOL-1743,MariaDB,MCOL-1743,0,0,0,0
MariaDB:MCOL-1740,MariaDB,MCOL-1740,0,0,0,0
Hyperledger:INDY-1843,Hyperledger,INDY-1843,0,0,0,0
Hyperledger:INDY-1728,Hyperledger,INDY-1728,0,0,0,0
Hyperledger:INDY-1729,Hyperledger,INDY-1729,1,1,1,0
Hyperledger:INDY-1851,Hyperledger,INDY-1851,1,1,1,0
MariaDB:MXS-2168,MariaDB,MXS-2168,0,0,0,0
Hyperledger:FAB-12887,Hyperledger,FAB-12887,0,0,0,0
Hyperledger:FAB-12888,Hyperledger,FAB-12888,0,0,0,0
Hyperledger:IS-1071,Hyperledger,IS-1071,0,0,0,0
Hyperledger:IS-1061,Hyperledger,IS-1061,0,0,0,0
MariaDB:MCOL-1944,MariaDB,MCOL-1944,0,0,0,0
Hyperledger:FAB-12895,Hyperledger,FAB-12895,1,1,1,1
IntelDAOS:DAOS-1794,IntelDAOS,DAOS-1794,0,0,0,0
IntelDAOS:DAOS-1818,IntelDAOS,DAOS-1818,0,0,0,0
IntelDAOS:CART-549,IntelDAOS,CART-549,0,0,0,0
Hyperledger:IS-1087,Hyperledger,IS-1087,0,0,0,0
Jira:FE-7137,Jira,FE-7137,1,1,1,1
Jira:FE-7138,Jira,FE-7138,1,1,1,1
Jira:FE-7139,Jira,FE-7139,1,1,1,1
Hyperledger:IS-1088,Hyperledger,IS-1088,0,0,0,0
Jira:FE-7140,Jira,FE-7140,1,1,1,1
IntelDAOS:DAOS-1821,IntelDAOS,DAOS-1821,0,0,0,0
Hyperledger:INDY-1829,Hyperledger,INDY-1829,0,0,0,0
MariaDB:MCOL-1094,MariaDB,MCOL-1094,0,0,0,0
MariaDB:MCOL-1790,MariaDB,MCOL-1790,0,0,0,0
MariaDB:MCOL-1822,MariaDB,MCOL-1822,0,0,0,0
MariaDB:MCOL-1889,MariaDB,MCOL-1889,0,0,0,0
IntelDAOS:DAOS-1823,IntelDAOS,DAOS-1823,0,0,0,0
IntelDAOS:DAOS-1760,IntelDAOS,DAOS-1760,0,0,0,0
IntelDAOS:DAOS-1820,IntelDAOS,DAOS-1820,0,0,0,0
IntelDAOS:DAOS-1498,IntelDAOS,DAOS-1498,1,1,1,1
IntelDAOS:DAOS-1765,IntelDAOS,DAOS-1765,0,0,0,0
IntelDAOS:DAOS-1829,IntelDAOS,DAOS-1829,0,0,0,0
IntelDAOS:DAOS-1831,IntelDAOS,DAOS-1831,0,0,0,0
IntelDAOS:DAOS-1833,IntelDAOS,DAOS-1833,0,0,0,0
IntelDAOS:DAOS-1832,IntelDAOS,DAOS-1832,0,0,0,0
IntelDAOS:DAOS-1841,IntelDAOS,DAOS-1841,0,0,0,0
IntelDAOS:DAOS-1840,IntelDAOS,DAOS-1840,0,0,0,0
IntelDAOS:DAOS-1842,IntelDAOS,DAOS-1842,0,0,0,0
MariaDB:MCOL-1844,MariaDB,MCOL-1844,0,0,0,0
MariaDB:MCOL-1952,MariaDB,MCOL-1952,0,0,0,0
Hyperledger:FAB-12950,Hyperledger,FAB-12950,0,0,0,0
MariaDB:MCOL-1866,MariaDB,MCOL-1866,0,0,0,0
Hyperledger:FAB-12951,Hyperledger,FAB-12951,0,0,0,0
Hyperledger:FAB-12956,Hyperledger,FAB-12956,0,0,0,0
IntelDAOS:DAOS-1782,IntelDAOS,DAOS-1782,0,0,0,0
Hyperledger:INDY-1866,Hyperledger,INDY-1866,0,0,0,0
Hyperledger:FAB-12964,Hyperledger,FAB-12964,0,0,0,0
Hyperledger:FAB-12967,Hyperledger,FAB-12967,1,1,1,1
IntelDAOS:DAOS-1679,IntelDAOS,DAOS-1679,0,0,0,0
IntelDAOS:DAOS-1665,IntelDAOS,DAOS-1665,0,0,0,0
IntelDAOS:DAOS-1666,IntelDAOS,DAOS-1666,0,0,0,0
IntelDAOS:DAOS-1247,IntelDAOS,DAOS-1247,0,0,0,0
IntelDAOS:CART-552,IntelDAOS,CART-552,0,0,0,0
Hyperledger:INDY-1868,Hyperledger,INDY-1868,0,0,0,0
Hyperledger:INDY-1869,Hyperledger,INDY-1869,0,0,0,0
Hyperledger:INDY-1870,Hyperledger,INDY-1870,0,0,0,0
Hyperledger:FAB-12969,Hyperledger,FAB-12969,1,0,0,0
Hyperledger:INDY-1785,Hyperledger,INDY-1785,0,0,0,0
Hyperledger:INDY-1854,Hyperledger,INDY-1854,0,0,0,0
Hyperledger:INDY-1841,Hyperledger,INDY-1841,0,0,0,0
Hyperledger:INDY-1814,Hyperledger,INDY-1814,0,0,0,0
Hyperledger:IS-1086,Hyperledger,IS-1086,0,0,0,0
Hyperledger:IS-1091,Hyperledger,IS-1091,0,0,0,0
Hyperledger:IS-1092,Hyperledger,IS-1092,0,0,0,0
Hyperledger:IS-1093,Hyperledger,IS-1093,0,0,0,0
Jira:FE-7141,Jira,FE-7141,0,0,0,0
IntelDAOS:DAOS-1849,IntelDAOS,DAOS-1849,0,0,0,0
Hyperledger:INDY-967,Hyperledger,INDY-967,0,0,0,0
MariaDB:MXS-2195,MariaDB,MXS-2195,0,0,0,0
MariaDB:MXS-2196,MariaDB,MXS-2196,0,0,0,0
MariaDB:MXS-2197,MariaDB,MXS-2197,0,0,0,0
MariaDB:MXS-2112,MariaDB,MXS-2112,0,0,0,0
MariaDB:MXS-2192,MariaDB,MXS-2192,0,0,0,0
MariaDB:MXS-2169,MariaDB,MXS-2169,0,0,0,0
IntelDAOS:DAOS-1423,IntelDAOS,DAOS-1423,1,1,1,0
IntelDAOS:DAOS-655,IntelDAOS,DAOS-655,0,0,0,0
IntelDAOS:DAOS-1682,IntelDAOS,DAOS-1682,0,0,0,0
IntelDAOS:DAOS-1858,IntelDAOS,DAOS-1858,0,0,0,0
IntelDAOS:DAOS-1775,IntelDAOS,DAOS-1775,0,0,0,0
IntelDAOS:DAOS-654,IntelDAOS,DAOS-654,0,0,0,0
Qt:AUTOSUITE-708,Qt,AUTOSUITE-708,0,0,0,0
IntelDAOS:DAOS-1857,IntelDAOS,DAOS-1857,0,0,0,0
Hyperledger:FAB-13038,Hyperledger,FAB-13038,0,0,0,0
Hyperledger:FAB-13039,Hyperledger,FAB-13039,0,0,0,0
Hyperledger:FAB-13040,Hyperledger,FAB-13040,0,0,0,0
Hyperledger:FAB-13041,Hyperledger,FAB-13041,1,1,1,1
Hyperledger:INDY-1882,Hyperledger,INDY-1882,0,0,0,0
Hyperledger:INDY-1788,Hyperledger,INDY-1788,0,0,0,0
IntelDAOS:DAOS-1875,IntelDAOS,DAOS-1875,0,0,0,0
Hyperledger:INDY-1874,Hyperledger,INDY-1874,0,0,0,0
IntelDAOS:DAOS-1658,IntelDAOS,DAOS-1658,0,0,0,0
IntelDAOS:DAOS-1878,IntelDAOS,DAOS-1878,0,0,0,0
Hyperledger:FAB-13090,Hyperledger,FAB-13090,0,0,0,0
IntelDAOS:DAOS-1881,IntelDAOS,DAOS-1881,0,0,0,0
Hyperledger:IS-950,Hyperledger,IS-950,0,0,0,0
MariaDB:MXS-2205,MariaDB,MXS-2205,0,0,0,0
Hyperledger:INDY-1888,Hyperledger,INDY-1888,0,0,0,0
Hyperledger:INDY-1881,Hyperledger,INDY-1881,0,0,0,0
IntelDAOS:DAOS-1835,IntelDAOS,DAOS-1835,0,0,0,0
IntelDAOS:DAOS-1836,IntelDAOS,DAOS-1836,0,0,0,0
IntelDAOS:DAOS-1853,IntelDAOS,DAOS-1853,0,0,0,0
IntelDAOS:DAOS-1895,IntelDAOS,DAOS-1895,0,0,0,0
IntelDAOS:DAOS-1896,IntelDAOS,DAOS-1896,0,0,0,0
IntelDAOS:DAOS-1897,IntelDAOS,DAOS-1897,1,1,0,0
IntelDAOS:DAOS-1843,IntelDAOS,DAOS-1843,0,0,0,0
IntelDAOS:DAOS-1899,IntelDAOS,DAOS-1899,0,0,0,0
IntelDAOS:DAOS-1898,IntelDAOS,DAOS-1898,0,0,0,0
IntelDAOS:DAOS-1819,IntelDAOS,DAOS-1819,0,0,0,0
IntelDAOS:DAOS-1901,IntelDAOS,DAOS-1901,0,0,0,0
IntelDAOS:DAOS-1902,IntelDAOS,DAOS-1902,0,0,0,0
IntelDAOS:DAOS-1512,IntelDAOS,DAOS-1512,0,0,0,0
IntelDAOS:DAOS-1906,IntelDAOS,DAOS-1906,0,0,0,0
Hyperledger:IS-952,Hyperledger,IS-952,0,0,0,0
IntelDAOS:DAOS-1903,IntelDAOS,DAOS-1903,0,0,0,0
IntelDAOS:DAOS-1715,IntelDAOS,DAOS-1715,0,0,0,0
Hyperledger:INDY-1883,Hyperledger,INDY-1883,0,0,0,0
Hyperledger:INDY-1876,Hyperledger,INDY-1876,0,0,0,0
Hyperledger:INDY-1879,Hyperledger,INDY-1879,0,0,0,0
Hyperledger:INDY-1847,Hyperledger,INDY-1847,0,0,0,0
Hyperledger:INDY-1730,Hyperledger,INDY-1730,0,0,0,0
Hyperledger:INDY-1856,Hyperledger,INDY-1856,0,0,0,0
Hyperledger:INDY-1857,Hyperledger,INDY-1857,0,0,0,0
Hyperledger:IS-951,Hyperledger,IS-951,0,0,0,0
IntelDAOS:DAOS-1908,IntelDAOS,DAOS-1908,0,0,0,0
Hyperledger:IS-1101,Hyperledger,IS-1101,0,0,0,0
Hyperledger:IS-946,Hyperledger,IS-946,1,1,1,1
Hyperledger:IS-948,Hyperledger,IS-948,0,0,0,0
Hyperledger:IS-1073,Hyperledger,IS-1073,0,0,0,0
Hyperledger:IS-949,Hyperledger,IS-949,0,0,0,0
Hyperledger:IS-947,Hyperledger,IS-947,0,0,0,0
Hyperledger:IS-719,Hyperledger,IS-719,0,0,0,0
Hyperledger:INDY-1897,Hyperledger,INDY-1897,1,1,1,1
Hyperledger:INDY-1877,Hyperledger,INDY-1877,0,0,0,0
Hyperledger:INDY-1840,Hyperledger,INDY-1840,0,0,0,0
Jira:CONFSERVER-56316,Jira,CONFSERVER-56316,1,1,1,1
Jira:FE-7145,Jira,FE-7145,0,0,0,0
Jira:FE-7146,Jira,FE-7146,1,1,1,1
Hyperledger:IS-1106,Hyperledger,IS-1106,0,0,0,0
IntelDAOS:DAOS-1913,IntelDAOS,DAOS-1913,0,0,0,0
Hyperledger:INDY-1898,Hyperledger,INDY-1898,0,0,0,0
Hyperledger:IS-1104,Hyperledger,IS-1104,0,0,0,0
Hyperledger:IS-1035,Hyperledger,IS-1035,0,0,0,0
Hyperledger:IS-1103,Hyperledger,IS-1103,0,0,0,0
Hyperledger:INDY-1902,Hyperledger,INDY-1902,0,0,0,0
Jira:CONFSERVER-56317,Jira,CONFSERVER-56317,0,0,0,0
MariaDB:MCOL-2005,MariaDB,MCOL-2005,1,1,0,0
MariaDB:MCOL-2013,MariaDB,MCOL-2013,0,0,0,0
IntelDAOS:DAOS-1862,IntelDAOS,DAOS-1862,0,0,0,0
MariaDB:MXS-2218,MariaDB,MXS-2218,0,0,0,0
MariaDB:MXS-2219,MariaDB,MXS-2219,0,0,0,0
MariaDB:MXS-2220,MariaDB,MXS-2220,0,0,0,0
MariaDB:MXS-2208,MariaDB,MXS-2208,0,0,0,0
Hyperledger:INDY-1906,Hyperledger,INDY-1906,0,0,0,0
IntelDAOS:DAOS-1921,IntelDAOS,DAOS-1921,0,0,0,0
IntelDAOS:DAOS-1922,IntelDAOS,DAOS-1922,0,0,0,0
Hyperledger:INDY-1909,Hyperledger,INDY-1909,0,0,0,0
Hyperledger:INDY-1912,Hyperledger,INDY-1912,0,0,0,0
Hyperledger:IS-1112,Hyperledger,IS-1112,1,1,1,1
IntelDAOS:CART-564,IntelDAOS,CART-564,1,1,1,1
IntelDAOS:CART-524,IntelDAOS,CART-524,0,0,0,0
IntelDAOS:CART-566,IntelDAOS,CART-566,0,0,0,0
IntelDAOS:CART-557,IntelDAOS,CART-557,0,0,0,0
IntelDAOS:DAOS-1837,IntelDAOS,DAOS-1837,0,0,0,0
IntelDAOS:DAOS-1834,IntelDAOS,DAOS-1834,1,0,0,0
IntelDAOS:DAOS-1839,IntelDAOS,DAOS-1839,0,0,0,0
IntelDAOS:DAOS-1948,IntelDAOS,DAOS-1948,0,0,0,0
Hyperledger:FAB-13314,Hyperledger,FAB-13314,1,1,1,1
IntelDAOS:DAOS-1893,IntelDAOS,DAOS-1893,0,0,0,0
IntelDAOS:DAOS-1954,IntelDAOS,DAOS-1954,0,0,0,0
IntelDAOS:DAOS-1950,IntelDAOS,DAOS-1950,0,0,0,0
IntelDAOS:DAOS-1952,IntelDAOS,DAOS-1952,0,0,0,0
IntelDAOS:DAOS-1951,IntelDAOS,DAOS-1951,0,0,0,0
IntelDAOS:DAOS-1955,IntelDAOS,DAOS-1955,0,0,0,0
IntelDAOS:DAOS-1937,IntelDAOS,DAOS-1937,0,0,0,0
IntelDAOS:DAOS-1933,IntelDAOS,DAOS-1933,0,0,0,0
IntelDAOS:DAOS-1940,IntelDAOS,DAOS-1940,0,0,0,0
IntelDAOS:DAOS-1959,IntelDAOS,DAOS-1959,0,0,0,0
Hyperledger:FAB-13328,Hyperledger,FAB-13328,0,0,0,0
Hyperledger:FAB-13329,Hyperledger,FAB-13329,0,0,0,0
IntelDAOS:DAOS-1604,IntelDAOS,DAOS-1604,0,0,0,0
IntelDAOS:DAOS-653,IntelDAOS,DAOS-653,0,0,0,0
IntelDAOS:DAOS-657,IntelDAOS,DAOS-657,1,1,1,1
IntelDAOS:DAOS-658,IntelDAOS,DAOS-658,0,0,0,0
IntelDAOS:DAOS-647,IntelDAOS,DAOS-647,1,1,1,1
IntelDAOS:DAOS-1659,IntelDAOS,DAOS-1659,1,1,1,1
IntelDAOS:DAOS-1962,IntelDAOS,DAOS-1962,0,0,0,0
IntelDAOS:DAOS-1953,IntelDAOS,DAOS-1953,0,0,0,0
IntelDAOS:DAOS-1964,IntelDAOS,DAOS-1964,0,0,0,0
Hyperledger:FAB-13356,Hyperledger,FAB-13356,0,0,0,0
Hyperledger:INDY-1923,Hyperledger,INDY-1923,0,0,0,0
Hyperledger:INDY-1924,Hyperledger,INDY-1924,0,0,0,0
IntelDAOS:DAOS-1737,IntelDAOS,DAOS-1737,0,0,0,0
Hyperledger:INDY-1914,Hyperledger,INDY-1914,0,0,0,0
Hyperledger:INDY-1911,Hyperledger,INDY-1911,0,0,0,0
Hyperledger:INDY-1916,Hyperledger,INDY-1916,1,1,1,1
Hyperledger:INDY-1858,Hyperledger,INDY-1858,0,0,0,0
Hyperledger:INDY-1859,Hyperledger,INDY-1859,1,0,0,0
Hyperledger:INDY-1554,Hyperledger,INDY-1554,1,1,1,0
Hyperledger:INDY-1915,Hyperledger,INDY-1915,0,0,0,0
Hyperledger:IS-1117,Hyperledger,IS-1117,0,0,0,0
Hyperledger:IS-1118,Hyperledger,IS-1118,1,1,1,1
IntelDAOS:DAOS-1969,IntelDAOS,DAOS-1969,0,0,0,0
IntelDAOS:DAOS-1939,IntelDAOS,DAOS-1939,1,1,1,1
Hyperledger:INDY-1860,Hyperledger,INDY-1860,0,0,0,0
Hyperledger:INDY-1925,Hyperledger,INDY-1925,0,0,0,0
Hyperledger:IS-1120,Hyperledger,IS-1120,0,0,0,0
Hyperledger:IS-511,Hyperledger,IS-511,0,0,0,0
Hyperledger:IS-1122,Hyperledger,IS-1122,0,0,0,0
IntelDAOS:DAOS-1972,IntelDAOS,DAOS-1972,0,0,0,0
Hyperledger:IS-1123,Hyperledger,IS-1123,0,0,0,0
IntelDAOS:DAOS-1981,IntelDAOS,DAOS-1981,0,0,0,0
Hyperledger:INDY-1928,Hyperledger,INDY-1928,0,0,0,0
IntelDAOS:DAOS-1266,IntelDAOS,DAOS-1266,0,0,0,0
IntelDAOS:DAOS-1267,IntelDAOS,DAOS-1267,0,0,0,0
IntelDAOS:DAOS-1986,IntelDAOS,DAOS-1986,0,0,0,0
MariaDB:MXS-2236,MariaDB,MXS-2236,0,0,0,0
Qt:AUTOSUITE-732,Qt,AUTOSUITE-732,0,0,0,0
Hyperledger:FAB-13531,Hyperledger,FAB-13531,1,1,1,1
MariaDB:MCOL-2068,MariaDB,MCOL-2068,0,0,0,0
MariaDB:MCOL-1961,MariaDB,MCOL-1961,0,0,0,0
IntelDAOS:DAOS-1993,IntelDAOS,DAOS-1993,0,0,0,0
IntelDAOS:DAOS-1992,IntelDAOS,DAOS-1992,0,0,0,0
Qt:QSR-395,Qt,QSR-395,0,0,0,0
MariaDB:MXS-2165,MariaDB,MXS-2165,1,1,1,1
MariaDB:MXS-2244,MariaDB,MXS-2244,0,0,0,0
IntelDAOS:DAOS-1994,IntelDAOS,DAOS-1994,1,1,1,1
MariaDB:MXS-2223,MariaDB,MXS-2223,0,0,0,0
MariaDB:MXS-2226,MariaDB,MXS-2226,0,0,0,0
MariaDB:MXS-2161,MariaDB,MXS-2161,0,0,0,0
IntelDAOS:DAOS-1995,IntelDAOS,DAOS-1995,0,0,0,0
IntelDAOS:DAOS-1967,IntelDAOS,DAOS-1967,0,0,0,0
Hyperledger:IS-1115,Hyperledger,IS-1115,0,0,0,0
IntelDAOS:DAOS-1999,IntelDAOS,DAOS-1999,0,0,0,0
Hyperledger:IS-1127,Hyperledger,IS-1127,0,0,0,0
Hyperledger:FAB-13621,Hyperledger,FAB-13621,0,0,0,0
Hyperledger:FAB-13622,Hyperledger,FAB-13622,0,0,0,0
Hyperledger:FAB-13625,Hyperledger,FAB-13625,0,0,0,0
Hyperledger:FAB-13632,Hyperledger,FAB-13632,0,0,0,0
Hyperledger:FAB-13640,Hyperledger,FAB-13640,0,0,0,0
Hyperledger:FAB-13649,Hyperledger,FAB-13649,0,0,0,0
Hyperledger:FAB-13650,Hyperledger,FAB-13650,0,0,0,0
Hyperledger:FAB-13657,Hyperledger,FAB-13657,0,0,0,0
Hyperledger:FAB-13680,Hyperledger,FAB-13680,0,0,0,0
Hyperledger:FAB-13693,Hyperledger,FAB-13693,0,0,0,0
Hyperledger:IS-1142,Hyperledger,IS-1142,0,0,0,0
Hyperledger:IS-1131,Hyperledger,IS-1131,0,0,0,0
Hyperledger:IS-1144,Hyperledger,IS-1144,1,1,1,1
Hyperledger:IS-1125,Hyperledger,IS-1125,0,0,0,0
MariaDB:MCOL-2084,MariaDB,MCOL-2084,1,0,0,0
Hyperledger:INDY-1937,Hyperledger,INDY-1937,0,0,0,0
Hyperledger:INDY-1944,Hyperledger,INDY-1944,0,0,0,0
Hyperledger:INDY-1945,Hyperledger,INDY-1945,0,0,0,0
Hyperledger:INDY-1946,Hyperledger,INDY-1946,0,0,0,0
Hyperledger:FAB-13706,Hyperledger,FAB-13706,0,0,0,0
Hyperledger:FAB-13708,Hyperledger,FAB-13708,0,0,0,0
IntelDAOS:DAOS-2031,IntelDAOS,DAOS-2031,0,0,0,0
Hyperledger:FAB-13726,Hyperledger,FAB-13726,0,0,0,0
Hyperledger:FAB-13727,Hyperledger,FAB-13727,0,0,0,0
Hyperledger:FAB-13729,Hyperledger,FAB-13729,0,0,0,0
Hyperledger:FAB-103,Hyperledger,FAB-103,0,0,0,0
Hyperledger:FABB-116,Hyperledger,FABB-116,0,0,0,0
Hyperledger:FAB-13581,Hyperledger,FAB-13581,1,1,1,0
Hyperledger:FAB-13743,Hyperledger,FAB-13743,0,0,0,0
Hyperledger:INDY-1957,Hyperledger,INDY-1957,1,1,0,0
Hyperledger:IS-1145,Hyperledger,IS-1145,0,0,0,0
Hyperledger:IS-1150,Hyperledger,IS-1150,0,0,0,0
Hyperledger:IS-1139,Hyperledger,IS-1139,0,0,0,0
Hyperledger:IS-1147,Hyperledger,IS-1147,1,1,1,1
Hyperledger:IS-1148,Hyperledger,IS-1148,1,1,1,1
Hyperledger:FAB-13761,Hyperledger,FAB-13761,0,0,0,0
Hyperledger:FAB-13771,Hyperledger,FAB-13771,0,0,0,0
Hyperledger:FAB-13772,Hyperledger,FAB-13772,0,0,0,0
Hyperledger:FAB-13773,Hyperledger,FAB-13773,1,1,1,0
MariaDB:MXS-2267,MariaDB,MXS-2267,0,0,0,0
MariaDB:MXS-2269,MariaDB,MXS-2269,0,0,0,0
MariaDB:MXS-2273,MariaDB,MXS-2273,0,0,0,0
MariaDB:MXS-2274,MariaDB,MXS-2274,0,0,0,0
MariaDB:MXS-2225,MariaDB,MXS-2225,0,0,0,0
MariaDB:MXS-2275,MariaDB,MXS-2275,0,0,0,0
MariaDB:MXS-2276,MariaDB,MXS-2276,0,0,0,0
Hyperledger:IS-1153,Hyperledger,IS-1153,0,0,0,0
Hyperledger:IS-1155,Hyperledger,IS-1155,1,1,1,1
Hyperledger:FAB-13793,Hyperledger,FAB-13793,0,0,0,0
Hyperledger:INDY-1947,Hyperledger,INDY-1947,0,0,0,0
MariaDB:MCOL-2097,MariaDB,MCOL-2097,0,0,0,0
Hyperledger:IS-1156,Hyperledger,IS-1156,0,0,0,0
Hyperledger:INDY-1958,Hyperledger,INDY-1958,0,0,0,0
Qt:QSR-377,Qt,QSR-377,0,0,0,0
Qt:QSR-400,Qt,QSR-400,0,0,0,0
MariaDB:MXS-2285,MariaDB,MXS-2285,0,0,0,0
MariaDB:MXS-2271,MariaDB,MXS-2271,0,0,0,0
MariaDB:MXS-2279,MariaDB,MXS-2279,0,0,0,0
MariaDB:MXS-2280,MariaDB,MXS-2280,0,0,0,0
MariaDB:MXS-2281,MariaDB,MXS-2281,0,0,0,0
MariaDB:MXS-2243,MariaDB,MXS-2243,0,0,0,0
Hyperledger:FAB-13824,Hyperledger,FAB-13824,0,0,0,0
Hyperledger:IS-1159,Hyperledger,IS-1159,0,0,0,0
Hyperledger:IS-1160,Hyperledger,IS-1160,0,0,0,0
Hyperledger:IS-1161,Hyperledger,IS-1161,0,0,0,0
Hyperledger:IS-1162,Hyperledger,IS-1162,0,0,0,0
Hyperledger:IS-1163,Hyperledger,IS-1163,0,0,0,0
IntelDAOS:CART-571,IntelDAOS,CART-571,0,0,0,0
MariaDB:MCOL-2110,MariaDB,MCOL-2110,0,0,0,0
Hyperledger:FAB-3364,Hyperledger,FAB-3364,1,1,1,1
MariaDB:MCOL-2082,MariaDB,MCOL-2082,0,0,0,0
Qt:AUTOSUITE-744,Qt,AUTOSUITE-744,0,0,0,0
MariaDB:MCOL-2115,MariaDB,MCOL-2115,0,0,0,0
Hyperledger:FAB-13924,Hyperledger,FAB-13924,0,0,0,0
Hyperledger:FAB-13660,Hyperledger,FAB-13660,0,0,0,0
Hyperledger:FAB-13661,Hyperledger,FAB-13661,0,0,0,0
Hyperledger:FAB-13809,Hyperledger,FAB-13809,1,1,1,1
Hyperledger:FAB-13810,Hyperledger,FAB-13810,1,1,1,1
Hyperledger:FAB-13856,Hyperledger,FAB-13856,1,1,1,1
Hyperledger:FAB-13861,Hyperledger,FAB-13861,1,1,1,1
Hyperledger:FAB-13760,Hyperledger,FAB-13760,0,0,0,0
Hyperledger:FAB-13892,Hyperledger,FAB-13892,0,0,0,0
MariaDB:MCOL-2120,MariaDB,MCOL-2120,0,0,0,0
MariaDB:MCOL-2121,MariaDB,MCOL-2121,0,0,0,0
IntelDAOS:CART-573,IntelDAOS,CART-573,0,0,0,0
Qt:QSR-403,Qt,QSR-403,0,0,0,0
Hyperledger:FABCJ-119,Hyperledger,FABCJ-119,0,0,0,0
Hyperledger:FABCJ-190,Hyperledger,FABCJ-190,0,0,0,0
Hyperledger:FABCJ-19,Hyperledger,FABCJ-19,0,0,0,0
Hyperledger:FABCJ-184,Hyperledger,FABCJ-184,1,1,0,0
Hyperledger:FAB-13984,Hyperledger,FAB-13984,0,0,0,0
Hyperledger:FAB-13991,Hyperledger,FAB-13991,0,0,0,0
Hyperledger:INDY-1966,Hyperledger,INDY-1966,0,0,0,0
Hyperledger:FAB-14005,Hyperledger,FAB-14005,0,0,0,0
Qt:AUTOSUITE-758,Qt,AUTOSUITE-758,0,0,0,0
Qt:AUTOSUITE-752,Qt,AUTOSUITE-752,0,0,0,0
Qt:AUTOSUITE-759,Qt,AUTOSUITE-759,0,0,0,0
MariaDB:MCOL-2129,MariaDB,MCOL-2129,0,0,0,0
Hyperledger:FAB-14046,Hyperledger,FAB-14046,1,1,1,1
Hyperledger:FAB-14047,Hyperledger,FAB-14047,0,0,0,0
MariaDB:MXS-2314,MariaDB,MXS-2314,0,0,0,0
Hyperledger:FAB-14058,Hyperledger,FAB-14058,0,0,0,0
Qt:QSR-379,Qt,QSR-379,0,0,0,0
IntelDAOS:DAOS-2065,IntelDAOS,DAOS-2065,0,0,0,0
MariaDB:MXS-2260,MariaDB,MXS-2260,0,0,0,0
IntelDAOS:DAOS-2066,IntelDAOS,DAOS-2066,0,0,0,0
IntelDAOS:DAOS-2020,IntelDAOS,DAOS-2020,0,0,0,0
IntelDAOS:DAOS-2097,IntelDAOS,DAOS-2097,0,0,0,0
IntelDAOS:DAOS-2098,IntelDAOS,DAOS-2098,0,0,0,0
MariaDB:MXS-2294,MariaDB,MXS-2294,0,0,0,0
MariaDB:MXS-2253,MariaDB,MXS-2253,0,0,0,0
MariaDB:MXS-2316,MariaDB,MXS-2316,0,0,0,0
MariaDB:MXS-2317,MariaDB,MXS-2317,0,0,0,0
Jira:CONFSERVER-57445,Jira,CONFSERVER-57445,0,0,0,0
Jira:CONFSERVER-57541,Jira,CONFSERVER-57541,1,1,1,1
Hyperledger:INDY-1974,Hyperledger,INDY-1974,0,0,0,0
Hyperledger:IS-1172,Hyperledger,IS-1172,0,0,0,0
Hyperledger:IS-1173,Hyperledger,IS-1173,0,0,0,0
IntelDAOS:CART-565,IntelDAOS,CART-565,0,0,0,0
Hyperledger:INDY-1992,Hyperledger,INDY-1992,0,0,0,0
Hyperledger:IS-1177,Hyperledger,IS-1177,0,0,0,0
Hyperledger:IS-1178,Hyperledger,IS-1178,0,0,0,0
Hyperledger:IS-1179,Hyperledger,IS-1179,0,0,0,0
MariaDB:MCOL-2158,MariaDB,MCOL-2158,0,0,0,0
Hyperledger:IS-1121,Hyperledger,IS-1121,0,0,0,0
Jira:CONFSERVER-51812,Jira,CONFSERVER-51812,1,1,1,1
MariaDB:MXS-2329,MariaDB,MXS-2329,1,1,1,1
MariaDB:MXS-2327,MariaDB,MXS-2327,0,0,0,0
Hyperledger:INDY-1984,Hyperledger,INDY-1984,0,0,0,0
Hyperledger:INDY-1961,Hyperledger,INDY-1961,0,0,0,0
Hyperledger:IS-1180,Hyperledger,IS-1180,1,1,1,1
Hyperledger:INDY-1732,Hyperledger,INDY-1732,0,0,0,0
MariaDB:MXS-2333,MariaDB,MXS-2333,0,0,0,0
MariaDB:MXS-2334,MariaDB,MXS-2334,0,0,0,0
MariaDB:MXS-2332,MariaDB,MXS-2332,0,0,0,0
Hyperledger:IS-1182,Hyperledger,IS-1182,0,0,0,0
MariaDB:MCOL-2178,MariaDB,MCOL-2178,0,0,0,0
Hyperledger:FAB-14242,Hyperledger,FAB-14242,0,0,0,0
MariaDB:MXS-2339,MariaDB,MXS-2339,0,0,0,0
MariaDB:MXS-2338,MariaDB,MXS-2338,0,0,0,0
Hyperledger:FAB-13702,Hyperledger,FAB-13702,1,1,1,1
Hyperledger:INDY-2001,Hyperledger,INDY-2001,0,0,0,0
Hyperledger:INDY-2003,Hyperledger,INDY-2003,0,0,0,0
Hyperledger:INDY-1998,Hyperledger,INDY-1998,0,0,0,0
Qt:QSR-413,Qt,QSR-413,0,0,0,0
Hyperledger:FAB-14289,Hyperledger,FAB-14289,0,0,0,0
Hyperledger:FAB-14290,Hyperledger,FAB-14290,0,0,0,0
Hyperledger:INDY-2002,Hyperledger,INDY-2002,0,0,0,0
Hyperledger:FAB-14308,Hyperledger,FAB-14308,0,0,0,0
Hyperledger:FAB-14309,Hyperledger,FAB-14309,0,0,0,0
Hyperledger:FAB-14310,Hyperledger,FAB-14310,0,0,0,0
Hyperledger:FAB-14311,Hyperledger,FAB-14311,0,0,0,0
Hyperledger:FAB-14312,Hyperledger,FAB-14312,0,0,0,0
Hyperledger:FAB-14313,Hyperledger,FAB-14313,0,0,0,0
Hyperledger:FAB-14315,Hyperledger,FAB-14315,0,0,0,0
Hyperledger:FAB-14316,Hyperledger,FAB-14316,1,0,0,0
Hyperledger:IS-1188,Hyperledger,IS-1188,0,0,0,0
Hyperledger:IS-1186,Hyperledger,IS-1186,1,1,0,0
Hyperledger:IS-1196,Hyperledger,IS-1196,1,1,1,1
Hyperledger:INDY-2007,Hyperledger,INDY-2007,0,0,0,0
Hyperledger:IS-1198,Hyperledger,IS-1198,1,1,1,1
Hyperledger:IS-1105,Hyperledger,IS-1105,0,0,0,0
Hyperledger:INDY-2006,Hyperledger,INDY-2006,0,0,0,0
Hyperledger:IS-1165,Hyperledger,IS-1165,0,0,0,0
Hyperledger:FAB-14370,Hyperledger,FAB-14370,0,0,0,0
Hyperledger:FAB-14371,Hyperledger,FAB-14371,0,0,0,0
Hyperledger:FAB-14372,Hyperledger,FAB-14372,0,0,0,0
Hyperledger:FAB-14373,Hyperledger,FAB-14373,0,0,0,0
Hyperledger:FAB-14374,Hyperledger,FAB-14374,0,0,0,0
Hyperledger:FAB-14375,Hyperledger,FAB-14375,0,0,0,0
Hyperledger:FAB-14376,Hyperledger,FAB-14376,0,0,0,0
Hyperledger:FAB-14377,Hyperledger,FAB-14377,0,0,0,0
Hyperledger:FAB-14378,Hyperledger,FAB-14378,0,0,0,0
Hyperledger:FAB-14379,Hyperledger,FAB-14379,0,0,0,0
Hyperledger:INDY-1993,Hyperledger,INDY-1993,0,0,0,0
Hyperledger:INDY-2010,Hyperledger,INDY-2010,1,1,1,1
Hyperledger:INDY-1995,Hyperledger,INDY-1995,0,0,0,0
Hyperledger:INDY-1757,Hyperledger,INDY-1757,0,0,0,0
Hyperledger:INDY-1956,Hyperledger,INDY-1956,1,0,0,0
Hyperledger:INDY-2011,Hyperledger,INDY-2011,0,0,0,0
Hyperledger:INDY-1954,Hyperledger,INDY-1954,1,1,1,1
Hyperledger:INDY-1861,Hyperledger,INDY-1861,0,0,0,0
Hyperledger:INDY-2013,Hyperledger,INDY-2013,0,0,0,0
Hyperledger:IS-1203,Hyperledger,IS-1203,1,1,1,1
Hyperledger:IS-1201,Hyperledger,IS-1201,0,0,0,0
Hyperledger:IS-1202,Hyperledger,IS-1202,0,0,0,0
Hyperledger:IS-1204,Hyperledger,IS-1204,1,1,1,1
Hyperledger:IS-1199,Hyperledger,IS-1199,0,0,0,0
Hyperledger:IS-1205,Hyperledger,IS-1205,0,0,0,0
Hyperledger:IS-1175,Hyperledger,IS-1175,0,0,0,0
IntelDAOS:CART-594,IntelDAOS,CART-594,0,0,0,0
Hyperledger:IS-1137,Hyperledger,IS-1137,0,0,0,0
MariaDB:MXS-2361,MariaDB,MXS-2361,0,0,0,0
MariaDB:MXS-2362,MariaDB,MXS-2362,0,0,0,0
MariaDB:MXS-2319,MariaDB,MXS-2319,0,0,0,0
MariaDB:MXS-2363,MariaDB,MXS-2363,0,0,0,0
MariaDB:MXS-2313,MariaDB,MXS-2313,0,0,0,0
Hyperledger:INDY-2016,Hyperledger,INDY-2016,0,0,0,0
MariaDB:MXS-2346,MariaDB,MXS-2346,0,0,0,0
Hyperledger:FAB-14350,Hyperledger,FAB-14350,0,0,0,0
Hyperledger:FAB-14227,Hyperledger,FAB-14227,1,1,1,1
MariaDB:MCOL-2218,MariaDB,MCOL-2218,0,0,0,0
Qt:AUTOSUITE-782,Qt,AUTOSUITE-782,1,0,0,0
Qt:AUTOSUITE-667,Qt,AUTOSUITE-667,0,0,0,0
Qt:AUTOSUITE-823,Qt,AUTOSUITE-823,0,0,0,0
MariaDB:MCOL-1101,MariaDB,MCOL-1101,0,0,0,0
IntelDAOS:CART-286,IntelDAOS,CART-286,0,0,0,0
Hyperledger:FAB-14559,Hyperledger,FAB-14559,0,0,0,0
Hyperledger:FAB-14560,Hyperledger,FAB-14560,0,0,0,0
Hyperledger:FAB-14564,Hyperledger,FAB-14564,0,0,0,0
Hyperledger:FAB-14567,Hyperledger,FAB-14567,0,0,0,0
Hyperledger:FAB-14568,Hyperledger,FAB-14568,0,0,0,0
Hyperledger:FAB-14569,Hyperledger,FAB-14569,0,0,0,0
Hyperledger:FAB-14572,Hyperledger,FAB-14572,0,0,0,0
Hyperledger:FAB-14573,Hyperledger,FAB-14573,0,0,0,0
Hyperledger:FAB-14575,Hyperledger,FAB-14575,1,0,0,0
Hyperledger:FAB-14576,Hyperledger,FAB-14576,0,0,0,0
Hyperledger:FAB-14596,Hyperledger,FAB-14596,0,0,0,0
Hyperledger:FAB-14597,Hyperledger,FAB-14597,0,0,0,0
Hyperledger:FAB-14598,Hyperledger,FAB-14598,0,0,0,0
Hyperledger:FAB-14599,Hyperledger,FAB-14599,0,0,0,0
Hyperledger:INDY-2019,Hyperledger,INDY-2019,0,0,0,0
Hyperledger:FAB-14600,Hyperledger,FAB-14600,0,0,0,0
Hyperledger:FAB-14602,Hyperledger,FAB-14602,0,0,0,0
Hyperledger:FAB-14604,Hyperledger,FAB-14604,0,0,0,0
Hyperledger:FGJ-3,Hyperledger,FGJ-3,0,0,0,0
Hyperledger:FAB-14621,Hyperledger,FAB-14621,0,0,0,0
Hyperledger:FAB-14623,Hyperledger,FAB-14623,0,0,0,0
Hyperledger:FAB-14625,Hyperledger,FAB-14625,0,0,0,0
Hyperledger:FGJ-10,Hyperledger,FGJ-10,0,0,0,0
IntelDAOS:DAOS-2203,IntelDAOS,DAOS-2203,0,0,0,0
Hyperledger:FAB-14644,Hyperledger,FAB-14644,0,0,0,0
Hyperledger:FAB-14647,Hyperledger,FAB-14647,0,0,0,0
Hyperledger:IS-1085,Hyperledger,IS-1085,0,0,0,0
Hyperledger:INDY-2025,Hyperledger,INDY-2025,1,1,1,1
Hyperledger:IS-1217,Hyperledger,IS-1217,1,1,1,0
Qt:AUTOSUITE-838,Qt,AUTOSUITE-838,0,0,0,0
Hyperledger:FAB-14683,Hyperledger,FAB-14683,0,0,0,0
Hyperledger:FAB-14694,Hyperledger,FAB-14694,0,0,0,0
MariaDB:MXS-1973,MariaDB,MXS-1973,0,0,0,0
MariaDB:MXS-1662,MariaDB,MXS-1662,0,0,0,0
MariaDB:MXS-2360,MariaDB,MXS-2360,0,0,0,0
Qt:QSR-421,Qt,QSR-421,0,0,0,0
Hyperledger:FAB-14701,Hyperledger,FAB-14701,0,0,0,0
Hyperledger:INDY-1983,Hyperledger,INDY-1983,0,0,0,0
Hyperledger:FAB-14711,Hyperledger,FAB-14711,0,0,0,0
Jira:CRUC-8393,Jira,CRUC-8393,0,0,0,0
MariaDB:MXS-2397,MariaDB,MXS-2397,0,0,0,0
Hyperledger:IS-1134,Hyperledger,IS-1134,0,0,0,0
MariaDB:MXS-2401,MariaDB,MXS-2401,0,0,0,0
Qt:AUTOSUITE-812,Qt,AUTOSUITE-812,0,0,0,0
Qt:AUTOSUITE-813,Qt,AUTOSUITE-813,0,0,0,0
Qt:AUTOSUITE-814,Qt,AUTOSUITE-814,0,0,0,0
Hyperledger:FAB-14808,Hyperledger,FAB-14808,0,0,0,0
Hyperledger:FAB-14809,Hyperledger,FAB-14809,0,0,0,0
Hyperledger:FAB-14827,Hyperledger,FAB-14827,0,0,0,0
Hyperledger:FAB-14831,Hyperledger,FAB-14831,0,0,0,0
Qt:QSR-429,Qt,QSR-429,0,0,0,0
Hyperledger:INDY-2028,Hyperledger,INDY-2028,0,0,0,0
Hyperledger:FAB-14861,Hyperledger,FAB-14861,0,0,0,0
Hyperledger:IS-1223,Hyperledger,IS-1223,0,0,0,0
Hyperledger:IS-1189,Hyperledger,IS-1189,1,0,0,0
Jira:FE-5823,Jira,FE-5823,0,0,0,0
MariaDB:MXS-2344,MariaDB,MXS-2344,0,0,0,0
MariaDB:MXS-2387,MariaDB,MXS-2387,0,0,0,0
MariaDB:MXS-2388,MariaDB,MXS-2388,0,0,0,0
Qt:AUTOSUITE-854,Qt,AUTOSUITE-854,0,0,0,0
Jira:FE-6381,Jira,FE-6381,0,0,0,0
Qt:AUTOSUITE-905,Qt,AUTOSUITE-905,0,0,0,0
Hyperledger:FAB-14932,Hyperledger,FAB-14932,0,0,0,0
Hyperledger:FAB-14951,Hyperledger,FAB-14951,1,1,1,1
Hyperledger:FAB-14952,Hyperledger,FAB-14952,0,0,0,0
Qt:AUTOSUITE-908,Qt,AUTOSUITE-908,0,0,0,0
Qt:AUTOSUITE-904,Qt,AUTOSUITE-904,0,0,0,0
Qt:AUTOSUITE-533,Qt,AUTOSUITE-533,0,0,0,0
Qt:AUTOSUITE-494,Qt,AUTOSUITE-494,0,0,0,0
Hyperledger:FAB-15012,Hyperledger,FAB-15012,0,0,0,0
Qt:AUTOSUITE-912,Qt,AUTOSUITE-912,0,0,0,0
Qt:AUTOSUITE-913,Qt,AUTOSUITE-913,0,0,0,0
Qt:AUTOSUITE-914,Qt,AUTOSUITE-914,0,0,0,0
Qt:AUTOSUITE-915,Qt,AUTOSUITE-915,0,0,0,0
Hyperledger:FAB-15055,Hyperledger,FAB-15055,0,0,0,0
Hyperledger:FAB-14307,Hyperledger,FAB-14307,0,0,0,0
Hyperledger:INDY-2043,Hyperledger,INDY-2043,0,0,0,0
Qt:QSR-435,Qt,QSR-435,0,0,0,0
Qt:QSR-430,Qt,QSR-430,0,0,0,0
Qt:QSR-432,Qt,QSR-432,0,0,0,0
Qt:AUTOSUITE-504,Qt,AUTOSUITE-504,0,0,0,0
Qt:AUTOSUITE-676,Qt,AUTOSUITE-676,0,0,0,0
Qt:AUTOSUITE-679,Qt,AUTOSUITE-679,0,0,0,0
Qt:AUTOSUITE-615,Qt,AUTOSUITE-615,0,0,0,0
Qt:AUTOSUITE-690,Qt,AUTOSUITE-690,0,0,0,0
Qt:AUTOSUITE-762,Qt,AUTOSUITE-762,0,0,0,0
Qt:AUTOSUITE-765,Qt,AUTOSUITE-765,0,0,0,0
Qt:AUTOSUITE-778,Qt,AUTOSUITE-778,0,0,0,0
Qt:AUTOSUITE-780,Qt,AUTOSUITE-780,0,0,0,0
Qt:AUTOSUITE-781,Qt,AUTOSUITE-781,0,0,0,0
Qt:AUTOSUITE-785,Qt,AUTOSUITE-785,0,0,0,0
Qt:AUTOSUITE-789,Qt,AUTOSUITE-789,0,0,0,0
Qt:AUTOSUITE-819,Qt,AUTOSUITE-819,0,0,0,0
Qt:AUTOSUITE-820,Qt,AUTOSUITE-820,0,0,0,0
Qt:AUTOSUITE-839,Qt,AUTOSUITE-839,0,0,0,0
Qt:AUTOSUITE-822,Qt,AUTOSUITE-822,0,0,0,0
Qt:AUTOSUITE-841,Qt,AUTOSUITE-841,0,0,0,0
Qt:AUTOSUITE-853,Qt,AUTOSUITE-853,0,0,0,0
Qt:AUTOSUITE-858,Qt,AUTOSUITE-858,1,1,1,1
Qt:AUTOSUITE-909,Qt,AUTOSUITE-909,0,0,0,0
Qt:AUTOSUITE-911,Qt,AUTOSUITE-911,0,0,0,0
Qt:AUTOSUITE-917,Qt,AUTOSUITE-917,0,0,0,0
Qt:AUTOSUITE-918,Qt,AUTOSUITE-918,0,0,0,0
Qt:AUTOSUITE-919,Qt,AUTOSUITE-919,0,0,0,0
Qt:AUTOSUITE-920,Qt,AUTOSUITE-920,1,1,1,1
Qt:AUTOSUITE-922,Qt,AUTOSUITE-922,0,0,0,0
Hyperledger:INDY-2046,Hyperledger,INDY-2046,0,0,0,0
Hyperledger:IS-1222,Hyperledger,IS-1222,0,0,0,0
Hyperledger:IS-1098,Hyperledger,IS-1098,0,0,0,0
Hyperledger:FAB-15138,Hyperledger,FAB-15138,0,0,0,0
Hyperledger:INDY-2051,Hyperledger,INDY-2051,1,1,1,1
Hyperledger:INDY-2053,Hyperledger,INDY-2053,0,0,0,0
Hyperledger:CE-594,Hyperledger,CE-594,0,0,0,0
IntelDAOS:DAOS-2295,IntelDAOS,DAOS-2295,0,0,0,0
Hyperledger:IS-1234,Hyperledger,IS-1234,0,0,0,0
Hyperledger:IS-1235,Hyperledger,IS-1235,0,0,0,0
Hyperledger:INDY-1863,Hyperledger,INDY-1863,0,0,0,0
Qt:QTBUG-75163,Qt,QTBUG-75163,0,0,0,0
Qt:QTBUG-75164,Qt,QTBUG-75164,0,0,0,0
MariaDB:MXS-2428,MariaDB,MXS-2428,0,0,0,0
MariaDB:MXS-2424,MariaDB,MXS-2424,0,0,0,0
MariaDB:MXS-2435,MariaDB,MXS-2435,0,0,0,0
MariaDB:MCOL-593,MariaDB,MCOL-593,0,0,0,0
MariaDB:MXS-2434,MariaDB,MXS-2434,0,0,0,0
MariaDB:MXS-2376,MariaDB,MXS-2376,0,0,0,0
Hyperledger:FAB-15221,Hyperledger,FAB-15221,0,0,0,0
Hyperledger:FAB-15222,Hyperledger,FAB-15222,0,0,0,0
Hyperledger:IS-1242,Hyperledger,IS-1242,0,0,0,0
Hyperledger:FAB-15229,Hyperledger,FAB-15229,0,0,0,0
MariaDB:MCOL-3270,MariaDB,MCOL-3270,0,0,0,0
Hyperledger:FAB-15234,Hyperledger,FAB-15234,0,0,0,0
Hyperledger:FAB-15236,Hyperledger,FAB-15236,0,0,0,0
Hyperledger:IS-1245,Hyperledger,IS-1245,1,1,1,1
Hyperledger:IS-1246,Hyperledger,IS-1246,0,0,0,0
MariaDB:MCOL-3267,MariaDB,MCOL-3267,1,0,0,0
Qt:QSR-442,Qt,QSR-442,0,0,0,0
Qt:QSR-443,Qt,QSR-443,0,0,0,0
Hyperledger:INDY-2066,Hyperledger,INDY-2066,1,1,1,1
Hyperledger:INDY-2067,Hyperledger,INDY-2067,1,1,1,1
Hyperledger:INDY-2068,Hyperledger,INDY-2068,1,1,1,1
Hyperledger:INDY-2070,Hyperledger,INDY-2070,1,1,1,1
Hyperledger:FAB-15263,Hyperledger,FAB-15263,0,0,0,0
Hyperledger:INDY-2071,Hyperledger,INDY-2071,1,1,1,1
Hyperledger:INDY-2072,Hyperledger,INDY-2072,0,0,0,0
Hyperledger:INDY-2073,Hyperledger,INDY-2073,1,1,1,1
Hyperledger:INDY-2074,Hyperledger,INDY-2074,0,0,0,0
Hyperledger:INDY-2075,Hyperledger,INDY-2075,0,0,0,0
Qt:AUTOSUITE-935,Qt,AUTOSUITE-935,0,0,0,0
Qt:AUTOSUITE-936,Qt,AUTOSUITE-936,0,0,0,0
Hyperledger:FAB-15271,Hyperledger,FAB-15271,0,0,0,0
MariaDB:MCOL-265,MariaDB,MCOL-265,0,0,0,0
Hyperledger:FAB-15286,Hyperledger,FAB-15286,1,1,1,1
MariaDB:MXS-2455,MariaDB,MXS-2455,0,0,0,0
MariaDB:MXS-2456,MariaDB,MXS-2456,0,0,0,0
Qt:QSR-447,Qt,QSR-447,0,0,0,0
MariaDB:MXS-2458,MariaDB,MXS-2458,0,0,0,0
Qt:AUTOSUITE-948,Qt,AUTOSUITE-948,0,0,0,0
MariaDB:MXS-2152,MariaDB,MXS-2152,0,0,0,0
MariaDB:MXS-2460,MariaDB,MXS-2460,0,0,0,0
Hyperledger:FAB-15304,Hyperledger,FAB-15304,0,0,0,0
IntelDAOS:DAOS-2383,IntelDAOS,DAOS-2383,1,1,1,1
Hyperledger:FAB-15332,Hyperledger,FAB-15332,0,0,0,0
MariaDB:MXS-1799,MariaDB,MXS-1799,0,0,0,0
MariaDB:MXS-1957,MariaDB,MXS-1957,0,0,0,0
Hyperledger:FAB-13869,Hyperledger,FAB-13869,0,0,0,0
Hyperledger:FAB-13631,Hyperledger,FAB-13631,0,0,0,0
Hyperledger:FAB-15382,Hyperledger,FAB-15382,0,0,0,0
Hyperledger:IS-1254,Hyperledger,IS-1254,0,0,0,0
Hyperledger:INDY-2080,Hyperledger,INDY-2080,0,0,0,0
Hyperledger:FAB-15391,Hyperledger,FAB-15391,0,0,0,0
Hyperledger:FAB-15394,Hyperledger,FAB-15394,0,0,0,0
Qt:AUTOSUITE-929,Qt,AUTOSUITE-929,0,0,0,0
Qt:AUTOSUITE-745,Qt,AUTOSUITE-745,0,0,0,0
Hyperledger:IS-1255,Hyperledger,IS-1255,0,0,0,0
Hyperledger:IS-1256,Hyperledger,IS-1256,0,0,0,0
Hyperledger:IS-1257,Hyperledger,IS-1257,0,0,0,0
Hyperledger:IS-1250,Hyperledger,IS-1250,0,0,0,0
Hyperledger:FAB-15364,Hyperledger,FAB-15364,0,0,0,0
Hyperledger:FAB-11813,Hyperledger,FAB-11813,0,0,0,0
Hyperledger:FAB-12100,Hyperledger,FAB-12100,0,0,0,0
Hyperledger:FAB-13962,Hyperledger,FAB-13962,0,0,0,0
Hyperledger:FAB-13979,Hyperledger,FAB-13979,0,0,0,0
Hyperledger:FAB-13980,Hyperledger,FAB-13980,0,0,0,0
Hyperledger:FAB-14363,Hyperledger,FAB-14363,0,0,0,0
Hyperledger:FAB-14558,Hyperledger,FAB-14558,0,0,0,0
Hyperledger:FAB-14679,Hyperledger,FAB-14679,0,0,0,0
Hyperledger:FAB-14826,Hyperledger,FAB-14826,0,0,0,0
Hyperledger:FAB-15048,Hyperledger,FAB-15048,1,1,1,1
Hyperledger:FAB-15053,Hyperledger,FAB-15053,0,0,0,0
Hyperledger:FAB-15084,Hyperledger,FAB-15084,0,0,0,0
Hyperledger:FAB-15094,Hyperledger,FAB-15094,0,0,0,0
Hyperledger:FAB-15127,Hyperledger,FAB-15127,0,0,0,0
Hyperledger:FAB-15165,Hyperledger,FAB-15165,0,0,0,0
Hyperledger:FAB-15199,Hyperledger,FAB-15199,0,0,0,0
Hyperledger:FAB-15243,Hyperledger,FAB-15243,0,0,0,0
Hyperledger:FAB-15303,Hyperledger,FAB-15303,0,0,0,0
Hyperledger:FAB-15327,Hyperledger,FAB-15327,0,0,0,0
Hyperledger:FAB-15333,Hyperledger,FAB-15333,0,0,0,0
Hyperledger:FAB-15363,Hyperledger,FAB-15363,0,0,0,0
Hyperledger:FAB-13762,Hyperledger,FAB-13762,0,0,0,0
Hyperledger:FAB-15198,Hyperledger,FAB-15198,1,1,1,0
Hyperledger:FAB-15413,Hyperledger,FAB-15413,0,0,0,0
Hyperledger:FAB-15417,Hyperledger,FAB-15417,0,0,0,0
Hyperledger:FAB-15419,Hyperledger,FAB-15419,0,0,0,0
Hyperledger:FAB-15420,Hyperledger,FAB-15420,0,0,0,0
Hyperledger:FAB-15421,Hyperledger,FAB-15421,0,0,0,0
Hyperledger:IS-1260,Hyperledger,IS-1260,0,0,0,0
Qt:QSR-455,Qt,QSR-455,0,0,0,0
MariaDB:MXS-2475,MariaDB,MXS-2475,0,0,0,0
MariaDB:MXS-2481,MariaDB,MXS-2481,0,0,0,0
MariaDB:MXS-2483,MariaDB,MXS-2483,0,0,0,0
MariaDB:MXS-2480,MariaDB,MXS-2480,0,0,0,0
MariaDB:MXS-2437,MariaDB,MXS-2437,0,0,0,0
MariaDB:MXS-1989,MariaDB,MXS-1989,0,0,0,0
MariaDB:MXS-2485,MariaDB,MXS-2485,0,0,0,0
MariaDB:MXS-1550,MariaDB,MXS-1550,0,0,0,0
Jira:FE-7089,Jira,FE-7089,0,0,0,0
Jira:FE-5828,Jira,FE-5828,0,0,0,0
Hyperledger:IS-1247,Hyperledger,IS-1247,0,0,0,0
Hyperledger:FAB-15438,Hyperledger,FAB-15438,0,0,0,0
Hyperledger:FAB-15440,Hyperledger,FAB-15440,0,0,0,0
Hyperledger:FAB-15284,Hyperledger,FAB-15284,0,0,0,0
MariaDB:MCOL-3315,MariaDB,MCOL-3315,0,0,0,0
Hyperledger:INDY-2090,Hyperledger,INDY-2090,0,0,0,0
Hyperledger:INDY-2091,Hyperledger,INDY-2091,0,0,0,0
Hyperledger:INDY-2092,Hyperledger,INDY-2092,0,0,0,0
Hyperledger:INDY-2087,Hyperledger,INDY-2087,0,0,0,0
Hyperledger:INDY-2096,Hyperledger,INDY-2096,0,0,0,0
Hyperledger:INDY-1975,Hyperledger,INDY-1975,0,0,0,0
Hyperledger:INDY-2098,Hyperledger,INDY-2098,0,0,0,0
Hyperledger:IS-1265,Hyperledger,IS-1265,0,0,0,0
Qt:QSR-458,Qt,QSR-458,0,0,0,0
Hyperledger:IS-6,Hyperledger,IS-6,0,0,0,0
Hyperledger:INDY-2102,Hyperledger,INDY-2102,0,0,0,0
Hyperledger:IS-1263,Hyperledger,IS-1263,0,0,0,0
Hyperledger:IS-1264,Hyperledger,IS-1264,0,0,0,0
Hyperledger:INDY-2077,Hyperledger,INDY-2077,0,0,0,0
MariaDB:MCOL-3321,MariaDB,MCOL-3321,0,0,0,0
Hyperledger:FAB-15512,Hyperledger,FAB-15512,0,0,0,0
Hyperledger:INDY-2097,Hyperledger,INDY-2097,0,0,0,0
Hyperledger:FAB-15525,Hyperledger,FAB-15525,0,0,0,0
Hyperledger:FAB-15526,Hyperledger,FAB-15526,0,0,0,0
Hyperledger:INDY-2108,Hyperledger,INDY-2108,0,0,0,0
Hyperledger:INDY-2057,Hyperledger,INDY-2057,0,0,0,0
Hyperledger:FAB-15537,Hyperledger,FAB-15537,0,0,0,0
Hyperledger:IS-1275,Hyperledger,IS-1275,0,0,0,0
Hyperledger:IS-1262,Hyperledger,IS-1262,0,0,0,0
MariaDB:MCOL-3331,MariaDB,MCOL-3331,0,0,0,0
Hyperledger:INDY-2109,Hyperledger,INDY-2109,0,0,0,0
MariaDB:MXS-1783,MariaDB,MXS-1783,1,0,0,0
MariaDB:MXS-2510,MariaDB,MXS-2510,0,0,0,0
Hyperledger:FAB-15561,Hyperledger,FAB-15561,0,0,0,0
MariaDB:MXS-2512,MariaDB,MXS-2512,0,0,0,0
MariaDB:MXS-2514,MariaDB,MXS-2514,0,0,0,0
MariaDB:MXS-2515,MariaDB,MXS-2515,0,0,0,0
MariaDB:MXS-2516,MariaDB,MXS-2516,0,0,0,0
MariaDB:MXS-1892,MariaDB,MXS-1892,0,0,0,0
MariaDB:MXS-2517,MariaDB,MXS-2517,0,0,0,0
MariaDB:MXS-2518,MariaDB,MXS-2518,0,0,0,0
MariaDB:MXS-2524,MariaDB,MXS-2524,0,0,0,0
Hyperledger:IS-1258,Hyperledger,IS-1258,0,0,0,0
Hyperledger:IS-1269,Hyperledger,IS-1269,0,0,0,0
MariaDB:MCOL-3343,MariaDB,MCOL-3343,1,1,1,0
MariaDB:MXS-2537,MariaDB,MXS-2537,0,0,0,0
IntelDAOS:DAOS-2640,IntelDAOS,DAOS-2640,0,0,0,0
MariaDB:MCOL-3349,MariaDB,MCOL-3349,0,0,0,0
Qt:QSR-461,Qt,QSR-461,0,0,0,0
Qt:QSR-245,Qt,QSR-245,0,0,0,0
MariaDB:MXS-2540,MariaDB,MXS-2540,0,0,0,0
Hyperledger:FAB-15616,Hyperledger,FAB-15616,0,0,0,0
Hyperledger:INDY-2130,Hyperledger,INDY-2130,0,0,0,0
Hyperledger:INDY-1335,Hyperledger,INDY-1335,1,1,1,1
Hyperledger:INDY-2065,Hyperledger,INDY-2065,0,0,0,0
Hyperledger:INDY-2104,Hyperledger,INDY-2104,0,0,0,0
Hyperledger:INDY-1950,Hyperledger,INDY-1950,0,0,0,0
Jira:FE-6663,Jira,FE-6663,0,0,0,0
Hyperledger:IS-1285,Hyperledger,IS-1285,1,1,1,1
Hyperledger:INDY-2131,Hyperledger,INDY-2131,0,0,0,0
Hyperledger:INDY-2095,Hyperledger,INDY-2095,0,0,0,0
Hyperledger:INDY-1336,Hyperledger,INDY-1336,1,1,1,0
Hyperledger:FAB-15651,Hyperledger,FAB-15651,0,0,0,0
Hyperledger:FAB-15663,Hyperledger,FAB-15663,0,0,0,0
MariaDB:MXS-2552,MariaDB,MXS-2552,0,0,0,0
MariaDB:MXS-2553,MariaDB,MXS-2553,0,0,0,0
MariaDB:MXS-2555,MariaDB,MXS-2555,0,0,0,0
MariaDB:MXS-2556,MariaDB,MXS-2556,0,0,0,0
Hyperledger:FAB-15683,Hyperledger,FAB-15683,0,0,0,0
Jira:FE-7186,Jira,FE-7186,0,0,0,0
Hyperledger:INDY-2134,Hyperledger,INDY-2134,0,0,0,0
Hyperledger:IS-1279,Hyperledger,IS-1279,0,0,0,0
Hyperledger:IS-1290,Hyperledger,IS-1290,0,0,0,0
Hyperledger:INDY-1338,Hyperledger,INDY-1338,1,1,1,1
Hyperledger:INDY-2135,Hyperledger,INDY-2135,1,1,1,1
Hyperledger:INDY-2136,Hyperledger,INDY-2136,0,0,0,0
Hyperledger:INDY-2139,Hyperledger,INDY-2139,1,0,0,0
Hyperledger:FAB-15705,Hyperledger,FAB-15705,1,0,0,0
Hyperledger:FAB-15706,Hyperledger,FAB-15706,0,0,0,0
Hyperledger:FAB-15707,Hyperledger,FAB-15707,0,0,0,0
Hyperledger:INDY-2143,Hyperledger,INDY-2143,0,0,0,0
Hyperledger:INDY-2137,Hyperledger,INDY-2137,0,0,0,0
Hyperledger:INDY-2147,Hyperledger,INDY-2147,0,0,0,0
MariaDB:MCOL-3242,MariaDB,MCOL-3242,0,0,0,0
Qt:QTIFW-1370,Qt,QTIFW-1370,0,0,0,0
Qt:QTIFW-1371,Qt,QTIFW-1371,0,0,0,0
Qt:QTIFW-1372,Qt,QTIFW-1372,0,0,0,0
Qt:QTIFW-1373,Qt,QTIFW-1373,0,0,0,0
Qt:QTIFW-1374,Qt,QTIFW-1374,0,0,0,0
Qt:QTIFW-1375,Qt,QTIFW-1375,0,0,0,0
Qt:QTIFW-1376,Qt,QTIFW-1376,0,0,0,0
Qt:QTIFW-1377,Qt,QTIFW-1377,0,0,0,0
Qt:QTIFW-1378,Qt,QTIFW-1378,0,0,0,0
Qt:QTIFW-1379,Qt,QTIFW-1379,0,0,0,0
Qt:QTIFW-1380,Qt,QTIFW-1380,0,0,0,0
Qt:QTIFW-1381,Qt,QTIFW-1381,0,0,0,0
Qt:QTIFW-1382,Qt,QTIFW-1382,0,0,0,0
Qt:QTIFW-1383,Qt,QTIFW-1383,0,0,0,0
Qt:QTIFW-1384,Qt,QTIFW-1384,0,0,0,0
MariaDB:MCOL-3388,MariaDB,MCOL-3388,0,0,0,0
Hyperledger:INDY-2153,Hyperledger,INDY-2153,1,0,0,0
Hyperledger:FAB-15727,Hyperledger,FAB-15727,1,1,0,0
Hyperledger:INDY-2154,Hyperledger,INDY-2154,1,1,1,1
Hyperledger:IS-1287,Hyperledger,IS-1287,0,0,0,0
Hyperledger:INDY-2127,Hyperledger,INDY-2127,0,0,0,0
MariaDB:MCOL-3389,MariaDB,MCOL-3389,0,0,0,0
Hyperledger:FAB-15788,Hyperledger,FAB-15788,0,0,0,0
MariaDB:MXS-2572,MariaDB,MXS-2572,0,0,0,0
MariaDB:MXS-2573,MariaDB,MXS-2573,0,0,0,0
MariaDB:MXS-2546,MariaDB,MXS-2546,0,0,0,0
Hyperledger:FAB-15689,Hyperledger,FAB-15689,0,0,0,0
Hyperledger:FAB-15771,Hyperledger,FAB-15771,0,0,0,0
Hyperledger:FAB-15791,Hyperledger,FAB-15791,0,0,0,0
Jira:CRUC-8402,Jira,CRUC-8402,0,0,0,0
Hyperledger:FAB-15805,Hyperledger,FAB-15805,0,0,0,0
Qt:QSR-306,Qt,QSR-306,0,0,0,0
Hyperledger:IS-1300,Hyperledger,IS-1300,0,0,0,0
Hyperledger:INDY-2151,Hyperledger,INDY-2151,0,0,0,0
Hyperledger:FAB-15816,Hyperledger,FAB-15816,0,0,0,0
Hyperledger:FAB-15820,Hyperledger,FAB-15820,1,1,1,1
Hyperledger:FAB-15821,Hyperledger,FAB-15821,1,1,1,1
IntelDAOS:DAOS-2748,IntelDAOS,DAOS-2748,0,0,0,0
Hyperledger:IS-1302,Hyperledger,IS-1302,0,0,0,0
Hyperledger:FAB-15834,Hyperledger,FAB-15834,0,0,0,0
IntelDAOS:DAOS-2756,IntelDAOS,DAOS-2756,0,0,0,0
IntelDAOS:DAOS-2757,IntelDAOS,DAOS-2757,0,0,0,0
Hyperledger:FAB-15836,Hyperledger,FAB-15836,0,0,0,0
Hyperledger:INDY-2157,Hyperledger,INDY-2157,0,0,0,0
Hyperledger:IS-1305,Hyperledger,IS-1305,0,0,0,0
Hyperledger:IS-1298,Hyperledger,IS-1298,0,0,0,0
Hyperledger:IS-1292,Hyperledger,IS-1292,1,1,0,0
Hyperledger:IS-1307,Hyperledger,IS-1307,1,1,1,1
Hyperledger:IS-1286,Hyperledger,IS-1286,0,0,0,0
Hyperledger:IS-1308,Hyperledger,IS-1308,0,0,0,0
Hyperledger:INDY-2162,Hyperledger,INDY-2162,0,0,0,0
Hyperledger:FAB-15872,Hyperledger,FAB-15872,0,0,0,0
MariaDB:MCOL-3398,MariaDB,MCOL-3398,0,0,0,0
Hyperledger:FAB-15876,Hyperledger,FAB-15876,0,0,0,0
MariaDB:MXS-2590,MariaDB,MXS-2590,0,0,0,0
MariaDB:MXS-2591,MariaDB,MXS-2591,0,0,0,0
MariaDB:MXS-2592,MariaDB,MXS-2592,0,0,0,0
Hyperledger:INDY-2163,Hyperledger,INDY-2163,0,0,0,0
Hyperledger:IS-1310,Hyperledger,IS-1310,0,0,0,0
Hyperledger:INDY-2159,Hyperledger,INDY-2159,0,0,0,0
Qt:AUTOSUITE-1023,Qt,AUTOSUITE-1023,0,0,0,0
Hyperledger:FAB-15887,Hyperledger,FAB-15887,0,0,0,0
Hyperledger:FAB-15898,Hyperledger,FAB-15898,0,0,0,0
Hyperledger:FAB-15904,Hyperledger,FAB-15904,0,0,0,0
Hyperledger:INDY-2167,Hyperledger,INDY-2167,0,0,0,0
Hyperledger:INDY-2152,Hyperledger,INDY-2152,0,0,0,0
Hyperledger:INDY-1999,Hyperledger,INDY-1999,1,1,1,1
Hyperledger:INDY-2168,Hyperledger,INDY-2168,1,1,1,1
Hyperledger:IS-906,Hyperledger,IS-906,0,0,0,0
Hyperledger:IS-905,Hyperledger,IS-905,0,0,0,0
Hyperledger:FAB-15923,Hyperledger,FAB-15923,0,0,0,0
Hyperledger:FAB-15932,Hyperledger,FAB-15932,0,0,0,0
Qt:AUTOSUITE-1128,Qt,AUTOSUITE-1128,0,0,0,0
Qt:AUTOSUITE-1129,Qt,AUTOSUITE-1129,0,0,0,0
Qt:AUTOSUITE-1131,Qt,AUTOSUITE-1131,0,0,0,0
Qt:AUTOSUITE-1132,Qt,AUTOSUITE-1132,0,0,0,0
Hyperledger:FAB-15969,Hyperledger,FAB-15969,0,0,0,0
Hyperledger:FAB-15490,Hyperledger,FAB-15490,1,0,0,0
Hyperledger:FAB-15491,Hyperledger,FAB-15491,0,0,0,0
Hyperledger:FAB-14446,Hyperledger,FAB-14446,0,0,0,0
Hyperledger:FAB-15976,Hyperledger,FAB-15976,0,0,0,0
Qt:QTIFW-1402,Qt,QTIFW-1402,1,1,1,1
Hyperledger:INDY-2169,Hyperledger,INDY-2169,0,0,0,0
Hyperledger:FAB-15991,Hyperledger,FAB-15991,0,0,0,0
Hyperledger:FAB-15992,Hyperledger,FAB-15992,0,0,0,0
Qt:AUTOSUITE-1137,Qt,AUTOSUITE-1137,0,0,0,0
Qt:AUTOSUITE-1136,Qt,AUTOSUITE-1136,0,0,0,0
Qt:AUTOSUITE-1091,Qt,AUTOSUITE-1091,0,0,0,0
Hyperledger:INDY-2141,Hyperledger,INDY-2141,0,0,0,0
Hyperledger:FAB-16026,Hyperledger,FAB-16026,1,1,0,0
Hyperledger:FAB-16034,Hyperledger,FAB-16034,0,0,0,0
Hyperledger:IS-1324,Hyperledger,IS-1324,0,0,0,0
Hyperledger:INDY-2171,Hyperledger,INDY-2171,1,1,1,1
Hyperledger:FAB-12043,Hyperledger,FAB-12043,0,0,0,0
Hyperledger:FAB-16042,Hyperledger,FAB-16042,0,0,0,0
Hyperledger:FAB-16043,Hyperledger,FAB-16043,0,0,0,0
Hyperledger:IS-1328,Hyperledger,IS-1328,0,0,0,0
Hyperledger:IS-1320,Hyperledger,IS-1320,0,0,0,0
Hyperledger:FAB-15777,Hyperledger,FAB-15777,0,0,0,0
Hyperledger:FAB-15415,Hyperledger,FAB-15415,1,1,1,1
Hyperledger:FAB-16041,Hyperledger,FAB-16041,0,0,0,0
Hyperledger:FAB-15671,Hyperledger,FAB-15671,0,0,0,0
Hyperledger:FAB-15854,Hyperledger,FAB-15854,1,1,1,1
Hyperledger:INDY-2182,Hyperledger,INDY-2182,0,0,0,0
Hyperledger:FAB-16066,Hyperledger,FAB-16066,1,1,1,1
Hyperledger:FAB-16067,Hyperledger,FAB-16067,1,1,1,1
Hyperledger:FAB-16068,Hyperledger,FAB-16068,1,1,1,1
Hyperledger:FAB-16069,Hyperledger,FAB-16069,1,1,1,1
Hyperledger:FAB-16070,Hyperledger,FAB-16070,1,1,1,1
Hyperledger:FAB-16064,Hyperledger,FAB-16064,1,1,0,0
Hyperledger:FAB-16071,Hyperledger,FAB-16071,1,1,1,1
Hyperledger:FAB-16073,Hyperledger,FAB-16073,0,0,0,0
Hyperledger:FAB-16075,Hyperledger,FAB-16075,0,0,0,0
Hyperledger:FAB-16076,Hyperledger,FAB-16076,1,1,0,0
Hyperledger:FAB-16077,Hyperledger,FAB-16077,0,0,0,0
Hyperledger:FAB-16078,Hyperledger,FAB-16078,0,0,0,0
Hyperledger:FAB-16079,Hyperledger,FAB-16079,1,0,0,0
Hyperledger:FAB-16080,Hyperledger,FAB-16080,1,0,0,0
Hyperledger:FAB-16081,Hyperledger,FAB-16081,1,0,0,0
Hyperledger:FAB-16082,Hyperledger,FAB-16082,1,0,0,0
Hyperledger:IS-1329,Hyperledger,IS-1329,0,0,0,0
Qt:AUTOSUITE-1156,Qt,AUTOSUITE-1156,0,0,0,0
Hyperledger:FAB-16092,Hyperledger,FAB-16092,0,0,0,0
Hyperledger:INDY-2173,Hyperledger,INDY-2173,0,0,0,0
Hyperledger:FAB-16096,Hyperledger,FAB-16096,0,0,0,0
Hyperledger:FAB-16035,Hyperledger,FAB-16035,1,1,1,1
Hyperledger:FAB-16104,Hyperledger,FAB-16104,0,0,0,0
Hyperledger:IS-1325,Hyperledger,IS-1325,0,0,0,0
Hyperledger:IS-1248,Hyperledger,IS-1248,0,0,0,0
Hyperledger:IS-1317,Hyperledger,IS-1317,0,0,0,0
Hyperledger:IS-1316,Hyperledger,IS-1316,0,0,0,0
Hyperledger:FAB-16111,Hyperledger,FAB-16111,0,0,0,0
Hyperledger:FAB-16113,Hyperledger,FAB-16113,0,0,0,0
MariaDB:MXS-2617,MariaDB,MXS-2617,0,0,0,0
MariaDB:MXS-1386,MariaDB,MXS-1386,0,0,0,0
MariaDB:MXS-2618,MariaDB,MXS-2618,0,0,0,0
Hyperledger:IS-1334,Hyperledger,IS-1334,0,0,0,0
Hyperledger:FAB-16126,Hyperledger,FAB-16126,0,0,0,0
IntelDAOS:DAOS-1540,IntelDAOS,DAOS-1540,0,0,0,0
IntelDAOS:DAOS-2215,IntelDAOS,DAOS-2215,0,0,0,0
IntelDAOS:DAOS-1268,IntelDAOS,DAOS-1268,0,0,0,0
IntelDAOS:DAOS-951,IntelDAOS,DAOS-951,0,0,0,0
IntelDAOS:DAOS-1317,IntelDAOS,DAOS-1317,0,0,0,0
IntelDAOS:DAOS-1342,IntelDAOS,DAOS-1342,0,0,0,0
IntelDAOS:DAOS-1343,IntelDAOS,DAOS-1343,0,0,0,0
IntelDAOS:DAOS-1346,IntelDAOS,DAOS-1346,0,0,0,0
IntelDAOS:DAOS-1700,IntelDAOS,DAOS-1700,0,0,0,0
Hyperledger:IS-1335,Hyperledger,IS-1335,0,0,0,0
IntelDAOS:DAOS-2374,IntelDAOS,DAOS-2374,0,0,0,0
IntelDAOS:DAOS-2376,IntelDAOS,DAOS-2376,0,0,0,0
IntelDAOS:DAOS-1891,IntelDAOS,DAOS-1891,0,0,0,0
IntelDAOS:DAOS-2479,IntelDAOS,DAOS-2479,0,0,0,0
IntelDAOS:DAOS-2485,IntelDAOS,DAOS-2485,1,1,1,0
IntelDAOS:DAOS-2165,IntelDAOS,DAOS-2165,0,0,0,0
IntelDAOS:DAOS-2346,IntelDAOS,DAOS-2346,0,0,0,0
IntelDAOS:DAOS-2377,IntelDAOS,DAOS-2377,1,1,0,0
IntelDAOS:DAOS-2874,IntelDAOS,DAOS-2874,0,0,0,0
IntelDAOS:DAOS-2392,IntelDAOS,DAOS-2392,0,0,0,0
IntelDAOS:DAOS-2401,IntelDAOS,DAOS-2401,0,0,0,0
IntelDAOS:DAOS-2473,IntelDAOS,DAOS-2473,0,0,0,0
IntelDAOS:DAOS-2493,IntelDAOS,DAOS-2493,0,0,0,0
IntelDAOS:DAOS-2494,IntelDAOS,DAOS-2494,0,0,0,0
IntelDAOS:DAOS-2511,IntelDAOS,DAOS-2511,0,0,0,0
IntelDAOS:DAOS-2539,IntelDAOS,DAOS-2539,0,0,0,0
IntelDAOS:DAOS-2566,IntelDAOS,DAOS-2566,1,1,1,1
IntelDAOS:DAOS-2568,IntelDAOS,DAOS-2568,1,1,1,1
IntelDAOS:DAOS-2572,IntelDAOS,DAOS-2572,0,0,0,0
IntelDAOS:DAOS-2574,IntelDAOS,DAOS-2574,0,0,0,0
IntelDAOS:DAOS-2373,IntelDAOS,DAOS-2373,0,0,0,0
IntelDAOS:DAOS-2714,IntelDAOS,DAOS-2714,0,0,0,0
IntelDAOS:DAOS-2732,IntelDAOS,DAOS-2732,0,0,0,0
IntelDAOS:DAOS-2740,IntelDAOS,DAOS-2740,0,0,0,0
IntelDAOS:DAOS-2786,IntelDAOS,DAOS-2786,0,0,0,0
IntelDAOS:DAOS-2919,IntelDAOS,DAOS-2919,0,0,0,0
IntelDAOS:DAOS-2927,IntelDAOS,DAOS-2927,0,0,0,0
Hyperledger:FAB-15189,Hyperledger,FAB-15189,0,0,0,0
Hyperledger:FAB-12834,Hyperledger,FAB-12834,0,0,0,0
Hyperledger:FAB-12835,Hyperledger,FAB-12835,0,0,0,0
Hyperledger:FAB-11772,Hyperledger,FAB-11772,0,0,0,0
IntelDAOS:DAOS-2997,IntelDAOS,DAOS-2997,0,0,0,0
Hyperledger:INDY-2179,Hyperledger,INDY-2179,0,0,0,0
Hyperledger:INDY-2177,Hyperledger,INDY-2177,1,0,0,0
Hyperledger:FAB-16153,Hyperledger,FAB-16153,0,0,0,0
Hyperledger:FAB-16181,Hyperledger,FAB-16181,0,0,0,0
Hyperledger:IS-1339,Hyperledger,IS-1339,1,1,1,1
Hyperledger:INDY-2178,Hyperledger,INDY-2178,0,0,0,0
Hyperledger:IS-1336,Hyperledger,IS-1336,0,0,0,0
Hyperledger:IS-1337,Hyperledger,IS-1337,0,0,0,0
Hyperledger:FAB-16202,Hyperledger,FAB-16202,0,0,0,0
Hyperledger:FAB-16203,Hyperledger,FAB-16203,0,0,0,0
Qt:QSR-472,Qt,QSR-472,0,0,0,0
IntelDAOS:DAOS-2256,IntelDAOS,DAOS-2256,0,0,0,0
IntelDAOS:DAOS-2260,IntelDAOS,DAOS-2260,0,0,0,0
Hyperledger:FAB-16211,Hyperledger,FAB-16211,0,0,0,0
IntelDAOS:DAOS-2512,IntelDAOS,DAOS-2512,0,0,0,0
IntelDAOS:DAOS-2760,IntelDAOS,DAOS-2760,0,0,0,0
IntelDAOS:DAOS-2930,IntelDAOS,DAOS-2930,0,0,0,0
Hyperledger:FAB-16183,Hyperledger,FAB-16183,0,0,0,0
Hyperledger:FAB-16157,Hyperledger,FAB-16157,0,0,0,0
IntelDAOS:DAOS-1339,IntelDAOS,DAOS-1339,0,0,0,0
IntelDAOS:DAOS-1338,IntelDAOS,DAOS-1338,0,0,0,0
IntelDAOS:DAOS-2650,IntelDAOS,DAOS-2650,1,0,0,0
IntelDAOS:DAOS-2649,IntelDAOS,DAOS-2649,0,0,0,0
IntelDAOS:DAOS-2496,IntelDAOS,DAOS-2496,0,0,0,0
IntelDAOS:DAOS-2087,IntelDAOS,DAOS-2087,0,0,0,0
Hyperledger:FAB-16218,Hyperledger,FAB-16218,0,0,0,0
Hyperledger:FAB-16219,Hyperledger,FAB-16219,0,0,0,0
Hyperledger:INDY-2198,Hyperledger,INDY-2198,0,0,0,0
IntelDAOS:DAOS-1515,IntelDAOS,DAOS-1515,0,0,0,0
IntelDAOS:DAOS-2240,IntelDAOS,DAOS-2240,0,0,0,0
IntelDAOS:DAOS-2552,IntelDAOS,DAOS-2552,0,0,0,0
Hyperledger:IS-1346,Hyperledger,IS-1346,0,0,0,0
IntelDAOS:DAOS-9151,IntelDAOS,DAOS-9151,0,0,0,0
IntelDAOS:DAOS-2588,IntelDAOS,DAOS-2588,0,0,0,0
IntelDAOS:DAOS-2602,IntelDAOS,DAOS-2602,0,0,0,0
IntelDAOS:DAOS-2589,IntelDAOS,DAOS-2589,0,0,0,0
IntelDAOS:DAOS-2590,IntelDAOS,DAOS-2590,0,0,0,0
IntelDAOS:DAOS-2591,IntelDAOS,DAOS-2591,0,0,0,0
IntelDAOS:DAOS-2537,IntelDAOS,DAOS-2537,0,0,0,0
IntelDAOS:DAOS-2592,IntelDAOS,DAOS-2592,0,0,0,0
IntelDAOS:DAOS-2611,IntelDAOS,DAOS-2611,0,0,0,0
IntelDAOS:DAOS-2615,IntelDAOS,DAOS-2615,0,0,0,0
IntelDAOS:DAOS-2614,IntelDAOS,DAOS-2614,0,0,0,0
IntelDAOS:DAOS-2606,IntelDAOS,DAOS-2606,0,0,0,0
IntelDAOS:DAOS-2607,IntelDAOS,DAOS-2607,0,0,0,0
IntelDAOS:DAOS-2608,IntelDAOS,DAOS-2608,0,0,0,0
IntelDAOS:DAOS-2610,IntelDAOS,DAOS-2610,0,0,0,0
IntelDAOS:DAOS-2593,IntelDAOS,DAOS-2593,0,0,0,0
IntelDAOS:DAOS-2594,IntelDAOS,DAOS-2594,0,0,0,0
IntelDAOS:DAOS-2595,IntelDAOS,DAOS-2595,0,0,0,0
IntelDAOS:DAOS-2597,IntelDAOS,DAOS-2597,0,0,0,0
IntelDAOS:DAOS-2598,IntelDAOS,DAOS-2598,0,0,0,0
IntelDAOS:DAOS-2599,IntelDAOS,DAOS-2599,0,0,0,0
IntelDAOS:DAOS-2600,IntelDAOS,DAOS-2600,0,0,0,0
IntelDAOS:DAOS-2601,IntelDAOS,DAOS-2601,0,0,0,0
IntelDAOS:DAOS-2604,IntelDAOS,DAOS-2604,0,0,0,0
IntelDAOS:DAOS-2605,IntelDAOS,DAOS-2605,0,0,0,0
IntelDAOS:DAOS-844,IntelDAOS,DAOS-844,0,0,0,0
IntelDAOS:DAOS-842,IntelDAOS,DAOS-842,0,0,0,0
IntelDAOS:DAOS-2792,IntelDAOS,DAOS-2792,0,0,0,0
IntelDAOS:DAOS-843,IntelDAOS,DAOS-843,0,0,0,0
IntelDAOS:DAOS-2906,IntelDAOS,DAOS-2906,0,0,0,0
IntelDAOS:DAOS-2120,IntelDAOS,DAOS-2120,0,0,0,0
Hyperledger:FAB-16152,Hyperledger,FAB-16152,1,1,1,1
Hyperledger:INDY-2200,Hyperledger,INDY-2200,0,0,0,0
Hyperledger:FAB-16250,Hyperledger,FAB-16250,0,0,0,0
Hyperledger:FAB-16251,Hyperledger,FAB-16251,0,0,0,0
Hyperledger:FAB-16253,Hyperledger,FAB-16253,0,0,0,0
Hyperledger:FAB-16254,Hyperledger,FAB-16254,0,0,0,0
Hyperledger:FAB-15903,Hyperledger,FAB-15903,0,0,0,0
Hyperledger:FAB-15819,Hyperledger,FAB-15819,0,0,0,0
Hyperledger:FAB-15894,Hyperledger,FAB-15894,0,0,0,0
Hyperledger:FAB-16265,Hyperledger,FAB-16265,1,1,1,1
MariaDB:MCOL-104,MariaDB,MCOL-104,0,0,0,0
Hyperledger:FAB-15035,Hyperledger,FAB-15035,0,0,0,0
MariaDB:MCOL-3419,MariaDB,MCOL-3419,0,0,0,0
MariaDB:MXS-2629,MariaDB,MXS-2629,0,0,0,0
Hyperledger:IS-1348,Hyperledger,IS-1348,0,0,0,0
MariaDB:MXS-2632,MariaDB,MXS-2632,0,0,0,0
MariaDB:MXS-2166,MariaDB,MXS-2166,0,0,0,0
MariaDB:MXS-2636,MariaDB,MXS-2636,0,0,0,0
MariaDB:MXS-2623,MariaDB,MXS-2623,0,0,0,0
Hyperledger:IS-1293,Hyperledger,IS-1293,0,0,0,0
MariaDB:MXS-2619,MariaDB,MXS-2619,0,0,0,0
Hyperledger:IS-1301,Hyperledger,IS-1301,0,0,0,0
Hyperledger:FAB-16302,Hyperledger,FAB-16302,0,0,0,0
Hyperledger:FAB-16303,Hyperledger,FAB-16303,1,0,0,0
Hyperledger:FAB-16297,Hyperledger,FAB-16297,0,0,0,0
Qt:AUTOSUITE-1114,Qt,AUTOSUITE-1114,0,0,0,0
Qt:QTBUG-77483,Qt,QTBUG-77483,0,0,0,0
Qt:QTBUG-77484,Qt,QTBUG-77484,0,0,0,0
Qt:QTBUG-77485,Qt,QTBUG-77485,0,0,0,0
Hyperledger:IS-1352,Hyperledger,IS-1352,0,0,0,0
Jira:FE-7208,Jira,FE-7208,0,0,0,0
Hyperledger:IS-1353,Hyperledger,IS-1353,0,0,0,0
Hyperledger:INDY-1340,Hyperledger,INDY-1340,1,1,1,1
Hyperledger:FAB-16275,Hyperledger,FAB-16275,0,0,0,0
Hyperledger:FAB-16309,Hyperledger,FAB-16309,0,0,0,0
Hyperledger:FAB-16312,Hyperledger,FAB-16312,0,0,0,0
Hyperledger:INDY-2204,Hyperledger,INDY-2204,0,0,0,0
Qt:QSR-477,Qt,QSR-477,0,0,0,0
Qt:QSR-478,Qt,QSR-478,0,0,0,0
Hyperledger:INDY-2206,Hyperledger,INDY-2206,0,0,0,0
Hyperledger:IS-1345,Hyperledger,IS-1345,1,0,0,0
Hyperledger:INDY-2207,Hyperledger,INDY-2207,0,0,0,0
Hyperledger:IS-1357,Hyperledger,IS-1357,0,0,0,0
Hyperledger:FAB-16321,Hyperledger,FAB-16321,0,0,0,0
Hyperledger:FAB-16311,Hyperledger,FAB-16311,0,0,0,0
Qt:QSR-479,Qt,QSR-479,0,0,0,0
Hyperledger:INDY-2208,Hyperledger,INDY-2208,0,0,0,0
Hyperledger:IS-1354,Hyperledger,IS-1354,0,0,0,0
MariaDB:MCOL-270,MariaDB,MCOL-270,0,0,0,0
Hyperledger:IS-1358,Hyperledger,IS-1358,1,1,1,1
Hyperledger:IS-1359,Hyperledger,IS-1359,1,1,1,1
Hyperledger:IS-1318,Hyperledger,IS-1318,0,0,0,0
IntelDAOS:DAOS-3123,IntelDAOS,DAOS-3123,0,0,0,0
Qt:QSR-483,Qt,QSR-483,0,0,0,0
Hyperledger:FAB-16340,Hyperledger,FAB-16340,1,1,1,1
Hyperledger:FAB-16343,Hyperledger,FAB-16343,1,1,1,1
Hyperledger:FAB-16344,Hyperledger,FAB-16344,0,0,0,0
Hyperledger:FAB-16330,Hyperledger,FAB-16330,0,0,0,0
Hyperledger:FAB-16345,Hyperledger,FAB-16345,1,0,0,0
Qt:AUTOSUITE-993,Qt,AUTOSUITE-993,0,0,0,0
Qt:AUTOSUITE-934,Qt,AUTOSUITE-934,0,0,0,0
Hyperledger:FAB-16386,Hyperledger,FAB-16386,1,0,0,0
Hyperledger:FAB-16389,Hyperledger,FAB-16389,0,0,0,0
Qt:QDS-945,Qt,QDS-945,1,1,0,0
Qt:QDS-947,Qt,QDS-947,0,0,0,0
Qt:QDS-948,Qt,QDS-948,0,0,0,0
Qt:QDS-994,Qt,QDS-994,1,0,0,0
Qt:QDS-995,Qt,QDS-995,0,0,0,0
Qt:QDS-1003,Qt,QDS-1003,0,0,0,0
Qt:QDS-1004,Qt,QDS-1004,0,0,0,0
Qt:QDS-1010,Qt,QDS-1010,0,0,0,0
Qt:QDS-1011,Qt,QDS-1011,0,0,0,0
Qt:QDS-1012,Qt,QDS-1012,0,0,0,0
Qt:QDS-1016,Qt,QDS-1016,0,0,0,0
Qt:QDS-1017,Qt,QDS-1017,0,0,0,0
Qt:QDS-1019,Qt,QDS-1019,0,0,0,0
Hyperledger:INDY-2213,Hyperledger,INDY-2213,0,0,0,0
Hyperledger:INDY-2140,Hyperledger,INDY-2140,1,1,1,1
Hyperledger:INDY-2149,Hyperledger,INDY-2149,0,0,0,0
Hyperledger:IS-986,Hyperledger,IS-986,0,0,0,0
Qt:QSR-491,Qt,QSR-491,0,0,0,0
MariaDB:MXS-2229,MariaDB,MXS-2229,0,0,0,0
IntelDAOS:DAOS-3188,IntelDAOS,DAOS-3188,0,0,0,0
Qt:QTIFW-1419,Qt,QTIFW-1419,1,1,1,1
Hyperledger:INDY-2220,Hyperledger,INDY-2220,0,0,0,0
Hyperledger:FAB-16444,Hyperledger,FAB-16444,0,0,0,0
Qt:QSR-494,Qt,QSR-494,0,0,0,0
Qt:QSR-499,Qt,QSR-499,0,0,0,0
Hyperledger:FAB-16443,Hyperledger,FAB-16443,0,0,0,0
Hyperledger:FAB-16478,Hyperledger,FAB-16478,0,0,0,0
Hyperledger:FAB-16475,Hyperledger,FAB-16475,0,0,0,0
Qt:QSR-500,Qt,QSR-500,0,0,0,0
Hyperledger:IS-1366,Hyperledger,IS-1366,0,0,0,0
Qt:QSR-502,Qt,QSR-502,0,0,0,0
Qt:QSR-504,Qt,QSR-504,0,0,0,0
Qt:QSR-505,Qt,QSR-505,0,0,0,0
Qt:QSR-506,Qt,QSR-506,0,0,0,0
Qt:QSR-507,Qt,QSR-507,1,1,0,0
Qt:QSR-508,Qt,QSR-508,0,0,0,0
Hyperledger:INDY-2205,Hyperledger,INDY-2205,0,0,0,0
Qt:QSR-510,Qt,QSR-510,0,0,0,0
Qt:QSR-511,Qt,QSR-511,0,0,0,0
Qt:QSR-512,Qt,QSR-512,0,0,0,0
Hyperledger:FAB-16503,Hyperledger,FAB-16503,0,0,0,0
Hyperledger:FAB-16504,Hyperledger,FAB-16504,0,0,0,0
Hyperledger:FAB-16505,Hyperledger,FAB-16505,0,0,0,0
Hyperledger:FAB-16507,Hyperledger,FAB-16507,0,0,0,0
IntelDAOS:DAOS-2946,IntelDAOS,DAOS-2946,0,0,0,0
IntelDAOS:DAOS-3233,IntelDAOS,DAOS-3233,1,1,1,0
Hyperledger:FAB-16509,Hyperledger,FAB-16509,0,0,0,0
Hyperledger:FAB-16510,Hyperledger,FAB-16510,0,0,0,0
Qt:QSR-517,Qt,QSR-517,0,0,0,0
Hyperledger:FAB-16518,Hyperledger,FAB-16518,0,0,0,0
Hyperledger:FAB-16525,Hyperledger,FAB-16525,0,0,0,0
Qt:QDS-1046,Qt,QDS-1046,0,0,0,0
Qt:QDS-1044,Qt,QDS-1044,1,1,1,1
Qt:QDS-1045,Qt,QDS-1045,0,0,0,0
Qt:QDS-1043,Qt,QDS-1043,1,1,1,1
Qt:QDS-1034,Qt,QDS-1034,0,0,0,0
Qt:QDS-1047,Qt,QDS-1047,0,0,0,0
IntelDAOS:DAOS-3249,IntelDAOS,DAOS-3249,0,0,0,0
Hyperledger:FAB-16529,Hyperledger,FAB-16529,1,1,1,1
Hyperledger:FAB-16524,Hyperledger,FAB-16524,1,1,1,1
Hyperledger:FAB-15980,Hyperledger,FAB-15980,0,0,0,0
Hyperledger:FAB-15982,Hyperledger,FAB-15982,0,0,0,0
Hyperledger:FAB-15984,Hyperledger,FAB-15984,0,0,0,0
Hyperledger:FAB-16528,Hyperledger,FAB-16528,0,0,0,0
Hyperledger:FAB-16117,Hyperledger,FAB-16117,1,1,1,1
Hyperledger:FAB-16118,Hyperledger,FAB-16118,0,0,0,0
Hyperledger:FAB-16120,Hyperledger,FAB-16120,0,0,0,0
Qt:QSR-519,Qt,QSR-519,0,0,0,0
Qt:AUTOSUITE-1232,Qt,AUTOSUITE-1232,0,0,0,0
Qt:AUTOSUITE-1215,Qt,AUTOSUITE-1215,0,0,0,0
MariaDB:MXS-2654,MariaDB,MXS-2654,0,0,0,0
MariaDB:MXS-2653,MariaDB,MXS-2653,0,0,0,0
MariaDB:MXS-2665,MariaDB,MXS-2665,0,0,0,0
MariaDB:MXS-2656,MariaDB,MXS-2656,0,0,0,0
MariaDB:MXS-2622,MariaDB,MXS-2622,0,0,0,0
MariaDB:MXS-2669,MariaDB,MXS-2669,0,0,0,0
Qt:QTBUG-76725,Qt,QTBUG-76725,0,0,0,0
Qt:QTBUG-76690,Qt,QTBUG-76690,0,0,0,0
Qt:QTBUG-76708,Qt,QTBUG-76708,0,0,0,0
Qt:QTBUG-76729,Qt,QTBUG-76729,0,0,0,0
Qt:QDS-1050,Qt,QDS-1050,0,0,0,0
Qt:QDS-1051,Qt,QDS-1051,0,0,0,0
Qt:QDS-1053,Qt,QDS-1053,0,0,0,0
Qt:QDS-1055,Qt,QDS-1055,0,0,0,0
MariaDB:MXS-2670,MariaDB,MXS-2670,1,0,0,0
Hyperledger:IS-1370,Hyperledger,IS-1370,0,0,0,0
Hyperledger:IS-1361,Hyperledger,IS-1361,0,0,0,0
Qt:QSR-523,Qt,QSR-523,0,0,0,0
Hyperledger:IS-1371,Hyperledger,IS-1371,0,0,0,0
Qt:QSR-526,Qt,QSR-526,0,0,0,0
Qt:QSR-503,Qt,QSR-503,0,0,0,0
Qt:QSR-524,Qt,QSR-524,1,1,1,1
Hyperledger:IS-1372,Hyperledger,IS-1372,0,0,0,0
Hyperledger:INDY-2223,Hyperledger,INDY-2223,1,1,1,1
Hyperledger:INDY-2146,Hyperledger,INDY-2146,0,0,0,0
Hyperledger:FAB-16584,Hyperledger,FAB-16584,0,0,0,0
Hyperledger:FAB-16585,Hyperledger,FAB-16585,0,0,0,0
Hyperledger:FAB-16586,Hyperledger,FAB-16586,0,0,0,0
IntelDAOS:DAOS-2933,IntelDAOS,DAOS-2933,0,0,0,0
IntelDAOS:DAOS-2931,IntelDAOS,DAOS-2931,0,0,0,0
IntelDAOS:DAOS-2945,IntelDAOS,DAOS-2945,0,0,0,0
IntelDAOS:DAOS-1688,IntelDAOS,DAOS-1688,0,0,0,0
Hyperledger:INDY-2226,Hyperledger,INDY-2226,0,0,0,0
Hyperledger:FAB-16606,Hyperledger,FAB-16606,0,0,0,0
Jira:CONFSERVER-58875,Jira,CONFSERVER-58875,1,1,1,1
Qt:QDS-1057,Qt,QDS-1057,1,1,0,0
Qt:QSR-532,Qt,QSR-532,0,0,0,0
Hyperledger:FAB-16587,Hyperledger,FAB-16587,0,0,0,0
Hyperledger:IS-1373,Hyperledger,IS-1373,0,0,0,0
Hyperledger:FAB-16613,Hyperledger,FAB-16613,0,0,0,0
IntelDAOS:DAOS-3279,IntelDAOS,DAOS-3279,0,0,0,0
Qt:QSR-536,Qt,QSR-536,0,0,0,0
MariaDB:MXS-2685,MariaDB,MXS-2685,0,0,0,0
Hyperledger:FAB-16623,Hyperledger,FAB-16623,0,0,0,0
Hyperledger:FAB-16625,Hyperledger,FAB-16625,0,0,0,0
Hyperledger:FAB-16627,Hyperledger,FAB-16627,0,0,0,0
Qt:QSR-537,Qt,QSR-537,0,0,0,0
Qt:QSR-534,Qt,QSR-534,0,0,0,0
Hyperledger:FAB-16641,Hyperledger,FAB-16641,1,1,1,1
Hyperledger:FAB-16594,Hyperledger,FAB-16594,0,0,0,0
Hyperledger:FAB-16644,Hyperledger,FAB-16644,0,0,0,0
IntelDAOS:DAOS-2085,IntelDAOS,DAOS-2085,1,1,1,1
Hyperledger:IS-1378,Hyperledger,IS-1378,0,0,0,0
IntelDAOS:DAOS-3304,IntelDAOS,DAOS-3304,0,0,0,0
Qt:QTIFW-1432,Qt,QTIFW-1432,0,0,0,0
Hyperledger:FAB-16672,Hyperledger,FAB-16672,1,1,1,1
IntelDAOS:DAOS-3314,IntelDAOS,DAOS-3314,0,0,0,0
IntelDAOS:DAOS-3315,IntelDAOS,DAOS-3315,0,0,0,0
IntelDAOS:DAOS-3316,IntelDAOS,DAOS-3316,0,0,0,0
IntelDAOS:DAOS-3317,IntelDAOS,DAOS-3317,0,0,0,0
Qt:QDS-1067,Qt,QDS-1067,1,1,1,1
Qt:QDS-1068,Qt,QDS-1068,1,0,0,0
Qt:QDS-1069,Qt,QDS-1069,0,0,0,0
Qt:QDS-1070,Qt,QDS-1070,1,0,0,0
Qt:QDS-1071,Qt,QDS-1071,0,0,0,0
Qt:QDS-1072,Qt,QDS-1072,1,1,1,0
Qt:QDS-1073,Qt,QDS-1073,1,0,0,0
Qt:QDS-1074,Qt,QDS-1074,0,0,0,0
Qt:QDS-1076,Qt,QDS-1076,0,0,0,0
IntelDAOS:DAOS-2822,IntelDAOS,DAOS-2822,0,0,0,0
IntelDAOS:DAOS-3026,IntelDAOS,DAOS-3026,0,0,0,0
IntelDAOS:DAOS-2058,IntelDAOS,DAOS-2058,0,0,0,0
IntelDAOS:DAOS-2273,IntelDAOS,DAOS-2273,0,0,0,0
IntelDAOS:DAOS-2432,IntelDAOS,DAOS-2432,0,0,0,0
IntelDAOS:DAOS-3023,IntelDAOS,DAOS-3023,0,0,0,0
IntelDAOS:DAOS-3186,IntelDAOS,DAOS-3186,0,0,0,0
IntelDAOS:DAOS-2529,IntelDAOS,DAOS-2529,0,0,0,0
IntelDAOS:DAOS-2691,IntelDAOS,DAOS-2691,0,0,0,0
IntelDAOS:DAOS-2753,IntelDAOS,DAOS-2753,0,0,0,0
IntelDAOS:DAOS-2883,IntelDAOS,DAOS-2883,1,1,1,1
IntelDAOS:DAOS-3106,IntelDAOS,DAOS-3106,0,0,0,0
IntelDAOS:DAOS-3115,IntelDAOS,DAOS-3115,0,0,0,0
MariaDB:MXS-2695,MariaDB,MXS-2695,0,0,0,0
MariaDB:MXS-2696,MariaDB,MXS-2696,0,0,0,0
IntelDAOS:DAOS-2283,IntelDAOS,DAOS-2283,0,0,0,0
IntelDAOS:DAOS-2210,IntelDAOS,DAOS-2210,0,0,0,0
IntelDAOS:DAOS-2514,IntelDAOS,DAOS-2514,1,1,0,0
IntelDAOS:DAOS-2869,IntelDAOS,DAOS-2869,0,0,0,0
IntelDAOS:DAOS-2881,IntelDAOS,DAOS-2881,1,1,1,1
IntelDAOS:DAOS-3137,IntelDAOS,DAOS-3137,1,1,1,1
IntelDAOS:DAOS-3148,IntelDAOS,DAOS-3148,0,0,0,0
IntelDAOS:DAOS-3212,IntelDAOS,DAOS-3212,0,0,0,0
IntelDAOS:DAOS-3244,IntelDAOS,DAOS-3244,0,0,0,0
IntelDAOS:DAOS-3270,IntelDAOS,DAOS-3270,0,0,0,0
IntelDAOS:DAOS-3275,IntelDAOS,DAOS-3275,0,0,0,0
IntelDAOS:DAOS-3292,IntelDAOS,DAOS-3292,0,0,0,0
IntelDAOS:DAOS-3318,IntelDAOS,DAOS-3318,0,0,0,0
Qt:QTBUG-78695,Qt,QTBUG-78695,0,0,0,0
Qt:QSR-291,Qt,QSR-291,0,0,0,0
Qt:QSR-546,Qt,QSR-546,0,0,0,0
Qt:QSR-547,Qt,QSR-547,0,0,0,0
Hyperledger:INDY-2210,Hyperledger,INDY-2210,0,0,0,0
MariaDB:MCOL-3514,MariaDB,MCOL-3514,0,0,0,0
Hyperledger:INDY-2228,Hyperledger,INDY-2228,0,0,0,0
MariaDB:MCOL-3515,MariaDB,MCOL-3515,0,0,0,0
IntelDAOS:DAOS-3190,IntelDAOS,DAOS-3190,0,0,0,0
IntelDAOS:DAOS-2495,IntelDAOS,DAOS-2495,0,0,0,0
IntelDAOS:DAOS-2491,IntelDAOS,DAOS-2491,0,0,0,0
IntelDAOS:DAOS-2509,IntelDAOS,DAOS-2509,0,0,0,0
IntelDAOS:DAOS-3324,IntelDAOS,DAOS-3324,0,0,0,0
IntelDAOS:DAOS-3325,IntelDAOS,DAOS-3325,0,0,0,0
Hyperledger:INDY-2230,Hyperledger,INDY-2230,1,1,0,0
Hyperledger:INDY-2231,Hyperledger,INDY-2231,0,0,0,0
IntelDAOS:DAOS-3326,IntelDAOS,DAOS-3326,1,1,1,1
MariaDB:MCOL-3503,MariaDB,MCOL-3503,0,0,0,0
MariaDB:MCOL-3483,MariaDB,MCOL-3483,0,0,0,0
MariaDB:MCOL-3416,MariaDB,MCOL-3416,0,0,0,0
Hyperledger:INDY-2138,Hyperledger,INDY-2138,0,0,0,0
Hyperledger:INDY-2225,Hyperledger,INDY-2225,0,0,0,0
IntelDAOS:DAOS-3332,IntelDAOS,DAOS-3332,0,0,0,0
Qt:QDS-1083,Qt,QDS-1083,0,0,0,0
MariaDB:MCOL-3520,MariaDB,MCOL-3520,0,0,0,0
Qt:QDS-1077,Qt,QDS-1077,0,0,0,0
Qt:QDS-1085,Qt,QDS-1085,0,0,0,0
Qt:QDS-1086,Qt,QDS-1086,0,0,0,0
Qt:QDS-1087,Qt,QDS-1087,0,0,0,0
Qt:QDS-1088,Qt,QDS-1088,0,0,0,0
Qt:QDS-1089,Qt,QDS-1089,0,0,0,0
Qt:AUTOSUITE-1282,Qt,AUTOSUITE-1282,0,0,0,0
Qt:AUTOSUITE-1283,Qt,AUTOSUITE-1283,0,0,0,0
Hyperledger:IS-1384,Hyperledger,IS-1384,0,0,0,0
Hyperledger:FAB-16733,Hyperledger,FAB-16733,0,0,0,0
IntelDAOS:DAOS-3348,IntelDAOS,DAOS-3348,0,0,0,0
IntelDAOS:DAOS-3350,IntelDAOS,DAOS-3350,0,0,0,0
IntelDAOS:DAOS-3347,IntelDAOS,DAOS-3347,1,1,1,0
IntelDAOS:DAOS-3351,IntelDAOS,DAOS-3351,0,0,0,0
IntelDAOS:DAOS-3251,IntelDAOS,DAOS-3251,1,1,0,0
IntelDAOS:DAOS-3352,IntelDAOS,DAOS-3352,1,1,1,1
Qt:QDS-1100,Qt,QDS-1100,0,0,0,0
Qt:QDS-1101,Qt,QDS-1101,0,0,0,0
IntelDAOS:DAOS-3356,IntelDAOS,DAOS-3356,0,0,0,0
IntelDAOS:DAOS-3357,IntelDAOS,DAOS-3357,0,0,0,0
IntelDAOS:DAOS-3359,IntelDAOS,DAOS-3359,0,0,0,0
IntelDAOS:DAOS-3404,IntelDAOS,DAOS-3404,0,0,0,0
IntelDAOS:DAOS-3408,IntelDAOS,DAOS-3408,0,0,0,0
Hyperledger:INDY-2235,Hyperledger,INDY-2235,1,1,1,1
IntelDAOS:DAOS-3411,IntelDAOS,DAOS-3411,1,0,0,0
Hyperledger:FAB-16724,Hyperledger,FAB-16724,1,1,1,1
IntelDAOS:DAOS-3413,IntelDAOS,DAOS-3413,1,1,1,1
IntelDAOS:DAOS-3414,IntelDAOS,DAOS-3414,0,0,0,0
Qt:QTBUG-78957,Qt,QTBUG-78957,0,0,0,0
Qt:QTBUG-78906,Qt,QTBUG-78906,0,0,0,0
Qt:QTBUG-78905,Qt,QTBUG-78905,0,0,0,0
Qt:QTBUG-78909,Qt,QTBUG-78909,0,0,0,0
Qt:QTBUG-78888,Qt,QTBUG-78888,0,0,0,0
Qt:QTBUG-78889,Qt,QTBUG-78889,0,0,0,0
Qt:QTBUG-78904,Qt,QTBUG-78904,0,0,0,0
Qt:QTBUG-78987,Qt,QTBUG-78987,0,0,0,0
Hyperledger:FAB-16757,Hyperledger,FAB-16757,0,0,0,0
Hyperledger:FAB-16758,Hyperledger,FAB-16758,0,0,0,0
Qt:QTBUG-78988,Qt,QTBUG-78988,0,0,0,0
Qt:QTBUG-78887,Qt,QTBUG-78887,0,0,0,0
Qt:QTBUG-78989,Qt,QTBUG-78989,0,0,0,0
Qt:QTBUG-79005,Qt,QTBUG-79005,0,0,0,0
Qt:QDS-1117,Qt,QDS-1117,0,0,0,0
IntelDAOS:DAOS-3441,IntelDAOS,DAOS-3441,1,1,1,1
IntelDAOS:DAOS-3132,IntelDAOS,DAOS-3132,0,0,0,0
Qt:QDS-1121,Qt,QDS-1121,0,0,0,0
Qt:QTBUG-79039,Qt,QTBUG-79039,0,0,0,0
Qt:QTBUG-79044,Qt,QTBUG-79044,0,0,0,0
Qt:QTBUG-79043,Qt,QTBUG-79043,0,0,0,0
Qt:QDS-1123,Qt,QDS-1123,0,0,0,0
Qt:QDS-1124,Qt,QDS-1124,0,0,0,0
Qt:QDS-1125,Qt,QDS-1125,0,0,0,0
Qt:QDS-1090,Qt,QDS-1090,0,0,0,0
Qt:QDS-1127,Qt,QDS-1127,1,1,1,1
Qt:QDS-1129,Qt,QDS-1129,0,0,0,0
Qt:QDS-1130,Qt,QDS-1130,0,0,0,0
Qt:QDS-1131,Qt,QDS-1131,0,0,0,0
Qt:QDS-1132,Qt,QDS-1132,0,0,0,0
Qt:QDS-1134,Qt,QDS-1134,0,0,0,0
MariaDB:MXS-2716,MariaDB,MXS-2716,0,0,0,0
MariaDB:MXS-1134,MariaDB,MXS-1134,0,0,0,0
MariaDB:MXS-760,MariaDB,MXS-760,1,0,0,0
MariaDB:MXS-2717,MariaDB,MXS-2717,0,0,0,0
IntelDAOS:DAOS-3468,IntelDAOS,DAOS-3468,0,0,0,0
MariaDB:MXS-2105,MariaDB,MXS-2105,0,0,0,0
MariaDB:MXS-1483,MariaDB,MXS-1483,0,0,0,0
MariaDB:MXS-2715,MariaDB,MXS-2715,0,0,0,0
IntelDAOS:DAOS-3469,IntelDAOS,DAOS-3469,1,0,0,0
MariaDB:MXS-2718,MariaDB,MXS-2718,0,0,0,0
IntelDAOS:DAOS-3470,IntelDAOS,DAOS-3470,0,0,0,0
Qt:QTBUG-79052,Qt,QTBUG-79052,0,0,0,0
Qt:QTBUG-79053,Qt,QTBUG-79053,0,0,0,0
Qt:QTBUG-77609,Qt,QTBUG-77609,0,0,0,0
Qt:QTBUG-78811,Qt,QTBUG-78811,0,0,0,0
Qt:QTBUG-79060,Qt,QTBUG-79060,0,0,0,0
Qt:QTBUG-79062,Qt,QTBUG-79062,0,0,0,0
Qt:QTBUG-79065,Qt,QTBUG-79065,0,0,0,0
Qt:QDS-1147,Qt,QDS-1147,1,1,1,1
Qt:QDS-1148,Qt,QDS-1148,1,1,1,1
Qt:QDS-1149,Qt,QDS-1149,1,1,1,1
Qt:QDS-1150,Qt,QDS-1150,0,0,0,0
IntelDAOS:DAOS-3481,IntelDAOS,DAOS-3481,0,0,0,0
Qt:QDS-1151,Qt,QDS-1151,0,0,0,0
Qt:QDS-1152,Qt,QDS-1152,0,0,0,0
Qt:QDS-1153,Qt,QDS-1153,0,0,0,0
Qt:QDS-1154,Qt,QDS-1154,0,0,0,0
Qt:QDS-1155,Qt,QDS-1155,0,0,0,0
Qt:QDS-1156,Qt,QDS-1156,0,0,0,0
Qt:QDS-1157,Qt,QDS-1157,0,0,0,0
Qt:QDS-1158,Qt,QDS-1158,0,0,0,0
Qt:QDS-1159,Qt,QDS-1159,0,0,0,0
Hyperledger:IS-1303,Hyperledger,IS-1303,0,0,0,0
Hyperledger:IS-1392,Hyperledger,IS-1392,1,1,1,1
Hyperledger:IS-1393,Hyperledger,IS-1393,1,1,1,1
Hyperledger:IS-1394,Hyperledger,IS-1394,1,1,1,1
Qt:QDS-1160,Qt,QDS-1160,0,0,0,0
Hyperledger:IS-1395,Hyperledger,IS-1395,1,1,0,0
Hyperledger:IS-1399,Hyperledger,IS-1399,0,0,0,0
Hyperledger:IS-1388,Hyperledger,IS-1388,0,0,0,0
IntelDAOS:DAOS-3492,IntelDAOS,DAOS-3492,1,1,1,1
Qt:QTBUG-79116,Qt,QTBUG-79116,0,0,0,0
Hyperledger:IS-1386,Hyperledger,IS-1386,0,0,0,0
Hyperledger:INDY-2236,Hyperledger,INDY-2236,0,0,0,0
Hyperledger:INDY-2244,Hyperledger,INDY-2244,1,1,1,1
Qt:QTBUG-79136,Qt,QTBUG-79136,0,0,0,0
Qt:QTBUG-79135,Qt,QTBUG-79135,0,0,0,0
Hyperledger:FABCN-228,Hyperledger,FABCN-228,0,0,0,0
Qt:QDS-1165,Qt,QDS-1165,0,0,0,0
MariaDB:MCOL-3551,MariaDB,MCOL-3551,0,0,0,0
MariaDB:MCOL-3552,MariaDB,MCOL-3552,0,0,0,0
Hyperledger:IS-1406,Hyperledger,IS-1406,0,0,0,0
Qt:QDS-1168,Qt,QDS-1168,0,0,0,0
Qt:QSR-305,Qt,QSR-305,0,0,0,0
Qt:QSR-328,Qt,QSR-328,0,0,0,0
Qt:QSR-561,Qt,QSR-561,0,0,0,0
MariaDB:MCOL-3556,MariaDB,MCOL-3556,0,0,0,0
MariaDB:MCOL-3559,MariaDB,MCOL-3559,1,1,1,1
Qt:QDS-1170,Qt,QDS-1170,0,0,0,0
MariaDB:MCOL-3554,MariaDB,MCOL-3554,0,0,0,0
Hyperledger:INDY-2253,Hyperledger,INDY-2253,0,0,0,0
Qt:QTBUG-79273,Qt,QTBUG-79273,0,0,0,0
Hyperledger:FAB-16765,Hyperledger,FAB-16765,0,0,0,0
Hyperledger:FAB-16838,Hyperledger,FAB-16838,0,0,0,0
Jira:FE-7231,Jira,FE-7231,0,0,0,0
Hyperledger:FAB-16819,Hyperledger,FAB-16819,0,0,0,0
Hyperledger:INDY-2224,Hyperledger,INDY-2224,0,0,0,0
Qt:QTBUG-79306,Qt,QTBUG-79306,0,0,0,0
Qt:QTBUG-79341,Qt,QTBUG-79341,0,0,0,0
Qt:QDS-1122,Qt,QDS-1122,1,1,1,1
Qt:QDS-1173,Qt,QDS-1173,0,0,0,0
Qt:QDS-1174,Qt,QDS-1174,0,0,0,0
Qt:AUTOSUITE-1311,Qt,AUTOSUITE-1311,0,0,0,0
Qt:QDS-1175,Qt,QDS-1175,1,0,0,0
Qt:QDS-1177,Qt,QDS-1177,0,0,0,0
Qt:QDS-1179,Qt,QDS-1179,0,0,0,0
Qt:QTBUG-79355,Qt,QTBUG-79355,0,0,0,0
Qt:QTBUG-79357,Qt,QTBUG-79357,0,0,0,0
Qt:QTBUG-79358,Qt,QTBUG-79358,0,0,0,0
Qt:QDS-1180,Qt,QDS-1180,1,1,0,0
Qt:QTBUG-79360,Qt,QTBUG-79360,0,0,0,0
Qt:QTBUG-78670,Qt,QTBUG-78670,0,0,0,0
Qt:QTBUG-79362,Qt,QTBUG-79362,1,1,1,1
Qt:QTBUG-79364,Qt,QTBUG-79364,0,0,0,0
Qt:QTBUG-79367,Qt,QTBUG-79367,0,0,0,0
Hyperledger:INDY-2257,Hyperledger,INDY-2257,0,0,0,0
Hyperledger:FAB-16892,Hyperledger,FAB-16892,0,0,0,0
Hyperledger:FAB-16800,Hyperledger,FAB-16800,0,0,0,0
Qt:QDS-1183,Qt,QDS-1183,0,0,0,0
Qt:QDS-1184,Qt,QDS-1184,0,0,0,0
Hyperledger:INDY-2246,Hyperledger,INDY-2246,0,0,0,0
Qt:QTBUG-79384,Qt,QTBUG-79384,0,0,0,0
Qt:QTBUG-79387,Qt,QTBUG-79387,0,0,0,0
Qt:QTBUG-79390,Qt,QTBUG-79390,0,0,0,0
Qt:QTBUG-79399,Qt,QTBUG-79399,1,0,0,0
Hyperledger:INDY-340,Hyperledger,INDY-340,0,0,0,0
Qt:QTBUG-79413,Qt,QTBUG-79413,1,1,0,0
Qt:QTBUG-79436,Qt,QTBUG-79436,1,1,1,1
Qt:QDS-1185,Qt,QDS-1185,0,0,0,0
Qt:QDS-1186,Qt,QDS-1186,0,0,0,0
Qt:QTBUG-79438,Qt,QTBUG-79438,0,0,0,0
Qt:QTBUG-79439,Qt,QTBUG-79439,0,0,0,0
Qt:QTBUG-79440,Qt,QTBUG-79440,0,0,0,0
Qt:QTBUG-79441,Qt,QTBUG-79441,0,0,0,0
Qt:QDS-1187,Qt,QDS-1187,1,1,1,0
Qt:QDS-1188,Qt,QDS-1188,1,1,1,1
Qt:QTBUG-79449,Qt,QTBUG-79449,0,0,0,0
Qt:QTBUG-79450,Qt,QTBUG-79450,1,1,1,1
Qt:QTBUG-79451,Qt,QTBUG-79451,0,0,0,0
Qt:QTBUG-79452,Qt,QTBUG-79452,0,0,0,0
Qt:QTBUG-79455,Qt,QTBUG-79455,0,0,0,0
Qt:QTBUG-79459,Qt,QTBUG-79459,0,0,0,0
Qt:QTBUG-79460,Qt,QTBUG-79460,0,0,0,0
Qt:QTBUG-79392,Qt,QTBUG-79392,1,1,1,1
Jira:FE-7235,Jira,FE-7235,0,0,0,0
Hyperledger:INDY-2261,Hyperledger,INDY-2261,1,1,1,1
Qt:QTBUG-79466,Qt,QTBUG-79466,0,0,0,0
Qt:QTBUG-79467,Qt,QTBUG-79467,0,0,0,0
Hyperledger:FAB-16920,Hyperledger,FAB-16920,1,1,1,1
Hyperledger:FAB-16930,Hyperledger,FAB-16930,0,0,0,0
Hyperledger:FAB-16929,Hyperledger,FAB-16929,0,0,0,0
Qt:QTBUG-79480,Qt,QTBUG-79480,0,0,0,0
Qt:QTBUG-79481,Qt,QTBUG-79481,1,1,1,1
Hyperledger:INDY-2262,Hyperledger,INDY-2262,1,1,1,1
Hyperledger:INDY-2263,Hyperledger,INDY-2263,1,1,1,1
Qt:QTBUG-79496,Qt,QTBUG-79496,0,0,0,0
Qt:QTBUG-79498,Qt,QTBUG-79498,0,0,0,0
Jira:FE-7236,Jira,FE-7236,0,0,0,0
Qt:QTBUG-79503,Qt,QTBUG-79503,0,0,0,0
Qt:QTBUG-79504,Qt,QTBUG-79504,0,0,0,0
Qt:QTBUG-79505,Qt,QTBUG-79505,0,0,0,0
Qt:QTBUG-79506,Qt,QTBUG-79506,0,0,0,0
Qt:QTBUG-79507,Qt,QTBUG-79507,0,0,0,0
Qt:QTBUG-79508,Qt,QTBUG-79508,0,0,0,0
Qt:QTBUG-79509,Qt,QTBUG-79509,0,0,0,0
Qt:QTBUG-79510,Qt,QTBUG-79510,0,0,0,0
Qt:QTBUG-79511,Qt,QTBUG-79511,0,0,0,0
Qt:QTBUG-79512,Qt,QTBUG-79512,0,0,0,0
Qt:QTBUG-79513,Qt,QTBUG-79513,0,0,0,0
Qt:QTBUG-79514,Qt,QTBUG-79514,0,0,0,0
Qt:QTBUG-79515,Qt,QTBUG-79515,0,0,0,0
Qt:QTBUG-79516,Qt,QTBUG-79516,0,0,0,0
Qt:QTBUG-79517,Qt,QTBUG-79517,0,0,0,0
Qt:QTBUG-79518,Qt,QTBUG-79518,0,0,0,0
Qt:QTBUG-79520,Qt,QTBUG-79520,0,0,0,0
Qt:QTBUG-79521,Qt,QTBUG-79521,0,0,0,0
Hyperledger:FAB-16928,Hyperledger,FAB-16928,0,0,0,0
Qt:QTBUG-79534,Qt,QTBUG-79534,0,0,0,0
Qt:QTBUG-79537,Qt,QTBUG-79537,0,0,0,0
Hyperledger:INDY-2267,Hyperledger,INDY-2267,1,1,0,0
Qt:QTIFW-1462,Qt,QTIFW-1462,0,0,0,0
MariaDB:MXS-2729,MariaDB,MXS-2729,0,0,0,0
MariaDB:MXS-2736,MariaDB,MXS-2736,0,0,0,0
MariaDB:MXS-1138,MariaDB,MXS-1138,1,1,1,1
Qt:QTBUG-79567,Qt,QTBUG-79567,1,0,0,0
MariaDB:MXS-2443,MariaDB,MXS-2443,0,0,0,0
MariaDB:MXS-1720,MariaDB,MXS-1720,0,0,0,0
MariaDB:MXS-2348,MariaDB,MXS-2348,1,1,1,1
MariaDB:MXS-2059,MariaDB,MXS-2059,0,0,0,0
MariaDB:MXS-2740,MariaDB,MXS-2740,0,0,0,0
MariaDB:MXS-2741,MariaDB,MXS-2741,0,0,0,0
MariaDB:MXS-2739,MariaDB,MXS-2739,0,0,0,0
MariaDB:MXS-2737,MariaDB,MXS-2737,0,0,0,0
Qt:QTBUG-79575,Qt,QTBUG-79575,0,0,0,0
Hyperledger:IS-1192,Hyperledger,IS-1192,1,0,0,0
Hyperledger:IS-1412,Hyperledger,IS-1412,0,0,0,0
Hyperledger:INDY-2275,Hyperledger,INDY-2275,0,0,0,0
Qt:QTBUG-79584,Qt,QTBUG-79584,0,0,0,0
Qt:QTBUG-79588,Qt,QTBUG-79588,0,0,0,0
Qt:AUTOSUITE-1323,Qt,AUTOSUITE-1323,0,0,0,0
Qt:QTBUG-79608,Qt,QTBUG-79608,0,0,0,0
Qt:QTBUG-79609,Qt,QTBUG-79609,0,0,0,0
Qt:QTBUG-79615,Qt,QTBUG-79615,0,0,0,0
Qt:QTBUG-79632,Qt,QTBUG-79632,0,0,0,0
Jira:CRUC-8434,Jira,CRUC-8434,0,0,0,0
Qt:QDS-1195,Qt,QDS-1195,0,0,0,0
Qt:QDS-1196,Qt,QDS-1196,0,0,0,0
Qt:QTBUG-79642,Qt,QTBUG-79642,0,0,0,0
Hyperledger:FAB-16977,Hyperledger,FAB-16977,0,0,0,0
MariaDB:MCOL-3581,MariaDB,MCOL-3581,0,0,0,0
MariaDB:MCOL-894,MariaDB,MCOL-894,0,0,0,0
Hyperledger:FAB-16993,Hyperledger,FAB-16993,0,0,0,0
Qt:QTBUG-79716,Qt,QTBUG-79716,0,0,0,0
Qt:QTBUG-79718,Qt,QTBUG-79718,0,0,0,0
Qt:QDS-1201,Qt,QDS-1201,0,0,0,0
Qt:QDS-1202,Qt,QDS-1202,0,0,0,0
Qt:QDS-1178,Qt,QDS-1178,0,0,0,0
Qt:QDS-1203,Qt,QDS-1203,0,0,0,0
Qt:QDS-1204,Qt,QDS-1204,0,0,0,0
Qt:QDS-1205,Qt,QDS-1205,0,0,0,0
Qt:QDS-1206,Qt,QDS-1206,0,0,0,0
Qt:QDS-1208,Qt,QDS-1208,0,0,0,0
Qt:QDS-1209,Qt,QDS-1209,0,0,0,0
Qt:QTBUG-79739,Qt,QTBUG-79739,0,0,0,0
Qt:QTBUG-79740,Qt,QTBUG-79740,0,0,0,0
Qt:QDS-1210,Qt,QDS-1210,0,0,0,0
Qt:QTBUG-79741,Qt,QTBUG-79741,0,0,0,0
Qt:QTBUG-79755,Qt,QTBUG-79755,0,0,0,0
Qt:QTBUG-79756,Qt,QTBUG-79756,0,0,0,0
Qt:QTBUG-79767,Qt,QTBUG-79767,0,0,0,0
Qt:QTBUG-79771,Qt,QTBUG-79771,0,0,0,0
Hyperledger:FAB-17002,Hyperledger,FAB-17002,1,1,1,1
Hyperledger:FAB-17004,Hyperledger,FAB-17004,0,0,0,0
Hyperledger:FAB-17010,Hyperledger,FAB-17010,0,0,0,0
Qt:QTBUG-79791,Qt,QTBUG-79791,1,1,1,0
Hyperledger:INDY-2117,Hyperledger,INDY-2117,0,0,0,0
Qt:QTBUG-79811,Qt,QTBUG-79811,0,0,0,0
Qt:QTBUG-79812,Qt,QTBUG-79812,0,0,0,0
Qt:QTBUG-79813,Qt,QTBUG-79813,0,0,0,0
Qt:QTBUG-79814,Qt,QTBUG-79814,0,0,0,0
Qt:QTBUG-79815,Qt,QTBUG-79815,0,0,0,0
Qt:QTBUG-79816,Qt,QTBUG-79816,0,0,0,0
Qt:QTBUG-79817,Qt,QTBUG-79817,0,0,0,0
Qt:QTBUG-79818,Qt,QTBUG-79818,0,0,0,0
Qt:QTBUG-79819,Qt,QTBUG-79819,0,0,0,0
Qt:QTBUG-79820,Qt,QTBUG-79820,0,0,0,0
Qt:QTBUG-79822,Qt,QTBUG-79822,0,0,0,0
Qt:QTBUG-79824,Qt,QTBUG-79824,0,0,0,0
Qt:QTBUG-79825,Qt,QTBUG-79825,0,0,0,0
Qt:QTBUG-79826,Qt,QTBUG-79826,0,0,0,0
Qt:QTBUG-79827,Qt,QTBUG-79827,0,0,0,0
Qt:QTBUG-79828,Qt,QTBUG-79828,0,0,0,0
Qt:QTBUG-79829,Qt,QTBUG-79829,0,0,0,0
Qt:QTBUG-79830,Qt,QTBUG-79830,0,0,0,0
Qt:QTBUG-79831,Qt,QTBUG-79831,0,0,0,0
Qt:QTBUG-79832,Qt,QTBUG-79832,0,0,0,0
Qt:QTBUG-79833,Qt,QTBUG-79833,0,0,0,0
Qt:QTBUG-79834,Qt,QTBUG-79834,0,0,0,0
Qt:QTBUG-79835,Qt,QTBUG-79835,0,0,0,0
Hyperledger:FAB-15066,Hyperledger,FAB-15066,0,0,0,0
Hyperledger:FAB-16921,Hyperledger,FAB-16921,0,0,0,0
Qt:QTBUG-79843,Qt,QTBUG-79843,1,0,0,0
Qt:QTBUG-79853,Qt,QTBUG-79853,0,0,0,0
Hyperledger:FAB-15226,Hyperledger,FAB-15226,0,0,0,0
Hyperledger:INDY-2285,Hyperledger,INDY-2285,0,0,0,0
Hyperledger:INDY-2286,Hyperledger,INDY-2286,1,1,1,1
Hyperledger:FAB-17028,Hyperledger,FAB-17028,0,0,0,0
Hyperledger:FAB-17029,Hyperledger,FAB-17029,0,0,0,0
Hyperledger:INDY-2155,Hyperledger,INDY-2155,0,0,0,0
Qt:QTBUG-79879,Qt,QTBUG-79879,0,0,0,0
MariaDB:MCOL-3597,MariaDB,MCOL-3597,0,0,0,0
MariaDB:MCOL-3598,MariaDB,MCOL-3598,0,0,0,0
MariaDB:MCOL-3599,MariaDB,MCOL-3599,0,0,0,0
MariaDB:MCOL-3601,MariaDB,MCOL-3601,0,0,0,0
MariaDB:MCOL-3602,MariaDB,MCOL-3602,0,0,0,0
MariaDB:MCOL-3603,MariaDB,MCOL-3603,0,0,0,0
Qt:QDS-1213,Qt,QDS-1213,0,0,0,0
IntelDAOS:DAOS-3128,IntelDAOS,DAOS-3128,1,0,0,0
Qt:QDS-1214,Qt,QDS-1214,0,0,0,0
Qt:QDS-1215,Qt,QDS-1215,0,0,0,0
MariaDB:MCOL-3606,MariaDB,MCOL-3606,0,0,0,0
Hyperledger:INDY-2289,Hyperledger,INDY-2289,1,1,1,1
Qt:QTBUG-79917,Qt,QTBUG-79917,0,0,0,0
Qt:QSR-576,Qt,QSR-576,0,0,0,0
Qt:QSR-579,Qt,QSR-579,1,1,0,0
Qt:QSR-580,Qt,QSR-580,0,0,0,0
Qt:QSR-570,Qt,QSR-570,0,0,0,0
Qt:QSR-527,Qt,QSR-527,0,0,0,0
Qt:QSR-529,Qt,QSR-529,0,0,0,0
Qt:QSR-530,Qt,QSR-530,1,1,1,1
Qt:QSR-577,Qt,QSR-577,0,0,0,0
Qt:QSR-581,Qt,QSR-581,0,0,0,0
Qt:QSR-574,Qt,QSR-574,0,0,0,0
Qt:QSR-583,Qt,QSR-583,0,0,0,0
Qt:QSR-584,Qt,QSR-584,0,0,0,0
Hyperledger:INDY-2284,Hyperledger,INDY-2284,0,0,0,0
Hyperledger:INDY-2227,Hyperledger,INDY-2227,0,0,0,0
Hyperledger:INDY-2292,Hyperledger,INDY-2292,1,1,1,1
Hyperledger:FAB-17051,Hyperledger,FAB-17051,0,0,0,0
IntelDAOS:DAOS-3691,IntelDAOS,DAOS-3691,0,0,0,0
Qt:QTBUG-79954,Qt,QTBUG-79954,0,0,0,0
Qt:QDS-1219,Qt,QDS-1219,0,0,0,0
MariaDB:MXS-2691,MariaDB,MXS-2691,1,1,1,0
MariaDB:MXS-2769,MariaDB,MXS-2769,0,0,0,0
MariaDB:MXS-2768,MariaDB,MXS-2768,0,0,0,0
MariaDB:MXS-2767,MariaDB,MXS-2767,0,0,0,0
MariaDB:MXS-2766,MariaDB,MXS-2766,0,0,0,0
MariaDB:MCOL-3609,MariaDB,MCOL-3609,0,0,0,0
MariaDB:MCOL-3607,MariaDB,MCOL-3607,0,0,0,0
Qt:QTBUG-80023,Qt,QTBUG-80023,0,0,0,0
IntelDAOS:DAOS-3612,IntelDAOS,DAOS-3612,0,0,0,0
IntelDAOS:DAOS-3624,IntelDAOS,DAOS-3624,0,0,0,0
IntelDAOS:DAOS-3611,IntelDAOS,DAOS-3611,0,0,0,0
IntelDAOS:DAOS-2953,IntelDAOS,DAOS-2953,0,0,0,0
IntelDAOS:DAOS-2952,IntelDAOS,DAOS-2952,0,0,0,0
IntelDAOS:DAOS-2950,IntelDAOS,DAOS-2950,0,0,0,0
IntelDAOS:DAOS-3502,IntelDAOS,DAOS-3502,1,1,1,0
IntelDAOS:DAOS-3500,IntelDAOS,DAOS-3500,0,0,0,0
IntelDAOS:DAOS-3499,IntelDAOS,DAOS-3499,1,1,1,0
IntelDAOS:DAOS-3119,IntelDAOS,DAOS-3119,0,0,0,0
IntelDAOS:DAOS-3498,IntelDAOS,DAOS-3498,0,0,0,0
IntelDAOS:DAOS-3623,IntelDAOS,DAOS-3623,0,0,0,0
Qt:AUTOSUITE-1337,Qt,AUTOSUITE-1337,0,0,0,0
IntelDAOS:DAOS-3508,IntelDAOS,DAOS-3508,1,1,1,1
IntelDAOS:DAOS-3184,IntelDAOS,DAOS-3184,0,0,0,0
Hyperledger:FAB-16125,Hyperledger,FAB-16125,0,0,0,0
Hyperledger:FAB-17063,Hyperledger,FAB-17063,0,0,0,0
Hyperledger:FAB-17066,Hyperledger,FAB-17066,0,0,0,0
Hyperledger:FAB-16896,Hyperledger,FAB-16896,0,0,0,0
MariaDB:MCOL-3612,MariaDB,MCOL-3612,0,0,0,0
Hyperledger:FAB-16894,Hyperledger,FAB-16894,0,0,0,0
Hyperledger:FAB-16227,Hyperledger,FAB-16227,0,0,0,0
IntelDAOS:DAOS-1507,IntelDAOS,DAOS-1507,1,1,1,1
IntelDAOS:DAOS-2888,IntelDAOS,DAOS-2888,1,1,1,0
IntelDAOS:DAOS-2889,IntelDAOS,DAOS-2889,1,1,1,0
IntelDAOS:DAOS-3667,IntelDAOS,DAOS-3667,1,1,1,1
Jira:FE-7245,Jira,FE-7245,0,0,0,0
Qt:QTBUG-80100,Qt,QTBUG-80100,0,0,0,0
Qt:QDS-1229,Qt,QDS-1229,1,0,0,0
Qt:QDS-1231,Qt,QDS-1231,0,0,0,0
Qt:QDS-1232,Qt,QDS-1232,0,0,0,0
Qt:QDS-1233,Qt,QDS-1233,0,0,0,0
Qt:QTBUG-80102,Qt,QTBUG-80102,0,0,0,0
Qt:QTBUG-78061,Qt,QTBUG-78061,0,0,0,0
Qt:QTBUG-79003,Qt,QTBUG-79003,0,0,0,0
Qt:QDS-1207,Qt,QDS-1207,0,0,0,0
Qt:QDS-1235,Qt,QDS-1235,0,0,0,0
Qt:QDS-1234,Qt,QDS-1234,0,0,0,0
Qt:QDS-1228,Qt,QDS-1228,0,0,0,0
Qt:QDS-1236,Qt,QDS-1236,0,0,0,0
Qt:QDS-1237,Qt,QDS-1237,1,1,1,1
Qt:QDS-1238,Qt,QDS-1238,0,0,0,0
Qt:QTBUG-80154,Qt,QTBUG-80154,0,0,0,0
Qt:QDS-1244,Qt,QDS-1244,1,0,0,0
Qt:QDS-1245,Qt,QDS-1245,1,0,0,0
Qt:QTBUG-79519,Qt,QTBUG-79519,0,0,0,0
Hyperledger:FAB-17103,Hyperledger,FAB-17103,0,0,0,0
Hyperledger:FAB-16986,Hyperledger,FAB-16986,1,1,1,1
Hyperledger:INDY-2265,Hyperledger,INDY-2265,0,0,0,0
Hyperledger:INDY-2295,Hyperledger,INDY-2295,0,0,0,0
Hyperledger:INDY-2294,Hyperledger,INDY-2294,0,0,0,0
Hyperledger:INDY-2280,Hyperledger,INDY-2280,1,1,1,1
MariaDB:MCOL-3563,MariaDB,MCOL-3563,0,0,0,0
Hyperledger:INDY-2298,Hyperledger,INDY-2298,0,0,0,0
Hyperledger:INDY-2299,Hyperledger,INDY-2299,0,0,0,0
IntelDAOS:DAOS-3730,IntelDAOS,DAOS-3730,0,0,0,0
Hyperledger:FAB-16767,Hyperledger,FAB-16767,0,0,0,0
Hyperledger:FAB-16801,Hyperledger,FAB-16801,0,0,0,0
Hyperledger:FAB-16802,Hyperledger,FAB-16802,0,0,0,0
Hyperledger:FAB-16222,Hyperledger,FAB-16222,0,0,0,0
Hyperledger:FAB-16581,Hyperledger,FAB-16581,0,0,0,0
Hyperledger:FAB-16895,Hyperledger,FAB-16895,1,0,0,0
Hyperledger:FAB-17048,Hyperledger,FAB-17048,1,1,0,0
Hyperledger:FAB-17120,Hyperledger,FAB-17120,0,0,0,0
Qt:QDS-1248,Qt,QDS-1248,1,1,1,1
Jira:CONFSERVER-58983,Jira,CONFSERVER-58983,0,0,0,0
Hyperledger:INDY-2297,Hyperledger,INDY-2297,0,0,0,0
Hyperledger:INDY-2302,Hyperledger,INDY-2302,1,1,1,1
Hyperledger:IS-1425,Hyperledger,IS-1425,0,0,0,0
Hyperledger:IS-1426,Hyperledger,IS-1426,0,0,0,0
Hyperledger:IS-1427,Hyperledger,IS-1427,1,1,0,0
MariaDB:MCOL-3585,MariaDB,MCOL-3585,0,0,0,0
MariaDB:MCOL-3577,MariaDB,MCOL-3577,0,0,0,0
Hyperledger:INDY-2304,Hyperledger,INDY-2304,0,0,0,0
Qt:QDS-1256,Qt,QDS-1256,0,0,0,0
Qt:QDS-1257,Qt,QDS-1257,0,0,0,0
Qt:QDS-1258,Qt,QDS-1258,0,0,0,0
Hyperledger:IS-1429,Hyperledger,IS-1429,0,0,0,0
Hyperledger:FAB-17137,Hyperledger,FAB-17137,0,0,0,0
Qt:QDS-1270,Qt,QDS-1270,0,0,0,0
Qt:QDS-1273,Qt,QDS-1273,0,0,0,0
Qt:QDS-1230,Qt,QDS-1230,0,0,0,0
MariaDB:MXS-2781,MariaDB,MXS-2781,0,0,0,0
MariaDB:MCOL-3631,MariaDB,MCOL-3631,0,0,0,0
MariaDB:MCOL-3632,MariaDB,MCOL-3632,0,0,0,0
Hyperledger:INDY-2307,Hyperledger,INDY-2307,0,0,0,0
Qt:QTBUG-80390,Qt,QTBUG-80390,0,0,0,0
Qt:QTBUG-80391,Qt,QTBUG-80391,0,0,0,0
Qt:QTBUG-80716,Qt,QTBUG-80716,0,0,0,0
Qt:QTBUG-80717,Qt,QTBUG-80717,1,1,1,1
Qt:QTCREATORBUG-23291,Qt,QTCREATORBUG-23291,0,0,0,0
Qt:QDS-1283,Qt,QDS-1283,0,0,0,0
Qt:QDS-1284,Qt,QDS-1284,0,0,0,0
Qt:QDS-1285,Qt,QDS-1285,0,0,0,0
Qt:QTBUG-80455,Qt,QTBUG-80455,0,0,0,0
Qt:QTBUG-80456,Qt,QTBUG-80456,0,0,0,0
Qt:QDS-1146,Qt,QDS-1146,0,0,0,0
Qt:QDS-1143,Qt,QDS-1143,0,0,0,0
Qt:QSR-588,Qt,QSR-588,0,0,0,0
Qt:QDS-367,Qt,QDS-367,1,1,1,1
Qt:QDS-1298,Qt,QDS-1298,0,0,0,0
Qt:QDS-1261,Qt,QDS-1261,0,0,0,0
Qt:QDS-1301,Qt,QDS-1301,0,0,0,0
Qt:QDS-1302,Qt,QDS-1302,0,0,0,0
Qt:QDS-1304,Qt,QDS-1304,0,0,0,0
Qt:QDS-1303,Qt,QDS-1303,0,0,0,0
Qt:QDS-1305,Qt,QDS-1305,0,0,0,0
Qt:QDS-1300,Qt,QDS-1300,0,0,0,0
Qt:QDS-1306,Qt,QDS-1306,0,0,0,0
Qt:QDS-1307,Qt,QDS-1307,0,0,0,0
Qt:QDS-1309,Qt,QDS-1309,0,0,0,0
Qt:QDS-1310,Qt,QDS-1310,0,0,0,0
IntelDAOS:DAOS-3573,IntelDAOS,DAOS-3573,0,0,0,0
Hyperledger:FAB-17141,Hyperledger,FAB-17141,0,0,0,0
Hyperledger:FAB-17168,Hyperledger,FAB-17168,0,0,0,0
Hyperledger:FAB-15661,Hyperledger,FAB-15661,1,0,0,0
Hyperledger:FAB-17135,Hyperledger,FAB-17135,0,0,0,0
IntelDAOS:DAOS-3574,IntelDAOS,DAOS-3574,0,0,0,0
IntelDAOS:DAOS-3840,IntelDAOS,DAOS-3840,0,0,0,0
IntelDAOS:DAOS-3743,IntelDAOS,DAOS-3743,1,1,1,0
IntelDAOS:DAOS-3744,IntelDAOS,DAOS-3744,1,0,0,0
IntelDAOS:DAOS-1528,IntelDAOS,DAOS-1528,0,0,0,0
IntelDAOS:DAOS-3583,IntelDAOS,DAOS-3583,0,0,0,0
IntelDAOS:DAOS-3575,IntelDAOS,DAOS-3575,0,0,0,0
IntelDAOS:DAOS-3576,IntelDAOS,DAOS-3576,0,0,0,0
IntelDAOS:DAOS-2972,IntelDAOS,DAOS-2972,1,1,1,1
IntelDAOS:DAOS-3590,IntelDAOS,DAOS-3590,0,0,0,0
IntelDAOS:DAOS-3596,IntelDAOS,DAOS-3596,0,0,0,0
IntelDAOS:DAOS-3593,IntelDAOS,DAOS-3593,0,0,0,0
IntelDAOS:DAOS-3598,IntelDAOS,DAOS-3598,1,1,1,1
IntelDAOS:DAOS-3595,IntelDAOS,DAOS-3595,1,1,1,1
IntelDAOS:DAOS-3599,IntelDAOS,DAOS-3599,1,0,0,0
IntelDAOS:DAOS-3728,IntelDAOS,DAOS-3728,0,0,0,0
IntelDAOS:DAOS-2951,IntelDAOS,DAOS-2951,0,0,0,0
IntelDAOS:DAOS-2957,IntelDAOS,DAOS-2957,0,0,0,0
IntelDAOS:DAOS-2955,IntelDAOS,DAOS-2955,0,0,0,0
IntelDAOS:DAOS-3546,IntelDAOS,DAOS-3546,0,0,0,0
IntelDAOS:DAOS-3459,IntelDAOS,DAOS-3459,0,0,0,0
Hyperledger:FAB-17180,Hyperledger,FAB-17180,0,0,0,0
Hyperledger:FAB-17178,Hyperledger,FAB-17178,0,0,0,0
Hyperledger:FAB-17182,Hyperledger,FAB-17182,0,0,0,0
Hyperledger:INDY-2308,Hyperledger,INDY-2308,1,1,1,1
IntelDAOS:DAOS-3629,IntelDAOS,DAOS-3629,0,0,0,0
IntelDAOS:DAOS-3635,IntelDAOS,DAOS-3635,0,0,0,0
IntelDAOS:DAOS-3673,IntelDAOS,DAOS-3673,0,0,0,0
Qt:QDS-1311,Qt,QDS-1311,0,0,0,0
IntelDAOS:DAOS-3451,IntelDAOS,DAOS-3451,0,0,0,0
IntelDAOS:DAOS-3443,IntelDAOS,DAOS-3443,0,0,0,0
IntelDAOS:DAOS-3749,IntelDAOS,DAOS-3749,1,0,0,0
IntelDAOS:DAOS-3751,IntelDAOS,DAOS-3751,0,0,0,0
IntelDAOS:DAOS-3752,IntelDAOS,DAOS-3752,1,0,0,0
IntelDAOS:DAOS-3676,IntelDAOS,DAOS-3676,0,0,0,0
IntelDAOS:DAOS-3793,IntelDAOS,DAOS-3793,1,1,1,1
IntelDAOS:DAOS-3808,IntelDAOS,DAOS-3808,1,1,1,1
IntelDAOS:DAOS-3767,IntelDAOS,DAOS-3767,1,1,1,1
IntelDAOS:DAOS-3845,IntelDAOS,DAOS-3845,0,0,0,0
IntelDAOS:DAOS-3768,IntelDAOS,DAOS-3768,0,0,0,0
IntelDAOS:DAOS-3769,IntelDAOS,DAOS-3769,0,0,0,0
Qt:QTBUG-80536,Qt,QTBUG-80536,0,0,0,0
Hyperledger:FAB-16754,Hyperledger,FAB-16754,0,0,0,0
IntelDAOS:DAOS-3770,IntelDAOS,DAOS-3770,0,0,0,0
IntelDAOS:DAOS-3775,IntelDAOS,DAOS-3775,0,0,0,0
IntelDAOS:DAOS-3776,IntelDAOS,DAOS-3776,0,0,0,0
IntelDAOS:DAOS-3777,IntelDAOS,DAOS-3777,0,0,0,0
Hyperledger:FAB-17189,Hyperledger,FAB-17189,0,0,0,0
IntelDAOS:DAOS-3666,IntelDAOS,DAOS-3666,0,0,0,0
Hyperledger:FAB-17190,Hyperledger,FAB-17190,0,0,0,0
Hyperledger:FAB-17191,Hyperledger,FAB-17191,0,0,0,0
Hyperledger:FAB-17192,Hyperledger,FAB-17192,0,0,0,0
Hyperledger:FAB-17193,Hyperledger,FAB-17193,0,0,0,0
MariaDB:MCOL-3647,MariaDB,MCOL-3647,0,0,0,0
Qt:QTBUG-80543,Qt,QTBUG-80543,0,0,0,0
Hyperledger:FAB-17197,Hyperledger,FAB-17197,0,0,0,0
Hyperledger:FAB-17172,Hyperledger,FAB-17172,1,0,0,0
IntelDAOS:DAOS-3855,IntelDAOS,DAOS-3855,0,0,0,0
Qt:QTBUG-80567,Qt,QTBUG-80567,0,0,0,0
IntelDAOS:DAOS-3648,IntelDAOS,DAOS-3648,1,1,1,1
IntelDAOS:DAOS-3650,IntelDAOS,DAOS-3650,0,0,0,0
IntelDAOS:DAOS-3652,IntelDAOS,DAOS-3652,0,0,0,0
IntelDAOS:DAOS-3717,IntelDAOS,DAOS-3717,1,0,0,0
IntelDAOS:DAOS-3654,IntelDAOS,DAOS-3654,0,0,0,0
IntelDAOS:DAOS-3659,IntelDAOS,DAOS-3659,1,1,1,1
MariaDB:MCOL-3624,MariaDB,MCOL-3624,0,0,0,0
MariaDB:MCOL-3625,MariaDB,MCOL-3625,0,0,0,0
MariaDB:MCOL-3626,MariaDB,MCOL-3626,0,0,0,0
MariaDB:MCOL-3627,MariaDB,MCOL-3627,0,0,0,0
MariaDB:MCOL-3628,MariaDB,MCOL-3628,0,0,0,0
IntelDAOS:DAOS-3660,IntelDAOS,DAOS-3660,1,1,1,1
IntelDAOS:DAOS-3661,IntelDAOS,DAOS-3661,1,1,0,0
IntelDAOS:DAOS-3662,IntelDAOS,DAOS-3662,1,1,1,1
IntelDAOS:DAOS-3663,IntelDAOS,DAOS-3663,0,0,0,0
IntelDAOS:DAOS-3858,IntelDAOS,DAOS-3858,1,1,1,1
IntelDAOS:DAOS-3859,IntelDAOS,DAOS-3859,0,0,0,0
IntelDAOS:DAOS-3860,IntelDAOS,DAOS-3860,0,0,0,0
IntelDAOS:DAOS-3861,IntelDAOS,DAOS-3861,0,0,0,0
IntelDAOS:DAOS-3862,IntelDAOS,DAOS-3862,0,0,0,0
IntelDAOS:DAOS-3682,IntelDAOS,DAOS-3682,1,0,0,0
IntelDAOS:DAOS-3684,IntelDAOS,DAOS-3684,0,0,0,0
IntelDAOS:DAOS-3685,IntelDAOS,DAOS-3685,0,0,0,0
MariaDB:MCOL-3630,MariaDB,MCOL-3630,0,0,0,0
IntelDAOS:DAOS-3640,IntelDAOS,DAOS-3640,0,0,0,0
IntelDAOS:DAOS-3782,IntelDAOS,DAOS-3782,0,0,0,0
IntelDAOS:DAOS-3656,IntelDAOS,DAOS-3656,0,0,0,0
IntelDAOS:DAOS-3657,IntelDAOS,DAOS-3657,0,0,0,0
IntelDAOS:DAOS-3658,IntelDAOS,DAOS-3658,0,0,0,0
IntelDAOS:DAOS-1508,IntelDAOS,DAOS-1508,1,1,1,1
IntelDAOS:DAOS-2257,IntelDAOS,DAOS-2257,0,0,0,0
IntelDAOS:DAOS-3854,IntelDAOS,DAOS-3854,1,1,1,1
Hyperledger:IS-1440,Hyperledger,IS-1440,0,0,0,0
Hyperledger:IS-1421,Hyperledger,IS-1421,0,0,0,0
Hyperledger:FAB-17216,Hyperledger,FAB-17216,1,1,1,1
Hyperledger:IS-1420,Hyperledger,IS-1420,1,0,0,0
MariaDB:MXS-2497,MariaDB,MXS-2497,0,0,0,0
MariaDB:MXS-2790,MariaDB,MXS-2790,0,0,0,0
MariaDB:MXS-2785,MariaDB,MXS-2785,0,0,0,0
MariaDB:MXS-2505,MariaDB,MXS-2505,0,0,0,0
MariaDB:MXS-1895,MariaDB,MXS-1895,0,0,0,0
MariaDB:MXS-2044,MariaDB,MXS-2044,0,0,0,0
MariaDB:MXS-2579,MariaDB,MXS-2579,0,0,0,0
Hyperledger:INDY-2310,Hyperledger,INDY-2310,0,0,0,0
Hyperledger:IS-1435,Hyperledger,IS-1435,0,0,0,0
IntelDAOS:DAOS-2490,IntelDAOS,DAOS-2490,0,0,0,0
Hyperledger:FAB-17227,Hyperledger,FAB-17227,0,0,0,0
Qt:QTBUG-80669,Qt,QTBUG-80669,0,0,0,0
Qt:QDS-1334,Qt,QDS-1334,0,0,0,0
Qt:QTBUG-80703,Qt,QTBUG-80703,0,0,0,0
MariaDB:MXS-2708,MariaDB,MXS-2708,1,1,1,1
Qt:QTBUG-80753,Qt,QTBUG-80753,0,0,0,0
Qt:QTBUG-80754,Qt,QTBUG-80754,0,0,0,0
Qt:QTIFW-1512,Qt,QTIFW-1512,0,0,0,0
Qt:QTIFW-1513,Qt,QTIFW-1513,0,0,0,0
Qt:QTIFW-1514,Qt,QTIFW-1514,0,0,0,0
Qt:QTIFW-1515,Qt,QTIFW-1515,0,0,0,0
Qt:QTIFW-1516,Qt,QTIFW-1516,0,0,0,0
Qt:QTIFW-1517,Qt,QTIFW-1517,0,0,0,0
Qt:QTIFW-1518,Qt,QTIFW-1518,1,0,0,0
Qt:QTIFW-1519,Qt,QTIFW-1519,0,0,0,0
Qt:QTIFW-1520,Qt,QTIFW-1520,0,0,0,0
Qt:QTIFW-1521,Qt,QTIFW-1521,0,0,0,0
Qt:QTIFW-1522,Qt,QTIFW-1522,0,0,0,0
Qt:QTIFW-1523,Qt,QTIFW-1523,0,0,0,0
Qt:QTIFW-1524,Qt,QTIFW-1524,0,0,0,0
Qt:QDS-1361,Qt,QDS-1361,0,0,0,0
Qt:QDS-1362,Qt,QDS-1362,1,1,0,0
Qt:QDS-1363,Qt,QDS-1363,0,0,0,0
Qt:QDS-1367,Qt,QDS-1367,0,0,0,0
Qt:QDS-1368,Qt,QDS-1368,0,0,0,0
Qt:QDS-1369,Qt,QDS-1369,0,0,0,0
Qt:QDS-1370,Qt,QDS-1370,0,0,0,0
Qt:QDS-1371,Qt,QDS-1371,1,0,0,0
Qt:QDS-1374,Qt,QDS-1374,0,0,0,0
Qt:QDS-1375,Qt,QDS-1375,0,0,0,0
Qt:QDS-1376,Qt,QDS-1376,0,0,0,0
Qt:QDS-1377,Qt,QDS-1377,0,0,0,0
Qt:QDS-1378,Qt,QDS-1378,0,0,0,0
Qt:PYSIDE-1147,Qt,PYSIDE-1147,0,0,0,0
Qt:QTBUG-80816,Qt,QTBUG-80816,0,0,0,0
Qt:QTBUG-80820,Qt,QTBUG-80820,0,0,0,0
Qt:QTBUG-80821,Qt,QTBUG-80821,0,0,0,0
Qt:QTBUG-80822,Qt,QTBUG-80822,0,0,0,0
Qt:QTBUG-80823,Qt,QTBUG-80823,0,0,0,0
Qt:QTBUG-80824,Qt,QTBUG-80824,0,0,0,0
Qt:QTBUG-80826,Qt,QTBUG-80826,0,0,0,0
Qt:QTBUG-80827,Qt,QTBUG-80827,0,0,0,0
Qt:QDS-1393,Qt,QDS-1393,0,0,0,0
Qt:QDS-1221,Qt,QDS-1221,0,0,0,0
Qt:QDS-1394,Qt,QDS-1394,0,0,0,0
Qt:QDS-1395,Qt,QDS-1395,0,0,0,0
Qt:QDS-1396,Qt,QDS-1396,0,0,0,0
Hyperledger:INDY-2313,Hyperledger,INDY-2313,1,1,1,1
Hyperledger:IS-1449,Hyperledger,IS-1449,0,0,0,0
Hyperledger:IS-1450,Hyperledger,IS-1450,0,0,0,0
Hyperledger:IS-1453,Hyperledger,IS-1453,1,1,1,1
Hyperledger:IS-1454,Hyperledger,IS-1454,0,0,0,0
Jira:CONFSERVER-58425,Jira,CONFSERVER-58425,0,0,0,0
Hyperledger:IS-1455,Hyperledger,IS-1455,0,0,0,0
Hyperledger:FAB-17279,Hyperledger,FAB-17279,0,0,0,0
Hyperledger:FAB-17284,Hyperledger,FAB-17284,0,0,0,0
Hyperledger:IS-1432,Hyperledger,IS-1432,0,0,0,0
Qt:QTBUG-76502,Qt,QTBUG-76502,0,0,0,0
Qt:QTBUG-80369,Qt,QTBUG-80369,1,1,1,1
Qt:QTBUG-80906,Qt,QTBUG-80906,0,0,0,0
Qt:QTBUG-61928,Qt,QTBUG-61928,0,0,0,0
Hyperledger:INDY-2316,Hyperledger,INDY-2316,1,1,1,1
Qt:QTBUG-80940,Qt,QTBUG-80940,1,1,1,1
Hyperledger:IS-1457,Hyperledger,IS-1457,0,0,0,0
Jira:CONFCLOUD-68972,Jira,CONFCLOUD-68972,0,0,0,0
Jira:CONFCLOUD-68973,Jira,CONFCLOUD-68973,0,0,0,0
Hyperledger:IS-1459,Hyperledger,IS-1459,0,0,0,0
Hyperledger:IS-1460,Hyperledger,IS-1460,0,0,0,0
Hyperledger:INDY-2322,Hyperledger,INDY-2322,1,0,0,0
Hyperledger:IS-1431,Hyperledger,IS-1431,0,0,0,0
Hyperledger:IS-1391,Hyperledger,IS-1391,0,0,0,0
Hyperledger:IS-1389,Hyperledger,IS-1389,0,0,0,0
Hyperledger:IS-1166,Hyperledger,IS-1166,0,0,0,0
Hyperledger:IS-1333,Hyperledger,IS-1333,0,0,0,0
Qt:QTIFW-1369,Qt,QTIFW-1369,0,0,0,0
Qt:QTIFW-1529,Qt,QTIFW-1529,0,0,0,0
Qt:QTIFW-1027,Qt,QTIFW-1027,0,0,0,0
Hyperledger:IS-1462,Hyperledger,IS-1462,0,0,0,0
Hyperledger:FAB-17299,Hyperledger,FAB-17299,0,0,0,0
Hyperledger:FAB-17300,Hyperledger,FAB-17300,0,0,0,0
Qt:QTBUG-81068,Qt,QTBUG-81068,1,0,0,0
Qt:QSR-589,Qt,QSR-589,0,0,0,0
MariaDB:MCOL-3707,MariaDB,MCOL-3707,0,0,0,0
MariaDB:MCOL-3708,MariaDB,MCOL-3708,0,0,0,0
MariaDB:MCOL-3709,MariaDB,MCOL-3709,0,0,0,0
Qt:QTBUG-81090,Qt,QTBUG-81090,0,0,0,0
Qt:QTBUG-81091,Qt,QTBUG-81091,0,0,0,0
Qt:QTBUG-81053,Qt,QTBUG-81053,0,0,0,0
Hyperledger:FAB-17303,Hyperledger,FAB-17303,1,1,1,1
MariaDB:MXS-2819,MariaDB,MXS-2819,0,0,0,0
MariaDB:MXS-2804,MariaDB,MXS-2804,0,0,0,0
MariaDB:MXS-2817,MariaDB,MXS-2817,0,0,0,0
MariaDB:MXS-2826,MariaDB,MXS-2826,0,0,0,0
MariaDB:MXS-2758,MariaDB,MXS-2758,0,0,0,0
MariaDB:MXS-2827,MariaDB,MXS-2827,0,0,0,0
Qt:QTBUG-81208,Qt,QTBUG-81208,0,0,0,0
Qt:QTCREATORBUG-23406,Qt,QTCREATORBUG-23406,0,0,0,0
Qt:QTBUG-81210,Qt,QTBUG-81210,0,0,0,0
Hyperledger:FAB-17311,Hyperledger,FAB-17311,0,0,0,0
Hyperledger:FAB-15810,Hyperledger,FAB-15810,1,1,1,1
Hyperledger:INDY-2320,Hyperledger,INDY-2320,0,0,0,0
Qt:QDS-1457,Qt,QDS-1457,0,0,0,0
Qt:QDS-1458,Qt,QDS-1458,0,0,0,0
Qt:QDS-1459,Qt,QDS-1459,0,0,0,0
Qt:QDS-1460,Qt,QDS-1460,0,0,0,0
Qt:QSR-597,Qt,QSR-597,0,0,0,0
MariaDB:MXS-2830,MariaDB,MXS-2830,0,0,0,0
IntelDAOS:DAOS-3400,IntelDAOS,DAOS-3400,0,0,0,0
IntelDAOS:DAOS-3399,IntelDAOS,DAOS-3399,0,0,0,0
IntelDAOS:DAOS-3398,IntelDAOS,DAOS-3398,0,0,0,0
Hyperledger:INDY-2324,Hyperledger,INDY-2324,0,0,0,0
IntelDAOS:DAOS-3396,IntelDAOS,DAOS-3396,0,0,0,0
IntelDAOS:DAOS-3393,IntelDAOS,DAOS-3393,0,0,0,0
IntelDAOS:DAOS-3392,IntelDAOS,DAOS-3392,0,0,0,0
IntelDAOS:DAOS-3391,IntelDAOS,DAOS-3391,0,0,0,0
IntelDAOS:CART-832,IntelDAOS,CART-832,0,0,0,0
Hyperledger:FAB-11240,Hyperledger,FAB-11240,0,0,0,0
MariaDB:MCOL-3718,MariaDB,MCOL-3718,0,0,0,0
Qt:QDS-39,Qt,QDS-39,0,0,0,0
MariaDB:MCOL-3721,MariaDB,MCOL-3721,0,0,0,0
Qt:QDS-1474,Qt,QDS-1474,0,0,0,0
Qt:QDS-1475,Qt,QDS-1475,0,0,0,0
Qt:QDS-1469,Qt,QDS-1469,0,0,0,0
Qt:QDS-1465,Qt,QDS-1465,0,0,0,0
Qt:QDS-1464,Qt,QDS-1464,0,0,0,0
Qt:QDS-1463,Qt,QDS-1463,1,1,1,1
Qt:QDS-1462,Qt,QDS-1462,0,0,0,0
Qt:QDS-1461,Qt,QDS-1461,0,0,0,0
Qt:QDS-1476,Qt,QDS-1476,0,0,0,0
Qt:QDS-1477,Qt,QDS-1477,0,0,0,0
Qt:QDS-1478,Qt,QDS-1478,0,0,0,0
Qt:QDS-1480,Qt,QDS-1480,0,0,0,0
Qt:QDS-1481,Qt,QDS-1481,0,0,0,0
Qt:QDS-1373,Qt,QDS-1373,0,0,0,0
Qt:QDS-1366,Qt,QDS-1366,0,0,0,0
Qt:QTIFW-1556,Qt,QTIFW-1556,1,1,1,1
Qt:QDS-1484,Qt,QDS-1484,0,0,0,0
Qt:QDS-1487,Qt,QDS-1487,0,0,0,0
Hyperledger:IS-1465,Hyperledger,IS-1465,0,0,0,0
Hyperledger:FAB-17339,Hyperledger,FAB-17339,1,0,0,0
Qt:QDS-1490,Qt,QDS-1490,0,0,0,0
Qt:QTIFW-1560,Qt,QTIFW-1560,1,1,1,1
Qt:QTIFW-1561,Qt,QTIFW-1561,1,1,1,1
Qt:QTIFW-1563,Qt,QTIFW-1563,1,1,1,1
Qt:QTCREATORBUG-23471,Qt,QTCREATORBUG-23471,0,0,0,0
Hyperledger:INDY-2325,Hyperledger,INDY-2325,0,0,0,0
Hyperledger:INDY-2326,Hyperledger,INDY-2326,1,1,1,1
Hyperledger:INDY-2328,Hyperledger,INDY-2328,0,0,0,0
Qt:QDS-1496,Qt,QDS-1496,0,0,0,0
Hyperledger:IS-1365,Hyperledger,IS-1365,1,1,1,1
Hyperledger:IS-1468,Hyperledger,IS-1468,0,0,0,0
Qt:QTBUG-76679,Qt,QTBUG-76679,0,0,0,0
Qt:QTBUG-76700,Qt,QTBUG-76700,0,0,0,0
Qt:QTBUG-81381,Qt,QTBUG-81381,0,0,0,0
Qt:QTCREATORBUG-23484,Qt,QTCREATORBUG-23484,0,0,0,0
Qt:QTBUG-81364,Qt,QTBUG-81364,0,0,0,0
IntelDAOS:DAOS-2963,IntelDAOS,DAOS-2963,0,0,0,0
IntelDAOS:DAOS-2962,IntelDAOS,DAOS-2962,0,0,0,0
IntelDAOS:DAOS-2961,IntelDAOS,DAOS-2961,0,0,0,0
Qt:QTBUG-66740,Qt,QTBUG-66740,0,0,0,0
Qt:QTIFW-1564,Qt,QTIFW-1564,0,0,0,0
Qt:QTBUG-77608,Qt,QTBUG-77608,0,0,0,0
Qt:QTBUG-81386,Qt,QTBUG-81386,0,0,0,0
Qt:QTBUG-80360,Qt,QTBUG-80360,0,0,0,0
Qt:QTBUG-81388,Qt,QTBUG-81388,0,0,0,0
Qt:QTBUG-81389,Qt,QTBUG-81389,0,0,0,0
Hyperledger:FAB-17217,Hyperledger,FAB-17217,0,0,0,0
Qt:QTBUG-81403,Qt,QTBUG-81403,0,0,0,0
Qt:QTBUG-81380,Qt,QTBUG-81380,1,1,1,0
Qt:QTBUG-81406,Qt,QTBUG-81406,0,0,0,0
Qt:QTBUG-81409,Qt,QTBUG-81409,0,0,0,0
Qt:QTBUG-81410,Qt,QTBUG-81410,1,0,0,0
Qt:QTBUG-81411,Qt,QTBUG-81411,0,0,0,0
Qt:QTBUG-81453,Qt,QTBUG-81453,0,0,0,0
Qt:QTBUG-81454,Qt,QTBUG-81454,0,0,0,0
Qt:QTBUG-81455,Qt,QTBUG-81455,0,0,0,0
Qt:QTBUG-78672,Qt,QTBUG-78672,0,0,0,0
Qt:QSR-601,Qt,QSR-601,1,1,1,1
Qt:QSR-600,Qt,QSR-600,0,0,0,0
Qt:QSR-535,Qt,QSR-535,0,0,0,0
IntelDAOS:DAOS-4018,IntelDAOS,DAOS-4018,1,1,1,1
Hyperledger:FABCJ-260,Hyperledger,FABCJ-260,0,0,0,0
Hyperledger:FABCJ-270,Hyperledger,FABCJ-270,0,0,0,0
Hyperledger:FABCJ-269,Hyperledger,FABCJ-269,0,0,0,0
Hyperledger:FABN-1450,Hyperledger,FABN-1450,0,0,0,0
Hyperledger:FGJ-69,Hyperledger,FGJ-69,0,0,0,0
Hyperledger:FGJ-70,Hyperledger,FGJ-70,0,0,0,0
Hyperledger:FABCN-359,Hyperledger,FABCN-359,0,0,0,0
Hyperledger:FABCN-373,Hyperledger,FABCN-373,0,0,0,0
Hyperledger:FABN-1347,Hyperledger,FABN-1347,0,0,0,0
Hyperledger:FABG-933,Hyperledger,FABG-933,0,0,0,0
Hyperledger:FABCJ-271,Hyperledger,FABCJ-271,0,0,0,0
Qt:QDS-1513,Qt,QDS-1513,0,0,0,0
Hyperledger:INDY-2329,Hyperledger,INDY-2329,1,1,1,1
Hyperledger:INDY-2323,Hyperledger,INDY-2323,0,0,0,0
Qt:QTCREATORBUG-23493,Qt,QTCREATORBUG-23493,0,0,0,0
Qt:QTBUG-81500,Qt,QTBUG-81500,0,0,0,0
Qt:QDS-1515,Qt,QDS-1515,0,0,0,0
Hyperledger:INDY-1830,Hyperledger,INDY-1830,1,1,1,0
Qt:QTBUG-81526,Qt,QTBUG-81526,0,0,0,0
Qt:QTBUG-81527,Qt,QTBUG-81527,0,0,0,0
MariaDB:MXS-2774,MariaDB,MXS-2774,0,0,0,0
MariaDB:MXS-2841,MariaDB,MXS-2841,0,0,0,0
MariaDB:MXS-1686,MariaDB,MXS-1686,0,0,0,0
MariaDB:MXS-2842,MariaDB,MXS-2842,0,0,0,0
MariaDB:MXS-2145,MariaDB,MXS-2145,0,0,0,0
Hyperledger:FABCJ-273,Hyperledger,FABCJ-273,0,0,0,0
Hyperledger:FABCN-377,Hyperledger,FABCN-377,0,0,0,0
Hyperledger:FABJ-510,Hyperledger,FABJ-510,0,0,0,0
Hyperledger:FGJ-72,Hyperledger,FGJ-72,0,0,0,0
Jira:FE-7218,Jira,FE-7218,0,0,0,0
Qt:QSR-603,Qt,QSR-603,0,0,0,0
Qt:QSR-604,Qt,QSR-604,0,0,0,0
MariaDB:MCOL-3731,MariaDB,MCOL-3731,0,0,0,0
MariaDB:MCOL-3686,MariaDB,MCOL-3686,0,0,0,0
MariaDB:MCOL-2101,MariaDB,MCOL-2101,0,0,0,0
MariaDB:MCOL-641,MariaDB,MCOL-641,0,0,0,0
MariaDB:MCOL-3733,MariaDB,MCOL-3733,0,0,0,0
MariaDB:MCOL-3732,MariaDB,MCOL-3732,0,0,0,0
Qt:QTIFW-1567,Qt,QTIFW-1567,0,0,0,0
Qt:QTBUG-81548,Qt,QTBUG-81548,0,0,0,0
Qt:QTIFW-1569,Qt,QTIFW-1569,0,0,0,0
Qt:QTWEBSITE-902,Qt,QTWEBSITE-902,0,0,0,0
Qt:QTBUG-81560,Qt,QTBUG-81560,1,1,1,1
Hyperledger:FAB-17223,Hyperledger,FAB-17223,0,0,0,0
Hyperledger:FAB-17328,Hyperledger,FAB-17328,0,0,0,0
Hyperledger:FAB-17329,Hyperledger,FAB-17329,0,0,0,0
Hyperledger:FAB-17330,Hyperledger,FAB-17330,0,0,0,0
Hyperledger:FAB-17333,Hyperledger,FAB-17333,0,0,0,0
Hyperledger:FAB-17334,Hyperledger,FAB-17334,0,0,0,0
Hyperledger:FABN-1039,Hyperledger,FABN-1039,0,0,0,0
Hyperledger:FAB-17318,Hyperledger,FAB-17318,0,0,0,0
Hyperledger:FAB-17319,Hyperledger,FAB-17319,0,0,0,0
Hyperledger:FAB-17320,Hyperledger,FAB-17320,0,0,0,0
Hyperledger:FAB-17321,Hyperledger,FAB-17321,0,0,0,0
Hyperledger:FAB-17322,Hyperledger,FAB-17322,0,0,0,0
Hyperledger:FAB-17323,Hyperledger,FAB-17323,0,0,0,0
Hyperledger:FAB-17324,Hyperledger,FAB-17324,0,0,0,0
Hyperledger:FAB-17325,Hyperledger,FAB-17325,0,0,0,0
Hyperledger:FAB-17326,Hyperledger,FAB-17326,0,0,0,0
Hyperledger:FAB-17350,Hyperledger,FAB-17350,0,0,0,0
Qt:QDS-1523,Qt,QDS-1523,0,0,0,0
Qt:QDS-1524,Qt,QDS-1524,0,0,0,0
IntelDAOS:DAOS-3308,IntelDAOS,DAOS-3308,0,0,0,0
IntelDAOS:DAOS-3176,IntelDAOS,DAOS-3176,0,0,0,0
IntelDAOS:DAOS-3427,IntelDAOS,DAOS-3427,0,0,0,0
IntelDAOS:DAOS-3454,IntelDAOS,DAOS-3454,0,0,0,0
IntelDAOS:DAOS-3457,IntelDAOS,DAOS-3457,0,0,0,0
IntelDAOS:DAOS-3626,IntelDAOS,DAOS-3626,0,0,0,0
IntelDAOS:CART-722,IntelDAOS,CART-722,0,0,0,0
IntelDAOS:DAOS-2332,IntelDAOS,DAOS-2332,0,0,0,0
IntelDAOS:DAOS-3301,IntelDAOS,DAOS-3301,0,0,0,0
IntelDAOS:DAOS-1525,IntelDAOS,DAOS-1525,0,0,0,0
IntelDAOS:DAOS-2696,IntelDAOS,DAOS-2696,0,0,0,0
IntelDAOS:DAOS-3687,IntelDAOS,DAOS-3687,0,0,0,0
IntelDAOS:DAOS-3732,IntelDAOS,DAOS-3732,0,0,0,0
IntelDAOS:CART-827,IntelDAOS,CART-827,0,0,0,0
IntelDAOS:DAOS-2354,IntelDAOS,DAOS-2354,0,0,0,0
IntelDAOS:DAOS-3149,IntelDAOS,DAOS-3149,0,0,0,0
IntelDAOS:DAOS-3228,IntelDAOS,DAOS-3228,0,0,0,0
IntelDAOS:DAOS-3741,IntelDAOS,DAOS-3741,0,0,0,0
IntelDAOS:DAOS-3913,IntelDAOS,DAOS-3913,0,0,0,0
IntelDAOS:DAOS-2478,IntelDAOS,DAOS-2478,0,0,0,0
IntelDAOS:DAOS-2976,IntelDAOS,DAOS-2976,0,0,0,0
IntelDAOS:DAOS-3528,IntelDAOS,DAOS-3528,0,0,0,0
IntelDAOS:DAOS-866,IntelDAOS,DAOS-866,0,0,0,0
IntelDAOS:DAOS-2834,IntelDAOS,DAOS-2834,0,0,0,0
IntelDAOS:DAOS-2853,IntelDAOS,DAOS-2853,0,0,0,0
IntelDAOS:DAOS-2859,IntelDAOS,DAOS-2859,0,0,0,0
IntelDAOS:DAOS-3084,IntelDAOS,DAOS-3084,0,0,0,0
IntelDAOS:DAOS-3455,IntelDAOS,DAOS-3455,0,0,0,0
IntelDAOS:CART-812,IntelDAOS,CART-812,0,0,0,0
IntelDAOS:DAOS-2264,IntelDAOS,DAOS-2264,0,0,0,0
IntelDAOS:DAOS-2516,IntelDAOS,DAOS-2516,0,0,0,0
IntelDAOS:DAOS-3638,IntelDAOS,DAOS-3638,0,0,0,0
IntelDAOS:DAOS-3639,IntelDAOS,DAOS-3639,0,0,0,0
IntelDAOS:DAOS-868,IntelDAOS,DAOS-868,0,0,0,0
IntelDAOS:DAOS-3073,IntelDAOS,DAOS-3073,0,0,0,0
IntelDAOS:DAOS-3323,IntelDAOS,DAOS-3323,0,0,0,0
IntelDAOS:DAOS-3423,IntelDAOS,DAOS-3423,0,0,0,0
IntelDAOS:DAOS-3072,IntelDAOS,DAOS-3072,0,0,0,0
IntelDAOS:DAOS-3422,IntelDAOS,DAOS-3422,0,0,0,0
IntelDAOS:CART-604,IntelDAOS,CART-604,0,0,0,0
IntelDAOS:DAOS-2205,IntelDAOS,DAOS-2205,0,0,0,0
IntelDAOS:DAOS-3083,IntelDAOS,DAOS-3083,0,0,0,0
IntelDAOS:DAOS-3214,IntelDAOS,DAOS-3214,0,0,0,0
IntelDAOS:DAOS-3600,IntelDAOS,DAOS-3600,0,0,0,0
IntelDAOS:DAOS-3617,IntelDAOS,DAOS-3617,0,0,0,0
IntelDAOS:DAOS-3842,IntelDAOS,DAOS-3842,0,0,0,0
IntelDAOS:DAOS-869,IntelDAOS,DAOS-869,0,0,0,0
IntelDAOS:DAOS-2331,IntelDAOS,DAOS-2331,1,1,1,1
IntelDAOS:DAOS-3788,IntelDAOS,DAOS-3788,0,0,0,0
IntelDAOS:DAOS-3824,IntelDAOS,DAOS-3824,0,0,0,0
IntelDAOS:DAOS-3960,IntelDAOS,DAOS-3960,0,0,0,0
IntelDAOS:DAOS-2262,IntelDAOS,DAOS-2262,0,0,0,0
IntelDAOS:DAOS-3471,IntelDAOS,DAOS-3471,0,0,0,0
IntelDAOS:DAOS-3523,IntelDAOS,DAOS-3523,0,0,0,0
IntelDAOS:DAOS-3917,IntelDAOS,DAOS-3917,0,0,0,0
IntelDAOS:CART-725,IntelDAOS,CART-725,0,0,0,0
IntelDAOS:CART-814,IntelDAOS,CART-814,0,0,0,0
IntelDAOS:DAOS-3177,IntelDAOS,DAOS-3177,0,0,0,0
IntelDAOS:DAOS-3535,IntelDAOS,DAOS-3535,0,0,0,0
IntelDAOS:DAOS-3902,IntelDAOS,DAOS-3902,0,0,0,0
IntelDAOS:DAOS-2348,IntelDAOS,DAOS-2348,0,0,0,0
IntelDAOS:DAOS-3151,IntelDAOS,DAOS-3151,0,0,0,0
IntelDAOS:DAOS-3312,IntelDAOS,DAOS-3312,0,0,0,0
IntelDAOS:DAOS-3407,IntelDAOS,DAOS-3407,0,0,0,0
IntelDAOS:DAOS-3428,IntelDAOS,DAOS-3428,1,1,1,1
IntelDAOS:CART-667,IntelDAOS,CART-667,0,0,0,0
IntelDAOS:DAOS-1591,IntelDAOS,DAOS-1591,0,0,0,0
IntelDAOS:DAOS-3484,IntelDAOS,DAOS-3484,0,0,0,0
IntelDAOS:DAOS-3597,IntelDAOS,DAOS-3597,0,0,0,0
IntelDAOS:DAOS-3875,IntelDAOS,DAOS-3875,0,0,0,0
IntelDAOS:CART-724,IntelDAOS,CART-724,0,0,0,0
IntelDAOS:DAOS-3300,IntelDAOS,DAOS-3300,0,0,0,0
IntelDAOS:DAOS-3620,IntelDAOS,DAOS-3620,0,0,0,0
IntelDAOS:DAOS-3817,IntelDAOS,DAOS-3817,0,0,0,0
IntelDAOS:DAOS-2882,IntelDAOS,DAOS-2882,0,0,0,0
IntelDAOS:DAOS-3419,IntelDAOS,DAOS-3419,0,0,0,0
IntelDAOS:DAOS-3627,IntelDAOS,DAOS-3627,0,0,0,0
IntelDAOS:DAOS-2758,IntelDAOS,DAOS-2758,0,0,0,0
IntelDAOS:DAOS-2970,IntelDAOS,DAOS-2970,0,0,0,0
IntelDAOS:DAOS-3343,IntelDAOS,DAOS-3343,0,0,0,0
IntelDAOS:DAOS-3458,IntelDAOS,DAOS-3458,0,0,0,0
IntelDAOS:DAOS-3522,IntelDAOS,DAOS-3522,0,0,0,0
IntelDAOS:DAOS-3532,IntelDAOS,DAOS-3532,0,0,0,0
IntelDAOS:DAOS-2458,IntelDAOS,DAOS-2458,0,0,0,0
IntelDAOS:DAOS-2837,IntelDAOS,DAOS-2837,1,1,0,0
IntelDAOS:DAOS-2895,IntelDAOS,DAOS-2895,0,0,0,0
IntelDAOS:DAOS-3487,IntelDAOS,DAOS-3487,0,0,0,0
IntelDAOS:DAOS-3863,IntelDAOS,DAOS-3863,0,0,0,0
IntelDAOS:CART-821,IntelDAOS,CART-821,0,0,0,0
IntelDAOS:DAOS-3022,IntelDAOS,DAOS-3022,0,0,0,0
IntelDAOS:DAOS-3485,IntelDAOS,DAOS-3485,0,0,0,0
IntelDAOS:CART-815,IntelDAOS,CART-815,0,0,0,0
IntelDAOS:DAOS-3175,IntelDAOS,DAOS-3175,0,0,0,0
IntelDAOS:DAOS-3874,IntelDAOS,DAOS-3874,0,0,0,0
IntelDAOS:DAOS-3647,IntelDAOS,DAOS-3647,0,0,0,0
IntelDAOS:DAOS-3681,IntelDAOS,DAOS-3681,0,0,0,0
IntelDAOS:DAOS-2265,IntelDAOS,DAOS-2265,0,0,0,0
IntelDAOS:DAOS-2429,IntelDAOS,DAOS-2429,0,0,0,0
IntelDAOS:DAOS-3876,IntelDAOS,DAOS-3876,0,0,0,0
IntelDAOS:DAOS-643,IntelDAOS,DAOS-643,0,0,0,0
IntelDAOS:DAOS-3243,IntelDAOS,DAOS-3243,0,0,0,0
IntelDAOS:DAOS-641,IntelDAOS,DAOS-641,0,0,0,0
IntelDAOS:DAOS-648,IntelDAOS,DAOS-648,0,0,0,0
IntelDAOS:DAOS-2929,IntelDAOS,DAOS-2929,0,0,0,0
IntelDAOS:DAOS-3843,IntelDAOS,DAOS-3843,0,0,0,0
IntelDAOS:DAOS-3847,IntelDAOS,DAOS-3847,0,0,0,0
IntelDAOS:DAOS-3879,IntelDAOS,DAOS-3879,0,0,0,0
IntelDAOS:DAOS-1754,IntelDAOS,DAOS-1754,0,0,0,0
IntelDAOS:DAOS-3450,IntelDAOS,DAOS-3450,0,0,0,0
IntelDAOS:DAOS-3679,IntelDAOS,DAOS-3679,0,0,0,0
IntelDAOS:CART-633,IntelDAOS,CART-633,0,0,0,0
IntelDAOS:DAOS-2282,IntelDAOS,DAOS-2282,0,0,0,0
IntelDAOS:DAOS-3810,IntelDAOS,DAOS-3810,0,0,0,0
IntelDAOS:DAOS-865,IntelDAOS,DAOS-865,0,0,0,0
IntelDAOS:DAOS-1441,IntelDAOS,DAOS-1441,0,0,0,0
IntelDAOS:DAOS-1945,IntelDAOS,DAOS-1945,0,0,0,0
IntelDAOS:DAOS-3426,IntelDAOS,DAOS-3426,0,0,0,0
IntelDAOS:DAOS-3614,IntelDAOS,DAOS-3614,0,0,0,0
IntelDAOS:DAOS-867,IntelDAOS,DAOS-867,0,0,0,0
IntelDAOS:DAOS-3150,IntelDAOS,DAOS-3150,0,0,0,0
IntelDAOS:DAOS-3231,IntelDAOS,DAOS-3231,0,0,0,0
IntelDAOS:CART-805,IntelDAOS,CART-805,0,0,0,0
IntelDAOS:DAOS-2559,IntelDAOS,DAOS-2559,0,0,0,0
IntelDAOS:DAOS-3232,IntelDAOS,DAOS-3232,0,0,0,0
IntelDAOS:DAOS-3934,IntelDAOS,DAOS-3934,0,0,0,0
IntelDAOS:DAOS-3536,IntelDAOS,DAOS-3536,0,0,0,0
IntelDAOS:DAOS-3537,IntelDAOS,DAOS-3537,0,0,0,0
IntelDAOS:DAOS-3606,IntelDAOS,DAOS-3606,0,0,0,0
IntelDAOS:DAOS-3610,IntelDAOS,DAOS-3610,0,0,0,0
IntelDAOS:DAOS-2613,IntelDAOS,DAOS-2613,0,0,0,0
IntelDAOS:DAOS-3330,IntelDAOS,DAOS-3330,0,0,0,0
IntelDAOS:DAOS-3881,IntelDAOS,DAOS-3881,0,0,0,0
IntelDAOS:DAOS-3884,IntelDAOS,DAOS-3884,0,0,0,0
IntelDAOS:DAOS-2596,IntelDAOS,DAOS-2596,0,0,0,0
IntelDAOS:DAOS-3006,IntelDAOS,DAOS-3006,0,0,0,0
IntelDAOS:DAOS-3700,IntelDAOS,DAOS-3700,0,0,0,0
IntelDAOS:DAOS-3712,IntelDAOS,DAOS-3712,0,0,0,0
IntelDAOS:DAOS-2812,IntelDAOS,DAOS-2812,0,0,0,0
IntelDAOS:DAOS-3715,IntelDAOS,DAOS-3715,0,0,0,0
IntelDAOS:DAOS-3792,IntelDAOS,DAOS-3792,1,1,1,1
IntelDAOS:DAOS-3630,IntelDAOS,DAOS-3630,0,0,0,0
IntelDAOS:DAOS-3695,IntelDAOS,DAOS-3695,0,0,0,0
IntelDAOS:DAOS-2932,IntelDAOS,DAOS-2932,0,0,0,0
IntelDAOS:DAOS-3655,IntelDAOS,DAOS-3655,0,0,0,0
IntelDAOS:DAOS-3711,IntelDAOS,DAOS-3711,0,0,0,0
IntelDAOS:DAOS-2340,IntelDAOS,DAOS-2340,0,0,0,0
IntelDAOS:DAOS-3003,IntelDAOS,DAOS-3003,0,0,0,0
IntelDAOS:DAOS-3381,IntelDAOS,DAOS-3381,0,0,0,0
IntelDAOS:DAOS-2151,IntelDAOS,DAOS-2151,0,0,0,0
IntelDAOS:DAOS-3328,IntelDAOS,DAOS-3328,1,1,1,0
IntelDAOS:DAOS-3789,IntelDAOS,DAOS-3789,0,0,0,0
IntelDAOS:DAOS-3791,IntelDAOS,DAOS-3791,0,0,0,0
IntelDAOS:DAOS-3896,IntelDAOS,DAOS-3896,0,0,0,0
IntelDAOS:DAOS-3979,IntelDAOS,DAOS-3979,0,0,0,0
IntelDAOS:DAOS-3982,IntelDAOS,DAOS-3982,0,0,0,0
IntelDAOS:DAOS-1864,IntelDAOS,DAOS-1864,0,0,0,0
IntelDAOS:DAOS-2660,IntelDAOS,DAOS-2660,0,0,0,0
IntelDAOS:DAOS-3068,IntelDAOS,DAOS-3068,0,0,0,0
IntelDAOS:DAOS-3274,IntelDAOS,DAOS-3274,0,0,0,0
IntelDAOS:DAOS-2944,IntelDAOS,DAOS-2944,0,0,0,0
IntelDAOS:DAOS-3001,IntelDAOS,DAOS-3001,0,0,0,0
IntelDAOS:DAOS-3873,IntelDAOS,DAOS-3873,0,0,0,0
IntelDAOS:DAOS-3894,IntelDAOS,DAOS-3894,0,0,0,0
IntelDAOS:DAOS-2149,IntelDAOS,DAOS-2149,0,0,0,0
IntelDAOS:DAOS-2421,IntelDAOS,DAOS-2421,0,0,0,0
IntelDAOS:DAOS-3242,IntelDAOS,DAOS-3242,1,1,1,0
IntelDAOS:DAOS-3465,IntelDAOS,DAOS-3465,0,0,0,0
IntelDAOS:DAOS-722,IntelDAOS,DAOS-722,0,0,0,0
IntelDAOS:DAOS-3088,IntelDAOS,DAOS-3088,0,0,0,0
IntelDAOS:DAOS-3675,IntelDAOS,DAOS-3675,0,0,0,0
IntelDAOS:DAOS-4000,IntelDAOS,DAOS-4000,0,0,0,0
IntelDAOS:DAOS-4011,IntelDAOS,DAOS-4011,0,0,0,0
IntelDAOS:DAOS-4028,IntelDAOS,DAOS-4028,0,0,0,0
IntelDAOS:DAOS-1694,IntelDAOS,DAOS-1694,0,0,0,0
IntelDAOS:DAOS-2810,IntelDAOS,DAOS-2810,0,0,0,0
IntelDAOS:DAOS-3409,IntelDAOS,DAOS-3409,0,0,0,0
IntelDAOS:DAOS-3447,IntelDAOS,DAOS-3447,0,0,0,0
IntelDAOS:DAOS-3002,IntelDAOS,DAOS-3002,0,0,0,0
IntelDAOS:DAOS-3706,IntelDAOS,DAOS-3706,0,0,0,0
IntelDAOS:DAOS-2811,IntelDAOS,DAOS-2811,0,0,0,0
IntelDAOS:DAOS-3857,IntelDAOS,DAOS-3857,0,0,0,0
IntelDAOS:DAOS-3273,IntelDAOS,DAOS-3273,0,0,0,0
IntelDAOS:DAOS-3572,IntelDAOS,DAOS-3572,0,0,0,0
IntelDAOS:DAOS-2526,IntelDAOS,DAOS-2526,0,0,0,0
IntelDAOS:DAOS-3709,IntelDAOS,DAOS-3709,0,0,0,0
IntelDAOS:DAOS-3888,IntelDAOS,DAOS-3888,0,0,0,0
IntelDAOS:DAOS-1521,IntelDAOS,DAOS-1521,0,0,0,0
IntelDAOS:DAOS-3591,IntelDAOS,DAOS-3591,0,0,0,0
IntelDAOS:DAOS-908,IntelDAOS,DAOS-908,1,1,1,1
IntelDAOS:CART-721,IntelDAOS,CART-721,0,0,0,0
IntelDAOS:DAOS-3686,IntelDAOS,DAOS-3686,1,1,0,0
IntelDAOS:DAOS-3829,IntelDAOS,DAOS-3829,0,0,0,0
IntelDAOS:DAOS-2815,IntelDAOS,DAOS-2815,0,0,0,0
IntelDAOS:DAOS-2912,IntelDAOS,DAOS-2912,0,0,0,0
IntelDAOS:DAOS-3230,IntelDAOS,DAOS-3230,1,1,1,1
IntelDAOS:DAOS-3748,IntelDAOS,DAOS-3748,0,0,0,0
IntelDAOS:DAOS-2617,IntelDAOS,DAOS-2617,0,0,0,0
IntelDAOS:DAOS-2706,IntelDAOS,DAOS-2706,0,0,0,0
IntelDAOS:DAOS-2831,IntelDAOS,DAOS-2831,0,0,0,0
IntelDAOS:DAOS-3781,IntelDAOS,DAOS-3781,0,0,0,0
IntelDAOS:DAOS-2476,IntelDAOS,DAOS-2476,0,0,0,0
IntelDAOS:DAOS-2813,IntelDAOS,DAOS-2813,0,0,0,0
IntelDAOS:DAOS-3283,IntelDAOS,DAOS-3283,0,0,0,0
IntelDAOS:DAOS-3671,IntelDAOS,DAOS-3671,0,0,0,0
IntelDAOS:DAOS-2101,IntelDAOS,DAOS-2101,0,0,0,0
IntelDAOS:DAOS-2654,IntelDAOS,DAOS-2654,0,0,0,0
IntelDAOS:DAOS-2901,IntelDAOS,DAOS-2901,0,0,0,0
IntelDAOS:DAOS-2948,IntelDAOS,DAOS-2948,0,0,0,0
IntelDAOS:DAOS-3390,IntelDAOS,DAOS-3390,0,0,0,0
IntelDAOS:DAOS-3127,IntelDAOS,DAOS-3127,0,0,0,0
IntelDAOS:DAOS-909,IntelDAOS,DAOS-909,0,0,0,0
IntelDAOS:DAOS-1492,IntelDAOS,DAOS-1492,0,0,0,0
IntelDAOS:DAOS-723,IntelDAOS,DAOS-723,0,0,0,0
IntelDAOS:CART-835,IntelDAOS,CART-835,0,0,0,0
IntelDAOS:DAOS-2603,IntelDAOS,DAOS-2603,0,0,0,0
IntelDAOS:DAOS-3180,IntelDAOS,DAOS-3180,0,0,0,0
IntelDAOS:DAOS-3733,IntelDAOS,DAOS-3733,0,0,0,0
IntelDAOS:DAOS-863,IntelDAOS,DAOS-863,0,0,0,0
IntelDAOS:DAOS-2536,IntelDAOS,DAOS-2536,0,0,0,0
IntelDAOS:DAOS-2847,IntelDAOS,DAOS-2847,0,0,0,0
IntelDAOS:DAOS-3007,IntelDAOS,DAOS-3007,0,0,0,0
IntelDAOS:DAOS-3090,IntelDAOS,DAOS-3090,0,0,0,0
IntelDAOS:DAOS-3643,IntelDAOS,DAOS-3643,0,0,0,0
IntelDAOS:DAOS-3747,IntelDAOS,DAOS-3747,1,1,1,1
IntelDAOS:DAOS-3852,IntelDAOS,DAOS-3852,0,0,0,0
IntelDAOS:DAOS-1776,IntelDAOS,DAOS-1776,0,0,0,0
IntelDAOS:DAOS-2814,IntelDAOS,DAOS-2814,0,0,0,0
IntelDAOS:DAOS-3957,IntelDAOS,DAOS-3957,0,0,0,0
IntelDAOS:CART-837,IntelDAOS,CART-837,0,0,0,0
IntelDAOS:DAOS-2618,IntelDAOS,DAOS-2618,0,0,0,0
IntelDAOS:DAOS-3653,IntelDAOS,DAOS-3653,0,0,0,0
IntelDAOS:DAOS-3642,IntelDAOS,DAOS-3642,0,0,0,0
IntelDAOS:DAOS-3742,IntelDAOS,DAOS-3742,0,0,0,0
IntelDAOS:DAOS-3963,IntelDAOS,DAOS-3963,0,0,0,0
IntelDAOS:DAOS-2134,IntelDAOS,DAOS-2134,0,0,0,0
IntelDAOS:DAOS-2150,IntelDAOS,DAOS-2150,0,0,0,0
IntelDAOS:DAOS-2616,IntelDAOS,DAOS-2616,0,0,0,0
IntelDAOS:DAOS-3665,IntelDAOS,DAOS-3665,0,0,0,0
IntelDAOS:DAOS-1865,IntelDAOS,DAOS-1865,0,0,0,0
IntelDAOS:DAOS-2947,IntelDAOS,DAOS-2947,0,0,0,0
IntelDAOS:DAOS-3708,IntelDAOS,DAOS-3708,0,0,0,0
IntelDAOS:DAOS-3069,IntelDAOS,DAOS-3069,0,0,0,0
IntelDAOS:DAOS-3237,IntelDAOS,DAOS-3237,0,0,0,0
IntelDAOS:DAOS-3525,IntelDAOS,DAOS-3525,0,0,0,0
IntelDAOS:DAOS-910,IntelDAOS,DAOS-910,0,0,0,0
IntelDAOS:DAOS-2394,IntelDAOS,DAOS-2394,0,0,0,0
IntelDAOS:DAOS-2816,IntelDAOS,DAOS-2816,0,0,0,0
IntelDAOS:DAOS-3229,IntelDAOS,DAOS-3229,0,0,0,0
IntelDAOS:DAOS-3697,IntelDAOS,DAOS-3697,0,0,0,0
IntelDAOS:DAOS-3740,IntelDAOS,DAOS-3740,0,0,0,0
IntelDAOS:DAOS-3929,IntelDAOS,DAOS-3929,0,0,0,0
IntelDAOS:DAOS-3474,IntelDAOS,DAOS-3474,0,0,0,0
IntelDAOS:DAOS-3692,IntelDAOS,DAOS-3692,0,0,0,0
IntelDAOS:DAOS-3750,IntelDAOS,DAOS-3750,0,0,0,0
IntelDAOS:DAOS-2148,IntelDAOS,DAOS-2148,0,0,0,0
IntelDAOS:DAOS-3702,IntelDAOS,DAOS-3702,0,0,0,0
IntelDAOS:DAOS-3925,IntelDAOS,DAOS-3925,0,0,0,0
IntelDAOS:CART-768,IntelDAOS,CART-768,0,0,0,0
IntelDAOS:DAOS-3387,IntelDAOS,DAOS-3387,0,0,0,0
IntelDAOS:DAOS-3634,IntelDAOS,DAOS-3634,0,0,0,0
IntelDAOS:DAOS-3677,IntelDAOS,DAOS-3677,0,0,0,0
IntelDAOS:DAOS-3714,IntelDAOS,DAOS-3714,0,0,0,0
IntelDAOS:DAOS-3000,IntelDAOS,DAOS-3000,0,0,0,0
IntelDAOS:DAOS-3105,IntelDAOS,DAOS-3105,0,0,0,0
IntelDAOS:DAOS-3509,IntelDAOS,DAOS-3509,0,0,0,0
IntelDAOS:DAOS-3549,IntelDAOS,DAOS-3549,0,0,0,0
IntelDAOS:DAOS-3632,IntelDAOS,DAOS-3632,0,0,0,0
IntelDAOS:DAOS-3703,IntelDAOS,DAOS-3703,0,0,0,0
IntelDAOS:DAOS-3983,IntelDAOS,DAOS-3983,0,0,0,0
IntelDAOS:DAOS-2488,IntelDAOS,DAOS-2488,0,0,0,0
IntelDAOS:DAOS-2900,IntelDAOS,DAOS-2900,0,0,0,0
IntelDAOS:DAOS-2909,IntelDAOS,DAOS-2909,0,0,0,0
IntelDAOS:DAOS-3067,IntelDAOS,DAOS-3067,0,0,0,0
IntelDAOS:DAOS-3388,IntelDAOS,DAOS-3388,1,1,0,0
IntelDAOS:DAOS-3241,IntelDAOS,DAOS-3241,0,0,0,0
IntelDAOS:CART-838,IntelDAOS,CART-838,0,0,0,0
IntelDAOS:DAOS-2023,IntelDAOS,DAOS-2023,0,0,0,0
IntelDAOS:DAOS-2983,IntelDAOS,DAOS-2983,0,0,0,0
IntelDAOS:DAOS-3005,IntelDAOS,DAOS-3005,0,0,0,0
IntelDAOS:DAOS-3430,IntelDAOS,DAOS-3430,1,1,1,1
IntelDAOS:DAOS-4005,IntelDAOS,DAOS-4005,0,0,0,0
IntelDAOS:DAOS-2122,IntelDAOS,DAOS-2122,0,0,0,0
IntelDAOS:DAOS-3891,IntelDAOS,DAOS-3891,0,0,0,0
IntelDAOS:DAOS-3914,IntelDAOS,DAOS-3914,0,0,0,0
IntelDAOS:DAOS-2298,IntelDAOS,DAOS-2298,0,0,0,0
IntelDAOS:DAOS-3452,IntelDAOS,DAOS-3452,0,0,0,0
IntelDAOS:DAOS-3649,IntelDAOS,DAOS-3649,0,0,0,0
IntelDAOS:DAOS-3947,IntelDAOS,DAOS-3947,0,0,0,0
IntelDAOS:DAOS-3584,IntelDAOS,DAOS-3584,1,1,1,1
IntelDAOS:DAOS-3895,IntelDAOS,DAOS-3895,0,0,0,0
IntelDAOS:DAOS-4017,IntelDAOS,DAOS-4017,0,0,0,0
IntelDAOS:DAOS-3004,IntelDAOS,DAOS-3004,0,0,0,0
IntelDAOS:DAOS-3716,IntelDAOS,DAOS-3716,0,0,0,0
Hyperledger:FABN-1455,Hyperledger,FABN-1455,0,0,0,0
Hyperledger:FABCN-378,Hyperledger,FABCN-378,0,0,0,0
Qt:QTBUG-81591,Qt,QTBUG-81591,1,1,1,1
Qt:QTBUG-81601,Qt,QTBUG-81601,0,0,0,0
Qt:QTBUG-80312,Qt,QTBUG-80312,0,0,0,0
Qt:QTBUG-80441,Qt,QTBUG-80441,0,0,0,0
Qt:QTBUG-81609,Qt,QTBUG-81609,0,0,0,0
Qt:QTBUG-81613,Qt,QTBUG-81613,0,0,0,0
Qt:QTBUG-81627,Qt,QTBUG-81627,0,0,0,0
Qt:QTBUG-81630,Qt,QTBUG-81630,0,0,0,0
Qt:QTBUG-81631,Qt,QTBUG-81631,0,0,0,0
Hyperledger:FABN-1452,Hyperledger,FABN-1452,0,0,0,0
Hyperledger:FABN-1459,Hyperledger,FABN-1459,0,0,0,0
Hyperledger:FAB-17423,Hyperledger,FAB-17423,0,0,0,0
Qt:QTBUG-81646,Qt,QTBUG-81646,0,0,0,0
Qt:QTBUG-81647,Qt,QTBUG-81647,0,0,0,0
Qt:QTBUG-81648,Qt,QTBUG-81648,0,0,0,0
Qt:QTBUG-81649,Qt,QTBUG-81649,0,0,0,0
Qt:QTBUG-81652,Qt,QTBUG-81652,0,0,0,0
Qt:QTBUG-81653,Qt,QTBUG-81653,0,0,0,0
Qt:QDS-1531,Qt,QDS-1531,0,0,0,0
Qt:QDS-1532,Qt,QDS-1532,0,0,0,0
Qt:QDS-1533,Qt,QDS-1533,0,0,0,0
Qt:QDS-1534,Qt,QDS-1534,0,0,0,0
Qt:QDS-1535,Qt,QDS-1535,0,0,0,0
Qt:PYSIDE-1206,Qt,PYSIDE-1206,0,0,0,0
Qt:QDS-1537,Qt,QDS-1537,0,0,0,0
Qt:QDS-1538,Qt,QDS-1538,0,0,0,0
Hyperledger:FABN-1460,Hyperledger,FABN-1460,0,0,0,0
Qt:QDS-1540,Qt,QDS-1540,0,0,0,0
Hyperledger:FAB-17438,Hyperledger,FAB-17438,0,0,0,0
Qt:QTBUG-81496,Qt,QTBUG-81496,0,0,0,0
Qt:QDS-1545,Qt,QDS-1545,0,0,0,0
Qt:QDS-1546,Qt,QDS-1546,0,0,0,0
Qt:QDS-1547,Qt,QDS-1547,0,0,0,0
Qt:QDS-1548,Qt,QDS-1548,0,0,0,0
Hyperledger:FABCAG-16,Hyperledger,FABCAG-16,0,0,0,0
Hyperledger:FABN-1463,Hyperledger,FABN-1463,0,0,0,0
Hyperledger:FABN-1464,Hyperledger,FABN-1464,0,0,0,0
Hyperledger:FABN-1465,Hyperledger,FABN-1465,0,0,0,0
Qt:QDS-1549,Qt,QDS-1549,0,0,0,0
Qt:QDS-1550,Qt,QDS-1550,0,0,0,0
Qt:QDS-1551,Qt,QDS-1551,1,1,1,1
Qt:QDS-1552,Qt,QDS-1552,0,0,0,0
Qt:QDS-1553,Qt,QDS-1553,0,0,0,0
Hyperledger:FABN-1458,Hyperledger,FABN-1458,0,0,0,0
Hyperledger:FAB-17439,Hyperledger,FAB-17439,0,0,0,0
Qt:QTBUG-76978,Qt,QTBUG-76978,0,0,0,0
Qt:QDS-1561,Qt,QDS-1561,1,1,1,1
Qt:QDS-1562,Qt,QDS-1562,1,0,0,0
Qt:QDS-1554,Qt,QDS-1554,0,0,0,0
Qt:QDS-1565,Qt,QDS-1565,0,0,0,0
Qt:QDS-1566,Qt,QDS-1566,0,0,0,0
Qt:QTBUG-81407,Qt,QTBUG-81407,0,0,0,0
Qt:QDS-1543,Qt,QDS-1543,0,0,0,0
Qt:QDS-1544,Qt,QDS-1544,0,0,0,0
Qt:QDS-551,Qt,QDS-551,0,0,0,0
Qt:QDS-550,Qt,QDS-550,0,0,0,0
Qt:QDS-1568,Qt,QDS-1568,0,0,0,0
Qt:QTBUG-81645,Qt,QTBUG-81645,0,0,0,0
Qt:QTIFW-1583,Qt,QTIFW-1583,0,0,0,0
Qt:QTIFW-1582,Qt,QTIFW-1582,0,0,0,0
Qt:QTBUG-78938,Qt,QTBUG-78938,0,0,0,0
Qt:QTBUG-79528,Qt,QTBUG-79528,0,0,0,0
Qt:QT3DS-4044,Qt,QT3DS-4044,0,0,0,0
Qt:QDS-1574,Qt,QDS-1574,0,0,0,0
Hyperledger:FAB-17431,Hyperledger,FAB-17431,0,0,0,0
MariaDB:MCOL-3745,MariaDB,MCOL-3745,1,1,1,1
Hyperledger:IS-1472,Hyperledger,IS-1472,0,0,0,0
Qt:QDS-1576,Qt,QDS-1576,0,0,0,0
Qt:QTBUG-81712,Qt,QTBUG-81712,0,0,0,0
Hyperledger:INDY-2330,Hyperledger,INDY-2330,0,0,0,0
Hyperledger:INDY-2331,Hyperledger,INDY-2331,0,0,0,0
Hyperledger:INDY-1832,Hyperledger,INDY-1832,0,0,0,0
Hyperledger:FAB-17421,Hyperledger,FAB-17421,0,0,0,0
Hyperledger:IS-1473,Hyperledger,IS-1473,0,0,0,0
Qt:QDS-1585,Qt,QDS-1585,0,0,0,0
Hyperledger:FABCAG-22,Hyperledger,FABCAG-22,0,0,0,0
Hyperledger:FABCAG-21,Hyperledger,FABCAG-21,0,0,0,0
Hyperledger:FAB-17456,Hyperledger,FAB-17456,1,1,1,1
Qt:QTBUG-81774,Qt,QTBUG-81774,0,0,0,0
Hyperledger:FABN-1476,Hyperledger,FABN-1476,0,0,0,0
Hyperledger:FABN-1477,Hyperledger,FABN-1477,0,0,0,0
Hyperledger:FABN-1478,Hyperledger,FABN-1478,0,0,0,0
Hyperledger:FABCN-382,Hyperledger,FABCN-382,0,0,0,0
Qt:QTBUG-81489,Qt,QTBUG-81489,0,0,0,0
Qt:QTBUG-81497,Qt,QTBUG-81497,0,0,0,0
Qt:QTIFW-1594,Qt,QTIFW-1594,0,0,0,0
Qt:QTIFW-1595,Qt,QTIFW-1595,0,0,0,0
MariaDB:MXS-2866,MariaDB,MXS-2866,0,0,0,0
MariaDB:MXS-2867,MariaDB,MXS-2867,0,0,0,0
MariaDB:MXS-1954,MariaDB,MXS-1954,0,0,0,0
MariaDB:MXS-1923,MariaDB,MXS-1923,0,0,0,0
MariaDB:MXS-2869,MariaDB,MXS-2869,0,0,0,0
MariaDB:MXS-2870,MariaDB,MXS-2870,0,0,0,0
MariaDB:MXS-2856,MariaDB,MXS-2856,0,0,0,0
Hyperledger:IS-1478,Hyperledger,IS-1478,0,0,0,0
Hyperledger:IS-1479,Hyperledger,IS-1479,0,0,0,0
Hyperledger:IS-1480,Hyperledger,IS-1480,0,0,0,0
Qt:QTIFW-1597,Qt,QTIFW-1597,0,0,0,0
Qt:QTIFW-1598,Qt,QTIFW-1598,0,0,0,0
Hyperledger:INDY-2336,Hyperledger,INDY-2336,0,0,0,0
Hyperledger:IS-1485,Hyperledger,IS-1485,0,0,0,0
Hyperledger:FAB-17463,Hyperledger,FAB-17463,1,1,1,1
Hyperledger:IS-1486,Hyperledger,IS-1486,0,0,0,0
MariaDB:MCOL-3743,MariaDB,MCOL-3743,0,0,0,0
MariaDB:MCOL-3747,MariaDB,MCOL-3747,0,0,0,0
MariaDB:MCOL-3753,MariaDB,MCOL-3753,0,0,0,0
MariaDB:MCOL-3756,MariaDB,MCOL-3756,0,0,0,0
MariaDB:MCOL-3757,MariaDB,MCOL-3757,1,1,0,0
Qt:QTBUG-81848,Qt,QTBUG-81848,0,0,0,0
Qt:QTBUG-80339,Qt,QTBUG-80339,0,0,0,0
Qt:QTBUG-80597,Qt,QTBUG-80597,0,0,0,0
Qt:QTBUG-80308,Qt,QTBUG-80308,0,0,0,0
Hyperledger:FAB-17473,Hyperledger,FAB-17473,0,0,0,0
MariaDB:MXS-2875,MariaDB,MXS-2875,0,0,0,0
IntelDAOS:DAOS-4109,IntelDAOS,DAOS-4109,0,0,0,0
IntelDAOS:DAOS-4110,IntelDAOS,DAOS-4110,0,0,0,0
IntelDAOS:DAOS-4111,IntelDAOS,DAOS-4111,0,0,0,0
Qt:QTBUG-81587,Qt,QTBUG-81587,0,0,0,0
Qt:QTBUG-81928,Qt,QTBUG-81928,0,0,0,0
Qt:QTBUG-81930,Qt,QTBUG-81930,0,0,0,0
Qt:QTBUG-81931,Qt,QTBUG-81931,0,0,0,0
Qt:QTBUG-81932,Qt,QTBUG-81932,0,0,0,0
Qt:QTBUG-81934,Qt,QTBUG-81934,0,0,0,0
Qt:QSR-610,Qt,QSR-610,0,0,0,0
Qt:QSR-605,Qt,QSR-605,0,0,0,0
Qt:QSR-353,Qt,QSR-353,0,0,0,0
Qt:QSR-266,Qt,QSR-266,0,0,0,0
Qt:QSR-590,Qt,QSR-590,0,0,0,0
Qt:QTBUG-76501,Qt,QTBUG-76501,0,0,0,0
Qt:QTBUG-81344,Qt,QTBUG-81344,0,0,0,0
Qt:QTBUG-81628,Qt,QTBUG-81628,0,0,0,0
Hyperledger:FABN-1481,Hyperledger,FABN-1481,1,1,1,1
Qt:QDS-1605,Qt,QDS-1605,0,0,0,0
Qt:QDS-1606,Qt,QDS-1606,0,0,0,0
Qt:QDS-1608,Qt,QDS-1608,0,0,0,0
Qt:QDS-1609,Qt,QDS-1609,0,0,0,0
Hyperledger:FABN-1485,Hyperledger,FABN-1485,0,0,0,0
Hyperledger:FABN-1486,Hyperledger,FABN-1486,0,0,0,0
IntelDAOS:DAOS-4125,IntelDAOS,DAOS-4125,0,0,0,0
Hyperledger:FGJ-78,Hyperledger,FGJ-78,0,0,0,0
Hyperledger:FABN-1487,Hyperledger,FABN-1487,0,0,0,0
Hyperledger:FAB-17485,Hyperledger,FAB-17485,0,0,0,0
Qt:QDS-1614,Qt,QDS-1614,0,0,0,0
Qt:QDS-1570,Qt,QDS-1570,0,0,0,0
Qt:QDS-1615,Qt,QDS-1615,0,0,0,0
Qt:QTBUG-79921,Qt,QTBUG-79921,0,0,0,0
Qt:QDS-1616,Qt,QDS-1616,0,0,0,0
Qt:QDS-1617,Qt,QDS-1617,0,0,0,0
Qt:QDS-1618,Qt,QDS-1618,1,1,1,1
Qt:QDS-1619,Qt,QDS-1619,0,0,0,0
Qt:QDS-1620,Qt,QDS-1620,0,0,0,0
Qt:QDS-1621,Qt,QDS-1621,1,0,0,0
Qt:QDS-1623,Qt,QDS-1623,0,0,0,0
Qt:QDS-1624,Qt,QDS-1624,0,0,0,0
Qt:QDS-561,Qt,QDS-561,0,0,0,0
Qt:QDS-1625,Qt,QDS-1625,1,1,0,0
Qt:QDS-1626,Qt,QDS-1626,0,0,0,0
Qt:QDS-558,Qt,QDS-558,0,0,0,0
Qt:QTIFW-1576,Qt,QTIFW-1576,0,0,0,0
Qt:QTIFW-1577,Qt,QTIFW-1577,0,0,0,0
Qt:QTIFW-1578,Qt,QTIFW-1578,0,0,0,0
Qt:QTIFW-1579,Qt,QTIFW-1579,0,0,0,0
Qt:QTIFW-349,Qt,QTIFW-349,1,1,1,1
Qt:QTBUG-82006,Qt,QTBUG-82006,0,0,0,0
Qt:QT3DS-4048,Qt,QT3DS-4048,0,0,0,0
Qt:QT3DS-4040,Qt,QT3DS-4040,0,0,0,0
Qt:QTBUG-78850,Qt,QTBUG-78850,0,0,0,0
Qt:QTBUG-78944,Qt,QTBUG-78944,0,0,0,0
Qt:QT3DS-4030,Qt,QT3DS-4030,0,0,0,0
Qt:QTBUG-81987,Qt,QTBUG-81987,0,0,0,0
Qt:QTIFW-1608,Qt,QTIFW-1608,0,0,0,0
Qt:QDS-1628,Qt,QDS-1628,1,1,1,0
Qt:QDS-1629,Qt,QDS-1629,0,0,0,0
Hyperledger:FABCAG-25,Hyperledger,FABCAG-25,0,0,0,0
Hyperledger:FAB-17489,Hyperledger,FAB-17489,0,0,0,0
Qt:QTCREATORBUG-23586,Qt,QTCREATORBUG-23586,0,0,0,0
Qt:QTBUG-82027,Qt,QTBUG-82027,0,0,0,0
Qt:QDS-1630,Qt,QDS-1630,1,0,0,0
Qt:QDS-1631,Qt,QDS-1631,0,0,0,0
Qt:QDS-1632,Qt,QDS-1632,0,0,0,0
Qt:QDS-1633,Qt,QDS-1633,0,0,0,0
Hyperledger:FABCAG-26,Hyperledger,FABCAG-26,0,0,0,0
Qt:QTBUG-82044,Qt,QTBUG-82044,0,0,0,0
Qt:QTBUG-82039,Qt,QTBUG-82039,0,0,0,0
Qt:QTBUG-37355,Qt,QTBUG-37355,1,1,0,0
Hyperledger:FAB-17493,Hyperledger,FAB-17493,0,0,0,0
Hyperledger:IS-1495,Hyperledger,IS-1495,0,0,0,0
Qt:QTCREATORBUG-23584,Qt,QTCREATORBUG-23584,0,0,0,0
Hyperledger:FAB-17496,Hyperledger,FAB-17496,1,1,1,1
MariaDB:MCOL-3784,MariaDB,MCOL-3784,0,0,0,0
Qt:QDS-1640,Qt,QDS-1640,0,0,0,0
Qt:QTCREATORBUG-23595,Qt,QTCREATORBUG-23595,1,0,0,0
Hyperledger:INDY-2338,Hyperledger,INDY-2338,0,0,0,0
Qt:QTBUG-82106,Qt,QTBUG-82106,0,0,0,0
Hyperledger:FAB-17500,Hyperledger,FAB-17500,0,0,0,0
Qt:QDS-1643,Qt,QDS-1643,0,0,0,0
Qt:QTCREATORBUG-23600,Qt,QTCREATORBUG-23600,0,0,0,0
Hyperledger:FAB-17502,Hyperledger,FAB-17502,0,0,0,0
Qt:QSR-617,Qt,QSR-617,0,0,0,0
Hyperledger:FABN-1491,Hyperledger,FABN-1491,0,0,0,0
Hyperledger:FABN-1492,Hyperledger,FABN-1492,0,0,0,0
Qt:QDS-1654,Qt,QDS-1654,0,0,0,0
Hyperledger:IS-1497,Hyperledger,IS-1497,1,0,0,0
Hyperledger:IS-1498,Hyperledger,IS-1498,0,0,0,0
Qt:QTCREATORBUG-23608,Qt,QTCREATORBUG-23608,0,0,0,0
Hyperledger:FAB-17503,Hyperledger,FAB-17503,0,0,0,0
Qt:QDS-1655,Qt,QDS-1655,0,0,0,0
Qt:QTBUG-82190,Qt,QTBUG-82190,0,0,0,0
Qt:QTBUG-36585,Qt,QTBUG-36585,0,0,0,0
Hyperledger:INDY-2343,Hyperledger,INDY-2343,0,0,0,0
Hyperledger:INDY-2344,Hyperledger,INDY-2344,1,0,0,0
Hyperledger:INDY-2337,Hyperledger,INDY-2337,1,1,1,1
Qt:QTCREATORBUG-23618,Qt,QTCREATORBUG-23618,0,0,0,0
Hyperledger:IS-1496,Hyperledger,IS-1496,1,0,0,0
Jira:CONFSERVER-27618,Jira,CONFSERVER-27618,1,1,1,1
Hyperledger:FAB-17511,Hyperledger,FAB-17511,0,0,0,0
Hyperledger:FABN-1224,Hyperledger,FABN-1224,0,0,0,0
Hyperledger:FABN-1496,Hyperledger,FABN-1496,0,0,0,0
Hyperledger:FABN-1497,Hyperledger,FABN-1497,0,0,0,0
Qt:AUTOSUITE-1485,Qt,AUTOSUITE-1485,0,0,0,0
Qt:QTBUG-82289,Qt,QTBUG-82289,0,0,0,0
Qt:QDS-1660,Qt,QDS-1660,0,0,0,0
MariaDB:MCOL-3750,MariaDB,MCOL-3750,0,0,0,0
Qt:QDS-1646,Qt,QDS-1646,0,0,0,0
Qt:QTBUG-82334,Qt,QTBUG-82334,0,0,0,0
Qt:QTBUG-82347,Qt,QTBUG-82347,0,0,0,0
Hyperledger:FAB-17514,Hyperledger,FAB-17514,1,1,1,1
Qt:QTCREATORBUG-23619,Qt,QTCREATORBUG-23619,0,0,0,0
Qt:QTCREATORBUG-23620,Qt,QTCREATORBUG-23620,0,0,0,0
Qt:QTBUG-81941,Qt,QTBUG-81941,0,0,0,0
Qt:QTBUG-33735,Qt,QTBUG-33735,0,0,0,0
Qt:QTBUG-73240,Qt,QTBUG-73240,0,0,0,0
Qt:QSR-614,Qt,QSR-614,0,0,0,0
Hyperledger:IS-1503,Hyperledger,IS-1503,0,0,0,0
MariaDB:MCOL-3821,MariaDB,MCOL-3821,0,0,0,0
Qt:QDS-1670,Qt,QDS-1670,0,0,0,0
Qt:QDS-1671,Qt,QDS-1671,0,0,0,0
Qt:QDS-1672,Qt,QDS-1672,0,0,0,0
Qt:QDS-1673,Qt,QDS-1673,0,0,0,0
Hyperledger:FABG-937,Hyperledger,FABG-937,0,0,0,0
Hyperledger:FGJ-74,Hyperledger,FGJ-74,0,0,0,0
Jira:FE-7264,Jira,FE-7264,0,0,0,0
Hyperledger:FABN-1499,Hyperledger,FABN-1499,0,0,0,0
Hyperledger:IS-1504,Hyperledger,IS-1504,0,0,0,0
Jira:CONFSERVER-57886,Jira,CONFSERVER-57886,0,0,0,0
Jira:CONFSERVER-58035,Jira,CONFSERVER-58035,0,0,0,0
Jira:CONFSERVER-57955,Jira,CONFSERVER-57955,0,0,0,0
Qt:QDS-1677,Qt,QDS-1677,0,0,0,0
Qt:QDS-1678,Qt,QDS-1678,0,0,0,0
Qt:QDS-1679,Qt,QDS-1679,0,0,0,0
Qt:QDS-1680,Qt,QDS-1680,0,0,0,0
Qt:QDS-1681,Qt,QDS-1681,0,0,0,0
Qt:QDS-1682,Qt,QDS-1682,0,0,0,0
Qt:QDS-1683,Qt,QDS-1683,0,0,0,0
Qt:QDS-1684,Qt,QDS-1684,0,0,0,0
Qt:QDS-1685,Qt,QDS-1685,0,0,0,0
Qt:QDS-1686,Qt,QDS-1686,0,0,0,0
Qt:QDS-1689,Qt,QDS-1689,0,0,0,0
Qt:QDS-1690,Qt,QDS-1690,0,0,0,0
Qt:QDS-1691,Qt,QDS-1691,0,0,0,0
Qt:QDS-1692,Qt,QDS-1692,0,0,0,0
Qt:QDS-1693,Qt,QDS-1693,0,0,0,0
Qt:QDS-1485,Qt,QDS-1485,0,0,0,0
Qt:QDS-1676,Qt,QDS-1676,0,0,0,0
Qt:QDS-1639,Qt,QDS-1639,0,0,0,0
Qt:QDS-1694,Qt,QDS-1694,0,0,0,0
Qt:QDS-1687,Qt,QDS-1687,0,0,0,0
MariaDB:MXS-2897,MariaDB,MXS-2897,0,0,0,0
Qt:QTIFW-1602,Qt,QTIFW-1602,0,0,0,0
Qt:QTIFW-1643,Qt,QTIFW-1643,0,0,0,0
Qt:QTIFW-1644,Qt,QTIFW-1644,0,0,0,0
Qt:QTIFW-1645,Qt,QTIFW-1645,0,0,0,0
Qt:QTIFW-1646,Qt,QTIFW-1646,0,0,0,0
Qt:QTIFW-1647,Qt,QTIFW-1647,0,0,0,0
Qt:QTIFW-1648,Qt,QTIFW-1648,0,0,0,0
Qt:QTIFW-1649,Qt,QTIFW-1649,0,0,0,0
Qt:QTIFW-1650,Qt,QTIFW-1650,0,0,0,0
Qt:QTIFW-1651,Qt,QTIFW-1651,0,0,0,0
Qt:QTIFW-1652,Qt,QTIFW-1652,0,0,0,0
Qt:QTIFW-1653,Qt,QTIFW-1653,0,0,0,0
Qt:QTIFW-1654,Qt,QTIFW-1654,0,0,0,0
Qt:QTIFW-1655,Qt,QTIFW-1655,0,0,0,0
Qt:QTIFW-1656,Qt,QTIFW-1656,0,0,0,0
Qt:QTIFW-1657,Qt,QTIFW-1657,0,0,0,0
Qt:QTIFW-1642,Qt,QTIFW-1642,0,0,0,0
Qt:QTIFW-1633,Qt,QTIFW-1633,0,0,0,0
Qt:QTIFW-1639,Qt,QTIFW-1639,0,0,0,0
Qt:QTIFW-1661,Qt,QTIFW-1661,0,0,0,0
Qt:QTIFW-1625,Qt,QTIFW-1625,0,0,0,0
Qt:QTCREATORBUG-23582,Qt,QTCREATORBUG-23582,0,0,0,0
Qt:QTBUG-82394,Qt,QTBUG-82394,0,0,0,0
Qt:QTBUG-82439,Qt,QTBUG-82439,0,0,0,0
Qt:QDS-1699,Qt,QDS-1699,0,0,0,0
Qt:QDS-1698,Qt,QDS-1698,0,0,0,0
Qt:QT3DS-4077,Qt,QT3DS-4077,0,0,0,0
Qt:QT3DS-3821,Qt,QT3DS-3821,0,0,0,0
Qt:QDS-1712,Qt,QDS-1712,0,0,0,0
Hyperledger:FAB-17536,Hyperledger,FAB-17536,0,0,0,0
Qt:QTBUG-40040,Qt,QTBUG-40040,0,0,0,0
Qt:QTBUG-69851,Qt,QTBUG-69851,0,0,0,0
Qt:QTBUG-76999,Qt,QTBUG-76999,0,0,0,0
Qt:QTBUG-80507,Qt,QTBUG-80507,0,0,0,0
Qt:QTBUG-80534,Qt,QTBUG-80534,0,0,0,0
Qt:QTBUG-82529,Qt,QTBUG-82529,0,0,0,0
Qt:QTBUG-82530,Qt,QTBUG-82530,0,0,0,0
Qt:QTBUG-82531,Qt,QTBUG-82531,0,0,0,0
IntelDAOS:DAOS-4238,IntelDAOS,DAOS-4238,0,0,0,0
Hyperledger:FAB-17550,Hyperledger,FAB-17550,0,0,0,0
Hyperledger:FAB-17551,Hyperledger,FAB-17551,0,0,0,0
Hyperledger:INDY-2345,Hyperledger,INDY-2345,1,1,1,1
Qt:QTBUG-82558,Qt,QTBUG-82558,0,0,0,0
Hyperledger:INDY-2347,Hyperledger,INDY-2347,0,0,0,0
Hyperledger:FAB-17553,Hyperledger,FAB-17553,0,0,0,0
Hyperledger:FAB-17556,Hyperledger,FAB-17556,0,0,0,0
Hyperledger:INDY-2349,Hyperledger,INDY-2349,0,0,0,0
Hyperledger:INDY-2350,Hyperledger,INDY-2350,0,0,0,0
Qt:QTBUG-82575,Qt,QTBUG-82575,0,0,0,0
Qt:QTBUG-82576,Qt,QTBUG-82576,0,0,0,0
MariaDB:MXS-2902,MariaDB,MXS-2902,0,0,0,0
Hyperledger:FABN-1494,Hyperledger,FABN-1494,0,0,0,0
Hyperledger:FABN-1495,Hyperledger,FABN-1495,0,0,0,0
Qt:QDS-1730,Qt,QDS-1730,0,0,0,0
Hyperledger:IS-1505,Hyperledger,IS-1505,1,1,1,1
Hyperledger:IS-1506,Hyperledger,IS-1506,0,0,0,0
Hyperledger:FAB-17559,Hyperledger,FAB-17559,0,0,0,0
Hyperledger:INDY-2351,Hyperledger,INDY-2351,0,0,0,0
MariaDB:MXS-2835,MariaDB,MXS-2835,0,0,0,0
Hyperledger:IS-1515,Hyperledger,IS-1515,0,0,0,0
Hyperledger:IS-1516,Hyperledger,IS-1516,0,0,0,0
Hyperledger:IS-1517,Hyperledger,IS-1517,0,0,0,0
MariaDB:MXS-2905,MariaDB,MXS-2905,0,0,0,0
MariaDB:MXS-2906,MariaDB,MXS-2906,0,0,0,0
MariaDB:MXS-2074,MariaDB,MXS-2074,1,1,1,1
MariaDB:MCOL-3852,MariaDB,MCOL-3852,0,0,0,0
MariaDB:MCOL-3854,MariaDB,MCOL-3854,0,0,0,0
MariaDB:MCOL-3856,MariaDB,MCOL-3856,0,0,0,0
MariaDB:MCOL-3861,MariaDB,MCOL-3861,0,0,0,0
MariaDB:MCOL-3862,MariaDB,MCOL-3862,0,0,0,0
MariaDB:MCOL-3420,MariaDB,MCOL-3420,0,0,0,0
Qt:QTBUG-82630,Qt,QTBUG-82630,0,0,0,0
Qt:QTBUG-82310,Qt,QTBUG-82310,0,0,0,0
Qt:QDS-1740,Qt,QDS-1740,0,0,0,0
Qt:QTCREATORBUG-23364,Qt,QTCREATORBUG-23364,0,0,0,0
Qt:QTCREATORBUG-23686,Qt,QTCREATORBUG-23686,1,0,0,0
Qt:QTCREATORBUG-23683,Qt,QTCREATORBUG-23683,0,0,0,0
Qt:QTBUG-82667,Qt,QTBUG-82667,0,0,0,0
MariaDB:MXS-2913,MariaDB,MXS-2913,0,0,0,0
Qt:QTBUG-68814,Qt,QTBUG-68814,1,1,1,1
Qt:QTBUG-82671,Qt,QTBUG-82671,0,0,0,0
Qt:QTBUG-82672,Qt,QTBUG-82672,0,0,0,0
Hyperledger:FABCJ-281,Hyperledger,FABCJ-281,0,0,0,0
Hyperledger:FABCJ-282,Hyperledger,FABCJ-282,0,0,0,0
Qt:QDS-1744,Qt,QDS-1744,0,0,0,0
Qt:QTCREATORBUG-23691,Qt,QTCREATORBUG-23691,0,0,0,0
Qt:QTBUG-82687,Qt,QTBUG-82687,0,0,0,0
Qt:QSR-634,Qt,QSR-634,0,0,0,0
Qt:QTBUG-82383,Qt,QTBUG-82383,0,0,0,0
Hyperledger:IS-1519,Hyperledger,IS-1519,0,0,0,0
Qt:QTBUG-82716,Qt,QTBUG-82716,0,0,0,0
Qt:QDS-1743,Qt,QDS-1743,0,0,0,0
Hyperledger:FABG-938,Hyperledger,FABG-938,0,0,0,0
Hyperledger:FABN-1506,Hyperledger,FABN-1506,0,0,0,0
Qt:QDS-1752,Qt,QDS-1752,1,1,1,1
Qt:QDS-1735,Qt,QDS-1735,0,0,0,0
Qt:QDS-1634,Qt,QDS-1634,0,0,0,0
Qt:QTBUG-78829,Qt,QTBUG-78829,0,0,0,0
Qt:QT3DS-4065,Qt,QT3DS-4065,0,0,0,0
Qt:QDS-1747,Qt,QDS-1747,0,0,0,0
Qt:QDS-1754,Qt,QDS-1754,0,0,0,0
Qt:QDS-1033,Qt,QDS-1033,0,0,0,0
Qt:QDS-1756,Qt,QDS-1756,0,0,0,0
Qt:QDS-1757,Qt,QDS-1757,0,0,0,0
Qt:QTBUG-82740,Qt,QTBUG-82740,0,0,0,0
Hyperledger:IS-1520,Hyperledger,IS-1520,0,0,0,0
Qt:QSR-263,Qt,QSR-263,0,0,0,0
Qt:QTBUG-82808,Qt,QTBUG-82808,0,0,0,0
Qt:QDS-1814,Qt,QDS-1814,0,0,0,0
Qt:QDS-1816,Qt,QDS-1816,0,0,0,0
Qt:QDS-1817,Qt,QDS-1817,0,0,0,0
MariaDB:MXS-2922,MariaDB,MXS-2922,0,0,0,0
Hyperledger:INDY-2353,Hyperledger,INDY-2353,0,0,0,0
Hyperledger:INDY-2352,Hyperledger,INDY-2352,0,0,0,0
Hyperledger:FAB-17618,Hyperledger,FAB-17618,1,1,0,0
Hyperledger:FAB-17614,Hyperledger,FAB-17614,1,1,1,0
Hyperledger:FABG-940,Hyperledger,FABG-940,0,0,0,0
Hyperledger:FABN-1503,Hyperledger,FABN-1503,0,0,0,0
Hyperledger:FABN-1516,Hyperledger,FABN-1516,0,0,0,0
Hyperledger:FABN-1517,Hyperledger,FABN-1517,0,0,0,0
Hyperledger:FABN-1461,Hyperledger,FABN-1461,0,0,0,0
Hyperledger:FABN-1518,Hyperledger,FABN-1518,0,0,0,0
Hyperledger:FABN-1519,Hyperledger,FABN-1519,0,0,0,0
Qt:QTCREATORBUG-23723,Qt,QTCREATORBUG-23723,0,0,0,0
MariaDB:MXS-2925,MariaDB,MXS-2925,0,0,0,0
MariaDB:MXS-2924,MariaDB,MXS-2924,0,0,0,0
MariaDB:MXS-2923,MariaDB,MXS-2923,0,0,0,0
MariaDB:MXS-2926,MariaDB,MXS-2926,0,0,0,0
Qt:QDS-1820,Qt,QDS-1820,0,0,0,0
MariaDB:MXS-2909,MariaDB,MXS-2909,0,0,0,0
Qt:QTIFW-1638,Qt,QTIFW-1638,1,1,1,1
Qt:QTIFW-1671,Qt,QTIFW-1671,0,0,0,0
Qt:QTIFW-1634,Qt,QTIFW-1634,0,0,0,0
MariaDB:MXS-2927,MariaDB,MXS-2927,0,0,0,0
MariaDB:MXS-2928,MariaDB,MXS-2928,0,0,0,0
MariaDB:MXS-2929,MariaDB,MXS-2929,0,0,0,0
MariaDB:MXS-2912,MariaDB,MXS-2912,0,0,0,0
Qt:QTIFW-1672,Qt,QTIFW-1672,1,1,1,1
Hyperledger:IS-1526,Hyperledger,IS-1526,1,1,1,0
Hyperledger:IS-1527,Hyperledger,IS-1527,1,0,0,0
MariaDB:MCOL-3886,MariaDB,MCOL-3886,0,0,0,0
Qt:QDS-1825,Qt,QDS-1825,0,0,0,0
MariaDB:MCOL-3836,MariaDB,MCOL-3836,1,1,0,0
Hyperledger:INDY-2339,Hyperledger,INDY-2339,1,1,0,0
Hyperledger:INDY-2340,Hyperledger,INDY-2340,1,1,1,1
Hyperledger:INDY-2341,Hyperledger,INDY-2341,0,0,0,0
MariaDB:MXS-2934,MariaDB,MXS-2934,0,0,0,0
Qt:QTBUG-82532,Qt,QTBUG-82532,1,0,0,0
Qt:QTIFW-1673,Qt,QTIFW-1673,1,1,1,1
Qt:QTIFW-1674,Qt,QTIFW-1674,1,1,1,1
Qt:QTBUG-82918,Qt,QTBUG-82918,0,0,0,0
Qt:QTBUG-82908,Qt,QTBUG-82908,0,0,0,0
Qt:QTBUG-81588,Qt,QTBUG-81588,0,0,0,0
Qt:QTBUG-82950,Qt,QTBUG-82950,1,0,0,0
Qt:QTBUG-82712,Qt,QTBUG-82712,0,0,0,0
Qt:QSR-622,Qt,QSR-622,0,0,0,0
Qt:QTBUG-82337,Qt,QTBUG-82337,0,0,0,0
Qt:QTIFW-1676,Qt,QTIFW-1676,1,1,0,0
Qt:QTBUG-80464,Qt,QTBUG-80464,1,0,0,0
Qt:QTIFW-1677,Qt,QTIFW-1677,0,0,0,0
Qt:QTIFW-1678,Qt,QTIFW-1678,0,0,0,0
Qt:QTIFW-1681,Qt,QTIFW-1681,0,0,0,0
Qt:QTIFW-1682,Qt,QTIFW-1682,0,0,0,0
Hyperledger:FABN-1525,Hyperledger,FABN-1525,0,0,0,0
Hyperledger:FABN-1526,Hyperledger,FABN-1526,0,0,0,0
Hyperledger:FABN-1531,Hyperledger,FABN-1531,1,1,1,1
Qt:QDS-568,Qt,QDS-568,0,0,0,0
Qt:QDS-1030,Qt,QDS-1030,0,0,0,0
Qt:QDS-1842,Qt,QDS-1842,0,0,0,0
Qt:QTBUG-83011,Qt,QTBUG-83011,0,0,0,0
Qt:QDS-1851,Qt,QDS-1851,0,0,0,0
Qt:QDS-1844,Qt,QDS-1844,0,0,0,0
Qt:QDS-1846,Qt,QDS-1846,0,0,0,0
Qt:QDS-1849,Qt,QDS-1849,0,0,0,0
Qt:QDS-1850,Qt,QDS-1850,0,0,0,0
Qt:QDS-1843,Qt,QDS-1843,0,0,0,0
Qt:QDS-1852,Qt,QDS-1852,0,0,0,0
Qt:QDS-1853,Qt,QDS-1853,0,0,0,0
Qt:QDS-1854,Qt,QDS-1854,0,0,0,0
Qt:QDS-1052,Qt,QDS-1052,0,0,0,0
Qt:QTBUG-83009,Qt,QTBUG-83009,0,0,0,0
Qt:QT3DS-4086,Qt,QT3DS-4086,0,0,0,0
Hyperledger:FAB-17647,Hyperledger,FAB-17647,0,0,0,0
Hyperledger:FAB-17649,Hyperledger,FAB-17649,1,1,1,1
Qt:QTBUG-83038,Qt,QTBUG-83038,0,0,0,0
Qt:QTBUG-82994,Qt,QTBUG-82994,1,0,0,0
Qt:QTBUG-82922,Qt,QTBUG-82922,1,1,1,1
Hyperledger:FABN-1530,Hyperledger,FABN-1530,0,0,0,0
Qt:QTIFW-1694,Qt,QTIFW-1694,0,0,0,0
Qt:QDS-1861,Qt,QDS-1861,0,0,0,0
Qt:QTIFW-1696,Qt,QTIFW-1696,0,0,0,0
Qt:QTBUG-82577,Qt,QTBUG-82577,0,0,0,0
Hyperledger:FABCN-391,Hyperledger,FABCN-391,1,1,1,1
Qt:QTBUG-83090,Qt,QTBUG-83090,0,0,0,0
Qt:QTWEBSITE-919,Qt,QTWEBSITE-919,0,0,0,0
Qt:QTIFW-1697,Qt,QTIFW-1697,0,0,0,0
Qt:QTCREATORBUG-10831,Qt,QTCREATORBUG-10831,0,0,0,0
Hyperledger:FAB-17666,Hyperledger,FAB-17666,0,0,0,0
Qt:QTIFW-1699,Qt,QTIFW-1699,0,0,0,0
Hyperledger:FAB-17667,Hyperledger,FAB-17667,0,0,0,0
Hyperledger:FAB-17670,Hyperledger,FAB-17670,1,1,1,1
Hyperledger:FAB-17676,Hyperledger,FAB-17676,0,0,0,0
Hyperledger:FAB-17677,Hyperledger,FAB-17677,1,1,1,1
Hyperledger:FABN-1523,Hyperledger,FABN-1523,0,0,0,0
Qt:QTBUG-83136,Qt,QTBUG-83136,0,0,0,0
Qt:QTBUG-83137,Qt,QTBUG-83137,0,0,0,0
Hyperledger:FABCJ-283,Hyperledger,FABCJ-283,1,1,1,1
Qt:QTWEBSITE-921,Qt,QTWEBSITE-921,0,0,0,0
Hyperledger:FAB-17678,Hyperledger,FAB-17678,0,0,0,0
Hyperledger:FAB-17683,Hyperledger,FAB-17683,1,1,1,1
IntelDAOS:DAOS-4432,IntelDAOS,DAOS-4432,0,0,0,0
Qt:QDS-1866,Qt,QDS-1866,0,0,0,0
Qt:QDS-1868,Qt,QDS-1868,0,0,0,0
Qt:QDS-1869,Qt,QDS-1869,0,0,0,0
Qt:QDS-1870,Qt,QDS-1870,0,0,0,0
Qt:QDS-1871,Qt,QDS-1871,0,0,0,0
Qt:QDS-1872,Qt,QDS-1872,0,0,0,0
MariaDB:MXS-2946,MariaDB,MXS-2946,0,0,0,0
Qt:QTBUG-83051,Qt,QTBUG-83051,0,0,0,0
MariaDB:MXS-2937,MariaDB,MXS-2937,0,0,0,0
MariaDB:MXS-2944,MariaDB,MXS-2944,0,0,0,0
MariaDB:MXS-2947,MariaDB,MXS-2947,0,0,0,0
MariaDB:MXS-2949,MariaDB,MXS-2949,0,0,0,0
Qt:QTIFW-1692,Qt,QTIFW-1692,0,0,0,0
Qt:QTIFW-1574,Qt,QTIFW-1574,0,0,0,0
Qt:QTIFW-1702,Qt,QTIFW-1702,0,0,0,0
MariaDB:MCOL-3910,MariaDB,MCOL-3910,0,0,0,0
Hyperledger:FAB-17697,Hyperledger,FAB-17697,0,0,0,0
Qt:QTBUG-83193,Qt,QTBUG-83193,0,0,0,0
Qt:QTIFW-1710,Qt,QTIFW-1710,0,0,0,0
Qt:QTIFW-1711,Qt,QTIFW-1711,0,0,0,0
Qt:QTIFW-1713,Qt,QTIFW-1713,0,0,0,0
Qt:QTIFW-1714,Qt,QTIFW-1714,0,0,0,0
Qt:QTIFW-1715,Qt,QTIFW-1715,0,0,0,0
Qt:QTIFW-1716,Qt,QTIFW-1716,0,0,0,0
Qt:QTIFW-1717,Qt,QTIFW-1717,0,0,0,0
Qt:QTIFW-1718,Qt,QTIFW-1718,0,0,0,0
Qt:QTIFW-1719,Qt,QTIFW-1719,0,0,0,0
Qt:QTIFW-1720,Qt,QTIFW-1720,0,0,0,0
Qt:QTIFW-1721,Qt,QTIFW-1721,0,0,0,0
Qt:QTIFW-1722,Qt,QTIFW-1722,0,0,0,0
Qt:QTIFW-1723,Qt,QTIFW-1723,0,0,0,0
Qt:QTBUG-81498,Qt,QTBUG-81498,0,0,0,0
Qt:QTIFW-1724,Qt,QTIFW-1724,0,0,0,0
Qt:QTIFW-1726,Qt,QTIFW-1726,0,0,0,0
Hyperledger:FAB-17699,Hyperledger,FAB-17699,0,0,0,0
Qt:QTBUG-83215,Qt,QTBUG-83215,0,0,0,0
Qt:QTBUG-83175,Qt,QTBUG-83175,0,0,0,0
Qt:QTBUG-83219,Qt,QTBUG-83219,0,0,0,0
Qt:QTBUG-83236,Qt,QTBUG-83236,0,0,0,0
Qt:QTIFW-1729,Qt,QTIFW-1729,1,1,1,1
IntelDAOS:DAOS-4468,IntelDAOS,DAOS-4468,0,0,0,0
Qt:QTBUG-83269,Qt,QTBUG-83269,0,0,0,0
Qt:QSR-628,Qt,QSR-628,0,0,0,0
Qt:QSR-640,Qt,QSR-640,0,0,0,0
Hyperledger:FAB-17702,Hyperledger,FAB-17702,1,0,0,0
Hyperledger:FAB-17703,Hyperledger,FAB-17703,0,0,0,0
Hyperledger:FAB-17704,Hyperledger,FAB-17704,0,0,0,0
Qt:QTBUG-83258,Qt,QTBUG-83258,0,0,0,0
Hyperledger:FAB-17707,Hyperledger,FAB-17707,0,0,0,0
Hyperledger:FAB-17710,Hyperledger,FAB-17710,0,0,0,0
Hyperledger:FAB-17713,Hyperledger,FAB-17713,0,0,0,0
Hyperledger:FAB-17714,Hyperledger,FAB-17714,0,0,0,0
Hyperledger:FAB-17715,Hyperledger,FAB-17715,0,0,0,0
Qt:QDS-1896,Qt,QDS-1896,0,0,0,0
Qt:QDS-1900,Qt,QDS-1900,0,0,0,0
Qt:QDS-1901,Qt,QDS-1901,0,0,0,0
Qt:QDS-1902,Qt,QDS-1902,0,0,0,0
Qt:QDS-1904,Qt,QDS-1904,0,0,0,0
Qt:QDS-1906,Qt,QDS-1906,0,0,0,0
Qt:QDS-1907,Qt,QDS-1907,0,0,0,0
Qt:QDS-1908,Qt,QDS-1908,0,0,0,0
Qt:QDS-1909,Qt,QDS-1909,0,0,0,0
Qt:QTIFW-1730,Qt,QTIFW-1730,0,0,0,0
Qt:QDS-1910,Qt,QDS-1910,0,0,0,0
Qt:QTBUG-73934,Qt,QTBUG-73934,1,0,0,0
Qt:QTBUG-81948,Qt,QTBUG-81948,0,0,0,0
Hyperledger:FAB-17688,Hyperledger,FAB-17688,1,1,1,1
Hyperledger:FAB-17689,Hyperledger,FAB-17689,0,0,0,0
Hyperledger:FAB-17690,Hyperledger,FAB-17690,0,0,0,0
Qt:QTBUG-83351,Qt,QTBUG-83351,0,0,0,0
Qt:QDS-1895,Qt,QDS-1895,0,0,0,0
Qt:QDS-1915,Qt,QDS-1915,0,0,0,0
Qt:QTBUG-83367,Qt,QTBUG-83367,0,0,0,0
Hyperledger:FAB-17718,Hyperledger,FAB-17718,1,0,0,0
MariaDB:MXS-2958,MariaDB,MXS-2958,0,0,0,0
Hyperledger:FAB-17721,Hyperledger,FAB-17721,1,0,0,0
Qt:QTBUG-83389,Qt,QTBUG-83389,0,0,0,0
MariaDB:MXS-2941,MariaDB,MXS-2941,0,0,0,0
Hyperledger:FAB-17739,Hyperledger,FAB-17739,0,0,0,0
MariaDB:MXS-2965,MariaDB,MXS-2965,0,0,0,0
Qt:QTIFW-1629,Qt,QTIFW-1629,0,0,0,0
MariaDB:MXS-2911,MariaDB,MXS-2911,0,0,0,0
MariaDB:MXS-2478,MariaDB,MXS-2478,0,0,0,0
Qt:QTIFW-1736,Qt,QTIFW-1736,0,0,0,0
Qt:QDS-1479,Qt,QDS-1479,0,0,0,0
MariaDB:MXS-2916,MariaDB,MXS-2916,0,0,0,0
Qt:QTIFW-1737,Qt,QTIFW-1737,0,0,0,0
Qt:QTIFW-1580,Qt,QTIFW-1580,0,0,0,0
Qt:QTIFW-1738,Qt,QTIFW-1738,0,0,0,0
Qt:QDS-1951,Qt,QDS-1951,0,0,0,0
Hyperledger:FAB-17756,Hyperledger,FAB-17756,0,0,0,0
Hyperledger:FAB-17757,Hyperledger,FAB-17757,0,0,0,0
Hyperledger:FAB-17759,Hyperledger,FAB-17759,1,1,1,1
Qt:QTIFW-1739,Qt,QTIFW-1739,0,0,0,0
Qt:QTIFW-1740,Qt,QTIFW-1740,0,0,0,0
Hyperledger:FAB-17760,Hyperledger,FAB-17760,0,0,0,0
Hyperledger:FAB-17761,Hyperledger,FAB-17761,0,0,0,0
Qt:QTBUG-83463,Qt,QTBUG-83463,0,0,0,0
Hyperledger:FAB-17763,Hyperledger,FAB-17763,0,0,0,0
Qt:QTIFW-1742,Qt,QTIFW-1742,0,0,0,0
IntelDAOS:DAOS-4612,IntelDAOS,DAOS-4612,0,0,0,0
Qt:QDS-1962,Qt,QDS-1962,0,0,0,0
Qt:QTBUG-83621,Qt,QTBUG-83621,0,0,0,0
Hyperledger:FAB-17771,Hyperledger,FAB-17771,0,0,0,0
Qt:QDS-1890,Qt,QDS-1890,0,0,0,0
Qt:QDS-1501,Qt,QDS-1501,1,1,0,0
Qt:QDS-1502,Qt,QDS-1502,0,0,0,0
Qt:QDS-1973,Qt,QDS-1973,0,0,0,0
Qt:QDS-1974,Qt,QDS-1974,0,0,0,0
Qt:QDS-1975,Qt,QDS-1975,0,0,0,0
Qt:QDS-1884,Qt,QDS-1884,0,0,0,0
Qt:QDS-1838,Qt,QDS-1838,0,0,0,0
Qt:QTIFW-1745,Qt,QTIFW-1745,0,0,0,0
Qt:QDS-1541,Qt,QDS-1541,0,0,0,0
Qt:QDS-791,Qt,QDS-791,0,0,0,0
Qt:QDS-1836,Qt,QDS-1836,0,0,0,0
IntelDAOS:DAOS-4631,IntelDAOS,DAOS-4631,0,0,0,0
Qt:QDS-1969,Qt,QDS-1969,0,0,0,0
Qt:QDS-1970,Qt,QDS-1970,0,0,0,0
Qt:QDS-1971,Qt,QDS-1971,0,0,0,0
Qt:QDS-1972,Qt,QDS-1972,0,0,0,0
Qt:QDS-1976,Qt,QDS-1976,0,0,0,0
Qt:QDS-1978,Qt,QDS-1978,0,0,0,0
Qt:QDS-1980,Qt,QDS-1980,0,0,0,0
Qt:QTBUG-83676,Qt,QTBUG-83676,0,0,0,0
Jira:FE-7277,Jira,FE-7277,0,0,0,0
Jira:CRUC-8462,Jira,CRUC-8462,0,0,0,0
Jira:FE-7280,Jira,FE-7280,0,0,0,0
Jira:CRUC-8465,Jira,CRUC-8465,0,0,0,0
Qt:QDS-1983,Qt,QDS-1983,0,0,0,0
Hyperledger:FAB-17780,Hyperledger,FAB-17780,0,0,0,0
Hyperledger:FAB-17777,Hyperledger,FAB-17777,0,0,0,0
Hyperledger:FAB-17781,Hyperledger,FAB-17781,1,1,0,0
Hyperledger:FAB-17782,Hyperledger,FAB-17782,1,1,1,1
Hyperledger:FAB-17783,Hyperledger,FAB-17783,1,1,0,0
Qt:QTWEBSITE-923,Qt,QTWEBSITE-923,0,0,0,0
Hyperledger:FAB-17786,Hyperledger,FAB-17786,1,1,0,0
Hyperledger:FAB-17792,Hyperledger,FAB-17792,1,1,1,1
Hyperledger:FAB-17793,Hyperledger,FAB-17793,1,1,1,0
Hyperledger:FAB-17794,Hyperledger,FAB-17794,0,0,0,0
Hyperledger:FAB-17795,Hyperledger,FAB-17795,0,0,0,0
Hyperledger:FAB-17799,Hyperledger,FAB-17799,0,0,0,0
Hyperledger:FAB-17802,Hyperledger,FAB-17802,1,1,1,1
Qt:QTBUG-83752,Qt,QTBUG-83752,0,0,0,0
Qt:QSR-656,Qt,QSR-656,0,0,0,0
Hyperledger:FAB-17809,Hyperledger,FAB-17809,0,0,0,0
Qt:QTBUG-83362,Qt,QTBUG-83362,0,0,0,0
Qt:QTBUG-83623,Qt,QTBUG-83623,0,0,0,0
Qt:QTBUG-83624,Qt,QTBUG-83624,0,0,0,0
Qt:QTCREATORBUG-23935,Qt,QTCREATORBUG-23935,0,0,0,0
Qt:QTCREATORBUG-23936,Qt,QTCREATORBUG-23936,0,0,0,0
Qt:QTCREATORBUG-23937,Qt,QTCREATORBUG-23937,0,0,0,0
MariaDB:MXS-2974,MariaDB,MXS-2974,0,0,0,0
MariaDB:MXS-2975,MariaDB,MXS-2975,0,0,0,0
Qt:QTBUG-76086,Qt,QTBUG-76086,0,0,0,0
Qt:QTBUG-83792,Qt,QTBUG-83792,0,0,0,0
Qt:QTBUG-83794,Qt,QTBUG-83794,0,0,0,0
MariaDB:MXS-2976,MariaDB,MXS-2976,0,0,0,0
MariaDB:MXS-2977,MariaDB,MXS-2977,0,0,0,0
Qt:QTBUG-83797,Qt,QTBUG-83797,0,0,0,0
Hyperledger:FABN-1544,Hyperledger,FABN-1544,1,1,1,1
Hyperledger:FABG-935,Hyperledger,FABG-935,0,0,0,0
Qt:QTBUG-80387,Qt,QTBUG-80387,0,0,0,0
Hyperledger:FABN-1539,Hyperledger,FABN-1539,0,0,0,0
Hyperledger:FABCAG-27,Hyperledger,FABCAG-27,1,1,1,1
Qt:QTBUG-80715,Qt,QTBUG-80715,0,0,0,0
Qt:QTBUG-83238,Qt,QTBUG-83238,0,0,0,0
Qt:QTBUG-81997,Qt,QTBUG-81997,1,1,1,1
Qt:QTBUG-80188,Qt,QTBUG-80188,0,0,0,0
Qt:QTBUG-83805,Qt,QTBUG-83805,0,0,0,0
MariaDB:MCOL-3964,MariaDB,MCOL-3964,0,0,0,0
Hyperledger:FAB-17814,Hyperledger,FAB-17814,0,0,0,0
Qt:QDS-2017,Qt,QDS-2017,0,0,0,0
Qt:QTIFW-1751,Qt,QTIFW-1751,0,0,0,0
IntelDAOS:DAOS-4686,IntelDAOS,DAOS-4686,0,0,0,0
Qt:QTBUG-83838,Qt,QTBUG-83838,1,0,0,0
IntelDAOS:DAOS-4688,IntelDAOS,DAOS-4688,0,0,0,0
Hyperledger:FABN-1548,Hyperledger,FABN-1548,0,0,0,0
Qt:QTIFW-1752,Qt,QTIFW-1752,0,0,0,0
Qt:QTBUG-83849,Qt,QTBUG-83849,0,0,0,0
Qt:QTBUG-83850,Qt,QTBUG-83850,0,0,0,0
Qt:QTBUG-83826,Qt,QTBUG-83826,0,0,0,0
Qt:QTBUG-83873,Qt,QTBUG-83873,0,0,0,0
Qt:QTBUG-83877,Qt,QTBUG-83877,0,0,0,0
Hyperledger:FABN-1549,Hyperledger,FABN-1549,0,0,0,0
Qt:QTBUG-80316,Qt,QTBUG-80316,0,0,0,0
Qt:QTBUG-53465,Qt,QTBUG-53465,0,0,0,0
Qt:QTBUG-78069,Qt,QTBUG-78069,0,0,0,0
Qt:QTBUG-83930,Qt,QTBUG-83930,0,0,0,0
Hyperledger:FAB-17830,Hyperledger,FAB-17830,0,0,0,0
Qt:QTBUG-81589,Qt,QTBUG-81589,0,0,0,0
Qt:QTIFW-1581,Qt,QTIFW-1581,0,0,0,0
Qt:QTIFW-1758,Qt,QTIFW-1758,0,0,0,0
Qt:QTIFW-1759,Qt,QTIFW-1759,0,0,0,0
Qt:QTIFW-1760,Qt,QTIFW-1760,1,1,1,1
Qt:QTIFW-1627,Qt,QTIFW-1627,0,0,0,0
Qt:QTIFW-1631,Qt,QTIFW-1631,0,0,0,0
Qt:QDS-2027,Qt,QDS-2027,0,0,0,0
Qt:QDS-2030,Qt,QDS-2030,0,0,0,0
Qt:QDS-2031,Qt,QDS-2031,0,0,0,0
Qt:QDS-2032,Qt,QDS-2032,0,0,0,0
Qt:QDS-2033,Qt,QDS-2033,0,0,0,0
Qt:QTIFW-1761,Qt,QTIFW-1761,0,0,0,0
Qt:QDS-2034,Qt,QDS-2034,0,0,0,0
Qt:QDS-2029,Qt,QDS-2029,1,1,1,1
Qt:QTIFW-1762,Qt,QTIFW-1762,0,0,0,0
Qt:QTIFW-1763,Qt,QTIFW-1763,0,0,0,0
Qt:QDS-2036,Qt,QDS-2036,0,0,0,0
Qt:QDS-2037,Qt,QDS-2037,0,0,0,0
Qt:QDS-2038,Qt,QDS-2038,0,0,0,0
Qt:QDS-2039,Qt,QDS-2039,0,0,0,0
Qt:QDS-2040,Qt,QDS-2040,0,0,0,0
Qt:QDS-2041,Qt,QDS-2041,0,0,0,0
Qt:QTBUG-83173,Qt,QTBUG-83173,0,0,0,0
Qt:QTBUG-83748,Qt,QTBUG-83748,0,0,0,0
Qt:QTBUG-78135,Qt,QTBUG-78135,0,0,0,0
Qt:QTBUG-82335,Qt,QTBUG-82335,0,0,0,0
Qt:QDS-2025,Qt,QDS-2025,0,0,0,0
Qt:QDS-2042,Qt,QDS-2042,0,0,0,0
Hyperledger:FAB-17831,Hyperledger,FAB-17831,0,0,0,0
Qt:QDS-2046,Qt,QDS-2046,0,0,0,0
Hyperledger:FAB-17832,Hyperledger,FAB-17832,0,0,0,0
Hyperledger:FAB-17837,Hyperledger,FAB-17837,0,0,0,0
Qt:QDS-2026,Qt,QDS-2026,0,0,0,0
Qt:QDS-1254,Qt,QDS-1254,0,0,0,0
Qt:QDS-2049,Qt,QDS-2049,0,0,0,0
Qt:QTBUG-84004,Qt,QTBUG-84004,0,0,0,0
Qt:QDS-2050,Qt,QDS-2050,0,0,0,0
Qt:QDS-2056,Qt,QDS-2056,0,0,0,0
Qt:QDS-2059,Qt,QDS-2059,0,0,0,0
Qt:QDS-2060,Qt,QDS-2060,0,0,0,0
Qt:PYSIDE-1292,Qt,PYSIDE-1292,0,0,0,0
Hyperledger:FAB-17843,Hyperledger,FAB-17843,0,0,0,0
Hyperledger:FABCN-396,Hyperledger,FABCN-396,0,0,0,0
Qt:QSR-641,Qt,QSR-641,1,1,0,0
Qt:QTBUG-65963,Qt,QTBUG-65963,0,0,0,0
Hyperledger:FAB-17862,Hyperledger,FAB-17862,1,1,0,0
Hyperledger:FAB-17787,Hyperledger,FAB-17787,0,0,0,0
Hyperledger:FAB-17865,Hyperledger,FAB-17865,0,0,0,0
Hyperledger:FAB-17863,Hyperledger,FAB-17863,0,0,0,0
Hyperledger:FAB-17870,Hyperledger,FAB-17870,0,0,0,0
Qt:QTBUG-84101,Qt,QTBUG-84101,0,0,0,0
Qt:QTBUG-84121,Qt,QTBUG-84121,0,0,0,0
Qt:QTCREATORBUG-24011,Qt,QTCREATORBUG-24011,0,0,0,0
Qt:QTBUG-81124,Qt,QTBUG-81124,0,0,0,0
MariaDB:MXS-2986,MariaDB,MXS-2986,0,0,0,0
MariaDB:MXS-2987,MariaDB,MXS-2987,0,0,0,0
Qt:QTBUG-83369,Qt,QTBUG-83369,0,0,0,0
MariaDB:MXS-2988,MariaDB,MXS-2988,0,0,0,0
Qt:QTBUG-79414,Qt,QTBUG-79414,0,0,0,0
Qt:QTBUG-77790,Qt,QTBUG-77790,0,0,0,0
Qt:QTBUG-84116,Qt,QTBUG-84116,0,0,0,0
Qt:QTBUG-84000,Qt,QTBUG-84000,0,0,0,0
Qt:QTBUG-84133,Qt,QTBUG-84133,0,0,0,0
Qt:QTBUG-84134,Qt,QTBUG-84134,0,0,0,0
Qt:QTBUG-84136,Qt,QTBUG-84136,0,0,0,0
Qt:QTBUG-84139,Qt,QTBUG-84139,0,0,0,0
Qt:QTBUG-84140,Qt,QTBUG-84140,0,0,0,0
Qt:QTBUG-84142,Qt,QTBUG-84142,0,0,0,0
Qt:QTBUG-84131,Qt,QTBUG-84131,0,0,0,0
Qt:QTBUG-84148,Qt,QTBUG-84148,0,0,0,0
Qt:QTBUG-84149,Qt,QTBUG-84149,1,0,0,0
Qt:QTBUG-84150,Qt,QTBUG-84150,1,0,0,0
Qt:QTBUG-84151,Qt,QTBUG-84151,0,0,0,0
Qt:QTBUG-84152,Qt,QTBUG-84152,0,0,0,0
Qt:QTBUG-84153,Qt,QTBUG-84153,0,0,0,0
Qt:QTBUG-84154,Qt,QTBUG-84154,0,0,0,0
Qt:QTBUG-84146,Qt,QTBUG-84146,0,0,0,0
Qt:QSR-660,Qt,QSR-660,0,0,0,0
Hyperledger:FAB-17878,Hyperledger,FAB-17878,0,0,0,0
Qt:QTBUG-84024,Qt,QTBUG-84024,0,0,0,0
Hyperledger:FAB-17880,Hyperledger,FAB-17880,0,0,0,0
MariaDB:MCOL-4000,MariaDB,MCOL-4000,0,0,0,0
Jira:CONFSERVER-57525,Jira,CONFSERVER-57525,0,0,0,0
Qt:QTBUG-84193,Qt,QTBUG-84193,0,0,0,0
Qt:QTBUG-84194,Qt,QTBUG-84194,0,0,0,0
Qt:QTBUG-84195,Qt,QTBUG-84195,0,0,0,0
Hyperledger:FABCJ-284,Hyperledger,FABCJ-284,0,0,0,0
Qt:QTBUG-81586,Qt,QTBUG-81586,0,0,0,0
IntelDAOS:DAOS-4836,IntelDAOS,DAOS-4836,0,0,0,0
IntelDAOS:DAOS-4837,IntelDAOS,DAOS-4837,0,0,0,0
IntelDAOS:DAOS-4839,IntelDAOS,DAOS-4839,0,0,0,0
IntelDAOS:DAOS-4840,IntelDAOS,DAOS-4840,0,0,0,0
IntelDAOS:DAOS-4841,IntelDAOS,DAOS-4841,0,0,0,0
Hyperledger:FGJ-86,Hyperledger,FGJ-86,0,0,0,0
Hyperledger:FAB-17884,Hyperledger,FAB-17884,0,0,0,0
Hyperledger:FAB-17885,Hyperledger,FAB-17885,0,0,0,0
Qt:QTBUG-84212,Qt,QTBUG-84212,0,0,0,0
IntelDAOS:DAOS-4858,IntelDAOS,DAOS-4858,0,0,0,0
IntelDAOS:DAOS-4859,IntelDAOS,DAOS-4859,0,0,0,0
Hyperledger:FABCN-241,Hyperledger,FABCN-241,0,0,0,0
Qt:QTBUG-84228,Qt,QTBUG-84228,0,0,0,0
Hyperledger:FAB-17898,Hyperledger,FAB-17898,0,0,0,0
Qt:QTBUG-84238,Qt,QTBUG-84238,0,0,0,0
Qt:QDS-2106,Qt,QDS-2106,0,0,0,0
Qt:QDS-2107,Qt,QDS-2107,0,0,0,0
Hyperledger:FAB-17901,Hyperledger,FAB-17901,0,0,0,0
Hyperledger:FAB-17902,Hyperledger,FAB-17902,0,0,0,0
Hyperledger:FAB-17903,Hyperledger,FAB-17903,0,0,0,0
Hyperledger:FAB-17904,Hyperledger,FAB-17904,1,1,1,1
Hyperledger:FAB-17906,Hyperledger,FAB-17906,0,0,0,0
Qt:QDS-2113,Qt,QDS-2113,0,0,0,0
Qt:QTBUG-83746,Qt,QTBUG-83746,0,0,0,0
Hyperledger:FABCN-402,Hyperledger,FABCN-402,0,0,0,0
Hyperledger:FABCJ-286,Hyperledger,FABCJ-286,0,0,0,0
Qt:QDS-2116,Qt,QDS-2116,0,0,0,0
Qt:QDS-2117,Qt,QDS-2117,0,0,0,0
Qt:QTIFW-1630,Qt,QTIFW-1630,0,0,0,0
Qt:QTIFW-1771,Qt,QTIFW-1771,0,0,0,0
Qt:QTIFW-1772,Qt,QTIFW-1772,0,0,0,0
Qt:QTIFW-1773,Qt,QTIFW-1773,0,0,0,0
Qt:QTIFW-1774,Qt,QTIFW-1774,0,0,0,0
Qt:QTIFW-1775,Qt,QTIFW-1775,0,0,0,0
Qt:QTIFW-1776,Qt,QTIFW-1776,0,0,0,0
Qt:QTIFW-1777,Qt,QTIFW-1777,0,0,0,0
Qt:QTIFW-1778,Qt,QTIFW-1778,0,0,0,0
Qt:QTIFW-1779,Qt,QTIFW-1779,0,0,0,0
Qt:QTIFW-1783,Qt,QTIFW-1783,0,0,0,0
Qt:QTIFW-1785,Qt,QTIFW-1785,0,0,0,0
Qt:QTIFW-1786,Qt,QTIFW-1786,0,0,0,0
Qt:QTIFW-1787,Qt,QTIFW-1787,1,1,1,1
Qt:QTBUG-81619,Qt,QTBUG-81619,0,0,0,0
Qt:QDS-2118,Qt,QDS-2118,0,0,0,0
Qt:QTIFW-1789,Qt,QTIFW-1789,1,1,1,1
Qt:QTIFW-1790,Qt,QTIFW-1790,0,0,0,0
Qt:QSR-661,Qt,QSR-661,0,0,0,0
MariaDB:MXS-2999,MariaDB,MXS-2999,0,0,0,0
Qt:QDS-2121,Qt,QDS-2121,0,0,0,0
Qt:QDS-2122,Qt,QDS-2122,0,0,0,0
Qt:QDS-2123,Qt,QDS-2123,0,0,0,0
Qt:QDS-2131,Qt,QDS-2131,0,0,0,0
Qt:QTBUG-84316,Qt,QTBUG-84316,0,0,0,0
Hyperledger:FABN-1555,Hyperledger,FABN-1555,0,0,0,0
Hyperledger:FAB-17881,Hyperledger,FAB-17881,1,1,1,0
Qt:QDS-2136,Qt,QDS-2136,0,0,0,0
Qt:QDS-2137,Qt,QDS-2137,0,0,0,0
Hyperledger:FAB-17917,Hyperledger,FAB-17917,0,0,0,0
Qt:QDS-2124,Qt,QDS-2124,0,0,0,0
Qt:QDS-2114,Qt,QDS-2114,0,0,0,0
Qt:QTBUG-83702,Qt,QTBUG-83702,0,0,0,0
Hyperledger:FABCN-405,Hyperledger,FABCN-405,0,0,0,0
Jira:CONFSERVER-57570,Jira,CONFSERVER-57570,0,0,0,0
Hyperledger:FAB-17927,Hyperledger,FAB-17927,0,0,0,0
Qt:QTBUG-84407,Qt,QTBUG-84407,0,0,0,0
Qt:QTBUG-84408,Qt,QTBUG-84408,1,0,0,0
Qt:QTBUG-84192,Qt,QTBUG-84192,0,0,0,0
Qt:QTBUG-81878,Qt,QTBUG-81878,0,0,0,0
Qt:QTBUG-84244,Qt,QTBUG-84244,0,0,0,0
Qt:QTCREATORBUG-24075,Qt,QTCREATORBUG-24075,0,0,0,0
MariaDB:MXS-3007,MariaDB,MXS-3007,0,0,0,0
MariaDB:MXS-3008,MariaDB,MXS-3008,0,0,0,0
MariaDB:MXS-2615,MariaDB,MXS-2615,0,0,0,0
MariaDB:MXS-3009,MariaDB,MXS-3009,0,0,0,0
Qt:QTCREATORBUG-24013,Qt,QTCREATORBUG-24013,0,0,0,0
Qt:QTBUG-84419,Qt,QTBUG-84419,0,0,0,0
Qt:QDS-2162,Qt,QDS-2162,0,0,0,0
Qt:QDS-2163,Qt,QDS-2163,0,0,0,0
Qt:QDS-2164,Qt,QDS-2164,0,0,0,0
Qt:QTIFW-1802,Qt,QTIFW-1802,0,0,0,0
Qt:QTIFW-1803,Qt,QTIFW-1803,0,0,0,0
Qt:QTIFW-1804,Qt,QTIFW-1804,0,0,0,0
Qt:QTIFW-1805,Qt,QTIFW-1805,0,0,0,0
Qt:QTIFW-1806,Qt,QTIFW-1806,0,0,0,0
Qt:QTIFW-1807,Qt,QTIFW-1807,0,0,0,0
Qt:QTIFW-1808,Qt,QTIFW-1808,0,0,0,0
Qt:QTIFW-1809,Qt,QTIFW-1809,0,0,0,0
Qt:QTBUG-84433,Qt,QTBUG-84433,0,0,0,0
Qt:QTBUG-84435,Qt,QTBUG-84435,0,0,0,0
Qt:QDS-2166,Qt,QDS-2166,0,0,0,0
Qt:QDS-2161,Qt,QDS-2161,0,0,0,0
Qt:QDS-2169,Qt,QDS-2169,0,0,0,0
Qt:QDS-2051,Qt,QDS-2051,0,0,0,0
Qt:QDS-2170,Qt,QDS-2170,0,0,0,0
Qt:QDS-1139,Qt,QDS-1139,0,0,0,0
Qt:QDS-1468,Qt,QDS-1468,0,0,0,0
Qt:QDS-2159,Qt,QDS-2159,0,0,0,0
Qt:QDS-2175,Qt,QDS-2175,0,0,0,0
Qt:QDS-2176,Qt,QDS-2176,0,0,0,0
Qt:QSR-629,Qt,QSR-629,0,0,0,0
Qt:QDS-2177,Qt,QDS-2177,0,0,0,0
Qt:QDS-2178,Qt,QDS-2178,0,0,0,0
Qt:QDS-2179,Qt,QDS-2179,0,0,0,0
Qt:QDS-1440,Qt,QDS-1440,0,0,0,0
Qt:QDS-2180,Qt,QDS-2180,0,0,0,0
Qt:QTBUG-83851,Qt,QTBUG-83851,0,0,0,0
Qt:QTBUG-84459,Qt,QTBUG-84459,0,0,0,0
Hyperledger:FABG-943,Hyperledger,FABG-943,1,0,0,0
Hyperledger:FAB-17931,Hyperledger,FAB-17931,0,0,0,0
Hyperledger:FABG-963,Hyperledger,FABG-963,0,0,0,0
Hyperledger:FAB-17932,Hyperledger,FAB-17932,1,1,1,1
Qt:QDS-2189,Qt,QDS-2189,0,0,0,0
Qt:QTBUG-84317,Qt,QTBUG-84317,0,0,0,0
Qt:QTBUG-84318,Qt,QTBUG-84318,0,0,0,0
Qt:QDS-2188,Qt,QDS-2188,0,0,0,0
Qt:QTBUG-84468,Qt,QTBUG-84468,0,0,0,0
Qt:QTBUG-84469,Qt,QTBUG-84469,0,0,0,0
Qt:QTBUG-84323,Qt,QTBUG-84323,0,0,0,0
Qt:QTBUG-84320,Qt,QTBUG-84320,0,0,0,0
Qt:QTBUG-84319,Qt,QTBUG-84319,0,0,0,0
Qt:QTBUG-84321,Qt,QTBUG-84321,0,0,0,0
Hyperledger:FAB-17936,Hyperledger,FAB-17936,0,0,0,0
Hyperledger:FAB-17937,Hyperledger,FAB-17937,0,0,0,0
Hyperledger:FAB-17938,Hyperledger,FAB-17938,0,0,0,0
Qt:QDS-2182,Qt,QDS-2182,0,0,0,0
Qt:QTBUG-84568,Qt,QTBUG-84568,0,0,0,0
Hyperledger:FAB-17942,Hyperledger,FAB-17942,0,0,0,0
Hyperledger:FABCN-407,Hyperledger,FABCN-407,0,0,0,0
Hyperledger:FABCN-408,Hyperledger,FABCN-408,0,0,0,0
Hyperledger:FABCN-409,Hyperledger,FABCN-409,0,0,0,0
Qt:QTBUG-84578,Qt,QTBUG-84578,0,0,0,0
Jira:CONFSERVER-57842,Jira,CONFSERVER-57842,0,0,0,0
Qt:QDS-2199,Qt,QDS-2199,0,0,0,0
Qt:QDS-2200,Qt,QDS-2200,0,0,0,0
Qt:QDS-2201,Qt,QDS-2201,0,0,0,0
Qt:QDS-2202,Qt,QDS-2202,0,0,0,0
Qt:QDS-2125,Qt,QDS-2125,0,0,0,0
Qt:QTIFW-1822,Qt,QTIFW-1822,0,0,0,0
Qt:QTIFW-1707,Qt,QTIFW-1707,0,0,0,0
Qt:QTIFW-1755,Qt,QTIFW-1755,1,1,1,1
Qt:QTIFW-1823,Qt,QTIFW-1823,0,0,0,0
Qt:QTIFW-1824,Qt,QTIFW-1824,0,0,0,0
Qt:QTIFW-1825,Qt,QTIFW-1825,0,0,0,0
Qt:QTIFW-1826,Qt,QTIFW-1826,0,0,0,0
Qt:QTIFW-1827,Qt,QTIFW-1827,0,0,0,0
Qt:QTBUG-84625,Qt,QTBUG-84625,0,0,0,0
Qt:QTBUG-84634,Qt,QTBUG-84634,1,1,0,0
Hyperledger:FABCN-410,Hyperledger,FABCN-410,0,0,0,0
Qt:QTQAINFRA-3764,Qt,QTQAINFRA-3764,0,0,0,0
Hyperledger:FAB-17953,Hyperledger,FAB-17953,0,0,0,0
Qt:QTBUG-84645,Qt,QTBUG-84645,0,0,0,0
Qt:QTBUG-84646,Qt,QTBUG-84646,0,0,0,0
Qt:QTBUG-84655,Qt,QTBUG-84655,0,0,0,0
Qt:QTBUG-84326,Qt,QTBUG-84326,0,0,0,0
Qt:QDS-2211,Qt,QDS-2211,0,0,0,0
Qt:QDS-2214,Qt,QDS-2214,0,0,0,0
Hyperledger:FABN-1564,Hyperledger,FABN-1564,0,0,0,0
Qt:QTBUG-84470,Qt,QTBUG-84470,0,0,0,0
Qt:QSR-668,Qt,QSR-668,0,0,0,0
Qt:QTBUG-84699,Qt,QTBUG-84699,0,0,0,0
Qt:QSR-662,Qt,QSR-662,0,0,0,0
Qt:QSR-663,Qt,QSR-663,1,0,0,0
Qt:QSR-672,Qt,QSR-672,0,0,0,0
Qt:QSR-691,Qt,QSR-691,0,0,0,0
Hyperledger:FABN-1573,Hyperledger,FABN-1573,0,0,0,0
Hyperledger:FABCN-411,Hyperledger,FABCN-411,0,0,0,0
Hyperledger:FABCN-412,Hyperledger,FABCN-412,0,0,0,0
Qt:QTBUG-84714,Qt,QTBUG-84714,0,0,0,0
Qt:QTQAINFRA-3765,Qt,QTQAINFRA-3765,0,0,0,0
Qt:QTBUG-82902,Qt,QTBUG-82902,0,0,0,0
Qt:QTBUG-84769,Qt,QTBUG-84769,0,0,0,0
Qt:QTBUG-84770,Qt,QTBUG-84770,0,0,0,0
Qt:QTBUG-84773,Qt,QTBUG-84773,0,0,0,0
Qt:QTBUG-84779,Qt,QTBUG-84779,0,0,0,0
MariaDB:MXS-3029,MariaDB,MXS-3029,0,0,0,0
MariaDB:MXS-3030,MariaDB,MXS-3030,0,0,0,0
Qt:QTCREATORBUG-23761,Qt,QTCREATORBUG-23761,0,0,0,0
Qt:QTBUG-84782,Qt,QTBUG-84782,0,0,0,0
Qt:QTBUG-84783,Qt,QTBUG-84783,0,0,0,0
Qt:QTCREATORBUG-24149,Qt,QTCREATORBUG-24149,0,0,0,0
Qt:QTCREATORBUG-24150,Qt,QTCREATORBUG-24150,0,0,0,0
MariaDB:MXS-3031,MariaDB,MXS-3031,0,0,0,0
MariaDB:MXS-3033,MariaDB,MXS-3033,0,0,0,0
MariaDB:MXS-3034,MariaDB,MXS-3034,0,0,0,0
MariaDB:MXS-3018,MariaDB,MXS-3018,0,0,0,0
Qt:QTBUG-84449,Qt,QTBUG-84449,0,0,0,0
Qt:QDS-2258,Qt,QDS-2258,0,0,0,0
Hyperledger:FABCN-413,Hyperledger,FABCN-413,0,0,0,0
Hyperledger:FABN-1571,Hyperledger,FABN-1571,0,0,0,0
Hyperledger:FAB-17971,Hyperledger,FAB-17971,0,0,0,0
Hyperledger:FAB-17976,Hyperledger,FAB-17976,0,0,0,0
Hyperledger:FAB-17978,Hyperledger,FAB-17978,0,0,0,0
Qt:QTBUG-78834,Qt,QTBUG-78834,0,0,0,0
Qt:QTBUG-78841,Qt,QTBUG-78841,0,0,0,0
Qt:QDS-2268,Qt,QDS-2268,0,0,0,0
Hyperledger:FABCN-414,Hyperledger,FABCN-414,0,0,0,0
MariaDB:MCOL-4055,MariaDB,MCOL-4055,0,0,0,0
Qt:QTBUG-84887,Qt,QTBUG-84887,0,0,0,0
Qt:QTBUG-84437,Qt,QTBUG-84437,0,0,0,0
Qt:QTBUG-84907,Qt,QTBUG-84907,0,0,0,0
Qt:QSR-706,Qt,QSR-706,0,0,0,0
Qt:QSR-707,Qt,QSR-707,0,0,0,0
Qt:QSR-708,Qt,QSR-708,0,0,0,0
Qt:QSR-709,Qt,QSR-709,0,0,0,0
Qt:QSR-710,Qt,QSR-710,0,0,0,0
Qt:QSR-711,Qt,QSR-711,1,1,1,0
Qt:QSR-712,Qt,QSR-712,0,0,0,0
Qt:QSR-713,Qt,QSR-713,0,0,0,0
Qt:QSR-714,Qt,QSR-714,0,0,0,0
Qt:QSR-715,Qt,QSR-715,0,0,0,0
Qt:QTBUG-75665,Qt,QTBUG-75665,0,0,0,0
Qt:QTBUG-84635,Qt,QTBUG-84635,0,0,0,0
Qt:QTBUG-84636,Qt,QTBUG-84636,0,0,0,0
Qt:QTBUG-81050,Qt,QTBUG-81050,0,0,0,0
Qt:QDS-2272,Qt,QDS-2272,0,0,0,0
Hyperledger:FAB-17986,Hyperledger,FAB-17986,0,0,0,0
Qt:QDS-2252,Qt,QDS-2252,0,0,0,0
Qt:QTIFW-1847,Qt,QTIFW-1847,0,0,0,0
Qt:QTIFW-1842,Qt,QTIFW-1842,0,0,0,0
Qt:QTBUG-78836,Qt,QTBUG-78836,0,0,0,0
Qt:QTBUG-84631,Qt,QTBUG-84631,0,0,0,0
Qt:QDS-2291,Qt,QDS-2291,0,0,0,0
Qt:QDS-2292,Qt,QDS-2292,0,0,0,0
Qt:QDS-2293,Qt,QDS-2293,0,0,0,0
Qt:QDS-2294,Qt,QDS-2294,0,0,0,0
Hyperledger:FAB-17994,Hyperledger,FAB-17994,0,0,0,0
Qt:QTBUG-84422,Qt,QTBUG-84422,1,1,0,0
Hyperledger:FAB-17995,Hyperledger,FAB-17995,0,0,0,0
Hyperledger:FAB-17996,Hyperledger,FAB-17996,0,0,0,0
Hyperledger:FAB-17993,Hyperledger,FAB-17993,0,0,0,0
Qt:QTIFW-1863,Qt,QTIFW-1863,0,0,0,0
Qt:QTIFW-1864,Qt,QTIFW-1864,0,0,0,0
Qt:QTIFW-1865,Qt,QTIFW-1865,0,0,0,0
Qt:QTIFW-1866,Qt,QTIFW-1866,0,0,0,0
Qt:QTIFW-1867,Qt,QTIFW-1867,0,0,0,0
Qt:QTIFW-1868,Qt,QTIFW-1868,0,0,0,0
Qt:QTIFW-1869,Qt,QTIFW-1869,0,0,0,0
Qt:QTIFW-1860,Qt,QTIFW-1860,0,0,0,0
Qt:QSR-681,Qt,QSR-681,0,0,0,0
Qt:QSR-671,Qt,QSR-671,0,0,0,0
Qt:QSR-700,Qt,QSR-700,0,0,0,0
Qt:QSR-716,Qt,QSR-716,0,0,0,0
Qt:QSR-724,Qt,QSR-724,0,0,0,0
Hyperledger:FAB-18002,Hyperledger,FAB-18002,0,0,0,0
Hyperledger:FAB-18003,Hyperledger,FAB-18003,0,0,0,0
Qt:QDS-2299,Qt,QDS-2299,0,0,0,0
Qt:QDS-2300,Qt,QDS-2300,0,0,0,0
Hyperledger:FABN-1575,Hyperledger,FABN-1575,0,0,0,0
Hyperledger:FABN-1576,Hyperledger,FABN-1576,0,0,0,0
Hyperledger:FABN-1577,Hyperledger,FABN-1577,0,0,0,0
Hyperledger:FABN-1578,Hyperledger,FABN-1578,0,0,0,0
Qt:QTBUG-83848,Qt,QTBUG-83848,0,0,0,0
Qt:QTCREATORBUG-24216,Qt,QTCREATORBUG-24216,1,1,0,0
Qt:QTCREATORBUG-24217,Qt,QTCREATORBUG-24217,1,1,0,0
Qt:QTBUG-85145,Qt,QTBUG-85145,0,0,0,0
Qt:QTBUG-85146,Qt,QTBUG-85146,0,0,0,0
Hyperledger:FABCN-416,Hyperledger,FABCN-416,0,0,0,0
Qt:QDS-2316,Qt,QDS-2316,0,0,0,0
Qt:QDS-2321,Qt,QDS-2321,0,0,0,0
Qt:QDS-2322,Qt,QDS-2322,0,0,0,0
Qt:QDS-2323,Qt,QDS-2323,0,0,0,0
MariaDB:MXS-3047,MariaDB,MXS-3047,0,0,0,0
Qt:QDS-2331,Qt,QDS-2331,0,0,0,0
MariaDB:MXS-3048,MariaDB,MXS-3048,0,0,0,0
Qt:QTBUG-85179,Qt,QTBUG-85179,0,0,0,0
Qt:QTIFW-1873,Qt,QTIFW-1873,0,0,0,0
Qt:QTBUG-85208,Qt,QTBUG-85208,0,0,0,0
Qt:QTBUG-74802,Qt,QTBUG-74802,0,0,0,0
Qt:QTBUG-84143,Qt,QTBUG-84143,0,0,0,0
Qt:QDS-2364,Qt,QDS-2364,0,0,0,0
Qt:QDS-2365,Qt,QDS-2365,0,0,0,0
Qt:QDS-2366,Qt,QDS-2366,0,0,0,0
Qt:QDS-2367,Qt,QDS-2367,1,0,0,0
Qt:QTBUG-85210,Qt,QTBUG-85210,0,0,0,0
Qt:QTBUG-77478,Qt,QTBUG-77478,0,0,0,0
Qt:QTCREATORBUG-24239,Qt,QTCREATORBUG-24239,0,0,0,0
Qt:QDS-2376,Qt,QDS-2376,0,0,0,0
Qt:QDS-2378,Qt,QDS-2378,0,0,0,0
Qt:QTBUG-85224,Qt,QTBUG-85224,0,0,0,0
Qt:QTBUG-85225,Qt,QTBUG-85225,1,0,0,0
Qt:QTIFW-1874,Qt,QTIFW-1874,0,0,0,0
Hyperledger:FABCN-419,Hyperledger,FABCN-419,0,0,0,0
Qt:QTBUG-80340,Qt,QTBUG-80340,0,0,0,0
Qt:QTBUG-85249,Qt,QTBUG-85249,0,0,0,0
Qt:QDS-2392,Qt,QDS-2392,0,0,0,0
Qt:QDS-2393,Qt,QDS-2393,0,0,0,0
Qt:QTBUG-85258,Qt,QTBUG-85258,0,0,0,0
Qt:QTBUG-85235,Qt,QTBUG-85235,0,0,0,0
Hyperledger:FABCN-420,Hyperledger,FABCN-420,0,0,0,0
Qt:QTBUG-85089,Qt,QTBUG-85089,0,0,0,0
Hyperledger:FAB-18029,Hyperledger,FAB-18029,0,0,0,0
Qt:QDS-2418,Qt,QDS-2418,1,0,0,0
Qt:QDS-2421,Qt,QDS-2421,0,0,0,0
Hyperledger:FAB-18032,Hyperledger,FAB-18032,1,1,0,0
Hyperledger:FAB-18033,Hyperledger,FAB-18033,0,0,0,0
Qt:QDS-2224,Qt,QDS-2224,0,0,0,0
Qt:QTBUG-82790,Qt,QTBUG-82790,1,1,1,1
Qt:QTBUG-84079,Qt,QTBUG-84079,0,0,0,0
Qt:QDS-2437,Qt,QDS-2437,0,0,0,0
Qt:QDS-2438,Qt,QDS-2438,0,0,0,0
Qt:QDS-2439,Qt,QDS-2439,0,0,0,0
IntelDAOS:DAOS-5150,IntelDAOS,DAOS-5150,0,0,0,0
IntelDAOS:DAOS-4300,IntelDAOS,DAOS-4300,0,0,0,0
IntelDAOS:DAOS-5044,IntelDAOS,DAOS-5044,0,0,0,0
IntelDAOS:CART-861,IntelDAOS,CART-861,0,0,0,0
Qt:QDS-2450,Qt,QDS-2450,0,0,0,0
Qt:QDS-1557,Qt,QDS-1557,1,1,1,1
Qt:QDS-1559,Qt,QDS-1559,0,0,0,0
Qt:QDS-2451,Qt,QDS-2451,0,0,0,0
Qt:QDS-2452,Qt,QDS-2452,0,0,0,0
Qt:QDS-2411,Qt,QDS-2411,0,0,0,0
Qt:QDS-2449,Qt,QDS-2449,0,0,0,0
Qt:QDS-2448,Qt,QDS-2448,0,0,0,0
Qt:QDS-2447,Qt,QDS-2447,0,0,0,0
Qt:QDS-2443,Qt,QDS-2443,0,0,0,0
Qt:QDS-2454,Qt,QDS-2454,0,0,0,0
Qt:QDS-2455,Qt,QDS-2455,0,0,0,0
Qt:QDS-2456,Qt,QDS-2456,0,0,0,0
Qt:QDS-2441,Qt,QDS-2441,1,0,0,0
Qt:QDS-2444,Qt,QDS-2444,0,0,0,0
Qt:QDS-1142,Qt,QDS-1142,0,0,0,0
Hyperledger:FABCJ-289,Hyperledger,FABCJ-289,0,0,0,0
Hyperledger:FABCN-421,Hyperledger,FABCN-421,0,0,0,0
Qt:QTBUG-85370,Qt,QTBUG-85370,0,0,0,0
Hyperledger:FAB-18042,Hyperledger,FAB-18042,1,1,0,0
Hyperledger:FABJ-521,Hyperledger,FABJ-521,0,0,0,0
Qt:QDS-2464,Qt,QDS-2464,0,0,0,0
Qt:QDS-2468,Qt,QDS-2468,0,0,0,0
Hyperledger:FABN-1589,Hyperledger,FABN-1589,0,0,0,0
MariaDB:MXS-3066,MariaDB,MXS-3066,0,0,0,0
Qt:QDS-2475,Qt,QDS-2475,0,0,0,0
MariaDB:MXS-3067,MariaDB,MXS-3067,0,0,0,0
Qt:QDS-2476,Qt,QDS-2476,0,0,0,0
Hyperledger:FABCJ-290,Hyperledger,FABCJ-290,0,0,0,0
Hyperledger:FABCN-422,Hyperledger,FABCN-422,0,0,0,0
Hyperledger:FABN-1591,Hyperledger,FABN-1591,0,0,0,0
Hyperledger:FABCAG-30,Hyperledger,FABCAG-30,0,0,0,0
Qt:QDS-2477,Qt,QDS-2477,0,0,0,0
Hyperledger:FAB-18050,Hyperledger,FAB-18050,0,0,0,0
Qt:QDS-2491,Qt,QDS-2491,0,0,0,0
MariaDB:MXS-2383,MariaDB,MXS-2383,0,0,0,0
Qt:QDS-2494,Qt,QDS-2494,0,0,0,0
Qt:QDS-2495,Qt,QDS-2495,0,0,0,0
Qt:QDS-2496,Qt,QDS-2496,0,0,0,0
Qt:QDS-2497,Qt,QDS-2497,0,0,0,0
Qt:QDS-2498,Qt,QDS-2498,0,0,0,0
Qt:QDS-2499,Qt,QDS-2499,0,0,0,0
MariaDB:MCOL-3909,MariaDB,MCOL-3909,0,0,0,0
MariaDB:MCOL-4155,MariaDB,MCOL-4155,0,0,0,0
Qt:QDS-1558,Qt,QDS-1558,0,0,0,0
Qt:QDS-2509,Qt,QDS-2509,0,0,0,0
Qt:QDS-2511,Qt,QDS-2511,0,0,0,0
MariaDB:MCOL-4167,MariaDB,MCOL-4167,1,0,0,0
MariaDB:MCOL-4171,MariaDB,MCOL-4171,0,0,0,0
MariaDB:MCOL-4172,MariaDB,MCOL-4172,1,0,0,0
MariaDB:MCOL-4174,MariaDB,MCOL-4174,0,0,0,0
MariaDB:MCOL-4175,MariaDB,MCOL-4175,0,0,0,0
MariaDB:MCOL-4177,MariaDB,MCOL-4177,0,0,0,0
MariaDB:MCOL-4178,MariaDB,MCOL-4178,0,0,0,0
Qt:QTBUG-85573,Qt,QTBUG-85573,0,0,0,0
MariaDB:MCOL-4180,MariaDB,MCOL-4180,1,0,0,0
Qt:QTBUG-85597,Qt,QTBUG-85597,0,0,0,0
Qt:QDS-2529,Qt,QDS-2529,0,0,0,0
Hyperledger:FABN-1596,Hyperledger,FABN-1596,0,0,0,0
Hyperledger:FABN-1601,Hyperledger,FABN-1601,1,1,0,0
Hyperledger:FABN-1605,Hyperledger,FABN-1605,0,0,0,0
Hyperledger:FABN-1606,Hyperledger,FABN-1606,0,0,0,0
MariaDB:MXS-3086,MariaDB,MXS-3086,0,0,0,0
Qt:QTBUG-85700,Qt,QTBUG-85700,0,0,0,0
Qt:QTBUG-85682,Qt,QTBUG-85682,0,0,0,0
Qt:QTBUG-84977,Qt,QTBUG-84977,0,0,0,0
Qt:QTBUG-84702,Qt,QTBUG-84702,0,0,0,0
Hyperledger:FCW-8,Hyperledger,FCW-8,0,0,0,0
Hyperledger:FCW-7,Hyperledger,FCW-7,0,0,0,0
Hyperledger:FCW-28,Hyperledger,FCW-28,1,1,1,1
Jira:CONFSERVER-58219,Jira,CONFSERVER-58219,0,0,0,0
Qt:QDS-2537,Qt,QDS-2537,1,1,1,1
Hyperledger:FCW-27,Hyperledger,FCW-27,0,0,0,0
Hyperledger:FCW-29,Hyperledger,FCW-29,0,0,0,0
Hyperledger:FCW-13,Hyperledger,FCW-13,0,0,0,0
Hyperledger:FCW-10,Hyperledger,FCW-10,0,0,0,0
Hyperledger:FCW-16,Hyperledger,FCW-16,0,0,0,0
Hyperledger:FCW-17,Hyperledger,FCW-17,0,0,0,0
Hyperledger:FCW-18,Hyperledger,FCW-18,0,0,0,0
Hyperledger:FAB-18097,Hyperledger,FAB-18097,0,0,0,0
Hyperledger:FABJ-531,Hyperledger,FABJ-531,0,0,0,0
Qt:QTBUG-84922,Qt,QTBUG-84922,0,0,0,0
MariaDB:MXS-3099,MariaDB,MXS-3099,0,0,0,0
Qt:QTBUG-85852,Qt,QTBUG-85852,0,0,0,0
MariaDB:MXS-3071,MariaDB,MXS-3071,1,1,1,1
Qt:QTBUG-84064,Qt,QTBUG-84064,0,0,0,0
Qt:QDS-2564,Qt,QDS-2564,0,0,0,0
Qt:QDS-2565,Qt,QDS-2565,0,0,0,0
Qt:QDS-2566,Qt,QDS-2566,0,0,0,0
Qt:QDS-2568,Qt,QDS-2568,0,0,0,0
Qt:QDS-2562,Qt,QDS-2562,0,0,0,0
Qt:QDS-2561,Qt,QDS-2561,0,0,0,0
Qt:QDS-2560,Qt,QDS-2560,0,0,0,0
Qt:QDS-2559,Qt,QDS-2559,0,0,0,0
Qt:QDS-2558,Qt,QDS-2558,0,0,0,0
Qt:QTBUG-85565,Qt,QTBUG-85565,0,0,0,0
Qt:QTBUG-85234,Qt,QTBUG-85234,0,0,0,0
Qt:QTBUG-84051,Qt,QTBUG-84051,0,0,0,0
Qt:QTCREATORBUG-24211,Qt,QTCREATORBUG-24211,0,0,0,0
Qt:QSR-679,Qt,QSR-679,0,0,0,0
Qt:QSR-689,Qt,QSR-689,0,0,0,0
Qt:QSR-674,Qt,QSR-674,0,0,0,0
Qt:QSR-683,Qt,QSR-683,0,0,0,0
Qt:QSR-695,Qt,QSR-695,0,0,0,0
Qt:QSR-702,Qt,QSR-702,0,0,0,0
Qt:QSR-698,Qt,QSR-698,1,0,0,0
Qt:QSR-739,Qt,QSR-739,0,0,0,0
Qt:QSR-533,Qt,QSR-533,0,0,0,0
Qt:QSR-746,Qt,QSR-746,0,0,0,0
Qt:QSR-747,Qt,QSR-747,0,0,0,0
Qt:QSR-733,Qt,QSR-733,0,0,0,0
Qt:QSR-734,Qt,QSR-734,1,1,1,1
Qt:QSR-736,Qt,QSR-736,0,0,0,0
Qt:QSR-750,Qt,QSR-750,0,0,0,0
Qt:QSR-755,Qt,QSR-755,0,0,0,0
Qt:QTBUG-84867,Qt,QTBUG-84867,0,0,0,0
Qt:QTBUG-85898,Qt,QTBUG-85898,0,0,0,0
IntelDAOS:DAOS-4778,IntelDAOS,DAOS-4778,0,0,0,0
Hyperledger:FAB-18117,Hyperledger,FAB-18117,0,0,0,0
Qt:QTBUG-85901,Qt,QTBUG-85901,0,0,0,0
Qt:QTBUG-85902,Qt,QTBUG-85902,0,0,0,0
IntelDAOS:DAOS-5409,IntelDAOS,DAOS-5409,1,1,1,1
IntelDAOS:DAOS-4867,IntelDAOS,DAOS-4867,0,0,0,0
IntelDAOS:DAOS-3797,IntelDAOS,DAOS-3797,1,1,0,0
IntelDAOS:DAOS-4780,IntelDAOS,DAOS-4780,1,1,1,1
IntelDAOS:DAOS-4983,IntelDAOS,DAOS-4983,0,0,0,0
IntelDAOS:DAOS-5114,IntelDAOS,DAOS-5114,0,0,0,0
IntelDAOS:DAOS-4906,IntelDAOS,DAOS-4906,0,0,0,0
Qt:QSR-760,Qt,QSR-760,0,0,0,0
Qt:QDS-2591,Qt,QDS-2591,0,0,0,0
Qt:QDS-2592,Qt,QDS-2592,0,0,0,0
Qt:QDS-2593,Qt,QDS-2593,0,0,0,0
Qt:QDS-2594,Qt,QDS-2594,0,0,0,0
Qt:QDS-2596,Qt,QDS-2596,0,0,0,0
IntelDAOS:DAOS-3794,IntelDAOS,DAOS-3794,0,0,0,0
IntelDAOS:DAOS-4782,IntelDAOS,DAOS-4782,1,1,1,1
IntelDAOS:DAOS-3796,IntelDAOS,DAOS-3796,1,0,0,0
IntelDAOS:DAOS-4774,IntelDAOS,DAOS-4774,0,0,0,0
IntelDAOS:DAOS-4779,IntelDAOS,DAOS-4779,0,0,0,0
IntelDAOS:DAOS-4902,IntelDAOS,DAOS-4902,0,0,0,0
IntelDAOS:DAOS-5175,IntelDAOS,DAOS-5175,0,0,0,0
IntelDAOS:DAOS-5174,IntelDAOS,DAOS-5174,0,0,0,0
IntelDAOS:DAOS-5157,IntelDAOS,DAOS-5157,0,0,0,0
IntelDAOS:DAOS-5095,IntelDAOS,DAOS-5095,0,0,0,0
IntelDAOS:DAOS-5083,IntelDAOS,DAOS-5083,0,0,0,0
IntelDAOS:DAOS-4802,IntelDAOS,DAOS-4802,0,0,0,0
IntelDAOS:DAOS-4801,IntelDAOS,DAOS-4801,0,0,0,0
IntelDAOS:DAOS-4869,IntelDAOS,DAOS-4869,0,0,0,0
Qt:QTBUG-85957,Qt,QTBUG-85957,0,0,0,0
IntelDAOS:DAOS-4819,IntelDAOS,DAOS-4819,0,0,0,0
IntelDAOS:DAOS-3753,IntelDAOS,DAOS-3753,0,0,0,0
IntelDAOS:DAOS-3811,IntelDAOS,DAOS-3811,0,0,0,0
IntelDAOS:DAOS-4875,IntelDAOS,DAOS-4875,0,0,0,0
IntelDAOS:DAOS-5243,IntelDAOS,DAOS-5243,0,0,0,0
IntelDAOS:DAOS-5317,IntelDAOS,DAOS-5317,0,0,0,0
IntelDAOS:DAOS-5099,IntelDAOS,DAOS-5099,0,0,0,0
IntelDAOS:DAOS-5156,IntelDAOS,DAOS-5156,1,1,1,1
IntelDAOS:DAOS-5080,IntelDAOS,DAOS-5080,0,0,0,0
IntelDAOS:DAOS-4912,IntelDAOS,DAOS-4912,0,0,0,0
IntelDAOS:DAOS-4911,IntelDAOS,DAOS-4911,0,0,0,0
IntelDAOS:DAOS-4910,IntelDAOS,DAOS-4910,0,0,0,0
IntelDAOS:DAOS-4909,IntelDAOS,DAOS-4909,0,0,0,0
IntelDAOS:DAOS-4908,IntelDAOS,DAOS-4908,0,0,0,0
IntelDAOS:DAOS-4907,IntelDAOS,DAOS-4907,0,0,0,0
IntelDAOS:DAOS-4893,IntelDAOS,DAOS-4893,0,0,0,0
IntelDAOS:DAOS-4829,IntelDAOS,DAOS-4829,0,0,0,0
IntelDAOS:DAOS-3795,IntelDAOS,DAOS-3795,1,0,0,0
Hyperledger:FAB-18145,Hyperledger,FAB-18145,1,0,0,0
Qt:QDS-2603,Qt,QDS-2603,0,0,0,0
Qt:QDS-2604,Qt,QDS-2604,0,0,0,0
Qt:QDS-2607,Qt,QDS-2607,0,0,0,0
Qt:QTIFW-1878,Qt,QTIFW-1878,0,0,0,0
Qt:QTIFW-1900,Qt,QTIFW-1900,0,0,0,0
Qt:QTIFW-1834,Qt,QTIFW-1834,0,0,0,0
Qt:QTBUG-86000,Qt,QTBUG-86000,0,0,0,0
Qt:QTBUG-86003,Qt,QTBUG-86003,0,0,0,0
Qt:QTBUG-86004,Qt,QTBUG-86004,1,1,1,1
Hyperledger:FABN-1017,Hyperledger,FABN-1017,0,0,0,0
Qt:QSR-762,Qt,QSR-762,0,0,0,0
Qt:QSR-763,Qt,QSR-763,0,0,0,0
Qt:QSR-764,Qt,QSR-764,0,0,0,0
IntelDAOS:DAOS-4832,IntelDAOS,DAOS-4832,0,0,0,0
IntelDAOS:DAOS-4823,IntelDAOS,DAOS-4823,0,0,0,0
IntelDAOS:DAOS-5443,IntelDAOS,DAOS-5443,0,0,0,0
Jira:CONFSERVER-45536,Jira,CONFSERVER-45536,0,0,0,0
Hyperledger:FAB-18154,Hyperledger,FAB-18154,0,0,0,0
Qt:QDS-2614,Qt,QDS-2614,0,0,0,0
Qt:QDS-2076,Qt,QDS-2076,0,0,0,0
Qt:QDS-1144,Qt,QDS-1144,0,0,0,0
Hyperledger:FGJ-91,Hyperledger,FGJ-91,0,0,0,0
IntelDAOS:DAOS-5167,IntelDAOS,DAOS-5167,0,0,0,0
IntelDAOS:DAOS-4826,IntelDAOS,DAOS-4826,0,0,0,0
Qt:QDS-2620,Qt,QDS-2620,0,0,0,0
IntelDAOS:DAOS-5363,IntelDAOS,DAOS-5363,0,0,0,0
IntelDAOS:DAOS-4388,IntelDAOS,DAOS-4388,0,0,0,0
IntelDAOS:DAOS-5235,IntelDAOS,DAOS-5235,0,0,0,0
IntelDAOS:DAOS-3798,IntelDAOS,DAOS-3798,1,1,1,1
IntelDAOS:DAOS-4822,IntelDAOS,DAOS-4822,0,0,0,0
IntelDAOS:DAOS-4872,IntelDAOS,DAOS-4872,0,0,0,0
IntelDAOS:DAOS-5101,IntelDAOS,DAOS-5101,1,1,1,1
IntelDAOS:DAOS-5228,IntelDAOS,DAOS-5228,1,1,1,1
IntelDAOS:DAOS-3799,IntelDAOS,DAOS-3799,1,1,1,1
IntelDAOS:DAOS-5168,IntelDAOS,DAOS-5168,1,1,1,1
IntelDAOS:DAOS-5172,IntelDAOS,DAOS-5172,0,0,0,0
Hyperledger:FABJ-532,Hyperledger,FABJ-532,0,0,0,0
Qt:QDS-2630,Qt,QDS-2630,0,0,0,0
Qt:QDS-2631,Qt,QDS-2631,0,0,0,0
Hyperledger:FAB-18158,Hyperledger,FAB-18158,0,0,0,0
Hyperledger:FAB-18162,Hyperledger,FAB-18162,1,1,0,0
Hyperledger:FAB-18164,Hyperledger,FAB-18164,1,1,1,1
Qt:QTBUG-86059,Qt,QTBUG-86059,0,0,0,0
Qt:QTBUG-86077,Qt,QTBUG-86077,0,0,0,0
Qt:QDS-2634,Qt,QDS-2634,0,0,0,0
Qt:QDS-2638,Qt,QDS-2638,0,0,0,0
MariaDB:MXS-3116,MariaDB,MXS-3116,0,0,0,0
MariaDB:MXS-3111,MariaDB,MXS-3111,0,0,0,0
MariaDB:MXS-3117,MariaDB,MXS-3117,0,0,0,0
MariaDB:MXS-3118,MariaDB,MXS-3118,0,0,0,0
MariaDB:MXS-3095,MariaDB,MXS-3095,0,0,0,0
Qt:QTBUG-85516,Qt,QTBUG-85516,1,1,1,0
Qt:QTBUG-86103,Qt,QTBUG-86103,0,0,0,0
Hyperledger:FABN-1612,Hyperledger,FABN-1612,0,0,0,0
Qt:QSR-687,Qt,QSR-687,0,0,0,0
Qt:QDS-2642,Qt,QDS-2642,0,0,0,0
Qt:QTBUG-81716,Qt,QTBUG-81716,0,0,0,0
Qt:QDS-2646,Qt,QDS-2646,0,0,0,0
Qt:QTBUG-86136,Qt,QTBUG-86136,0,0,0,0
Qt:QTBUG-86137,Qt,QTBUG-86137,0,0,0,0
Qt:QTBUG-86138,Qt,QTBUG-86138,0,0,0,0
Qt:QTBUG-86139,Qt,QTBUG-86139,0,0,0,0
Qt:QTBUG-86141,Qt,QTBUG-86141,0,0,0,0
Qt:QTBUG-86142,Qt,QTBUG-86142,0,0,0,0
Qt:QTBUG-86143,Qt,QTBUG-86143,0,0,0,0
Qt:QTBUG-86145,Qt,QTBUG-86145,0,0,0,0
Qt:QTBUG-86146,Qt,QTBUG-86146,0,0,0,0
Qt:QTBUG-86148,Qt,QTBUG-86148,0,0,0,0
Qt:QTBUG-86150,Qt,QTBUG-86150,0,0,0,0
Qt:QTBUG-86151,Qt,QTBUG-86151,0,0,0,0
Qt:QDS-2641,Qt,QDS-2641,0,0,0,0
Qt:QTBUG-86168,Qt,QTBUG-86168,1,0,0,0
Qt:QTBUG-86171,Qt,QTBUG-86171,0,0,0,0
Qt:QTBUG-86184,Qt,QTBUG-86184,0,0,0,0
Qt:QTIFW-1910,Qt,QTIFW-1910,0,0,0,0
Qt:QSR-778,Qt,QSR-778,1,1,1,1
IntelDAOS:DAOS-4745,IntelDAOS,DAOS-4745,1,1,0,0
IntelDAOS:DAOS-5508,IntelDAOS,DAOS-5508,1,1,1,1
IntelDAOS:DAOS-5511,IntelDAOS,DAOS-5511,1,1,1,1
IntelDAOS:DAOS-5514,IntelDAOS,DAOS-5514,1,1,1,1
Qt:QTIFW-1911,Qt,QTIFW-1911,0,0,0,0
Qt:QTIFW-1914,Qt,QTIFW-1914,0,0,0,0
Qt:QDS-2657,Qt,QDS-2657,0,0,0,0
Qt:QDS-2658,Qt,QDS-2658,0,0,0,0
Qt:QDS-2613,Qt,QDS-2613,1,1,1,1
Qt:QDS-2659,Qt,QDS-2659,0,0,0,0
Qt:QDS-2656,Qt,QDS-2656,0,0,0,0
Qt:QTIFW-1916,Qt,QTIFW-1916,0,0,0,0
Qt:QTIFW-1918,Qt,QTIFW-1918,0,0,0,0
Qt:QTIFW-1919,Qt,QTIFW-1919,0,0,0,0
Qt:QTIFW-1920,Qt,QTIFW-1920,0,0,0,0
Qt:QTIFW-1921,Qt,QTIFW-1921,0,0,0,0
Qt:QTIFW-1922,Qt,QTIFW-1922,0,0,0,0
Qt:QTIFW-1923,Qt,QTIFW-1923,1,1,1,1
Qt:QTIFW-1924,Qt,QTIFW-1924,0,0,0,0
Qt:QTIFW-1915,Qt,QTIFW-1915,0,0,0,0
Qt:QTIFW-1925,Qt,QTIFW-1925,0,0,0,0
Qt:QTIFW-1766,Qt,QTIFW-1766,0,0,0,0
Qt:QTIFW-1483,Qt,QTIFW-1483,0,0,0,0
Qt:QTIFW-1883,Qt,QTIFW-1883,0,0,0,0
Qt:QTIFW-1926,Qt,QTIFW-1926,0,0,0,0
Qt:QTBUG-86064,Qt,QTBUG-86064,0,0,0,0
Qt:QTBUG-78848,Qt,QTBUG-78848,0,0,0,0
Qt:QTBUG-86065,Qt,QTBUG-86065,0,0,0,0
Qt:QTBUG-85463,Qt,QTBUG-85463,0,0,0,0
Qt:QTBUG-84700,Qt,QTBUG-84700,0,0,0,0
Qt:QTBUG-86220,Qt,QTBUG-86220,0,0,0,0
Qt:QTBUG-86222,Qt,QTBUG-86222,0,0,0,0
Qt:QTCREATORBUG-24531,Qt,QTCREATORBUG-24531,0,0,0,0
Qt:QDS-2405,Qt,QDS-2405,0,0,0,0
IntelDAOS:DAOS-5515,IntelDAOS,DAOS-5515,1,1,1,1
IntelDAOS:DAOS-5522,IntelDAOS,DAOS-5522,1,1,1,1
Qt:QTBUG-86296,Qt,QTBUG-86296,0,0,0,0
Qt:QTBUG-86298,Qt,QTBUG-86298,0,0,0,0
MariaDB:MXS-3107,MariaDB,MXS-3107,0,0,0,0
MariaDB:MXS-3145,MariaDB,MXS-3145,0,0,0,0
MariaDB:MXS-3138,MariaDB,MXS-3138,0,0,0,0
Qt:QTBUG-78835,Qt,QTBUG-78835,0,0,0,0
Qt:QTBUG-85982,Qt,QTBUG-85982,1,1,1,1
Qt:QTBUG-86346,Qt,QTBUG-86346,0,0,0,0
Qt:QTBUG-86347,Qt,QTBUG-86347,0,0,0,0
Qt:QTBUG-86348,Qt,QTBUG-86348,0,0,0,0
Qt:QTBUG-86349,Qt,QTBUG-86349,0,0,0,0
Qt:QTBUG-86350,Qt,QTBUG-86350,0,0,0,0
Qt:QTBUG-86351,Qt,QTBUG-86351,0,0,0,0
Qt:QTBUG-86352,Qt,QTBUG-86352,0,0,0,0
Qt:QTBUG-86353,Qt,QTBUG-86353,0,0,0,0
MariaDB:MXS-2719,MariaDB,MXS-2719,0,0,0,0
MariaDB:MXS-2692,MariaDB,MXS-2692,0,0,0,0
MariaDB:MXS-2754,MariaDB,MXS-2754,0,0,0,0
Qt:QDS-2696,Qt,QDS-2696,0,0,0,0
MariaDB:MCOL-4285,MariaDB,MCOL-4285,0,0,0,0
Qt:QTBUG-81486,Qt,QTBUG-81486,0,0,0,0
Qt:QTBUG-86390,Qt,QTBUG-86390,0,0,0,0
Hyperledger:FABN-1598,Hyperledger,FABN-1598,0,0,0,0
Hyperledger:FABJ-534,Hyperledger,FABJ-534,0,0,0,0
Hyperledger:FABN-1622,Hyperledger,FABN-1622,0,0,0,0
Qt:QDS-2720,Qt,QDS-2720,0,0,0,0
Qt:QSR-784,Qt,QSR-784,0,0,0,0
Qt:QSR-785,Qt,QSR-785,0,0,0,0
Qt:QTBUG-84868,Qt,QTBUG-84868,1,1,1,1
IntelDAOS:DAOS-4694,IntelDAOS,DAOS-4694,1,1,1,1
Qt:QDS-2725,Qt,QDS-2725,0,0,0,0
Qt:QDS-2681,Qt,QDS-2681,0,0,0,0
Qt:QTWEBSITE-941,Qt,QTWEBSITE-941,0,0,0,0
Qt:QTBUG-86431,Qt,QTBUG-86431,0,0,0,0
Qt:QDS-2729,Qt,QDS-2729,0,0,0,0
Qt:QDS-2731,Qt,QDS-2731,1,1,1,1
Qt:QDS-2732,Qt,QDS-2732,0,0,0,0
Qt:QDS-2733,Qt,QDS-2733,0,0,0,0
Qt:QDS-2734,Qt,QDS-2734,0,0,0,0
Qt:QTBUG-86439,Qt,QTBUG-86439,0,0,0,0
Qt:QTBUG-86449,Qt,QTBUG-86449,0,0,0,0
Jira:CONFSERVER-58628,Jira,CONFSERVER-58628,0,0,0,0
Qt:QDS-2712,Qt,QDS-2712,0,0,0,0
Qt:QDS-982,Qt,QDS-982,0,0,0,0
Qt:QDS-2747,Qt,QDS-2747,0,0,0,0
Qt:QTIFW-1939,Qt,QTIFW-1939,1,0,0,0
Qt:QDS-2748,Qt,QDS-2748,1,1,1,1
Qt:QDS-2749,Qt,QDS-2749,0,0,0,0
Qt:QDS-2750,Qt,QDS-2750,0,0,0,0
Qt:QTIFW-1931,Qt,QTIFW-1931,0,0,0,0
Qt:QTBUG-86488,Qt,QTBUG-86488,0,0,0,0
Qt:QTBUG-86491,Qt,QTBUG-86491,1,1,1,1
Hyperledger:FABCN-432,Hyperledger,FABCN-432,0,0,0,0
Qt:QDS-2606,Qt,QDS-2606,0,0,0,0
Qt:QDS-2753,Qt,QDS-2753,0,0,0,0
Qt:QDS-2745,Qt,QDS-2745,0,0,0,0
Qt:QTIFW-1941,Qt,QTIFW-1941,0,0,0,0
Qt:QTBUG-86515,Qt,QTBUG-86515,0,0,0,0
Hyperledger:FABN-1628,Hyperledger,FABN-1628,0,0,0,0
Hyperledger:FABN-1630,Hyperledger,FABN-1630,0,0,0,0
Hyperledger:FABN-1629,Hyperledger,FABN-1629,0,0,0,0
Hyperledger:FABN-1626,Hyperledger,FABN-1626,0,0,0,0
Hyperledger:FABN-1617,Hyperledger,FABN-1617,0,0,0,0
Hyperledger:FABN-1623,Hyperledger,FABN-1623,0,0,0,0
Qt:QSR-765,Qt,QSR-765,0,0,0,0
MariaDB:MCOL-3976,MariaDB,MCOL-3976,0,0,0,0
Hyperledger:FABN-1632,Hyperledger,FABN-1632,0,0,0,0
Qt:QTBUG-86535,Qt,QTBUG-86535,0,0,0,0
Qt:QTBUG-86523,Qt,QTBUG-86523,0,0,0,0
Qt:QSR-688,Qt,QSR-688,0,0,0,0
Qt:QDS-2763,Qt,QDS-2763,0,0,0,0
Qt:QSR-786,Qt,QSR-786,0,0,0,0
Qt:QSR-787,Qt,QSR-787,0,0,0,0
Qt:QSR-788,Qt,QSR-788,0,0,0,0
Qt:QSR-789,Qt,QSR-789,0,0,0,0
Qt:QSR-790,Qt,QSR-790,0,0,0,0
Qt:QSR-375,Qt,QSR-375,1,1,0,0
Qt:QSR-735,Qt,QSR-735,0,0,0,0
Qt:QSR-740,Qt,QSR-740,0,0,0,0
Qt:QSR-742,Qt,QSR-742,0,0,0,0
Qt:QSR-684,Qt,QSR-684,0,0,0,0
Qt:QSR-685,Qt,QSR-685,0,0,0,0
Qt:QSR-686,Qt,QSR-686,0,0,0,0
Qt:QSR-705,Qt,QSR-705,0,0,0,0
Qt:QTBUG-86531,Qt,QTBUG-86531,0,0,0,0
Qt:QTBUG-86560,Qt,QTBUG-86560,0,0,0,0
Qt:QTBUG-86570,Qt,QTBUG-86570,0,0,0,0
Qt:QTBUG-86571,Qt,QTBUG-86571,0,0,0,0
Qt:QTBUG-86574,Qt,QTBUG-86574,0,0,0,0
Qt:QTBUG-86530,Qt,QTBUG-86530,1,1,1,0
MariaDB:MXS-3129,MariaDB,MXS-3129,0,0,0,0
Qt:QDS-2771,Qt,QDS-2771,0,0,0,0
Qt:QDS-2772,Qt,QDS-2772,0,0,0,0
Qt:QDS-1505,Qt,QDS-1505,0,0,0,0
Qt:QDS-2358,Qt,QDS-2358,0,0,0,0
Qt:QDS-2430,Qt,QDS-2430,0,0,0,0
Qt:QDS-2773,Qt,QDS-2773,0,0,0,0
Qt:QDS-2774,Qt,QDS-2774,0,0,0,0
Qt:QTBUG-86345,Qt,QTBUG-86345,0,0,0,0
Qt:QTBUG-86551,Qt,QTBUG-86551,1,1,0,0
Qt:QTBUG-86124,Qt,QTBUG-86124,0,0,0,0
Qt:QDS-2777,Qt,QDS-2777,0,0,0,0
MariaDB:MXS-3178,MariaDB,MXS-3178,0,0,0,0
Hyperledger:FABN-1636,Hyperledger,FABN-1636,0,0,0,0
MariaDB:MXS-3180,MariaDB,MXS-3180,0,0,0,0
MariaDB:MXS-3154,MariaDB,MXS-3154,0,0,0,0
MariaDB:MXS-2646,MariaDB,MXS-2646,0,0,0,0
MariaDB:MXS-3182,MariaDB,MXS-3182,0,0,0,0
Qt:QDS-2780,Qt,QDS-2780,0,0,0,0
Qt:QDS-2781,Qt,QDS-2781,0,0,0,0
Hyperledger:FCW-23,Hyperledger,FCW-23,0,0,0,0
Qt:QDS-1137,Qt,QDS-1137,0,0,0,0
Qt:QDS-2785,Qt,QDS-2785,0,0,0,0
Qt:QTBUG-86639,Qt,QTBUG-86639,0,0,0,0
Qt:QTBUG-86640,Qt,QTBUG-86640,0,0,0,0
Qt:QTBUG-86641,Qt,QTBUG-86641,1,0,0,0
Qt:QTBUG-86642,Qt,QTBUG-86642,0,0,0,0
Qt:QTBUG-86643,Qt,QTBUG-86643,0,0,0,0
Qt:QTBUG-86644,Qt,QTBUG-86644,0,0,0,0
Qt:QTBUG-86645,Qt,QTBUG-86645,0,0,0,0
Qt:QTBUG-86646,Qt,QTBUG-86646,0,0,0,0
Qt:QTBUG-86650,Qt,QTBUG-86650,0,0,0,0
Qt:QTBUG-86651,Qt,QTBUG-86651,0,0,0,0
Qt:QTBUG-86653,Qt,QTBUG-86653,0,0,0,0
Qt:QTBUG-86655,Qt,QTBUG-86655,0,0,0,0
Qt:QTBUG-86656,Qt,QTBUG-86656,0,0,0,0
Qt:QTBUG-86657,Qt,QTBUG-86657,0,0,0,0
Qt:QTBUG-86659,Qt,QTBUG-86659,0,0,0,0
Qt:QTBUG-74806,Qt,QTBUG-74806,0,0,0,0
Hyperledger:FCW-30,Hyperledger,FCW-30,1,1,1,1
Qt:QTBUG-86678,Qt,QTBUG-86678,0,0,0,0
Qt:QTBUG-86679,Qt,QTBUG-86679,1,1,0,0
Qt:QTBUG-86680,Qt,QTBUG-86680,0,0,0,0
Qt:QTBUG-86690,Qt,QTBUG-86690,1,1,1,1
Qt:QDS-2794,Qt,QDS-2794,0,0,0,0
Qt:QTBUG-86696,Qt,QTBUG-86696,0,0,0,0
Qt:QSR-799,Qt,QSR-799,0,0,0,0
Hyperledger:FABCN-436,Hyperledger,FABCN-436,0,0,0,0
Qt:QTBUG-86701,Qt,QTBUG-86701,0,0,0,0
Qt:QTBUG-83170,Qt,QTBUG-83170,0,0,0,0
Qt:QDS-2764,Qt,QDS-2764,0,0,0,0
Hyperledger:FCW-12,Hyperledger,FCW-12,0,0,0,0
MariaDB:MCOL-4313,MariaDB,MCOL-4313,1,1,1,0
Hyperledger:FAB-18234,Hyperledger,FAB-18234,0,0,0,0
Hyperledger:FAB-18235,Hyperledger,FAB-18235,0,0,0,0
Qt:QTBUG-86739,Qt,QTBUG-86739,0,0,0,0
Qt:QTBUG-86747,Qt,QTBUG-86747,0,0,0,0
Qt:QTBUG-86748,Qt,QTBUG-86748,0,0,0,0
Qt:QTBUG-86749,Qt,QTBUG-86749,0,0,0,0
Qt:QTBUG-86750,Qt,QTBUG-86750,0,0,0,0
Qt:QDS-2807,Qt,QDS-2807,0,0,0,0
Hyperledger:FCW-31,Hyperledger,FCW-31,0,0,0,0
Qt:QTCREATORBUG-24660,Qt,QTCREATORBUG-24660,0,0,0,0
Qt:QDS-2809,Qt,QDS-2809,0,0,0,0
Qt:QDS-2762,Qt,QDS-2762,0,0,0,0
Qt:QTBUG-86751,Qt,QTBUG-86751,0,0,0,0
Qt:QTQAINFRA-3922,Qt,QTQAINFRA-3922,0,0,0,0
Qt:QDS-2803,Qt,QDS-2803,0,0,0,0
Qt:QDS-2746,Qt,QDS-2746,0,0,0,0
Qt:QTIFW-1946,Qt,QTIFW-1946,0,0,0,0
Qt:QTIFW-1957,Qt,QTIFW-1957,0,0,0,0
Qt:QTIFW-1959,Qt,QTIFW-1959,0,0,0,0
Qt:QTIFW-1960,Qt,QTIFW-1960,0,0,0,0
Qt:QTIFW-1961,Qt,QTIFW-1961,0,0,0,0
Qt:QTIFW-1962,Qt,QTIFW-1962,0,0,0,0
Qt:QTIFW-1963,Qt,QTIFW-1963,0,0,0,0
Qt:QTIFW-1964,Qt,QTIFW-1964,0,0,0,0
Qt:QTIFW-1965,Qt,QTIFW-1965,0,0,0,0
Qt:QTIFW-1956,Qt,QTIFW-1956,0,0,0,0
Qt:QTIFW-1744,Qt,QTIFW-1744,0,0,0,0
IntelDAOS:DAOS-4844,IntelDAOS,DAOS-4844,0,0,0,0
Qt:QTBUG-86509,Qt,QTBUG-86509,0,0,0,0
Qt:QTBUG-86825,Qt,QTBUG-86825,0,0,0,0
Qt:QTBUG-87131,Qt,QTBUG-87131,0,0,0,0
Qt:QTCREATORBUG-24679,Qt,QTCREATORBUG-24679,0,0,0,0
Qt:QTCREATORBUG-24681,Qt,QTCREATORBUG-24681,1,1,1,1
Qt:QTBUG-86886,Qt,QTBUG-86886,0,0,0,0
Qt:QDS-2839,Qt,QDS-2839,0,0,0,0
Qt:QTQAINFRA-3932,Qt,QTQAINFRA-3932,0,0,0,0
Qt:QTBUG-86840,Qt,QTBUG-86840,0,0,0,0
Qt:QTBUG-61876,Qt,QTBUG-61876,0,0,0,0
Qt:QTBUG-86999,Qt,QTBUG-86999,0,0,0,0
MariaDB:MXS-3208,MariaDB,MXS-3208,0,0,0,0
Qt:QDS-2848,Qt,QDS-2848,0,0,0,0
Qt:QDS-2849,Qt,QDS-2849,0,0,0,0
Qt:QDS-2850,Qt,QDS-2850,0,0,0,0
Qt:QDS-2851,Qt,QDS-2851,1,1,0,0
Qt:QTBUG-87004,Qt,QTBUG-87004,1,1,1,0
Qt:QTIFW-1973,Qt,QTIFW-1973,0,0,0,0
MariaDB:MXS-3210,MariaDB,MXS-3210,0,0,0,0
MariaDB:MXS-3193,MariaDB,MXS-3193,0,0,0,0
MariaDB:MXS-3209,MariaDB,MXS-3209,0,0,0,0
MariaDB:MXS-3211,MariaDB,MXS-3211,0,0,0,0
MariaDB:MXS-2807,MariaDB,MXS-2807,0,0,0,0
MariaDB:MXS-2806,MariaDB,MXS-2806,0,0,0,0
Qt:QDS-2854,Qt,QDS-2854,1,1,0,0
MariaDB:MXS-2749,MariaDB,MXS-2749,0,0,0,0
Qt:QDS-2855,Qt,QDS-2855,0,0,0,0
Qt:QDS-2856,Qt,QDS-2856,0,0,0,0
MariaDB:MXS-3151,MariaDB,MXS-3151,0,0,0,0
Qt:QDS-2857,Qt,QDS-2857,0,0,0,0
MariaDB:MXS-3204,MariaDB,MXS-3204,0,0,0,0
Qt:QDS-2858,Qt,QDS-2858,0,0,0,0
Qt:QTBUG-87026,Qt,QTBUG-87026,0,0,0,0
Qt:QTBUG-87027,Qt,QTBUG-87027,0,0,0,0
Qt:QTBUG-87028,Qt,QTBUG-87028,0,0,0,0
Qt:QTBUG-87029,Qt,QTBUG-87029,0,0,0,0
Qt:QTBUG-87030,Qt,QTBUG-87030,0,0,0,0
Qt:QTBUG-85857,Qt,QTBUG-85857,0,0,0,0
Qt:QTBUG-85858,Qt,QTBUG-85858,0,0,0,0
Qt:QTBUG-85859,Qt,QTBUG-85859,0,0,0,0
Hyperledger:FABN-1649,Hyperledger,FABN-1649,0,0,0,0
Qt:QTBUG-87044,Qt,QTBUG-87044,0,0,0,0
Qt:QTWEBSITE-942,Qt,QTWEBSITE-942,0,0,0,0
Qt:QSR-813,Qt,QSR-813,0,0,0,0
Qt:QSR-816,Qt,QSR-816,0,0,0,0
Qt:QSR-811,Qt,QSR-811,0,0,0,0
Qt:QSR-812,Qt,QSR-812,0,0,0,0
Qt:QDS-2871,Qt,QDS-2871,0,0,0,0
Qt:QSR-680,Qt,QSR-680,0,0,0,0
Qt:QSR-704,Qt,QSR-704,0,0,0,0
Qt:QSR-673,Qt,QSR-673,0,0,0,0
Qt:QDS-2872,Qt,QDS-2872,0,0,0,0
Qt:QDS-2873,Qt,QDS-2873,0,0,0,0
Qt:QDS-2874,Qt,QDS-2874,0,0,0,0
Qt:QTBUG-87070,Qt,QTBUG-87070,0,0,0,0
Qt:QTBUG-87071,Qt,QTBUG-87071,0,0,0,0
Qt:QDS-2875,Qt,QDS-2875,1,1,1,1
Qt:QDS-2876,Qt,QDS-2876,0,0,0,0
Qt:QDS-2877,Qt,QDS-2877,0,0,0,0
Qt:QDS-2879,Qt,QDS-2879,0,0,0,0
Qt:QDS-2880,Qt,QDS-2880,0,0,0,0
Qt:QDS-2847,Qt,QDS-2847,1,1,1,1
Qt:QDS-2881,Qt,QDS-2881,0,0,0,0
Qt:QTBUG-87081,Qt,QTBUG-87081,0,0,0,0
Qt:QTBUG-87091,Qt,QTBUG-87091,0,0,0,0
Qt:QTIFW-1972,Qt,QTIFW-1972,0,0,0,0
Qt:QTBUG-87025,Qt,QTBUG-87025,0,0,0,0
Qt:QTBUG-87106,Qt,QTBUG-87106,0,0,0,0
Qt:QTBUG-87083,Qt,QTBUG-87083,0,0,0,0
Qt:QTBUG-84669,Qt,QTBUG-84669,0,0,0,0
Qt:QTCREATORBUG-24721,Qt,QTCREATORBUG-24721,0,0,0,0
Qt:QDS-2815,Qt,QDS-2815,0,0,0,0
Qt:QTBUG-86683,Qt,QTBUG-86683,0,0,0,0
Qt:QDS-2898,Qt,QDS-2898,0,0,0,0
Qt:QDS-2817,Qt,QDS-2817,0,0,0,0
Qt:QDS-2895,Qt,QDS-2895,0,0,0,0
Qt:QDS-2896,Qt,QDS-2896,0,0,0,0
Qt:QDS-2804,Qt,QDS-2804,1,1,1,1
Qt:QDS-1243,Qt,QDS-1243,0,0,0,0
Qt:QDS-2899,Qt,QDS-2899,0,0,0,0
Qt:QTBUG-87146,Qt,QTBUG-87146,0,0,0,0
Qt:QTBUG-87147,Qt,QTBUG-87147,0,0,0,0
Qt:QTIFW-1980,Qt,QTIFW-1980,0,0,0,0
Qt:QTIFW-1982,Qt,QTIFW-1982,0,0,0,0
Qt:QTIFW-1983,Qt,QTIFW-1983,0,0,0,0
Qt:QTIFW-1984,Qt,QTIFW-1984,0,0,0,0
Qt:QTIFW-1981,Qt,QTIFW-1981,0,0,0,0
Qt:QTBUG-86492,Qt,QTBUG-86492,0,0,0,0
Qt:QTBUG-83651,Qt,QTBUG-83651,0,0,0,0
Qt:QTBUG-85021,Qt,QTBUG-85021,0,0,0,0
Qt:QTBUG-86444,Qt,QTBUG-86444,0,0,0,0
Qt:QTBUG-86445,Qt,QTBUG-86445,0,0,0,0
Qt:QTBUG-86510,Qt,QTBUG-86510,0,0,0,0
Qt:QTBUG-86522,Qt,QTBUG-86522,0,0,0,0
Qt:QTBUG-87176,Qt,QTBUG-87176,0,0,0,0
Qt:QTBUG-87187,Qt,QTBUG-87187,0,0,0,0
Qt:QTBUG-85517,Qt,QTBUG-85517,0,0,0,0
Qt:QTBUG-87158,Qt,QTBUG-87158,0,0,0,0
Qt:QTBUG-87211,Qt,QTBUG-87211,0,0,0,0
Qt:QTBUG-87214,Qt,QTBUG-87214,0,0,0,0
MariaDB:MXS-3225,MariaDB,MXS-3225,0,0,0,0
Qt:QDS-2903,Qt,QDS-2903,0,0,0,0
MariaDB:MCOL-4337,MariaDB,MCOL-4337,0,0,0,0
MariaDB:MXS-3228,MariaDB,MXS-3228,0,0,0,0
Qt:QTBUG-87287,Qt,QTBUG-87287,0,0,0,0
Qt:QTWEBSITE-947,Qt,QTWEBSITE-947,0,0,0,0
Qt:QTBUG-87293,Qt,QTBUG-87293,0,0,0,0
Qt:QTBUG-87300,Qt,QTBUG-87300,1,1,1,1
Qt:QTBUG-87351,Qt,QTBUG-87351,0,0,0,0
Qt:QTBUG-87373,Qt,QTBUG-87373,0,0,0,0
Qt:QTBUG-87374,Qt,QTBUG-87374,0,0,0,0
Qt:QTBUG-87375,Qt,QTBUG-87375,0,0,0,0
MariaDB:MXS-3233,MariaDB,MXS-3233,0,0,0,0
Qt:QTBUG-87024,Qt,QTBUG-87024,0,0,0,0
MariaDB:MXS-3091,MariaDB,MXS-3091,0,0,0,0
Qt:QTCREATORBUG-24736,Qt,QTCREATORBUG-24736,0,0,0,0
MariaDB:MXS-1687,MariaDB,MXS-1687,0,0,0,0
Qt:QTBUG-86648,Qt,QTBUG-86648,0,0,0,0
Qt:QTBUG-86637,Qt,QTBUG-86637,0,0,0,0
Qt:QTQAINFRA-3768,Qt,QTQAINFRA-3768,0,0,0,0
Qt:QTBUG-87379,Qt,QTBUG-87379,0,0,0,0
Qt:QTBUG-86811,Qt,QTBUG-86811,0,0,0,0
Qt:QDS-2930,Qt,QDS-2930,0,0,0,0
Qt:QDS-2931,Qt,QDS-2931,0,0,0,0
Qt:QSR-797,Qt,QSR-797,0,0,0,0
Qt:QTBUG-87451,Qt,QTBUG-87451,0,0,0,0
Qt:QTWEBSITE-950,Qt,QTWEBSITE-950,0,0,0,0
MariaDB:MXS-3236,MariaDB,MXS-3236,0,0,0,0
Qt:QTBUG-87475,Qt,QTBUG-87475,1,1,1,0
Qt:QTCREATORBUG-24354,Qt,QTCREATORBUG-24354,0,0,0,0
Qt:QTBUG-87590,Qt,QTBUG-87590,0,0,0,0
Qt:QTBUG-87591,Qt,QTBUG-87591,0,0,0,0
Qt:QTBUG-87592,Qt,QTBUG-87592,0,0,0,0
Qt:QTBUG-87596,Qt,QTBUG-87596,0,0,0,0
Qt:QTBUG-80465,Qt,QTBUG-80465,0,0,0,0
Qt:QDS-2943,Qt,QDS-2943,0,0,0,0
Qt:QDS-2944,Qt,QDS-2944,0,0,0,0
Qt:QDS-2946,Qt,QDS-2946,0,0,0,0
Qt:QDS-2947,Qt,QDS-2947,0,0,0,0
Qt:QDS-2948,Qt,QDS-2948,0,0,0,0
Qt:QDS-2950,Qt,QDS-2950,0,0,0,0
Qt:QDS-2952,Qt,QDS-2952,0,0,0,0
Qt:QDS-2953,Qt,QDS-2953,0,0,0,0
Qt:QTBUG-87168,Qt,QTBUG-87168,0,0,0,0
Qt:QTBUG-87622,Qt,QTBUG-87622,0,0,0,0
Qt:QDS-2919,Qt,QDS-2919,0,0,0,0
Qt:QTBUG-87306,Qt,QTBUG-87306,0,0,0,0
Qt:QDS-2957,Qt,QDS-2957,0,0,0,0
Qt:QDS-2958,Qt,QDS-2958,0,0,0,0
Qt:QTBUG-87628,Qt,QTBUG-87628,1,1,1,1
Qt:QTBUG-87630,Qt,QTBUG-87630,0,0,0,0
Qt:QTBUG-87631,Qt,QTBUG-87631,0,0,0,0
Qt:QTBUG-87632,Qt,QTBUG-87632,1,1,1,1
Qt:QTBUG-87634,Qt,QTBUG-87634,0,0,0,0
Qt:QTBUG-86513,Qt,QTBUG-86513,1,1,1,0
Qt:QTBUG-87612,Qt,QTBUG-87612,0,0,0,0
Qt:QTBUG-86553,Qt,QTBUG-86553,0,0,0,0
Qt:QTBUG-86555,Qt,QTBUG-86555,0,0,0,0
MariaDB:MCOL-4362,MariaDB,MCOL-4362,0,0,0,0
Qt:QTBUG-87656,Qt,QTBUG-87656,0,0,0,0
Qt:QTBUG-87037,Qt,QTBUG-87037,0,0,0,0
Qt:QDS-2513,Qt,QDS-2513,1,1,0,0
Qt:QDS-2915,Qt,QDS-2915,0,0,0,0
Qt:QDS-2966,Qt,QDS-2966,0,0,0,0
Qt:QDS-2967,Qt,QDS-2967,0,0,0,0
Qt:QTBUG-88336,Qt,QTBUG-88336,0,0,0,0
Qt:QTBUG-87384,Qt,QTBUG-87384,0,0,0,0
Qt:QTIFW-1945,Qt,QTIFW-1945,0,0,0,0
Qt:QTIFW-1511,Qt,QTIFW-1511,0,0,0,0
Qt:QTIFW-2003,Qt,QTIFW-2003,0,0,0,0
MariaDB:MXS-2955,MariaDB,MXS-2955,0,0,0,0
Qt:QTBUG-87700,Qt,QTBUG-87700,0,0,0,0
Qt:QDS-2972,Qt,QDS-2972,0,0,0,0
Qt:QDS-2828,Qt,QDS-2828,0,0,0,0
IntelDAOS:DAOS-3836,IntelDAOS,DAOS-3836,0,0,0,0
IntelDAOS:DAOS-5038,IntelDAOS,DAOS-5038,0,0,0,0
IntelDAOS:DAOS-4905,IntelDAOS,DAOS-4905,0,0,0,0
IntelDAOS:DAOS-5563,IntelDAOS,DAOS-5563,0,0,0,0
IntelDAOS:DAOS-5562,IntelDAOS,DAOS-5562,0,0,0,0
Qt:QTBUG-87732,Qt,QTBUG-87732,0,0,0,0
MariaDB:MXS-3249,MariaDB,MXS-3249,1,1,1,1
Hyperledger:FAB-18282,Hyperledger,FAB-18282,0,0,0,0
Qt:QSR-865,Qt,QSR-865,0,0,0,0
Qt:QSR-866,Qt,QSR-866,0,0,0,0
Qt:QSR-867,Qt,QSR-867,0,0,0,0
Qt:QSR-868,Qt,QSR-868,0,0,0,0
Qt:QSR-869,Qt,QSR-869,0,0,0,0
Qt:QTIFW-2005,Qt,QTIFW-2005,0,0,0,0
IntelDAOS:DAOS-2835,IntelDAOS,DAOS-2835,0,0,0,0
Qt:QTBUG-87784,Qt,QTBUG-87784,0,0,0,0
Qt:QSR-832,Qt,QSR-832,0,0,0,0
Qt:QSR-834,Qt,QSR-834,0,0,0,0
Qt:QSR-835,Qt,QSR-835,0,0,0,0
IntelDAOS:DAOS-5246,IntelDAOS,DAOS-5246,0,0,0,0
Hyperledger:FABN-1656,Hyperledger,FABN-1656,0,0,0,0
Qt:QTBUG-87817,Qt,QTBUG-87817,0,0,0,0
Qt:QTCREATORBUG-24828,Qt,QTCREATORBUG-24828,0,0,0,0
Hyperledger:FGJ-95,Hyperledger,FGJ-95,0,0,0,0
Hyperledger:FABJ-541,Hyperledger,FABJ-541,0,0,0,0
Hyperledger:FABN-1658,Hyperledger,FABN-1658,0,0,0,0
IntelDAOS:DAOS-5442,IntelDAOS,DAOS-5442,0,0,0,0
MariaDB:MXS-3258,MariaDB,MXS-3258,0,0,0,0
MariaDB:MXS-3146,MariaDB,MXS-3146,0,0,0,0
MariaDB:MXS-3259,MariaDB,MXS-3259,0,0,0,0
Qt:QTBUG-87856,Qt,QTBUG-87856,0,0,0,0
Qt:QTBUG-87857,Qt,QTBUG-87857,0,0,0,0
MariaDB:MXS-3260,MariaDB,MXS-3260,0,0,0,0
Qt:QTBUG-87860,Qt,QTBUG-87860,0,0,0,0
Qt:QTBUG-87468,Qt,QTBUG-87468,1,1,1,1
Qt:QDS-3000,Qt,QDS-3000,0,0,0,0
Qt:QDS-3002,Qt,QDS-3002,0,0,0,0
Qt:QDS-2973,Qt,QDS-2973,0,0,0,0
Qt:QTBUG-87955,Qt,QTBUG-87955,0,0,0,0
Qt:QTBUG-87956,Qt,QTBUG-87956,0,0,0,0
Hyperledger:FABN-1661,Hyperledger,FABN-1661,0,0,0,0
Qt:QTBUG-87958,Qt,QTBUG-87958,0,0,0,0
Hyperledger:FAB-18290,Hyperledger,FAB-18290,0,0,0,0
Qt:QTBUG-87205,Qt,QTBUG-87205,0,0,0,0
Qt:QTBUG-88021,Qt,QTBUG-88021,0,0,0,0
Qt:QTBUG-87155,Qt,QTBUG-87155,0,0,0,0
Qt:QTBUG-86554,Qt,QTBUG-86554,0,0,0,0
Hyperledger:FABCN-437,Hyperledger,FABCN-437,0,0,0,0
Qt:QDS-3020,Qt,QDS-3020,0,0,0,0
Qt:QDS-3030,Qt,QDS-3030,1,1,1,1
Qt:QDS-3029,Qt,QDS-3029,1,1,1,1
Qt:QDS-2635,Qt,QDS-2635,0,0,0,0
Qt:QDS-3031,Qt,QDS-3031,1,0,0,0
Qt:QDS-3033,Qt,QDS-3033,0,0,0,0
Qt:QDS-3034,Qt,QDS-3034,0,0,0,0
Qt:QTIFW-1998,Qt,QTIFW-1998,0,0,0,0
Qt:QTIFW-1953,Qt,QTIFW-1953,0,0,0,0
Qt:QTBUG-84870,Qt,QTBUG-84870,0,0,0,0
Hyperledger:FAB-18179,Hyperledger,FAB-18179,0,0,0,0
Hyperledger:FAB-18006,Hyperledger,FAB-18006,0,0,0,0
Hyperledger:FAB-18005,Hyperledger,FAB-18005,1,0,0,0
Hyperledger:FAB-17954,Hyperledger,FAB-17954,1,1,1,0
Qt:QTQAINFRA-3989,Qt,QTQAINFRA-3989,0,0,0,0
Qt:QTBUG-88097,Qt,QTBUG-88097,0,0,0,0
Qt:QTBUG-83740,Qt,QTBUG-83740,0,0,0,0
Qt:QTBUG-88101,Qt,QTBUG-88101,1,1,0,0
Qt:QTBUG-88124,Qt,QTBUG-88124,0,0,0,0
IntelDAOS:DAOS-3689,IntelDAOS,DAOS-3689,1,0,0,0
IntelDAOS:DAOS-3719,IntelDAOS,DAOS-3719,0,0,0,0
Qt:QTBUG-88155,Qt,QTBUG-88155,0,0,0,0
Qt:QDS-3048,Qt,QDS-3048,0,0,0,0
Qt:QDS-3050,Qt,QDS-3050,0,0,0,0
Qt:QDS-3051,Qt,QDS-3051,0,0,0,0
Qt:QDS-3052,Qt,QDS-3052,0,0,0,0
Qt:QDS-3053,Qt,QDS-3053,0,0,0,0
Qt:QDS-3054,Qt,QDS-3054,0,0,0,0
Qt:QDS-2989,Qt,QDS-2989,1,1,0,0
Qt:QDS-3060,Qt,QDS-3060,0,0,0,0
Qt:QDS-3062,Qt,QDS-3062,0,0,0,0
Qt:QDS-3066,Qt,QDS-3066,0,0,0,0
Qt:QDS-3067,Qt,QDS-3067,0,0,0,0
Qt:QTBUG-88177,Qt,QTBUG-88177,0,0,0,0
Qt:QDS-3070,Qt,QDS-3070,0,0,0,0
Qt:QDS-3071,Qt,QDS-3071,0,0,0,0
Qt:QTBUG-88181,Qt,QTBUG-88181,0,0,0,0
Qt:QDS-3072,Qt,QDS-3072,0,0,0,0
Qt:QTIFW-2013,Qt,QTIFW-2013,0,0,0,0
Qt:QTIFW-2014,Qt,QTIFW-2014,0,0,0,0
Qt:QTIFW-2015,Qt,QTIFW-2015,0,0,0,0
Hyperledger:FAB-18314,Hyperledger,FAB-18314,0,0,0,0
Hyperledger:FAB-18313,Hyperledger,FAB-18313,0,0,0,0
Hyperledger:FABN-1665,Hyperledger,FABN-1665,0,0,0,0
Qt:QDS-3082,Qt,QDS-3082,0,0,0,0
Qt:QDS-3083,Qt,QDS-3083,0,0,0,0
Qt:QDS-3084,Qt,QDS-3084,0,0,0,0
Qt:QTBUG-87996,Qt,QTBUG-87996,0,0,0,0
Qt:QTBUG-88313,Qt,QTBUG-88313,0,0,0,0
Qt:QTBUG-88315,Qt,QTBUG-88315,0,0,0,0
Qt:QTBUG-88317,Qt,QTBUG-88317,0,0,0,0
MariaDB:MXS-3290,MariaDB,MXS-3290,0,0,0,0
MariaDB:MXS-2351,MariaDB,MXS-2351,1,1,1,0
MariaDB:MXS-3108,MariaDB,MXS-3108,0,0,0,0
Qt:QTBUG-88294,Qt,QTBUG-88294,0,0,0,0
MariaDB:MXS-2723,MariaDB,MXS-2723,0,0,0,0
MariaDB:MXS-2748,MariaDB,MXS-2748,0,0,0,0
MariaDB:MXS-3243,MariaDB,MXS-3243,0,0,0,0
MariaDB:MXS-3277,MariaDB,MXS-3277,0,0,0,0
Qt:QTBUG-88332,Qt,QTBUG-88332,0,0,0,0
Hyperledger:FAB-11334,Hyperledger,FAB-11334,1,1,1,1
IntelDAOS:DAOS-4873,IntelDAOS,DAOS-4873,0,0,0,0
Qt:QTBUG-88359,Qt,QTBUG-88359,0,0,0,0
Hyperledger:FABN-1666,Hyperledger,FABN-1666,1,1,1,1
Qt:QDS-3087,Qt,QDS-3087,0,0,0,0
Qt:QDS-3108,Qt,QDS-3108,1,0,0,0
MariaDB:MCOL-4387,MariaDB,MCOL-4387,0,0,0,0
Qt:QDS-3109,Qt,QDS-3109,0,0,0,0
Qt:QTBUG-86634,Qt,QTBUG-86634,0,0,0,0
Qt:QTBUG-86713,Qt,QTBUG-86713,0,0,0,0
Qt:QTBUG-87954,Qt,QTBUG-87954,1,1,1,1
Qt:QTBUG-88443,Qt,QTBUG-88443,0,0,0,0
Qt:QTBUG-86584,Qt,QTBUG-86584,0,0,0,0
Qt:QTBUG-87104,Qt,QTBUG-87104,0,0,0,0
MariaDB:MCOL-4389,MariaDB,MCOL-4389,0,0,0,0
Qt:QTBUG-88183,Qt,QTBUG-88183,0,0,0,0
Qt:QTBUG-88355,Qt,QTBUG-88355,0,0,0,0
Qt:QTIFW-2024,Qt,QTIFW-2024,0,0,0,0
Qt:QTIFW-2025,Qt,QTIFW-2025,0,0,0,0
Qt:QTIFW-2026,Qt,QTIFW-2026,0,0,0,0
Qt:QTIFW-2027,Qt,QTIFW-2027,0,0,0,0
Qt:QTIFW-2028,Qt,QTIFW-2028,0,0,0,0
MariaDB:MCOL-4390,MariaDB,MCOL-4390,0,0,0,0
Qt:QDS-3123,Qt,QDS-3123,0,0,0,0
Qt:QDS-3124,Qt,QDS-3124,1,1,1,0
Qt:QDS-2363,Qt,QDS-2363,0,0,0,0
Qt:QTIFW-1950,Qt,QTIFW-1950,0,0,0,0
Qt:QTQAINFRA-4010,Qt,QTQAINFRA-4010,0,0,0,0
Qt:QTIFW-2029,Qt,QTIFW-2029,0,0,0,0
Qt:QTIFW-2031,Qt,QTIFW-2031,0,0,0,0
Qt:QTIFW-2032,Qt,QTIFW-2032,0,0,0,0
Qt:QTIFW-2033,Qt,QTIFW-2033,0,0,0,0
Qt:QTIFW-2034,Qt,QTIFW-2034,0,0,0,0
Qt:QTIFW-2035,Qt,QTIFW-2035,0,0,0,0
Qt:QTIFW-2036,Qt,QTIFW-2036,0,0,0,0
Qt:QTIFW-2037,Qt,QTIFW-2037,0,0,0,0
Qt:QTIFW-2038,Qt,QTIFW-2038,0,0,0,0
Qt:QTIFW-2039,Qt,QTIFW-2039,0,0,0,0
Qt:QTIFW-2040,Qt,QTIFW-2040,0,0,0,0
Qt:QTIFW-2041,Qt,QTIFW-2041,0,0,0,0
Qt:QTIFW-2042,Qt,QTIFW-2042,0,0,0,0
Qt:QTIFW-2043,Qt,QTIFW-2043,0,0,0,0
Qt:QTIFW-2030,Qt,QTIFW-2030,0,0,0,0
MariaDB:MCOL-4394,MariaDB,MCOL-4394,0,0,0,0
Qt:QTBUG-88544,Qt,QTBUG-88544,0,0,0,0
Qt:QDS-3107,Qt,QDS-3107,0,0,0,0
Qt:QDS-3137,Qt,QDS-3137,0,0,0,0
Qt:QDS-3126,Qt,QDS-3126,0,0,0,0
Qt:QDS-3032,Qt,QDS-3032,0,0,0,0
Qt:QDS-3138,Qt,QDS-3138,1,1,1,1
Qt:QDS-3139,Qt,QDS-3139,0,0,0,0
Qt:QDS-3140,Qt,QDS-3140,0,0,0,0
Qt:QDS-3141,Qt,QDS-3141,0,0,0,0
MariaDB:MCOL-4398,MariaDB,MCOL-4398,0,0,0,0
Qt:QTWEBSITE-958,Qt,QTWEBSITE-958,0,0,0,0
Qt:QTIFW-2048,Qt,QTIFW-2048,0,0,0,0
Jira:CONFSERVER-49097,Jira,CONFSERVER-49097,1,1,1,1
Qt:QDS-3121,Qt,QDS-3121,0,0,0,0
Qt:QDS-3153,Qt,QDS-3153,0,0,0,0
Qt:QDS-3158,Qt,QDS-3158,0,0,0,0
Qt:QTBUG-88740,Qt,QTBUG-88740,0,0,0,0
Qt:QTBUG-88745,Qt,QTBUG-88745,1,0,0,0
Qt:QTBUG-88746,Qt,QTBUG-88746,1,1,0,0
Qt:QTBUG-88747,Qt,QTBUG-88747,0,0,0,0
Qt:QTBUG-88748,Qt,QTBUG-88748,0,0,0,0
Qt:QTBUG-88749,Qt,QTBUG-88749,1,1,1,1
Qt:QTBUG-88750,Qt,QTBUG-88750,0,0,0,0
Qt:QTBUG-88751,Qt,QTBUG-88751,0,0,0,0
Qt:QTBUG-88752,Qt,QTBUG-88752,0,0,0,0
Qt:QTBUG-88753,Qt,QTBUG-88753,0,0,0,0
Qt:QTBUG-88754,Qt,QTBUG-88754,0,0,0,0
Qt:QTBUG-88755,Qt,QTBUG-88755,0,0,0,0
Qt:QTBUG-88743,Qt,QTBUG-88743,0,0,0,0
Qt:QTBUG-88759,Qt,QTBUG-88759,0,0,0,0
Qt:QTBUG-88762,Qt,QTBUG-88762,0,0,0,0
Qt:QTBUG-88756,Qt,QTBUG-88756,0,0,0,0
MariaDB:MCOL-4409,MariaDB,MCOL-4409,1,0,0,0
MariaDB:MXS-3305,MariaDB,MXS-3305,0,0,0,0
MariaDB:MXS-3300,MariaDB,MXS-3300,0,0,0,0
MariaDB:MXS-3306,MariaDB,MXS-3306,0,0,0,0
Hyperledger:FABN-1669,Hyperledger,FABN-1669,0,0,0,0
Hyperledger:FABN-1670,Hyperledger,FABN-1670,0,0,0,0
Qt:QDS-3163,Qt,QDS-3163,0,0,0,0
Hyperledger:FAB-18166,Hyperledger,FAB-18166,0,0,0,0
Jira:CONFSERVER-60532,Jira,CONFSERVER-60532,0,0,0,0
Qt:QTQAINFRA-4020,Qt,QTQAINFRA-4020,0,0,0,0
Qt:QTBUG-88836,Qt,QTBUG-88836,0,0,0,0
Hyperledger:FABN-1674,Hyperledger,FABN-1674,0,0,0,0
Qt:QTBUG-75129,Qt,QTBUG-75129,0,0,0,0
Qt:QTBUG-88546,Qt,QTBUG-88546,0,0,0,0
Qt:QTBUG-87962,Qt,QTBUG-87962,0,0,0,0
Qt:QTBUG-88943,Qt,QTBUG-88943,0,0,0,0
Qt:QTBUG-86794,Qt,QTBUG-86794,0,0,0,0
Qt:QTQAINFRA-4036,Qt,QTQAINFRA-4036,0,0,0,0
Qt:QDS-3196,Qt,QDS-3196,0,0,0,0
Qt:QDS-3197,Qt,QDS-3197,0,0,0,0
Qt:QDS-2941,Qt,QDS-2941,0,0,0,0
Qt:QDS-3194,Qt,QDS-3194,0,0,0,0
Qt:QTIFW-507,Qt,QTIFW-507,0,0,0,0
Qt:QTIFW-1991,Qt,QTIFW-1991,1,1,1,1
Qt:QTBUG-76970,Qt,QTBUG-76970,1,1,1,1
Qt:QDS-3199,Qt,QDS-3199,0,0,0,0
Qt:QTBUG-89021,Qt,QTBUG-89021,0,0,0,0
Qt:QTIFW-2057,Qt,QTIFW-2057,0,0,0,0
Qt:QDS-3215,Qt,QDS-3215,0,0,0,0
Qt:QTBUG-89054,Qt,QTBUG-89054,0,0,0,0
Qt:QDS-3220,Qt,QDS-3220,0,0,0,0
Qt:QDS-3227,Qt,QDS-3227,0,0,0,0
Qt:QDS-3228,Qt,QDS-3228,0,0,0,0
Qt:QDS-2744,Qt,QDS-2744,0,0,0,0
Qt:QDS-3234,Qt,QDS-3234,0,0,0,0
Qt:QDS-3235,Qt,QDS-3235,0,0,0,0
Qt:QDS-3236,Qt,QDS-3236,0,0,0,0
Qt:QDS-3237,Qt,QDS-3237,0,0,0,0
Qt:QDS-3238,Qt,QDS-3238,0,0,0,0
Qt:QTBUG-89065,Qt,QTBUG-89065,1,1,0,0
Qt:QDS-3247,Qt,QDS-3247,0,0,0,0
Qt:QDS-3248,Qt,QDS-3248,0,0,0,0
Qt:QDS-3245,Qt,QDS-3245,0,0,0,0
Hyperledger:FAB-18342,Hyperledger,FAB-18342,1,1,1,1
Hyperledger:FAB-18178,Hyperledger,FAB-18178,0,0,0,0
Hyperledger:FABN-1676,Hyperledger,FABN-1676,0,0,0,0
Hyperledger:FABN-1677,Hyperledger,FABN-1677,0,0,0,0
Qt:QDS-3259,Qt,QDS-3259,0,0,0,0
Qt:QDS-3261,Qt,QDS-3261,0,0,0,0
Qt:QDS-3262,Qt,QDS-3262,0,0,0,0
Qt:QDS-3264,Qt,QDS-3264,0,0,0,0
Qt:QDS-3266,Qt,QDS-3266,0,0,0,0
Qt:QDS-3267,Qt,QDS-3267,0,0,0,0
Qt:QDS-3271,Qt,QDS-3271,0,0,0,0
Qt:QDS-3272,Qt,QDS-3272,0,0,0,0
Qt:QDS-3273,Qt,QDS-3273,0,0,0,0
Qt:QDS-3274,Qt,QDS-3274,0,0,0,0
Qt:QDS-3277,Qt,QDS-3277,0,0,0,0
Qt:QDS-3279,Qt,QDS-3279,0,0,0,0
Qt:QDS-3280,Qt,QDS-3280,0,0,0,0
Qt:QTIFW-2073,Qt,QTIFW-2073,0,0,0,0
MariaDB:MXS-1245,MariaDB,MXS-1245,0,0,0,0
Qt:QDS-3294,Qt,QDS-3294,0,0,0,0
Hyperledger:FABGW-2,Hyperledger,FABGW-2,0,0,0,0
Hyperledger:FABGW-3,Hyperledger,FABGW-3,0,0,0,0
Hyperledger:FABGW-10,Hyperledger,FABGW-10,0,0,0,0
Hyperledger:FABGW-11,Hyperledger,FABGW-11,0,0,0,0
Hyperledger:FABGW-12,Hyperledger,FABGW-12,0,0,0,0
Hyperledger:FABGW-4,Hyperledger,FABGW-4,0,0,0,0
Hyperledger:FABGW-5,Hyperledger,FABGW-5,0,0,0,0
Hyperledger:FABGW-6,Hyperledger,FABGW-6,0,0,0,0
Hyperledger:FABGW-7,Hyperledger,FABGW-7,1,1,1,0
Hyperledger:FABGW-8,Hyperledger,FABGW-8,1,1,1,1
Hyperledger:FABGW-9,Hyperledger,FABGW-9,0,0,0,0
Hyperledger:FABGW-13,Hyperledger,FABGW-13,0,0,0,0
Qt:QTBUG-86238,Qt,QTBUG-86238,0,0,0,0
Qt:QDS-3306,Qt,QDS-3306,1,1,0,0
Qt:QTBUG-86966,Qt,QTBUG-86966,0,0,0,0
Hyperledger:FABN-1679,Hyperledger,FABN-1679,0,0,0,0
Hyperledger:FABGW-14,Hyperledger,FABGW-14,0,0,0,0
Hyperledger:FABGW-15,Hyperledger,FABGW-15,0,0,0,0
Qt:QTBUG-85520,Qt,QTBUG-85520,1,1,1,1
Qt:QTBUG-88420,Qt,QTBUG-88420,0,0,0,0
Qt:QTIFW-2065,Qt,QTIFW-2065,0,0,0,0
Qt:QTBUG-88792,Qt,QTBUG-88792,0,0,0,0
Qt:QTBUG-89459,Qt,QTBUG-89459,1,1,1,0
Qt:QTBUG-89460,Qt,QTBUG-89460,0,0,0,0
Qt:QTBUG-89461,Qt,QTBUG-89461,0,0,0,0
Qt:QTBUG-89462,Qt,QTBUG-89462,0,0,0,0
Qt:QTBUG-89463,Qt,QTBUG-89463,0,0,0,0
Qt:QTBUG-89464,Qt,QTBUG-89464,0,0,0,0
Qt:QTBUG-89465,Qt,QTBUG-89465,0,0,0,0
Qt:QDS-3325,Qt,QDS-3325,0,0,0,0
Qt:QDS-3326,Qt,QDS-3326,0,0,0,0
Qt:QDS-3320,Qt,QDS-3320,0,0,0,0
Qt:QDS-3327,Qt,QDS-3327,0,0,0,0
Qt:QTBUG-89475,Qt,QTBUG-89475,0,0,0,0
Qt:QTBUG-89502,Qt,QTBUG-89502,1,1,1,1
MariaDB:MCOL-4452,MariaDB,MCOL-4452,1,1,1,1
Qt:QDS-3352,Qt,QDS-3352,0,0,0,0
Qt:QDS-3354,Qt,QDS-3354,0,0,0,0
Hyperledger:FABCJ-298,Hyperledger,FABCJ-298,0,0,0,0
Hyperledger:FABJ-544,Hyperledger,FABJ-544,0,0,0,0
Hyperledger:FABN-1681,Hyperledger,FABN-1681,0,0,0,0
Hyperledger:FABN-1682,Hyperledger,FABN-1682,0,0,0,0
Qt:QTBUG-82331,Qt,QTBUG-82331,0,0,0,0
Qt:QTIFW-1565,Qt,QTIFW-1565,0,0,0,0
IntelDAOS:DAOS-4882,IntelDAOS,DAOS-4882,0,0,0,0
IntelDAOS:DAOS-4884,IntelDAOS,DAOS-4884,0,0,0,0
IntelDAOS:DAOS-4883,IntelDAOS,DAOS-4883,0,0,0,0
MariaDB:MCOL-4457,MariaDB,MCOL-4457,0,0,0,0
MariaDB:MCOL-4458,MariaDB,MCOL-4458,0,0,0,0
Qt:QTBUG-89591,Qt,QTBUG-89591,0,0,0,0
MariaDB:MCOL-4463,MariaDB,MCOL-4463,0,0,0,0
Qt:QTBUG-89632,Qt,QTBUG-89632,0,0,0,0
Qt:QTBUG-89633,Qt,QTBUG-89633,0,0,0,0
Qt:QTBUG-86663,Qt,QTBUG-86663,1,0,0,0
Qt:QTBUG-86118,Qt,QTBUG-86118,0,0,0,0
Qt:QTBUG-89634,Qt,QTBUG-89634,0,0,0,0
Qt:QTBUG-89635,Qt,QTBUG-89635,0,0,0,0
Qt:QTBUG-89631,Qt,QTBUG-89631,0,0,0,0
Qt:QDS-3389,Qt,QDS-3389,1,1,1,1
Qt:QTBUG-89654,Qt,QTBUG-89654,0,0,0,0
Qt:QTIFW-2087,Qt,QTIFW-2087,0,0,0,0
Qt:QTIFW-2088,Qt,QTIFW-2088,0,0,0,0
Qt:QTIFW-2089,Qt,QTIFW-2089,0,0,0,0
Qt:QTIFW-2090,Qt,QTIFW-2090,0,0,0,0
Qt:QDS-3447,Qt,QDS-3447,0,0,0,0
MariaDB:MXS-3355,MariaDB,MXS-3355,0,0,0,0
MariaDB:MXS-3356,MariaDB,MXS-3356,0,0,0,0
Qt:QTIFW-2094,Qt,QTIFW-2094,0,0,0,0
MariaDB:MCOL-4478,MariaDB,MCOL-4478,0,0,0,0
MariaDB:MCOL-4479,MariaDB,MCOL-4479,0,0,0,0
MariaDB:MXS-3361,MariaDB,MXS-3361,0,0,0,0
MariaDB:MXS-3362,MariaDB,MXS-3362,0,0,0,0
MariaDB:MXS-3340,MariaDB,MXS-3340,0,0,0,0
Qt:QDS-3470,Qt,QDS-3470,0,0,0,0
Qt:QDS-3473,Qt,QDS-3473,0,0,0,0
Qt:QDS-3474,Qt,QDS-3474,0,0,0,0
Qt:QTBUG-89788,Qt,QTBUG-89788,0,0,0,0
Qt:QTBUG-89792,Qt,QTBUG-89792,0,0,0,0
Qt:QTBUG-89810,Qt,QTBUG-89810,1,1,1,1
Qt:QTBUG-89811,Qt,QTBUG-89811,0,0,0,0
Qt:QDS-3478,Qt,QDS-3478,0,0,0,0
Qt:QTBUG-89826,Qt,QTBUG-89826,1,1,0,0
Qt:QDS-3479,Qt,QDS-3479,0,0,0,0
Qt:QDS-3480,Qt,QDS-3480,0,0,0,0
Qt:QDS-3481,Qt,QDS-3481,0,0,0,0
Qt:QDS-3482,Qt,QDS-3482,0,0,0,0
Qt:QDS-3483,Qt,QDS-3483,0,0,0,0
Qt:QDS-3484,Qt,QDS-3484,0,0,0,0
Qt:QTBUG-89863,Qt,QTBUG-89863,0,0,0,0
Qt:QTQAINFRA-4126,Qt,QTQAINFRA-4126,0,0,0,0
Qt:QDS-1133,Qt,QDS-1133,0,0,0,0
MariaDB:MXS-3367,MariaDB,MXS-3367,0,0,0,0
MariaDB:MXS-3368,MariaDB,MXS-3368,0,0,0,0
Qt:QDS-3501,Qt,QDS-3501,0,0,0,0
Qt:QDS-3502,Qt,QDS-3502,0,0,0,0
Qt:QTBUG-89878,Qt,QTBUG-89878,0,0,0,0
Qt:QTBUG-89880,Qt,QTBUG-89880,0,0,0,0
Qt:QTBUG-89828,Qt,QTBUG-89828,0,0,0,0
Qt:QTBUG-89853,Qt,QTBUG-89853,0,0,0,0
Qt:QTBUG-89854,Qt,QTBUG-89854,0,0,0,0
Qt:QTBUG-89832,Qt,QTBUG-89832,1,0,0,0
Qt:QTBUG-89834,Qt,QTBUG-89834,0,0,0,0
Qt:QTBUG-65922,Qt,QTBUG-65922,1,1,1,1
Qt:QTIFW-2101,Qt,QTIFW-2101,0,0,0,0
Hyperledger:FAB-18381,Hyperledger,FAB-18381,0,0,0,0
Hyperledger:FAB-18369,Hyperledger,FAB-18369,0,0,0,0
Hyperledger:FAB-18257,Hyperledger,FAB-18257,1,0,0,0
Hyperledger:FAB-18361,Hyperledger,FAB-18361,1,1,1,1
Qt:QDS-3561,Qt,QDS-3561,0,0,0,0
Qt:QTIFW-2106,Qt,QTIFW-2106,0,0,0,0
Qt:QTIFW-2107,Qt,QTIFW-2107,0,0,0,0
Qt:QTIFW-2108,Qt,QTIFW-2108,0,0,0,0
Qt:QTIFW-2109,Qt,QTIFW-2109,0,0,0,0
Qt:QTIFW-2110,Qt,QTIFW-2110,0,0,0,0
Qt:QTIFW-2111,Qt,QTIFW-2111,0,0,0,0
Qt:QTIFW-2112,Qt,QTIFW-2112,0,0,0,0
Qt:QTIFW-2116,Qt,QTIFW-2116,0,0,0,0
Qt:QTIFW-2118,Qt,QTIFW-2118,0,0,0,0
Qt:QTIFW-2105,Qt,QTIFW-2105,0,0,0,0
Qt:QTIFW-1978,Qt,QTIFW-1978,0,0,0,0
Qt:QTBUG-80828,Qt,QTBUG-80828,0,0,0,0
Qt:QDS-3510,Qt,QDS-3510,0,0,0,0
Qt:QTBUG-78056,Qt,QTBUG-78056,0,0,0,0
Qt:QSR-1009,Qt,QSR-1009,0,0,0,0
Qt:QTBUG-89977,Qt,QTBUG-89977,0,0,0,0
Qt:QTBUG-89482,Qt,QTBUG-89482,0,0,0,0
Qt:QTQAINFRA-4137,Qt,QTQAINFRA-4137,0,0,0,0
Qt:QTQAINFRA-4138,Qt,QTQAINFRA-4138,0,0,0,0
Qt:QTBUG-89457,Qt,QTBUG-89457,0,0,0,0
Qt:QTQAINFRA-3906,Qt,QTQAINFRA-3906,0,0,0,0
Qt:QTQAINFRA-3907,Qt,QTQAINFRA-3907,0,0,0,0
Qt:QTBUG-89983,Qt,QTBUG-89983,1,0,0,0
MariaDB:MXS-3371,MariaDB,MXS-3371,0,0,0,0
Hyperledger:FABN-1688,Hyperledger,FABN-1688,0,0,0,0
Hyperledger:FABCJ-301,Hyperledger,FABCJ-301,0,0,0,0
IntelDAOS:DAOS-6464,IntelDAOS,DAOS-6464,0,0,0,0
IntelDAOS:DAOS-6465,IntelDAOS,DAOS-6465,0,0,0,0
IntelDAOS:DAOS-6466,IntelDAOS,DAOS-6466,0,0,0,0
Qt:QTBUG-90007,Qt,QTBUG-90007,1,0,0,0
Qt:QTBUG-90008,Qt,QTBUG-90008,1,1,1,0
Qt:QTBUG-90009,Qt,QTBUG-90009,1,1,1,0
Qt:QTBUG-90010,Qt,QTBUG-90010,1,1,1,0
Qt:QTBUG-90011,Qt,QTBUG-90011,0,0,0,0
Qt:QTBUG-90012,Qt,QTBUG-90012,0,0,0,0
Qt:QTBUG-90013,Qt,QTBUG-90013,0,0,0,0
Qt:QTBUG-90014,Qt,QTBUG-90014,0,0,0,0
Qt:QTBUG-90015,Qt,QTBUG-90015,0,0,0,0
MariaDB:MCOL-563,MariaDB,MCOL-563,0,0,0,0
Qt:QTBUG-86951,Qt,QTBUG-86951,1,1,0,0
Hyperledger:FABN-1441,Hyperledger,FABN-1441,0,0,0,0
MariaDB:MCOL-1175,MariaDB,MCOL-1175,0,0,0,0
Qt:QDS-3579,Qt,QDS-3579,0,0,0,0
Qt:QTIFW-2084,Qt,QTIFW-2084,0,0,0,0
Hyperledger:FABN-1691,Hyperledger,FABN-1691,0,0,0,0
Qt:QTQAINFRA-4151,Qt,QTQAINFRA-4151,0,0,0,0
Qt:QTQAINFRA-4152,Qt,QTQAINFRA-4152,0,0,0,0
Hyperledger:FABN-1692,Hyperledger,FABN-1692,0,0,0,0
Qt:QTBUG-90331,Qt,QTBUG-90331,0,0,0,0
Qt:QTBUG-88393,Qt,QTBUG-88393,0,0,0,0
Qt:QTQAINFRA-4049,Qt,QTQAINFRA-4049,0,0,0,0
Qt:QTBUG-83638,Qt,QTBUG-83638,0,0,0,0
Qt:QDS-3562,Qt,QDS-3562,0,0,0,0
MariaDB:MXS-3375,MariaDB,MXS-3375,0,0,0,0
Qt:QDS-3586,Qt,QDS-3586,1,0,0,0
Hyperledger:FABN-1693,Hyperledger,FABN-1693,0,0,0,0
MariaDB:MXS-3373,MariaDB,MXS-3373,0,0,0,0
Qt:QTBUG-86952,Qt,QTBUG-86952,0,0,0,0
Qt:QDS-3589,Qt,QDS-3589,1,1,1,1
Qt:QDS-3590,Qt,QDS-3590,1,1,1,1
Qt:QDS-3591,Qt,QDS-3591,0,0,0,0
Qt:QDS-3592,Qt,QDS-3592,0,0,0,0
Qt:QDS-3593,Qt,QDS-3593,0,0,0,0
Qt:QDS-3594,Qt,QDS-3594,0,0,0,0
MariaDB:MXS-3377,MariaDB,MXS-3377,0,0,0,0
MariaDB:MXS-3265,MariaDB,MXS-3265,0,0,0,0
MariaDB:MXS-3378,MariaDB,MXS-3378,0,0,0,0
Qt:QDS-3596,Qt,QDS-3596,0,0,0,0
Qt:QDS-3598,Qt,QDS-3598,0,0,0,0
Qt:QDS-3600,Qt,QDS-3600,0,0,0,0
Qt:QDS-3601,Qt,QDS-3601,0,0,0,0
Qt:QDS-3603,Qt,QDS-3603,0,0,0,0
Qt:QDS-3605,Qt,QDS-3605,1,1,0,0
Qt:QDS-3607,Qt,QDS-3607,0,0,0,0
Qt:QDS-3610,Qt,QDS-3610,0,0,0,0
Qt:QDS-3611,Qt,QDS-3611,0,0,0,0
Qt:QDS-3612,Qt,QDS-3612,1,0,0,0
Qt:QTQAINFRA-4196,Qt,QTQAINFRA-4196,0,0,0,0
Qt:QTQAINFRA-4197,Qt,QTQAINFRA-4197,0,0,0,0
Qt:QDS-3614,Qt,QDS-3614,0,0,0,0
Qt:QDS-3615,Qt,QDS-3615,0,0,0,0
Qt:QDS-3617,Qt,QDS-3617,0,0,0,0
Qt:QDS-3618,Qt,QDS-3618,0,0,0,0
Qt:QDS-3619,Qt,QDS-3619,0,0,0,0
Qt:QDS-3613,Qt,QDS-3613,0,0,0,0
Qt:QDS-3616,Qt,QDS-3616,0,0,0,0
Qt:QDS-3620,Qt,QDS-3620,0,0,0,0
Qt:QDS-3622,Qt,QDS-3622,0,0,0,0
Qt:QDS-3569,Qt,QDS-3569,0,0,0,0
Qt:QDS-3581,Qt,QDS-3581,0,0,0,0
Qt:QDS-3283,Qt,QDS-3283,0,0,0,0
Qt:QTBUG-90461,Qt,QTBUG-90461,0,0,0,0
Qt:QTBUG-90491,Qt,QTBUG-90491,1,1,1,1
Qt:QTBUG-90497,Qt,QTBUG-90497,0,0,0,0
Qt:QTBUG-90499,Qt,QTBUG-90499,0,0,0,0
Qt:QTBUG-90500,Qt,QTBUG-90500,0,0,0,0
Qt:QTBUG-90501,Qt,QTBUG-90501,0,0,0,0
Jira:CONFSERVER-51120,Jira,CONFSERVER-51120,0,0,0,0
Qt:QTBUG-89831,Qt,QTBUG-89831,1,1,1,1
Qt:QTBUG-89836,Qt,QTBUG-89836,1,1,1,1
Qt:QTBUG-90399,Qt,QTBUG-90399,0,0,0,0
Qt:QTBUG-90511,Qt,QTBUG-90511,0,0,0,0
Qt:QTBUG-89885,Qt,QTBUG-89885,0,0,0,0
Qt:QTBUG-90515,Qt,QTBUG-90515,0,0,0,0
Qt:QTQAINFRA-4207,Qt,QTQAINFRA-4207,0,0,0,0
Qt:QTBUG-90541,Qt,QTBUG-90541,0,0,0,0
Qt:QTBUG-90006,Qt,QTBUG-90006,0,0,0,0
Qt:QDS-3621,Qt,QDS-3621,0,0,0,0
Hyperledger:FABJ-546,Hyperledger,FABJ-546,0,0,0,0
Qt:QTBUG-90549,Qt,QTBUG-90549,0,0,0,0
MariaDB:MCOL-4319,MariaDB,MCOL-4319,0,0,0,0
Qt:QTIFW-1906,Qt,QTIFW-1906,0,0,0,0
Qt:QTIFW-2124,Qt,QTIFW-2124,0,0,0,0
Qt:QTIFW-2125,Qt,QTIFW-2125,0,0,0,0
Qt:QTIFW-2126,Qt,QTIFW-2126,0,0,0,0
Qt:QTIFW-2127,Qt,QTIFW-2127,0,0,0,0
Qt:QTIFW-2128,Qt,QTIFW-2128,0,0,0,0
Qt:QTIFW-594,Qt,QTIFW-594,0,0,0,0
Qt:QTIFW-1912,Qt,QTIFW-1912,0,0,0,0
Qt:QTIFW-2130,Qt,QTIFW-2130,0,0,0,0
Qt:QTIFW-2131,Qt,QTIFW-2131,0,0,0,0
Qt:QTIFW-2082,Qt,QTIFW-2082,0,0,0,0
Qt:QTBUG-90586,Qt,QTBUG-90586,0,0,0,0
Qt:QTBUG-90587,Qt,QTBUG-90587,0,0,0,0
Qt:QTBUG-90588,Qt,QTBUG-90588,0,0,0,0
Qt:QTBUG-90589,Qt,QTBUG-90589,0,0,0,0
Qt:QTBUG-90591,Qt,QTBUG-90591,0,0,0,0
Qt:QTBUG-90592,Qt,QTBUG-90592,0,0,0,0
Qt:QTBUG-90593,Qt,QTBUG-90593,0,0,0,0
Qt:QTCREATORBUG-25258,Qt,QTCREATORBUG-25258,0,0,0,0
Qt:QTCREATORBUG-25260,Qt,QTCREATORBUG-25260,0,0,0,0
Qt:QTBUG-90598,Qt,QTBUG-90598,0,0,0,0
Qt:QTBUG-90599,Qt,QTBUG-90599,0,0,0,0
Qt:QTBUG-90600,Qt,QTBUG-90600,1,0,0,0
Qt:QTBUG-90584,Qt,QTBUG-90584,0,0,0,0
Qt:QTBUG-90601,Qt,QTBUG-90601,0,0,0,0
MariaDB:MCOL-4363,MariaDB,MCOL-4363,0,0,0,0
Qt:QTBUG-90618,Qt,QTBUG-90618,1,1,1,1
Qt:QTBUG-90623,Qt,QTBUG-90623,1,1,0,0
Qt:QTBUG-90624,Qt,QTBUG-90624,0,0,0,0
MariaDB:MXS-3385,MariaDB,MXS-3385,0,0,0,0
Qt:QTIFW-2136,Qt,QTIFW-2136,0,0,0,0
Qt:QTBUG-90706,Qt,QTBUG-90706,0,0,0,0
MariaDB:MCOL-4406,MariaDB,MCOL-4406,0,0,0,0
MariaDB:MCOL-4520,MariaDB,MCOL-4520,0,0,0,0
Qt:QDS-3643,Qt,QDS-3643,0,0,0,0
MariaDB:MCOL-4188,MariaDB,MCOL-4188,0,0,0,0
Qt:QDS-3679,Qt,QDS-3679,0,0,0,0
Qt:QDS-3680,Qt,QDS-3680,0,0,0,0
Qt:QDS-3681,Qt,QDS-3681,0,0,0,0
Qt:QDS-3682,Qt,QDS-3682,0,0,0,0
Qt:QDS-3684,Qt,QDS-3684,0,0,0,0
Qt:QDS-3685,Qt,QDS-3685,0,0,0,0
Qt:QDS-3686,Qt,QDS-3686,0,0,0,0
Qt:QDS-3687,Qt,QDS-3687,0,0,0,0
MariaDB:MXS-3388,MariaDB,MXS-3388,0,0,0,0
MariaDB:MXS-3391,MariaDB,MXS-3391,0,0,0,0
Qt:QTBUG-90802,Qt,QTBUG-90802,1,1,0,0
Qt:QTBUG-90791,Qt,QTBUG-90791,0,0,0,0
Qt:QTBUG-90792,Qt,QTBUG-90792,0,0,0,0
Qt:QTBUG-90789,Qt,QTBUG-90789,0,0,0,0
Qt:QTBUG-90790,Qt,QTBUG-90790,0,0,0,0
Qt:QTBUG-90793,Qt,QTBUG-90793,0,0,0,0
Qt:QTBUG-90795,Qt,QTBUG-90795,0,0,0,0
Qt:QTBUG-90796,Qt,QTBUG-90796,0,0,0,0
Qt:QTBUG-90797,Qt,QTBUG-90797,0,0,0,0
Qt:QTBUG-90810,Qt,QTBUG-90810,0,0,0,0
Qt:QTBUG-76709,Qt,QTBUG-76709,1,1,1,1
MariaDB:MCOL-4525,MariaDB,MCOL-4525,1,1,1,1
Qt:QDS-3692,Qt,QDS-3692,0,0,0,0
Qt:QDS-3683,Qt,QDS-3683,0,0,0,0
Qt:QTBUG-90849,Qt,QTBUG-90849,0,0,0,0
MariaDB:MCOL-4528,MariaDB,MCOL-4528,0,0,0,0
MariaDB:MCOL-4529,MariaDB,MCOL-4529,1,1,1,1
Qt:QDS-3705,Qt,QDS-3705,0,0,0,0
Qt:QTBUG-90880,Qt,QTBUG-90880,0,0,0,0
Qt:QTBUG-90883,Qt,QTBUG-90883,0,0,0,0
Qt:QTBUG-90884,Qt,QTBUG-90884,0,0,0,0
Qt:QTBUG-90901,Qt,QTBUG-90901,0,0,0,0
Qt:QTBUG-90836,Qt,QTBUG-90836,1,1,1,1
Qt:QTBUG-89833,Qt,QTBUG-89833,0,0,0,0
Qt:QTBUG-89895,Qt,QTBUG-89895,0,0,0,0
Qt:QTBUG-90685,Qt,QTBUG-90685,0,0,0,0
Qt:QTBUG-90686,Qt,QTBUG-90686,0,0,0,0
Qt:QTBUG-90907,Qt,QTBUG-90907,1,0,0,0
Qt:QTBUG-90910,Qt,QTBUG-90910,0,0,0,0
Qt:QTBUG-89882,Qt,QTBUG-89882,0,0,0,0
Qt:QTBUG-89883,Qt,QTBUG-89883,0,0,0,0
Qt:QTBUG-90912,Qt,QTBUG-90912,0,0,0,0
Qt:QTBUG-90913,Qt,QTBUG-90913,0,0,0,0
Qt:QTBUG-90915,Qt,QTBUG-90915,0,0,0,0
Qt:QTBUG-90919,Qt,QTBUG-90919,0,0,0,0
Qt:QTBUG-90920,Qt,QTBUG-90920,1,0,0,0
Qt:QDS-3711,Qt,QDS-3711,1,1,1,1
Qt:QDS-3712,Qt,QDS-3712,0,0,0,0
Qt:QDS-3713,Qt,QDS-3713,0,0,0,0
Qt:QDS-3714,Qt,QDS-3714,0,0,0,0
Qt:QDS-3715,Qt,QDS-3715,0,0,0,0
Qt:QDS-3585,Qt,QDS-3585,1,1,1,1
Qt:QDS-3700,Qt,QDS-3700,0,0,0,0
Qt:QDS-3699,Qt,QDS-3699,0,0,0,0
Qt:QDS-3716,Qt,QDS-3716,0,0,0,0
Qt:QDS-3717,Qt,QDS-3717,0,0,0,0
Qt:QDS-3718,Qt,QDS-3718,0,0,0,0
Qt:QTBUG-80421,Qt,QTBUG-80421,0,0,0,0
Qt:QTBUG-90843,Qt,QTBUG-90843,0,0,0,0
Qt:QTBUG-90947,Qt,QTBUG-90947,0,0,0,0
Qt:QTBUG-90950,Qt,QTBUG-90950,0,0,0,0
Qt:QTBUG-90951,Qt,QTBUG-90951,0,0,0,0
Qt:QTBUG-90952,Qt,QTBUG-90952,0,0,0,0
MariaDB:MCOL-312,MariaDB,MCOL-312,0,0,0,0
Qt:QTBUG-90998,Qt,QTBUG-90998,0,0,0,0
Qt:QTBUG-91005,Qt,QTBUG-91005,0,0,0,0
Qt:QTBUG-90496,Qt,QTBUG-90496,0,0,0,0
Qt:QTQAINFRA-4248,Qt,QTQAINFRA-4248,0,0,0,0
Qt:QTQAINFRA-4249,Qt,QTQAINFRA-4249,0,0,0,0
Qt:QTQAINFRA-4251,Qt,QTQAINFRA-4251,0,0,0,0
Qt:QTBUG-91007,Qt,QTBUG-91007,1,0,0,0
Qt:QTBUG-89213,Qt,QTBUG-89213,0,0,0,0
Qt:QDS-3721,Qt,QDS-3721,0,0,0,0
Qt:QTIFW-2133,Qt,QTIFW-2133,0,0,0,0
Qt:QTIFW-2046,Qt,QTIFW-2046,0,0,0,0
Qt:QTBUG-72434,Qt,QTBUG-72434,0,0,0,0
Qt:QTBUG-90837,Qt,QTBUG-90837,0,0,0,0
Qt:QTBUG-91010,Qt,QTBUG-91010,0,0,0,0
Qt:QTBUG-91011,Qt,QTBUG-91011,0,0,0,0
Qt:QTBUG-91012,Qt,QTBUG-91012,0,0,0,0
Qt:QTBUG-91013,Qt,QTBUG-91013,1,1,1,0
Qt:QTBUG-91014,Qt,QTBUG-91014,0,0,0,0
Qt:QTBUG-91015,Qt,QTBUG-91015,1,0,0,0
Qt:QTBUG-91016,Qt,QTBUG-91016,0,0,0,0
Qt:QTBUG-91017,Qt,QTBUG-91017,0,0,0,0
Qt:QTBUG-91018,Qt,QTBUG-91018,0,0,0,0
Qt:QTBUG-91019,Qt,QTBUG-91019,0,0,0,0
Qt:QTBUG-90026,Qt,QTBUG-90026,1,1,1,1
Hyperledger:FAB-18418,Hyperledger,FAB-18418,0,0,0,0
Hyperledger:FAB-18419,Hyperledger,FAB-18419,0,0,0,0
Hyperledger:FAB-18417,Hyperledger,FAB-18417,0,0,0,0
Qt:QTCREATORBUG-25320,Qt,QTCREATORBUG-25320,0,0,0,0
Qt:QTCREATORBUG-25261,Qt,QTCREATORBUG-25261,0,0,0,0
Qt:QTBUG-91119,Qt,QTBUG-91119,0,0,0,0
Qt:QDS-3738,Qt,QDS-3738,0,0,0,0
Qt:QDS-3729,Qt,QDS-3729,0,0,0,0
Qt:QDS-3744,Qt,QDS-3744,0,0,0,0
Qt:QDS-3745,Qt,QDS-3745,0,0,0,0
MariaDB:MXS-3401,MariaDB,MXS-3401,0,0,0,0
MariaDB:MXS-2838,MariaDB,MXS-2838,0,0,0,0
MariaDB:MXS-3407,MariaDB,MXS-3407,0,0,0,0
Qt:QTBUG-86508,Qt,QTBUG-86508,0,0,0,0
Qt:QTBUG-91148,Qt,QTBUG-91148,0,0,0,0
Qt:QTBUG-89829,Qt,QTBUG-89829,0,0,0,0
Qt:QDS-3752,Qt,QDS-3752,0,0,0,0
Qt:QTBUG-91153,Qt,QTBUG-91153,0,0,0,0
Qt:QDS-3765,Qt,QDS-3765,0,0,0,0
Qt:QDS-3766,Qt,QDS-3766,1,1,1,1
Qt:QDS-3767,Qt,QDS-3767,0,0,0,0
Qt:QDS-3768,Qt,QDS-3768,0,0,0,0
Qt:QDS-3769,Qt,QDS-3769,0,0,0,0
Qt:QDS-3774,Qt,QDS-3774,0,0,0,0
Qt:QDS-3776,Qt,QDS-3776,0,0,0,0
Qt:QDS-3771,Qt,QDS-3771,0,0,0,0
Qt:QDS-3778,Qt,QDS-3778,0,0,0,0
Hyperledger:FAB-18425,Hyperledger,FAB-18425,0,0,0,0
Qt:QTBUG-91191,Qt,QTBUG-91191,0,0,0,0
Qt:QTBUG-91176,Qt,QTBUG-91176,0,0,0,0
Qt:QTBUG-89817,Qt,QTBUG-89817,0,0,0,0
Qt:QDS-3787,Qt,QDS-3787,0,0,0,0
Qt:QTBUG-89498,Qt,QTBUG-89498,0,0,0,0
Qt:QTBUG-91213,Qt,QTBUG-91213,0,0,0,0
Qt:QTBUG-91212,Qt,QTBUG-91212,0,0,0,0
Qt:QTBUG-90848,Qt,QTBUG-90848,0,0,0,0
Qt:QTBUG-91246,Qt,QTBUG-91246,1,1,1,1
Qt:QTBUG-91260,Qt,QTBUG-91260,0,0,0,0
Qt:QTQAINFRA-4288,Qt,QTQAINFRA-4288,0,0,0,0
Qt:QTQAINFRA-4289,Qt,QTQAINFRA-4289,0,0,0,0
Qt:QTIFW-2154,Qt,QTIFW-2154,0,0,0,0
Qt:QTIFW-1798,Qt,QTIFW-1798,1,1,1,1
Qt:QTIFW-1425,Qt,QTIFW-1425,0,0,0,0
Qt:QSR-1146,Qt,QSR-1146,1,1,1,1
Qt:QSR-1147,Qt,QSR-1147,0,0,0,0
Qt:QSR-1148,Qt,QSR-1148,0,0,0,0
Qt:QTBUG-91274,Qt,QTBUG-91274,0,0,0,0
Qt:QTCREATORBUG-25304,Qt,QTCREATORBUG-25304,0,0,0,0
Qt:QTCREATORBUG-25337,Qt,QTCREATORBUG-25337,0,0,0,0
Qt:QTBUG-91234,Qt,QTBUG-91234,0,0,0,0
Qt:QTQAINFRA-4286,Qt,QTQAINFRA-4286,0,0,0,0
Qt:QTBUG-91197,Qt,QTBUG-91197,0,0,0,0
Qt:QTBUG-91340,Qt,QTBUG-91340,0,0,0,0
Qt:QTBUG-91342,Qt,QTBUG-91342,0,0,0,0
Qt:QTBUG-91343,Qt,QTBUG-91343,0,0,0,0
Qt:QTBUG-91344,Qt,QTBUG-91344,0,0,0,0
Qt:QTBUG-91345,Qt,QTBUG-91345,0,0,0,0
Qt:QTBUG-91359,Qt,QTBUG-91359,0,0,0,0
Qt:QDS-3799,Qt,QDS-3799,0,0,0,0
Qt:QTBUG-91369,Qt,QTBUG-91369,0,0,0,0
Qt:QTBUG-91373,Qt,QTBUG-91373,0,0,0,0
Hyperledger:FABN-1700,Hyperledger,FABN-1700,0,0,0,0
Qt:QDS-3810,Qt,QDS-3810,0,0,0,0
Qt:QTBUG-91409,Qt,QTBUG-91409,0,0,0,0
Qt:QSR-1161,Qt,QSR-1161,0,0,0,0
Qt:QTBUG-84776,Qt,QTBUG-84776,1,1,1,1
Hyperledger:FABN-1701,Hyperledger,FABN-1701,0,0,0,0
Qt:QDS-3783,Qt,QDS-3783,0,0,0,0
Qt:QTBUG-90688,Qt,QTBUG-90688,1,0,0,0
Qt:QDS-3801,Qt,QDS-3801,0,0,0,0
Qt:QDS-3821,Qt,QDS-3821,0,0,0,0
Qt:QDS-3822,Qt,QDS-3822,0,0,0,0
MariaDB:MXS-3418,MariaDB,MXS-3418,0,0,0,0
MariaDB:MXS-3420,MariaDB,MXS-3420,0,0,0,0
MariaDB:MXS-3421,MariaDB,MXS-3421,0,0,0,0
MariaDB:MXS-3417,MariaDB,MXS-3417,0,0,0,0
MariaDB:MXS-3422,MariaDB,MXS-3422,0,0,0,0
Qt:QTBUG-91454,Qt,QTBUG-91454,0,0,0,0
Qt:QTBUG-89919,Qt,QTBUG-89919,0,0,0,0
Qt:QTBUG-91457,Qt,QTBUG-91457,0,0,0,0
Qt:QDS-3825,Qt,QDS-3825,0,0,0,0
Qt:QTBUG-91471,Qt,QTBUG-91471,0,0,0,0
Qt:QTBUG-91474,Qt,QTBUG-91474,0,0,0,0
Qt:QTBUG-91482,Qt,QTBUG-91482,0,0,0,0
Qt:QTBUG-87737,Qt,QTBUG-87737,0,0,0,0
Qt:QTBUG-87797,Qt,QTBUG-87797,1,1,1,1
Qt:QTQAINFRA-4325,Qt,QTQAINFRA-4325,0,0,0,0
Qt:QTBUG-90864,Qt,QTBUG-90864,0,0,0,0
Qt:QTBUG-91375,Qt,QTBUG-91375,0,0,0,0
Qt:QTBUG-91528,Qt,QTBUG-91528,1,1,1,1
Qt:QTBUG-91164,Qt,QTBUG-91164,0,0,0,0
Qt:QTBUG-91553,Qt,QTBUG-91553,0,0,0,0
Qt:QTBUG-91554,Qt,QTBUG-91554,0,0,0,0
Qt:QTBUG-91209,Qt,QTBUG-91209,0,0,0,0
Qt:QTBUG-91211,Qt,QTBUG-91211,0,0,0,0
Qt:QTIFW-2168,Qt,QTIFW-2168,0,0,0,0
Qt:QTCREATORBUG-25356,Qt,QTCREATORBUG-25356,0,0,0,0
Qt:QDS-3475,Qt,QDS-3475,0,0,0,0
Qt:QDS-3844,Qt,QDS-3844,1,1,1,1
Qt:QDS-3845,Qt,QDS-3845,0,0,0,0
Qt:QDS-3847,Qt,QDS-3847,0,0,0,0
Qt:QDS-3848,Qt,QDS-3848,0,0,0,0
Qt:QDS-3823,Qt,QDS-3823,0,0,0,0
Qt:QDS-3849,Qt,QDS-3849,0,0,0,0
Qt:QDS-3850,Qt,QDS-3850,0,0,0,0
Qt:QDS-3852,Qt,QDS-3852,0,0,0,0
Qt:QDS-3563,Qt,QDS-3563,0,0,0,0
MariaDB:MCOL-4566,MariaDB,MCOL-4566,0,0,0,0
MariaDB:MCOL-4585,MariaDB,MCOL-4585,0,0,0,0
MariaDB:MCOL-4589,MariaDB,MCOL-4589,0,0,0,0
Qt:QTBUG-91656,Qt,QTBUG-91656,0,0,0,0
Qt:QTBUG-91657,Qt,QTBUG-91657,1,0,0,0
Qt:QTBUG-91658,Qt,QTBUG-91658,1,0,0,0
Qt:QTBUG-91659,Qt,QTBUG-91659,0,0,0,0
Qt:QTBUG-91661,Qt,QTBUG-91661,0,0,0,0
Qt:QTBUG-91662,Qt,QTBUG-91662,0,0,0,0
Qt:QTBUG-91663,Qt,QTBUG-91663,0,0,0,0
Qt:QTBUG-91664,Qt,QTBUG-91664,0,0,0,0
Qt:QTBUG-91654,Qt,QTBUG-91654,0,0,0,0
Qt:QTBUG-91667,Qt,QTBUG-91667,0,0,0,0
Qt:QTBUG-91668,Qt,QTBUG-91668,0,0,0,0
MariaDB:MXS-3429,MariaDB,MXS-3429,0,0,0,0
MariaDB:MXS-3390,MariaDB,MXS-3390,0,0,0,0
MariaDB:MXS-3430,MariaDB,MXS-3430,1,1,0,0
Qt:QTBUG-91670,Qt,QTBUG-91670,0,0,0,0
MariaDB:MXS-3431,MariaDB,MXS-3431,0,0,0,0
Qt:QTBUG-91666,Qt,QTBUG-91666,0,0,0,0
Qt:QTBUG-91354,Qt,QTBUG-91354,0,0,0,0
Qt:QTBUG-90680,Qt,QTBUG-90680,0,0,0,0
Qt:QTBUG-91512,Qt,QTBUG-91512,0,0,0,0
Qt:QTCREATORBUG-25262,Qt,QTCREATORBUG-25262,0,0,0,0
Qt:QTBUG-91680,Qt,QTBUG-91680,0,0,0,0
Qt:QTBUG-87799,Qt,QTBUG-87799,0,0,0,0
Qt:QTBUG-90878,Qt,QTBUG-90878,0,0,0,0
MariaDB:MCOL-4597,MariaDB,MCOL-4597,0,0,0,0
Qt:QTBUG-91726,Qt,QTBUG-91726,0,0,0,0
Qt:QTBUG-91734,Qt,QTBUG-91734,0,0,0,0
MariaDB:MXS-3435,MariaDB,MXS-3435,0,0,0,0
Qt:QTBUG-81525,Qt,QTBUG-81525,0,0,0,0
MariaDB:MCOL-4603,MariaDB,MCOL-4603,0,0,0,0
MariaDB:MXS-3442,MariaDB,MXS-3442,0,0,0,0
Qt:QDS-3966,Qt,QDS-3966,0,0,0,0
Qt:QDS-3879,Qt,QDS-3879,1,1,0,0
Qt:QDS-3969,Qt,QDS-3969,0,0,0,0
Qt:QDS-3970,Qt,QDS-3970,0,0,0,0
MariaDB:MXS-3411,MariaDB,MXS-3411,0,0,0,0
MariaDB:MXS-3268,MariaDB,MXS-3268,0,0,0,0
Qt:QTBUG-91793,Qt,QTBUG-91793,0,0,0,0
Qt:QTBUG-91800,Qt,QTBUG-91800,0,0,0,0
Qt:QTBUG-91858,Qt,QTBUG-91858,0,0,0,0
Qt:QTBUG-89870,Qt,QTBUG-89870,0,0,0,0
Qt:QDS-3972,Qt,QDS-3972,0,0,0,0
Qt:QDS-3974,Qt,QDS-3974,0,0,0,0
MariaDB:MCOL-4617,MariaDB,MCOL-4617,0,0,0,0
Qt:QTBUG-91728,Qt,QTBUG-91728,0,0,0,0
Qt:QDS-3982,Qt,QDS-3982,0,0,0,0
Qt:QDS-3984,Qt,QDS-3984,0,0,0,0
Qt:QDS-3985,Qt,QDS-3985,0,0,0,0
Qt:QTBUG-91675,Qt,QTBUG-91675,0,0,0,0
Qt:QDS-3989,Qt,QDS-3989,0,0,0,0
Qt:QDS-3990,Qt,QDS-3990,0,0,0,0
Qt:QDS-3991,Qt,QDS-3991,0,0,0,0
Qt:QDS-3992,Qt,QDS-3992,0,0,0,0
Qt:QTBUG-91446,Qt,QTBUG-91446,0,0,0,0
MariaDB:MXS-3451,MariaDB,MXS-3451,0,0,0,0
Qt:QTBUG-89855,Qt,QTBUG-89855,0,0,0,0
Qt:QTBUG-89856,Qt,QTBUG-89856,0,0,0,0
Qt:QTBUG-91623,Qt,QTBUG-91623,0,0,0,0
Qt:QTBUG-89874,Qt,QTBUG-89874,1,1,1,0
Qt:QTBUG-91214,Qt,QTBUG-91214,1,1,0,0
Qt:QTBUG-91928,Qt,QTBUG-91928,0,0,0,0
Qt:QTBUG-91929,Qt,QTBUG-91929,0,0,0,0
Qt:QTBUG-91903,Qt,QTBUG-91903,0,0,0,0
Qt:QTBUG-91905,Qt,QTBUG-91905,0,0,0,0
Qt:QTBUG-91906,Qt,QTBUG-91906,0,0,0,0
Qt:QTBUG-91904,Qt,QTBUG-91904,0,0,0,0
Qt:QTBUG-91958,Qt,QTBUG-91958,0,0,0,0
Qt:QTBUG-91962,Qt,QTBUG-91962,0,0,0,0
Qt:QTBUG-91970,Qt,QTBUG-91970,0,0,0,0
Qt:QTBUG-91971,Qt,QTBUG-91971,0,0,0,0
Qt:QTBUG-91973,Qt,QTBUG-91973,0,0,0,0
Qt:QTBUG-91975,Qt,QTBUG-91975,0,0,0,0
Qt:QTBUG-91976,Qt,QTBUG-91976,0,0,0,0
Qt:QTBUG-91977,Qt,QTBUG-91977,0,0,0,0
Qt:QTBUG-91978,Qt,QTBUG-91978,0,0,0,0
Qt:QTBUG-91979,Qt,QTBUG-91979,0,0,0,0
Qt:QTBUG-91980,Qt,QTBUG-91980,0,0,0,0
Qt:QTBUG-91981,Qt,QTBUG-91981,0,0,0,0
Qt:QTBUG-91985,Qt,QTBUG-91985,1,0,0,0
Qt:QTBUG-91987,Qt,QTBUG-91987,1,1,0,0
Qt:QTBUG-91967,Qt,QTBUG-91967,0,0,0,0
Qt:QTBUG-58249,Qt,QTBUG-58249,0,0,0,0
Qt:QTBUG-91875,Qt,QTBUG-91875,0,0,0,0
Qt:QTBUG-89845,Qt,QTBUG-89845,0,0,0,0
Qt:QTBUG-89830,Qt,QTBUG-89830,0,0,0,0
Qt:QSR-1197,Qt,QSR-1197,1,1,1,1
Qt:QSR-1198,Qt,QSR-1198,0,0,0,0
Qt:QSR-1199,Qt,QSR-1199,0,0,0,0
Qt:QSR-1200,Qt,QSR-1200,1,0,0,0
Qt:QSR-1201,Qt,QSR-1201,0,0,0,0
Hyperledger:FABGW-17,Hyperledger,FABGW-17,0,0,0,0
Qt:QDS-4007,Qt,QDS-4007,1,0,0,0
MariaDB:MCOL-4624,MariaDB,MCOL-4624,0,0,0,0
Qt:QTBUG-92029,Qt,QTBUG-92029,0,0,0,0
Qt:QTBUG-91999,Qt,QTBUG-91999,0,0,0,0
Qt:QTIFW-2175,Qt,QTIFW-2175,0,0,0,0
Qt:QTIFW-2176,Qt,QTIFW-2176,0,0,0,0
Qt:QTIFW-2177,Qt,QTIFW-2177,0,0,0,0
Qt:QTIFW-2179,Qt,QTIFW-2179,1,0,0,0
Qt:QTIFW-2180,Qt,QTIFW-2180,1,1,1,0
Qt:QTIFW-2181,Qt,QTIFW-2181,0,0,0,0
Qt:QTIFW-2183,Qt,QTIFW-2183,1,1,1,0
Qt:QTIFW-2184,Qt,QTIFW-2184,1,1,0,0
Qt:QTIFW-2185,Qt,QTIFW-2185,0,0,0,0
Qt:QTIFW-2186,Qt,QTIFW-2186,0,0,0,0
Qt:QTIFW-2187,Qt,QTIFW-2187,1,1,1,1
Qt:QTIFW-2174,Qt,QTIFW-2174,0,0,0,0
Qt:QTBUG-92031,Qt,QTBUG-92031,0,0,0,0
Qt:QTQAINFRA-4282,Qt,QTQAINFRA-4282,0,0,0,0
Qt:QTQAINFRA-4291,Qt,QTQAINFRA-4291,0,0,0,0
Qt:QTBUG-91184,Qt,QTBUG-91184,0,0,0,0
Qt:QTBUG-92048,Qt,QTBUG-92048,0,0,0,0
MariaDB:MCOL-4361,MariaDB,MCOL-4361,0,0,0,0
Qt:QTQAINFRA-4181,Qt,QTQAINFRA-4181,0,0,0,0
Qt:QTQAINFRA-4342,Qt,QTQAINFRA-4342,0,0,0,0
Qt:QTQAINFRA-4350,Qt,QTQAINFRA-4350,0,0,0,0
Qt:QDS-4027,Qt,QDS-4027,1,1,1,1
Hyperledger:FABN-1706,Hyperledger,FABN-1706,0,0,0,0
Hyperledger:FABN-1707,Hyperledger,FABN-1707,0,0,0,0
MariaDB:MCOL-4635,MariaDB,MCOL-4635,0,0,0,0
MariaDB:MCOL-987,MariaDB,MCOL-987,0,0,0,0
Qt:QDS-4032,Qt,QDS-4032,0,0,0,0
Qt:QTCREATORBUG-25044,Qt,QTCREATORBUG-25044,0,0,0,0
Qt:QTCREATORBUG-25488,Qt,QTCREATORBUG-25488,0,0,0,0
Qt:QSR-1247,Qt,QSR-1247,0,0,0,0
Qt:QDS-4050,Qt,QDS-4050,0,0,0,0
Qt:QTBUG-49817,Qt,QTBUG-49817,0,0,0,0
Qt:QTIFW-2195,Qt,QTIFW-2195,0,0,0,0
Qt:QTBUG-92181,Qt,QTBUG-92181,0,0,0,0
Qt:QSR-1028,Qt,QSR-1028,0,0,0,0
Qt:QSR-972,Qt,QSR-972,1,1,0,0
Qt:QSR-1235,Qt,QSR-1235,1,1,0,0
Qt:QSR-1233,Qt,QSR-1233,1,1,1,1
Qt:QSR-1209,Qt,QSR-1209,1,1,1,1
Qt:QSR-1234,Qt,QSR-1234,1,1,1,1
Qt:QSR-1125,Qt,QSR-1125,0,0,0,0
Qt:QSR-1223,Qt,QSR-1223,0,0,0,0
Qt:QSR-1158,Qt,QSR-1158,0,0,0,0
Qt:QSR-879,Qt,QSR-879,0,0,0,0
Qt:QSR-1127,Qt,QSR-1127,0,0,0,0
Qt:QSR-1025,Qt,QSR-1025,1,1,1,1
Qt:QSR-1263,Qt,QSR-1263,0,0,0,0
Qt:QSR-1262,Qt,QSR-1262,0,0,0,0
MariaDB:MXS-3465,MariaDB,MXS-3465,1,1,1,1
MariaDB:MXS-3444,MariaDB,MXS-3444,0,0,0,0
Qt:QDS-4060,Qt,QDS-4060,1,0,0,0
Qt:QDS-4061,Qt,QDS-4061,0,0,0,0
Qt:QDS-4063,Qt,QDS-4063,0,0,0,0
Qt:QDS-4048,Qt,QDS-4048,0,0,0,0
MariaDB:MXS-3389,MariaDB,MXS-3389,0,0,0,0
MariaDB:MXS-3461,MariaDB,MXS-3461,0,0,0,0
MariaDB:MXS-3470,MariaDB,MXS-3470,0,0,0,0
MariaDB:MXS-3357,MariaDB,MXS-3357,0,0,0,0
Qt:QTBUG-92227,Qt,QTBUG-92227,1,1,1,1
MariaDB:MCOL-3542,MariaDB,MCOL-3542,0,0,0,0
Qt:QTBUG-92124,Qt,QTBUG-92124,0,0,0,0
Qt:QTBUG-92151,Qt,QTBUG-92151,0,0,0,0
Qt:QDS-3986,Qt,QDS-3986,0,0,0,0
MariaDB:MCOL-4654,MariaDB,MCOL-4654,0,0,0,0
Qt:QTBUG-92334,Qt,QTBUG-92334,0,0,0,0
Qt:QTBUG-92335,Qt,QTBUG-92335,0,0,0,0
Qt:QTBUG-92336,Qt,QTBUG-92336,1,1,1,1
Qt:QTBUG-92337,Qt,QTBUG-92337,0,0,0,0
Qt:QTBUG-92339,Qt,QTBUG-92339,0,0,0,0
Qt:QTBUG-92340,Qt,QTBUG-92340,0,0,0,0
Qt:QTBUG-92341,Qt,QTBUG-92341,0,0,0,0
Qt:QTCREATORBUG-25259,Qt,QTCREATORBUG-25259,0,0,0,0
MariaDB:MXS-3480,MariaDB,MXS-3480,1,0,0,0
Qt:QTBUG-92347,Qt,QTBUG-92347,0,0,0,0
Qt:QTBUG-92350,Qt,QTBUG-92350,0,0,0,0
MariaDB:MXS-3473,MariaDB,MXS-3473,0,0,0,0
Qt:QTBUG-92332,Qt,QTBUG-92332,0,0,0,0
Qt:QTBUG-91513,Qt,QTBUG-91513,0,0,0,0
Qt:QTBUG-92353,Qt,QTBUG-92353,0,0,0,0
Qt:QTBUG-92354,Qt,QTBUG-92354,0,0,0,0
Qt:QTBUG-92357,Qt,QTBUG-92357,0,0,0,0
Qt:QTBUG-92228,Qt,QTBUG-92228,1,1,1,1
MariaDB:MCOL-4041,MariaDB,MCOL-4041,0,0,0,0
MariaDB:MCOL-4665,MariaDB,MCOL-4665,0,0,0,0
Qt:QDS-4109,Qt,QDS-4109,0,0,0,0
Qt:QTIFW-2096,Qt,QTIFW-2096,0,0,0,0
Qt:QTQAINFRA-4378,Qt,QTQAINFRA-4378,0,0,0,0
Qt:QTBUG-91411,Qt,QTBUG-91411,0,0,0,0
Qt:QSR-1265,Qt,QSR-1265,0,0,0,0
Qt:QDS-4122,Qt,QDS-4122,0,0,0,0
Qt:QDS-4120,Qt,QDS-4120,0,0,0,0
Qt:QDS-4123,Qt,QDS-4123,0,0,0,0
Qt:QTBUG-91961,Qt,QTBUG-91961,0,0,0,0
Qt:QTBUG-91966,Qt,QTBUG-91966,0,0,0,0
Qt:QDS-4124,Qt,QDS-4124,0,0,0,0
Qt:QDS-4117,Qt,QDS-4117,0,0,0,0
Qt:QDS-4125,Qt,QDS-4125,0,0,0,0
Qt:QDS-4127,Qt,QDS-4127,0,0,0,0
Qt:QDS-4128,Qt,QDS-4128,1,1,1,0
Qt:QDS-4077,Qt,QDS-4077,0,0,0,0
Qt:QDS-3257,Qt,QDS-3257,0,0,0,0
Qt:QDS-3265,Qt,QDS-3265,0,0,0,0
Qt:QDS-3270,Qt,QDS-3270,0,0,0,0
Qt:QDS-3276,Qt,QDS-3276,0,0,0,0
Qt:QSR-1189,Qt,QSR-1189,0,0,0,0
Qt:QDS-4110,Qt,QDS-4110,0,0,0,0
Qt:QTBUG-90687,Qt,QTBUG-90687,0,0,0,0
Qt:QTBUG-82460,Qt,QTBUG-82460,0,0,0,0
Qt:QTBUG-91963,Qt,QTBUG-91963,0,0,0,0
Qt:QTBUG-91151,Qt,QTBUG-91151,0,0,0,0
Qt:QTBUG-92499,Qt,QTBUG-92499,1,0,0,0
Qt:QTBUG-92502,Qt,QTBUG-92502,0,0,0,0
Qt:QDS-3407,Qt,QDS-3407,0,0,0,0
Qt:QSR-1008,Qt,QSR-1008,0,0,0,0
Qt:QSR-1236,Qt,QSR-1236,0,0,0,0
Qt:QDS-4140,Qt,QDS-4140,0,0,0,0
MariaDB:MCOL-4513,MariaDB,MCOL-4513,0,0,0,0
Qt:QDS-4142,Qt,QDS-4142,1,1,1,1
MariaDB:MXS-3484,MariaDB,MXS-3484,0,0,0,0
MariaDB:MXS-3477,MariaDB,MXS-3477,0,0,0,0
MariaDB:MXS-3489,MariaDB,MXS-3489,0,0,0,0
MariaDB:MXS-3488,MariaDB,MXS-3488,0,0,0,0
Qt:QSR-1224,Qt,QSR-1224,0,0,0,0
Qt:QSR-1225,Qt,QSR-1225,0,0,0,0
Qt:QSR-1228,Qt,QSR-1228,0,0,0,0
Qt:QSR-1215,Qt,QSR-1215,0,0,0,0
Qt:QSR-807,Qt,QSR-807,1,1,1,1
Qt:QSR-1019,Qt,QSR-1019,1,1,1,1
Qt:QSR-905,Qt,QSR-905,1,1,1,1
Qt:QSR-772,Qt,QSR-772,0,0,0,0
Qt:QSR-1177,Qt,QSR-1177,0,0,0,0
MariaDB:MXS-3491,MariaDB,MXS-3491,0,0,0,0
Qt:QDS-3500,Qt,QDS-3500,0,0,0,0
MariaDB:MXS-3492,MariaDB,MXS-3492,0,0,0,0
MariaDB:MXS-3475,MariaDB,MXS-3475,0,0,0,0
MariaDB:MXS-3493,MariaDB,MXS-3493,1,1,0,0
MariaDB:MXS-3494,MariaDB,MXS-3494,0,0,0,0
MariaDB:MXS-2588,MariaDB,MXS-2588,0,0,0,0
MariaDB:MXS-3495,MariaDB,MXS-3495,0,0,0,0
MariaDB:MXS-3496,MariaDB,MXS-3496,0,0,0,0
MariaDB:MXS-3497,MariaDB,MXS-3497,0,0,0,0
Qt:QTBUG-90725,Qt,QTBUG-90725,0,0,0,0
Qt:QTBUG-91897,Qt,QTBUG-91897,0,0,0,0
Qt:QTBUG-92115,Qt,QTBUG-92115,0,0,0,0
Qt:QTBUG-92206,Qt,QTBUG-92206,0,0,0,0
Qt:QTBUG-92575,Qt,QTBUG-92575,0,0,0,0
Qt:QDS-4149,Qt,QDS-4149,0,0,0,0
Qt:QTBUG-92603,Qt,QTBUG-92603,0,0,0,0
MariaDB:MXS-3466,MariaDB,MXS-3466,0,0,0,0
Qt:QDS-4159,Qt,QDS-4159,0,0,0,0
MariaDB:MXS-3500,MariaDB,MXS-3500,0,0,0,0
MariaDB:MXS-3502,MariaDB,MXS-3502,0,0,0,0
Qt:QTBUG-79698,Qt,QTBUG-79698,0,0,0,0
Qt:QDS-4167,Qt,QDS-4167,0,0,0,0
Qt:QTBUG-92852,Qt,QTBUG-92852,0,0,0,0
Qt:QTCREATORBUG-25587,Qt,QTCREATORBUG-25587,1,0,0,0
Qt:QDS-4181,Qt,QDS-4181,1,1,1,1
Qt:QTBUG-92888,Qt,QTBUG-92888,0,0,0,0
Jira:CONFSERVER-63615,Jira,CONFSERVER-63615,1,1,1,1
Qt:QSR-1269,Qt,QSR-1269,0,0,0,0
Qt:QTBUG-92931,Qt,QTBUG-92931,0,0,0,0
Qt:QTIFW-2200,Qt,QTIFW-2200,0,0,0,0
Qt:QTBUG-92540,Qt,QTBUG-92540,0,0,0,0
Qt:QTBUG-87163,Qt,QTBUG-87163,0,0,0,0
MariaDB:MXS-3467,MariaDB,MXS-3467,1,1,1,1
Qt:QTBUG-91960,Qt,QTBUG-91960,0,0,0,0
Qt:QTBUG-92992,Qt,QTBUG-92992,0,0,0,0
Qt:QTBUG-92993,Qt,QTBUG-92993,0,0,0,0
Qt:QDS-4216,Qt,QDS-4216,0,0,0,0
Qt:QTBUG-90955,Qt,QTBUG-90955,0,0,0,0
Qt:QDS-4217,Qt,QDS-4217,0,0,0,0
Qt:QTBUG-91478,Qt,QTBUG-91478,0,0,0,0
Qt:QTBUG-93022,Qt,QTBUG-93022,1,0,0,0
Qt:QTBUG-92508,Qt,QTBUG-92508,0,0,0,0
Qt:QTBUG-90800,Qt,QTBUG-90800,0,0,0,0
Qt:QTBUG-92475,Qt,QTBUG-92475,0,0,0,0
Qt:QTBUG-92939,Qt,QTBUG-92939,0,0,0,0
MariaDB:MXS-3510,MariaDB,MXS-3510,0,0,0,0
MariaDB:MCOL-4694,MariaDB,MCOL-4694,0,0,0,0
MariaDB:MCOL-4692,MariaDB,MCOL-4692,0,0,0,0
Qt:QSR-1274,Qt,QSR-1274,0,0,0,0
Qt:QSR-1268,Qt,QSR-1268,0,0,0,0
Hyperledger:FABGW-19,Hyperledger,FABGW-19,0,0,0,0
Qt:QSR-630,Qt,QSR-630,0,0,0,0
Qt:QSR-1231,Qt,QSR-1231,0,0,0,0
Qt:QSR-1249,Qt,QSR-1249,0,0,0,0
Qt:QSR-1176,Qt,QSR-1176,0,0,0,0
Qt:QSR-1181,Qt,QSR-1181,0,0,0,0
Qt:QSR-1192,Qt,QSR-1192,0,0,0,0
MariaDB:MXS-3511,MariaDB,MXS-3511,0,0,0,0
Qt:QSR-1276,Qt,QSR-1276,0,0,0,0
Qt:QDS-4229,Qt,QDS-4229,0,0,0,0
MariaDB:MXS-3512,MariaDB,MXS-3512,0,0,0,0
Qt:QDS-4231,Qt,QDS-4231,0,0,0,0
MariaDB:MXS-3507,MariaDB,MXS-3507,0,0,0,0
MariaDB:MXS-3516,MariaDB,MXS-3516,0,0,0,0
MariaDB:MXS-3517,MariaDB,MXS-3517,1,0,0,0
MariaDB:MXS-3518,MariaDB,MXS-3518,0,0,0,0
MariaDB:MXS-3519,MariaDB,MXS-3519,0,0,0,0
Qt:QTBUG-91003,Qt,QTBUG-91003,0,0,0,0
Qt:QTBUG-92894,Qt,QTBUG-92894,0,0,0,0
Qt:QTBUG-93186,Qt,QTBUG-93186,0,0,0,0
Qt:QTMCU-38,Qt,QTMCU-38,0,0,0,0
MariaDB:MXS-3520,MariaDB,MXS-3520,0,0,0,0
Qt:QDS-4238,Qt,QDS-4238,0,0,0,0
Qt:QDS-4240,Qt,QDS-4240,0,0,0,0
Qt:QDS-4243,Qt,QDS-4243,0,0,0,0
Qt:QDS-4246,Qt,QDS-4246,0,0,0,0
Qt:QTWEBSITE-977,Qt,QTWEBSITE-977,0,0,0,0
MariaDB:MXS-3521,MariaDB,MXS-3521,0,0,0,0
Qt:QDS-4248,Qt,QDS-4248,1,1,1,1
Qt:QTBUG-93258,Qt,QTBUG-93258,0,0,0,0
Qt:QDS-4249,Qt,QDS-4249,0,0,0,0
Qt:QTBUG-93288,Qt,QTBUG-93288,0,0,0,0
MariaDB:MCOL-4699,MariaDB,MCOL-4699,0,0,0,0
MariaDB:MCOL-4685,MariaDB,MCOL-4685,0,0,0,0
Qt:QDS-980,Qt,QDS-980,0,0,0,0
Qt:QDS-4254,Qt,QDS-4254,0,0,0,0
Qt:QTCREATORBUG-25632,Qt,QTCREATORBUG-25632,0,0,0,0
Qt:QDS-4258,Qt,QDS-4258,0,0,0,0
Qt:QDS-4259,Qt,QDS-4259,0,0,0,0
Qt:QDS-4260,Qt,QDS-4260,0,0,0,0
Qt:QDS-4267,Qt,QDS-4267,0,0,0,0
Qt:QTBUG-93345,Qt,QTBUG-93345,0,0,0,0
Qt:QTBUG-93346,Qt,QTBUG-93346,0,0,0,0
Qt:QTBUG-93348,Qt,QTBUG-93348,0,0,0,0
Qt:QTBUG-93349,Qt,QTBUG-93349,0,0,0,0
Qt:QTBUG-93350,Qt,QTBUG-93350,0,0,0,0
Qt:QTBUG-93352,Qt,QTBUG-93352,0,0,0,0
Qt:QTBUG-93353,Qt,QTBUG-93353,0,0,0,0
Qt:QTBUG-93354,Qt,QTBUG-93354,0,0,0,0
Qt:QTBUG-93355,Qt,QTBUG-93355,0,0,0,0
Qt:QTBUG-93356,Qt,QTBUG-93356,0,0,0,0
Qt:QDS-4283,Qt,QDS-4283,0,0,0,0
Qt:QDS-4284,Qt,QDS-4284,0,0,0,0
Qt:QDS-4285,Qt,QDS-4285,0,0,0,0
MariaDB:MCOL-4706,MariaDB,MCOL-4706,0,0,0,0
Jira:CONFSERVER-63700,Jira,CONFSERVER-63700,0,0,0,0
Qt:QSR-1282,Qt,QSR-1282,0,0,0,0
Qt:QTBUG-93388,Qt,QTBUG-93388,0,0,0,0
Qt:QTBUG-93389,Qt,QTBUG-93389,0,0,0,0
Qt:QTBUG-93390,Qt,QTBUG-93390,0,0,0,0
Qt:QTCREATORBUG-25659,Qt,QTCREATORBUG-25659,0,0,0,0
Qt:QDS-4273,Qt,QDS-4273,0,0,0,0
Qt:QDS-4294,Qt,QDS-4294,0,0,0,0
Qt:QDS-4295,Qt,QDS-4295,0,0,0,0
Qt:QDS-4296,Qt,QDS-4296,0,0,0,0
Qt:QSR-1284,Qt,QSR-1284,0,0,0,0
Qt:QTBUG-93343,Qt,QTBUG-93343,0,0,0,0
Qt:QDS-988,Qt,QDS-988,0,0,0,0
Qt:QTBUG-93383,Qt,QTBUG-93383,0,0,0,0
Qt:QTBUG-93096,Qt,QTBUG-93096,0,0,0,0
Qt:QDS-1009,Qt,QDS-1009,0,0,0,0
Qt:QDS-4299,Qt,QDS-4299,0,0,0,0
Qt:QDS-4300,Qt,QDS-4300,0,0,0,0
Qt:QDS-4302,Qt,QDS-4302,0,0,0,0
Qt:QDS-3565,Qt,QDS-3565,1,0,0,0
Qt:QDS-4307,Qt,QDS-4307,0,0,0,0
Qt:QDS-4308,Qt,QDS-4308,0,0,0,0
Qt:QDS-4309,Qt,QDS-4309,0,0,0,0
Qt:QDS-3485,Qt,QDS-3485,0,0,0,0
Qt:QDS-4310,Qt,QDS-4310,0,0,0,0
Qt:QDS-4271,Qt,QDS-4271,0,0,0,0
Qt:QDS-4313,Qt,QDS-4313,0,0,0,0
Qt:QTCREATORBUG-25668,Qt,QTCREATORBUG-25668,0,0,0,0
Qt:QTCREATORBUG-25669,Qt,QTCREATORBUG-25669,0,0,0,0
Qt:QTCREATORBUG-25670,Qt,QTCREATORBUG-25670,0,0,0,0
Qt:QTCREATORBUG-25671,Qt,QTCREATORBUG-25671,0,0,0,0
Qt:QTCREATORBUG-25672,Qt,QTCREATORBUG-25672,0,0,0,0
Qt:QTBUG-93460,Qt,QTBUG-93460,0,0,0,0
Qt:QTBUG-93461,Qt,QTBUG-93461,0,0,0,0
Qt:QTBUG-93462,Qt,QTBUG-93462,1,1,0,0
Qt:QTBUG-93463,Qt,QTBUG-93463,0,0,0,0
Qt:QTBUG-93464,Qt,QTBUG-93464,0,0,0,0
Qt:QDS-984,Qt,QDS-984,0,0,0,0
Qt:QTBUG-93401,Qt,QTBUG-93401,0,0,0,0
Qt:QTBUG-93403,Qt,QTBUG-93403,0,0,0,0
Qt:QTBUG-91557,Qt,QTBUG-91557,0,0,0,0
Qt:QTBUG-92875,Qt,QTBUG-92875,0,0,0,0
Qt:QTBUG-92986,Qt,QTBUG-92986,0,0,0,0
Qt:QTBUG-92506,Qt,QTBUG-92506,1,1,1,1
Qt:QTBUG-92507,Qt,QTBUG-92507,0,0,0,0
Qt:QDS-944,Qt,QDS-944,0,0,0,0
Qt:QSR-1288,Qt,QSR-1288,0,0,0,0
Qt:QTBUG-93570,Qt,QTBUG-93570,0,0,0,0
Qt:QTBUG-93571,Qt,QTBUG-93571,1,1,1,0
Qt:QTBUG-93573,Qt,QTBUG-93573,0,0,0,0
Qt:QTBUG-93574,Qt,QTBUG-93574,0,0,0,0
Qt:QTBUG-93576,Qt,QTBUG-93576,0,0,0,0
Qt:QTBUG-93577,Qt,QTBUG-93577,0,0,0,0
Qt:QTBUG-93578,Qt,QTBUG-93578,0,0,0,0
Qt:QTBUG-93579,Qt,QTBUG-93579,0,0,0,0
Qt:QTBUG-93580,Qt,QTBUG-93580,0,0,0,0
Qt:QTBUG-93887,Qt,QTBUG-93887,0,0,0,0
Qt:QTBUG-93568,Qt,QTBUG-93568,0,0,0,0
MariaDB:MCOL-4709,MariaDB,MCOL-4709,0,0,0,0
Jira:CONFSERVER-65151,Jira,CONFSERVER-65151,0,0,0,0
Qt:QSR-1099,Qt,QSR-1099,0,0,0,0
Qt:QSR-1229,Qt,QSR-1229,0,0,0,0
Qt:QDS-4332,Qt,QDS-4332,0,0,0,0
Qt:QDS-3086,Qt,QDS-3086,0,0,0,0
Qt:QDS-4334,Qt,QDS-4334,0,0,0,0
Qt:QDS-4335,Qt,QDS-4335,0,0,0,0
MariaDB:MXS-3539,MariaDB,MXS-3539,0,0,0,0
MariaDB:MXS-3540,MariaDB,MXS-3540,0,0,0,0
Qt:QDS-4337,Qt,QDS-4337,0,0,0,0
MariaDB:MXS-3541,MariaDB,MXS-3541,0,0,0,0
MariaDB:MXS-3542,MariaDB,MXS-3542,1,0,0,0
MariaDB:MXS-3499,MariaDB,MXS-3499,0,0,0,0
Qt:QTBUG-78808,Qt,QTBUG-78808,0,0,0,0
MariaDB:MXS-3543,MariaDB,MXS-3543,0,0,0,0
Qt:QTBUG-93689,Qt,QTBUG-93689,0,0,0,0
Qt:QTBUG-93699,Qt,QTBUG-93699,0,0,0,0
Qt:QTBUG-93700,Qt,QTBUG-93700,0,0,0,0
Qt:QTBUG-93701,Qt,QTBUG-93701,0,0,0,0
Qt:QTBUG-93703,Qt,QTBUG-93703,0,0,0,0
Qt:QTBUG-93704,Qt,QTBUG-93704,0,0,0,0
Qt:QTBUG-93705,Qt,QTBUG-93705,0,0,0,0
Qt:QTBUG-93706,Qt,QTBUG-93706,0,0,0,0
Qt:QTBUG-93708,Qt,QTBUG-93708,0,0,0,0
Qt:QTBUG-93709,Qt,QTBUG-93709,0,0,0,0
Qt:QTBUG-93711,Qt,QTBUG-93711,0,0,0,0
Qt:QSR-1275,Qt,QSR-1275,0,0,0,0
MariaDB:MCOL-4713,MariaDB,MCOL-4713,1,1,1,1
Qt:QTBUG-92390,Qt,QTBUG-92390,0,0,0,0
MariaDB:MXS-3545,MariaDB,MXS-3545,0,0,0,0
Qt:QTIFW-2225,Qt,QTIFW-2225,0,0,0,0
Qt:QTBUG-92977,Qt,QTBUG-92977,0,0,0,0
Qt:QTBUG-93784,Qt,QTBUG-93784,0,0,0,0
Qt:QTBUG-93788,Qt,QTBUG-93788,0,0,0,0
Qt:QTBUG-93791,Qt,QTBUG-93791,0,0,0,0
Qt:QTBUG-93792,Qt,QTBUG-93792,0,0,0,0
Qt:QTBUG-93793,Qt,QTBUG-93793,0,0,0,0
Qt:QTBUG-93794,Qt,QTBUG-93794,0,0,0,0
Qt:QTBUG-93795,Qt,QTBUG-93795,0,0,0,0
Qt:QTBUG-93796,Qt,QTBUG-93796,0,0,0,0
Qt:QTBUG-93797,Qt,QTBUG-93797,0,0,0,0
Qt:QTBUG-93798,Qt,QTBUG-93798,0,0,0,0
Qt:QTQAINFRA-4457,Qt,QTQAINFRA-4457,0,0,0,0
Qt:QTBUG-93799,Qt,QTBUG-93799,0,0,0,0
Qt:QTQAINFRA-4290,Qt,QTQAINFRA-4290,0,0,0,0
Qt:QTBUG-93801,Qt,QTBUG-93801,0,0,0,0
Qt:QTIFW-2228,Qt,QTIFW-2228,0,0,0,0
Qt:QTIFW-2229,Qt,QTIFW-2229,0,0,0,0
Qt:QTIFW-2230,Qt,QTIFW-2230,0,0,0,0
Qt:QTIFW-2231,Qt,QTIFW-2231,0,0,0,0
Qt:QTIFW-2232,Qt,QTIFW-2232,0,0,0,0
Qt:QTIFW-2233,Qt,QTIFW-2233,0,0,0,0
Qt:QTIFW-2234,Qt,QTIFW-2234,0,0,0,0
Qt:QTIFW-2235,Qt,QTIFW-2235,0,0,0,0
Qt:QTIFW-2236,Qt,QTIFW-2236,0,0,0,0
Qt:QTIFW-2237,Qt,QTIFW-2237,0,0,0,0
Qt:QTIFW-2238,Qt,QTIFW-2238,0,0,0,0
Qt:QTIFW-2227,Qt,QTIFW-2227,0,0,0,0
Qt:QTBUG-93805,Qt,QTBUG-93805,0,0,0,0
Qt:QTBUG-90029,Qt,QTBUG-90029,1,1,1,1
Qt:QDS-4369,Qt,QDS-4369,0,0,0,0
MariaDB:MCOL-4704,MariaDB,MCOL-4704,0,0,0,0
MariaDB:MCOL-4705,MariaDB,MCOL-4705,0,0,0,0
Qt:QTBUG-93812,Qt,QTBUG-93812,0,0,0,0
MariaDB:MXS-3553,MariaDB,MXS-3553,0,0,0,0
MariaDB:MXS-3522,MariaDB,MXS-3522,0,0,0,0
Qt:QDS-4377,Qt,QDS-4377,1,1,1,0
Qt:QTBUG-93030,Qt,QTBUG-93030,0,0,0,0
MariaDB:MXS-3558,MariaDB,MXS-3558,0,0,0,0
Qt:QTBUG-93854,Qt,QTBUG-93854,1,1,0,0
Qt:QTBUG-93855,Qt,QTBUG-93855,0,0,0,0
Qt:QTBUG-92530,Qt,QTBUG-92530,0,0,0,0
Qt:QTBUG-93862,Qt,QTBUG-93862,0,0,0,0
Qt:QTBUG-93827,Qt,QTBUG-93827,0,0,0,0
Qt:QTBUG-93865,Qt,QTBUG-93865,1,1,1,0
Qt:QTBUG-92514,Qt,QTBUG-92514,0,0,0,0
Qt:QTBUG-93869,Qt,QTBUG-93869,0,0,0,0
Qt:QTBUG-92877,Qt,QTBUG-92877,1,1,1,1
Qt:QTBUG-92045,Qt,QTBUG-92045,0,0,0,0
Qt:QTBUG-92866,Qt,QTBUG-92866,0,0,0,0
Qt:QTBUG-93874,Qt,QTBUG-93874,0,0,0,0
Qt:QTBUG-93848,Qt,QTBUG-93848,0,0,0,0
Qt:QTBUG-91870,Qt,QTBUG-91870,0,0,0,0
Qt:QTBUG-93888,Qt,QTBUG-93888,0,0,0,0
MariaDB:MXS-3562,MariaDB,MXS-3562,0,0,0,0
MariaDB:MXS-3563,MariaDB,MXS-3563,0,0,0,0
MariaDB:MXS-3564,MariaDB,MXS-3564,0,0,0,0
Qt:QTBUG-93971,Qt,QTBUG-93971,0,0,0,0
Qt:QTBUG-93781,Qt,QTBUG-93781,0,0,0,0
Qt:QSR-1280,Qt,QSR-1280,0,0,0,0
Qt:QSR-1308,Qt,QSR-1308,1,1,1,0
Qt:QSR-1302,Qt,QSR-1302,0,0,0,0
Qt:QDS-4408,Qt,QDS-4408,0,0,0,0
MariaDB:MXS-3482,MariaDB,MXS-3482,0,0,0,0
MariaDB:MXS-3555,MariaDB,MXS-3555,0,0,0,0
MariaDB:MXS-3570,MariaDB,MXS-3570,0,0,0,0
MariaDB:MXS-3571,MariaDB,MXS-3571,0,0,0,0
MariaDB:MXS-3568,MariaDB,MXS-3568,0,0,0,0
MariaDB:MXS-3569,MariaDB,MXS-3569,0,0,0,0
MariaDB:MXS-2808,MariaDB,MXS-2808,1,1,1,1
Qt:QTBUG-93977,Qt,QTBUG-93977,0,0,0,0
Qt:QTBUG-93969,Qt,QTBUG-93969,0,0,0,0
Qt:QDS-4413,Qt,QDS-4413,0,0,0,0
Qt:QDS-4414,Qt,QDS-4414,0,0,0,0
Qt:QDS-4415,Qt,QDS-4415,0,0,0,0
Qt:QDS-4416,Qt,QDS-4416,0,0,0,0
Qt:QDS-4417,Qt,QDS-4417,0,0,0,0
Qt:QDS-4418,Qt,QDS-4418,0,0,0,0
Qt:QDS-4419,Qt,QDS-4419,0,0,0,0
Qt:QDS-4422,Qt,QDS-4422,0,0,0,0
Qt:QDS-4424,Qt,QDS-4424,0,0,0,0
Qt:QDS-4379,Qt,QDS-4379,0,0,0,0
Qt:QTBUG-93949,Qt,QTBUG-93949,1,1,0,0
Qt:QTBUG-93990,Qt,QTBUG-93990,0,0,0,0
Qt:QTBUG-94019,Qt,QTBUG-94019,0,0,0,0
Qt:QTQAINFRA-4468,Qt,QTQAINFRA-4468,0,0,0,0
Qt:QDS-4303,Qt,QDS-4303,0,0,0,0
Qt:QDS-4430,Qt,QDS-4430,0,0,0,0
Qt:QTCREATORBUG-25788,Qt,QTCREATORBUG-25788,0,0,0,0
Qt:QTIFW-2239,Qt,QTIFW-2239,0,0,0,0
Qt:QTQAINFRA-4442,Qt,QTQAINFRA-4442,0,0,0,0
Qt:QDS-4219,Qt,QDS-4219,0,0,0,0
Qt:QTBUG-93650,Qt,QTBUG-93650,0,0,0,0
Qt:QTBUG-93217,Qt,QTBUG-93217,0,0,0,0
Qt:QDS-4451,Qt,QDS-4451,0,0,0,0
Qt:QTBUG-94104,Qt,QTBUG-94104,0,0,0,0
Qt:QTIFW-2245,Qt,QTIFW-2245,0,0,0,0
Qt:QTIFW-2255,Qt,QTIFW-2255,1,1,1,1
Qt:QTIFW-2256,Qt,QTIFW-2256,0,0,0,0
Qt:QTBUG-94106,Qt,QTBUG-94106,0,0,0,0
Qt:QTBUG-94107,Qt,QTBUG-94107,0,0,0,0
Qt:QTBUG-94105,Qt,QTBUG-94105,0,0,0,0
Qt:QTQAINFRA-4469,Qt,QTQAINFRA-4469,0,0,0,0
Qt:QTBUG-91009,Qt,QTBUG-91009,0,0,0,0
Qt:QTBUG-90027,Qt,QTBUG-90027,1,1,1,1
Qt:QDS-4459,Qt,QDS-4459,0,0,0,0
MariaDB:MCOL-4739,MariaDB,MCOL-4739,1,1,0,0
Qt:QTBUG-93866,Qt,QTBUG-93866,0,0,0,0
Qt:QTBUG-94138,Qt,QTBUG-94138,0,0,0,0
Qt:QDS-4468,Qt,QDS-4468,0,0,0,0
Qt:QDS-4469,Qt,QDS-4469,0,0,0,0
Qt:QDS-4470,Qt,QDS-4470,1,0,0,0
Qt:QTBUG-94162,Qt,QTBUG-94162,0,0,0,0
Qt:QTCREATORBUG-25810,Qt,QTCREATORBUG-25810,0,0,0,0
Qt:QTBUG-94167,Qt,QTBUG-94167,0,0,0,0
Qt:QTBUG-94000,Qt,QTBUG-94000,0,0,0,0
Qt:QTBUG-94033,Qt,QTBUG-94033,0,0,0,0
Qt:QTBUG-94037,Qt,QTBUG-94037,0,0,0,0
Qt:QTBUG-92505,Qt,QTBUG-92505,0,0,0,0
Qt:QTBUG-92503,Qt,QTBUG-92503,0,0,0,0
Qt:QTBUG-92512,Qt,QTBUG-92512,0,0,0,0
Qt:QTBUG-92513,Qt,QTBUG-92513,0,0,0,0
Qt:QTQAINFRA-4480,Qt,QTQAINFRA-4480,0,0,0,0
Qt:QTQAINFRA-4481,Qt,QTQAINFRA-4481,0,0,0,0
Qt:QDS-4479,Qt,QDS-4479,0,0,0,0
MariaDB:MXS-3596,MariaDB,MXS-3596,0,0,0,0
MariaDB:MXS-3597,MariaDB,MXS-3597,0,0,0,0
Qt:QSR-1287,Qt,QSR-1287,0,0,0,0
Qt:QSR-1313,Qt,QSR-1313,0,0,0,0
Qt:QSR-1226,Qt,QSR-1226,0,0,0,0
Qt:QDS-4486,Qt,QDS-4486,0,0,0,0
Qt:QDS-4480,Qt,QDS-4480,0,0,0,0
Qt:QDS-4487,Qt,QDS-4487,0,0,0,0
Qt:QDS-4490,Qt,QDS-4490,1,1,1,1
MariaDB:MXS-3598,MariaDB,MXS-3598,0,0,0,0
MariaDB:MXS-3593,MariaDB,MXS-3593,0,0,0,0
MariaDB:MXS-3587,MariaDB,MXS-3587,0,0,0,0
MariaDB:MXS-3599,MariaDB,MXS-3599,0,0,0,0
MariaDB:MXS-3557,MariaDB,MXS-3557,0,0,0,0
Qt:QTBUG-91900,Qt,QTBUG-91900,0,0,0,0
Qt:QTBUG-94328,Qt,QTBUG-94328,0,0,0,0
Qt:QTBUG-94329,Qt,QTBUG-94329,0,0,0,0
Qt:QTBUG-94330,Qt,QTBUG-94330,0,0,0,0
Qt:QTBUG-94327,Qt,QTBUG-94327,0,0,0,0
Qt:QTBUG-91542,Qt,QTBUG-91542,0,0,0,0
Qt:QTBUG-94374,Qt,QTBUG-94374,0,0,0,0
Qt:QTBUG-94382,Qt,QTBUG-94382,0,0,0,0
Qt:QTBUG-94383,Qt,QTBUG-94383,0,0,0,0
Qt:QTBUG-94384,Qt,QTBUG-94384,0,0,0,0
Qt:QTBUG-94385,Qt,QTBUG-94385,0,0,0,0
Qt:QDS-4527,Qt,QDS-4527,0,0,0,0
Qt:QDS-4530,Qt,QDS-4530,0,0,0,0
Qt:QDS-4537,Qt,QDS-4537,0,0,0,0
Qt:QDS-4499,Qt,QDS-4499,0,0,0,0
Qt:QSR-1232,Qt,QSR-1232,0,0,0,0
Qt:QDS-4541,Qt,QDS-4541,0,0,0,0
Qt:QDS-4544,Qt,QDS-4544,0,0,0,0
Qt:QDS-4545,Qt,QDS-4545,0,0,0,0
Qt:QDS-4547,Qt,QDS-4547,0,0,0,0
Qt:QDS-4548,Qt,QDS-4548,0,0,0,0
Qt:QTIFW-2275,Qt,QTIFW-2275,0,0,0,0
Qt:QDS-4549,Qt,QDS-4549,0,0,0,0
Qt:QDS-4500,Qt,QDS-4500,0,0,0,0
Qt:QDS-4519,Qt,QDS-4519,0,0,0,0
Qt:QDS-4502,Qt,QDS-4502,0,0,0,0
Qt:QDS-4516,Qt,QDS-4516,0,0,0,0
Qt:QDS-4517,Qt,QDS-4517,0,0,0,0
Qt:QDS-4553,Qt,QDS-4553,0,0,0,0
Qt:QDS-4554,Qt,QDS-4554,0,0,0,0
Qt:QDS-4555,Qt,QDS-4555,0,0,0,0
Qt:QTIFW-2244,Qt,QTIFW-2244,0,0,0,0
Qt:QDS-4556,Qt,QDS-4556,0,0,0,0
Qt:QDS-4557,Qt,QDS-4557,0,0,0,0
Qt:QTBUG-94426,Qt,QTBUG-94426,0,0,0,0
Qt:QTBUG-94027,Qt,QTBUG-94027,0,0,0,0
Qt:QTBUG-94396,Qt,QTBUG-94396,0,0,0,0
Qt:QDS-4562,Qt,QDS-4562,0,0,0,0
MariaDB:MCOL-4679,MariaDB,MCOL-4679,0,0,0,0
Qt:QTBUG-94521,Qt,QTBUG-94521,0,0,0,0
Qt:QDS-4465,Qt,QDS-4465,0,0,0,0
Qt:QTBUG-94534,Qt,QTBUG-94534,0,0,0,0
Qt:QTBUG-94536,Qt,QTBUG-94536,0,0,0,0
MariaDB:MCOL-1482,MariaDB,MCOL-1482,0,0,0,0
Qt:QTBUG-94192,Qt,QTBUG-94192,0,0,0,0
MariaDB:MXS-3139,MariaDB,MXS-3139,0,0,0,0
Qt:QTBUG-94567,Qt,QTBUG-94567,0,0,0,0
Qt:QTBUG-74053,Qt,QTBUG-74053,0,0,0,0
Qt:QTBUG-92965,Qt,QTBUG-92965,0,0,0,0
Qt:QTBUG-93826,Qt,QTBUG-93826,0,0,0,0
Qt:QTBUG-92880,Qt,QTBUG-92880,0,0,0,0
Qt:QTBUG-94585,Qt,QTBUG-94585,0,0,0,0
Qt:QTBUG-94625,Qt,QTBUG-94625,0,0,0,0
Qt:QTBUG-94628,Qt,QTBUG-94628,0,0,0,0
Qt:QTBUG-94629,Qt,QTBUG-94629,0,0,0,0
Qt:QTBUG-94630,Qt,QTBUG-94630,0,0,0,0
Qt:QTBUG-94631,Qt,QTBUG-94631,1,0,0,0
Qt:QTBUG-94634,Qt,QTBUG-94634,0,0,0,0
Qt:QTBUG-94635,Qt,QTBUG-94635,0,0,0,0
Qt:QTBUG-94636,Qt,QTBUG-94636,0,0,0,0
Qt:QTBUG-94607,Qt,QTBUG-94607,0,0,0,0
Qt:QSR-1306,Qt,QSR-1306,1,1,1,1
Qt:QDS-4595,Qt,QDS-4595,0,0,0,0
Qt:QDS-4596,Qt,QDS-4596,0,0,0,0
MariaDB:MXS-3627,MariaDB,MXS-3627,0,0,0,0
MariaDB:MXS-3629,MariaDB,MXS-3629,0,0,0,0
MariaDB:MCOL-4681,MariaDB,MCOL-4681,0,0,0,0
Qt:QTBUG-93975,Qt,QTBUG-93975,0,0,0,0
Qt:QTIFW-2247,Qt,QTIFW-2247,0,0,0,0
Qt:QTBUG-94726,Qt,QTBUG-94726,0,0,0,0
MariaDB:MXS-3640,MariaDB,MXS-3640,0,0,0,0
MariaDB:MXS-3632,MariaDB,MXS-3632,0,0,0,0
MariaDB:MXS-3639,MariaDB,MXS-3639,0,0,0,0
Qt:QTBUG-94736,Qt,QTBUG-94736,0,0,0,0
MariaDB:MCOL-4769,MariaDB,MCOL-4769,1,1,1,1
MariaDB:MXS-3641,MariaDB,MXS-3641,0,0,0,0
Qt:QDS-4626,Qt,QDS-4626,0,0,0,0
Qt:QTBUG-94758,Qt,QTBUG-94758,0,0,0,0
Qt:QDS-4628,Qt,QDS-4628,0,0,0,0
MariaDB:MXS-3646,MariaDB,MXS-3646,0,0,0,0
MariaDB:MXS-3647,MariaDB,MXS-3647,0,0,0,0
MariaDB:MCOL-4761,MariaDB,MCOL-4761,0,0,0,0
Qt:QTBUG-94814,Qt,QTBUG-94814,0,0,0,0
Qt:QTBUG-94815,Qt,QTBUG-94815,0,0,0,0
Qt:QTBUG-94816,Qt,QTBUG-94816,0,0,0,0
Qt:QTBUG-94822,Qt,QTBUG-94822,0,0,0,0
Qt:QDS-4638,Qt,QDS-4638,0,0,0,0
Qt:QTBUG-94823,Qt,QTBUG-94823,0,0,0,0
Qt:QTBUG-94825,Qt,QTBUG-94825,0,0,0,0
Qt:QTBUG-94846,Qt,QTBUG-94846,0,0,0,0
Qt:QTBUG-94849,Qt,QTBUG-94849,0,0,0,0
Qt:QTBUG-94851,Qt,QTBUG-94851,0,0,0,0
Qt:QTBUG-94853,Qt,QTBUG-94853,0,0,0,0
Qt:QTBUG-94854,Qt,QTBUG-94854,0,0,0,0
Qt:QTBUG-94856,Qt,QTBUG-94856,0,0,0,0
Qt:QTBUG-94857,Qt,QTBUG-94857,0,0,0,0
Qt:QTBUG-94858,Qt,QTBUG-94858,0,0,0,0
Qt:QTBUG-90757,Qt,QTBUG-90757,1,1,1,1
Qt:QTBUG-94862,Qt,QTBUG-94862,0,0,0,0
Qt:QTBUG-94866,Qt,QTBUG-94866,0,0,0,0
Qt:QTBUG-94867,Qt,QTBUG-94867,0,0,0,0
Qt:QTBUG-94872,Qt,QTBUG-94872,0,0,0,0
Qt:QTBUG-94873,Qt,QTBUG-94873,0,0,0,0
Qt:QTBUG-94875,Qt,QTBUG-94875,0,0,0,0
Qt:QTBUG-94877,Qt,QTBUG-94877,0,0,0,0
Qt:QTBUG-94879,Qt,QTBUG-94879,0,0,0,0
Qt:QTBUG-94881,Qt,QTBUG-94881,0,0,0,0
Qt:QDS-4637,Qt,QDS-4637,0,0,0,0
Qt:QTBUG-94902,Qt,QTBUG-94902,0,0,0,0
Qt:QTBUG-94909,Qt,QTBUG-94909,0,0,0,0
Qt:QTBUG-94910,Qt,QTBUG-94910,0,0,0,0
Qt:QTBUG-94913,Qt,QTBUG-94913,0,0,0,0
Qt:QTBUG-94914,Qt,QTBUG-94914,0,0,0,0
Qt:QTBUG-94915,Qt,QTBUG-94915,0,0,0,0
Qt:QTBUG-94916,Qt,QTBUG-94916,0,0,0,0
Qt:QTBUG-94917,Qt,QTBUG-94917,0,0,0,0
Qt:QTBUG-94596,Qt,QTBUG-94596,0,0,0,0
Qt:QTBUG-83488,Qt,QTBUG-83488,0,0,0,0
Hyperledger:FAB-18512,Hyperledger,FAB-18512,0,0,0,0
Hyperledger:FAB-18513,Hyperledger,FAB-18513,0,0,0,0
Hyperledger:FAB-18514,Hyperledger,FAB-18514,0,0,0,0
Hyperledger:FAB-18515,Hyperledger,FAB-18515,0,0,0,0
Hyperledger:FAB-18516,Hyperledger,FAB-18516,0,0,0,0
MariaDB:MXS-3656,MariaDB,MXS-3656,0,0,0,0
Qt:QTBUG-91736,Qt,QTBUG-91736,0,0,0,0
MariaDB:MCOL-4809,MariaDB,MCOL-4809,0,0,0,0
MariaDB:MXS-3637,MariaDB,MXS-3637,0,0,0,0
MariaDB:MXS-3635,MariaDB,MXS-3635,1,1,0,0
MariaDB:MXS-3638,MariaDB,MXS-3638,0,0,0,0
Qt:QTBUG-95110,Qt,QTBUG-95110,0,0,0,0
Qt:QTBUG-95111,Qt,QTBUG-95111,1,1,1,1
Qt:QTBUG-95115,Qt,QTBUG-95115,0,0,0,0
Qt:QDS-4701,Qt,QDS-4701,0,0,0,0
Qt:QDS-4700,Qt,QDS-4700,0,0,0,0
Qt:QDS-4705,Qt,QDS-4705,0,0,0,0
Qt:QDS-4707,Qt,QDS-4707,0,0,0,0
Qt:QDS-4708,Qt,QDS-4708,0,0,0,0
Qt:QDS-4709,Qt,QDS-4709,0,0,0,0
MariaDB:MXS-3667,MariaDB,MXS-3667,0,0,0,0
MariaDB:MXS-3668,MariaDB,MXS-3668,0,0,0,0
Qt:QDS-4706,Qt,QDS-4706,0,0,0,0
MariaDB:MXS-3669,MariaDB,MXS-3669,0,0,0,0
Qt:QTBUG-95163,Qt,QTBUG-95163,1,0,0,0
MariaDB:MXS-3671,MariaDB,MXS-3671,0,0,0,0
Qt:QTBUG-88484,Qt,QTBUG-88484,0,0,0,0
Qt:QDS-4218,Qt,QDS-4218,0,0,0,0
Qt:QTBUG-95123,Qt,QTBUG-95123,1,1,1,1
Qt:QTBUG-95122,Qt,QTBUG-95122,0,0,0,0
MariaDB:MCOL-4814,MariaDB,MCOL-4814,0,0,0,0
MariaDB:MCOL-4815,MariaDB,MCOL-4815,0,0,0,0
Jira:CONFSERVER-60273,Jira,CONFSERVER-60273,0,0,0,0
Qt:QTBUG-95323,Qt,QTBUG-95323,0,0,0,0
MariaDB:MXS-3681,MariaDB,MXS-3681,0,0,0,0
MariaDB:MCOL-4771,MariaDB,MCOL-4771,0,0,0,0
MariaDB:MCOL-4810,MariaDB,MCOL-4810,1,1,0,0
MariaDB:MXS-3684,MariaDB,MXS-3684,0,0,0,0
Qt:QTBUG-85371,Qt,QTBUG-85371,1,0,0,0
Qt:QTBUG-95379,Qt,QTBUG-95379,0,0,0,0
Qt:QDS-4733,Qt,QDS-4733,0,0,0,0
Qt:QDS-4732,Qt,QDS-4732,0,0,0,0
Qt:QDS-4734,Qt,QDS-4734,0,0,0,0
Qt:QDS-4736,Qt,QDS-4736,0,0,0,0
Qt:QDS-4737,Qt,QDS-4737,0,0,0,0
MariaDB:MXS-3691,MariaDB,MXS-3691,0,0,0,0
Qt:QTBUG-85323,Qt,QTBUG-85323,0,0,0,0
Qt:QTBUG-95422,Qt,QTBUG-95422,0,0,0,0
Qt:QTBUG-95425,Qt,QTBUG-95425,0,0,0,0
Qt:QTBUG-95433,Qt,QTBUG-95433,0,0,0,0
Qt:QTBUG-94852,Qt,QTBUG-94852,0,0,0,0
Qt:QTBUG-92509,Qt,QTBUG-92509,0,0,0,0
Qt:QTBUG-95178,Qt,QTBUG-95178,0,0,0,0
Qt:QDS-4731,Qt,QDS-4731,1,1,1,0
Qt:QTBUG-80701,Qt,QTBUG-80701,0,0,0,0
Qt:QDS-4763,Qt,QDS-4763,1,1,1,1
Qt:QSR-1039,Qt,QSR-1039,0,0,0,0
Qt:QSR-1244,Qt,QSR-1244,0,0,0,0
MariaDB:MXS-3676,MariaDB,MXS-3676,0,0,0,0
MariaDB:MXS-3678,MariaDB,MXS-3678,0,0,0,0
MariaDB:MXS-3636,MariaDB,MXS-3636,0,0,0,0
Qt:QDS-4764,Qt,QDS-4764,0,0,0,0
Qt:QDS-4765,Qt,QDS-4765,0,0,0,0
Qt:QDS-4766,Qt,QDS-4766,1,0,0,0
Qt:QDS-4770,Qt,QDS-4770,0,0,0,0
Qt:QDS-4771,Qt,QDS-4771,0,0,0,0
Qt:QTBUG-95531,Qt,QTBUG-95531,1,0,0,0
Qt:QDS-4482,Qt,QDS-4482,0,0,0,0
Qt:QDS-4779,Qt,QDS-4779,1,1,1,1
Qt:QTBUG-95546,Qt,QTBUG-95546,0,0,0,0
