project_key,usability_label,Model,feature_importance,accuracy,confusion_matrix,classification_report,area_under_pre_recall_curve,avg_precision,area_under_roc_curve,y_pred,precision,recall,thresholds
Hyperledger,is_change_text_num_words_20,RF,"len_description                           0.131006
num_words                                 0.109579
len_sum_desc                              0.085060
num_sentences                             0.080936
num_stopwords                             0.075689
ratio_unusable_issues_text_by_previous    0.056680
avg_num_word_in_sentence                  0.049023
2                                         0.041911
avg_word_len                              0.039383
5                                         0.036487
12                                        0.033107
14                                        0.031365
8                                         0.025785
13                                        0.025032
4                                         0.019894
3                                         0.019648
7                                         0.018745
6                                         0.017697
original_story_points_sprint              0.015785
11                                        0.015505
9                                         0.014099
0                                         0.013972
10                                        0.012915
1                                         0.011919
num_issues_cretor_prev                    0.009576
time_until_add_sprint                     0.003944
dominant_topic_1                          0.003758
num_headlines                             0.000583
has_url                                   0.000472
num_changes_text_before_sprint            0.000262
has_acceptance_criteria                   0.000135
relates                                   0.000050
adv_count                                 0.000000
priority                                  0.000000
num_question_marks                        0.000000
has_template                              0.000000
if_acceptance_empty_tbd                   0.000000
len_acceptance                            0.000000
has_tbd                                   0.000000
has_please                                0.000000
if_description_empty_tbd                  0.000000
num_comments_before_sprint                0.000000
pron_count                                0.000000
num_changes_story_point_before_sprint     0.000000
noun_count                                0.000000
has_code                                  0.000000
adj_count                                 0.000000
duplicate_by                              0.000000
duplicate                                 0.000000
block_by                                  0.000000
block                                     0.000000
verb_count                                0.000000
dtype: float64",0.6587136929460581,"[[316.24178404 165.75821596]
 [154.92857143 327.07142857]]","              precision    recall  f1-score   support

           0       0.67      0.66      0.66 481.99999999999477
           1       0.66      0.68      0.67 482.0000000000005

    accuracy                           0.67 963.9999999999952
   macro avg       0.67      0.67      0.67 963.9999999999952
weighted avg       0.67      0.67      0.67 963.9999999999952
",0.6811630951664494,0.6885066581994628,0.7266830147551979,"[1 0 1 1 0 1 1 0 1 0 0 1 1 1 0 0 1 1 1 0 0 0 0 0 0 0 0 0 0 0 0 0 0 0 0 0 0
 0 0 0 0 0 0 0 1 0 0 0 0 0 1 0 1 0 0 0 0 1 1 0 1 0 1 0 0 0 1 0 0 1 0 0 0 1
 0 1 1 1 0 0 0 1 0 0 0 1 1 0 1 1 0 0 1 1 0 0 0 0 0 0 0 0 0 1 1 0 0 1 0 0 0
 1 1 1 1 1 0 0 0 0 0 0 0 0 1 0 0 0 0 0 0 0 0 0 1 0 0 0 0 0 0 1 0 0 0 0 0 0
 1 0 0 0 0 0 1 1 1 0 0 0 0 0 0 1 0 0 0 0 0 1 0 0 0 1 1 1 1 1 0 0 1 0 0 0 0
 1 1 0 1 0 0 0 0 0 1 1 1 1 1 0 1 1 0 0 0 0 0 1 1 0 1 1 0 0 0 1 1 1 1 1 0 1
 0 1 0 1 0 1 0 1 0 0 1 1 0 1 1 1 1 0 0 1 0 0 0 1 1 1 0 0 1 1 1 0 0 0 0 0 1
 0 1 1 1 0 0 0 1 1 0 0 0 0 0 1 0 1 1 0 0 0 0 1 0 0 1 0 1 0 0 0 1 1 0 0 1 1
 1 1 0 1 0 1 0 0 0 1 0 0 0 0 0 0 0 1 0 1 1 0 0 0 0 1 1 1 1 0 1 1 1 0 0 0 0
 0 0 0 1 0 1 1 1 1 1 0 0 1 0 1 1 1 0 0 1 1 1 0 0 1 1 1 0 0 1 0 0 1 1 1 0 0
 0 0 0 0 1 1 1 1 1 1 1 0 1 1 1 0 1 1 0 1 0 0 0 0 1 0 0 1 0 0 0 0 1 0 1 1 1
 1 1 1 0 1 1 0 0 1 1 1 0 0 1 1 1 0 1 1 0 1 0 1 0 0 0 1 0 0 1 0 1 1 1 1 1 1
 1 1 0 1 1 1 1 1 0 0 0 1 1 0 0 0 0 1 1 0 0 0 1 0 1 1 0 0 0 0 1 1 1 0 1 0 0
 1 1 1 1 0 1 1 1 1 1 0 0 1 1 1 1 0 1 0 0 1 0 1 0 0 0 1 0 1 1 0 0 0 0 0 1 1
 0 1 1 1 0 0 0 1 0 0 1 1 1 0 0 0 1 0 0 0 1 0 1 0 1 1 1 0 0 1 0 1 1 1 1 0 0
 0 0 1 1 1 0 0 0 0 0 0 0 1 0 0 0 0 1 0 1 0 0 0 0 0 1 1 1 1 1 1 1 1 1 1 1 1
 1 1 1 0 0 0 0 0 1 0 0 0 0 0 0 0 1 0 1 1 1 1 1 1 0 0 1 0 0 0 0 0 1 1 0 0 1
 0 1 0 0 0 0 0 0 1 0 0 0 1 0 1 0 0 1 1 1 1 0 1 0 1 1 0 0 0 0 1 1 0 0 0 0 1
 0 0 1 0 0 1 0 1 0 0 0 1 0 0 0 0 0 0 0 1 0 0 1 0 0 0 1 0 0 0 0 0 0 0 1 1 0
 0 1 0 1 0 0 1 0 0 0 1 1 1 1 0 1 0 0 1 0 1 0 0 0 0 0 0 0 1 1 0 0 0 0 0 1 1
 0 0 0 1 0 0 1 1 1 1 0 0 0 0 0 0 0 1 0 0 0 0 0 1 0 0 0 0 0 1 1 1 1 1 0 0 0
 1 1 0 0 0 0 0 1 0 1 1 0 0 0 1 1 0 0 0 1 0 1 1 1 1 0 0 1 0 0 0 1 1 0 0 0 1
 1 1 1 0 0 1 0 0 0 0 0 0 0 0 0 0 0 0 0 0 0 0 0 0 1 0 0 0 0 0 0 1 1 0 1 0 0
 0 0 0 0 0 0 0 0 0 0 0 0 1 0 0 0 0 0 0 1 1 1 0 0 0 0 0 0 0 1 1 0 0 1 0 0 0
 0 0 0 0 0 0 0 0 0 0 0 0 0 1 1 0 0 0 0 1 0 0 1 0 1 1 0 0 0 1 0 0 0 0 0 0 0
 0 0 0 0 1 1 0 1 0 0 0 1 0 0 0 0 0 0 0 0 0 0 0 0 1 1 0 1 0 0 0 0 0 0 0 0 0
 0 0]","[0.5        0.5002936  0.50058754 0.50088183 0.50117647 0.50147145
 0.50176678 0.50206246 0.50235849 0.50265487 0.50295159 0.50324867
 0.5035461  0.50384388 0.50414201 0.5044405  0.50473934 0.50503853
 0.50533808 0.50563798 0.50593824 0.50623886 0.50653983 0.50684117
 0.50714286 0.50744491 0.50774732 0.50805009 0.50835322 0.50865672
 0.50896057 0.50926479 0.50956938 0.50987433 0.51017964 0.51048532
 0.51079137 0.51109778 0.51140456 0.51171171 0.51201923 0.51232712
 0.51263538 0.51294401 0.51325301 0.51356239 0.51387214 0.51418226
 0.51449275 0.51480363 0.51511487 0.5154265  0.5157385  0.51605088
 0.51636364 0.51667677 0.51699029 0.51730419 0.51761847 0.51793313
 0.51824818 0.5185636  0.51887942 0.51919561 0.5195122  0.51982916
 0.52014652 0.52046426 0.5207824  0.52110092 0.52141983 0.52173913
 0.52205882 0.52237891 0.52269939 0.52302026 0.52334152 0.52366318
 0.52398524 0.52430769 0.52463054 0.52495379 0.52527744 0.52560148
 0.52592593 0.52625077 0.52657602 0.52690167 0.52722772 0.52755418
 0.52788104 0.52820831 0.52853598 0.52886406 0.52919255 0.52952144
 0.52985075 0.53018046 0.53051059 0.53084112 0.53117207 0.53150343
 0.53183521 0.5321674  0.5325     0.53283302 0.53316646 0.53350031
 0.53383459 0.53416928 0.53450439 0.53483992 0.53517588 0.53551226
 0.53584906 0.53618628 0.53652393 0.536862   0.5372005  0.53753943
 0.53787879 0.53821857 0.53855879 0.53889943 0.53924051 0.53958201
 0.53992395 0.54026633 0.54060914 0.54095238 0.54129606 0.54164018
 0.54198473 0.54232973 0.54267516 0.54302103 0.54336735 0.5437141
 0.5440613  0.54440895 0.54475703 0.54510557 0.54545455 0.54580397
 0.54615385 0.54650417 0.54685494 0.54720617 0.54755784 0.54790997
 0.54826255 0.54861558 0.54896907 0.54932302 0.54967742 0.55003228
 0.5503876  0.55074337 0.55109961 0.55145631 0.55181347 0.5521711
 0.55252918 0.55288774 0.55324675 0.55360624 0.55396619 0.55432661
 0.5546875  0.55504886 0.55541069 0.55577299 0.55613577 0.55649902
 0.55686275 0.55722695 0.55759162 0.55795678 0.55832241 0.55868852
 0.55905512 0.55942219 0.55978975 0.56015779 0.56052632 0.56089533
 0.56126482 0.56163481 0.56200528 0.56237624 0.56274769 0.56311963
 0.56349206 0.56128481 0.56165815 0.562032   0.56240634 0.56278118
 0.56315652 0.56353236 0.5639087  0.56428554 0.56466289 0.56504075
 0.56541911 0.56579798 0.56617735 0.56655724 0.56693763 0.56731854
 0.56769995 0.56808189 0.56846433 0.56884729 0.56923077 0.56961476
 0.56999928 0.57038431 0.57076986 0.56855132 0.56893789 0.56932497
 0.56971259 0.57010073 0.57048941 0.57087861 0.57126835 0.57165862
 0.57204942 0.57244075 0.57283262 0.57322503 0.57361798 0.57401147
 0.57440549 0.57480006 0.57519517 0.57559082 0.57598702 0.57638376
 0.57678105 0.57717889 0.57757728 0.57797622 0.57837571 0.57877575
 0.57917635 0.5795775  0.57997921 0.58038147 0.58078429 0.58118768
 0.58159162 0.58199612 0.58240119 0.58280683 0.58321302 0.58361979
 0.58402712 0.58443502 0.58484349 0.58525254 0.58566215 0.58607234
 0.5864831  0.58689444 0.58730636 0.58771886 0.58813193 0.58854559
 0.5863323  0.5867472  0.58451062 0.58492677 0.58534351 0.58576085
 0.58617878 0.58659731 0.58701643 0.58743616 0.58785649 0.58827741
 0.58869895 0.58912108 0.58954382 0.58996717 0.59039113 0.5908157
 0.59124088 0.59166667 0.59209307 0.59252009 0.59294773 0.59337598
 0.59380485 0.59423435 0.59466446 0.5950952  0.59552656 0.59595855
 0.59639116 0.59682441 0.59725828 0.59769279 0.59812793 0.5985637
 0.5990001  0.59943715 0.59987483 0.60031315 0.60075212 0.60119172
 0.60163197 0.60207286 0.60251441 0.60028446 0.60072748 0.60117116
 0.6016155  0.60206049 0.60250615 0.60295246 0.60339943 0.60384707
 0.60429537 0.60474434 0.60519398 0.60564428 0.60339943 0.6038513
 0.60430384 0.60475706 0.60248916 0.60294395 0.60339943 0.6038556
 0.60431246 0.60477002 0.60522826 0.6056872  0.60614684 0.60660718
 0.60706821 0.60752995 0.60799239 0.60845553 0.60891938 0.60938394
 0.60984921 0.61031519 0.60803689 0.60850456 0.60897295 0.60944206
 0.60991189 0.61038245 0.61085374 0.61132575 0.6117985  0.61227197
 0.61274618 0.61322113 0.61369681 0.61417323 0.61465039 0.61512829
 0.61560694 0.61608633 0.61656647 0.61704735 0.61752899 0.61801138
 0.61849453 0.61897843 0.61669712 0.61718288 0.61766942 0.61815672
 0.61864478 0.61913362 0.61962324 0.62011363 0.62060479 0.62109674
 0.62158946 0.62208297 0.62257726 0.62307234 0.6235682  0.62406486
 0.62177322 0.62227187 0.62277131 0.62327156 0.62377261 0.62427447
 0.62477713 0.62528061 0.6257849  0.62629    0.6239812  0.62448837
 0.62215212 0.62266137 0.6202971  0.62080843 0.6213206  0.62183362
 0.62234749 0.62286221 0.62337778 0.6238942  0.62150896 0.61909328
 0.61961314 0.62013387 0.62065547 0.62117796 0.62170132 0.62222557
 0.6227507  0.62327672 0.62084042 0.62136866 0.62189781 0.62242786
 0.62295881 0.62349067 0.62402344 0.62455712 0.62509171 0.62562722
 0.62616365 0.62670099 0.62723926 0.62777846 0.62831858 0.62885964
 0.62940163 0.62994455 0.63048841 0.63103321 0.63157895 0.62913907
 0.62968726 0.6302364  0.6307865  0.62831858 0.62887116 0.62942471
 0.62997923 0.63053474 0.63109122 0.63164868 0.63220714 0.62971676
 0.63027777 0.63083978 0.6314028  0.62888318 0.6294488  0.62689608
 0.62746431 0.62803357 0.62860386 0.62917519 0.62974756 0.63032097
 0.62774248 0.62831858 0.62889574 0.62628432 0.62686419 0.62744514
 0.62802717 0.62538369 0.62596847 0.62655435 0.62714133 0.6277294
 0.62831858 0.62890887 0.62950027 0.63009278 0.63068641 0.62802047
 0.62861698 0.62921463 0.62981341 0.627114   0.62771572 0.62831858
 0.62892261 0.6295278  0.63013416 0.63074168 0.63135038 0.63196026
 0.63257131 0.63318355 0.63379697 0.63441158 0.63502739 0.63564439
 0.63626259 0.636882   0.63750261 0.63812443 0.63874747 0.63937173
 0.6399972  0.64062391 0.64125184 0.641881   0.6425114  0.64314304
 0.64377592 0.64441005 0.64504543 0.64568206 0.64631995 0.6469591
 0.64759952 0.64824121 0.64888417 0.6495284  0.65017392 0.65082072
 0.65146881 0.65211819 0.65276887 0.65342085 0.65407413 0.65472872
 0.65207996 0.65273822 0.65339781 0.65405874 0.65472101 0.65538462
 0.65604957 0.65671588 0.65738354 0.65805256 0.65872294 0.65939469
 0.66006781 0.66074231 0.65808445 0.65538462 0.65606561 0.65674802
 0.65743185 0.65469675 0.65191763 0.65260809 0.65330001 0.6539934
 0.65468827 0.65538462 0.65608244 0.65678176 0.65748257 0.65467958
 0.65538462 0.65609118 0.65679926 0.65395826 0.65106983 0.64813278
 0.64885073 0.64957028 0.65029142 0.65101417 0.65173853 0.65246449
 0.65319208 0.6539213  0.65465214 0.65538462 0.65611873 0.6568545
 0.65759192 0.65833099 0.65538462 0.6561284  0.65687388 0.65762106
 0.65836994 0.65912052 0.65987282 0.66062684 0.66138258 0.66214005
 0.66289926 0.66366022 0.66442292 0.66518738 0.6659536  0.66300062
 0.66377197 0.66076968 0.65771329 0.6584932  0.65927496 0.66005858
 0.66084406 0.66163142 0.66242065 0.66321177 0.66400478 0.66479969
 0.66559651 0.66639523 0.66719588 0.66799845 0.66880296 0.66574058
 0.66655076 0.66736292 0.66425089 0.66506882 0.66588878 0.66671075
 0.66753476 0.66836081 0.6691889  0.66604128 0.66687539 0.66367126
 0.66451146 0.6653538  0.66209545 0.65877302 0.65962561 0.6604804
 0.65710012 0.65796125 0.65882463 0.65538462 0.65625444 0.65712658
 0.65800105 0.65887784 0.65975697 0.66063845 0.66152229 0.6624085
 0.66329708 0.66418805 0.66508142 0.6659772  0.66687539 0.66777601
 0.66867906 0.66958456 0.67049252 0.67140294 0.67231584 0.67323122
 0.66981132 0.67073411 0.67165944 0.67258733 0.67351779 0.67445082
 0.67538644 0.67632467 0.6772655  0.67820896 0.67915504 0.67571378
 0.6721979  0.66860495 0.6695697  0.67053723 0.67150757 0.67248072
 0.66882981 0.66981132 0.67079572 0.67178301 0.66806656 0.66426497
 0.66526656 0.66627117 0.66727882 0.66828952 0.66930328 0.66544259
 0.66646539 0.66251944 0.6635514  0.66458658 0.665625   0.66666667
 0.6677116  0.66875981 0.66981132 0.67086614 0.67192429 0.66794002
 0.66900805 0.67007951 0.6711544  0.67223274 0.67331456 0.66926568
 0.67035785 0.67145359 0.67255292 0.66842323 0.66953324 0.67064694
 0.67176436 0.6728855  0.66867906 0.66981132 0.67094742 0.67208738
 0.67323122 0.67437896 0.67553062 0.67668622 0.67784578 0.67900932
 0.68017686 0.67593803 0.67711775 0.67830159 0.67396532 0.67516166
 0.67636225 0.67756712 0.6731377  0.6743555  0.66981132 0.67104227
 0.67227775 0.67351779 0.67476241 0.67601164 0.6772655  0.67852402
 0.67391451 0.67518716 0.67646463 0.67174002 0.67303201 0.67432897
 0.67563095 0.67693796 0.67825003 0.67956721 0.68088951 0.68221696
 0.6835496  0.68488746 0.68012488 0.67521614 0.676581   0.67153017
 0.67291162 0.6677116  0.66910995 0.67051417 0.67192429 0.66659034
 0.66801805 0.66251944 0.66396509 0.65829305 0.65975697 0.66122741
 0.66270443 0.66418805 0.65836994 0.65234666 0.65386211 0.65538462
 0.65691423 0.658451   0.65999498 0.66154621 0.65538462 0.64899452
 0.65058033 0.65217391 0.65377532 0.64718499 0.64880846 0.65044009
 0.65207996 0.65372811 0.65538462 0.65704954 0.65872294 0.66040489
 0.66209545 0.66379468 0.66550266 0.66721946 0.66894513 0.66230095
 0.66405291 0.66581415 0.65893271 0.66072121 0.66251944 0.65538462
 0.65721111 0.65904781 0.66089481 0.66275218 0.66462003 0.66649844
 0.65917062 0.66108007 0.65344335 0.65538462 0.65733745 0.65930195
 0.66127824 0.6632664  0.66526656 0.65740741 0.65944272 0.66149068
 0.6635514  0.665625   0.6677116  0.66981132 0.67192429 0.66385779
 0.66601042 0.65756352 0.65975697 0.6619651  0.66418805 0.66642599
 0.66867906 0.67094742 0.67323122 0.67553062 0.67784578 0.68017686
 0.68252403 0.67396532 0.67636225 0.66736292 0.66981132 0.67227775
 0.67476241 0.6653538  0.66789366 0.67045299 0.67303201 0.67563095
 0.67825003 0.68088951 0.6835496  0.68623056 0.68893264 0.69165608
 0.69440113 0.69716807 0.69995714 0.70276861 0.70560277 0.70845987
 0.71134021 0.71424406 0.71717172 0.7080689  0.71107739 0.71411155
 0.71717172 0.72025822 0.72337141 0.72651163 0.72967923 0.73287457
 0.73609802 0.73934995 0.74263074 0.74594078 0.74928046 0.75265018
 0.75605034 0.75948136 0.76294367 0.76643768 0.76996385 0.76162098
 0.76526946 0.75639205 0.76017131 0.76398852 0.76784427 0.75857545
 0.74853573 0.75265018 0.75681011 0.74613641 0.75046632 0.75484678
 0.75927867 0.76376292 0.76830045 0.77289221 0.77753919 0.78224238
 0.78700283 0.79182156 0.79669967 0.80163826 0.80663845 0.81170141
 0.81682833 0.80758294 0.8129771  0.8184438  0.82398453 0.82960078
 0.83529412 0.84106614 0.83224798 0.83836263 0.8445678  0.85086551
 0.84189723 0.83178132 0.83883672 0.84601283 0.83529412 0.82297155
 0.80865604 0.81734459 0.8010865  0.81057082 0.82028241 0.83022954
 0.8129771  0.82398453 0.80377358 0.77831912 0.79182156 0.80580076
 0.82028241 0.83529412 0.85086551 0.82622188 0.8445678  0.86374696
 0.88381743 0.90484282 0.92689295 0.91025641 0.88381743 0.91942446
 0.88381743 0.79182156 0.88381743 0.         1.        ]","[1.         1.         1.         1.         1.         1.
 1.         1.         1.         1.         1.         1.
 1.         1.         1.         1.         1.         1.
 1.         1.         1.         1.         1.         1.
 1.         1.         1.         1.         1.         1.
 1.         1.         1.         1.         1.         1.
 1.         1.         1.         1.         1.         1.
 1.         1.         1.         1.         1.         1.
 1.         1.         1.         1.         1.         1.
 1.         1.         1.         1.         1.         1.
 1.         1.         1.         1.         1.         1.
 1.         1.         1.         1.         1.         1.
 1.         1.         1.         1.         1.         1.
 1.         1.         1.         1.         1.         1.
 1.         1.         1.         1.         1.         1.
 1.         1.         1.         1.         1.         1.
 1.         1.         1.         1.         1.         1.
 1.         1.         1.         1.         1.         1.
 1.         1.         1.         1.         1.         1.
 1.         1.         1.         1.         1.         1.
 1.         1.         1.         1.         1.         1.
 1.         1.         1.         1.         1.         1.
 1.         1.         1.         1.         1.         1.
 1.         1.         1.         1.         1.         1.
 1.         1.         1.         1.         1.         1.
 1.         1.         1.         1.         1.         1.
 1.         1.         1.         1.         1.         1.
 1.         1.         1.         1.         1.         1.
 1.         1.         1.         1.         1.         1.
 1.         1.         1.         1.         1.         1.
 1.         1.         1.         1.         1.         1.
 1.         1.         1.         1.         1.         1.
 1.         0.99107143 0.99107143 0.99107143 0.99107143 0.99107143
 0.99107143 0.99107143 0.99107143 0.99107143 0.99107143 0.99107143
 0.99107143 0.99107143 0.99107143 0.99107143 0.99107143 0.99107143
 0.99107143 0.99107143 0.99107143 0.99107143 0.99107143 0.99107143
 0.99107143 0.99107143 0.99107143 0.98214286 0.98214286 0.98214286
 0.98214286 0.98214286 0.98214286 0.98214286 0.98214286 0.98214286
 0.98214286 0.98214286 0.98214286 0.98214286 0.98214286 0.98214286
 0.98214286 0.98214286 0.98214286 0.98214286 0.98214286 0.98214286
 0.98214286 0.98214286 0.98214286 0.98214286 0.98214286 0.98214286
 0.98214286 0.98214286 0.98214286 0.98214286 0.98214286 0.98214286
 0.98214286 0.98214286 0.98214286 0.98214286 0.98214286 0.98214286
 0.98214286 0.98214286 0.98214286 0.98214286 0.98214286 0.98214286
 0.98214286 0.98214286 0.98214286 0.98214286 0.98214286 0.98214286
 0.97321429 0.97321429 0.96428571 0.96428571 0.96428571 0.96428571
 0.96428571 0.96428571 0.96428571 0.96428571 0.96428571 0.96428571
 0.96428571 0.96428571 0.96428571 0.96428571 0.96428571 0.96428571
 0.96428571 0.96428571 0.96428571 0.96428571 0.96428571 0.96428571
 0.96428571 0.96428571 0.96428571 0.96428571 0.96428571 0.96428571
 0.96428571 0.96428571 0.96428571 0.96428571 0.96428571 0.96428571
 0.96428571 0.96428571 0.96428571 0.96428571 0.96428571 0.96428571
 0.96428571 0.96428571 0.96428571 0.95535714 0.95535714 0.95535714
 0.95535714 0.95535714 0.95535714 0.95535714 0.95535714 0.95535714
 0.95535714 0.95535714 0.95535714 0.95535714 0.94642857 0.94642857
 0.94642857 0.94642857 0.9375     0.9375     0.9375     0.9375
 0.9375     0.9375     0.9375     0.9375     0.9375     0.9375
 0.9375     0.9375     0.9375     0.9375     0.9375     0.9375
 0.9375     0.9375     0.92857143 0.92857143 0.92857143 0.92857143
 0.92857143 0.92857143 0.92857143 0.92857143 0.92857143 0.92857143
 0.92857143 0.92857143 0.92857143 0.92857143 0.92857143 0.92857143
 0.92857143 0.92857143 0.92857143 0.92857143 0.92857143 0.92857143
 0.92857143 0.92857143 0.91964286 0.91964286 0.91964286 0.91964286
 0.91964286 0.91964286 0.91964286 0.91964286 0.91964286 0.91964286
 0.91964286 0.91964286 0.91964286 0.91964286 0.91964286 0.91964286
 0.91071429 0.91071429 0.91071429 0.91071429 0.91071429 0.91071429
 0.91071429 0.91071429 0.91071429 0.91071429 0.90178571 0.90178571
 0.89285714 0.89285714 0.88392857 0.88392857 0.88392857 0.88392857
 0.88392857 0.88392857 0.88392857 0.88392857 0.875      0.86607143
 0.86607143 0.86607143 0.86607143 0.86607143 0.86607143 0.86607143
 0.86607143 0.86607143 0.85714286 0.85714286 0.85714286 0.85714286
 0.85714286 0.85714286 0.85714286 0.85714286 0.85714286 0.85714286
 0.85714286 0.85714286 0.85714286 0.85714286 0.85714286 0.85714286
 0.85714286 0.85714286 0.85714286 0.85714286 0.85714286 0.84821429
 0.84821429 0.84821429 0.84821429 0.83928571 0.83928571 0.83928571
 0.83928571 0.83928571 0.83928571 0.83928571 0.83928571 0.83035714
 0.83035714 0.83035714 0.83035714 0.82142857 0.82142857 0.8125
 0.8125     0.8125     0.8125     0.8125     0.8125     0.8125
 0.80357143 0.80357143 0.80357143 0.79464286 0.79464286 0.79464286
 0.79464286 0.78571429 0.78571429 0.78571429 0.78571429 0.78571429
 0.78571429 0.78571429 0.78571429 0.78571429 0.78571429 0.77678571
 0.77678571 0.77678571 0.77678571 0.76785714 0.76785714 0.76785714
 0.76785714 0.76785714 0.76785714 0.76785714 0.76785714 0.76785714
 0.76785714 0.76785714 0.76785714 0.76785714 0.76785714 0.76785714
 0.76785714 0.76785714 0.76785714 0.76785714 0.76785714 0.76785714
 0.76785714 0.76785714 0.76785714 0.76785714 0.76785714 0.76785714
 0.76785714 0.76785714 0.76785714 0.76785714 0.76785714 0.76785714
 0.76785714 0.76785714 0.76785714 0.76785714 0.76785714 0.76785714
 0.76785714 0.76785714 0.76785714 0.76785714 0.76785714 0.76785714
 0.75892857 0.75892857 0.75892857 0.75892857 0.75892857 0.75892857
 0.75892857 0.75892857 0.75892857 0.75892857 0.75892857 0.75892857
 0.75892857 0.75892857 0.75       0.74107143 0.74107143 0.74107143
 0.74107143 0.73214286 0.72321429 0.72321429 0.72321429 0.72321429
 0.72321429 0.72321429 0.72321429 0.72321429 0.72321429 0.71428571
 0.71428571 0.71428571 0.71428571 0.70535714 0.69642857 0.6875
 0.6875     0.6875     0.6875     0.6875     0.6875     0.6875
 0.6875     0.6875     0.6875     0.6875     0.6875     0.6875
 0.6875     0.6875     0.67857143 0.67857143 0.67857143 0.67857143
 0.67857143 0.67857143 0.67857143 0.67857143 0.67857143 0.67857143
 0.67857143 0.67857143 0.67857143 0.67857143 0.67857143 0.66964286
 0.66964286 0.66071429 0.65178571 0.65178571 0.65178571 0.65178571
 0.65178571 0.65178571 0.65178571 0.65178571 0.65178571 0.65178571
 0.65178571 0.65178571 0.65178571 0.65178571 0.65178571 0.64285714
 0.64285714 0.64285714 0.63392857 0.63392857 0.63392857 0.63392857
 0.63392857 0.63392857 0.63392857 0.625      0.625      0.61607143
 0.61607143 0.61607143 0.60714286 0.59821429 0.59821429 0.59821429
 0.58928571 0.58928571 0.58928571 0.58035714 0.58035714 0.58035714
 0.58035714 0.58035714 0.58035714 0.58035714 0.58035714 0.58035714
 0.58035714 0.58035714 0.58035714 0.58035714 0.58035714 0.58035714
 0.58035714 0.58035714 0.58035714 0.58035714 0.58035714 0.58035714
 0.57142857 0.57142857 0.57142857 0.57142857 0.57142857 0.57142857
 0.57142857 0.57142857 0.57142857 0.57142857 0.57142857 0.5625
 0.55357143 0.54464286 0.54464286 0.54464286 0.54464286 0.54464286
 0.53571429 0.53571429 0.53571429 0.53571429 0.52678571 0.51785714
 0.51785714 0.51785714 0.51785714 0.51785714 0.51785714 0.50892857
 0.50892857 0.5        0.5        0.5        0.5        0.5
 0.5        0.5        0.5        0.5        0.5        0.49107143
 0.49107143 0.49107143 0.49107143 0.49107143 0.49107143 0.48214286
 0.48214286 0.48214286 0.48214286 0.47321429 0.47321429 0.47321429
 0.47321429 0.47321429 0.46428571 0.46428571 0.46428571 0.46428571
 0.46428571 0.46428571 0.46428571 0.46428571 0.46428571 0.46428571
 0.46428571 0.45535714 0.45535714 0.45535714 0.44642857 0.44642857
 0.44642857 0.44642857 0.4375     0.4375     0.42857143 0.42857143
 0.42857143 0.42857143 0.42857143 0.42857143 0.42857143 0.42857143
 0.41964286 0.41964286 0.41964286 0.41071429 0.41071429 0.41071429
 0.41071429 0.41071429 0.41071429 0.41071429 0.41071429 0.41071429
 0.41071429 0.41071429 0.40178571 0.39285714 0.39285714 0.38392857
 0.38392857 0.375      0.375      0.375      0.375      0.36607143
 0.36607143 0.35714286 0.35714286 0.34821429 0.34821429 0.34821429
 0.34821429 0.34821429 0.33928571 0.33035714 0.33035714 0.33035714
 0.33035714 0.33035714 0.33035714 0.33035714 0.32142857 0.3125
 0.3125     0.3125     0.3125     0.30357143 0.30357143 0.30357143
 0.30357143 0.30357143 0.30357143 0.30357143 0.30357143 0.30357143
 0.30357143 0.30357143 0.30357143 0.30357143 0.30357143 0.29464286
 0.29464286 0.29464286 0.28571429 0.28571429 0.28571429 0.27678571
 0.27678571 0.27678571 0.27678571 0.27678571 0.27678571 0.27678571
 0.26785714 0.26785714 0.25892857 0.25892857 0.25892857 0.25892857
 0.25892857 0.25892857 0.25892857 0.25       0.25       0.25
 0.25       0.25       0.25       0.25       0.25       0.24107143
 0.24107143 0.23214286 0.23214286 0.23214286 0.23214286 0.23214286
 0.23214286 0.23214286 0.23214286 0.23214286 0.23214286 0.23214286
 0.23214286 0.22321429 0.22321429 0.21428571 0.21428571 0.21428571
 0.21428571 0.20535714 0.20535714 0.20535714 0.20535714 0.20535714
 0.20535714 0.20535714 0.20535714 0.20535714 0.20535714 0.20535714
 0.20535714 0.20535714 0.20535714 0.20535714 0.20535714 0.20535714
 0.20535714 0.20535714 0.20535714 0.19642857 0.19642857 0.19642857
 0.19642857 0.19642857 0.19642857 0.19642857 0.19642857 0.19642857
 0.19642857 0.19642857 0.19642857 0.19642857 0.19642857 0.19642857
 0.19642857 0.19642857 0.19642857 0.19642857 0.19642857 0.1875
 0.1875     0.17857143 0.17857143 0.17857143 0.17857143 0.16964286
 0.16071429 0.16071429 0.16071429 0.15178571 0.15178571 0.15178571
 0.15178571 0.15178571 0.15178571 0.15178571 0.15178571 0.15178571
 0.15178571 0.15178571 0.15178571 0.15178571 0.15178571 0.15178571
 0.15178571 0.14285714 0.14285714 0.14285714 0.14285714 0.14285714
 0.14285714 0.14285714 0.13392857 0.13392857 0.13392857 0.13392857
 0.125      0.11607143 0.11607143 0.11607143 0.10714286 0.09821429
 0.08928571 0.08928571 0.08035714 0.08035714 0.08035714 0.08035714
 0.07142857 0.07142857 0.0625     0.05357143 0.05357143 0.05357143
 0.05357143 0.05357143 0.05357143 0.04464286 0.04464286 0.04464286
 0.04464286 0.04464286 0.04464286 0.03571429 0.02678571 0.02678571
 0.01785714 0.00892857 0.00892857 0.         0.        ]","[0.02463103 0.02549956 0.02897869 0.02965723 0.02968947 0.02990665
 0.02997165 0.03377364 0.03532885 0.03546608 0.03565095 0.03639772
 0.03748963 0.03808568 0.03926046 0.0393257  0.03982045 0.03993073
 0.04041064 0.0407863  0.04085598 0.04111233 0.04124538 0.0422642
 0.04240678 0.04277636 0.04288493 0.04297702 0.04328079 0.04333645
 0.04374733 0.0437966  0.04407169 0.04422822 0.04443165 0.04443203
 0.04492243 0.04516616 0.04579259 0.04605372 0.04640288 0.04658418
 0.04661233 0.04675971 0.04687646 0.04751269 0.04752859 0.04829641
 0.04845748 0.04872929 0.04889593 0.04894591 0.04907592 0.0495861
 0.04965561 0.0498056  0.05023123 0.05126027 0.05130817 0.05269383
 0.05312202 0.05405974 0.05461098 0.05527237 0.05551196 0.05555092
 0.05562501 0.05563349 0.05608075 0.05614424 0.05641026 0.05771979
 0.057867   0.05835146 0.05886887 0.05959346 0.05959845 0.05963243
 0.0598979  0.05992442 0.0603778  0.06042348 0.06086323 0.06147198
 0.06181988 0.0620189  0.06208377 0.0621958  0.06224407 0.06270534
 0.06294128 0.06368679 0.06401259 0.06486505 0.06493131 0.06526468
 0.0655852  0.06576665 0.0658558  0.06598263 0.0674226  0.06771829
 0.0683545  0.06839334 0.06863375 0.06865541 0.06875843 0.06884113
 0.06912236 0.0702799  0.07068779 0.07116864 0.0714822  0.07153589
 0.07163341 0.07188253 0.07256661 0.07275978 0.07276691 0.07284499
 0.07310793 0.07364927 0.07450161 0.07450946 0.07490944 0.07557845
 0.07578979 0.07626888 0.07711809 0.07724045 0.07740457 0.07754115
 0.07777877 0.0787335  0.07889408 0.07949542 0.07970939 0.08020115
 0.08092245 0.08192946 0.08222231 0.08293966 0.08378748 0.08421864
 0.08493798 0.0850497  0.08512758 0.08536587 0.08554404 0.0859668
 0.08603915 0.08698147 0.08751742 0.08778534 0.08781965 0.08787781
 0.08814765 0.08946437 0.08983617 0.09093688 0.09181528 0.091976
 0.0920923  0.09251643 0.09316773 0.09337888 0.09348297 0.09372322
 0.09520928 0.09588087 0.09688939 0.0972632  0.09933481 0.10145088
 0.10378609 0.10409931 0.10415482 0.10642099 0.10741686 0.10792745
 0.1088031  0.10920666 0.10997556 0.10998123 0.11069776 0.11095702
 0.11188412 0.11614323 0.11630162 0.1163415  0.11873465 0.11936094
 0.12215274 0.12495559 0.12511936 0.12743568 0.12787324 0.12838887
 0.12926247 0.13133688 0.13378828 0.13447193 0.13564073 0.13646341
 0.13679224 0.13756242 0.13787614 0.14016187 0.14092414 0.14310581
 0.1437269  0.14523916 0.14646871 0.14717433 0.14846032 0.14953589
 0.15259809 0.1548118  0.15490256 0.15575803 0.15821677 0.15988689
 0.1613974  0.16458755 0.1669614  0.17083513 0.17381613 0.17517334
 0.18091206 0.18743707 0.19876901 0.20593593 0.21349986 0.21891573
 0.2229197  0.22620929 0.23065833 0.23148461 0.23168495 0.23195998
 0.23576235 0.23646737 0.23843783 0.23953674 0.24019341 0.24072701
 0.24147915 0.24282381 0.24726471 0.24912587 0.2563726  0.25914373
 0.25923839 0.25952128 0.25991956 0.26343502 0.26406468 0.26665191
 0.27204728 0.27351725 0.2785222  0.27904776 0.28057886 0.2809541
 0.28115126 0.28200683 0.2862585  0.29121653 0.29152294 0.29303283
 0.29615365 0.29869899 0.29941812 0.30026271 0.30587341 0.30778032
 0.30792762 0.31136522 0.31206497 0.31399797 0.31998986 0.32248076
 0.32371315 0.32488754 0.32558478 0.32636114 0.32724081 0.33082196
 0.33163419 0.33348758 0.33354887 0.34028513 0.34156559 0.34245505
 0.3424567  0.34392239 0.34752757 0.3475888  0.34845016 0.35311162
 0.35642697 0.3590688  0.36059322 0.36187101 0.36487899 0.36555599
 0.36589164 0.36657639 0.36673321 0.36739747 0.37057312 0.37135096
 0.37308864 0.37372564 0.37681247 0.37757306 0.38274658 0.38302446
 0.38421718 0.38493615 0.38570034 0.38637572 0.38770817 0.38802831
 0.38854061 0.39142473 0.39212675 0.39605361 0.39620705 0.39680132
 0.39706376 0.39781826 0.39799434 0.39802457 0.40043423 0.40173506
 0.40224853 0.40273894 0.40293933 0.40374561 0.40486724 0.40511127
 0.40530664 0.40559894 0.40623992 0.40721536 0.40750009 0.40777135
 0.40814629 0.41013689 0.41016622 0.4113274  0.41164802 0.4131678
 0.41359959 0.41404522 0.41574635 0.4166815  0.41683926 0.41692972
 0.41758428 0.41764371 0.41787392 0.41797353 0.41804642 0.41805503
 0.41892979 0.41910349 0.41940461 0.42002891 0.42061608 0.42083148
 0.42196599 0.4231532  0.42455094 0.42514459 0.42517436 0.42540916
 0.42568638 0.42602496 0.4261208  0.42640067 0.42829841 0.42890818
 0.43054062 0.43068261 0.43148273 0.43177619 0.4318388  0.43190567
 0.43196889 0.4320648  0.43228797 0.43250943 0.43295824 0.43343021
 0.43408981 0.43434139 0.4344174  0.4351885  0.43560642 0.43665372
 0.43707178 0.43719237 0.4379065  0.4380184  0.43832721 0.43838622
 0.43853798 0.43892832 0.43904262 0.44033674 0.44042132 0.44140918
 0.44219117 0.44254951 0.44411592 0.44483058 0.44520639 0.44530666
 0.44548481 0.44577972 0.44681499 0.44745842 0.44833073 0.44881848
 0.44914861 0.44934397 0.44950474 0.44975561 0.44982067 0.45005789
 0.45006575 0.45008904 0.45129771 0.45154394 0.45173527 0.45190179
 0.45263442 0.45275964 0.45281849 0.45292634 0.45439705 0.45519891
 0.4561493  0.45658776 0.45668724 0.4572414  0.4578008  0.45792595
 0.45815389 0.45853166 0.45940132 0.4594617  0.45975869 0.46020733
 0.46029303 0.46077193 0.46100111 0.4613868  0.46171886 0.46205584
 0.46208758 0.46230576 0.46267442 0.46445743 0.46498792 0.46504259
 0.46515756 0.46554948 0.46601783 0.46603248 0.46619326 0.4666292
 0.46669884 0.46671723 0.46699625 0.4678273  0.46855715 0.46908471
 0.46925702 0.46926823 0.46934917 0.46935737 0.46955149 0.4695553
 0.46968169 0.46989838 0.47043907 0.47072975 0.47090154 0.4709142
 0.4709628  0.4710189  0.47102683 0.47129021 0.47142626 0.47182705
 0.47265584 0.47265613 0.47268089 0.47279353 0.47325706 0.47343056
 0.47357297 0.47386282 0.47399402 0.47415609 0.47418332 0.47420501
 0.47462824 0.47556237 0.47570857 0.47603535 0.47624807 0.4763574
 0.47738491 0.47741678 0.47742783 0.47743586 0.47743895 0.47830124
 0.47924315 0.47968053 0.47989029 0.47994864 0.47997251 0.48001084
 0.48014082 0.4802741  0.48032977 0.48089844 0.48089906 0.48099103
 0.48102602 0.48160779 0.48180539 0.4819411  0.48210728 0.48218572
 0.48231549 0.48246813 0.48271199 0.4832774  0.48328992 0.4833653
 0.48355325 0.48395472 0.48402061 0.48415187 0.4843278  0.48454579
 0.48507233 0.48614185 0.48752299 0.48763645 0.48781028 0.48819556
 0.48821184 0.48860938 0.48883368 0.48976029 0.48976514 0.48984232
 0.49002137 0.49076116 0.49086587 0.49097169 0.49175884 0.49252269
 0.49255053 0.49272842 0.49368331 0.49385192 0.49404324 0.49405006
 0.49481507 0.49524874 0.49542991 0.49564262 0.49572563 0.49587518
 0.49651916 0.4966156  0.49675231 0.49675269 0.49683351 0.49744332
 0.49774101 0.49780661 0.49805026 0.49835787 0.49856012 0.49950149
 0.49959408 0.50005133 0.5024919  0.50291835 0.50324562 0.50477452
 0.50500475 0.50538236 0.50544327 0.50560667 0.50564817 0.50635023
 0.50637883 0.50672342 0.50709796 0.50778537 0.50800193 0.50813489
 0.50829027 0.50842257 0.50857549 0.50906816 0.50959658 0.50963003
 0.51007774 0.51024644 0.51029341 0.51043573 0.51066688 0.5109929
 0.51114749 0.51123056 0.51243079 0.5127085  0.51277438 0.51285565
 0.5128778  0.51294104 0.51327105 0.51346096 0.51400388 0.51418228
 0.51469533 0.51482435 0.51487801 0.51515332 0.51542403 0.51568995
 0.51580475 0.51679375 0.51745235 0.51782179 0.51790963 0.51797024
 0.51830849 0.51848853 0.51884539 0.51921077 0.52038385 0.52040479
 0.52070146 0.52070434 0.52102773 0.52124141 0.52154893 0.52169702
 0.52193217 0.52223177 0.52238125 0.52257772 0.52267584 0.52325482
 0.52343749 0.5235002  0.52355813 0.52390988 0.52436533 0.52472739
 0.52536814 0.5264513  0.5271946  0.52752959 0.52837349 0.52924386
 0.52925073 0.52979488 0.52979651 0.53016057 0.53018286 0.53076191
 0.53109118 0.53131092 0.53191671 0.53235614 0.53276892 0.53295946
 0.53351    0.53549167 0.53582323 0.53641961 0.53712185 0.53796897
 0.53824172 0.53880424 0.53903981 0.5395048  0.54086728 0.54139721
 0.54147586 0.5415599  0.5417588  0.5434157  0.54377897 0.54422191
 0.54443966 0.54483029 0.54540454 0.54612184 0.54648082 0.54653207
 0.54654123 0.54697312 0.54705239 0.54710587 0.54792908 0.54803651
 0.54879313 0.5495576  0.55000093 0.55020084 0.55039347 0.55077712
 0.55107728 0.5512463  0.55135978 0.55182833 0.55284204 0.55293467
 0.55363506 0.55466942 0.55510827 0.55522892 0.55592716 0.5561928
 0.55649019 0.55697918 0.55707593 0.55731285 0.55733927 0.5573538
 0.55760948 0.55763357 0.55813078 0.55817179 0.55896567 0.55897488
 0.5599055  0.5601896  0.5608178  0.56094732 0.56183088 0.56209897
 0.56227491 0.56335856 0.56344339 0.56366043 0.56391797 0.56414886
 0.56427994 0.56428544 0.56442462 0.56469579 0.56472724 0.56483564
 0.56515616 0.56618781 0.56750565 0.56763746 0.56815955 0.56934475
 0.56964248 0.57057725 0.57058119 0.57302193 0.57307461 0.57309246
 0.57339672 0.57374603 0.57393322 0.57404659 0.57441955 0.57509216
 0.57545299 0.57738148 0.57740282 0.57847869 0.57865964 0.57866412
 0.57888389 0.58030984 0.58093798 0.5814164  0.58178132 0.58294366
 0.58295397 0.58347877 0.58357176 0.58357799 0.58357941 0.5837713
 0.58401389 0.58457786 0.58515704 0.58546568 0.58580633 0.58791307
 0.58810446 0.58868253 0.58933691 0.58951331 0.59012377 0.59056738
 0.59095804 0.59115649 0.59123968 0.59180894 0.59207275 0.59268849
 0.59311037 0.59349526 0.59352104 0.59355088 0.59386296 0.59411421
 0.59422831 0.59447424 0.59571841 0.59572264 0.59633402 0.59669524
 0.59673943 0.59705732 0.59731905 0.59791045 0.59828367 0.59913352
 0.59939525 0.59944327 0.59951994 0.59954006 0.59958749 0.60045745
 0.60068525 0.60073288 0.60148024 0.60318857 0.60349449 0.60467239
 0.60492646 0.60530053 0.60538631 0.60643372 0.60666583 0.60688504
 0.60729929 0.60754852 0.60788921 0.60794108 0.60802865 0.60845121
 0.60858311 0.61009341 0.61101738 0.61247544 0.61271653 0.61387085
 0.61590739 0.61595474 0.61655874 0.61658901 0.61769499 0.61794946
 0.61888648 0.61893301 0.62039755 0.62082669 0.62084697 0.62097466
 0.62130913 0.62137443 0.62147349 0.62193758 0.62206719 0.62263932
 0.62314301 0.62317527 0.62489668 0.62579538 0.62618771 0.62664801
 0.6266756  0.62819732 0.62877191 0.62899509 0.63019511 0.6303039
 0.63141906 0.63227133 0.63283319 0.63338419 0.63402524 0.63440681
 0.63441864 0.63491454 0.63626654 0.6363123  0.63644924 0.63680347
 0.63739551 0.63753398 0.63790406 0.63821896 0.64306406 0.6431169
 0.64428659 0.64566002 0.645757   0.64748818 0.64765471 0.64819895
 0.64838036 0.64840139 0.64981654 0.65076412 0.6525683  0.65295262
 0.65301022 0.65386215 0.65413036 0.65591535 0.65729215 0.65741904
 0.66033197 0.66096531 0.66288448 0.6636117  0.66369367 0.66628222
 0.66722468 0.66948558 0.67041245 0.67556867 0.67682778 0.67785027
 0.67807469 0.6792498  0.68219785 0.68344644 0.68354167 0.68615768
 0.68809493 0.69062907 0.69103008 0.69143596 0.69179961 0.69196025
 0.69792975 0.70355208 0.71004207 0.71853347]"
Hyperledger,is_change_text_num_words_20,XGboost,"len_description                           5.633167e-02
len_sum_desc                              5.575970e-02
avg_word_len                              5.168224e-02
2                                         4.855145e-02
13                                        4.306527e-02
num_sentences                             4.256388e-02
7                                         4.157092e-02
avg_num_word_in_sentence                  4.117904e-02
num_words                                 4.103114e-02
0                                         4.065060e-02
12                                        4.000190e-02
5                                         3.833481e-02
ratio_unusable_issues_text_by_previous    3.826948e-02
1                                         3.790701e-02
4                                         3.753796e-02
3                                         3.689973e-02
14                                        3.639039e-02
num_stopwords                             3.466558e-02
num_issues_cretor_prev                    3.312408e-02
8                                         3.260947e-02
10                                        3.181098e-02
11                                        3.009033e-02
9                                         2.961878e-02
6                                         2.931163e-02
original_story_points_sprint              2.359068e-02
time_until_add_sprint                     1.402616e-02
dominant_topic_1                          4.786990e-03
num_changes_text_before_sprint            2.304668e-03
relates                                   2.075162e-03
has_url                                   1.150807e-03
block_by                                  8.933387e-04
num_question_marks                        8.534326e-04
num_headlines                             6.183405e-04
has_acceptance_criteria                   5.195371e-04
block                                     1.137722e-04
has_please                                9.719458e-05
duplicate                                 6.227254e-06
duplicate_by                              4.820711e-06
num_changes_story_point_before_sprint     8.152875e-07
has_tbd                                   1.537936e-08
has_template                              6.478818e-12
if_description_empty_tbd                  0.000000e+00
if_acceptance_empty_tbd                   0.000000e+00
len_acceptance                            0.000000e+00
num_comments_before_sprint                0.000000e+00
priority                                  0.000000e+00
noun_count                                0.000000e+00
has_code                                  0.000000e+00
adj_count                                 0.000000e+00
adv_count                                 0.000000e+00
pron_count                                0.000000e+00
verb_count                                0.000000e+00
dtype: float64",0.8807053941908713,"[[480.3028169   1.6971831]
 [482.          0.       ]]","              precision    recall  f1-score   support

           0       0.50      1.00      0.67 481.99999999999477
           1       0.00      0.00      0.00 482.0000000000005

    accuracy                           0.50 963.9999999999952
   macro avg       0.25      0.50      0.33 963.9999999999952
weighted avg       0.25      0.50      0.33 963.9999999999952
",0.6518871466028209,0.6588191837076681,0.6987131120053656,"[0 0 0 0 0 0 0 0 0 0 0 0 0 0 0 0 0 0 0 0 0 0 0 0 0 0 0 0 0 0 0 0 0 0 0 0 0
 0 0 0 0 0 0 0 0 0 0 0 0 0 0 0 0 0 0 0 0 0 0 0 0 0 0 0 0 0 0 0 0 0 0 0 0 0
 0 0 0 0 0 0 0 0 0 0 0 0 0 0 0 0 0 0 0 0 0 0 0 0 0 0 0 0 0 0 1 0 0 0 0 0 0
 0 0 0 0 0 0 0 0 0 0 0 0 0 0 0 0 0 0 0 0 0 0 0 0 0 0 0 0 0 0 0 0 0 0 0 0 0
 0 0 0 0 0 0 0 0 0 0 0 0 0 0 0 0 0 0 0 0 0 0 0 0 0 0 0 0 0 0 0 0 0 0 0 0 0
 0 0 0 0 0 0 0 0 0 0 0 0 0 0 0 0 0 0 0 0 0 0 0 0 0 0 0 0 0 0 0 0 0 0 0 0 0
 0 0 0 0 0 1 0 0 0 0 0 0 0 0 0 0 0 0 0 0 0 0 0 0 0 0 0 0 0 0 0 0 0 0 0 0 0
 0 0 0 0 0 0 0 0 0 0 0 0 0 0 0 0 0 0 0 0 0 0 0 0 0 0 0 0 0 0 0 0 0 0 0 0 0
 0 0 0 0 0 0 0 0 0 0 0 0 0 0 0 0 0 0 0 0 0 0 0 0 0 0 0 0 0 0 0 0 0 0 0 0 0
 0 0 0 0 0 0 0 0 0 0 0 0 0 0 0 0 0 0 0 0 0 0 0 0 0 0 0 0 0 0 0 0 0 0 0 0 0
 0 0 0 0 0 0 0 0 0 0 0 0 0 0 0 0 0 0 0 0 0 0 0 0 0 0 0 0 0 0 0 0 0 0 0 0 0
 0 0 0 0 0 0 0 0 0 0 0 0 0 0 0 0 0 0 0 0 0 0 0 0 0 0 0 0 0 0 0 0 0 0 0 0 0
 0 0 0 0 0 0 0 0 0 0 0 0 0 0 0 0 0 0 0 0 0 0 0 0 0 0 0 0 0 0 0 0 0 0 0 0 0
 0 0 0 0 0 0 0 0 0 0 0 0 0 0 0 0 0 0 0 0 0 0 0 0 0 0 0 0 0 1 0 0 0 0 0 0 0
 0 0 0 0 0 0 0 0 0 0 0 0 0 0 0 0 0 0 0 0 0 0 0 0 0 0 0 0 0 0 0 0 0 0 0 0 0
 0 0 0 0 0 0 0 0 0 0 0 0 0 0 0 0 0 0 0 0 0 0 0 0 0 0 0 0 0 0 0 0 0 0 0 0 0
 0 0 0 0 0 0 0 0 0 0 0 0 0 0 0 0 0 0 0 0 0 0 0 0 0 0 0 0 0 0 0 0 0 0 0 0 0
 0 0 0 0 0 0 0 0 0 0 0 0 0 0 0 0 0 0 0 0 0 0 0 0 0 0 0 0 0 0 0 0 0 0 0 0 0
 0 0 0 0 0 0 0 0 0 0 0 0 0 0 0 0 0 0 0 0 0 0 0 0 0 0 0 0 0 0 0 0 0 0 0 0 0
 0 0 0 0 0 0 0 0 0 0 0 0 0 0 0 0 0 0 0 0 0 0 0 0 0 0 0 0 0 0 0 0 0 0 0 0 0
 0 0 0 0 0 0 0 0 0 0 0 0 0 0 0 0 0 0 0 0 0 0 0 0 0 0 0 0 0 0 0 0 0 0 0 0 0
 0 0 0 0 0 0 0 0 0 0 0 0 0 0 0 0 0 0 0 0 0 0 0 0 0 0 0 0 0 0 0 0 0 0 0 0 0
 0 0 0 0 0 0 0 0 0 0 0 0 0 0 0 0 0 0 0 0 0 0 0 0 0 0 0 0 0 0 0 0 0 0 0 0 0
 0 0 0 0 0 0 0 0 0 0 0 0 0 0 0 0 0 0 0 0 0 0 0 0 0 0 0 0 0 0 0 0 0 0 0 0 0
 0 0 0 0 0 0 0 0 0 0 0 0 0 0 0 0 0 0 0 0 0 0 0 0 0 0 0 0 0 0 0 0 0 0 0 0 0
 0 0 0 0 0 0 0 0 0 0 0 0 0 0 0 0 0 0 0 0 0 0 0 0 0 0 0 0 0 0 0 0 0 0 0 0 0
 0 0]","[0.5        0.5002936  0.50058754 0.50088183 0.50117647 0.50147145
 0.50176678 0.50206246 0.50235849 0.50265487 0.50295159 0.50324867
 0.5035461  0.50384388 0.50414201 0.5044405  0.50473934 0.50503853
 0.50533808 0.50563798 0.50593824 0.50623886 0.50653983 0.50684117
 0.50714286 0.50744491 0.50774732 0.50805009 0.50835322 0.50865672
 0.50896057 0.50926479 0.50956938 0.50987433 0.51017964 0.51048532
 0.51079137 0.51109778 0.51140456 0.51171171 0.51201923 0.51232712
 0.51263538 0.51294401 0.51325301 0.51356239 0.51387214 0.51418226
 0.51449275 0.51480363 0.51511487 0.5154265  0.5157385  0.51605088
 0.51636364 0.51667677 0.51699029 0.51730419 0.51761847 0.51793313
 0.51824818 0.5185636  0.51887942 0.51919561 0.5195122  0.51982916
 0.52014652 0.52046426 0.5207824  0.52110092 0.52141983 0.52173913
 0.52205882 0.52237891 0.52269939 0.52302026 0.52334152 0.52366318
 0.52398524 0.52430769 0.52463054 0.52495379 0.52527744 0.52560148
 0.52592593 0.52625077 0.52657602 0.52690167 0.52722772 0.52755418
 0.52788104 0.52820831 0.52853598 0.52886406 0.52919255 0.52952144
 0.52985075 0.53018046 0.53051059 0.53084112 0.53117207 0.53150343
 0.53183521 0.5321674  0.5325     0.53283302 0.53316646 0.53350031
 0.53383459 0.53416928 0.53450439 0.53483992 0.53517588 0.53551226
 0.53584906 0.53618628 0.53652393 0.536862   0.5372005  0.53753943
 0.53787879 0.53821857 0.53855879 0.53889943 0.53924051 0.53958201
 0.53992395 0.54026633 0.54060914 0.54095238 0.54129606 0.54164018
 0.54198473 0.54232973 0.54267516 0.54302103 0.54336735 0.5437141
 0.5440613  0.54440895 0.54475703 0.54510557 0.54545455 0.54580397
 0.54615385 0.54650417 0.54685494 0.54720617 0.54755784 0.54790997
 0.54826255 0.54861558 0.54896907 0.54932302 0.54967742 0.55003228
 0.5503876  0.55074337 0.55109961 0.55145631 0.55181347 0.5521711
 0.55252918 0.55031073 0.55066962 0.55102897 0.55138879 0.55174908
 0.55210985 0.55247108 0.55283279 0.55319497 0.55355763 0.55392076
 0.55428437 0.55464846 0.55501303 0.55537807 0.5557436  0.55610961
 0.5564761  0.55684307 0.55721053 0.55757847 0.5579469  0.55831582
 0.55868522 0.55905512 0.5594255  0.55979638 0.56016774 0.56053961
 0.56091196 0.56128481 0.56165815 0.562032   0.56240634 0.56278118
 0.56315652 0.56353236 0.5639087  0.56428554 0.56466289 0.56504075
 0.56541911 0.56579798 0.56617735 0.56655724 0.56693763 0.56731854
 0.56769995 0.56808189 0.56846433 0.56884729 0.56923077 0.56961476
 0.56999928 0.57038431 0.57076986 0.57115594 0.57154253 0.57192965
 0.5723173  0.57270547 0.57309417 0.5734834  0.57387315 0.57426344
 0.57465425 0.57244075 0.57283262 0.57322503 0.57361798 0.57401147
 0.57440549 0.57480006 0.57256652 0.57296217 0.57335836 0.5737551
 0.57415239 0.57455022 0.57494861 0.57534756 0.57574706 0.57614711
 0.57654772 0.57694888 0.57735061 0.57775289 0.57815574 0.57855915
 0.57631025 0.5767148  0.57711992 0.57752561 0.5752543  0.57566114
 0.57606855 0.57647654 0.57688511 0.57729426 0.57770399 0.5781143
 0.57852519 0.57893667 0.57934874 0.57976139 0.58017463 0.58058846
 0.58100288 0.58141789 0.5818335  0.5795472  0.57996404 0.58038147
 0.58079951 0.58121814 0.58163738 0.58205723 0.58247768 0.58017069
 0.5805924  0.58101473 0.58143767 0.58186123 0.5822854  0.5827102
 0.58313561 0.58356164 0.58123426 0.58166159 0.58208955 0.57973734
 0.5801666  0.5805965  0.58102704 0.58145822 0.58189004 0.5823225
 0.5827556  0.58318935 0.58362374 0.58405878 0.58449447 0.58493081
 0.58536781 0.58580545 0.58624375 0.58668271 0.58712233 0.5875626
 0.58800354 0.58844514 0.5888874  0.58933032 0.58977392 0.58741145
 0.58785649 0.58830219 0.58874858 0.58919564 0.58964338 0.5900918
 0.59054091 0.58815649 0.58860708 0.58905835 0.58951032 0.58710033
 0.58755379 0.58800795 0.58846281 0.58891838 0.58937465 0.58983163
 0.59028932 0.59074773 0.59120684 0.59166667 0.59212721 0.59258847
 0.59305045 0.59062264 0.59108619 0.59155048 0.5920155  0.58956109
 0.5900277  0.59049505 0.59096314 0.59143197 0.59190155 0.59237187
 0.59284294 0.59331476 0.59378734 0.59426066 0.59473474 0.59520958
 0.59568518 0.59616154 0.59663866 0.59711654 0.59759519 0.59807461
 0.5985548  0.59903576 0.59951749 0.6        0.60048329 0.60096735
 0.6014522  0.60193783 0.60242424 0.60291144 0.60045337 0.60094238
 0.60143219 0.6019228  0.60241421 0.60290642 0.60339943 0.60389326
 0.60438789 0.60488333 0.60537959 0.60290129 0.60339943 0.60389841
 0.6043982  0.60489883 0.60540028 0.60590257 0.60640569 0.60690965
 0.60741445 0.60792009 0.60842657 0.60893389 0.60944206 0.60694682
 0.60441949 0.60493081 0.605443   0.60595606 0.60646998 0.60698478
 0.60750046 0.60801701 0.60853444 0.60905275 0.60957194 0.61009202
 0.61061299 0.61113485 0.6116576  0.61218125 0.6127058  0.61323124
 0.61375759 0.61428484 0.61174763 0.61227707 0.60970753 0.61023916
 0.61077172 0.60817044 0.60870521 0.60924092 0.60977758 0.60714512
 0.60768402 0.60822387 0.60876469 0.60930646 0.60984921 0.61039292
 0.6109376  0.61148325 0.61202988 0.60937349 0.60992246 0.61047242
 0.61102337 0.61157531 0.61212826 0.6126822  0.61323715 0.6137931
 0.61435007 0.61490804 0.61546703 0.61602704 0.61658806 0.61715011
 0.61447679 0.61504134 0.61560694 0.61617357 0.61674125 0.61730997
 0.61787975 0.61845057 0.61902246 0.6195954  0.6201694  0.62074447
 0.6213206  0.62189781 0.62247609 0.61978661 0.62036758 0.62094964
 0.62153279 0.61880954 0.61939541 0.6199824  0.61722292 0.61781266
 0.61840352 0.61899552 0.61620058 0.61679537 0.6173913  0.61798839
 0.61858664 0.61575703 0.61635812 0.61696039 0.61756384 0.61816847
 0.61877428 0.61938128 0.61651959 0.61712953 0.61774068 0.6148391
 0.61545322 0.61606856 0.61668513 0.61730294 0.61792199 0.61854229
 0.61916383 0.61623029 0.61685491 0.61748079 0.61810795 0.61873638
 0.61936609 0.61999709 0.62062937 0.62126294 0.62189781 0.62253398
 0.62317145 0.62381022 0.62445031 0.62509171 0.62573443 0.62637847
 0.62702384 0.62767055 0.62472619 0.6253763  0.62602775 0.62668057
 0.62733475 0.6279903  0.62864721 0.62930551 0.62996518 0.63062624
 0.63128869 0.63195253 0.62898463 0.62965209 0.63032097 0.62730924
 0.62798177 0.62865576 0.62933118 0.63000807 0.63068641 0.63136621
 0.63204748 0.63273022 0.63341444 0.63410014 0.63478732 0.635476
 0.63616617 0.63685784 0.63755102 0.63824571 0.63894191 0.63963964
 0.64033889 0.64103967 0.64174199 0.64244585 0.64315125 0.6438582
 0.64456671 0.64527678 0.64598842 0.64299333 0.64370924 0.64442675
 0.64514586 0.6421078  0.63901727 0.63974349 0.64047135 0.64120088
 0.63806475 0.63879873 0.63953441 0.64027177 0.64101084 0.64175162
 0.64249411 0.64323832 0.64398426 0.64081564 0.64156627 0.63834367
 0.63909902 0.63985615 0.63658099 0.63734291 0.63810665 0.63887223
 0.63963964 0.6404089  0.63708873 0.63786294 0.63863903 0.63941701
 0.63604426 0.6368273  0.63761226 0.63839915 0.639188   0.63997879
 0.64077154 0.64156627 0.64236296 0.64316163 0.6439623  0.64476496
 0.64556962 0.64637629 0.64298265 0.63952325 0.64033889 0.64115662
 0.64197644 0.64279835 0.64362238 0.64011281 0.64094255 0.64177444
 0.64260849 0.64344472 0.63987983 0.64072194 0.64156627 0.64241282
 0.64326161 0.63963964 0.63594337 0.63680201 0.63766296 0.63852625
 0.63939189 0.64025987 0.64113021 0.64200292 0.64287801 0.64375548
 0.64463536 0.64551765 0.64640235 0.64728948 0.64817905 0.64446208
 0.64535837 0.64625715 0.64715844 0.64806225 0.64896858 0.64987746
 0.64610718 0.64225482 0.64317519 0.6440982  0.64502387 0.64110016
 0.63708873 0.63802617 0.63896637 0.63487332 0.63068641 0.63163854
 0.63259355 0.63355146 0.63451227 0.635476   0.63644266 0.63741226
 0.63838483 0.63936037 0.64033889 0.64132041 0.64230495 0.64329252
 0.64428312 0.64527678 0.64106566 0.64206766 0.64307279 0.64408108
 0.64509254 0.64610718 0.64712501 0.64284494 0.63845976 0.63949192
 0.64052741 0.64156627 0.64260849 0.64365411 0.64470314 0.64024282
 0.64130114 0.64236296 0.6434283  0.64449718 0.64556962 0.64664563
 0.6421078  0.64319362 0.6385439  0.63963964 0.64073915 0.6359791
 0.63708873 0.63820225 0.63931966 0.64044099 0.64156627 0.6426955
 0.63784645 0.63286397 0.62774248 0.62889574 0.63005324 0.63121501
 0.63238108 0.63355146 0.63472618 0.63590526 0.63708873 0.63827662
 0.63946894 0.63427179 0.635476   0.63668478 0.63789818 0.6391162
 0.64033889 0.64156627 0.64279835 0.64403518 0.63874747 0.6399972
 0.64125184 0.6425114  0.64377592 0.64504543 0.64631995 0.64759952
 0.64888417 0.65017392 0.65146881 0.65276887 0.65407413 0.65538462
 0.65670037 0.65802141 0.65934778 0.66067951 0.66201662 0.66335917
 0.66470716 0.65944272 0.65401033 0.65538462 0.65676468 0.65815058
 0.65954233 0.66093998 0.66234357 0.66375314 0.66516871 0.66659034
 0.66801805 0.66251944 0.66396509 0.66541706 0.66687539 0.66834013
 0.66981132 0.671289   0.67277322 0.67426401 0.67576142 0.6772655
 0.67877629 0.67323122 0.67476241 0.67630058 0.67784578 0.67939805
 0.68095746 0.67528784 0.67686904 0.67845767 0.68005377 0.6816574
 0.68326861 0.67746927 0.67910383 0.68074631 0.68239674 0.6840552
 0.678104   0.67978723 0.67362429 0.67533291 0.67705022 0.67067976
 0.6724234  0.67417613 0.67593803 0.67770915 0.6711544  0.67295357
 0.67476241 0.676581   0.67840942 0.67165944 0.67351779 0.67538644
 0.66838749 0.67028728 0.6721979  0.66493236 0.66687539 0.66882981
 0.66127824 0.6632664  0.66526656 0.66727882 0.66930328 0.67134007
 0.67338929 0.67545107 0.6775255  0.67961272 0.68171284 0.68382597
 0.68595225 0.68809179 0.69024472 0.69241116 0.69459125 0.69678511
 0.68932039 0.69155844 0.69381107 0.69607843 0.69836066 0.70065789
 0.69297506 0.68488746 0.68726731 0.68966376 0.69207698 0.68365644
 0.67476241 0.6772655  0.66789366 0.65796125 0.66055822 0.66317577
 0.66581415 0.66847361 0.6711544  0.67385677 0.6635514  0.66631908
 0.66910995 0.65822002 0.66108007 0.66396509 0.66687539 0.66981132
 0.67277322 0.67576142 0.67877629 0.68181818 0.68488746 0.6879845
 0.67686904 0.68005377 0.68326861 0.68651399 0.68979035 0.69309813
 0.68147885 0.68488746 0.68833034 0.69180801 0.695321   0.69886985
 0.70245511 0.70607735 0.70973713 0.71343506 0.71717172 0.70543542
 0.69268293 0.69664759 0.70065789 0.70471464 0.70881864 0.71297071
 0.71717172 0.72142252 0.72572402 0.73007712 0.73448276 0.73894189
 0.7434555  0.74802458 0.75265018 0.74044032 0.74527642 0.7501761
 0.75514063 0.76017131 0.76526946 0.77043646 0.77567371 0.76344086
 0.74979691 0.75552524 0.76134177 0.76724855 0.75265018 0.75890736
 0.76526946 0.77173913 0.75605034 0.76294367 0.76996385 0.77711443
 0.78439906 0.76784427 0.77567371 0.75681011 0.76526946 0.77392006
 0.78276848 0.79182156 0.8010865  0.81057082 0.79182156 0.80225989
 0.8129771  0.82398453 0.83529412 0.81609195 0.82879377 0.84189723
 0.82028241 0.83529412 0.80865604 0.82622188 0.79182156 0.8129771
 0.76526946 0.68488746 0.71717172 0.55905512 0.60339943 0.
 0.         0.         0.         0.         1.        ]","[1.         1.         1.         1.         1.         1.
 1.         1.         1.         1.         1.         1.
 1.         1.         1.         1.         1.         1.
 1.         1.         1.         1.         1.         1.
 1.         1.         1.         1.         1.         1.
 1.         1.         1.         1.         1.         1.
 1.         1.         1.         1.         1.         1.
 1.         1.         1.         1.         1.         1.
 1.         1.         1.         1.         1.         1.
 1.         1.         1.         1.         1.         1.
 1.         1.         1.         1.         1.         1.
 1.         1.         1.         1.         1.         1.
 1.         1.         1.         1.         1.         1.
 1.         1.         1.         1.         1.         1.
 1.         1.         1.         1.         1.         1.
 1.         1.         1.         1.         1.         1.
 1.         1.         1.         1.         1.         1.
 1.         1.         1.         1.         1.         1.
 1.         1.         1.         1.         1.         1.
 1.         1.         1.         1.         1.         1.
 1.         1.         1.         1.         1.         1.
 1.         1.         1.         1.         1.         1.
 1.         1.         1.         1.         1.         1.
 1.         1.         1.         1.         1.         1.
 1.         1.         1.         1.         1.         1.
 1.         1.         1.         1.         1.         1.
 1.         1.         1.         1.         1.         1.
 1.         0.99107143 0.99107143 0.99107143 0.99107143 0.99107143
 0.99107143 0.99107143 0.99107143 0.99107143 0.99107143 0.99107143
 0.99107143 0.99107143 0.99107143 0.99107143 0.99107143 0.99107143
 0.99107143 0.99107143 0.99107143 0.99107143 0.99107143 0.99107143
 0.99107143 0.99107143 0.99107143 0.99107143 0.99107143 0.99107143
 0.99107143 0.99107143 0.99107143 0.99107143 0.99107143 0.99107143
 0.99107143 0.99107143 0.99107143 0.99107143 0.99107143 0.99107143
 0.99107143 0.99107143 0.99107143 0.99107143 0.99107143 0.99107143
 0.99107143 0.99107143 0.99107143 0.99107143 0.99107143 0.99107143
 0.99107143 0.99107143 0.99107143 0.99107143 0.99107143 0.99107143
 0.99107143 0.99107143 0.99107143 0.99107143 0.99107143 0.99107143
 0.99107143 0.98214286 0.98214286 0.98214286 0.98214286 0.98214286
 0.98214286 0.98214286 0.97321429 0.97321429 0.97321429 0.97321429
 0.97321429 0.97321429 0.97321429 0.97321429 0.97321429 0.97321429
 0.97321429 0.97321429 0.97321429 0.97321429 0.97321429 0.97321429
 0.96428571 0.96428571 0.96428571 0.96428571 0.95535714 0.95535714
 0.95535714 0.95535714 0.95535714 0.95535714 0.95535714 0.95535714
 0.95535714 0.95535714 0.95535714 0.95535714 0.95535714 0.95535714
 0.95535714 0.95535714 0.95535714 0.94642857 0.94642857 0.94642857
 0.94642857 0.94642857 0.94642857 0.94642857 0.94642857 0.9375
 0.9375     0.9375     0.9375     0.9375     0.9375     0.9375
 0.9375     0.9375     0.92857143 0.92857143 0.92857143 0.91964286
 0.91964286 0.91964286 0.91964286 0.91964286 0.91964286 0.91964286
 0.91964286 0.91964286 0.91964286 0.91964286 0.91964286 0.91964286
 0.91964286 0.91964286 0.91964286 0.91964286 0.91964286 0.91964286
 0.91964286 0.91964286 0.91964286 0.91964286 0.91964286 0.91071429
 0.91071429 0.91071429 0.91071429 0.91071429 0.91071429 0.91071429
 0.91071429 0.90178571 0.90178571 0.90178571 0.90178571 0.89285714
 0.89285714 0.89285714 0.89285714 0.89285714 0.89285714 0.89285714
 0.89285714 0.89285714 0.89285714 0.89285714 0.89285714 0.89285714
 0.89285714 0.88392857 0.88392857 0.88392857 0.88392857 0.875
 0.875      0.875      0.875      0.875      0.875      0.875
 0.875      0.875      0.875      0.875      0.875      0.875
 0.875      0.875      0.875      0.875      0.875      0.875
 0.875      0.875      0.875      0.875      0.875      0.875
 0.875      0.875      0.875      0.875      0.86607143 0.86607143
 0.86607143 0.86607143 0.86607143 0.86607143 0.86607143 0.86607143
 0.86607143 0.86607143 0.86607143 0.85714286 0.85714286 0.85714286
 0.85714286 0.85714286 0.85714286 0.85714286 0.85714286 0.85714286
 0.85714286 0.85714286 0.85714286 0.85714286 0.85714286 0.84821429
 0.83928571 0.83928571 0.83928571 0.83928571 0.83928571 0.83928571
 0.83928571 0.83928571 0.83928571 0.83928571 0.83928571 0.83928571
 0.83928571 0.83928571 0.83928571 0.83928571 0.83928571 0.83928571
 0.83928571 0.83928571 0.83035714 0.83035714 0.82142857 0.82142857
 0.82142857 0.8125     0.8125     0.8125     0.8125     0.80357143
 0.80357143 0.80357143 0.80357143 0.80357143 0.80357143 0.80357143
 0.80357143 0.80357143 0.80357143 0.79464286 0.79464286 0.79464286
 0.79464286 0.79464286 0.79464286 0.79464286 0.79464286 0.79464286
 0.79464286 0.79464286 0.79464286 0.79464286 0.79464286 0.79464286
 0.78571429 0.78571429 0.78571429 0.78571429 0.78571429 0.78571429
 0.78571429 0.78571429 0.78571429 0.78571429 0.78571429 0.78571429
 0.78571429 0.78571429 0.78571429 0.77678571 0.77678571 0.77678571
 0.77678571 0.76785714 0.76785714 0.76785714 0.75892857 0.75892857
 0.75892857 0.75892857 0.75       0.75       0.75       0.75
 0.75       0.74107143 0.74107143 0.74107143 0.74107143 0.74107143
 0.74107143 0.74107143 0.73214286 0.73214286 0.73214286 0.72321429
 0.72321429 0.72321429 0.72321429 0.72321429 0.72321429 0.72321429
 0.72321429 0.71428571 0.71428571 0.71428571 0.71428571 0.71428571
 0.71428571 0.71428571 0.71428571 0.71428571 0.71428571 0.71428571
 0.71428571 0.71428571 0.71428571 0.71428571 0.71428571 0.71428571
 0.71428571 0.71428571 0.70535714 0.70535714 0.70535714 0.70535714
 0.70535714 0.70535714 0.70535714 0.70535714 0.70535714 0.70535714
 0.70535714 0.70535714 0.69642857 0.69642857 0.69642857 0.6875
 0.6875     0.6875     0.6875     0.6875     0.6875     0.6875
 0.6875     0.6875     0.6875     0.6875     0.6875     0.6875
 0.6875     0.6875     0.6875     0.6875     0.6875     0.6875
 0.6875     0.6875     0.6875     0.6875     0.6875     0.6875
 0.6875     0.6875     0.6875     0.67857143 0.67857143 0.67857143
 0.67857143 0.66964286 0.66071429 0.66071429 0.66071429 0.66071429
 0.65178571 0.65178571 0.65178571 0.65178571 0.65178571 0.65178571
 0.65178571 0.65178571 0.65178571 0.64285714 0.64285714 0.63392857
 0.63392857 0.63392857 0.625      0.625      0.625      0.625
 0.625      0.625      0.61607143 0.61607143 0.61607143 0.61607143
 0.60714286 0.60714286 0.60714286 0.60714286 0.60714286 0.60714286
 0.60714286 0.60714286 0.60714286 0.60714286 0.60714286 0.60714286
 0.60714286 0.60714286 0.59821429 0.58928571 0.58928571 0.58928571
 0.58928571 0.58928571 0.58928571 0.58035714 0.58035714 0.58035714
 0.58035714 0.58035714 0.57142857 0.57142857 0.57142857 0.57142857
 0.57142857 0.5625     0.55357143 0.55357143 0.55357143 0.55357143
 0.55357143 0.55357143 0.55357143 0.55357143 0.55357143 0.55357143
 0.55357143 0.55357143 0.55357143 0.55357143 0.55357143 0.54464286
 0.54464286 0.54464286 0.54464286 0.54464286 0.54464286 0.54464286
 0.53571429 0.52678571 0.52678571 0.52678571 0.52678571 0.51785714
 0.50892857 0.50892857 0.50892857 0.5        0.49107143 0.49107143
 0.49107143 0.49107143 0.49107143 0.49107143 0.49107143 0.49107143
 0.49107143 0.49107143 0.49107143 0.49107143 0.49107143 0.49107143
 0.49107143 0.49107143 0.48214286 0.48214286 0.48214286 0.48214286
 0.48214286 0.48214286 0.48214286 0.47321429 0.46428571 0.46428571
 0.46428571 0.46428571 0.46428571 0.46428571 0.46428571 0.45535714
 0.45535714 0.45535714 0.45535714 0.45535714 0.45535714 0.45535714
 0.44642857 0.44642857 0.4375     0.4375     0.4375     0.42857143
 0.42857143 0.42857143 0.42857143 0.42857143 0.42857143 0.42857143
 0.41964286 0.41071429 0.40178571 0.40178571 0.40178571 0.40178571
 0.40178571 0.40178571 0.40178571 0.40178571 0.40178571 0.40178571
 0.40178571 0.39285714 0.39285714 0.39285714 0.39285714 0.39285714
 0.39285714 0.39285714 0.39285714 0.39285714 0.38392857 0.38392857
 0.38392857 0.38392857 0.38392857 0.38392857 0.38392857 0.38392857
 0.38392857 0.38392857 0.38392857 0.38392857 0.38392857 0.38392857
 0.38392857 0.38392857 0.38392857 0.38392857 0.38392857 0.38392857
 0.38392857 0.375      0.36607143 0.36607143 0.36607143 0.36607143
 0.36607143 0.36607143 0.36607143 0.36607143 0.36607143 0.36607143
 0.36607143 0.35714286 0.35714286 0.35714286 0.35714286 0.35714286
 0.35714286 0.35714286 0.35714286 0.35714286 0.35714286 0.35714286
 0.35714286 0.34821429 0.34821429 0.34821429 0.34821429 0.34821429
 0.34821429 0.33928571 0.33928571 0.33928571 0.33928571 0.33928571
 0.33928571 0.33035714 0.33035714 0.33035714 0.33035714 0.33035714
 0.32142857 0.32142857 0.3125     0.3125     0.3125     0.30357143
 0.30357143 0.30357143 0.30357143 0.30357143 0.29464286 0.29464286
 0.29464286 0.29464286 0.29464286 0.28571429 0.28571429 0.28571429
 0.27678571 0.27678571 0.27678571 0.26785714 0.26785714 0.26785714
 0.25892857 0.25892857 0.25892857 0.25892857 0.25892857 0.25892857
 0.25892857 0.25892857 0.25892857 0.25892857 0.25892857 0.25892857
 0.25892857 0.25892857 0.25892857 0.25892857 0.25892857 0.25892857
 0.25       0.25       0.25       0.25       0.25       0.25
 0.24107143 0.23214286 0.23214286 0.23214286 0.23214286 0.22321429
 0.21428571 0.21428571 0.20535714 0.19642857 0.19642857 0.19642857
 0.19642857 0.19642857 0.19642857 0.19642857 0.1875     0.1875
 0.1875     0.17857143 0.17857143 0.17857143 0.17857143 0.17857143
 0.17857143 0.17857143 0.17857143 0.17857143 0.17857143 0.17857143
 0.16964286 0.16964286 0.16964286 0.16964286 0.16964286 0.16964286
 0.16071429 0.16071429 0.16071429 0.16071429 0.16071429 0.16071429
 0.16071429 0.16071429 0.16071429 0.16071429 0.16071429 0.15178571
 0.14285714 0.14285714 0.14285714 0.14285714 0.14285714 0.14285714
 0.14285714 0.14285714 0.14285714 0.14285714 0.14285714 0.14285714
 0.14285714 0.14285714 0.14285714 0.13392857 0.13392857 0.13392857
 0.13392857 0.13392857 0.13392857 0.13392857 0.13392857 0.125
 0.11607143 0.11607143 0.11607143 0.11607143 0.10714286 0.10714286
 0.10714286 0.10714286 0.09821429 0.09821429 0.09821429 0.09821429
 0.09821429 0.08928571 0.08928571 0.08035714 0.08035714 0.08035714
 0.08035714 0.08035714 0.08035714 0.08035714 0.07142857 0.07142857
 0.07142857 0.07142857 0.07142857 0.0625     0.0625     0.0625
 0.05357143 0.05357143 0.04464286 0.04464286 0.03571429 0.03571429
 0.02678571 0.01785714 0.01785714 0.00892857 0.00892857 0.
 0.         0.         0.         0.         0.        ]","[2.15150248e-08 2.15898036e-08 2.21409934e-08 2.28306845e-08
 2.30949743e-08 2.34145035e-08 2.52426691e-08 2.53047308e-08
 2.56873506e-08 2.58048428e-08 2.66122631e-08 2.68104283e-08
 2.71900817e-08 2.74532481e-08 2.75376225e-08 2.84639605e-08
 2.87084126e-08 2.87515762e-08 2.90306164e-08 2.91486908e-08
 3.04606174e-08 3.10840108e-08 3.11150189e-08 3.11208949e-08
 3.15643913e-08 3.17990269e-08 3.19913766e-08 3.20255196e-08
 3.32979427e-08 3.34222272e-08 3.39985181e-08 3.47056433e-08
 3.48184785e-08 3.54701747e-08 3.56033385e-08 3.64229627e-08
 3.64492719e-08 3.66979063e-08 3.72453877e-08 3.75027488e-08
 3.80733106e-08 3.85967634e-08 3.88402204e-08 3.95939580e-08
 3.99052061e-08 4.10424659e-08 4.16086115e-08 4.16476796e-08
 4.16875582e-08 4.17704580e-08 4.36066819e-08 4.38627038e-08
 4.39714941e-08 4.43328705e-08 4.58074136e-08 4.58198515e-08
 4.69086748e-08 4.73852776e-08 4.79587390e-08 4.86455331e-08
 4.95531437e-08 5.08972500e-08 5.14363459e-08 5.17155342e-08
 5.24042266e-08 5.30921676e-08 5.38662398e-08 5.42253043e-08
 5.46561585e-08 5.51553145e-08 5.52614729e-08 5.53425566e-08
 5.59335684e-08 5.67362125e-08 5.75458107e-08 5.82887756e-08
 5.90628502e-08 6.00100205e-08 6.18507803e-08 6.20785822e-08
 6.43474585e-08 6.45744406e-08 6.48375557e-08 6.65579199e-08
 6.70671706e-08 6.74150464e-08 7.16823147e-08 7.30982514e-08
 7.48730228e-08 7.56852474e-08 7.60300990e-08 7.79476317e-08
 7.84675398e-08 7.87330241e-08 7.87427495e-08 7.96555394e-08
 8.32064860e-08 8.59995654e-08 8.61498271e-08 8.79740615e-08
 8.90913791e-08 8.97026887e-08 9.10185927e-08 9.10508537e-08
 9.12964434e-08 9.17093127e-08 9.32128010e-08 9.39912773e-08
 9.43097630e-08 9.49211777e-08 9.58009154e-08 9.58685424e-08
 1.04056517e-07 1.04925535e-07 1.07746688e-07 1.07817912e-07
 1.08942440e-07 1.10453459e-07 1.10870998e-07 1.11417256e-07
 1.11993661e-07 1.14057774e-07 1.15258856e-07 1.15456967e-07
 1.15841204e-07 1.16641350e-07 1.16820360e-07 1.16878239e-07
 1.18670882e-07 1.27823949e-07 1.29624965e-07 1.30019337e-07
 1.30416444e-07 1.33988099e-07 1.34452712e-07 1.36786421e-07
 1.38282879e-07 1.39290723e-07 1.43426623e-07 1.43512723e-07
 1.46637986e-07 1.56096980e-07 1.57659769e-07 1.61192225e-07
 1.62721924e-07 1.63328164e-07 1.63917232e-07 1.65942936e-07
 1.66182698e-07 1.74713899e-07 1.77802618e-07 1.78373984e-07
 1.85121144e-07 1.86971047e-07 1.89115859e-07 1.90923478e-07
 1.90972541e-07 1.91326142e-07 1.91430217e-07 1.94795408e-07
 2.04098675e-07 2.05278730e-07 2.12961013e-07 2.16383156e-07
 2.24889718e-07 2.42953682e-07 2.51239968e-07 2.54324675e-07
 2.54607999e-07 2.55553414e-07 2.58546644e-07 2.62890554e-07
 2.74878789e-07 2.77252265e-07 2.85085378e-07 2.88150747e-07
 2.90514501e-07 3.04263648e-07 3.29303424e-07 3.61789249e-07
 3.76005251e-07 3.77770139e-07 3.80440760e-07 3.99656404e-07
 4.23927795e-07 4.32814118e-07 4.72703760e-07 4.98627575e-07
 5.02408849e-07 5.02700176e-07 5.07769448e-07 5.43101341e-07
 5.65886939e-07 5.99506085e-07 6.04154352e-07 6.29467711e-07
 6.73410408e-07 6.90998152e-07 6.95843629e-07 7.12002032e-07
 7.68094114e-07 7.68407306e-07 8.01214566e-07 8.26796605e-07
 8.50040164e-07 8.57832548e-07 8.66830081e-07 8.86655911e-07
 8.99234329e-07 9.16070703e-07 9.39823540e-07 9.67200320e-07
 9.93286581e-07 9.97915466e-07 1.02444800e-06 1.03983685e-06
 1.07883364e-06 1.14397303e-06 1.14454563e-06 1.22018341e-06
 1.33503037e-06 1.34715887e-06 1.37087603e-06 1.38071847e-06
 1.41980811e-06 1.45848289e-06 1.49758825e-06 1.50948356e-06
 1.53637287e-06 1.61857850e-06 1.64596679e-06 1.72591750e-06
 1.74332466e-06 1.78430323e-06 1.89585889e-06 1.92943103e-06
 1.96138103e-06 2.00853601e-06 2.06121491e-06 2.07896490e-06
 2.14159730e-06 2.31932959e-06 2.32636903e-06 2.35550134e-06
 2.51451995e-06 2.52570983e-06 2.59723371e-06 2.71860063e-06
 2.77224335e-06 2.99357395e-06 3.04086886e-06 3.10734196e-06
 3.32069267e-06 3.34343013e-06 3.39155590e-06 3.54916074e-06
 3.79215486e-06 3.99861923e-06 4.02627581e-06 4.14565232e-06
 4.27256963e-06 4.52512683e-06 4.61176904e-06 4.68862784e-06
 4.83108990e-06 4.90844223e-06 4.95213642e-06 4.99639834e-06
 5.05100881e-06 5.13894972e-06 5.34305797e-06 5.47000756e-06
 5.67430911e-06 5.99305385e-06 6.12688428e-06 6.93598744e-06
 7.20349323e-06 7.37751026e-06 7.40629020e-06 7.81143795e-06
 8.10385554e-06 8.39188692e-06 8.55327812e-06 8.65112305e-06
 8.79215205e-06 8.83350112e-06 8.86666798e-06 8.89713859e-06
 9.04236237e-06 9.87875085e-06 1.03622437e-05 1.09088301e-05
 1.10720853e-05 1.17747646e-05 1.18342998e-05 1.18556407e-05
 1.20966838e-05 1.22122873e-05 1.24271403e-05 1.25679405e-05
 1.25938489e-05 1.28701037e-05 1.28705882e-05 1.29444219e-05
 1.31811584e-05 1.32002466e-05 1.32012480e-05 1.33199307e-05
 1.37991101e-05 1.51186080e-05 1.51250478e-05 1.53135368e-05
 1.56154034e-05 1.58997590e-05 1.59024919e-05 1.64728896e-05
 1.64797527e-05 1.65132986e-05 1.66568393e-05 1.70274678e-05
 1.70503807e-05 1.74437875e-05 1.74744220e-05 1.75188770e-05
 1.79038239e-05 1.82501935e-05 1.86926349e-05 1.88178623e-05
 1.89021895e-05 1.89423266e-05 1.90828603e-05 1.93624856e-05
 1.94634434e-05 1.96683165e-05 1.98186472e-05 1.99268696e-05
 2.05698624e-05 2.06075938e-05 2.07426088e-05 2.12541820e-05
 2.15626762e-05 2.18115452e-05 2.22107371e-05 2.22606686e-05
 2.23618110e-05 2.26270816e-05 2.30307275e-05 2.34290967e-05
 2.34587127e-05 2.38869389e-05 2.41591402e-05 2.48330982e-05
 2.49008404e-05 2.53341123e-05 2.53536725e-05 2.56065342e-05
 2.56951137e-05 2.60915363e-05 2.61174348e-05 2.61417523e-05
 2.63455099e-05 2.67355197e-05 2.67929300e-05 2.75538822e-05
 2.76570165e-05 2.78094939e-05 2.80041651e-05 2.88939487e-05
 2.92435799e-05 2.92804809e-05 3.06885066e-05 3.24450239e-05
 3.27354607e-05 3.29389604e-05 3.31585415e-05 3.31805664e-05
 3.32519446e-05 3.36309884e-05 3.39024235e-05 3.43480070e-05
 3.50124429e-05 3.55860684e-05 3.60935243e-05 3.65036536e-05
 3.65061713e-05 3.66750212e-05 3.67352109e-05 3.71061644e-05
 3.74508434e-05 3.77475603e-05 3.81577975e-05 3.82491754e-05
 3.85084456e-05 3.96287762e-05 3.97221948e-05 3.99304630e-05
 4.09026217e-05 4.09132684e-05 4.15185997e-05 4.21548875e-05
 4.25399148e-05 4.44750057e-05 4.44841322e-05 4.47896498e-05
 4.52549135e-05 4.53028897e-05 4.55062205e-05 4.56217851e-05
 4.60781008e-05 4.61675694e-05 4.77643552e-05 4.87799607e-05
 5.00874353e-05 5.00999986e-05 5.02874060e-05 5.06855063e-05
 5.11558235e-05 5.11958739e-05 5.28526964e-05 5.30956564e-05
 5.43010163e-05 5.49482639e-05 5.73666907e-05 5.76605990e-05
 5.80082847e-05 5.80969348e-05 5.83410007e-05 5.84340527e-05
 5.89952029e-05 6.06760396e-05 6.17023643e-05 6.25187895e-05
 6.34309588e-05 6.40476546e-05 6.41523287e-05 6.58438539e-05
 6.58639537e-05 6.74902824e-05 6.85396650e-05 6.93144846e-05
 6.97540303e-05 7.12370638e-05 7.12488759e-05 7.15517809e-05
 7.35527207e-05 7.45475843e-05 7.60021275e-05 7.60408516e-05
 7.80699720e-05 7.83478288e-05 7.83665879e-05 7.90394143e-05
 8.04759555e-05 8.25090705e-05 8.27192407e-05 8.31292476e-05
 8.38160958e-05 8.75690264e-05 8.76031320e-05 8.89430748e-05
 8.97767572e-05 9.05861866e-05 9.12185883e-05 9.14712139e-05
 9.26266640e-05 9.29144964e-05 9.35743747e-05 9.36135838e-05
 9.51954057e-05 9.56947800e-05 9.63297704e-05 9.85943435e-05
 9.87892481e-05 1.01745710e-04 1.01927196e-04 1.06440966e-04
 1.11123302e-04 1.12928410e-04 1.13790228e-04 1.16970518e-04
 1.18303261e-04 1.20621553e-04 1.21362163e-04 1.21908569e-04
 1.23269731e-04 1.23388838e-04 1.24587780e-04 1.26518807e-04
 1.26570362e-04 1.28435257e-04 1.28636666e-04 1.29133079e-04
 1.29136548e-04 1.30025685e-04 1.30145003e-04 1.31007467e-04
 1.31056234e-04 1.31307279e-04 1.35322906e-04 1.35618337e-04
 1.36012973e-04 1.36592074e-04 1.37373796e-04 1.41412171e-04
 1.41740158e-04 1.42571896e-04 1.42991867e-04 1.46109440e-04
 1.58551464e-04 1.58600657e-04 1.58753453e-04 1.60482924e-04
 1.61001059e-04 1.62548519e-04 1.64082472e-04 1.66900648e-04
 1.67473742e-04 1.70425039e-04 1.73758030e-04 1.75972192e-04
 1.77827257e-04 1.81287432e-04 1.81363238e-04 1.82240628e-04
 1.82657460e-04 1.85751854e-04 1.86940903e-04 1.87216496e-04
 1.91408748e-04 1.93845821e-04 1.99072384e-04 2.05741178e-04
 2.06359694e-04 2.06609179e-04 2.12085775e-04 2.17714726e-04
 2.20911466e-04 2.20941314e-04 2.21318766e-04 2.28734014e-04
 2.29135633e-04 2.32172293e-04 2.37913975e-04 2.40304490e-04
 2.40554834e-04 2.45368513e-04 2.47043188e-04 2.47203753e-04
 2.47415534e-04 2.48112519e-04 2.50969920e-04 2.52367421e-04
 2.54990789e-04 2.57106475e-04 2.70034010e-04 2.71028607e-04
 2.72237448e-04 2.76413615e-04 2.76625733e-04 2.76842916e-04
 2.80439843e-04 2.82465936e-04 2.88118438e-04 2.91944790e-04
 2.98545808e-04 2.99301273e-04 2.99309081e-04 3.02652762e-04
 3.04272166e-04 3.05787984e-04 3.09794496e-04 3.19569347e-04
 3.24329011e-04 3.25144458e-04 3.32111450e-04 3.33695995e-04
 3.38407417e-04 3.40755667e-04 3.46317327e-04 3.47097163e-04
 3.51327041e-04 3.54434631e-04 3.59309977e-04 3.65521662e-04
 3.67283858e-04 3.68890142e-04 3.69721933e-04 3.81343554e-04
 3.83844986e-04 3.85085008e-04 3.85690405e-04 3.92491320e-04
 3.92828458e-04 3.93645581e-04 3.96694291e-04 4.03080524e-04
 4.13722070e-04 4.14969110e-04 4.19292663e-04 4.25907147e-04
 4.28128675e-04 4.28567444e-04 4.31265561e-04 4.33371122e-04
 4.34827057e-04 4.38474687e-04 4.42636714e-04 4.43060270e-04
 4.44796442e-04 4.51048020e-04 4.53637178e-04 4.56047647e-04
 4.58568817e-04 4.59694464e-04 4.69397611e-04 4.76263663e-04
 4.77812234e-04 4.84351954e-04 4.90346954e-04 4.96757203e-04
 4.97729306e-04 5.09401096e-04 5.11460740e-04 5.27645892e-04
 5.31154115e-04 5.39846462e-04 5.50951958e-04 5.55821283e-04
 5.56708272e-04 5.64223763e-04 5.79152351e-04 5.79508471e-04
 5.98969167e-04 6.02445984e-04 6.05706054e-04 6.07746205e-04
 6.12688999e-04 6.19917155e-04 6.29861414e-04 6.36354801e-04
 6.44259555e-04 6.48589913e-04 6.49835500e-04 6.51210952e-04
 6.58742515e-04 6.65479034e-04 6.83157666e-04 6.87487263e-04
 6.91592324e-04 7.09330954e-04 7.16253470e-04 7.23985049e-04
 7.47416054e-04 7.86184864e-04 7.95737227e-04 8.12682960e-04
 8.23806149e-04 8.23982794e-04 8.28783451e-04 8.34415397e-04
 8.35594397e-04 8.40535628e-04 8.40689557e-04 8.83286454e-04
 8.86565705e-04 9.17893478e-04 9.19719392e-04 9.37954167e-04
 9.43672583e-04 9.45204673e-04 9.55026779e-04 9.57461675e-04
 9.73015022e-04 9.82729587e-04 9.89108919e-04 9.99919412e-04
 1.00109469e-03 1.00568290e-03 1.00678674e-03 1.01466961e-03
 1.01699254e-03 1.05975226e-03 1.06695920e-03 1.07709794e-03
 1.07823892e-03 1.08508288e-03 1.10987846e-03 1.11570293e-03
 1.11918872e-03 1.13860778e-03 1.16110068e-03 1.16482591e-03
 1.19511571e-03 1.19859670e-03 1.20246450e-03 1.22078333e-03
 1.22155474e-03 1.26502274e-03 1.26915165e-03 1.27430712e-03
 1.28773196e-03 1.32553926e-03 1.33687831e-03 1.35759977e-03
 1.36524511e-03 1.39082972e-03 1.40121435e-03 1.41525712e-03
 1.43374495e-03 1.44767568e-03 1.44837738e-03 1.46041238e-03
 1.46450999e-03 1.46545700e-03 1.47244580e-03 1.50755877e-03
 1.50968123e-03 1.53326279e-03 1.54917343e-03 1.55859056e-03
 1.57074630e-03 1.59678216e-03 1.61283664e-03 1.62733539e-03
 1.62964966e-03 1.65472732e-03 1.75387304e-03 1.75442860e-03
 1.76163752e-03 1.78541336e-03 1.78681943e-03 1.84887070e-03
 1.86195073e-03 1.92560447e-03 1.95134926e-03 1.99460079e-03
 1.99959146e-03 2.00727076e-03 2.02226365e-03 2.17803637e-03
 2.18095034e-03 2.20257613e-03 2.21377016e-03 2.22189243e-03
 2.23314870e-03 2.31211714e-03 2.35846214e-03 2.44099040e-03
 2.45848982e-03 2.47084952e-03 2.48378873e-03 2.54276252e-03
 2.57925649e-03 2.62314394e-03 2.64525766e-03 2.70106557e-03
 2.71701573e-03 2.72217924e-03 2.74897185e-03 2.75140925e-03
 2.75830587e-03 2.77253407e-03 2.89379759e-03 2.93794187e-03
 2.94969742e-03 2.96958473e-03 3.07503530e-03 3.08561037e-03
 3.16062955e-03 3.25611614e-03 3.27996425e-03 3.29859478e-03
 3.30866553e-03 3.30969243e-03 3.33795167e-03 3.38191005e-03
 3.47998741e-03 3.49541094e-03 3.50009876e-03 3.53588914e-03
 3.56000741e-03 3.85315216e-03 3.92242257e-03 3.92800438e-03
 3.97161706e-03 4.01998011e-03 4.13284489e-03 4.15620743e-03
 4.16206082e-03 4.18170718e-03 4.19892095e-03 4.20535392e-03
 4.23507710e-03 4.31671383e-03 4.49927839e-03 4.52393793e-03
 4.55436074e-03 4.58567660e-03 4.77032106e-03 4.86665212e-03
 4.91203189e-03 4.97320846e-03 5.02479280e-03 5.02502886e-03
 5.13097288e-03 5.14030994e-03 5.14366633e-03 5.17382838e-03
 5.21466989e-03 5.25147639e-03 5.32059813e-03 5.32300787e-03
 5.37368464e-03 5.41612206e-03 5.55118875e-03 5.62641308e-03
 5.68221084e-03 5.70833242e-03 5.71925597e-03 5.76150550e-03
 5.85793415e-03 5.88532871e-03 5.91999988e-03 6.05242936e-03
 6.07239834e-03 6.14480505e-03 6.22571752e-03 6.44459579e-03
 6.54139793e-03 6.68520635e-03 6.73271801e-03 6.75604194e-03
 6.78845579e-03 7.14641039e-03 7.22833807e-03 7.26666986e-03
 7.40112192e-03 7.42785502e-03 7.43476895e-03 7.46052595e-03
 7.57590469e-03 7.61973028e-03 7.75612297e-03 7.79372762e-03
 7.79748140e-03 7.94427227e-03 7.99351039e-03 8.01210820e-03
 8.32656290e-03 8.36888073e-03 8.83742560e-03 8.91287477e-03
 9.22261898e-03 9.22866574e-03 9.25260810e-03 9.28652577e-03
 9.70649585e-03 1.00819034e-02 1.08697183e-02 1.14968223e-02
 1.21275472e-02 1.22438762e-02 1.27282193e-02 1.30602213e-02
 1.34129058e-02 1.36410022e-02 1.41771892e-02 1.48073076e-02
 1.49270818e-02 1.49863768e-02 1.52066059e-02 1.54660400e-02
 1.56239821e-02 1.80256110e-02 1.86209057e-02 1.88490882e-02
 2.00286069e-02 2.10606960e-02 2.18364094e-02 2.19827506e-02
 2.23155275e-02 2.26367946e-02 2.31309312e-02 2.36027036e-02
 2.39397980e-02 2.43353537e-02 2.44912556e-02 2.46285944e-02
 2.49393528e-02 2.50872289e-02 2.51911917e-02 2.52289216e-02
 2.53319408e-02 2.57474414e-02 2.61578022e-02 2.64387494e-02
 3.09372105e-02 3.13243091e-02 3.19260006e-02 3.30521946e-02
 3.49354172e-02 3.58421219e-02 3.61590817e-02 3.66959639e-02
 3.73757503e-02 3.73802493e-02 3.89090486e-02 4.15136236e-02
 4.17299361e-02 4.18106465e-02 4.41411401e-02 4.42555315e-02
 4.47222276e-02 4.48450561e-02 4.67906331e-02 4.77977778e-02
 4.94013444e-02 5.10667899e-02 5.27420201e-02 5.29002521e-02
 5.87166779e-02 6.08291726e-02 6.12300458e-02 6.16060371e-02
 6.16993697e-02 6.88825025e-02 6.99791982e-02 7.69398080e-02
 7.75172379e-02 7.93093902e-02 8.06419306e-02 8.11958152e-02
 8.40402386e-02 8.40731573e-02 8.55044654e-02 8.95647461e-02
 8.96641308e-02 9.87112888e-02 1.01614142e-01 1.02280611e-01
 1.12754826e-01 1.13316866e-01 1.16189136e-01 1.18692642e-01
 1.32968218e-01 1.40224352e-01 1.57451869e-01 1.68898464e-01
 2.07499013e-01 2.17810752e-01 2.17874517e-01 2.38126683e-01
 2.56501102e-01 2.92190392e-01 3.19023112e-01 3.37200404e-01
 3.64857417e-01 3.65987976e-01 3.95800761e-01 4.09377807e-01
 4.37724656e-01 7.11110149e-01 8.87609607e-01 8.95639910e-01]"
Hyperledger,is_change_text_num_words_20,NN,[],0.8018672199170125,"[[760  92]
 [ 99  13]]","              precision    recall  f1-score   support

           0       0.88      0.89      0.89       852
           1       0.12      0.12      0.12       112

    accuracy                           0.80       964
   macro avg       0.50      0.50      0.50       964
weighted avg       0.80      0.80      0.80       964
",0.12538660229574333,0.12986367879949462,0.4975373071763918,"[0 0 0 1 0 0 0 0 1 0 0 0 0 0 1 1 0 0 0 0 0 0 0 0 0 0 0 0 0 0 0 0 0 0 0 0 0
 0 0 0 0 0 0 0 0 0 0 0 0 0 0 0 0 0 0 0 0 0 0 0 0 0 0 0 0 0 0 0 0 1 0 0 0 0
 1 1 0 1 0 0 0 1 0 0 0 1 0 0 0 0 0 0 0 1 1 0 0 0 0 0 0 0 0 0 1 0 1 0 0 0 0
 0 0 0 0 0 0 0 0 0 0 0 0 0 1 0 0 0 0 0 0 0 0 0 0 0 0 0 0 0 0 0 0 0 0 0 0 0
 0 0 0 0 0 0 0 0 0 0 0 0 0 0 0 0 0 0 0 0 0 0 1 0 0 0 1 0 0 0 0 0 0 0 0 0 0
 0 1 0 0 0 0 0 0 0 0 0 0 0 0 0 0 0 0 0 0 0 0 1 0 0 0 0 1 0 0 0 0 0 1 0 0 0
 0 0 0 0 0 0 0 0 0 0 0 1 0 0 0 0 1 0 0 0 0 0 0 0 0 0 0 0 1 0 1 0 0 0 0 0 0
 0 0 1 0 0 0 0 0 0 0 0 0 0 0 0 0 0 0 0 1 0 0 1 0 0 0 0 0 0 0 0 0 0 0 1 0 0
 0 1 0 0 0 0 1 0 0 0 0 0 0 0 0 0 0 0 0 1 0 0 0 0 0 0 0 0 0 0 1 0 0 0 0 0 0
 1 0 0 0 0 0 0 0 1 1 0 0 1 0 0 0 0 0 0 0 0 1 0 0 0 0 0 0 0 1 0 0 0 0 0 0 0
 0 0 0 0 0 0 0 0 0 0 0 0 0 0 0 0 1 0 1 0 0 0 0 0 0 0 0 0 0 0 0 0 0 0 0 0 0
 1 1 0 0 0 0 0 0 0 1 0 0 0 0 0 1 0 0 1 0 0 0 0 0 0 0 0 0 0 0 0 0 0 0 0 1 0
 0 0 0 0 1 1 1 1 0 0 0 0 0 0 0 0 0 1 0 0 0 0 0 0 0 0 0 0 0 0 0 1 0 0 0 0 1
 0 0 0 0 0 1 0 0 0 0 0 0 1 1 0 1 0 0 0 0 0 0 0 0 0 0 1 0 0 0 0 0 0 0 0 0 1
 0 0 0 0 0 0 0 0 0 0 0 1 1 0 0 0 0 0 0 0 1 0 0 0 0 0 1 0 0 1 0 0 1 0 0 0 1
 0 0 0 0 1 0 0 0 0 0 0 0 0 0 0 0 1 0 0 0 0 1 1 0 0 0 0 0 0 0 0 0 0 0 0 0 0
 0 0 0 0 0 0 0 0 0 0 0 0 0 0 0 0 0 0 1 1 1 0 0 0 0 0 0 0 0 1 0 1 1 0 0 1 0
 0 1 0 0 0 0 0 0 1 0 0 0 1 0 0 0 0 0 0 0 0 0 1 0 0 0 0 0 0 0 0 0 0 0 0 0 0
 0 0 0 0 0 0 0 0 0 0 0 0 0 0 0 0 0 0 0 1 0 0 1 0 0 0 0 1 0 0 0 0 0 0 0 0 0
 0 0 1 0 0 0 0 0 0 0 0 0 0 0 0 0 0 1 0 1 0 0 0 0 0 0 0 0 0 0 0 0 0 0 0 0 0
 0 0 0 0 0 0 0 0 0 0 0 0 0 0 0 0 0 1 0 0 0 0 0 0 0 0 0 0 0 1 0 0 0 0 0 0 0
 1 0 0 0 0 0 0 0 0 0 0 0 0 0 1 0 0 0 1 0 0 0 0 0 0 0 0 0 0 0 0 0 1 0 0 0 0
 0 1 1 0 0 0 0 0 0 0 0 0 0 0 0 0 0 0 0 0 0 0 0 0 0 0 0 0 0 0 0 0 1 0 0 0 0
 0 0 0 0 0 0 0 0 0 0 0 0 0 0 1 1 0 0 0 0 0 0 0 0 0 0 0 0 0 0 0 0 0 0 0 0 0
 0 0 0 0 0 0 0 1 0 0 0 0 0 0 0 0 0 0 0 0 0 1 0 1 0 0 0 0 0 0 0 0 0 0 0 0 0
 0 0 1 0 0 0 0 1 0 0 0 0 0 0 0 0 0 0 0 0 0 0 0 1 0 0 0 0 0 0 0 0 0 0 0 0 0
 0 0]","[0.11618257 0.1152648  0.11434511 0.1144641  0.11458333 0.11366006
 0.11377871 0.1138976  0.11401674 0.11413613 0.11320755 0.11332634
 0.11239496 0.11251314 0.11263158 0.11275026 0.1128692  0.11298838
 0.11310782 0.11322751 0.11334746 0.11346766 0.11358811 0.11370882
 0.11382979 0.11395101 0.11407249 0.11419424 0.11324786 0.11336898
 0.11349036 0.113612   0.11373391 0.11385607 0.11290323 0.11302476
 0.11314655 0.11326861 0.11339093 0.11351351 0.11255411 0.11159263
 0.11171367 0.11183496 0.11195652 0.11207835 0.11220044 0.11232279
 0.11244541 0.11147541 0.11159737 0.11171961 0.11184211 0.11086718
 0.11098901 0.11111111 0.11123348 0.11135612 0.11147903 0.11160221
 0.11061947 0.11074197 0.11086475 0.11098779 0.11111111 0.11123471
 0.11135857 0.11148272 0.11160714 0.11173184 0.11185682 0.11086226
 0.11098655 0.11111111 0.11011236 0.11023622 0.11036036 0.11048478
 0.11060948 0.11073446 0.11085973 0.11098528 0.11111111 0.11123723
 0.11136364 0.11149033 0.11161731 0.11174458 0.11187215 0.11085714
 0.11098398 0.11111111 0.11123853 0.11136625 0.11149425 0.11162255
 0.11175115 0.11188005 0.11200924 0.11213873 0.11226852 0.11239861
 0.112529   0.1126597  0.1127907  0.112922   0.11305361 0.11201867
 0.11098131 0.11111111 0.11124122 0.11137163 0.11150235 0.11163337
 0.11176471 0.11189635 0.1120283  0.11097993 0.11111111 0.1112426
 0.11018957 0.11032028 0.11045131 0.11058264 0.11071429 0.11084625
 0.11097852 0.11111111 0.11124402 0.11137725 0.11151079 0.11164466
 0.11177885 0.11191336 0.11204819 0.11218335 0.11231884 0.11245466
 0.1125908  0.11151515 0.11165049 0.11178615 0.11192214 0.11205847
 0.11219512 0.11233211 0.11246944 0.11138311 0.11029412 0.11042945
 0.11056511 0.10947109 0.10960591 0.10974106 0.10987654 0.11001236
 0.11014851 0.10904585 0.10918114 0.10931677 0.10945274 0.10958904
 0.10972569 0.10986267 0.11       0.11013767 0.11027569 0.11041405
 0.11055276 0.11069182 0.11083123 0.110971   0.11111111 0.11125158
 0.11139241 0.11153359 0.11167513 0.11181703 0.11068702 0.11082803
 0.11096939 0.11111111 0.1112532  0.11139565 0.11153846 0.11168164
 0.11182519 0.11196911 0.1121134  0.11225806 0.11111111 0.11125485
 0.11139896 0.11154345 0.11168831 0.11183355 0.11197917 0.11212516
 0.11227154 0.1124183  0.11125654 0.11140236 0.11154856 0.11169514
 0.11184211 0.11067194 0.11081794 0.11096433 0.11111111 0.11125828
 0.11140584 0.11155378 0.11037234 0.11051931 0.11066667 0.11081442
 0.11096257 0.11111111 0.11126005 0.1114094  0.11155914 0.11170929
 0.11185984 0.1120108  0.11216216 0.11231394 0.11246612 0.11261872
 0.11141304 0.11020408 0.11035422 0.11050477 0.11065574 0.11080711
 0.1109589  0.11111111 0.11126374 0.11141678 0.11157025 0.11172414
 0.11049724 0.11065007 0.11080332 0.10957004 0.10972222 0.10987483
 0.11002786 0.11018131 0.1103352  0.11048951 0.11064426 0.11079944
 0.10955056 0.10970464 0.10985915 0.1100141  0.11016949 0.11032532
 0.11048159 0.1106383  0.11079545 0.11095306 0.11111111 0.11126961
 0.11142857 0.11158798 0.11174785 0.11190818 0.11206897 0.11223022
 0.11239193 0.11255411 0.11271676 0.11143271 0.1115942  0.11175617
 0.1119186  0.11208151 0.1122449  0.11240876 0.1125731  0.11273792
 0.11290323 0.11306902 0.11323529 0.11192931 0.1120944  0.11225997
 0.11242604 0.11259259 0.11275964 0.11292719 0.11309524 0.11326379
 0.11343284 0.11360239 0.11227545 0.11244378 0.11261261 0.11278195
 0.11295181 0.11312217 0.11329305 0.11346445 0.11363636 0.1138088
 0.11398176 0.11415525 0.11432927 0.11450382 0.1146789  0.11485452
 0.11503067 0.11520737 0.11538462 0.1155624  0.11574074 0.11437403
 0.11455108 0.11472868 0.11490683 0.11508554 0.1152648  0.11544462
 0.115625   0.114241   0.11442006 0.11459969 0.11477987 0.11496063
 0.11514196 0.11532385 0.11550633 0.11568938 0.11587302 0.11605723
 0.11624204 0.11642743 0.11661342 0.1168     0.11698718 0.11717496
 0.11736334 0.11755233 0.11774194 0.11793215 0.11812298 0.11831442
 0.11850649 0.11869919 0.11889251 0.11908646 0.11928105 0.11947627
 0.11967213 0.11986864 0.11842105 0.11861614 0.11881188 0.11900826
 0.1192053  0.11940299 0.11960133 0.11980033 0.12       0.12020033
 0.12040134 0.12060302 0.12080537 0.1210084  0.12121212 0.12141653
 0.12162162 0.12182741 0.1220339  0.12224109 0.12244898 0.12265758
 0.12286689 0.12307692 0.12328767 0.12349914 0.12371134 0.12392427
 0.12413793 0.12435233 0.12456747 0.12305026 0.12326389 0.12347826
 0.12369338 0.12390925 0.12412587 0.12259194 0.12280702 0.12302285
 0.12323944 0.12345679 0.12367491 0.12389381 0.12411348 0.12433393
 0.12455516 0.12477718 0.125      0.12522361 0.12544803 0.12567325
 0.12589928 0.12612613 0.12635379 0.12658228 0.12681159 0.12704174
 0.12727273 0.12750455 0.12773723 0.12797075 0.12820513 0.1266055
 0.12683824 0.12707182 0.12730627 0.12569316 0.12592593 0.12615955
 0.12639405 0.12662942 0.12686567 0.1271028  0.12734082 0.12757974
 0.12781955 0.12617702 0.12641509 0.12665406 0.12689394 0.12713472
 0.12737643 0.12761905 0.1278626  0.12810707 0.12835249 0.12859885
 0.12884615 0.12909441 0.12934363 0.12959381 0.12984496 0.13009709
 0.13035019 0.13060429 0.13085938 0.13111546 0.13137255 0.13163065
 0.13188976 0.13017751 0.1284585  0.12871287 0.12896825 0.12922465
 0.12948207 0.12974052 0.13       0.13026052 0.13052209 0.12877264
 0.12903226 0.12727273 0.12753036 0.12778905 0.12804878 0.12830957
 0.12857143 0.12883436 0.12909836 0.12731006 0.1255144  0.1257732
 0.12396694 0.1242236  0.12448133 0.12266112 0.12291667 0.12317328
 0.12133891 0.12159329 0.12184874 0.12210526 0.12236287 0.12262156
 0.12288136 0.12314225 0.12340426 0.12366738 0.12393162 0.124197
 0.12446352 0.12473118 0.125      0.12526998 0.12554113 0.12581345
 0.12608696 0.12636166 0.12445415 0.12472648 0.12280702 0.12307692
 0.12334802 0.12362031 0.12389381 0.12195122 0.12222222 0.12026726
 0.12053571 0.12080537 0.12107623 0.12134831 0.11936937 0.11963883
 0.1199095  0.12018141 0.12045455 0.12072893 0.12100457 0.12128146
 0.12155963 0.12183908 0.12211982 0.12240185 0.12268519 0.12296984
 0.12325581 0.12354312 0.12383178 0.12177986 0.11971831 0.11764706
 0.11792453 0.11820331 0.11848341 0.11876485 0.11904762 0.11933174
 0.11961722 0.11990408 0.12019231 0.12048193 0.12077295 0.12106538
 0.12135922 0.1216545  0.12195122 0.12224939 0.12009804 0.12039312
 0.12068966 0.12098765 0.12128713 0.12158809 0.12189055 0.12219451
 0.1225     0.12280702 0.12060302 0.11838791 0.11868687 0.11898734
 0.11928934 0.11959288 0.11989796 0.1202046  0.11794872 0.11825193
 0.1185567  0.11886305 0.11658031 0.11688312 0.1171875  0.11488251
 0.11518325 0.11548556 0.11578947 0.11609499 0.11375661 0.11405836
 0.1143617  0.11466667 0.11497326 0.11260054 0.11290323 0.11320755
 0.11351351 0.11382114 0.11413043 0.11444142 0.1147541  0.11506849
 0.11538462 0.11294766 0.11325967 0.11080332 0.11111111 0.1086351
 0.10893855 0.1092437  0.10955056 0.10985915 0.11016949 0.11048159
 0.11079545 0.11111111 0.11142857 0.11174785 0.11206897 0.11239193
 0.11271676 0.11304348 0.11337209 0.11370262 0.11403509 0.1143695
 0.11470588 0.11504425 0.11538462 0.115727   0.11607143 0.11641791
 0.11676647 0.11711712 0.11746988 0.11782477 0.11818182 0.11854103
 0.11890244 0.11926606 0.1196319  0.12       0.12037037 0.12074303
 0.12111801 0.12149533 0.11875    0.11912226 0.11949686 0.11987382
 0.12025316 0.12063492 0.12101911 0.12140575 0.12179487 0.11897106
 0.11935484 0.1197411  0.11688312 0.11726384 0.11764706 0.11803279
 0.11842105 0.11881188 0.1192053  0.11960133 0.12       0.12040134
 0.12080537 0.12121212 0.12162162 0.1220339  0.11904762 0.11945392
 0.11986301 0.12027491 0.12068966 0.12110727 0.12152778 0.12195122
 0.12237762 0.12280702 0.12323944 0.12014134 0.12056738 0.12099644
 0.12142857 0.1218638  0.12230216 0.12274368 0.12318841 0.12
 0.12043796 0.12087912 0.11764706 0.11808118 0.11481481 0.11524164
 0.1119403  0.10861423 0.10902256 0.10943396 0.10984848 0.11026616
 0.11068702 0.11111111 0.11153846 0.11196911 0.10852713 0.10894942
 0.109375   0.10980392 0.10629921 0.10671937 0.10714286 0.10756972
 0.108      0.10843373 0.10483871 0.10526316 0.10569106 0.10204082
 0.09836066 0.09465021 0.09090909 0.09128631 0.09166667 0.09205021
 0.09243697 0.092827   0.09322034 0.09361702 0.09401709 0.0944206
 0.09482759 0.0952381  0.09565217 0.09606987 0.09649123 0.0969163
 0.09734513 0.09777778 0.09821429 0.09865471 0.0990991  0.09954751
 0.1        0.10045662 0.10091743 0.10138249 0.10185185 0.10232558
 0.10280374 0.10328638 0.10377358 0.1042654  0.1047619  0.10526316
 0.10576923 0.10628019 0.10679612 0.10731707 0.10784314 0.10837438
 0.10891089 0.10945274 0.11       0.11055276 0.11111111 0.11167513
 0.1122449  0.11282051 0.11340206 0.10880829 0.109375   0.10994764
 0.11052632 0.11111111 0.11170213 0.11229947 0.11290323 0.11351351
 0.11413043 0.1147541  0.11538462 0.1160221  0.11666667 0.11731844
 0.11797753 0.11864407 0.11931818 0.12       0.12068966 0.12138728
 0.11627907 0.11695906 0.11764706 0.1183432  0.11904762 0.11976048
 0.12048193 0.12121212 0.12195122 0.12269939 0.12345679 0.11801242
 0.11875    0.11949686 0.12025316 0.12101911 0.12179487 0.12258065
 0.12337662 0.12418301 0.11842105 0.1192053  0.12       0.12080537
 0.12162162 0.12244898 0.12328767 0.12413793 0.125      0.12587413
 0.11971831 0.12056738 0.12142857 0.12230216 0.12318841 0.12408759
 0.125      0.12592593 0.12686567 0.12781955 0.12878788 0.1221374
 0.12307692 0.12403101 0.125      0.12598425 0.11904762 0.12
 0.11290323 0.11382114 0.1147541  0.11570248 0.11666667 0.11764706
 0.11864407 0.11965812 0.12068966 0.12173913 0.12280702 0.12389381
 0.125      0.12612613 0.11818182 0.11926606 0.12037037 0.12149533
 0.12264151 0.12380952 0.125      0.12621359 0.12745098 0.11881188
 0.12       0.12121212 0.1122449  0.11340206 0.11458333 0.11578947
 0.11702128 0.11827957 0.11956522 0.10989011 0.1        0.1011236
 0.10227273 0.10344828 0.10465116 0.10588235 0.10714286 0.10843373
 0.1097561  0.11111111 0.1125     0.11392405 0.11538462 0.11688312
 0.11842105 0.12       0.12162162 0.12328767 0.125      0.12676056
 0.12857143 0.13043478 0.13235294 0.13432836 0.13636364 0.13846154
 0.140625   0.14285714 0.14516129 0.14754098 0.15       0.15254237
 0.15517241 0.15789474 0.16071429 0.16363636 0.16666667 0.16981132
 0.17307692 0.17647059 0.18       0.18367347 0.1875     0.19148936
 0.19565217 0.2        0.20454545 0.18604651 0.19047619 0.17073171
 0.175      0.17948718 0.18421053 0.18918919 0.19444444 0.2
 0.20588235 0.21212121 0.21875    0.22580645 0.23333333 0.20689655
 0.21428571 0.22222222 0.23076923 0.24       0.25       0.26086957
 0.27272727 0.23809524 0.25       0.21052632 0.16666667 0.17647059
 0.1875     0.2        0.21428571 0.23076923 0.25       0.27272727
 0.3        0.33333333 0.375      0.42857143 0.33333333 0.2
 0.25       0.33333333 0.         0.         1.        ]","[1.         0.99107143 0.98214286 0.98214286 0.98214286 0.97321429
 0.97321429 0.97321429 0.97321429 0.97321429 0.96428571 0.96428571
 0.95535714 0.95535714 0.95535714 0.95535714 0.95535714 0.95535714
 0.95535714 0.95535714 0.95535714 0.95535714 0.95535714 0.95535714
 0.95535714 0.95535714 0.95535714 0.95535714 0.94642857 0.94642857
 0.94642857 0.94642857 0.94642857 0.94642857 0.9375     0.9375
 0.9375     0.9375     0.9375     0.9375     0.92857143 0.91964286
 0.91964286 0.91964286 0.91964286 0.91964286 0.91964286 0.91964286
 0.91964286 0.91071429 0.91071429 0.91071429 0.91071429 0.90178571
 0.90178571 0.90178571 0.90178571 0.90178571 0.90178571 0.90178571
 0.89285714 0.89285714 0.89285714 0.89285714 0.89285714 0.89285714
 0.89285714 0.89285714 0.89285714 0.89285714 0.89285714 0.88392857
 0.88392857 0.88392857 0.875      0.875      0.875      0.875
 0.875      0.875      0.875      0.875      0.875      0.875
 0.875      0.875      0.875      0.875      0.875      0.86607143
 0.86607143 0.86607143 0.86607143 0.86607143 0.86607143 0.86607143
 0.86607143 0.86607143 0.86607143 0.86607143 0.86607143 0.86607143
 0.86607143 0.86607143 0.86607143 0.86607143 0.86607143 0.85714286
 0.84821429 0.84821429 0.84821429 0.84821429 0.84821429 0.84821429
 0.84821429 0.84821429 0.84821429 0.83928571 0.83928571 0.83928571
 0.83035714 0.83035714 0.83035714 0.83035714 0.83035714 0.83035714
 0.83035714 0.83035714 0.83035714 0.83035714 0.83035714 0.83035714
 0.83035714 0.83035714 0.83035714 0.83035714 0.83035714 0.83035714
 0.83035714 0.82142857 0.82142857 0.82142857 0.82142857 0.82142857
 0.82142857 0.82142857 0.82142857 0.8125     0.80357143 0.80357143
 0.80357143 0.79464286 0.79464286 0.79464286 0.79464286 0.79464286
 0.79464286 0.78571429 0.78571429 0.78571429 0.78571429 0.78571429
 0.78571429 0.78571429 0.78571429 0.78571429 0.78571429 0.78571429
 0.78571429 0.78571429 0.78571429 0.78571429 0.78571429 0.78571429
 0.78571429 0.78571429 0.78571429 0.78571429 0.77678571 0.77678571
 0.77678571 0.77678571 0.77678571 0.77678571 0.77678571 0.77678571
 0.77678571 0.77678571 0.77678571 0.77678571 0.76785714 0.76785714
 0.76785714 0.76785714 0.76785714 0.76785714 0.76785714 0.76785714
 0.76785714 0.76785714 0.75892857 0.75892857 0.75892857 0.75892857
 0.75892857 0.75       0.75       0.75       0.75       0.75
 0.75       0.75       0.74107143 0.74107143 0.74107143 0.74107143
 0.74107143 0.74107143 0.74107143 0.74107143 0.74107143 0.74107143
 0.74107143 0.74107143 0.74107143 0.74107143 0.74107143 0.74107143
 0.73214286 0.72321429 0.72321429 0.72321429 0.72321429 0.72321429
 0.72321429 0.72321429 0.72321429 0.72321429 0.72321429 0.72321429
 0.71428571 0.71428571 0.71428571 0.70535714 0.70535714 0.70535714
 0.70535714 0.70535714 0.70535714 0.70535714 0.70535714 0.70535714
 0.69642857 0.69642857 0.69642857 0.69642857 0.69642857 0.69642857
 0.69642857 0.69642857 0.69642857 0.69642857 0.69642857 0.69642857
 0.69642857 0.69642857 0.69642857 0.69642857 0.69642857 0.69642857
 0.69642857 0.69642857 0.69642857 0.6875     0.6875     0.6875
 0.6875     0.6875     0.6875     0.6875     0.6875     0.6875
 0.6875     0.6875     0.6875     0.67857143 0.67857143 0.67857143
 0.67857143 0.67857143 0.67857143 0.67857143 0.67857143 0.67857143
 0.67857143 0.67857143 0.66964286 0.66964286 0.66964286 0.66964286
 0.66964286 0.66964286 0.66964286 0.66964286 0.66964286 0.66964286
 0.66964286 0.66964286 0.66964286 0.66964286 0.66964286 0.66964286
 0.66964286 0.66964286 0.66964286 0.66964286 0.66964286 0.66071429
 0.66071429 0.66071429 0.66071429 0.66071429 0.66071429 0.66071429
 0.66071429 0.65178571 0.65178571 0.65178571 0.65178571 0.65178571
 0.65178571 0.65178571 0.65178571 0.65178571 0.65178571 0.65178571
 0.65178571 0.65178571 0.65178571 0.65178571 0.65178571 0.65178571
 0.65178571 0.65178571 0.65178571 0.65178571 0.65178571 0.65178571
 0.65178571 0.65178571 0.65178571 0.65178571 0.65178571 0.65178571
 0.65178571 0.65178571 0.64285714 0.64285714 0.64285714 0.64285714
 0.64285714 0.64285714 0.64285714 0.64285714 0.64285714 0.64285714
 0.64285714 0.64285714 0.64285714 0.64285714 0.64285714 0.64285714
 0.64285714 0.64285714 0.64285714 0.64285714 0.64285714 0.64285714
 0.64285714 0.64285714 0.64285714 0.64285714 0.64285714 0.64285714
 0.64285714 0.64285714 0.64285714 0.63392857 0.63392857 0.63392857
 0.63392857 0.63392857 0.63392857 0.625      0.625      0.625
 0.625      0.625      0.625      0.625      0.625      0.625
 0.625      0.625      0.625      0.625      0.625      0.625
 0.625      0.625      0.625      0.625      0.625      0.625
 0.625      0.625      0.625      0.625      0.625      0.61607143
 0.61607143 0.61607143 0.61607143 0.60714286 0.60714286 0.60714286
 0.60714286 0.60714286 0.60714286 0.60714286 0.60714286 0.60714286
 0.60714286 0.59821429 0.59821429 0.59821429 0.59821429 0.59821429
 0.59821429 0.59821429 0.59821429 0.59821429 0.59821429 0.59821429
 0.59821429 0.59821429 0.59821429 0.59821429 0.59821429 0.59821429
 0.59821429 0.59821429 0.59821429 0.59821429 0.59821429 0.59821429
 0.59821429 0.58928571 0.58035714 0.58035714 0.58035714 0.58035714
 0.58035714 0.58035714 0.58035714 0.58035714 0.58035714 0.57142857
 0.57142857 0.5625     0.5625     0.5625     0.5625     0.5625
 0.5625     0.5625     0.5625     0.55357143 0.54464286 0.54464286
 0.53571429 0.53571429 0.53571429 0.52678571 0.52678571 0.52678571
 0.51785714 0.51785714 0.51785714 0.51785714 0.51785714 0.51785714
 0.51785714 0.51785714 0.51785714 0.51785714 0.51785714 0.51785714
 0.51785714 0.51785714 0.51785714 0.51785714 0.51785714 0.51785714
 0.51785714 0.51785714 0.50892857 0.50892857 0.5        0.5
 0.5        0.5        0.5        0.49107143 0.49107143 0.48214286
 0.48214286 0.48214286 0.48214286 0.48214286 0.47321429 0.47321429
 0.47321429 0.47321429 0.47321429 0.47321429 0.47321429 0.47321429
 0.47321429 0.47321429 0.47321429 0.47321429 0.47321429 0.47321429
 0.47321429 0.47321429 0.47321429 0.46428571 0.45535714 0.44642857
 0.44642857 0.44642857 0.44642857 0.44642857 0.44642857 0.44642857
 0.44642857 0.44642857 0.44642857 0.44642857 0.44642857 0.44642857
 0.44642857 0.44642857 0.44642857 0.44642857 0.4375     0.4375
 0.4375     0.4375     0.4375     0.4375     0.4375     0.4375
 0.4375     0.4375     0.42857143 0.41964286 0.41964286 0.41964286
 0.41964286 0.41964286 0.41964286 0.41964286 0.41071429 0.41071429
 0.41071429 0.41071429 0.40178571 0.40178571 0.40178571 0.39285714
 0.39285714 0.39285714 0.39285714 0.39285714 0.38392857 0.38392857
 0.38392857 0.38392857 0.38392857 0.375      0.375      0.375
 0.375      0.375      0.375      0.375      0.375      0.375
 0.375      0.36607143 0.36607143 0.35714286 0.35714286 0.34821429
 0.34821429 0.34821429 0.34821429 0.34821429 0.34821429 0.34821429
 0.34821429 0.34821429 0.34821429 0.34821429 0.34821429 0.34821429
 0.34821429 0.34821429 0.34821429 0.34821429 0.34821429 0.34821429
 0.34821429 0.34821429 0.34821429 0.34821429 0.34821429 0.34821429
 0.34821429 0.34821429 0.34821429 0.34821429 0.34821429 0.34821429
 0.34821429 0.34821429 0.34821429 0.34821429 0.34821429 0.34821429
 0.34821429 0.34821429 0.33928571 0.33928571 0.33928571 0.33928571
 0.33928571 0.33928571 0.33928571 0.33928571 0.33928571 0.33035714
 0.33035714 0.33035714 0.32142857 0.32142857 0.32142857 0.32142857
 0.32142857 0.32142857 0.32142857 0.32142857 0.32142857 0.32142857
 0.32142857 0.32142857 0.32142857 0.32142857 0.3125     0.3125
 0.3125     0.3125     0.3125     0.3125     0.3125     0.3125
 0.3125     0.3125     0.3125     0.30357143 0.30357143 0.30357143
 0.30357143 0.30357143 0.30357143 0.30357143 0.30357143 0.29464286
 0.29464286 0.29464286 0.28571429 0.28571429 0.27678571 0.27678571
 0.26785714 0.25892857 0.25892857 0.25892857 0.25892857 0.25892857
 0.25892857 0.25892857 0.25892857 0.25892857 0.25       0.25
 0.25       0.25       0.24107143 0.24107143 0.24107143 0.24107143
 0.24107143 0.24107143 0.23214286 0.23214286 0.23214286 0.22321429
 0.21428571 0.20535714 0.19642857 0.19642857 0.19642857 0.19642857
 0.19642857 0.19642857 0.19642857 0.19642857 0.19642857 0.19642857
 0.19642857 0.19642857 0.19642857 0.19642857 0.19642857 0.19642857
 0.19642857 0.19642857 0.19642857 0.19642857 0.19642857 0.19642857
 0.19642857 0.19642857 0.19642857 0.19642857 0.19642857 0.19642857
 0.19642857 0.19642857 0.19642857 0.19642857 0.19642857 0.19642857
 0.19642857 0.19642857 0.19642857 0.19642857 0.19642857 0.19642857
 0.19642857 0.19642857 0.19642857 0.19642857 0.19642857 0.19642857
 0.19642857 0.19642857 0.19642857 0.1875     0.1875     0.1875
 0.1875     0.1875     0.1875     0.1875     0.1875     0.1875
 0.1875     0.1875     0.1875     0.1875     0.1875     0.1875
 0.1875     0.1875     0.1875     0.1875     0.1875     0.1875
 0.17857143 0.17857143 0.17857143 0.17857143 0.17857143 0.17857143
 0.17857143 0.17857143 0.17857143 0.17857143 0.17857143 0.16964286
 0.16964286 0.16964286 0.16964286 0.16964286 0.16964286 0.16964286
 0.16964286 0.16964286 0.16071429 0.16071429 0.16071429 0.16071429
 0.16071429 0.16071429 0.16071429 0.16071429 0.16071429 0.16071429
 0.15178571 0.15178571 0.15178571 0.15178571 0.15178571 0.15178571
 0.15178571 0.15178571 0.15178571 0.15178571 0.15178571 0.14285714
 0.14285714 0.14285714 0.14285714 0.14285714 0.13392857 0.13392857
 0.125      0.125      0.125      0.125      0.125      0.125
 0.125      0.125      0.125      0.125      0.125      0.125
 0.125      0.125      0.11607143 0.11607143 0.11607143 0.11607143
 0.11607143 0.11607143 0.11607143 0.11607143 0.11607143 0.10714286
 0.10714286 0.10714286 0.09821429 0.09821429 0.09821429 0.09821429
 0.09821429 0.09821429 0.09821429 0.08928571 0.08035714 0.08035714
 0.08035714 0.08035714 0.08035714 0.08035714 0.08035714 0.08035714
 0.08035714 0.08035714 0.08035714 0.08035714 0.08035714 0.08035714
 0.08035714 0.08035714 0.08035714 0.08035714 0.08035714 0.08035714
 0.08035714 0.08035714 0.08035714 0.08035714 0.08035714 0.08035714
 0.08035714 0.08035714 0.08035714 0.08035714 0.08035714 0.08035714
 0.08035714 0.08035714 0.08035714 0.08035714 0.08035714 0.08035714
 0.08035714 0.08035714 0.08035714 0.08035714 0.08035714 0.08035714
 0.08035714 0.08035714 0.08035714 0.07142857 0.07142857 0.0625
 0.0625     0.0625     0.0625     0.0625     0.0625     0.0625
 0.0625     0.0625     0.0625     0.0625     0.0625     0.05357143
 0.05357143 0.05357143 0.05357143 0.05357143 0.05357143 0.05357143
 0.05357143 0.04464286 0.04464286 0.03571429 0.02678571 0.02678571
 0.02678571 0.02678571 0.02678571 0.02678571 0.02678571 0.02678571
 0.02678571 0.02678571 0.02678571 0.02678571 0.01785714 0.00892857
 0.00892857 0.00892857 0.         0.         0.        ]","[4.18285112e-19 4.75643032e-19 1.87286440e-17 1.23274101e-16
 3.06528725e-16 5.46067926e-16 2.10593355e-15 5.37703315e-15
 5.45348417e-15 1.07061124e-14 2.38527077e-14 3.04252847e-14
 5.65277792e-14 1.16038056e-13 1.41770328e-13 1.70830200e-13
 1.94595386e-13 2.59735993e-13 2.83100835e-13 4.40041764e-13
 5.50485901e-13 6.70492632e-13 8.96365124e-13 9.07749532e-13
 1.13594983e-12 1.29717010e-12 1.32988069e-12 1.43025418e-12
 1.89841238e-12 2.17576975e-12 2.18979549e-12 2.29678561e-12
 2.47600491e-12 2.58412393e-12 2.88873852e-12 2.95911942e-12
 3.64011141e-12 4.42271820e-12 6.64937132e-12 7.06337468e-12
 7.12407183e-12 7.53880579e-12 7.76193446e-12 7.86728863e-12
 8.00215354e-12 1.01384760e-11 1.03868700e-11 1.23942688e-11
 1.31091717e-11 1.33704471e-11 1.47279943e-11 1.63262141e-11
 1.95979159e-11 2.00519882e-11 2.03274535e-11 2.05275218e-11
 2.05991437e-11 2.09365083e-11 2.18729471e-11 2.48343080e-11
 2.84418401e-11 2.98014350e-11 3.00983271e-11 3.22156955e-11
 3.56266387e-11 3.60718195e-11 3.69143079e-11 3.73130328e-11
 4.12778428e-11 5.11738648e-11 5.46169595e-11 5.80483494e-11
 6.05249691e-11 6.13999869e-11 6.16282454e-11 6.48101871e-11
 6.54116508e-11 7.16143310e-11 8.25223753e-11 9.13621025e-11
 9.93640539e-11 1.03094273e-10 1.03743084e-10 1.05892536e-10
 1.08540413e-10 1.36676106e-10 1.39551989e-10 1.39621414e-10
 1.44528995e-10 1.57943073e-10 1.67245274e-10 1.70649065e-10
 1.89744005e-10 2.04346930e-10 2.20053890e-10 2.34547794e-10
 2.42629248e-10 2.47033207e-10 2.55613371e-10 2.58755101e-10
 2.63380777e-10 2.70150659e-10 2.84757812e-10 2.85871731e-10
 3.06516676e-10 3.14983322e-10 3.36280130e-10 3.49065853e-10
 3.57864203e-10 3.69956580e-10 4.17044421e-10 4.20316273e-10
 4.28867477e-10 4.46208017e-10 4.49746870e-10 4.91205033e-10
 4.93402324e-10 5.03604446e-10 5.51460191e-10 5.63469096e-10
 5.91836872e-10 6.43730224e-10 6.63825374e-10 7.24158763e-10
 7.38884573e-10 7.67143503e-10 8.20810614e-10 8.22604517e-10
 8.71286392e-10 9.91692810e-10 1.03628064e-09 1.08868938e-09
 1.12009711e-09 1.13193632e-09 1.17402214e-09 1.18905030e-09
 1.20767150e-09 1.21762282e-09 1.23465264e-09 1.24436943e-09
 1.28897522e-09 1.31007395e-09 1.31241464e-09 1.36097429e-09
 1.36425267e-09 1.37160696e-09 1.40717847e-09 1.42739810e-09
 1.43376790e-09 1.47160522e-09 1.47274118e-09 1.53466584e-09
 1.54206615e-09 1.57638516e-09 1.68670478e-09 1.69285607e-09
 1.73308808e-09 1.75094382e-09 1.77234129e-09 1.83810500e-09
 1.88679105e-09 1.89452368e-09 1.92845594e-09 2.04035587e-09
 2.20248553e-09 2.29412270e-09 2.31494267e-09 2.52278562e-09
 2.57208355e-09 2.59741979e-09 2.68272663e-09 2.92267359e-09
 3.06696951e-09 3.14464698e-09 3.22343483e-09 3.30284733e-09
 3.33002472e-09 3.48651551e-09 3.49526392e-09 3.85641726e-09
 4.03704252e-09 4.42696984e-09 4.84491793e-09 4.97088158e-09
 5.00859262e-09 5.10092164e-09 5.47609350e-09 5.82987081e-09
 6.09208708e-09 6.39643298e-09 6.41439108e-09 6.42551063e-09
 6.44782516e-09 6.53755023e-09 6.62812966e-09 6.86815752e-09
 7.22559894e-09 7.45135921e-09 7.71331903e-09 7.85701883e-09
 8.20041497e-09 8.58598950e-09 8.80971878e-09 9.21254843e-09
 9.23251170e-09 9.51267135e-09 9.83396606e-09 9.91958760e-09
 9.92876174e-09 1.05062741e-08 1.08055413e-08 1.17300825e-08
 1.28682376e-08 1.29029419e-08 1.29569956e-08 1.30198597e-08
 1.32130083e-08 1.36374579e-08 1.42512616e-08 1.47562634e-08
 1.48033801e-08 1.48089155e-08 1.63517514e-08 1.70820320e-08
 1.88217903e-08 1.97727314e-08 2.10650585e-08 2.12088692e-08
 2.12162186e-08 2.28733984e-08 2.31984578e-08 2.43141439e-08
 2.54142360e-08 2.64318881e-08 2.80726603e-08 2.86734448e-08
 2.91051402e-08 3.00265826e-08 3.12908280e-08 3.21847847e-08
 3.49332536e-08 3.61225692e-08 3.82743664e-08 3.87642030e-08
 4.12717622e-08 4.15286563e-08 4.29636767e-08 4.45659589e-08
 4.56070219e-08 4.68038955e-08 4.68321855e-08 4.83401063e-08
 4.96544901e-08 5.12647622e-08 5.43584159e-08 5.45399220e-08
 5.45704488e-08 5.49870253e-08 5.54557093e-08 6.42473835e-08
 6.64531846e-08 6.91573884e-08 7.32340317e-08 7.41556031e-08
 7.89825722e-08 8.04006562e-08 8.29246398e-08 8.82666202e-08
 8.86474382e-08 9.44750069e-08 1.02393784e-07 1.08466032e-07
 1.12071628e-07 1.23544529e-07 1.28964220e-07 1.31151074e-07
 1.33696154e-07 1.37565990e-07 1.40596677e-07 1.41605350e-07
 1.42312528e-07 1.48457714e-07 1.53800677e-07 1.53904464e-07
 1.56784465e-07 1.59327880e-07 1.59526076e-07 1.64846238e-07
 1.75418575e-07 1.76440482e-07 1.76962326e-07 1.77445528e-07
 1.80470328e-07 1.80554958e-07 1.86644989e-07 1.91719486e-07
 1.93061350e-07 2.07745075e-07 2.22069717e-07 2.24384876e-07
 2.44867154e-07 2.46753036e-07 2.50053824e-07 2.54756018e-07
 2.58357110e-07 2.66352063e-07 2.72643524e-07 2.96506106e-07
 3.00391131e-07 3.01415202e-07 3.01447417e-07 3.25565337e-07
 3.28701230e-07 3.38059649e-07 3.39826370e-07 3.43992746e-07
 3.57318011e-07 3.75203423e-07 3.89116893e-07 3.90617240e-07
 3.93878514e-07 3.97929126e-07 4.27042169e-07 4.29047975e-07
 4.37305894e-07 4.55390843e-07 4.65678868e-07 4.68587729e-07
 4.71315463e-07 4.96105571e-07 5.13837473e-07 5.18852400e-07
 5.30248888e-07 5.99673455e-07 6.06466213e-07 6.54767757e-07
 6.58494549e-07 6.92583556e-07 7.13574077e-07 7.31113300e-07
 7.57235570e-07 8.07948608e-07 8.57140795e-07 8.64339697e-07
 9.67235119e-07 1.00742300e-06 1.01239286e-06 1.01351736e-06
 1.03999359e-06 1.05582848e-06 1.09873914e-06 1.12832186e-06
 1.15047106e-06 1.15405006e-06 1.15541507e-06 1.20519438e-06
 1.20834851e-06 1.26288502e-06 1.27550915e-06 1.28661429e-06
 1.35201665e-06 1.41761868e-06 1.42471428e-06 1.50818434e-06
 1.51206332e-06 1.55823823e-06 1.59423179e-06 1.59781411e-06
 1.65822466e-06 1.69857861e-06 1.70972940e-06 1.77253138e-06
 1.82632974e-06 2.00773147e-06 2.09137435e-06 2.14151592e-06
 2.24818728e-06 2.26446609e-06 2.32442238e-06 2.32835030e-06
 2.33802778e-06 2.47468874e-06 2.50960440e-06 2.51335408e-06
 2.63162181e-06 2.66430484e-06 2.68822024e-06 2.71948923e-06
 2.82422485e-06 2.85905054e-06 2.87603484e-06 3.04763017e-06
 3.20081716e-06 3.30783949e-06 3.31068360e-06 3.39116167e-06
 3.41680831e-06 3.61666260e-06 3.73767459e-06 3.90880255e-06
 4.00795800e-06 4.16133201e-06 4.21168237e-06 4.34632266e-06
 4.75466620e-06 4.75670107e-06 5.05406393e-06 5.05648902e-06
 5.08201644e-06 5.34151846e-06 5.40351686e-06 5.57644308e-06
 5.75271131e-06 5.78076370e-06 5.86331033e-06 5.91632973e-06
 6.46087748e-06 6.54994553e-06 6.97052369e-06 6.99718044e-06
 7.02258957e-06 7.06978215e-06 7.13615365e-06 7.14779752e-06
 7.25594174e-06 7.48803086e-06 8.00102082e-06 8.78912147e-06
 8.89037759e-06 8.98151495e-06 9.24678623e-06 9.33302611e-06
 9.63290499e-06 9.65526115e-06 9.82791065e-06 1.03671761e-05
 1.05054783e-05 1.08478189e-05 1.08510829e-05 1.08876399e-05
 1.09768012e-05 1.13711037e-05 1.23207802e-05 1.23533745e-05
 1.26404842e-05 1.31565357e-05 1.31900117e-05 1.34290863e-05
 1.43989349e-05 1.49525652e-05 1.50446454e-05 1.54700070e-05
 1.55208991e-05 1.61843015e-05 1.64292461e-05 1.64662424e-05
 1.65968674e-05 1.75092392e-05 1.75229162e-05 1.86031067e-05
 1.88576762e-05 1.90173733e-05 1.95707456e-05 2.04201088e-05
 2.10289484e-05 2.12494846e-05 2.22993625e-05 2.23176711e-05
 2.23415286e-05 2.27749915e-05 2.31272093e-05 2.33272940e-05
 2.33701836e-05 2.40786854e-05 2.42026855e-05 2.52747652e-05
 2.52758095e-05 2.63160529e-05 2.69458639e-05 2.81068872e-05
 2.81836210e-05 2.87460768e-05 2.87468222e-05 2.88892158e-05
 2.91535444e-05 2.98920951e-05 3.05294744e-05 3.06586546e-05
 3.08709546e-05 3.14907907e-05 3.24659960e-05 3.27405605e-05
 3.44497061e-05 3.46324939e-05 3.55891437e-05 3.71867862e-05
 3.74787327e-05 3.78893017e-05 4.06215118e-05 4.07495824e-05
 4.09463931e-05 4.18045506e-05 4.18389706e-05 4.49688498e-05
 4.49873964e-05 4.51422343e-05 4.60702730e-05 4.64241429e-05
 4.76254341e-05 4.94938483e-05 4.95539762e-05 5.05650975e-05
 5.49428361e-05 5.57472229e-05 5.63430371e-05 5.69067545e-05
 5.73602009e-05 5.80922089e-05 6.01701896e-05 6.03270738e-05
 6.25397846e-05 6.29275437e-05 6.97575376e-05 7.26833543e-05
 7.29983017e-05 7.34483453e-05 7.38217390e-05 7.44324158e-05
 7.57535446e-05 7.70393126e-05 7.87562616e-05 7.92278114e-05
 8.32020998e-05 8.34740788e-05 8.38844871e-05 8.46473834e-05
 8.61846058e-05 8.84427081e-05 8.91797743e-05 8.93437134e-05
 9.13226253e-05 9.18655698e-05 9.25395513e-05 9.46322173e-05
 9.50279332e-05 9.57082009e-05 9.62648797e-05 1.03785447e-04
 1.05895978e-04 1.09326236e-04 1.09898920e-04 1.11880381e-04
 1.12710728e-04 1.21372280e-04 1.23604260e-04 1.28663040e-04
 1.29048185e-04 1.32735873e-04 1.38330774e-04 1.39694184e-04
 1.40296781e-04 1.41383866e-04 1.41594944e-04 1.42042023e-04
 1.44801417e-04 1.45344475e-04 1.45882050e-04 1.46795332e-04
 1.47191216e-04 1.51391336e-04 1.51475728e-04 1.56834420e-04
 1.61188062e-04 1.63681601e-04 1.65864293e-04 1.66985102e-04
 1.72391632e-04 1.88110637e-04 1.90424205e-04 1.91412936e-04
 1.94868858e-04 2.08826994e-04 2.13943651e-04 2.15503426e-04
 2.27365756e-04 2.27446328e-04 2.45355384e-04 2.46950133e-04
 2.66248713e-04 2.66804436e-04 2.74582865e-04 2.87322653e-04
 2.87456658e-04 2.98188574e-04 3.00382559e-04 3.00956109e-04
 3.14049623e-04 3.31971275e-04 3.34485175e-04 3.54037590e-04
 3.63969250e-04 3.71013447e-04 3.76688282e-04 3.77162852e-04
 3.89301485e-04 3.89990090e-04 4.02906836e-04 4.07372731e-04
 4.27963049e-04 4.49439646e-04 4.53295605e-04 4.63442333e-04
 4.80039112e-04 4.84569169e-04 4.99196149e-04 5.19381665e-04
 5.24460186e-04 5.25773251e-04 5.29605155e-04 5.46273796e-04
 5.53173944e-04 5.85815020e-04 5.87258064e-04 5.97318438e-04
 5.99600792e-04 6.12697146e-04 6.15889734e-04 6.59471642e-04
 6.59860366e-04 6.80749548e-04 6.88913892e-04 6.90659834e-04
 7.40374678e-04 7.50464746e-04 7.61770754e-04 7.83776581e-04
 7.93286884e-04 8.14964603e-04 8.41656289e-04 8.45075147e-04
 8.71710046e-04 9.00149293e-04 9.12419654e-04 9.27532388e-04
 1.01352735e-03 1.02712670e-03 1.06809118e-03 1.10140398e-03
 1.14601876e-03 1.26683949e-03 1.34619517e-03 1.36632201e-03
 1.36828006e-03 1.41188656e-03 1.54249158e-03 1.56429098e-03
 1.62218923e-03 1.64811695e-03 1.79669047e-03 1.83223066e-03
 1.92352349e-03 2.03105068e-03 2.04989773e-03 2.12640057e-03
 2.16048542e-03 2.17431673e-03 2.24518732e-03 2.48993779e-03
 2.49680711e-03 2.53736174e-03 2.54659952e-03 2.55056151e-03
 2.55474276e-03 2.63814685e-03 2.67151225e-03 2.67376522e-03
 2.77465049e-03 2.79082556e-03 2.81020003e-03 2.81673228e-03
 2.83995590e-03 2.96716770e-03 3.04931285e-03 3.21750898e-03
 3.26676152e-03 3.29097466e-03 3.29381983e-03 3.46316210e-03
 3.93790375e-03 4.13231495e-03 4.37465869e-03 4.45662980e-03
 4.55316174e-03 4.81815734e-03 5.02234468e-03 5.45132277e-03
 5.64570525e-03 5.71848155e-03 5.91461437e-03 5.93026944e-03
 5.93999598e-03 6.03211305e-03 6.42085524e-03 6.97870803e-03
 6.99699457e-03 7.05218481e-03 7.22142551e-03 7.35195008e-03
 7.63779187e-03 7.97313930e-03 7.98451655e-03 8.03469613e-03
 8.17259704e-03 8.34462353e-03 8.39902021e-03 8.55276925e-03
 8.66394440e-03 8.75283070e-03 9.31748859e-03 9.33624137e-03
 9.50769097e-03 9.56167903e-03 9.60630404e-03 9.65835884e-03
 9.68703517e-03 9.83234561e-03 1.01381933e-02 1.01447285e-02
 1.03009023e-02 1.03695908e-02 1.09312144e-02 1.10204774e-02
 1.12725519e-02 1.13324496e-02 1.13671294e-02 1.15268694e-02
 1.18131224e-02 1.19802797e-02 1.23149870e-02 1.25162996e-02
 1.44762553e-02 1.53386265e-02 1.54969215e-02 1.61597721e-02
 1.63244783e-02 1.69232243e-02 1.72105845e-02 1.75381451e-02
 1.84879545e-02 1.87023385e-02 1.89783496e-02 1.91084110e-02
 2.01545635e-02 2.06640041e-02 2.11140014e-02 2.26340591e-02
 2.26898022e-02 2.31457004e-02 2.43154500e-02 2.54748885e-02
 2.62208218e-02 2.62429912e-02 2.68644043e-02 2.77783866e-02
 3.05458998e-02 3.15920446e-02 3.26799903e-02 3.28069505e-02
 3.29620890e-02 3.32087597e-02 3.34136613e-02 3.68293518e-02
 3.75134284e-02 3.77063869e-02 3.95424218e-02 4.06714362e-02
 4.21951486e-02 4.30605814e-02 4.59944935e-02 4.60994630e-02
 4.61615623e-02 4.81616823e-02 4.96017298e-02 4.99320997e-02
 5.28887213e-02 5.50619491e-02 5.66011834e-02 5.69442841e-02
 5.69847828e-02 5.93085883e-02 6.03289698e-02 6.06840773e-02
 6.08666270e-02 6.28897690e-02 6.77157523e-02 7.07593852e-02
 7.37521526e-02 7.72193367e-02 7.75603644e-02 7.97824093e-02
 8.01645419e-02 8.21987005e-02 8.39046891e-02 8.60498606e-02
 8.70816296e-02 8.88752006e-02 9.07928371e-02 9.11115652e-02
 9.17038907e-02 9.32997889e-02 9.76424640e-02 1.01513515e-01
 1.01864960e-01 1.03183782e-01 1.06506008e-01 1.08557656e-01
 1.12313869e-01 1.16934843e-01 1.20162491e-01 1.20889303e-01
 1.23886257e-01 1.24565452e-01 1.25687062e-01 1.43020447e-01
 1.43936279e-01 1.56541332e-01 1.64676559e-01 1.72484294e-01
 1.89868565e-01 1.92060167e-01 1.97536622e-01 1.97580375e-01
 2.12011610e-01 2.12689238e-01 2.17554418e-01 2.22645726e-01
 2.27978664e-01 2.69833294e-01 2.81511653e-01 2.88037381e-01
 2.88475992e-01 2.88695629e-01 2.89084143e-01 3.12732827e-01
 3.21293341e-01 3.26006140e-01 3.48016634e-01 3.57738854e-01
 3.64565575e-01 3.76429421e-01 3.84422644e-01 3.89517765e-01
 4.10014208e-01 4.14677081e-01 4.16613677e-01 4.44008721e-01
 4.67142432e-01 4.73972232e-01 4.82062732e-01 5.00216216e-01
 5.17570871e-01 5.22474662e-01 5.24653165e-01 5.61218265e-01
 5.68353149e-01 5.72479660e-01 6.14526207e-01 6.17706171e-01
 6.29498861e-01 6.54067241e-01 6.62293189e-01 6.80188858e-01
 6.84573909e-01 6.98553678e-01 7.08701301e-01 7.16555228e-01
 7.23833149e-01 7.41295646e-01 7.50523236e-01 7.59243398e-01
 7.63746555e-01 7.67172675e-01 7.68904777e-01 7.76893919e-01
 8.05744302e-01 8.15900730e-01 8.30945655e-01 8.31352784e-01
 8.32023204e-01 8.39153239e-01 8.42775769e-01 8.48973281e-01
 8.54287147e-01 8.56295562e-01 8.94555651e-01 9.01128338e-01
 9.14161637e-01 9.17190817e-01 9.19422209e-01 9.24213823e-01
 9.29540651e-01 9.33036274e-01 9.33280300e-01 9.43779074e-01
 9.51903789e-01 9.62373002e-01 9.64467757e-01 9.66373920e-01
 9.66546281e-01 9.68385204e-01 9.71729098e-01 9.76227986e-01
 9.78078692e-01 9.80709175e-01 9.83449375e-01 9.85853950e-01
 9.87389735e-01 9.88048266e-01 9.89051300e-01 9.90091945e-01
 9.90823688e-01 9.92402403e-01 9.92725659e-01 9.92807091e-01
 9.93463996e-01 9.94180957e-01 9.95434092e-01 9.96197550e-01
 9.96441334e-01 9.97138318e-01 9.97152486e-01 9.97689754e-01
 9.98402024e-01 9.98448955e-01 9.98467726e-01 9.98572423e-01
 9.98829200e-01 9.98924914e-01 9.99293402e-01 9.99409658e-01
 9.99430811e-01 9.99460159e-01 9.99689638e-01 9.99719227e-01
 9.99801353e-01 9.99823600e-01 9.99850790e-01 9.99859779e-01
 9.99871631e-01 9.99879761e-01 9.99880549e-01 9.99882806e-01
 9.99902045e-01 9.99954210e-01 9.99959568e-01 9.99960650e-01
 9.99972677e-01 9.99986675e-01 9.99989366e-01 9.99989542e-01
 9.99990063e-01 9.99997371e-01 9.99998827e-01 9.99999737e-01]"
Hyperledger,is_change_text_num_words_20,Empty,[],0.8838174273858921,"[[852   0]
 [112   0]]","              precision    recall  f1-score   support

           0       0.88      1.00      0.94       852
           1       0.00      0.00      0.00       112

    accuracy                           0.88       964
   macro avg       0.44      0.50      0.47       964
weighted avg       0.78      0.88      0.83       964
",0.558091286307054,0.11618257261410789,0.5,"0      0
1      0
2      0
3      0
4      0
      ..
959    0
960    0
961    0
962    0
963    0
Name: label_is_empty, Length: 964, dtype: int64",[0.11618257 1.        ],[1. 0.],[0.]
Hyperledger,is_change_text_num_words_20,Zero,[],0.8838174273858921,"[[852   0]
 [112   0]]","              precision    recall  f1-score   support

           0       0.88      1.00      0.94       852
           1       0.00      0.00      0.00       112

    accuracy                           0.88       964
   macro avg       0.44      0.50      0.47       964
weighted avg       0.78      0.88      0.83       964
",0.558091286307054,0.11618257261410789,0.5,"0      0
1      0
2      0
3      0
4      0
      ..
959    0
960    0
961    0
962    0
963    0
Name: all, Length: 964, dtype: int64",[0.11618257 1.        ],[1. 0.],[0.]
Hyperledger,is_change_text_num_words_20,Random,[],0.504149377593361,"[[428 424]
 [ 54  58]]","              precision    recall  f1-score   support

           0       0.89      0.50      0.64       852
           1       0.12      0.52      0.20       112

    accuracy                           0.50       964
   macro avg       0.50      0.51      0.42       964
weighted avg       0.80      0.50      0.59       964
",0.1148039968888203,0.11669333491349626,0.5015928906773978,"0      0
1      1
2      0
3      0
4      0
      ..
959    0
960    1
961    1
962    1
963    0
Name: pred, Length: 964, dtype: int64","[0.11618257 0.11630322 0.11538462 0.1144641  0.11458333 0.11470282
 0.11377871 0.1138976  0.11401674 0.11308901 0.11320755 0.11332634
 0.11344538 0.11251314 0.11263158 0.11275026 0.1128692  0.11298838
 0.11310782 0.11322751 0.11334746 0.11346766 0.11358811 0.11264612
 0.11170213 0.11182109 0.1119403  0.11205977 0.11217949 0.11229947
 0.11134904 0.11146838 0.11158798 0.11170784 0.11182796 0.11194833
 0.11206897 0.11218986 0.11231102 0.11243243 0.11255411 0.11267606
 0.11279826 0.11292074 0.11195652 0.11207835 0.11220044 0.11232279
 0.11244541 0.11256831 0.11269147 0.11171961 0.11184211 0.11196487
 0.11208791 0.11221122 0.1123348  0.11135612 0.11037528 0.11049724
 0.11061947 0.11074197 0.11086475 0.11098779 0.11111111 0.11123471
 0.11135857 0.11148272 0.11160714 0.11173184 0.11185682 0.11198208
 0.11210762 0.11223345 0.11235955 0.11248594 0.11261261 0.11273957
 0.11173815 0.11186441 0.11199095 0.11211778 0.1122449  0.1123723
 0.1125     0.11262799 0.11275626 0.11288483 0.1130137  0.11314286
 0.11327231 0.11340206 0.11353211 0.11366246 0.1137931  0.11392405
 0.1140553  0.11418685 0.11431871 0.11445087 0.11458333 0.11471611
 0.11484919 0.11382114 0.1127907  0.112922   0.11305361 0.11201867
 0.11214953 0.1122807  0.11241218 0.11137163 0.11032864 0.11045828
 0.11058824 0.11071849 0.11084906 0.11097993 0.11111111 0.1112426
 0.11137441 0.11150652 0.11163895 0.1117717  0.11190476 0.11203814
 0.11217184 0.11230585 0.11244019 0.11257485 0.11270983 0.11284514
 0.11298077 0.11311673 0.11325301 0.11338963 0.11352657 0.11366385
 0.11380145 0.11393939 0.11407767 0.11421628 0.11435523 0.11449452
 0.11463415 0.11477411 0.11491443 0.11505508 0.11519608 0.11533742
 0.11547912 0.11562116 0.11576355 0.11590629 0.11481481 0.11495674
 0.11509901 0.11524164 0.11414392 0.11428571 0.11442786 0.11457036
 0.11471322 0.11485643 0.115      0.11514393 0.11528822 0.11543287
 0.11557789 0.11572327 0.11586902 0.11601513 0.11616162 0.11504425
 0.11518987 0.11533587 0.11548223 0.11562897 0.11577608 0.11592357
 0.11607143 0.11621967 0.11636829 0.11651729 0.11666667 0.11681643
 0.11568123 0.11583012 0.11597938 0.11612903 0.11627907 0.1164295
 0.11658031 0.11673152 0.11688312 0.11703511 0.1171875  0.11734029
 0.11749347 0.11764706 0.11780105 0.11795544 0.11811024 0.11695138
 0.11710526 0.11725955 0.11741425 0.11756935 0.11772487 0.11788079
 0.11803714 0.11819389 0.11835106 0.11850866 0.11866667 0.1188251
 0.11898396 0.11780455 0.11796247 0.11812081 0.11827957 0.11843876
 0.11859838 0.11875843 0.11891892 0.11907984 0.11924119 0.11804613
 0.11820652 0.11836735 0.11852861 0.11869031 0.11885246 0.11901505
 0.11917808 0.11796982 0.11813187 0.11829436 0.1184573  0.11724138
 0.11740331 0.1175657  0.11772853 0.11789182 0.11805556 0.11821975
 0.1183844  0.11715481 0.11731844 0.11608392 0.1162465  0.11640954
 0.11657303 0.11673699 0.11690141 0.11706629 0.11581921 0.1145686
 0.11331445 0.11347518 0.11221591 0.11237553 0.11253561 0.11269615
 0.11285714 0.1130186  0.11318052 0.1133429  0.11350575 0.11366906
 0.11383285 0.11399711 0.11416185 0.11432706 0.11304348 0.11320755
 0.11337209 0.11353712 0.11370262 0.11386861 0.11403509 0.11420205
 0.1143695  0.11453744 0.11470588 0.11487482 0.11504425 0.11521418
 0.11538462 0.11555556 0.11424332 0.11441308 0.11458333 0.1147541
 0.11492537 0.11509716 0.11526946 0.11544228 0.11561562 0.11578947
 0.11596386 0.11613876 0.1163142  0.11649017 0.11666667 0.1168437
 0.11702128 0.11567732 0.11585366 0.11603053 0.11620795 0.11638591
 0.11656442 0.11674347 0.11692308 0.11710324 0.11728395 0.11746522
 0.11764706 0.11782946 0.11801242 0.11664075 0.11682243 0.11700468
 0.115625   0.11580595 0.11598746 0.11616954 0.1163522  0.11653543
 0.11514196 0.11532385 0.11550633 0.11568938 0.11587302 0.11605723
 0.11624204 0.11642743 0.11661342 0.1168     0.11698718 0.11717496
 0.11736334 0.11755233 0.11774194 0.11793215 0.11812298 0.11831442
 0.11850649 0.11869919 0.11889251 0.11908646 0.11928105 0.11947627
 0.11967213 0.11986864 0.12006579 0.12026359 0.12046205 0.12066116
 0.12086093 0.12106136 0.12126246 0.12146423 0.12166667 0.12186978
 0.12040134 0.12060302 0.12080537 0.1210084  0.12121212 0.12141653
 0.12162162 0.12182741 0.12033898 0.12054329 0.1207483  0.120954
 0.12116041 0.12136752 0.11986301 0.12006861 0.12027491 0.12048193
 0.12068966 0.1208981  0.12110727 0.12131716 0.12152778 0.12173913
 0.12195122 0.12216405 0.12237762 0.12084063 0.12105263 0.12126538
 0.12147887 0.11992945 0.11837456 0.11858407 0.11879433 0.11900533
 0.11921708 0.11942959 0.11964286 0.11985689 0.12007168 0.12028725
 0.1205036  0.12072072 0.12093863 0.12115732 0.12137681 0.1215971
 0.12181818 0.12204007 0.12226277 0.12248629 0.12271062 0.12293578
 0.12132353 0.12154696 0.12177122 0.1219963  0.12222222 0.12244898
 0.12267658 0.12290503 0.12313433 0.12336449 0.12359551 0.12382739
 0.12406015 0.12429379 0.1245283  0.12476371 0.125      0.12523719
 0.12547529 0.12380952 0.1221374  0.12237094 0.12260536 0.12284069
 0.12307692 0.12331407 0.12162162 0.12185687 0.12209302 0.1223301
 0.12256809 0.12280702 0.12304688 0.12328767 0.12352941 0.1237721
 0.12401575 0.12426036 0.12450593 0.12277228 0.12301587 0.12326044
 0.12350598 0.12175649 0.122      0.12224449 0.12248996 0.12273642
 0.12096774 0.12121212 0.1194332  0.11967546 0.1199187  0.12016293
 0.12040816 0.1206544  0.12090164 0.1211499  0.11934156 0.11958763
 0.11983471 0.12008282 0.12033195 0.11850312 0.11875    0.11899791
 0.11924686 0.11949686 0.1197479  0.12       0.12025316 0.1205074
 0.12076271 0.12101911 0.1212766  0.11940299 0.11965812 0.11991435
 0.12017167 0.12043011 0.11853448 0.1187905  0.11688312 0.11713666
 0.11521739 0.11546841 0.11572052 0.11597374 0.11403509 0.11428571
 0.11453744 0.11479029 0.11504425 0.11529933 0.11555556 0.11358575
 0.11383929 0.11409396 0.11434978 0.11460674 0.11486486 0.11512415
 0.11538462 0.11564626 0.11590909 0.11617312 0.11643836 0.11670481
 0.11697248 0.11724138 0.11751152 0.11778291 0.11805556 0.11832947
 0.11860465 0.11888112 0.11915888 0.11943794 0.11971831 0.12
 0.12028302 0.12056738 0.11848341 0.11876485 0.11904762 0.11694511
 0.11483254 0.11510791 0.11538462 0.11566265 0.11594203 0.11622276
 0.11650485 0.11678832 0.11707317 0.11735941 0.11764706 0.11793612
 0.1182266  0.11604938 0.11633663 0.11662531 0.11691542 0.11720698
 0.1175     0.11779449 0.11809045 0.11838791 0.11868687 0.11898734
 0.11928934 0.11959288 0.11989796 0.1202046  0.12051282 0.12082262
 0.1185567  0.11886305 0.11917098 0.11948052 0.11979167 0.12010444
 0.12041885 0.12073491 0.12105263 0.12137203 0.11904762 0.1193634
 0.11968085 0.12       0.11764706 0.11796247 0.11827957 0.11859838
 0.11891892 0.11653117 0.11684783 0.11716621 0.11748634 0.11780822
 0.11813187 0.1184573  0.11878453 0.11911357 0.11666667 0.11699164
 0.11731844 0.11764706 0.11797753 0.11830986 0.11864407 0.11898017
 0.11931818 0.11965812 0.12       0.12034384 0.12068966 0.11815562
 0.11849711 0.11884058 0.11918605 0.11953353 0.11988304 0.1202346
 0.12058824 0.12094395 0.12130178 0.12166172 0.11904762 0.11641791
 0.11676647 0.11711712 0.11746988 0.11782477 0.11818182 0.11854103
 0.11890244 0.11926606 0.1196319  0.11692308 0.11728395 0.11764706
 0.11801242 0.11838006 0.115625   0.11598746 0.1163522  0.11671924
 0.11708861 0.11746032 0.11783439 0.11821086 0.11858974 0.11897106
 0.11612903 0.11650485 0.11688312 0.11726384 0.11764706 0.11803279
 0.11842105 0.11881188 0.11589404 0.11627907 0.11666667 0.11705686
 0.11409396 0.11447811 0.11486486 0.11525424 0.11564626 0.11604096
 0.11643836 0.11683849 0.11724138 0.11764706 0.11805556 0.1184669
 0.11888112 0.11929825 0.11971831 0.12014134 0.12056738 0.12099644
 0.12142857 0.1218638  0.12230216 0.12274368 0.11956522 0.12
 0.12043796 0.12087912 0.11764706 0.11439114 0.11481481 0.11524164
 0.11567164 0.11610487 0.11654135 0.11320755 0.11363636 0.11026616
 0.11068702 0.11111111 0.11153846 0.11196911 0.1124031  0.11284047
 0.11328125 0.11372549 0.11417323 0.11462451 0.11507937 0.11553785
 0.116      0.11646586 0.11693548 0.11336032 0.11382114 0.11428571
 0.1147541  0.11522634 0.11570248 0.11618257 0.11666667 0.11715481
 0.11764706 0.11814346 0.11864407 0.11914894 0.11965812 0.12017167
 0.12068966 0.12121212 0.12173913 0.12227074 0.12280702 0.12334802
 0.12389381 0.12444444 0.125      0.12556054 0.12612613 0.12669683
 0.12727273 0.12785388 0.12385321 0.12442396 0.125      0.1255814
 0.12616822 0.12676056 0.12735849 0.12796209 0.12380952 0.12440191
 0.125      0.12560386 0.12621359 0.12682927 0.12745098 0.12807882
 0.12871287 0.12935323 0.13       0.13065327 0.13131313 0.1319797
 0.13265306 0.13333333 0.13402062 0.13471503 0.13541667 0.13089005
 0.13157895 0.13227513 0.13297872 0.13368984 0.1344086  0.13513514
 0.13043478 0.13114754 0.13186813 0.12707182 0.12777778 0.12849162
 0.12921348 0.1299435  0.13068182 0.13142857 0.13218391 0.13294798
 0.12790698 0.12865497 0.12941176 0.13017751 0.13095238 0.13173653
 0.13253012 0.13333333 0.12804878 0.12883436 0.12962963 0.13043478
 0.13125    0.13207547 0.13291139 0.13375796 0.13461538 0.13548387
 0.13636364 0.1372549  0.13157895 0.13245033 0.13333333 0.13422819
 0.13513514 0.1292517  0.13013699 0.13103448 0.13194444 0.12587413
 0.12676056 0.12765957 0.12857143 0.1294964  0.13043478 0.13138686
 0.13235294 0.13333333 0.13432836 0.13533835 0.13636364 0.13740458
 0.13846154 0.13953488 0.140625   0.14173228 0.14285714 0.144
 0.14516129 0.14634146 0.13934426 0.14049587 0.14166667 0.13445378
 0.13559322 0.13675214 0.12931034 0.13043478 0.12280702 0.12389381
 0.125      0.12612613 0.11818182 0.11009174 0.11111111 0.10280374
 0.10377358 0.1047619  0.10576923 0.10679612 0.10784314 0.0990099
 0.1        0.1010101  0.10204082 0.10309278 0.10416667 0.10526316
 0.10638298 0.09677419 0.09782609 0.0989011  0.1        0.08988764
 0.09090909 0.09195402 0.09302326 0.09411765 0.0952381  0.09638554
 0.09756098 0.09876543 0.1        0.08860759 0.08974359 0.09090909
 0.09210526 0.09333333 0.09459459 0.09589041 0.09722222 0.09859155
 0.1        0.10144928 0.10294118 0.10447761 0.10606061 0.10769231
 0.109375   0.11111111 0.11290323 0.1147541  0.1        0.10169492
 0.10344828 0.0877193  0.07142857 0.07272727 0.07407407 0.0754717
 0.07692308 0.05882353 0.06       0.06122449 0.0625     0.04255319
 0.02173913 0.02222222 0.02272727 0.02325581 0.02380952 0.02439024
 0.025      0.02564103 0.02631579 0.02702703 0.02777778 0.02857143
 0.02941176 0.03030303 0.         0.         0.         0.
 0.         0.         0.         0.         0.         0.
 0.         0.         0.         0.         0.         0.
 0.         0.         0.         0.         0.         0.
 0.         0.         0.         0.         0.         0.
 0.         0.         0.         0.         1.        ]","[1.         1.         0.99107143 0.98214286 0.98214286 0.98214286
 0.97321429 0.97321429 0.97321429 0.96428571 0.96428571 0.96428571
 0.96428571 0.95535714 0.95535714 0.95535714 0.95535714 0.95535714
 0.95535714 0.95535714 0.95535714 0.95535714 0.95535714 0.94642857
 0.9375     0.9375     0.9375     0.9375     0.9375     0.9375
 0.92857143 0.92857143 0.92857143 0.92857143 0.92857143 0.92857143
 0.92857143 0.92857143 0.92857143 0.92857143 0.92857143 0.92857143
 0.92857143 0.92857143 0.91964286 0.91964286 0.91964286 0.91964286
 0.91964286 0.91964286 0.91964286 0.91071429 0.91071429 0.91071429
 0.91071429 0.91071429 0.91071429 0.90178571 0.89285714 0.89285714
 0.89285714 0.89285714 0.89285714 0.89285714 0.89285714 0.89285714
 0.89285714 0.89285714 0.89285714 0.89285714 0.89285714 0.89285714
 0.89285714 0.89285714 0.89285714 0.89285714 0.89285714 0.89285714
 0.88392857 0.88392857 0.88392857 0.88392857 0.88392857 0.88392857
 0.88392857 0.88392857 0.88392857 0.88392857 0.88392857 0.88392857
 0.88392857 0.88392857 0.88392857 0.88392857 0.88392857 0.88392857
 0.88392857 0.88392857 0.88392857 0.88392857 0.88392857 0.88392857
 0.88392857 0.875      0.86607143 0.86607143 0.86607143 0.85714286
 0.85714286 0.85714286 0.85714286 0.84821429 0.83928571 0.83928571
 0.83928571 0.83928571 0.83928571 0.83928571 0.83928571 0.83928571
 0.83928571 0.83928571 0.83928571 0.83928571 0.83928571 0.83928571
 0.83928571 0.83928571 0.83928571 0.83928571 0.83928571 0.83928571
 0.83928571 0.83928571 0.83928571 0.83928571 0.83928571 0.83928571
 0.83928571 0.83928571 0.83928571 0.83928571 0.83928571 0.83928571
 0.83928571 0.83928571 0.83928571 0.83928571 0.83928571 0.83928571
 0.83928571 0.83928571 0.83928571 0.83928571 0.83035714 0.83035714
 0.83035714 0.83035714 0.82142857 0.82142857 0.82142857 0.82142857
 0.82142857 0.82142857 0.82142857 0.82142857 0.82142857 0.82142857
 0.82142857 0.82142857 0.82142857 0.82142857 0.82142857 0.8125
 0.8125     0.8125     0.8125     0.8125     0.8125     0.8125
 0.8125     0.8125     0.8125     0.8125     0.8125     0.8125
 0.80357143 0.80357143 0.80357143 0.80357143 0.80357143 0.80357143
 0.80357143 0.80357143 0.80357143 0.80357143 0.80357143 0.80357143
 0.80357143 0.80357143 0.80357143 0.80357143 0.80357143 0.79464286
 0.79464286 0.79464286 0.79464286 0.79464286 0.79464286 0.79464286
 0.79464286 0.79464286 0.79464286 0.79464286 0.79464286 0.79464286
 0.79464286 0.78571429 0.78571429 0.78571429 0.78571429 0.78571429
 0.78571429 0.78571429 0.78571429 0.78571429 0.78571429 0.77678571
 0.77678571 0.77678571 0.77678571 0.77678571 0.77678571 0.77678571
 0.77678571 0.76785714 0.76785714 0.76785714 0.76785714 0.75892857
 0.75892857 0.75892857 0.75892857 0.75892857 0.75892857 0.75892857
 0.75892857 0.75       0.75       0.74107143 0.74107143 0.74107143
 0.74107143 0.74107143 0.74107143 0.74107143 0.73214286 0.72321429
 0.71428571 0.71428571 0.70535714 0.70535714 0.70535714 0.70535714
 0.70535714 0.70535714 0.70535714 0.70535714 0.70535714 0.70535714
 0.70535714 0.70535714 0.70535714 0.70535714 0.69642857 0.69642857
 0.69642857 0.69642857 0.69642857 0.69642857 0.69642857 0.69642857
 0.69642857 0.69642857 0.69642857 0.69642857 0.69642857 0.69642857
 0.69642857 0.69642857 0.6875     0.6875     0.6875     0.6875
 0.6875     0.6875     0.6875     0.6875     0.6875     0.6875
 0.6875     0.6875     0.6875     0.6875     0.6875     0.6875
 0.6875     0.67857143 0.67857143 0.67857143 0.67857143 0.67857143
 0.67857143 0.67857143 0.67857143 0.67857143 0.67857143 0.67857143
 0.67857143 0.67857143 0.67857143 0.66964286 0.66964286 0.66964286
 0.66071429 0.66071429 0.66071429 0.66071429 0.66071429 0.66071429
 0.65178571 0.65178571 0.65178571 0.65178571 0.65178571 0.65178571
 0.65178571 0.65178571 0.65178571 0.65178571 0.65178571 0.65178571
 0.65178571 0.65178571 0.65178571 0.65178571 0.65178571 0.65178571
 0.65178571 0.65178571 0.65178571 0.65178571 0.65178571 0.65178571
 0.65178571 0.65178571 0.65178571 0.65178571 0.65178571 0.65178571
 0.65178571 0.65178571 0.65178571 0.65178571 0.65178571 0.65178571
 0.64285714 0.64285714 0.64285714 0.64285714 0.64285714 0.64285714
 0.64285714 0.64285714 0.63392857 0.63392857 0.63392857 0.63392857
 0.63392857 0.63392857 0.625      0.625      0.625      0.625
 0.625      0.625      0.625      0.625      0.625      0.625
 0.625      0.625      0.625      0.61607143 0.61607143 0.61607143
 0.61607143 0.60714286 0.59821429 0.59821429 0.59821429 0.59821429
 0.59821429 0.59821429 0.59821429 0.59821429 0.59821429 0.59821429
 0.59821429 0.59821429 0.59821429 0.59821429 0.59821429 0.59821429
 0.59821429 0.59821429 0.59821429 0.59821429 0.59821429 0.59821429
 0.58928571 0.58928571 0.58928571 0.58928571 0.58928571 0.58928571
 0.58928571 0.58928571 0.58928571 0.58928571 0.58928571 0.58928571
 0.58928571 0.58928571 0.58928571 0.58928571 0.58928571 0.58928571
 0.58928571 0.58035714 0.57142857 0.57142857 0.57142857 0.57142857
 0.57142857 0.57142857 0.5625     0.5625     0.5625     0.5625
 0.5625     0.5625     0.5625     0.5625     0.5625     0.5625
 0.5625     0.5625     0.5625     0.55357143 0.55357143 0.55357143
 0.55357143 0.54464286 0.54464286 0.54464286 0.54464286 0.54464286
 0.53571429 0.53571429 0.52678571 0.52678571 0.52678571 0.52678571
 0.52678571 0.52678571 0.52678571 0.52678571 0.51785714 0.51785714
 0.51785714 0.51785714 0.51785714 0.50892857 0.50892857 0.50892857
 0.50892857 0.50892857 0.50892857 0.50892857 0.50892857 0.50892857
 0.50892857 0.50892857 0.50892857 0.5        0.5        0.5
 0.5        0.5        0.49107143 0.49107143 0.48214286 0.48214286
 0.47321429 0.47321429 0.47321429 0.47321429 0.46428571 0.46428571
 0.46428571 0.46428571 0.46428571 0.46428571 0.46428571 0.45535714
 0.45535714 0.45535714 0.45535714 0.45535714 0.45535714 0.45535714
 0.45535714 0.45535714 0.45535714 0.45535714 0.45535714 0.45535714
 0.45535714 0.45535714 0.45535714 0.45535714 0.45535714 0.45535714
 0.45535714 0.45535714 0.45535714 0.45535714 0.45535714 0.45535714
 0.45535714 0.45535714 0.44642857 0.44642857 0.44642857 0.4375
 0.42857143 0.42857143 0.42857143 0.42857143 0.42857143 0.42857143
 0.42857143 0.42857143 0.42857143 0.42857143 0.42857143 0.42857143
 0.42857143 0.41964286 0.41964286 0.41964286 0.41964286 0.41964286
 0.41964286 0.41964286 0.41964286 0.41964286 0.41964286 0.41964286
 0.41964286 0.41964286 0.41964286 0.41964286 0.41964286 0.41964286
 0.41071429 0.41071429 0.41071429 0.41071429 0.41071429 0.41071429
 0.41071429 0.41071429 0.41071429 0.41071429 0.40178571 0.40178571
 0.40178571 0.40178571 0.39285714 0.39285714 0.39285714 0.39285714
 0.39285714 0.38392857 0.38392857 0.38392857 0.38392857 0.38392857
 0.38392857 0.38392857 0.38392857 0.38392857 0.375      0.375
 0.375      0.375      0.375      0.375      0.375      0.375
 0.375      0.375      0.375      0.375      0.375      0.36607143
 0.36607143 0.36607143 0.36607143 0.36607143 0.36607143 0.36607143
 0.36607143 0.36607143 0.36607143 0.36607143 0.35714286 0.34821429
 0.34821429 0.34821429 0.34821429 0.34821429 0.34821429 0.34821429
 0.34821429 0.34821429 0.34821429 0.33928571 0.33928571 0.33928571
 0.33928571 0.33928571 0.33035714 0.33035714 0.33035714 0.33035714
 0.33035714 0.33035714 0.33035714 0.33035714 0.33035714 0.33035714
 0.32142857 0.32142857 0.32142857 0.32142857 0.32142857 0.32142857
 0.32142857 0.32142857 0.3125     0.3125     0.3125     0.3125
 0.30357143 0.30357143 0.30357143 0.30357143 0.30357143 0.30357143
 0.30357143 0.30357143 0.30357143 0.30357143 0.30357143 0.30357143
 0.30357143 0.30357143 0.30357143 0.30357143 0.30357143 0.30357143
 0.30357143 0.30357143 0.30357143 0.30357143 0.29464286 0.29464286
 0.29464286 0.29464286 0.28571429 0.27678571 0.27678571 0.27678571
 0.27678571 0.27678571 0.27678571 0.26785714 0.26785714 0.25892857
 0.25892857 0.25892857 0.25892857 0.25892857 0.25892857 0.25892857
 0.25892857 0.25892857 0.25892857 0.25892857 0.25892857 0.25892857
 0.25892857 0.25892857 0.25892857 0.25       0.25       0.25
 0.25       0.25       0.25       0.25       0.25       0.25
 0.25       0.25       0.25       0.25       0.25       0.25
 0.25       0.25       0.25       0.25       0.25       0.25
 0.25       0.25       0.25       0.25       0.25       0.25
 0.25       0.25       0.24107143 0.24107143 0.24107143 0.24107143
 0.24107143 0.24107143 0.24107143 0.24107143 0.23214286 0.23214286
 0.23214286 0.23214286 0.23214286 0.23214286 0.23214286 0.23214286
 0.23214286 0.23214286 0.23214286 0.23214286 0.23214286 0.23214286
 0.23214286 0.23214286 0.23214286 0.23214286 0.23214286 0.22321429
 0.22321429 0.22321429 0.22321429 0.22321429 0.22321429 0.22321429
 0.21428571 0.21428571 0.21428571 0.20535714 0.20535714 0.20535714
 0.20535714 0.20535714 0.20535714 0.20535714 0.20535714 0.20535714
 0.19642857 0.19642857 0.19642857 0.19642857 0.19642857 0.19642857
 0.19642857 0.19642857 0.1875     0.1875     0.1875     0.1875
 0.1875     0.1875     0.1875     0.1875     0.1875     0.1875
 0.1875     0.1875     0.17857143 0.17857143 0.17857143 0.17857143
 0.17857143 0.16964286 0.16964286 0.16964286 0.16964286 0.16071429
 0.16071429 0.16071429 0.16071429 0.16071429 0.16071429 0.16071429
 0.16071429 0.16071429 0.16071429 0.16071429 0.16071429 0.16071429
 0.16071429 0.16071429 0.16071429 0.16071429 0.16071429 0.16071429
 0.16071429 0.16071429 0.15178571 0.15178571 0.15178571 0.14285714
 0.14285714 0.14285714 0.13392857 0.13392857 0.125      0.125
 0.125      0.125      0.11607143 0.10714286 0.10714286 0.09821429
 0.09821429 0.09821429 0.09821429 0.09821429 0.09821429 0.08928571
 0.08928571 0.08928571 0.08928571 0.08928571 0.08928571 0.08928571
 0.08928571 0.08035714 0.08035714 0.08035714 0.08035714 0.07142857
 0.07142857 0.07142857 0.07142857 0.07142857 0.07142857 0.07142857
 0.07142857 0.07142857 0.07142857 0.0625     0.0625     0.0625
 0.0625     0.0625     0.0625     0.0625     0.0625     0.0625
 0.0625     0.0625     0.0625     0.0625     0.0625     0.0625
 0.0625     0.0625     0.0625     0.0625     0.05357143 0.05357143
 0.05357143 0.04464286 0.03571429 0.03571429 0.03571429 0.03571429
 0.03571429 0.02678571 0.02678571 0.02678571 0.02678571 0.01785714
 0.00892857 0.00892857 0.00892857 0.00892857 0.00892857 0.00892857
 0.00892857 0.00892857 0.00892857 0.00892857 0.00892857 0.00892857
 0.00892857 0.00892857 0.         0.         0.         0.
 0.         0.         0.         0.         0.         0.
 0.         0.         0.         0.         0.         0.
 0.         0.         0.         0.         0.         0.
 0.         0.         0.         0.         0.         0.
 0.         0.         0.         0.         0.        ]","[2.93669539e-04 3.72540628e-04 2.49344633e-03 3.03659478e-03
 5.20164358e-03 6.41318676e-03 7.08922041e-03 1.14058710e-02
 1.20367266e-02 1.23942209e-02 1.42766728e-02 1.51473801e-02
 1.62627790e-02 1.69563083e-02 1.74510035e-02 2.02550607e-02
 2.04962512e-02 2.13805969e-02 2.21413888e-02 2.21779787e-02
 2.23399859e-02 2.25112338e-02 2.35777052e-02 2.46573748e-02
 2.81155759e-02 2.82933585e-02 2.83365176e-02 2.84119419e-02
 2.85357687e-02 2.93635108e-02 3.08846842e-02 3.12976064e-02
 3.24570353e-02 3.39285287e-02 3.46581685e-02 3.67446409e-02
 3.82467221e-02 3.90096287e-02 4.11143330e-02 4.22477298e-02
 4.41743253e-02 4.52668375e-02 4.55024520e-02 4.55308136e-02
 4.84921057e-02 4.91092255e-02 4.95862428e-02 5.03018693e-02
 5.06459626e-02 5.08188706e-02 5.26602715e-02 5.41500435e-02
 5.45334961e-02 5.51885146e-02 5.76500619e-02 5.82515141e-02
 6.05186320e-02 6.20239424e-02 6.52258860e-02 6.52702519e-02
 6.64508770e-02 6.83772074e-02 7.11402997e-02 7.36259468e-02
 7.37450421e-02 7.59096493e-02 7.69871937e-02 7.77915560e-02
 7.78585687e-02 7.93516488e-02 8.06086028e-02 8.18908051e-02
 8.32361516e-02 8.35136578e-02 8.61286475e-02 8.63950063e-02
 8.68395991e-02 8.71322028e-02 8.71824295e-02 8.75395575e-02
 9.04761727e-02 9.11267558e-02 9.30012057e-02 9.49408441e-02
 9.50604817e-02 9.55500717e-02 9.56276944e-02 9.79789729e-02
 9.84636941e-02 9.90925673e-02 9.94320646e-02 1.00693279e-01
 1.01455083e-01 1.02590510e-01 1.02678238e-01 1.05862230e-01
 1.06569845e-01 1.08041024e-01 1.08224172e-01 1.09549288e-01
 1.09887443e-01 1.10090856e-01 1.13933882e-01 1.14744537e-01
 1.18358476e-01 1.18490657e-01 1.19640752e-01 1.20808529e-01
 1.21639527e-01 1.22773704e-01 1.23025167e-01 1.23133196e-01
 1.25392006e-01 1.26704500e-01 1.28435554e-01 1.29359971e-01
 1.29384854e-01 1.30152478e-01 1.31334625e-01 1.32246269e-01
 1.33889505e-01 1.34255553e-01 1.34472489e-01 1.35539160e-01
 1.38577289e-01 1.39396432e-01 1.40874714e-01 1.41198944e-01
 1.41304461e-01 1.41773656e-01 1.41876275e-01 1.42349046e-01
 1.42589314e-01 1.44156645e-01 1.44220965e-01 1.44982111e-01
 1.45006312e-01 1.45720208e-01 1.48403827e-01 1.48489135e-01
 1.50521908e-01 1.52031421e-01 1.52747844e-01 1.53420796e-01
 1.53566912e-01 1.54730421e-01 1.55004412e-01 1.55358867e-01
 1.55600489e-01 1.56181887e-01 1.57378264e-01 1.59043130e-01
 1.60455233e-01 1.62859944e-01 1.63879341e-01 1.65749569e-01
 1.67067061e-01 1.67524962e-01 1.67886649e-01 1.68072816e-01
 1.68487942e-01 1.70748164e-01 1.72384997e-01 1.73164956e-01
 1.73733235e-01 1.75945496e-01 1.76655677e-01 1.76962763e-01
 1.77326733e-01 1.78571574e-01 1.78594247e-01 1.80938851e-01
 1.83203906e-01 1.84343579e-01 1.85248618e-01 1.86740249e-01
 1.87224000e-01 1.87768231e-01 1.88886297e-01 1.89509660e-01
 1.90157447e-01 1.91305906e-01 1.92291225e-01 1.92430586e-01
 1.92917104e-01 1.93852687e-01 1.94714650e-01 1.95048829e-01
 1.95710103e-01 1.97951378e-01 1.98050925e-01 2.00518397e-01
 2.03992011e-01 2.04271558e-01 2.04585068e-01 2.05478328e-01
 2.05807552e-01 2.06127967e-01 2.06294888e-01 2.08611210e-01
 2.08825132e-01 2.09162105e-01 2.10287268e-01 2.11504921e-01
 2.13276166e-01 2.13807154e-01 2.14255052e-01 2.15556691e-01
 2.16437265e-01 2.17580422e-01 2.18757641e-01 2.19660364e-01
 2.21445347e-01 2.21842893e-01 2.22013941e-01 2.23277358e-01
 2.24992838e-01 2.29076380e-01 2.29476020e-01 2.29814112e-01
 2.31658560e-01 2.31978513e-01 2.32115277e-01 2.33667014e-01
 2.33895682e-01 2.35151186e-01 2.35982255e-01 2.36313382e-01
 2.41925829e-01 2.41927710e-01 2.42155684e-01 2.44100823e-01
 2.45584379e-01 2.46252658e-01 2.47050018e-01 2.47490512e-01
 2.47828809e-01 2.49298763e-01 2.49893141e-01 2.51380165e-01
 2.51814580e-01 2.52058394e-01 2.52313213e-01 2.53218543e-01
 2.53352887e-01 2.53803023e-01 2.55852054e-01 2.59178236e-01
 2.59459556e-01 2.59698327e-01 2.61371200e-01 2.61482070e-01
 2.64451162e-01 2.64506717e-01 2.65805889e-01 2.66924210e-01
 2.68213629e-01 2.68999797e-01 2.70999972e-01 2.71118750e-01
 2.74261884e-01 2.78023608e-01 2.78136025e-01 2.79229795e-01
 2.80563482e-01 2.81236145e-01 2.81963521e-01 2.84404243e-01
 2.85738106e-01 2.86525622e-01 2.87919626e-01 2.88777265e-01
 2.93535984e-01 2.95689825e-01 2.95957856e-01 2.98004111e-01
 2.98473974e-01 3.02498869e-01 3.03114530e-01 3.03196544e-01
 3.03230540e-01 3.03568493e-01 3.03650141e-01 3.04328901e-01
 3.06327666e-01 3.06447566e-01 3.08635060e-01 3.12620441e-01
 3.13426305e-01 3.16229985e-01 3.16255114e-01 3.16473701e-01
 3.18966001e-01 3.20112686e-01 3.20175330e-01 3.20492419e-01
 3.21741798e-01 3.21930527e-01 3.21990792e-01 3.24444847e-01
 3.24976520e-01 3.25928723e-01 3.27826880e-01 3.30077349e-01
 3.30775571e-01 3.31552872e-01 3.31584882e-01 3.31718554e-01
 3.31770381e-01 3.32939213e-01 3.33751891e-01 3.33938102e-01
 3.35451172e-01 3.35656210e-01 3.35658102e-01 3.35715585e-01
 3.35766673e-01 3.36882559e-01 3.37486695e-01 3.38508599e-01
 3.38540225e-01 3.38587285e-01 3.38616472e-01 3.39374600e-01
 3.40494309e-01 3.41151144e-01 3.41538328e-01 3.41675766e-01
 3.42134090e-01 3.42690368e-01 3.43047114e-01 3.44127444e-01
 3.44681810e-01 3.45129028e-01 3.45809418e-01 3.46836851e-01
 3.47571971e-01 3.49031779e-01 3.49064515e-01 3.50571095e-01
 3.50823116e-01 3.51447682e-01 3.51790645e-01 3.53051285e-01
 3.53701919e-01 3.54590011e-01 3.54872175e-01 3.55981717e-01
 3.56557205e-01 3.57035216e-01 3.57287522e-01 3.57548053e-01
 3.59200296e-01 3.59764273e-01 3.61574257e-01 3.61670655e-01
 3.61828283e-01 3.62044550e-01 3.62409845e-01 3.63350465e-01
 3.63861349e-01 3.66314896e-01 3.69063914e-01 3.70538112e-01
 3.71430061e-01 3.71712715e-01 3.72745272e-01 3.73387558e-01
 3.73756484e-01 3.75445700e-01 3.75645289e-01 3.76861085e-01
 3.76889240e-01 3.78202851e-01 3.78909578e-01 3.79187829e-01
 3.79861083e-01 3.81536969e-01 3.84088623e-01 3.84315780e-01
 3.86784337e-01 3.87465836e-01 3.87817967e-01 3.89590025e-01
 3.91566316e-01 3.93518364e-01 3.93816034e-01 3.94705644e-01
 3.95113527e-01 3.97486611e-01 3.97654462e-01 3.98689013e-01
 3.99318536e-01 3.99998631e-01 4.01563204e-01 4.01696783e-01
 4.04234533e-01 4.05662253e-01 4.05992507e-01 4.06823537e-01
 4.06949694e-01 4.07889571e-01 4.08125683e-01 4.09724801e-01
 4.10122666e-01 4.10161549e-01 4.10821323e-01 4.11423925e-01
 4.11788293e-01 4.12003935e-01 4.12830009e-01 4.13850769e-01
 4.14525521e-01 4.15555723e-01 4.15586821e-01 4.18761265e-01
 4.21648069e-01 4.22428087e-01 4.22568999e-01 4.22634033e-01
 4.22899914e-01 4.23545613e-01 4.25202322e-01 4.25408678e-01
 4.25846476e-01 4.25889141e-01 4.29404710e-01 4.30972752e-01
 4.31350475e-01 4.33279684e-01 4.33391177e-01 4.34134229e-01
 4.34185477e-01 4.38794738e-01 4.40689214e-01 4.42159045e-01
 4.42495662e-01 4.42577006e-01 4.44667274e-01 4.44737864e-01
 4.44815188e-01 4.46530972e-01 4.46802979e-01 4.48574855e-01
 4.48872619e-01 4.49174661e-01 4.49802312e-01 4.50221719e-01
 4.53844924e-01 4.55382356e-01 4.56437885e-01 4.56480880e-01
 4.56699102e-01 4.58077681e-01 4.62552309e-01 4.66758396e-01
 4.67542907e-01 4.68908888e-01 4.72880227e-01 4.73123026e-01
 4.73235774e-01 4.73291195e-01 4.73503686e-01 4.73758703e-01
 4.74124423e-01 4.75671351e-01 4.75742813e-01 4.76379658e-01
 4.76724106e-01 4.78815211e-01 4.80286671e-01 4.83026974e-01
 4.84248075e-01 4.84278908e-01 4.85141029e-01 4.88709393e-01
 4.89053177e-01 4.91162708e-01 4.93224929e-01 4.93525357e-01
 4.95863670e-01 4.96080105e-01 5.00217386e-01 5.00481175e-01
 5.01230799e-01 5.02761486e-01 5.05285060e-01 5.05712666e-01
 5.07849713e-01 5.07913180e-01 5.09748302e-01 5.10020202e-01
 5.10595094e-01 5.12452596e-01 5.14769054e-01 5.16739598e-01
 5.17186763e-01 5.17992517e-01 5.18855913e-01 5.18912604e-01
 5.20423109e-01 5.20487993e-01 5.22031417e-01 5.22581751e-01
 5.22874277e-01 5.24006612e-01 5.25615992e-01 5.26047535e-01
 5.26301920e-01 5.26966045e-01 5.27645994e-01 5.27699174e-01
 5.28354027e-01 5.29510762e-01 5.30446527e-01 5.30472832e-01
 5.31885728e-01 5.32632032e-01 5.34077617e-01 5.35260976e-01
 5.36267882e-01 5.37047581e-01 5.40669890e-01 5.43432609e-01
 5.44674604e-01 5.45070494e-01 5.46882200e-01 5.47503407e-01
 5.50587638e-01 5.51813890e-01 5.52112128e-01 5.52374529e-01
 5.53799140e-01 5.53935444e-01 5.54377120e-01 5.54554672e-01
 5.55292247e-01 5.55895853e-01 5.58119554e-01 5.58296712e-01
 5.58457671e-01 5.59788039e-01 5.61750927e-01 5.63553279e-01
 5.64947204e-01 5.65380175e-01 5.65839142e-01 5.66658817e-01
 5.66930914e-01 5.68531998e-01 5.69607115e-01 5.70346217e-01
 5.72622499e-01 5.72945641e-01 5.73060407e-01 5.74538375e-01
 5.75711752e-01 5.75833577e-01 5.80718894e-01 5.80908747e-01
 5.82361191e-01 5.82787861e-01 5.83808636e-01 5.84697507e-01
 5.86926687e-01 5.89337184e-01 5.89472162e-01 5.89531358e-01
 5.94116165e-01 5.95291824e-01 5.97164713e-01 5.97733933e-01
 6.01640208e-01 6.01895785e-01 6.03367889e-01 6.03933141e-01
 6.05804586e-01 6.06139632e-01 6.08072599e-01 6.09299152e-01
 6.09664790e-01 6.09781746e-01 6.10035824e-01 6.10226767e-01
 6.11111450e-01 6.11395167e-01 6.12601258e-01 6.12604634e-01
 6.12719852e-01 6.12751559e-01 6.13812194e-01 6.13961890e-01
 6.14403652e-01 6.15099603e-01 6.15862428e-01 6.17238827e-01
 6.17709508e-01 6.18383259e-01 6.20370149e-01 6.20893992e-01
 6.21191508e-01 6.21263534e-01 6.21319170e-01 6.21727992e-01
 6.21921395e-01 6.22559636e-01 6.23227649e-01 6.24591439e-01
 6.25767782e-01 6.28353572e-01 6.30150287e-01 6.31398511e-01
 6.31839913e-01 6.32041039e-01 6.33129906e-01 6.33896459e-01
 6.35032964e-01 6.35708921e-01 6.35794422e-01 6.36261471e-01
 6.37390099e-01 6.37481581e-01 6.41949244e-01 6.42885339e-01
 6.43696072e-01 6.46103227e-01 6.47257812e-01 6.48248357e-01
 6.48607764e-01 6.49720131e-01 6.50534864e-01 6.53280337e-01
 6.53291339e-01 6.56575120e-01 6.57454686e-01 6.58434078e-01
 6.60622357e-01 6.61184788e-01 6.63467408e-01 6.63564955e-01
 6.65448062e-01 6.66416417e-01 6.68806922e-01 6.69344218e-01
 6.71525883e-01 6.71623312e-01 6.72183302e-01 6.74251583e-01
 6.74629290e-01 6.74778852e-01 6.75156872e-01 6.76155238e-01
 6.76585271e-01 6.78172889e-01 6.80257945e-01 6.80671260e-01
 6.80913989e-01 6.81052951e-01 6.83736028e-01 6.83830235e-01
 6.84953718e-01 6.85392206e-01 6.88091434e-01 6.89286506e-01
 6.89301708e-01 6.89860111e-01 6.89967906e-01 6.90127023e-01
 6.90729984e-01 6.92589645e-01 6.92713736e-01 6.93456281e-01
 6.93457636e-01 6.94437266e-01 6.94731604e-01 6.99431107e-01
 7.00555529e-01 7.00726814e-01 7.00768116e-01 7.01089046e-01
 7.01262835e-01 7.01459850e-01 7.01850640e-01 7.03309732e-01
 7.04914323e-01 7.05787487e-01 7.05991164e-01 7.06049991e-01
 7.07778175e-01 7.07847537e-01 7.09154935e-01 7.10111328e-01
 7.10716414e-01 7.11120258e-01 7.13420216e-01 7.19767416e-01
 7.20868659e-01 7.21064027e-01 7.21228018e-01 7.22292827e-01
 7.24230432e-01 7.26989806e-01 7.27530369e-01 7.28031526e-01
 7.29568281e-01 7.30654958e-01 7.30668079e-01 7.30909318e-01
 7.34367059e-01 7.35387666e-01 7.37228200e-01 7.37587453e-01
 7.37979977e-01 7.41131651e-01 7.41579088e-01 7.44399156e-01
 7.44628232e-01 7.44892484e-01 7.46063362e-01 7.46817777e-01
 7.51589428e-01 7.51620686e-01 7.54284347e-01 7.55170296e-01
 7.55588069e-01 7.56651439e-01 7.57443870e-01 7.58605551e-01
 7.58912303e-01 7.59596722e-01 7.59939219e-01 7.61022970e-01
 7.61702789e-01 7.65322453e-01 7.66260363e-01 7.67328325e-01
 7.67767372e-01 7.67775780e-01 7.68389322e-01 7.68871714e-01
 7.69349267e-01 7.69406306e-01 7.70091206e-01 7.73657957e-01
 7.74828344e-01 7.74860960e-01 7.75268016e-01 7.77892593e-01
 7.78131540e-01 7.80351320e-01 7.80476054e-01 7.84044571e-01
 7.84322109e-01 7.85405260e-01 7.86322613e-01 7.86879710e-01
 7.87149656e-01 7.88831307e-01 7.89326415e-01 7.93647647e-01
 7.93965056e-01 7.95535982e-01 7.97790213e-01 8.00021212e-01
 8.00413511e-01 8.00841638e-01 8.04003262e-01 8.04163739e-01
 8.04959717e-01 8.08297799e-01 8.08484540e-01 8.09535614e-01
 8.10957134e-01 8.12873712e-01 8.12922733e-01 8.17073448e-01
 8.19217741e-01 8.19394886e-01 8.20901416e-01 8.21107582e-01
 8.21945328e-01 8.29174729e-01 8.29862208e-01 8.29869305e-01
 8.30970322e-01 8.31713403e-01 8.32064279e-01 8.33835330e-01
 8.34197209e-01 8.34722437e-01 8.36686193e-01 8.37468094e-01
 8.37603040e-01 8.37696440e-01 8.38110734e-01 8.38291711e-01
 8.46513972e-01 8.47082115e-01 8.47424468e-01 8.47452555e-01
 8.49481446e-01 8.49837180e-01 8.51899391e-01 8.52135013e-01
 8.52515620e-01 8.52565030e-01 8.55552239e-01 8.56024981e-01
 8.58278660e-01 8.58683328e-01 8.58948528e-01 8.59017210e-01
 8.60655541e-01 8.62319749e-01 8.62667916e-01 8.62995011e-01
 8.63258017e-01 8.63419375e-01 8.64334423e-01 8.65287656e-01
 8.66751632e-01 8.67046374e-01 8.67255281e-01 8.67656347e-01
 8.67803559e-01 8.68067449e-01 8.68802755e-01 8.72548720e-01
 8.75232486e-01 8.78963782e-01 8.79272833e-01 8.80056809e-01
 8.80132036e-01 8.81267671e-01 8.81368318e-01 8.81746282e-01
 8.82143394e-01 8.82144845e-01 8.82632841e-01 8.84061458e-01
 8.84511410e-01 8.88973424e-01 8.88975666e-01 8.90909151e-01
 8.91086891e-01 8.91142513e-01 8.93970295e-01 8.95385883e-01
 8.99001056e-01 8.99739477e-01 9.01239036e-01 9.01280947e-01
 9.01691961e-01 9.02020078e-01 9.03396887e-01 9.03414701e-01
 9.03765942e-01 9.06718043e-01 9.07312545e-01 9.07815335e-01
 9.08318145e-01 9.08946674e-01 9.09632173e-01 9.09838834e-01
 9.10976621e-01 9.11885450e-01 9.12003643e-01 9.12708311e-01
 9.14725406e-01 9.16635369e-01 9.17215154e-01 9.19411805e-01
 9.19640979e-01 9.20190064e-01 9.20380755e-01 9.21465508e-01
 9.22581669e-01 9.22628808e-01 9.22976926e-01 9.23454792e-01
 9.24968393e-01 9.25457639e-01 9.27239834e-01 9.27780064e-01
 9.28141134e-01 9.29572021e-01 9.30471773e-01 9.31726940e-01
 9.32195434e-01 9.33586169e-01 9.34038730e-01 9.35574080e-01
 9.35736494e-01 9.36582652e-01 9.36784154e-01 9.37186895e-01
 9.37242118e-01 9.37500278e-01 9.39474671e-01 9.39567994e-01
 9.40756829e-01 9.43703685e-01 9.44535789e-01 9.46228654e-01
 9.49208186e-01 9.49629349e-01 9.49815778e-01 9.52983709e-01
 9.53235520e-01 9.53566467e-01 9.55327124e-01 9.55881481e-01
 9.58101575e-01 9.58226193e-01 9.59221230e-01 9.59228515e-01
 9.60074592e-01 9.60120343e-01 9.61358867e-01 9.61573293e-01
 9.63911604e-01 9.64120435e-01 9.64396636e-01 9.64453765e-01
 9.65285986e-01 9.65625004e-01 9.65636563e-01 9.66010007e-01
 9.66966353e-01 9.67283200e-01 9.67910114e-01 9.68021062e-01
 9.69266503e-01 9.70095260e-01 9.70379098e-01 9.70693894e-01
 9.72441700e-01 9.73014570e-01 9.74506932e-01 9.75640069e-01
 9.77701319e-01 9.77980409e-01 9.78902321e-01 9.78916788e-01
 9.79729922e-01 9.80730534e-01 9.81589932e-01 9.81602138e-01
 9.82358822e-01 9.83050667e-01 9.83556505e-01 9.85763941e-01
 9.85972262e-01 9.88613828e-01 9.90235923e-01 9.91141188e-01
 9.93041882e-01 9.93205819e-01 9.93963607e-01 9.94085383e-01
 9.94705259e-01 9.94917426e-01 9.97741222e-01 9.98314346e-01]"
