project_key,usability_label,Model,feature_importance,accuracy,confusion_matrix,classification_report,area_under_pre_recall_curve,avg_precision,area_under_roc_curve,y_pred,precision,recall,thresholds
Hyperledger,is_change_text_num_words_15,RF,"BERT_10_instability                       0.198202
BERT_15_instability                       0.176917
BERT_20_instability                       0.097397
BERT_5_instability                        0.087804
num_words                                 0.035479
len_description                           0.033125
len_sum_desc                              0.032606
8                                         0.019496
num_sentences                             0.019227
avg_num_word_in_sentence                  0.018709
1                                         0.018698
num_stopwords                             0.018581
12                                        0.018112
2                                         0.018041
num_issues_cretor_prev                    0.016903
avg_word_len                              0.016507
10                                        0.015516
14                                        0.014437
3                                         0.014285
9                                         0.013667
0                                         0.013499
7                                         0.013244
6                                         0.012787
13                                        0.011823
4                                         0.011625
11                                        0.011300
ratio_unusable_issues_text_by_previous    0.010896
5                                         0.010588
original_story_points_sprint              0.005966
time_until_add_sprint                     0.005303
dominant_topic_1                          0.001582
has_url                                   0.001304
block                                     0.001072
num_question_marks                        0.000877
has_acceptance_criteria                   0.000831
num_changes_text_before_sprint            0.000737
block_by                                  0.000729
num_headlines                             0.000713
relates                                   0.000697
num_changes_story_point_before_sprint     0.000519
duplicate                                 0.000095
has_please                                0.000070
duplicate_by                              0.000030
has_template                              0.000002
if_description_empty_tbd                  0.000000
if_acceptance_empty_tbd                   0.000000
len_acceptance                            0.000000
has_tbd                                   0.000000
num_comments_before_sprint                0.000000
priority                                  0.000000
noun_count                                0.000000
verb_count                                0.000000
adj_count                                 0.000000
has_code                                  0.000000
pron_count                                0.000000
adv_count                                 0.000000
dtype: float64",0.5404564315352697,"[[243.28978622 238.71021378]
 [102.72131148 379.27868852]]","              precision    recall  f1-score   support

           0       0.70      0.50      0.59 481.99999999999216
           1       0.61      0.79      0.69 482.00000000000114

    accuracy                           0.65 963.9999999999933
   macro avg       0.66      0.65      0.64 963.9999999999933
weighted avg       0.66      0.65      0.64 963.9999999999933
",0.5917487430766676,0.5987129981249122,0.6643627584595615,"[1 1 1 1 0 1 0 0 1 1 1 1 1 0 0 0 1 1 1 0 0 0 0 0 0 0 0 0 0 0 0 0 0 0 0 0 0
 1 0 0 0 0 0 0 1 1 0 0 0 0 1 0 1 0 0 0 0 1 1 0 1 0 1 0 0 0 1 0 0 1 0 0 1 1
 0 1 0 1 0 0 0 0 0 0 1 1 0 0 0 1 1 0 1 0 0 0 0 0 0 0 0 1 0 1 1 0 0 0 0 0 0
 1 1 1 1 1 1 0 0 0 1 1 0 0 1 0 0 0 0 0 0 1 1 0 1 1 0 1 0 1 0 1 1 0 1 1 0 0
 1 0 1 0 0 0 1 1 1 1 1 0 0 0 0 1 0 0 0 0 0 0 0 0 0 1 1 1 0 1 0 0 1 0 0 1 0
 0 1 0 1 0 0 0 0 0 1 1 1 1 1 1 1 1 0 1 0 0 1 1 1 0 1 1 1 0 0 1 1 0 0 0 1 0
 0 1 1 0 0 1 1 1 0 0 1 1 0 1 1 1 1 0 1 0 0 0 1 1 1 1 1 0 1 1 1 0 1 0 1 0 1
 0 1 1 1 0 1 1 1 1 1 1 0 1 1 1 1 1 1 1 1 1 0 1 0 1 1 1 1 0 0 0 1 1 1 1 1 1
 1 1 0 1 0 0 0 1 1 0 0 0 1 0 0 1 0 0 0 0 1 0 0 0 0 1 1 1 1 1 1 0 0 0 0 1 1
 1 0 0 1 0 0 1 1 1 1 1 1 0 1 1 1 1 1 1 1 1 1 0 1 0 1 1 1 1 1 0 1 1 0 1 1 0
 0 0 0 0 1 1 1 1 1 1 1 1 1 1 1 0 1 1 1 1 0 0 0 0 1 0 0 1 0 0 0 0 1 1 1 1 1
 1 1 1 1 1 1 1 1 1 1 1 1 0 1 1 1 0 1 1 1 1 1 1 0 0 0 0 0 1 1 0 1 0 0 1 0 0
 0 1 1 1 1 1 1 1 1 0 1 1 1 1 0 1 0 1 1 1 0 1 1 1 1 1 0 0 0 0 1 1 0 0 1 1 0
 1 0 1 0 1 1 1 0 1 1 0 0 1 1 1 1 0 0 0 0 0 0 1 0 0 0 1 0 1 0 0 0 0 0 0 1 1
 0 1 1 1 0 1 0 1 0 1 1 1 1 0 0 1 1 0 0 0 1 0 1 0 0 1 1 1 0 1 1 0 1 1 1 0 1
 0 0 1 1 1 0 1 0 0 0 0 0 1 1 1 1 0 1 0 1 1 1 1 1 1 1 1 1 1 1 1 1 1 1 1 1 1
 1 1 1 1 1 1 1 0 1 0 0 1 1 1 0 0 1 0 1 1 1 1 0 1 1 0 1 0 0 1 1 1 0 0 1 1 0
 0 1 1 0 0 0 0 1 0 1 0 0 1 0 1 0 1 1 0 1 0 1 1 0 1 1 0 1 0 1 1 1 1 1 0 1 1
 0 0 1 0 1 0 1 1 0 0 1 1 0 1 0 0 0 0 0 1 1 0 0 1 0 1 1 1 0 1 0 0 1 1 1 1 1
 0 0 1 1 0 0 1 1 1 0 1 1 1 1 1 1 0 0 0 0 1 0 0 0 0 0 0 0 1 1 1 0 0 0 1 1 1
 1 1 1 0 0 0 1 1 1 1 0 0 0 0 0 1 0 1 1 0 1 0 0 1 1 1 0 0 0 1 1 1 0 1 1 0 0
 1 1 0 1 1 1 1 1 1 1 1 0 0 1 1 0 0 0 0 1 1 1 0 0 1 1 0 1 1 1 0 1 0 0 0 0 1
 1 0 1 0 0 1 0 0 0 0 0 0 1 0 1 0 0 0 0 0 0 0 0 0 1 0 1 1 1 1 0 1 1 1 0 1 0
 1 1 0 1 1 1 1 1 0 0 0 1 1 0 0 0 0 0 1 1 0 1 1 0 0 0 0 0 1 0 1 0 0 1 1 1 0
 0 0 1 1 0 0 0 1 0 0 0 0 1 1 1 0 1 0 1 1 1 1 1 1 1 1 0 0 1 1 1 1 0 0 1 1 1
 1 1 1 0 1 0 1 1 0 0 0 1 0 0 0 0 1 0 0 0 0 0 1 1 1 1 0 1 0 0 1 0 0 0 0 0 1
 0 0]","[0.5        0.50208706 0.50268657 0.50298686 0.50328751 0.50358852
 0.50388989 0.50449371 0.50570571 0.50631389 0.50661853 0.50722892
 0.50753466 0.50845411 0.50876133 0.50906892 0.50937689 0.50968523
 0.50999394 0.51030303 0.51061249 0.51092233 0.51123254 0.51154313
 0.5118541  0.51216545 0.51247718 0.51278928 0.51310177 0.51341463
 0.51372788 0.51404151 0.51435553 0.51466993 0.51498471 0.51529988
 0.51561543 0.51593137 0.5162477  0.51656442 0.51688152 0.51719902
 0.5175169  0.51783518 0.51815385 0.51847291 0.51879236 0.51911221
 0.51943245 0.51975309 0.52007412 0.52039555 0.52071738 0.5210396
 0.52136223 0.52168525 0.52200868 0.52233251 0.52265673 0.52298137
 0.5233064  0.52363184 0.52395769 0.52428394 0.52461059 0.52493766
 0.52526513 0.52559301 0.5259213  0.52625    0.52657911 0.52690864
 0.52723857 0.52756892 0.52789969 0.52823087 0.52856246 0.52889447
 0.5292269  0.52955975 0.52989301 0.5302267  0.53056081 0.53089533
 0.53123028 0.53156566 0.53190145 0.53223767 0.53257432 0.53291139
 0.53324889 0.53358682 0.53392517 0.53426396 0.53460317 0.53494282
 0.5352829  0.53562341 0.53596435 0.53630573 0.53664755 0.5369898
 0.53733248 0.53767561 0.53801917 0.53836317 0.53870761 0.5390525
 0.53939782 0.53974359 0.5400898  0.54043646 0.54078356 0.54113111
 0.5414791  0.54182754 0.54217643 0.54252577 0.54287556 0.54322581
 0.5435765  0.54392765 0.54427925 0.54463131 0.54498382 0.54533679
 0.54569021 0.5460441  0.54400316 0.54435777 0.54471284 0.54506837
 0.54542437 0.54578083 0.54613776 0.54649516 0.54685303 0.54721136
 0.54757016 0.54792944 0.54828919 0.54864941 0.5490101  0.54937127
 0.54973291 0.55009503 0.55045763 0.5508207  0.55118425 0.55154829
 0.55191281 0.5522778  0.55264328 0.55300925 0.5533757  0.55374264
 0.55411006 0.55447797 0.55484637 0.55521526 0.55558464 0.55595451
 0.55632488 0.55669574 0.55706709 0.55743894 0.55781129 0.55818413
 0.55855747 0.55893131 0.55930566 0.5596805  0.56005585 0.5604317
 0.56080806 0.56118492 0.56156229 0.56194017 0.56231855 0.56269745
 0.56307686 0.56345677 0.56383721 0.56421815 0.56459961 0.56498159
 0.56536408 0.5657471  0.56613063 0.56651468 0.56689925 0.56728435
 0.56766997 0.56805611 0.56844278 0.56882998 0.5692177  0.56960596
 0.56999474 0.57038406 0.5707739  0.57116428 0.5715552  0.57194665
 0.57233863 0.57273116 0.57312422 0.57351782 0.57391197 0.57430665
 0.57470188 0.57509765 0.57549397 0.57589084 0.57628825 0.57426058
 0.57465904 0.57505805 0.57545762 0.57585775 0.57625843 0.57665967
 0.57706146 0.57746382 0.57786674 0.57827023 0.57867427 0.57907888
 0.57948406 0.57744352 0.5778498  0.57825665 0.57866408 0.57907208
 0.57948065 0.57988981 0.58029954 0.58070985 0.58112074 0.58153221
 0.57947719 0.57988981 0.58030301 0.58071681 0.58113119 0.58154617
 0.58196174 0.5823779  0.58279466 0.58321202 0.58362998 0.58404853
 0.58446769 0.58488744 0.58530781 0.58572877 0.58615034 0.58657252
 0.58699531 0.58741871 0.58784271 0.58826734 0.58620443 0.5866303
 0.58705679 0.5874839  0.58791163 0.58833998 0.58876896 0.58919856
 0.5896288  0.59005966 0.59049115 0.59092327 0.59135602 0.59178941
 0.59222344 0.59014888 0.59058422 0.59102021 0.59145684 0.59189412
 0.59233204 0.59023968 0.58812573 0.58856568 0.5890063  0.58944757
 0.5898895  0.5903321  0.59077537 0.5912193  0.59166389 0.59210916
 0.58997954 0.59042619 0.59087352 0.59132153 0.59177022 0.59221959
 0.59266965 0.59052199 0.59097347 0.59142563 0.59187849 0.59233204
 0.59016456 0.59061955 0.59107525 0.59153165 0.59198875 0.58980106
 0.59025963 0.59071891 0.59117891 0.59163962 0.59210106 0.59256321
 0.59302608 0.59348968 0.59395401 0.59441906 0.59488484 0.59535135
 0.59581859 0.59628657 0.59675528 0.59722473 0.59769492 0.59549702
 0.59596878 0.59644129 0.59691455 0.59738856 0.59786333 0.59833885
 0.59881513 0.59929217 0.59976997 0.60024853 0.60072785 0.59851516
 0.59899614 0.59675966 0.59724229 0.5977257  0.5982099  0.59869488
 0.59918064 0.5996672  0.60015455 0.59789919 0.59838824 0.59887809
 0.59936875 0.59709053 0.5975829  0.59807609 0.59857009 0.59906491
 0.59956055 0.60005701 0.59775827 0.5982565  0.59875556 0.59925545
 0.59975617 0.60025774 0.60076014 0.60126339 0.60176748 0.60227241
 0.6027782  0.60328483 0.60379232 0.60430066 0.60480986 0.60531991
 0.60300928 0.60352122 0.60403404 0.60169824 0.60221297 0.60272857
 0.60324507 0.60376244 0.60428071 0.60479986 0.60531991 0.60584086
 0.6063627  0.60688544 0.60740908 0.60793363 0.60845909 0.60898545
 0.60951272 0.61004091 0.61057002 0.61110004 0.61163099 0.60928813
 0.60982116 0.61035512 0.61089002 0.61142586 0.60905921 0.60959717
 0.61013608 0.61067595 0.61121677 0.61175855 0.61230129 0.612845
 0.61338967 0.61393531 0.61448192 0.61502951 0.61557807 0.61612762
 0.61667814 0.61722965 0.61778215 0.61833563 0.61596098 0.61651677
 0.61707357 0.61763137 0.61819018 0.61875    0.6163522  0.61691438
 0.61747759 0.61804182 0.6156177  0.61618433 0.61373058 0.61429961
 0.61181564 0.61238708 0.61295959 0.61353317 0.61102104 0.61159707
 0.61217418 0.61275238 0.61333168 0.61079217 0.61137396 0.60880226
 0.60938655 0.60997197 0.61055851 0.61114618 0.61173498 0.61232491
 0.61291599 0.61350821 0.61410157 0.61469608 0.61529174 0.61588856
 0.61648654 0.61708568 0.61768599 0.61828747 0.61889011 0.61949394
 0.62009894 0.62070513 0.6213125  0.61873769 0.61934785 0.61995922
 0.61735234 0.61796653 0.61858195 0.61919859 0.61656053 0.61718004
 0.61780079 0.61842279 0.61904605 0.61967056 0.62029633 0.62092337
 0.62155168 0.62218126 0.62281212 0.620154   0.62078788 0.61809376
 0.61873068 0.61936891 0.62000846 0.62064934 0.62129154 0.62193507
 0.62257993 0.62322614 0.62387368 0.62452258 0.62180775 0.62245986
 0.61970733 0.62036267 0.62101938 0.6216775  0.622337   0.61955151
 0.61672462 0.61738931 0.61805543 0.618723   0.61939201 0.62006246
 0.61720272 0.61787658 0.6185519  0.6192287  0.6163314  0.61701165
 0.61769341 0.61837667 0.61906145 0.61612762 0.61681593 0.61750578
 0.6145304  0.61522383 0.61591881 0.61661537 0.61731351 0.61801323
 0.61871454 0.61941744 0.62012194 0.62082804 0.61782469 0.61853456
 0.61924607 0.61995922 0.62067401 0.61763137 0.61453952 0.61526036
 0.6159829  0.61670714 0.61743309 0.61816074 0.61889011 0.61962121
 0.62035403 0.62108859 0.6218249  0.62256295 0.62330275 0.62404431
 0.62478764 0.62553275 0.62242504 0.61926533 0.62001712 0.62077073
 0.62152618 0.62228348 0.62304262 0.61984188 0.6206054  0.6213708
 0.6221381  0.61889011 0.61558581 0.61636011 0.61713637 0.61791458
 0.61456009 0.61534285 0.61612762 0.61691438 0.61350821 0.61429961
 0.61509306 0.61588856 0.61242914 0.61322937 0.6140317  0.61483613
 0.61564267 0.61645134 0.61726212 0.61807505 0.61889011 0.61970733
 0.62052672 0.62134827 0.61785644 0.6186831  0.61512918 0.61596098
 0.61234308 0.61318007 0.61401934 0.61033842 0.61118294 0.6120298
 0.61287901 0.61373058 0.60999057 0.61084754 0.60703737 0.60789976
 0.60876461 0.60963191 0.6105017  0.61137396 0.61224873 0.613126
 0.61400579 0.61014493 0.61103048 0.60709479 0.60798614 0.6088801
 0.6097767  0.61067595 0.61157785 0.61248242 0.61338967 0.60939647
 0.60531991 0.60623666 0.60715618 0.6030003  0.60392601 0.60485456
 0.60061651 0.60155134 0.59722473 0.59816585 0.59910994 0.60005701
 0.59564545 0.59659896 0.59755553 0.59851516 0.59947789 0.60044372
 0.59595096 0.59692349 0.59233204 0.59331129 0.59429378 0.59527953
 0.59626856 0.59726087 0.5982565  0.59358067 0.59458337 0.58980106
 0.59081086 0.59182411 0.59284085 0.59386108 0.59488484 0.59000686
 0.59103802 0.58604489 0.58708347 0.58812573 0.5891717  0.59022139
 0.59127483 0.59233204 0.59339304 0.5883035  0.58937241 0.59044521
 0.59152193 0.59260258 0.58740029 0.58848912 0.589582   0.59067895
 0.59177998 0.58645988 0.58756939 0.582113   0.5765103  0.57763242
 0.57188137 0.57301186 0.57414683 0.57528631 0.57643032 0.57757889
 0.57873204 0.57988981 0.58105222 0.5822193  0.58339107 0.58456757
 0.58574883 0.58693487 0.58812573 0.58227635 0.583477   0.58468261
 0.58589321 0.58710884 0.58111046 0.57493522 0.56857519 0.56981051
 0.57105122 0.57229735 0.56575745 0.56701369 0.56827551 0.56954296
 0.57081608 0.56409111 0.55715204 0.55844008 0.55973409 0.56103412
 0.56234019 0.56365236 0.56497067 0.56629516 0.55916247 0.56049808
 0.56184009 0.56318854 0.56454348 0.55719098 0.55855747 0.55993068
 0.56131065 0.55371969 0.54586139 0.54725763 0.54866103 0.55007165
 0.55148954 0.54336603 0.54479576 0.53637642 0.53781772 0.53926678
 0.54072368 0.54218847 0.54366122 0.54514199 0.54663085 0.54812786
 0.5496331  0.55114662 0.55266851 0.55419882 0.55573763 0.55728501
 0.54861079 0.53958986 0.54115687 0.542733   0.54431835 0.53494282
 0.53654233 0.53815143 0.53977021 0.54139875 0.54303716 0.54468551
 0.53494282 0.53660651 0.53828057 0.53996511 0.54166023 0.54336603
 0.5450826  0.54681006 0.5485485  0.53842055 0.54017642 0.54194379
 0.53136147 0.53314613 0.53494282 0.52386878 0.5256825  0.52750883
 0.52934789 0.53119982 0.53306475 0.52146986 0.52335287 0.52524952
 0.52715998 0.52908438 0.53102288 0.53297565 0.53494282 0.53692457
 0.52477407 0.52677678 0.52879483 0.53082839 0.53287767 0.53494282
 0.53702404 0.53912153 0.54123546 0.52847516 0.51498471 0.51712843
 0.51929007 0.52146986 0.52366803 0.5258848  0.52812043 0.53037514
 0.53264919 0.53494282 0.53725629 0.53958986 0.54194379 0.54431835
 0.5467138  0.54913043 0.55156853 0.55402837 0.55651024 0.55901446
 0.56154131 0.56409111 0.56666417 0.56926082 0.57188137 0.57452616
 0.57719552 0.57988981 0.58260936 0.5686477  0.57141717 0.57421374
 0.57703781 0.57988981 0.56505327 0.56795953 0.57089584 0.57386267
 0.57686049 0.57988981 0.5829511  0.56718161 0.57030615 0.57346531
 0.57665967 0.55973409 0.56299551 0.56629516 0.56963371 0.57301186
 0.57643032 0.57988981 0.58339107 0.56527577 0.56885979 0.57248954
 0.57616591 0.57988981 0.56027504 0.56409111 0.56795953 0.57188137
 0.57585775 0.57988981 0.58397873 0.58812573 0.59233204 0.57116428
 0.57549397 0.57988981 0.58435331 0.58888606 0.59348968 0.59816585
 0.60291629 0.60774278 0.58480344 0.58980106 0.59488484 0.60005701
 0.60531991 0.61067595 0.58535455 0.55651024 0.5621766  0.56795953
 0.53494282 0.54093245 0.54705773 0.55332332 0.55973409 0.56629516
 0.57301186 0.57988981 0.58693487 0.59415323 0.60155134 0.56409111
 0.57188137 0.57988981 0.58812573 0.59659896 0.60531991 0.61429961
 0.62354974 0.63308271 0.64291168 0.65305067 0.61067595 0.6216775
 0.63308271 0.64491422 0.59233204 0.60531991 0.61889011 0.63308271
 0.64794152 0.66351458 0.67985466 0.69701987 0.71507431 0.73408893
 0.75414241 0.77532228 0.72130211 0.74733728 0.66351458 0.69701987
 0.73408893 0.57988981 0.         0.         0.         0.
 0.         1.        ]","[1.         1.         1.         1.         1.         1.
 1.         1.         1.         1.         1.         1.
 1.         1.         1.         1.         1.         1.
 1.         1.         1.         1.         1.         1.
 1.         1.         1.         1.         1.         1.
 1.         1.         1.         1.         1.         1.
 1.         1.         1.         1.         1.         1.
 1.         1.         1.         1.         1.         1.
 1.         1.         1.         1.         1.         1.
 1.         1.         1.         1.         1.         1.
 1.         1.         1.         1.         1.         1.
 1.         1.         1.         1.         1.         1.
 1.         1.         1.         1.         1.         1.
 1.         1.         1.         1.         1.         1.
 1.         1.         1.         1.         1.         1.
 1.         1.         1.         1.         1.         1.
 1.         1.         1.         1.         1.         1.
 1.         1.         1.         1.         1.         1.
 1.         1.         1.         1.         1.         1.
 1.         1.         1.         1.         1.         1.
 1.         1.         1.         1.         1.         1.
 1.         1.         0.99180328 0.99180328 0.99180328 0.99180328
 0.99180328 0.99180328 0.99180328 0.99180328 0.99180328 0.99180328
 0.99180328 0.99180328 0.99180328 0.99180328 0.99180328 0.99180328
 0.99180328 0.99180328 0.99180328 0.99180328 0.99180328 0.99180328
 0.99180328 0.99180328 0.99180328 0.99180328 0.99180328 0.99180328
 0.99180328 0.99180328 0.99180328 0.99180328 0.99180328 0.99180328
 0.99180328 0.99180328 0.99180328 0.99180328 0.99180328 0.99180328
 0.99180328 0.99180328 0.99180328 0.99180328 0.99180328 0.99180328
 0.99180328 0.99180328 0.99180328 0.99180328 0.99180328 0.99180328
 0.99180328 0.99180328 0.99180328 0.99180328 0.99180328 0.99180328
 0.99180328 0.99180328 0.99180328 0.99180328 0.99180328 0.99180328
 0.99180328 0.99180328 0.99180328 0.99180328 0.99180328 0.99180328
 0.99180328 0.99180328 0.99180328 0.99180328 0.99180328 0.99180328
 0.99180328 0.99180328 0.99180328 0.99180328 0.99180328 0.99180328
 0.99180328 0.99180328 0.99180328 0.99180328 0.99180328 0.98360656
 0.98360656 0.98360656 0.98360656 0.98360656 0.98360656 0.98360656
 0.98360656 0.98360656 0.98360656 0.98360656 0.98360656 0.98360656
 0.98360656 0.97540984 0.97540984 0.97540984 0.97540984 0.97540984
 0.97540984 0.97540984 0.97540984 0.97540984 0.97540984 0.97540984
 0.96721311 0.96721311 0.96721311 0.96721311 0.96721311 0.96721311
 0.96721311 0.96721311 0.96721311 0.96721311 0.96721311 0.96721311
 0.96721311 0.96721311 0.96721311 0.96721311 0.96721311 0.96721311
 0.96721311 0.96721311 0.96721311 0.96721311 0.95901639 0.95901639
 0.95901639 0.95901639 0.95901639 0.95901639 0.95901639 0.95901639
 0.95901639 0.95901639 0.95901639 0.95901639 0.95901639 0.95901639
 0.95901639 0.95081967 0.95081967 0.95081967 0.95081967 0.95081967
 0.95081967 0.94262295 0.93442623 0.93442623 0.93442623 0.93442623
 0.93442623 0.93442623 0.93442623 0.93442623 0.93442623 0.93442623
 0.92622951 0.92622951 0.92622951 0.92622951 0.92622951 0.92622951
 0.92622951 0.91803279 0.91803279 0.91803279 0.91803279 0.91803279
 0.90983607 0.90983607 0.90983607 0.90983607 0.90983607 0.90163934
 0.90163934 0.90163934 0.90163934 0.90163934 0.90163934 0.90163934
 0.90163934 0.90163934 0.90163934 0.90163934 0.90163934 0.90163934
 0.90163934 0.90163934 0.90163934 0.90163934 0.90163934 0.89344262
 0.89344262 0.89344262 0.89344262 0.89344262 0.89344262 0.89344262
 0.89344262 0.89344262 0.89344262 0.89344262 0.89344262 0.8852459
 0.8852459  0.87704918 0.87704918 0.87704918 0.87704918 0.87704918
 0.87704918 0.87704918 0.87704918 0.86885246 0.86885246 0.86885246
 0.86885246 0.86065574 0.86065574 0.86065574 0.86065574 0.86065574
 0.86065574 0.86065574 0.85245902 0.85245902 0.85245902 0.85245902
 0.85245902 0.85245902 0.85245902 0.85245902 0.85245902 0.85245902
 0.85245902 0.85245902 0.85245902 0.85245902 0.85245902 0.85245902
 0.8442623  0.8442623  0.8442623  0.83606557 0.83606557 0.83606557
 0.83606557 0.83606557 0.83606557 0.83606557 0.83606557 0.83606557
 0.83606557 0.83606557 0.83606557 0.83606557 0.83606557 0.83606557
 0.83606557 0.83606557 0.83606557 0.83606557 0.83606557 0.82786885
 0.82786885 0.82786885 0.82786885 0.82786885 0.81967213 0.81967213
 0.81967213 0.81967213 0.81967213 0.81967213 0.81967213 0.81967213
 0.81967213 0.81967213 0.81967213 0.81967213 0.81967213 0.81967213
 0.81967213 0.81967213 0.81967213 0.81967213 0.81147541 0.81147541
 0.81147541 0.81147541 0.81147541 0.81147541 0.80327869 0.80327869
 0.80327869 0.80327869 0.79508197 0.79508197 0.78688525 0.78688525
 0.77868852 0.77868852 0.77868852 0.77868852 0.7704918  0.7704918
 0.7704918  0.7704918  0.7704918  0.76229508 0.76229508 0.75409836
 0.75409836 0.75409836 0.75409836 0.75409836 0.75409836 0.75409836
 0.75409836 0.75409836 0.75409836 0.75409836 0.75409836 0.75409836
 0.75409836 0.75409836 0.75409836 0.75409836 0.75409836 0.75409836
 0.75409836 0.75409836 0.75409836 0.74590164 0.74590164 0.74590164
 0.73770492 0.73770492 0.73770492 0.73770492 0.7295082  0.7295082
 0.7295082  0.7295082  0.7295082  0.7295082  0.7295082  0.7295082
 0.7295082  0.7295082  0.7295082  0.72131148 0.72131148 0.71311475
 0.71311475 0.71311475 0.71311475 0.71311475 0.71311475 0.71311475
 0.71311475 0.71311475 0.71311475 0.71311475 0.70491803 0.70491803
 0.69672131 0.69672131 0.69672131 0.69672131 0.69672131 0.68852459
 0.68032787 0.68032787 0.68032787 0.68032787 0.68032787 0.68032787
 0.67213115 0.67213115 0.67213115 0.67213115 0.66393443 0.66393443
 0.66393443 0.66393443 0.66393443 0.6557377  0.6557377  0.6557377
 0.64754098 0.64754098 0.64754098 0.64754098 0.64754098 0.64754098
 0.64754098 0.64754098 0.64754098 0.64754098 0.63934426 0.63934426
 0.63934426 0.63934426 0.63934426 0.63114754 0.62295082 0.62295082
 0.62295082 0.62295082 0.62295082 0.62295082 0.62295082 0.62295082
 0.62295082 0.62295082 0.62295082 0.62295082 0.62295082 0.62295082
 0.62295082 0.62295082 0.6147541  0.60655738 0.60655738 0.60655738
 0.60655738 0.60655738 0.60655738 0.59836066 0.59836066 0.59836066
 0.59836066 0.59016393 0.58196721 0.58196721 0.58196721 0.58196721
 0.57377049 0.57377049 0.57377049 0.57377049 0.56557377 0.56557377
 0.56557377 0.56557377 0.55737705 0.55737705 0.55737705 0.55737705
 0.55737705 0.55737705 0.55737705 0.55737705 0.55737705 0.55737705
 0.55737705 0.55737705 0.54918033 0.54918033 0.54098361 0.54098361
 0.53278689 0.53278689 0.53278689 0.52459016 0.52459016 0.52459016
 0.52459016 0.52459016 0.51639344 0.51639344 0.50819672 0.50819672
 0.50819672 0.50819672 0.50819672 0.50819672 0.50819672 0.50819672
 0.50819672 0.5        0.5        0.49180328 0.49180328 0.49180328
 0.49180328 0.49180328 0.49180328 0.49180328 0.49180328 0.48360656
 0.47540984 0.47540984 0.47540984 0.46721311 0.46721311 0.46721311
 0.45901639 0.45901639 0.45081967 0.45081967 0.45081967 0.45081967
 0.44262295 0.44262295 0.44262295 0.44262295 0.44262295 0.44262295
 0.43442623 0.43442623 0.42622951 0.42622951 0.42622951 0.42622951
 0.42622951 0.42622951 0.42622951 0.41803279 0.41803279 0.40983607
 0.40983607 0.40983607 0.40983607 0.40983607 0.40983607 0.40163934
 0.40163934 0.39344262 0.39344262 0.39344262 0.39344262 0.39344262
 0.39344262 0.39344262 0.39344262 0.3852459  0.3852459  0.3852459
 0.3852459  0.3852459  0.37704918 0.37704918 0.37704918 0.37704918
 0.37704918 0.36885246 0.36885246 0.36065574 0.35245902 0.35245902
 0.3442623  0.3442623  0.3442623  0.3442623  0.3442623  0.3442623
 0.3442623  0.3442623  0.3442623  0.3442623  0.3442623  0.3442623
 0.3442623  0.3442623  0.3442623  0.33606557 0.33606557 0.33606557
 0.33606557 0.33606557 0.32786885 0.31967213 0.31147541 0.31147541
 0.31147541 0.31147541 0.30327869 0.30327869 0.30327869 0.30327869
 0.30327869 0.29508197 0.28688525 0.28688525 0.28688525 0.28688525
 0.28688525 0.28688525 0.28688525 0.28688525 0.27868852 0.27868852
 0.27868852 0.27868852 0.27868852 0.2704918  0.2704918  0.2704918
 0.2704918  0.26229508 0.25409836 0.25409836 0.25409836 0.25409836
 0.25409836 0.24590164 0.24590164 0.23770492 0.23770492 0.23770492
 0.23770492 0.23770492 0.23770492 0.23770492 0.23770492 0.23770492
 0.23770492 0.23770492 0.23770492 0.23770492 0.23770492 0.23770492
 0.2295082  0.22131148 0.22131148 0.22131148 0.22131148 0.21311475
 0.21311475 0.21311475 0.21311475 0.21311475 0.21311475 0.21311475
 0.20491803 0.20491803 0.20491803 0.20491803 0.20491803 0.20491803
 0.20491803 0.20491803 0.20491803 0.19672131 0.19672131 0.19672131
 0.18852459 0.18852459 0.18852459 0.18032787 0.18032787 0.18032787
 0.18032787 0.18032787 0.18032787 0.17213115 0.17213115 0.17213115
 0.17213115 0.17213115 0.17213115 0.17213115 0.17213115 0.17213115
 0.16393443 0.16393443 0.16393443 0.16393443 0.16393443 0.16393443
 0.16393443 0.16393443 0.16393443 0.1557377  0.14754098 0.14754098
 0.14754098 0.14754098 0.14754098 0.14754098 0.14754098 0.14754098
 0.14754098 0.14754098 0.14754098 0.14754098 0.14754098 0.14754098
 0.14754098 0.14754098 0.14754098 0.14754098 0.14754098 0.14754098
 0.14754098 0.14754098 0.14754098 0.14754098 0.14754098 0.14754098
 0.14754098 0.14754098 0.14754098 0.13934426 0.13934426 0.13934426
 0.13934426 0.13934426 0.13114754 0.13114754 0.13114754 0.13114754
 0.13114754 0.13114754 0.13114754 0.12295082 0.12295082 0.12295082
 0.12295082 0.1147541  0.1147541  0.1147541  0.1147541  0.1147541
 0.1147541  0.1147541  0.1147541  0.10655738 0.10655738 0.10655738
 0.10655738 0.10655738 0.09836066 0.09836066 0.09836066 0.09836066
 0.09836066 0.09836066 0.09836066 0.09836066 0.09836066 0.09016393
 0.09016393 0.09016393 0.09016393 0.09016393 0.09016393 0.09016393
 0.09016393 0.09016393 0.08196721 0.08196721 0.08196721 0.08196721
 0.08196721 0.08196721 0.07377049 0.06557377 0.06557377 0.06557377
 0.05737705 0.05737705 0.05737705 0.05737705 0.05737705 0.05737705
 0.05737705 0.05737705 0.05737705 0.05737705 0.05737705 0.04918033
 0.04918033 0.04918033 0.04918033 0.04918033 0.04918033 0.04918033
 0.04918033 0.04918033 0.04918033 0.04918033 0.04098361 0.04098361
 0.04098361 0.04098361 0.03278689 0.03278689 0.03278689 0.03278689
 0.03278689 0.03278689 0.03278689 0.03278689 0.03278689 0.03278689
 0.03278689 0.03278689 0.02459016 0.02459016 0.01639344 0.01639344
 0.01639344 0.00819672 0.         0.         0.         0.
 0.         0.        ]","[2.42402917e-04 3.15451626e-04 3.18929010e-04 3.39441427e-04
 5.56168478e-04 5.81844344e-04 6.29217187e-04 6.70311496e-04
 6.90176501e-04 7.17761236e-04 7.43360205e-04 7.76605439e-04
 7.92770267e-04 8.52214687e-04 8.69424527e-04 8.75682162e-04
 1.04086401e-03 1.05141713e-03 1.05712577e-03 1.19374736e-03
 1.21099879e-03 1.21976026e-03 1.27989044e-03 1.32270432e-03
 1.38511395e-03 1.40222286e-03 1.41109113e-03 1.42734569e-03
 1.44591452e-03 1.46235624e-03 1.51596450e-03 1.55088938e-03
 1.56268059e-03 1.56674453e-03 1.57556585e-03 1.63849230e-03
 1.64260046e-03 1.67269359e-03 1.79517000e-03 1.80319702e-03
 1.94842372e-03 1.97829665e-03 2.00169119e-03 2.00634378e-03
 2.13606489e-03 2.14353084e-03 2.15763742e-03 2.17993812e-03
 2.27056903e-03 2.32427867e-03 2.32869482e-03 2.36896715e-03
 2.37468080e-03 2.44392702e-03 2.50358673e-03 2.62805595e-03
 2.70130071e-03 2.77243594e-03 2.77738370e-03 2.79022149e-03
 2.79346914e-03 2.84215710e-03 2.86576832e-03 2.90844626e-03
 2.98518300e-03 3.03366236e-03 3.13688150e-03 3.14554496e-03
 3.15406048e-03 3.20727071e-03 3.21087200e-03 3.21093023e-03
 3.21112010e-03 3.21980321e-03 3.36074050e-03 3.50535514e-03
 3.51412724e-03 3.55767447e-03 3.71028420e-03 3.86805881e-03
 3.98578638e-03 4.10532117e-03 4.18868778e-03 4.29993368e-03
 4.31496180e-03 4.55826900e-03 4.61717817e-03 4.63161739e-03
 4.64382838e-03 4.71413419e-03 4.95715887e-03 5.40992272e-03
 5.63697976e-03 5.63936552e-03 5.73683431e-03 5.78693805e-03
 5.79911283e-03 6.01704862e-03 6.06128657e-03 6.07182859e-03
 6.26283480e-03 6.41651315e-03 6.50829825e-03 6.52577660e-03
 6.75920514e-03 6.86621641e-03 7.04893118e-03 7.13563532e-03
 7.17424234e-03 7.22027234e-03 7.41707001e-03 7.57442514e-03
 7.79294994e-03 7.84662612e-03 7.88833126e-03 7.94629548e-03
 7.99498345e-03 8.19773217e-03 8.25915650e-03 8.49793885e-03
 8.74492114e-03 8.91239137e-03 9.26254737e-03 9.27771228e-03
 9.64260561e-03 9.96443135e-03 1.01510056e-02 1.02818368e-02
 1.05828350e-02 1.07965833e-02 1.08949262e-02 1.08986565e-02
 1.09670502e-02 1.13626883e-02 1.17448946e-02 1.19161373e-02
 1.21353159e-02 1.29145630e-02 1.31450883e-02 1.33973465e-02
 1.34164923e-02 1.34356769e-02 1.36087572e-02 1.37053097e-02
 1.42089013e-02 1.45848250e-02 1.47826886e-02 1.48235768e-02
 1.53647064e-02 1.62024239e-02 1.72607710e-02 1.74740528e-02
 1.75389290e-02 1.77972559e-02 1.82837380e-02 1.90932014e-02
 2.07448880e-02 2.09171324e-02 2.09211224e-02 2.13954165e-02
 2.20142172e-02 2.24342797e-02 2.30043438e-02 2.37835321e-02
 2.43067164e-02 2.43139015e-02 2.51621076e-02 2.54924432e-02
 2.61601653e-02 2.62441840e-02 2.68437375e-02 2.86812644e-02
 2.87948494e-02 2.88543759e-02 2.95704323e-02 2.97576177e-02
 3.09298654e-02 3.11978524e-02 3.14092842e-02 3.24452766e-02
 3.36944219e-02 3.46368706e-02 3.57571092e-02 3.63790917e-02
 3.68069246e-02 3.78977152e-02 3.82957052e-02 4.03688019e-02
 4.04213199e-02 4.09771517e-02 4.22854444e-02 4.28561661e-02
 4.39088807e-02 4.49248449e-02 4.64870441e-02 4.73830390e-02
 4.76908956e-02 4.91953406e-02 4.97251492e-02 5.00127568e-02
 5.17666096e-02 5.35498015e-02 5.53334352e-02 5.58302792e-02
 5.75849980e-02 5.85785284e-02 5.99364157e-02 6.22052394e-02
 6.23470071e-02 6.79570292e-02 6.87561270e-02 6.95004137e-02
 6.98971988e-02 6.99523507e-02 7.16087734e-02 7.36685038e-02
 7.64447356e-02 7.71400123e-02 7.87672534e-02 8.19704420e-02
 8.21571981e-02 8.29007964e-02 8.45998679e-02 8.54818960e-02
 8.88277898e-02 9.16400470e-02 9.37524898e-02 9.42636176e-02
 9.49269446e-02 9.91785307e-02 1.00219117e-01 1.01037413e-01
 1.01129852e-01 1.03015784e-01 1.03062172e-01 1.05223545e-01
 1.06321324e-01 1.06590124e-01 1.06768331e-01 1.07809763e-01
 1.09069205e-01 1.13664958e-01 1.13701403e-01 1.14275594e-01
 1.17721263e-01 1.18951156e-01 1.22036467e-01 1.25908449e-01
 1.25966084e-01 1.26942257e-01 1.27847450e-01 1.35036500e-01
 1.35120455e-01 1.36643411e-01 1.40901617e-01 1.41054959e-01
 1.45205503e-01 1.46972713e-01 1.51116468e-01 1.51545512e-01
 1.52576788e-01 1.53971439e-01 1.54566349e-01 1.54823628e-01
 1.56598646e-01 1.59960634e-01 1.66764249e-01 1.66920319e-01
 1.72630754e-01 1.76505621e-01 1.76837966e-01 1.80440558e-01
 1.83234865e-01 1.91395987e-01 1.93165691e-01 2.01158918e-01
 2.02023423e-01 2.05006310e-01 2.06513439e-01 2.08958286e-01
 2.09676362e-01 2.10567542e-01 2.11290806e-01 2.12175155e-01
 2.14717832e-01 2.15649821e-01 2.16790177e-01 2.19177848e-01
 2.19291186e-01 2.20392026e-01 2.20854395e-01 2.24863779e-01
 2.30069727e-01 2.37057860e-01 2.38930250e-01 2.42314810e-01
 2.43125041e-01 2.44992430e-01 2.45048024e-01 2.57459601e-01
 2.58129142e-01 2.60919098e-01 2.62015552e-01 2.62729714e-01
 2.63463721e-01 2.69341519e-01 2.70414292e-01 2.70679130e-01
 2.71683665e-01 2.72102322e-01 2.77478091e-01 2.79404884e-01
 2.86502478e-01 2.87030280e-01 2.87367799e-01 2.87982888e-01
 2.88344360e-01 2.92586705e-01 2.93940280e-01 2.97806320e-01
 3.02006482e-01 3.02414684e-01 3.05212981e-01 3.07246912e-01
 3.07297415e-01 3.08781851e-01 3.09878852e-01 3.12090842e-01
 3.13815061e-01 3.18753295e-01 3.18956578e-01 3.19320242e-01
 3.27149775e-01 3.28935192e-01 3.29977927e-01 3.33155411e-01
 3.34092843e-01 3.34780039e-01 3.37787521e-01 3.38983103e-01
 3.40467300e-01 3.41384410e-01 3.41419728e-01 3.41587878e-01
 3.45828958e-01 3.48393410e-01 3.50043560e-01 3.50104717e-01
 3.59778677e-01 3.64359640e-01 3.65327109e-01 3.65994837e-01
 3.67621854e-01 3.67702233e-01 3.69017530e-01 3.72376479e-01
 3.74750269e-01 3.77990460e-01 3.78119944e-01 3.81121677e-01
 3.81935428e-01 3.82507274e-01 3.83110331e-01 3.86818313e-01
 3.87324658e-01 3.89306917e-01 3.93960643e-01 3.94714508e-01
 4.00539200e-01 4.03895178e-01 4.05324712e-01 4.07314071e-01
 4.07480408e-01 4.11141077e-01 4.11471050e-01 4.23298642e-01
 4.23623313e-01 4.23790786e-01 4.24884586e-01 4.25193122e-01
 4.29117157e-01 4.29121931e-01 4.29654740e-01 4.30164538e-01
 4.30993466e-01 4.34044623e-01 4.36284269e-01 4.38319799e-01
 4.38563279e-01 4.38798574e-01 4.41038571e-01 4.41403504e-01
 4.41520353e-01 4.42103477e-01 4.42782333e-01 4.48268144e-01
 4.48694597e-01 4.49620959e-01 4.50844613e-01 4.51169168e-01
 4.57435411e-01 4.58795788e-01 4.59876792e-01 4.60061892e-01
 4.61056678e-01 4.61848467e-01 4.62128531e-01 4.62366863e-01
 4.63190825e-01 4.64869185e-01 4.67182718e-01 4.67540662e-01
 4.67986785e-01 4.69636935e-01 4.71459935e-01 4.74225782e-01
 4.75432439e-01 4.76345585e-01 4.76578604e-01 4.78793791e-01
 4.80272616e-01 4.84690034e-01 4.85265748e-01 4.85520610e-01
 4.85623228e-01 4.85721648e-01 4.88849757e-01 4.92012425e-01
 4.92640637e-01 4.94109174e-01 4.94984094e-01 4.95017411e-01
 4.98063372e-01 4.98108349e-01 4.98132444e-01 4.99871835e-01
 5.06006195e-01 5.06305848e-01 5.06329124e-01 5.06800296e-01
 5.08527372e-01 5.08995148e-01 5.10841640e-01 5.11229900e-01
 5.13558188e-01 5.14126500e-01 5.17128750e-01 5.19668977e-01
 5.19735541e-01 5.23465128e-01 5.23991162e-01 5.24586064e-01
 5.24727437e-01 5.25096103e-01 5.25101336e-01 5.26716511e-01
 5.28582472e-01 5.28769674e-01 5.29798287e-01 5.30119524e-01
 5.32703057e-01 5.33452226e-01 5.33891019e-01 5.37511072e-01
 5.38211205e-01 5.39585457e-01 5.40032138e-01 5.41852482e-01
 5.42025938e-01 5.42101824e-01 5.43664537e-01 5.44463316e-01
 5.45030363e-01 5.45632660e-01 5.45774952e-01 5.46764627e-01
 5.47198237e-01 5.47632085e-01 5.48304977e-01 5.48421757e-01
 5.50337823e-01 5.52165257e-01 5.52236506e-01 5.52441082e-01
 5.53295816e-01 5.54400326e-01 5.55009386e-01 5.55949436e-01
 5.58298715e-01 5.60154619e-01 5.60273901e-01 5.63270083e-01
 5.63855447e-01 5.64510669e-01 5.68085114e-01 5.68780886e-01
 5.69321299e-01 5.71599972e-01 5.73363446e-01 5.73618992e-01
 5.74091711e-01 5.74530840e-01 5.75500284e-01 5.77882178e-01
 5.78261647e-01 5.78989135e-01 5.80896120e-01 5.82017428e-01
 5.82292740e-01 5.85534794e-01 5.85949695e-01 5.88262682e-01
 5.89086921e-01 5.89262998e-01 5.89513373e-01 5.91637018e-01
 5.93820603e-01 5.95497990e-01 5.96894503e-01 5.97046964e-01
 5.97349517e-01 5.97506958e-01 5.97790940e-01 5.98815209e-01
 5.99872997e-01 6.00624051e-01 6.00692640e-01 6.02066521e-01
 6.02352902e-01 6.04509316e-01 6.04804580e-01 6.06721989e-01
 6.07447795e-01 6.08246844e-01 6.08300398e-01 6.09183173e-01
 6.09730390e-01 6.09825449e-01 6.09901740e-01 6.09974881e-01
 6.11125473e-01 6.13713345e-01 6.14059101e-01 6.15578049e-01
 6.16196860e-01 6.17224739e-01 6.19654519e-01 6.20572214e-01
 6.21041380e-01 6.21629228e-01 6.23654972e-01 6.23958847e-01
 6.25888285e-01 6.26204271e-01 6.27058301e-01 6.27117083e-01
 6.27324019e-01 6.27698448e-01 6.28473850e-01 6.32673802e-01
 6.33079687e-01 6.34476510e-01 6.34539491e-01 6.35727212e-01
 6.35871883e-01 6.35893724e-01 6.35898562e-01 6.36930090e-01
 6.38508236e-01 6.38556120e-01 6.38571196e-01 6.39118305e-01
 6.39494380e-01 6.39916440e-01 6.40435710e-01 6.40835595e-01
 6.42970972e-01 6.46215895e-01 6.47176612e-01 6.49672511e-01
 6.50658006e-01 6.51114467e-01 6.51187238e-01 6.51404405e-01
 6.51673018e-01 6.53343721e-01 6.53455477e-01 6.53914280e-01
 6.55916881e-01 6.55931601e-01 6.55952293e-01 6.56799399e-01
 6.57445510e-01 6.58769384e-01 6.58894200e-01 6.58928733e-01
 6.59308836e-01 6.60107282e-01 6.60400359e-01 6.61078764e-01
 6.61638919e-01 6.61935111e-01 6.63010170e-01 6.63751909e-01
 6.65155204e-01 6.65686394e-01 6.66026271e-01 6.67181220e-01
 6.67206271e-01 6.69248126e-01 6.69398257e-01 6.69590888e-01
 6.69971412e-01 6.70018429e-01 6.70191786e-01 6.72766983e-01
 6.73038964e-01 6.73263910e-01 6.73358351e-01 6.73475576e-01
 6.74845577e-01 6.74881522e-01 6.75168749e-01 6.75284369e-01
 6.77560759e-01 6.77670608e-01 6.77679460e-01 6.77815619e-01
 6.77928425e-01 6.78947916e-01 6.79764549e-01 6.80961313e-01
 6.82591788e-01 6.82892346e-01 6.83614591e-01 6.86212202e-01
 6.87147119e-01 6.87442750e-01 6.87842350e-01 6.88359472e-01
 6.91486209e-01 6.92182026e-01 6.92816368e-01 6.93158055e-01
 6.93234867e-01 6.93948412e-01 6.94119154e-01 6.95069186e-01
 6.95431422e-01 6.97032492e-01 6.97430175e-01 6.97581116e-01
 6.97911432e-01 6.98107872e-01 6.98233215e-01 6.98669601e-01
 6.99577152e-01 7.00061836e-01 7.01144794e-01 7.03055284e-01
 7.03608084e-01 7.03637607e-01 7.03647743e-01 7.06054509e-01
 7.06458947e-01 7.07811842e-01 7.07846729e-01 7.08795962e-01
 7.08832748e-01 7.10053945e-01 7.11230236e-01 7.11903588e-01
 7.12582010e-01 7.12584916e-01 7.12905446e-01 7.13185492e-01
 7.13706632e-01 7.14171242e-01 7.15332825e-01 7.15524476e-01
 7.15779526e-01 7.16056030e-01 7.16886380e-01 7.17240497e-01
 7.17243803e-01 7.19375925e-01 7.20450546e-01 7.20575331e-01
 7.20875572e-01 7.20968729e-01 7.21016220e-01 7.21275457e-01
 7.21651810e-01 7.21693026e-01 7.21836710e-01 7.22320073e-01
 7.22559487e-01 7.23331461e-01 7.23352231e-01 7.24351516e-01
 7.24945078e-01 7.27473916e-01 7.27487425e-01 7.28901587e-01
 7.29084654e-01 7.29313245e-01 7.29364025e-01 7.29727138e-01
 7.30048207e-01 7.32029507e-01 7.32327957e-01 7.32419703e-01
 7.32869891e-01 7.34448361e-01 7.35052394e-01 7.35704962e-01
 7.35706008e-01 7.35794209e-01 7.36829650e-01 7.37116971e-01
 7.37204866e-01 7.38095466e-01 7.39855608e-01 7.42783020e-01
 7.43079769e-01 7.43283052e-01 7.43308273e-01 7.43519354e-01
 7.44277524e-01 7.44420017e-01 7.44494775e-01 7.46047750e-01
 7.46398922e-01 7.46587808e-01 7.47068785e-01 7.47171220e-01
 7.49867388e-01 7.50044924e-01 7.50880638e-01 7.51888084e-01
 7.52180720e-01 7.52937752e-01 7.53351993e-01 7.53380658e-01
 7.54478307e-01 7.54797285e-01 7.55161676e-01 7.57689247e-01
 7.58000159e-01 7.58309271e-01 7.59699338e-01 7.59702494e-01
 7.60086638e-01 7.60273784e-01 7.61832634e-01 7.62019704e-01
 7.62057582e-01 7.63210817e-01 7.63273314e-01 7.64597992e-01
 7.64692149e-01 7.64877153e-01 7.65109928e-01 7.65414818e-01
 7.65587164e-01 7.66024864e-01 7.66784060e-01 7.66784696e-01
 7.66875185e-01 7.67141123e-01 7.68116061e-01 7.68306842e-01
 7.69477451e-01 7.73077093e-01 7.73153584e-01 7.73348004e-01
 7.75679528e-01 7.76186773e-01 7.79651831e-01 7.80234695e-01
 7.80703470e-01 7.80716894e-01 7.81983082e-01 7.83058838e-01
 7.83138878e-01 7.84103771e-01 7.85004824e-01 7.85024146e-01
 7.85340485e-01 7.86316520e-01 7.86352516e-01 7.86915057e-01
 7.87623985e-01 7.89024015e-01 7.89332893e-01 7.89924721e-01
 7.90456864e-01 7.90874122e-01 7.90941921e-01 7.91357595e-01
 7.92083863e-01 7.92277940e-01 7.92285875e-01 7.92347113e-01
 7.92487442e-01 7.92546395e-01 7.96605587e-01 7.97276999e-01
 7.97370984e-01 7.98113392e-01 7.98246174e-01 7.98574615e-01
 7.98810080e-01 7.99265340e-01 7.99715819e-01 7.99800031e-01
 8.00091609e-01 8.05452137e-01 8.06912039e-01 8.06974636e-01
 8.07477784e-01 8.07695747e-01 8.10107045e-01 8.13699233e-01
 8.15067598e-01 8.17320533e-01 8.18747493e-01 8.20078678e-01
 8.22510250e-01 8.24087387e-01 8.24565524e-01 8.26125773e-01
 8.26434589e-01 8.26802939e-01 8.27240204e-01 8.27466849e-01
 8.27609443e-01 8.28336040e-01 8.29536152e-01 8.29961346e-01
 8.30812443e-01 8.30886832e-01 8.32856148e-01 8.33573573e-01
 8.33812174e-01 8.34503882e-01 8.37278699e-01 8.39483210e-01
 8.44127137e-01 8.45390236e-01 8.47884622e-01 8.48031985e-01
 8.49269090e-01 8.50387694e-01 8.50533669e-01 8.51489206e-01
 8.51523490e-01 8.54574062e-01 8.55200296e-01 8.55200823e-01
 8.55202706e-01 8.55317392e-01 8.56688045e-01 8.56774686e-01
 8.62498192e-01 8.62729556e-01 8.63287277e-01 8.63666470e-01
 8.63922282e-01 8.66262262e-01 8.68932333e-01 8.70168638e-01
 8.71015583e-01 8.75166830e-01 8.78282222e-01 8.78363096e-01
 8.80877232e-01 8.81930015e-01 8.82263175e-01 8.84943129e-01
 8.88719287e-01 8.90665891e-01 8.91288771e-01 8.93443608e-01
 8.95578963e-01 8.95845040e-01 8.95905860e-01 8.96310410e-01
 8.97281212e-01 8.97579799e-01 8.99736855e-01 9.00891262e-01
 9.03472029e-01 9.05952814e-01 9.06556909e-01 9.06573800e-01
 9.09037824e-01 9.12950230e-01 9.13232892e-01 9.14295218e-01
 9.19073339e-01 9.21025564e-01 9.22366007e-01 9.24036723e-01
 9.24611684e-01 9.25872106e-01 9.26031102e-01 9.26867099e-01
 9.27875628e-01 9.27931595e-01 9.27964575e-01 9.29036469e-01
 9.29077924e-01 9.29298118e-01 9.31465051e-01 9.32145555e-01
 9.32863609e-01 9.33922172e-01 9.36651857e-01 9.38429445e-01
 9.39326351e-01 9.39409394e-01 9.39597322e-01 9.40462896e-01
 9.40590255e-01 9.41761670e-01 9.42368498e-01 9.42792155e-01
 9.44052984e-01 9.45788133e-01 9.47495467e-01 9.47684900e-01
 9.47765919e-01 9.49359786e-01 9.53101233e-01 9.55197593e-01
 9.55847747e-01 9.55974728e-01 9.56774017e-01 9.61425172e-01
 9.61691864e-01 9.62631451e-01 9.66851714e-01 9.67893162e-01
 9.69172105e-01 9.72003802e-01 9.73293611e-01 9.73410625e-01
 9.74515375e-01]"
Hyperledger,is_change_text_num_words_15,XGboost,"BERT_10_instability                       1.624173e-01
BERT_20_instability                       1.397044e-01
BERT_15_instability                       1.269333e-01
BERT_5_instability                        5.775085e-02
num_words                                 3.704838e-02
num_stopwords                             3.351323e-02
12                                        2.624071e-02
14                                        2.535203e-02
2                                         2.271850e-02
11                                        2.262018e-02
8                                         2.153741e-02
13                                        2.057713e-02
7                                         2.054764e-02
1                                         1.965938e-02
num_issues_cretor_prev                    1.956564e-02
ratio_unusable_issues_text_by_previous    1.845695e-02
len_description                           1.824083e-02
10                                        1.818767e-02
9                                         1.723521e-02
avg_num_word_in_sentence                  1.707632e-02
avg_word_len                              1.703546e-02
3                                         1.703459e-02
6                                         1.535345e-02
5                                         1.468937e-02
original_story_points_sprint              1.463213e-02
4                                         1.437825e-02
len_sum_desc                              1.417105e-02
0                                         1.352354e-02
time_until_add_sprint                     1.004124e-02
num_sentences                             7.911966e-03
num_headlines                             3.804541e-03
has_acceptance_criteria                   2.476764e-03
dominant_topic_1                          2.266751e-03
num_changes_text_before_sprint            1.786641e-03
relates                                   1.470800e-03
block                                     1.434501e-03
block_by                                  9.954138e-04
duplicate                                 7.035668e-04
num_question_marks                        5.463104e-04
has_url                                   3.414846e-04
duplicate_by                              1.616296e-05
has_please                                3.026544e-06
num_changes_story_point_before_sprint     4.236354e-11
has_tbd                                   1.245764e-12
has_template                              0.000000e+00
if_acceptance_empty_tbd                   0.000000e+00
len_acceptance                            0.000000e+00
num_comments_before_sprint                0.000000e+00
if_description_empty_tbd                  0.000000e+00
priority                                  0.000000e+00
noun_count                                0.000000e+00
verb_count                                0.000000e+00
adj_count                                 0.000000e+00
has_code                                  0.000000e+00
pron_count                                0.000000e+00
adv_count                                 0.000000e+00
dtype: float64",0.8340248962655602,"[[456.81235154  25.18764846]
 [458.29508197  23.70491803]]","              precision    recall  f1-score   support

           0       0.50      0.95      0.65 481.99999999999216
           1       0.48      0.05      0.09 482.00000000000114

    accuracy                           0.50 963.9999999999933
   macro avg       0.49      0.50      0.37 963.9999999999933
weighted avg       0.49      0.50      0.37 963.9999999999933
",0.6080956701473099,0.6146081130281117,0.6897511779136326,"[0 0 0 0 0 0 0 0 0 0 0 0 0 0 0 0 0 0 0 0 0 0 0 0 0 0 0 0 0 0 0 0 0 0 0 0 0
 1 0 0 0 0 0 0 0 0 0 0 0 0 0 0 0 0 0 0 0 0 0 0 0 0 0 0 0 0 0 0 0 0 0 0 0 1
 0 1 0 0 0 0 0 0 0 0 0 0 0 0 0 0 1 0 0 0 0 0 0 0 0 0 0 0 0 0 0 0 0 0 0 0 0
 0 0 0 1 0 1 0 0 0 0 0 0 0 0 0 0 0 0 0 0 0 0 0 0 0 0 0 0 0 0 0 0 0 0 0 0 0
 0 0 0 0 0 0 0 0 0 0 0 0 0 0 0 0 0 0 0 0 0 0 0 0 0 0 0 0 0 0 0 0 0 0 0 0 0
 0 0 0 0 0 0 0 0 0 0 0 1 0 0 0 0 0 0 0 0 0 0 0 0 0 0 0 0 0 0 0 1 0 0 0 0 0
 0 0 0 0 0 0 0 0 0 0 0 0 0 0 0 0 0 0 0 0 0 0 0 0 0 0 0 0 0 0 0 0 0 0 0 0 0
 0 0 0 0 0 0 0 0 0 0 0 0 0 0 1 0 0 1 0 0 0 0 0 0 0 0 0 0 0 0 0 0 0 0 0 0 1
 1 1 0 0 0 0 0 0 0 0 0 0 0 0 0 0 0 0 0 0 0 0 0 0 0 0 0 0 0 0 0 0 0 0 0 0 0
 0 0 0 0 0 0 1 0 1 0 0 0 0 0 0 0 0 0 0 1 0 0 0 0 0 0 0 0 0 0 0 0 0 0 0 0 0
 0 0 0 0 0 0 0 0 0 0 0 0 0 0 0 0 0 0 0 0 0 0 0 0 0 0 0 0 0 0 0 0 0 0 0 1 0
 0 1 0 0 0 0 0 0 0 0 0 0 0 0 0 0 0 0 0 0 0 0 1 0 0 0 0 0 0 0 0 0 0 0 0 0 0
 0 1 0 0 0 0 0 1 0 0 0 1 0 0 0 0 0 0 0 0 0 0 0 0 0 0 0 0 0 0 0 0 0 0 0 0 0
 0 0 0 0 0 0 0 0 0 0 0 0 0 0 0 0 0 0 0 0 0 0 0 0 0 0 0 0 1 0 0 0 0 0 0 0 0
 0 0 0 0 0 0 0 0 0 0 0 0 0 0 0 0 0 0 0 0 1 0 0 0 0 0 0 0 0 0 0 0 1 0 0 0 0
 0 0 0 0 0 0 1 0 0 0 0 0 1 0 0 0 0 0 0 0 0 0 0 0 0 1 1 0 0 1 0 1 1 1 1 1 1
 1 1 1 0 0 0 0 0 0 0 0 0 0 0 0 0 0 0 0 0 0 0 0 0 0 0 0 0 0 0 0 0 0 0 0 0 0
 0 1 0 0 0 0 0 0 0 0 0 0 0 0 0 0 0 0 0 0 0 0 0 0 0 0 0 0 0 0 0 1 0 0 0 0 0
 0 0 0 0 0 0 0 0 0 0 0 0 0 0 0 0 0 0 0 0 0 0 0 0 0 0 1 1 0 0 0 0 0 0 0 0 0
 0 0 0 0 0 0 0 0 0 0 0 0 0 0 0 0 0 0 0 0 0 0 0 0 0 0 0 0 0 0 0 0 0 0 0 0 0
 0 0 0 0 0 0 0 0 0 1 0 0 0 0 0 0 0 0 0 0 0 0 0 0 0 0 0 0 0 0 1 0 0 0 0 0 0
 0 0 0 0 0 0 0 0 0 0 0 0 0 0 0 0 0 0 0 0 0 0 0 0 0 0 0 0 1 0 0 0 0 0 0 0 0
 0 0 0 0 0 0 0 0 0 0 0 0 0 0 0 0 0 0 0 0 0 0 0 0 0 0 0 0 0 0 0 0 0 0 0 0 0
 0 0 0 0 0 0 0 0 0 0 0 0 0 0 0 0 0 0 0 0 0 0 0 0 0 0 0 0 0 0 0 0 0 0 0 0 0
 0 0 0 0 0 0 0 0 0 0 0 0 0 0 0 0 0 0 0 1 0 0 0 0 0 0 0 0 0 0 0 0 0 0 0 0 0
 0 1 0 0 0 0 0 0 0 0 0 0 0 0 0 0 0 0 0 0 0 0 0 0 0 0 0 1 0 0 0 0 0 0 0 0 1
 0 0]","[0.5        0.50029709 0.50059453 0.50089233 0.50119048 0.50148898
 0.50178784 0.50208706 0.50238663 0.50268657 0.50298686 0.50328751
 0.50358852 0.50388989 0.50419162 0.50449371 0.50479616 0.50509898
 0.50540216 0.50570571 0.50600962 0.50631389 0.50661853 0.50692354
 0.50722892 0.50753466 0.50784077 0.50814725 0.50845411 0.50876133
 0.50906892 0.50937689 0.50968523 0.50999394 0.51030303 0.51061249
 0.51092233 0.51123254 0.51154313 0.5118541  0.51216545 0.51247718
 0.51278928 0.51310177 0.51341463 0.51372788 0.51404151 0.51435553
 0.51466993 0.51498471 0.51529988 0.51561543 0.51593137 0.5162477
 0.51656442 0.51688152 0.51719902 0.5175169  0.51783518 0.51815385
 0.51847291 0.51879236 0.51911221 0.51943245 0.51975309 0.52007412
 0.52039555 0.52071738 0.5210396  0.52136223 0.52168525 0.52200868
 0.52233251 0.52265673 0.52298137 0.5233064  0.52363184 0.52395769
 0.52428394 0.52461059 0.52493766 0.52526513 0.52559301 0.5259213
 0.52625    0.52657911 0.52690864 0.52723857 0.52756892 0.52789969
 0.52823087 0.52856246 0.52889447 0.5292269  0.52955975 0.52989301
 0.5302267  0.53056081 0.53089533 0.53123028 0.53156566 0.53190145
 0.53223767 0.53257432 0.53291139 0.53324889 0.53358682 0.53392517
 0.53426396 0.53460317 0.53494282 0.5352829  0.53562341 0.53596435
 0.53630573 0.53664755 0.5369898  0.53733248 0.53767561 0.53801917
 0.53836317 0.53870761 0.5390525  0.53939782 0.53974359 0.5400898
 0.54043646 0.54078356 0.54113111 0.5414791  0.54182754 0.54217643
 0.54252577 0.54287556 0.54322581 0.5435765  0.54392765 0.54427925
 0.54463131 0.54498382 0.54533679 0.54569021 0.5460441  0.54639844
 0.54675325 0.54710851 0.54506837 0.54542437 0.54578083 0.54613776
 0.54649516 0.54685303 0.54721136 0.54757016 0.54792944 0.54828919
 0.54864941 0.5490101  0.54937127 0.54973291 0.55009503 0.55045763
 0.5508207  0.55118425 0.55154829 0.55191281 0.5522778  0.55264328
 0.55300925 0.5533757  0.55374264 0.55411006 0.55447797 0.55484637
 0.55521526 0.55558464 0.55595451 0.55632488 0.55669574 0.55706709
 0.55743894 0.55781129 0.55818413 0.55855747 0.55893131 0.55930566
 0.5596805  0.56005585 0.5604317  0.56080806 0.56118492 0.56156229
 0.56194017 0.56231855 0.56269745 0.56307686 0.56345677 0.56141443
 0.56179525 0.5621766  0.56255846 0.56294084 0.56332374 0.56370717
 0.56409111 0.56447558 0.56486057 0.56524609 0.56563214 0.56601871
 0.56640581 0.56679344 0.56718161 0.5675703  0.56795953 0.56834929
 0.56873959 0.56913042 0.56952179 0.5699137  0.57030615 0.57069914
 0.57109267 0.57148675 0.57188137 0.57227653 0.57267224 0.5730685
 0.57346531 0.57386267 0.57426058 0.57465904 0.57505805 0.57545762
 0.57585775 0.57625843 0.57665967 0.57461548 0.57501779 0.57542066
 0.57335765 0.57127449 0.57167893 0.57208395 0.57248954 0.57289571
 0.57330245 0.57370977 0.57411767 0.57452616 0.57493522 0.57534487
 0.5757551  0.57616591 0.57657731 0.57698931 0.57740188 0.57781506
 0.57822882 0.57864317 0.57905812 0.57947367 0.57988981 0.58030655
 0.58072389 0.58114183 0.57905096 0.57947008 0.57988981 0.58031014
 0.58073109 0.58115264 0.58157481 0.58199759 0.58242099 0.582845
 0.58326964 0.58369489 0.58158951 0.58201599 0.57988981 0.58031752
 0.58074587 0.58117485 0.58160446 0.58203471 0.58246559 0.58289712
 0.58332928 0.58376209 0.58419554 0.58462963 0.58506437 0.58549975
 0.58593578 0.58637247 0.5868098  0.58724779 0.58768643 0.58554988
 0.58598985 0.58643048 0.584273   0.58471497 0.58515761 0.58560091
 0.58604489 0.58648955 0.58693487 0.58738088 0.58782756 0.58827492
 0.58872297 0.5891717  0.58699912 0.58744925 0.58790006 0.58835157
 0.58880377 0.58925667 0.58971026 0.59016456 0.59061955 0.59107525
 0.59153165 0.59198875 0.59244656 0.59290508 0.59336432 0.59382426
 0.59428491 0.59474629 0.59520838 0.59567118 0.59613471 0.59659896
 0.59706393 0.59752963 0.59799606 0.59846321 0.59628657 0.5940862
 0.59455573 0.595026   0.59549702 0.59327496 0.59374755 0.59422089
 0.59469499 0.59516984 0.59564545 0.59612183 0.59659896 0.59707686
 0.59755553 0.59803496 0.59851516 0.59899614 0.59675966 0.59724229
 0.5977257  0.5982099  0.59869488 0.59918064 0.5996672  0.60015455
 0.60064268 0.60113162 0.60162135 0.60211188 0.60260321 0.60309534
 0.60358827 0.60133942 0.60183412 0.59956055 0.60005701 0.6005543
 0.6010524  0.60155134 0.6020511  0.60255169 0.60305312 0.60355539
 0.60405849 0.60456243 0.60506721 0.60557283 0.6060793  0.60658662
 0.60709479 0.60760381 0.60811369 0.60862442 0.60913601 0.60964846
 0.61016177 0.61067595 0.611191   0.61170691 0.6122237  0.61274136
 0.6132599  0.61377931 0.61429961 0.61482079 0.61534285 0.61586581
 0.61638965 0.61691438 0.61744001 0.61796653 0.61849396 0.61902228
 0.61955151 0.62008164 0.62061268 0.62114463 0.6216775  0.61942421
 0.61995922 0.62049516 0.61821733 0.61875544 0.61929449 0.61983447
 0.6203754  0.62091728 0.6214601  0.62200387 0.6225486  0.62309428
 0.62364091 0.62418851 0.62473707 0.62244706 0.62299791 0.62354974
 0.62410255 0.62465634 0.62521111 0.62576687 0.62632362 0.62688136
 0.62744009 0.62799982 0.62856056 0.62912229 0.62968503 0.63024877
 0.63081353 0.6313793  0.62908332 0.62965157 0.62732827 0.627899
 0.62847077 0.62904358 0.62961744 0.63019235 0.62784707 0.62842453
 0.62900305 0.62958263 0.63016329 0.63074502 0.63132782 0.6319117
 0.63249666 0.63308271 0.63366984 0.63425806 0.63484738 0.63543779
 0.6360293  0.63662191 0.63721563 0.63486543 0.63546191 0.63308271
 0.63368196 0.63428234 0.63187518 0.63247836 0.63308271 0.6336882
 0.63429486 0.63490268 0.63551167 0.63612182 0.63673315 0.63734565
 0.63795934 0.6385742  0.63615397 0.6367718  0.6343207  0.63494152
 0.63556355 0.6361868  0.63681128 0.63743698 0.63496156 0.63559033
 0.63622034 0.63371456 0.63434767 0.63180896 0.63244519 0.63308271
 0.63372151 0.6343616  0.63500298 0.63564567 0.63628965 0.63693494
 0.63758155 0.63822946 0.6388787  0.63952925 0.64018114 0.64083435
 0.63828712 0.63894369 0.63636209 0.63702205 0.63768338 0.63834608
 0.63901016 0.63639955 0.6370671  0.63442052 0.63509155 0.635764
 0.63308271 0.63375869 0.63443611 0.63511499 0.63579531 0.6364771
 0.63716035 0.63784508 0.63853127 0.63921894 0.63990809 0.64059874
 0.64129087 0.63859593 0.63929184 0.63998927 0.64068822 0.6413887
 0.64209072 0.64279427 0.64349937 0.64420602 0.64491422 0.64562397
 0.64291168 0.64362544 0.64434079 0.64505773 0.64231094 0.64303196
 0.64375461 0.64447887 0.64520477 0.64593231 0.64666148 0.64739231
 0.64812479 0.64885893 0.64959474 0.64683068 0.64757081 0.64831264
 0.64905618 0.64980142 0.64700414 0.64416181 0.64491422 0.64566839
 0.64642432 0.64718203 0.64430453 0.64506682 0.64583091 0.64659681
 0.64736453 0.64813407 0.64890545 0.64967867 0.65045373 0.65123064
 0.65200941 0.65279004 0.65357255 0.65068262 0.64774408 0.64853456
 0.64554919 0.64634467 0.64714211 0.64794152 0.64491422 0.6418344
 0.63870069 0.63951141 0.64032419 0.64113904 0.64195597 0.63877942
 0.63960162 0.63637138 0.63719889 0.63802856 0.63886039 0.63558134
 0.63641861 0.63725808 0.63809977 0.63894369 0.63978985 0.64063825
 0.6414889  0.64234181 0.643197   0.64405446 0.64491422 0.64577627
 0.64664063 0.64750731 0.64837631 0.64508894 0.64596398 0.64261824
 0.64349937 0.64438292 0.6452689  0.64615732 0.64704819 0.64365744
 0.64455464 0.64545434 0.64635655 0.6472613  0.64816857 0.6490784
 0.64564551 0.64656195 0.64306528 0.63949873 0.64042594 0.64135584
 0.63772541 0.63402074 0.63023952 0.63118441 0.62732827 0.62828006
 0.62923475 0.63019235 0.63115287 0.63211631 0.63308271 0.62916994
 0.63014359 0.62615073 0.6271317  0.62305595 0.62404431 0.62503581
 0.62603047 0.62187756 0.62287979 0.62388526 0.62489398 0.62590597
 0.6216775  0.61735234 0.61837667 0.61940441 0.62043557 0.62147016
 0.62250821 0.62354974 0.62459476 0.62564328 0.62669534 0.62775093
 0.62337263 0.6244368  0.6255046  0.62103203 0.62210855 0.62318882
 0.62427284 0.61970733 0.62080032 0.62189718 0.62299791 0.62410255
 0.62521111 0.62055954 0.6216775  0.62279949 0.62392554 0.61917339
 0.62030912 0.62144901 0.62259311 0.61773607 0.61889011 0.62004848
 0.61507616 0.61624467 0.61741762 0.61859505 0.61977698 0.62096344
 0.62215445 0.62335003 0.62455022 0.61949394 0.62070513 0.62192106
 0.62314177 0.62436728 0.61919859 0.62043557 0.61512918 0.61637773
 0.61763137 0.61218762 0.61345307 0.61472376 0.61599973 0.61041875
 0.61170691 0.61300052 0.61429961 0.61560422 0.61691438 0.61823013
 0.61955151 0.62087854 0.62221127 0.61653034 0.61787658 0.6192287
 0.61338967 0.61475559 0.61612762 0.61750578 0.61889011 0.62028067
 0.6216775  0.62308062 0.6244901  0.61853456 0.61995922 0.61382036
 0.61526036 0.6089285  0.60238474 0.60384876 0.60531991 0.60679825
 0.60005701 0.60155134 0.60305312 0.60456243 0.6060793  0.60760381
 0.60913601 0.61067595 0.60376244 0.60531991 0.59816585 0.59974099
 0.60132445 0.59392497 0.58624562 0.5878564  0.58947606 0.59110467
 0.5927423  0.59438903 0.59604494 0.5977101  0.59938459 0.60106848
 0.60276187 0.60446482 0.60617743 0.60789976 0.60963191 0.61137396
 0.613126   0.6148881  0.61666037 0.61844288 0.62023572 0.62203899
 0.62385277 0.62567717 0.62751226 0.62935815 0.63121494 0.63308271
 0.63496156 0.63685161 0.63875294 0.64066565 0.64258986 0.64452566
 0.64647315 0.64843245 0.65040367 0.6523869  0.64491422 0.64692926
 0.63914773 0.63101547 0.63308271 0.62459476 0.62669534 0.61782469
 0.61995922 0.61067595 0.612845   0.61502951 0.61722965 0.60754014
 0.6097767  0.6120298  0.61429961 0.61658632 0.61889011 0.62121119
 0.61114618 0.61350821 0.61588856 0.61828747 0.62070513 0.62314177
 0.62559762 0.62807291 0.61763137 0.60658662 0.60913601 0.61170691
 0.61429961 0.61691438 0.61955151 0.60798614 0.61067595 0.61338967
 0.61612762 0.61889011 0.6216775  0.6095405  0.61238708 0.59947789
 0.60238474 0.60531991 0.60828383 0.61127692 0.61429961 0.61735234
 0.62043557 0.62354974 0.62669534 0.62987283 0.63308271 0.61970733
 0.60531991 0.60865637 0.6120298  0.61544084 0.61889011 0.62237827
 0.62590597 0.62947388 0.63308271 0.63673315 0.6216775  0.6254333
 0.62923475 0.61300052 0.59527953 0.59925545 0.60328483 0.60736877
 0.58812573 0.59233204 0.59659896 0.6009278  0.57988981 0.55651024
 0.56103412 0.53494282 0.50555389 0.51022572 0.51498471 0.51983331
 0.52477407 0.52980966 0.49646226 0.50161702 0.46314631 0.46838494
 0.47374344 0.47922595 0.48483685 0.4905807  0.49646226 0.50248657
 0.50865888 0.51498471 0.52146986 0.52812043 0.4825768  0.48942106
 0.49646226 0.50370902 0.51117047 0.5188563  0.52677678 0.53494282
 0.54336603 0.55205875 0.56103412 0.57030615 0.51498471 0.44331344
 0.45301291 0.46314631 0.47374344 0.48483685 0.49646226 0.50865888
 0.52146986 0.53494282 0.54913043 0.4481107  0.46314631 0.47922595
 0.31511976 0.33019608 0.34678748 0.36513443 0.38553114 0.40834142
 0.43402062 0.         0.         0.         0.         0.
 0.         0.         0.         0.         1.        ]","[1.         1.         1.         1.         1.         1.
 1.         1.         1.         1.         1.         1.
 1.         1.         1.         1.         1.         1.
 1.         1.         1.         1.         1.         1.
 1.         1.         1.         1.         1.         1.
 1.         1.         1.         1.         1.         1.
 1.         1.         1.         1.         1.         1.
 1.         1.         1.         1.         1.         1.
 1.         1.         1.         1.         1.         1.
 1.         1.         1.         1.         1.         1.
 1.         1.         1.         1.         1.         1.
 1.         1.         1.         1.         1.         1.
 1.         1.         1.         1.         1.         1.
 1.         1.         1.         1.         1.         1.
 1.         1.         1.         1.         1.         1.
 1.         1.         1.         1.         1.         1.
 1.         1.         1.         1.         1.         1.
 1.         1.         1.         1.         1.         1.
 1.         1.         1.         1.         1.         1.
 1.         1.         1.         1.         1.         1.
 1.         1.         1.         1.         1.         1.
 1.         1.         1.         1.         1.         1.
 1.         1.         1.         1.         1.         1.
 1.         1.         1.         1.         1.         1.
 1.         1.         0.99180328 0.99180328 0.99180328 0.99180328
 0.99180328 0.99180328 0.99180328 0.99180328 0.99180328 0.99180328
 0.99180328 0.99180328 0.99180328 0.99180328 0.99180328 0.99180328
 0.99180328 0.99180328 0.99180328 0.99180328 0.99180328 0.99180328
 0.99180328 0.99180328 0.99180328 0.99180328 0.99180328 0.99180328
 0.99180328 0.99180328 0.99180328 0.99180328 0.99180328 0.99180328
 0.99180328 0.99180328 0.99180328 0.99180328 0.99180328 0.99180328
 0.99180328 0.99180328 0.99180328 0.99180328 0.99180328 0.99180328
 0.99180328 0.99180328 0.99180328 0.99180328 0.99180328 0.98360656
 0.98360656 0.98360656 0.98360656 0.98360656 0.98360656 0.98360656
 0.98360656 0.98360656 0.98360656 0.98360656 0.98360656 0.98360656
 0.98360656 0.98360656 0.98360656 0.98360656 0.98360656 0.98360656
 0.98360656 0.98360656 0.98360656 0.98360656 0.98360656 0.98360656
 0.98360656 0.98360656 0.98360656 0.98360656 0.98360656 0.98360656
 0.98360656 0.98360656 0.98360656 0.98360656 0.98360656 0.98360656
 0.98360656 0.98360656 0.98360656 0.97540984 0.97540984 0.97540984
 0.96721311 0.95901639 0.95901639 0.95901639 0.95901639 0.95901639
 0.95901639 0.95901639 0.95901639 0.95901639 0.95901639 0.95901639
 0.95901639 0.95901639 0.95901639 0.95901639 0.95901639 0.95901639
 0.95901639 0.95901639 0.95901639 0.95901639 0.95901639 0.95901639
 0.95901639 0.95901639 0.95081967 0.95081967 0.95081967 0.95081967
 0.95081967 0.95081967 0.95081967 0.95081967 0.95081967 0.95081967
 0.95081967 0.95081967 0.94262295 0.94262295 0.93442623 0.93442623
 0.93442623 0.93442623 0.93442623 0.93442623 0.93442623 0.93442623
 0.93442623 0.93442623 0.93442623 0.93442623 0.93442623 0.93442623
 0.93442623 0.93442623 0.93442623 0.93442623 0.93442623 0.92622951
 0.92622951 0.92622951 0.91803279 0.91803279 0.91803279 0.91803279
 0.91803279 0.91803279 0.91803279 0.91803279 0.91803279 0.91803279
 0.91803279 0.91803279 0.90983607 0.90983607 0.90983607 0.90983607
 0.90983607 0.90983607 0.90983607 0.90983607 0.90983607 0.90983607
 0.90983607 0.90983607 0.90983607 0.90983607 0.90983607 0.90983607
 0.90983607 0.90983607 0.90983607 0.90983607 0.90983607 0.90983607
 0.90983607 0.90983607 0.90983607 0.90983607 0.90163934 0.89344262
 0.89344262 0.89344262 0.89344262 0.8852459  0.8852459  0.8852459
 0.8852459  0.8852459  0.8852459  0.8852459  0.8852459  0.8852459
 0.8852459  0.8852459  0.8852459  0.8852459  0.87704918 0.87704918
 0.87704918 0.87704918 0.87704918 0.87704918 0.87704918 0.87704918
 0.87704918 0.87704918 0.87704918 0.87704918 0.87704918 0.87704918
 0.87704918 0.86885246 0.86885246 0.86065574 0.86065574 0.86065574
 0.86065574 0.86065574 0.86065574 0.86065574 0.86065574 0.86065574
 0.86065574 0.86065574 0.86065574 0.86065574 0.86065574 0.86065574
 0.86065574 0.86065574 0.86065574 0.86065574 0.86065574 0.86065574
 0.86065574 0.86065574 0.86065574 0.86065574 0.86065574 0.86065574
 0.86065574 0.86065574 0.86065574 0.86065574 0.86065574 0.86065574
 0.86065574 0.86065574 0.86065574 0.86065574 0.86065574 0.86065574
 0.86065574 0.86065574 0.86065574 0.86065574 0.86065574 0.85245902
 0.85245902 0.85245902 0.8442623  0.8442623  0.8442623  0.8442623
 0.8442623  0.8442623  0.8442623  0.8442623  0.8442623  0.8442623
 0.8442623  0.8442623  0.8442623  0.83606557 0.83606557 0.83606557
 0.83606557 0.83606557 0.83606557 0.83606557 0.83606557 0.83606557
 0.83606557 0.83606557 0.83606557 0.83606557 0.83606557 0.83606557
 0.83606557 0.83606557 0.82786885 0.82786885 0.81967213 0.81967213
 0.81967213 0.81967213 0.81967213 0.81967213 0.81147541 0.81147541
 0.81147541 0.81147541 0.81147541 0.81147541 0.81147541 0.81147541
 0.81147541 0.81147541 0.81147541 0.81147541 0.81147541 0.81147541
 0.81147541 0.81147541 0.81147541 0.80327869 0.80327869 0.79508197
 0.79508197 0.79508197 0.78688525 0.78688525 0.78688525 0.78688525
 0.78688525 0.78688525 0.78688525 0.78688525 0.78688525 0.78688525
 0.78688525 0.78688525 0.77868852 0.77868852 0.7704918  0.7704918
 0.7704918  0.7704918  0.7704918  0.7704918  0.76229508 0.76229508
 0.76229508 0.75409836 0.75409836 0.74590164 0.74590164 0.74590164
 0.74590164 0.74590164 0.74590164 0.74590164 0.74590164 0.74590164
 0.74590164 0.74590164 0.74590164 0.74590164 0.74590164 0.74590164
 0.73770492 0.73770492 0.7295082  0.7295082  0.7295082  0.7295082
 0.7295082  0.72131148 0.72131148 0.71311475 0.71311475 0.71311475
 0.70491803 0.70491803 0.70491803 0.70491803 0.70491803 0.70491803
 0.70491803 0.70491803 0.70491803 0.70491803 0.70491803 0.70491803
 0.70491803 0.69672131 0.69672131 0.69672131 0.69672131 0.69672131
 0.69672131 0.69672131 0.69672131 0.69672131 0.69672131 0.69672131
 0.68852459 0.68852459 0.68852459 0.68852459 0.68032787 0.68032787
 0.68032787 0.68032787 0.68032787 0.68032787 0.68032787 0.68032787
 0.68032787 0.68032787 0.68032787 0.67213115 0.67213115 0.67213115
 0.67213115 0.67213115 0.66393443 0.6557377  0.6557377  0.6557377
 0.6557377  0.6557377  0.64754098 0.64754098 0.64754098 0.64754098
 0.64754098 0.64754098 0.64754098 0.64754098 0.64754098 0.64754098
 0.64754098 0.64754098 0.64754098 0.63934426 0.63114754 0.63114754
 0.62295082 0.62295082 0.62295082 0.62295082 0.6147541  0.60655738
 0.59836066 0.59836066 0.59836066 0.59836066 0.59836066 0.59016393
 0.59016393 0.58196721 0.58196721 0.58196721 0.58196721 0.57377049
 0.57377049 0.57377049 0.57377049 0.57377049 0.57377049 0.57377049
 0.57377049 0.57377049 0.57377049 0.57377049 0.57377049 0.57377049
 0.57377049 0.57377049 0.57377049 0.56557377 0.56557377 0.55737705
 0.55737705 0.55737705 0.55737705 0.55737705 0.55737705 0.54918033
 0.54918033 0.54918033 0.54918033 0.54918033 0.54918033 0.54918033
 0.54098361 0.54098361 0.53278689 0.52459016 0.52459016 0.52459016
 0.51639344 0.50819672 0.5        0.5        0.49180328 0.49180328
 0.49180328 0.49180328 0.49180328 0.49180328 0.49180328 0.48360656
 0.48360656 0.47540984 0.47540984 0.46721311 0.46721311 0.46721311
 0.46721311 0.45901639 0.45901639 0.45901639 0.45901639 0.45901639
 0.45081967 0.44262295 0.44262295 0.44262295 0.44262295 0.44262295
 0.44262295 0.44262295 0.44262295 0.44262295 0.44262295 0.44262295
 0.43442623 0.43442623 0.43442623 0.42622951 0.42622951 0.42622951
 0.42622951 0.41803279 0.41803279 0.41803279 0.41803279 0.41803279
 0.41803279 0.40983607 0.40983607 0.40983607 0.40983607 0.40163934
 0.40163934 0.40163934 0.40163934 0.39344262 0.39344262 0.39344262
 0.3852459  0.3852459  0.3852459  0.3852459  0.3852459  0.3852459
 0.3852459  0.3852459  0.3852459  0.37704918 0.37704918 0.37704918
 0.37704918 0.37704918 0.36885246 0.36885246 0.36065574 0.36065574
 0.36065574 0.35245902 0.35245902 0.35245902 0.35245902 0.3442623
 0.3442623  0.3442623  0.3442623  0.3442623  0.3442623  0.3442623
 0.3442623  0.3442623  0.3442623  0.33606557 0.33606557 0.33606557
 0.32786885 0.32786885 0.32786885 0.32786885 0.32786885 0.32786885
 0.32786885 0.32786885 0.32786885 0.31967213 0.31967213 0.31147541
 0.31147541 0.30327869 0.29508197 0.29508197 0.29508197 0.29508197
 0.28688525 0.28688525 0.28688525 0.28688525 0.28688525 0.28688525
 0.28688525 0.28688525 0.27868852 0.27868852 0.2704918  0.2704918
 0.2704918  0.26229508 0.25409836 0.25409836 0.25409836 0.25409836
 0.25409836 0.25409836 0.25409836 0.25409836 0.25409836 0.25409836
 0.25409836 0.25409836 0.25409836 0.25409836 0.25409836 0.25409836
 0.25409836 0.25409836 0.25409836 0.25409836 0.25409836 0.25409836
 0.25409836 0.25409836 0.25409836 0.25409836 0.25409836 0.25409836
 0.25409836 0.25409836 0.25409836 0.25409836 0.25409836 0.25409836
 0.25409836 0.25409836 0.25409836 0.25409836 0.24590164 0.24590164
 0.23770492 0.2295082  0.2295082  0.22131148 0.22131148 0.21311475
 0.21311475 0.20491803 0.20491803 0.20491803 0.20491803 0.19672131
 0.19672131 0.19672131 0.19672131 0.19672131 0.19672131 0.19672131
 0.18852459 0.18852459 0.18852459 0.18852459 0.18852459 0.18852459
 0.18852459 0.18852459 0.18032787 0.17213115 0.17213115 0.17213115
 0.17213115 0.17213115 0.17213115 0.16393443 0.16393443 0.16393443
 0.16393443 0.16393443 0.16393443 0.1557377  0.1557377  0.14754098
 0.14754098 0.14754098 0.14754098 0.14754098 0.14754098 0.14754098
 0.14754098 0.14754098 0.14754098 0.14754098 0.14754098 0.13934426
 0.13114754 0.13114754 0.13114754 0.13114754 0.13114754 0.13114754
 0.13114754 0.13114754 0.13114754 0.13114754 0.12295082 0.12295082
 0.12295082 0.1147541  0.10655738 0.10655738 0.10655738 0.10655738
 0.09836066 0.09836066 0.09836066 0.09836066 0.09016393 0.08196721
 0.08196721 0.07377049 0.06557377 0.06557377 0.06557377 0.06557377
 0.06557377 0.06557377 0.05737705 0.05737705 0.04918033 0.04918033
 0.04918033 0.04918033 0.04918033 0.04918033 0.04918033 0.04918033
 0.04918033 0.04918033 0.04918033 0.04918033 0.04098361 0.04098361
 0.04098361 0.04098361 0.04098361 0.04098361 0.04098361 0.04098361
 0.04098361 0.04098361 0.04098361 0.04098361 0.03278689 0.02459016
 0.02459016 0.02459016 0.02459016 0.02459016 0.02459016 0.02459016
 0.02459016 0.02459016 0.02459016 0.01639344 0.01639344 0.01639344
 0.00819672 0.00819672 0.00819672 0.00819672 0.00819672 0.00819672
 0.00819672 0.         0.         0.         0.         0.
 0.         0.         0.         0.         0.        ]","[1.43896069e-09 1.46675687e-09 1.52020112e-09 1.57588953e-09
 1.57760249e-09 1.57844525e-09 1.57915076e-09 1.57954651e-09
 1.57986784e-09 1.59031551e-09 1.60114933e-09 1.61253373e-09
 1.61403599e-09 1.65428017e-09 1.65661164e-09 1.65840882e-09
 1.66344633e-09 1.68719859e-09 1.68726224e-09 1.69774614e-09
 1.70249347e-09 1.70825065e-09 1.71303349e-09 1.72811802e-09
 1.73647038e-09 1.73840970e-09 1.73988399e-09 1.74521518e-09
 1.77086055e-09 1.77639678e-09 1.78892293e-09 1.79136769e-09
 1.81637967e-09 1.81876217e-09 1.81990222e-09 1.82315340e-09
 1.82634991e-09 1.86532402e-09 1.88528856e-09 1.89653395e-09
 1.89753284e-09 1.90812287e-09 1.91037435e-09 1.91759747e-09
 1.91824570e-09 1.92046946e-09 1.92191441e-09 1.93943217e-09
 1.95757007e-09 2.00161984e-09 2.02607845e-09 2.03174225e-09
 2.04522658e-09 2.04780351e-09 2.05731854e-09 2.09984701e-09
 2.11673436e-09 2.13443865e-09 2.16753778e-09 2.20152403e-09
 2.21080019e-09 2.23193816e-09 2.24626587e-09 2.26436544e-09
 2.27643979e-09 2.28821662e-09 2.31208743e-09 2.32523999e-09
 2.34746732e-09 2.34799267e-09 2.36394032e-09 2.37383257e-09
 2.37646845e-09 2.42533965e-09 2.47894679e-09 2.48022843e-09
 2.51898455e-09 2.52175881e-09 2.55412454e-09 2.57773798e-09
 2.59458515e-09 2.72284701e-09 2.76474445e-09 2.82078170e-09
 2.84862391e-09 2.85645619e-09 2.87446788e-09 2.92508727e-09
 2.94541182e-09 2.99922569e-09 3.04499707e-09 3.11385557e-09
 3.13765114e-09 3.18221507e-09 3.20267262e-09 3.21183028e-09
 3.22126472e-09 3.24197530e-09 3.24910637e-09 3.69663885e-09
 3.69898525e-09 3.70024390e-09 3.73941357e-09 3.76842865e-09
 3.80222831e-09 3.81867802e-09 3.86497612e-09 3.86672881e-09
 3.87063767e-09 3.91457495e-09 3.96581008e-09 3.97500118e-09
 3.97789410e-09 4.08837612e-09 4.08995920e-09 4.15711674e-09
 4.18004914e-09 4.20405619e-09 4.28811619e-09 4.32676628e-09
 4.43402293e-09 4.45073952e-09 4.67473036e-09 4.86523801e-09
 4.92905100e-09 4.94829416e-09 5.16268699e-09 5.17370324e-09
 5.20585285e-09 5.25862348e-09 5.30838936e-09 5.34605192e-09
 5.38637357e-09 5.52786362e-09 5.59389714e-09 5.59742245e-09
 5.62059956e-09 5.68873257e-09 5.73385549e-09 5.75907456e-09
 6.06324421e-09 6.12210182e-09 6.13895780e-09 6.23676924e-09
 6.46971176e-09 6.53193019e-09 6.64907754e-09 7.11146190e-09
 7.22198869e-09 7.23383764e-09 7.40487069e-09 7.40815994e-09
 7.45689039e-09 7.62735966e-09 7.82910847e-09 7.90244936e-09
 7.92280465e-09 8.10396101e-09 8.11966977e-09 8.12466382e-09
 8.13634907e-09 8.62037609e-09 8.85947844e-09 9.12750535e-09
 9.14683632e-09 9.21507877e-09 9.80598314e-09 9.92763948e-09
 1.01305254e-08 1.04169313e-08 1.10434763e-08 1.11199171e-08
 1.11961995e-08 1.12180292e-08 1.16685830e-08 1.18943713e-08
 1.24784472e-08 1.25926501e-08 1.29177667e-08 1.30837661e-08
 1.30870590e-08 1.33543808e-08 1.36832597e-08 1.45045760e-08
 1.45733624e-08 1.45954468e-08 1.56101212e-08 1.58104344e-08
 1.62009421e-08 1.62118656e-08 1.62295207e-08 1.64367925e-08
 1.64889769e-08 1.65187677e-08 1.65518249e-08 1.66686731e-08
 1.68878049e-08 1.76724928e-08 1.83009749e-08 1.87945094e-08
 1.88477898e-08 1.89338839e-08 1.89998730e-08 1.99079475e-08
 2.02435560e-08 2.11167107e-08 2.13814678e-08 2.15684403e-08
 2.16940938e-08 2.17145174e-08 2.18344821e-08 2.22294283e-08
 2.25090927e-08 2.25229042e-08 2.26270303e-08 2.29770803e-08
 2.30223249e-08 2.33704558e-08 2.36092127e-08 2.36637225e-08
 2.42015712e-08 2.48250476e-08 2.58182290e-08 2.60507345e-08
 2.63293648e-08 2.72176246e-08 2.77675153e-08 2.82363694e-08
 2.89713084e-08 2.90337513e-08 2.99462860e-08 3.14134749e-08
 3.27555541e-08 3.31591997e-08 3.34492112e-08 3.34786714e-08
 3.36282582e-08 3.48852564e-08 3.76008952e-08 3.91525234e-08
 4.03975569e-08 4.11650977e-08 4.12477406e-08 4.13535934e-08
 4.16839025e-08 4.31638266e-08 4.34191769e-08 4.46984402e-08
 4.50096770e-08 4.58113485e-08 4.61128314e-08 4.72191908e-08
 4.84885350e-08 4.91964487e-08 5.36307958e-08 5.47464303e-08
 5.47797696e-08 5.48398685e-08 5.57878965e-08 5.66099964e-08
 5.77986716e-08 5.84212185e-08 5.84774132e-08 5.97667174e-08
 6.48170374e-08 6.70172356e-08 7.30321066e-08 7.46604541e-08
 8.68202848e-08 8.73357792e-08 8.83453670e-08 9.11481851e-08
 9.20061053e-08 9.28784137e-08 9.97019273e-08 1.01178913e-07
 1.03019941e-07 1.05792258e-07 1.06090059e-07 1.10758729e-07
 1.15055673e-07 1.20524259e-07 1.26896407e-07 1.32840155e-07
 1.34251669e-07 1.36201782e-07 1.38371347e-07 1.39845211e-07
 1.42262258e-07 1.43978311e-07 1.44724015e-07 1.46425757e-07
 1.47754601e-07 1.47921036e-07 1.48224478e-07 1.48908999e-07
 1.52843666e-07 1.53384533e-07 1.55891118e-07 1.59463387e-07
 1.60305230e-07 1.65515654e-07 1.68804608e-07 1.71354897e-07
 1.72687033e-07 1.78248347e-07 1.78825360e-07 1.79388723e-07
 1.81166330e-07 1.81643826e-07 1.82458572e-07 1.88647303e-07
 1.90696033e-07 1.90696644e-07 1.94410054e-07 2.00616795e-07
 2.10036025e-07 2.12554557e-07 2.14700133e-07 2.15944094e-07
 2.17186115e-07 2.21894162e-07 2.29215341e-07 2.40245000e-07
 2.47638111e-07 2.57825324e-07 2.64033935e-07 2.76307398e-07
 2.85561151e-07 2.91108649e-07 2.95226718e-07 3.00250871e-07
 3.04380191e-07 3.09683213e-07 3.16801598e-07 3.41715983e-07
 3.48531619e-07 3.52442136e-07 3.54951480e-07 3.68812871e-07
 3.71033721e-07 3.73180045e-07 3.81294716e-07 3.88535331e-07
 3.89626737e-07 4.02768828e-07 4.04499370e-07 4.14353169e-07
 4.17272004e-07 4.52244886e-07 4.68204089e-07 4.72061682e-07
 5.12721444e-07 5.14361760e-07 5.23718106e-07 5.26983431e-07
 5.47238970e-07 5.49327496e-07 5.51297806e-07 5.55381986e-07
 5.86498676e-07 5.92442725e-07 6.12823448e-07 6.24575071e-07
 6.43474709e-07 6.49427840e-07 6.57013329e-07 6.63659984e-07
 6.66759293e-07 6.70354346e-07 7.09217138e-07 7.32341586e-07
 7.42691480e-07 7.57776922e-07 7.71764936e-07 7.83703697e-07
 7.84962386e-07 7.96119700e-07 8.52893110e-07 8.63187303e-07
 8.85914007e-07 8.88808231e-07 8.91530952e-07 9.02735395e-07
 9.28518442e-07 9.59503951e-07 9.62439446e-07 9.72214729e-07
 9.90544265e-07 9.98909862e-07 1.03616017e-06 1.03626069e-06
 1.06304666e-06 1.07209399e-06 1.10388838e-06 1.11126173e-06
 1.12153116e-06 1.13512918e-06 1.18313721e-06 1.19577359e-06
 1.21292790e-06 1.21686269e-06 1.24257639e-06 1.24846046e-06
 1.30066484e-06 1.30619262e-06 1.36737313e-06 1.43932776e-06
 1.46100627e-06 1.48792027e-06 1.50442021e-06 1.54995844e-06
 1.56433752e-06 1.60857524e-06 1.64264158e-06 1.66725580e-06
 1.70006134e-06 1.70043525e-06 1.72140573e-06 1.72251436e-06
 1.73878358e-06 1.74121036e-06 1.75840327e-06 1.76640406e-06
 2.00987809e-06 2.01047506e-06 2.07729589e-06 2.17300207e-06
 2.27479933e-06 2.27843015e-06 2.30551695e-06 2.30718962e-06
 2.34509669e-06 2.36513179e-06 2.36617795e-06 2.38892269e-06
 2.43551969e-06 2.45098364e-06 2.62791568e-06 2.64663255e-06
 2.75153317e-06 2.77940814e-06 2.78673741e-06 2.86793437e-06
 2.88417190e-06 2.92524961e-06 2.93937674e-06 3.11719766e-06
 3.15318534e-06 3.20042915e-06 3.22249981e-06 3.26078981e-06
 3.28752907e-06 3.31182553e-06 3.41586624e-06 3.45490828e-06
 3.46518608e-06 3.73900603e-06 3.74785781e-06 3.77122426e-06
 3.82549518e-06 3.83784923e-06 4.04568545e-06 4.16744274e-06
 4.32539393e-06 4.70788885e-06 4.84959134e-06 4.95860420e-06
 4.98615662e-06 5.03261297e-06 5.12412661e-06 5.22155128e-06
 5.41255077e-06 5.43489840e-06 5.52625633e-06 5.69508941e-06
 5.69763404e-06 5.72402380e-06 5.81057416e-06 5.91578288e-06
 5.93075148e-06 5.96262488e-06 5.99528474e-06 6.14997510e-06
 6.28094188e-06 6.28940851e-06 6.29289785e-06 6.32934297e-06
 6.42552710e-06 6.52692838e-06 6.76298830e-06 6.99117296e-06
 7.00783058e-06 7.06629416e-06 7.47343014e-06 7.66060435e-06
 7.78480088e-06 7.95737893e-06 8.54535027e-06 8.71330087e-06
 8.81189277e-06 8.88174255e-06 9.05576731e-06 9.19336309e-06
 9.26864641e-06 9.44578502e-06 9.47733563e-06 9.67358017e-06
 1.00860160e-05 1.01255623e-05 1.01710925e-05 1.05272786e-05
 1.06085568e-05 1.10363146e-05 1.15391254e-05 1.15803677e-05
 1.22743054e-05 1.22774980e-05 1.24440831e-05 1.27081832e-05
 1.31234347e-05 1.32634962e-05 1.33679532e-05 1.34177490e-05
 1.36781663e-05 1.37253343e-05 1.42680934e-05 1.46550826e-05
 1.50390794e-05 1.55346541e-05 1.56633805e-05 1.61535447e-05
 1.62789078e-05 1.67553486e-05 1.69855806e-05 1.74922217e-05
 1.74936895e-05 1.81705456e-05 1.85584723e-05 1.90128978e-05
 1.93538960e-05 1.95613696e-05 2.06886421e-05 2.08332225e-05
 2.11779122e-05 2.19338589e-05 2.23698438e-05 2.36369016e-05
 2.38547200e-05 2.40037064e-05 2.42256749e-05 2.64898732e-05
 2.67606525e-05 2.73126032e-05 2.78782072e-05 2.92994840e-05
 2.96439264e-05 2.98223712e-05 2.99990541e-05 3.06816537e-05
 3.12808076e-05 3.13335711e-05 3.14028896e-05 3.21808823e-05
 3.24592261e-05 3.26463859e-05 3.31678776e-05 3.37184565e-05
 3.39011748e-05 3.55704197e-05 3.73848249e-05 4.00839122e-05
 4.35245085e-05 4.36790416e-05 4.47262816e-05 4.59091508e-05
 4.68689538e-05 4.73631195e-05 4.88494713e-05 4.93544609e-05
 4.94656528e-05 5.03878254e-05 5.06034121e-05 5.10461703e-05
 5.36233342e-05 5.48791909e-05 5.73217227e-05 5.73401745e-05
 5.84602183e-05 5.86781519e-05 5.88192366e-05 5.88909343e-05
 5.93482253e-05 6.08996910e-05 6.10848933e-05 6.34438231e-05
 6.35662867e-05 6.45093398e-05 6.47490768e-05 6.48516788e-05
 6.50579513e-05 6.56881088e-05 6.89434692e-05 6.95485301e-05
 7.00134992e-05 7.22529577e-05 7.28269086e-05 7.33386875e-05
 7.39702059e-05 7.41478908e-05 7.59374199e-05 7.84477664e-05
 8.03540178e-05 8.06927948e-05 8.09697680e-05 8.14169869e-05
 8.23988338e-05 8.59232114e-05 8.65902289e-05 8.66086762e-05
 8.88115884e-05 8.95739022e-05 9.13174523e-05 9.62860993e-05
 9.67766124e-05 9.88462132e-05 1.05764017e-04 1.09322287e-04
 1.10231520e-04 1.10999399e-04 1.11058910e-04 1.12211618e-04
 1.15691342e-04 1.16724341e-04 1.26252971e-04 1.26284492e-04
 1.27568816e-04 1.30450863e-04 1.30473572e-04 1.30619423e-04
 1.32952719e-04 1.34659777e-04 1.35754821e-04 1.40729168e-04
 1.44647166e-04 1.45619429e-04 1.46420656e-04 1.50679684e-04
 1.55830938e-04 1.63524552e-04 1.64179359e-04 1.64378708e-04
 1.71428815e-04 1.76119230e-04 1.77682502e-04 1.88312114e-04
 1.88467921e-04 1.94282768e-04 1.97735223e-04 1.99928685e-04
 2.00971666e-04 2.03641314e-04 2.08485165e-04 2.09223317e-04
 2.23997289e-04 2.24185972e-04 2.26321634e-04 2.26920222e-04
 2.27480906e-04 2.29834208e-04 2.31278437e-04 2.33893270e-04
 2.36666000e-04 2.56508118e-04 2.59984849e-04 2.66451309e-04
 2.69545924e-04 2.72147158e-04 2.76014160e-04 2.77129767e-04
 2.94599936e-04 2.94671819e-04 2.99463849e-04 3.03405234e-04
 3.05608845e-04 3.10439154e-04 3.18014360e-04 3.36927426e-04
 3.41713894e-04 3.44575397e-04 3.48193004e-04 3.50974924e-04
 3.54420921e-04 3.56072026e-04 3.60070177e-04 3.60184647e-04
 3.62361460e-04 3.64623058e-04 3.68893154e-04 3.72673836e-04
 3.88470137e-04 3.94258757e-04 3.97124166e-04 4.05921930e-04
 4.09998001e-04 4.39651575e-04 4.55406214e-04 4.81394754e-04
 5.01425436e-04 5.38581590e-04 5.59896578e-04 5.85279118e-04
 6.11202879e-04 6.23014180e-04 6.65926075e-04 6.77204536e-04
 6.84034442e-04 6.85971550e-04 6.91863423e-04 6.98367301e-04
 7.20958940e-04 7.38887364e-04 7.74867976e-04 7.78386273e-04
 7.94796951e-04 8.03418191e-04 8.17722672e-04 8.71549860e-04
 8.75392113e-04 8.82231596e-04 8.84272907e-04 9.07394154e-04
 9.19460195e-04 9.29838914e-04 9.43520258e-04 9.78154218e-04
 9.89510963e-04 1.01146866e-03 1.03033651e-03 1.03555571e-03
 1.04293394e-03 1.06348670e-03 1.07545129e-03 1.09785476e-03
 1.10399674e-03 1.10669602e-03 1.11228320e-03 1.12328431e-03
 1.13682448e-03 1.14148660e-03 1.14718846e-03 1.18310136e-03
 1.19839160e-03 1.26668239e-03 1.28898603e-03 1.29404624e-03
 1.30365916e-03 1.33470058e-03 1.34341087e-03 1.37092469e-03
 1.47057077e-03 1.52273075e-03 1.56018295e-03 1.61875798e-03
 1.64453564e-03 1.71352324e-03 1.95216891e-03 1.96878723e-03
 1.99572244e-03 2.04374235e-03 2.08901504e-03 2.17639821e-03
 2.28142580e-03 2.30746639e-03 2.37874440e-03 2.38561253e-03
 2.47355794e-03 2.55293295e-03 2.58717688e-03 2.77243976e-03
 2.96723015e-03 2.98651117e-03 3.31894912e-03 3.46182437e-03
 3.48446273e-03 3.59122229e-03 3.65048255e-03 3.70526137e-03
 3.75593848e-03 3.79154337e-03 4.05502271e-03 4.07296490e-03
 4.11357499e-03 4.39029001e-03 4.55057011e-03 4.83931545e-03
 5.08563588e-03 5.13397566e-03 5.24527133e-03 5.40419027e-03
 5.52398992e-03 5.72347805e-03 5.96758556e-03 6.08328361e-03
 6.24066080e-03 6.32867794e-03 6.42834679e-03 6.44379150e-03
 6.61572156e-03 6.70463306e-03 7.42112227e-03 7.47442756e-03
 7.65736641e-03 7.81566717e-03 7.89211507e-03 7.90736370e-03
 8.48222337e-03 8.48727109e-03 9.15604197e-03 9.48958523e-03
 9.73943469e-03 9.83844971e-03 9.85269544e-03 9.86630082e-03
 1.06709107e-02 1.11811567e-02 1.12809992e-02 1.18213134e-02
 1.19016718e-02 1.26447873e-02 1.26563550e-02 1.28123903e-02
 1.41274746e-02 1.42054448e-02 1.62803207e-02 1.72790168e-02
 1.75172932e-02 1.76825147e-02 1.81449681e-02 1.81637196e-02
 1.88678154e-02 1.94465064e-02 1.96374240e-02 2.02157386e-02
 2.03538823e-02 2.12243835e-02 2.19326731e-02 2.20231262e-02
 2.28036996e-02 2.28123189e-02 2.38715590e-02 2.44978861e-02
 2.47740117e-02 2.90355350e-02 2.95173631e-02 2.96919684e-02
 3.08229305e-02 3.24779669e-02 3.35709269e-02 3.62323292e-02
 3.69388550e-02 3.75546791e-02 3.94893629e-02 4.06039344e-02
 4.08919103e-02 4.17956247e-02 4.72627951e-02 4.85005838e-02
 5.17531974e-02 5.32229204e-02 5.61693355e-02 5.69443546e-02
 5.78572106e-02 6.11059143e-02 6.97600636e-02 7.03957449e-02
 7.80748115e-02 7.99590621e-02 8.13589685e-02 8.60683247e-02
 9.26764626e-02 1.13383549e-01 1.46086054e-01 1.48844902e-01
 1.50995675e-01 1.52865854e-01 1.54808011e-01 1.56473902e-01
 1.58119378e-01 1.63222483e-01 1.64244921e-01 1.87110459e-01
 1.93102402e-01 1.97012783e-01 2.17050654e-01 2.23399569e-01
 2.30808740e-01 2.52263683e-01 2.54583931e-01 2.65928116e-01
 2.67063721e-01 2.68384333e-01 3.00000147e-01 3.42755958e-01
 3.99006535e-01 4.12748603e-01 4.13045631e-01 4.42236606e-01
 4.42379716e-01 4.42720349e-01 4.49675961e-01 4.63092660e-01
 4.84078015e-01 4.93427977e-01 5.14321470e-01 5.15369707e-01
 5.47156187e-01 5.54365239e-01 5.63280972e-01 6.26754379e-01
 6.58704320e-01 6.85171579e-01 6.91635154e-01 6.97715474e-01
 7.04206067e-01 7.24811731e-01 7.30106879e-01 7.36126315e-01
 7.46784540e-01 7.61351854e-01 8.03642674e-01 8.15205577e-01
 8.48930793e-01 8.75573875e-01 8.75976894e-01 8.79068341e-01
 8.81730780e-01 9.17407220e-01 9.27064118e-01 9.32284392e-01
 9.32460818e-01 9.40228524e-01 9.42404907e-01 9.47404444e-01
 9.52313692e-01 9.56402441e-01 9.61857760e-01 9.69666136e-01
 9.79503789e-01 9.80033846e-01 9.81983292e-01 9.88784112e-01
 9.88811345e-01 9.91693987e-01 9.92920326e-01 9.93119490e-01
 9.94697720e-01 9.94980681e-01 9.95368273e-01 9.96878710e-01
 9.97809580e-01 9.99192185e-01 9.99256318e-01 9.99873184e-01]"
Hyperledger,is_change_text_num_words_15,NN,[],0.7396265560165975,"[[679 163]
 [ 88  34]]","              precision    recall  f1-score   support

           0       0.89      0.81      0.84       842
           1       0.17      0.28      0.21       122

    accuracy                           0.74       964
   macro avg       0.53      0.54      0.53       964
weighted avg       0.80      0.74      0.76       964
",0.15007088728378654,0.1538110190119611,0.5527773451189596,"[1 0 0 1 0 0 0 0 1 0 1 1 1 0 0 0 0 0 0 0 0 0 0 0 0 0 0 0 0 0 0 0 0 0 0 0 0
 1 0 0 0 0 0 0 1 0 0 0 0 0 0 0 0 0 0 0 0 1 1 0 0 0 1 0 0 0 0 0 0 0 0 0 0 0
 0 1 1 0 0 0 0 0 0 0 1 1 1 0 0 0 1 0 0 0 0 0 0 1 0 0 0 0 0 0 0 0 0 0 0 0 0
 0 1 0 0 0 0 0 0 0 0 0 0 0 0 0 0 0 0 0 0 1 0 0 0 1 0 1 0 1 0 1 0 0 0 0 0 0
 0 0 0 0 0 0 1 1 1 1 0 0 0 0 0 0 0 0 0 0 0 0 0 0 0 0 0 0 0 0 0 0 0 0 0 0 0
 1 1 0 0 0 0 0 0 0 1 0 0 0 0 0 1 0 0 0 0 0 0 0 0 0 0 1 0 0 0 1 0 0 0 0 0 0
 0 0 0 0 0 0 0 0 0 0 0 0 0 0 1 0 0 0 0 0 0 0 1 1 0 0 0 0 1 1 0 0 0 0 0 0 0
 0 0 0 0 0 1 0 0 0 0 0 0 0 0 1 0 0 1 1 1 1 0 0 0 0 1 0 1 0 0 0 0 0 0 0 0 1
 1 0 0 1 0 0 0 0 1 0 0 0 0 0 0 1 0 0 0 0 0 0 0 0 0 0 0 0 1 0 0 0 1 0 0 0 0
 0 0 0 0 0 0 1 0 1 1 0 0 1 1 1 0 1 0 0 0 0 0 0 0 0 0 0 0 0 0 0 0 1 0 0 1 0
 0 0 0 0 1 0 0 0 1 1 1 0 0 0 0 0 1 0 0 0 0 0 0 0 0 0 0 0 0 0 0 0 0 0 0 0 0
 1 1 1 1 1 0 1 0 0 0 0 0 0 0 0 0 0 0 0 1 1 1 1 0 0 0 0 0 1 0 0 0 0 0 0 0 0
 0 1 1 1 0 1 1 1 0 0 0 0 0 0 0 0 0 0 1 0 0 0 1 1 0 1 0 0 0 0 0 0 0 0 0 1 0
 1 0 0 0 0 0 1 0 0 0 0 0 0 1 1 0 0 0 0 0 0 0 0 0 0 0 0 0 0 1 0 0 0 0 0 0 0
 0 0 0 1 0 0 0 1 0 1 0 1 1 0 0 0 1 0 0 0 0 0 0 0 0 1 1 0 0 1 1 0 0 1 0 0 0
 0 0 1 0 1 0 1 0 0 0 0 0 1 0 0 1 0 1 0 0 0 0 0 0 0 1 1 1 1 1 0 1 1 1 1 1 1
 1 1 1 0 0 0 1 0 0 0 0 1 0 0 0 0 0 0 0 0 1 0 0 0 0 0 0 0 0 0 0 0 0 0 0 0 0
 0 1 0 0 0 0 0 1 1 0 0 0 1 0 0 0 0 0 0 0 0 1 1 0 0 0 0 0 0 0 0 1 0 0 0 1 0
 0 0 1 0 0 0 1 1 0 0 0 1 0 1 0 0 0 0 0 0 1 0 1 0 0 0 1 1 0 1 0 0 0 0 0 0 1
 1 0 1 1 0 0 1 0 0 0 0 1 1 0 0 0 0 0 0 0 0 0 0 0 0 0 0 0 1 0 1 0 0 0 1 0 0
 1 0 0 0 0 0 0 0 0 1 1 0 0 0 0 1 0 0 0 0 0 0 0 0 1 1 0 0 0 0 1 0 0 0 0 0 0
 0 0 0 1 0 1 1 1 1 0 0 0 0 0 0 0 0 0 0 0 0 0 0 0 0 1 0 1 1 0 0 0 0 0 0 0 0
 0 0 0 0 0 0 0 0 0 0 0 0 1 0 0 0 0 0 0 0 0 0 0 0 0 0 0 0 0 0 0 0 0 0 0 1 1
 0 0 0 1 1 1 0 0 0 0 0 0 0 0 0 0 0 0 0 1 0 0 1 0 0 0 0 0 1 0 0 0 0 1 0 1 0
 0 0 0 0 0 0 0 0 0 0 0 0 0 0 1 0 0 0 0 1 0 0 1 0 0 1 0 0 0 1 0 0 0 0 0 1 0
 1 1 1 0 0 0 0 1 0 0 0 1 0 0 0 0 0 0 0 0 0 0 0 0 0 0 0 1 0 0 1 0 0 0 0 0 1
 0 0]","[0.12655602 0.12604167 0.1261731  0.1263048  0.12643678 0.12656904
 0.12670157 0.12683438 0.12591815 0.12605042 0.12618297 0.12631579
 0.12539515 0.12552743 0.12565998 0.12473573 0.12486772 0.12394068
 0.12407211 0.12314225 0.12327311 0.12340426 0.12353568 0.12366738
 0.12379936 0.12393162 0.12406417 0.124197   0.12325831 0.12339056
 0.12352309 0.12365591 0.12378902 0.12392241 0.12405609 0.12419006
 0.12432432 0.12445887 0.12351029 0.12364425 0.1237785  0.12391304
 0.12404788 0.12418301 0.12431843 0.12445415 0.12459016 0.12363239
 0.12267251 0.12171053 0.12184413 0.12087912 0.1210121  0.12114537
 0.12127894 0.1214128  0.12154696 0.12168142 0.12181617 0.12195122
 0.12208657 0.12222222 0.12235818 0.12249443 0.12263099 0.12276786
 0.12290503 0.12304251 0.12318029 0.12331839 0.12345679 0.12359551
 0.12373453 0.12274775 0.12288613 0.12302483 0.12316384 0.12330317
 0.12344281 0.12358277 0.12372304 0.12386364 0.12400455 0.12414579
 0.12428734 0.12442922 0.12457143 0.12471396 0.12485682 0.125
 0.12514351 0.12528736 0.12428078 0.12442396 0.12456747 0.12355658
 0.12369942 0.12268519 0.12282735 0.12180974 0.12195122 0.12209302
 0.12223516 0.12237762 0.12252042 0.12266355 0.12280702 0.12295082
 0.12309496 0.12323944 0.12338425 0.12352941 0.12367491 0.12264151
 0.1227863  0.12293144 0.12307692 0.12322275 0.12218268 0.12232779
 0.12247325 0.12261905 0.1227652  0.12171838 0.1218638  0.1208134
 0.12095808 0.12110312 0.1212485  0.12139423 0.12154031 0.12168675
 0.12183353 0.12198068 0.12091898 0.12106538 0.12121212 0.12135922
 0.12150668 0.1216545  0.12180268 0.12195122 0.12210012 0.12102689
 0.12117503 0.12132353 0.12147239 0.12162162 0.12177122 0.12192118
 0.12207152 0.12222222 0.1223733  0.12252475 0.12267658 0.12282878
 0.12298137 0.12313433 0.12328767 0.1234414  0.12359551 0.12375
 0.12390488 0.12406015 0.1229611  0.12311558 0.12327044 0.12342569
 0.12358134 0.12373737 0.12389381 0.12405063 0.12420786 0.12436548
 0.12452351 0.12468193 0.12484076 0.125      0.1238825  0.12404092
 0.12419974 0.12435897 0.12451861 0.12339332 0.12355212 0.12371134
 0.12387097 0.12403101 0.12419146 0.12435233 0.12451362 0.12467532
 0.12483745 0.125      0.12516297 0.12532637 0.1254902  0.12565445
 0.12450852 0.12467192 0.12483574 0.125      0.12516469 0.12532982
 0.12549538 0.12566138 0.12582781 0.12599469 0.12616202 0.12632979
 0.126498   0.12666667 0.12683578 0.12700535 0.12717537 0.12734584
 0.1261745  0.12634409 0.12651413 0.12668464 0.1268556  0.12567568
 0.12584574 0.12601626 0.12618725 0.1263587  0.12653061 0.126703
 0.12687585 0.12704918 0.12722298 0.12739726 0.12757202 0.12774725
 0.12792297 0.12809917 0.12827586 0.12707182 0.12724758 0.12742382
 0.12760055 0.12777778 0.12795549 0.1281337  0.12831241 0.12849162
 0.12867133 0.12885154 0.12903226 0.12921348 0.12939522 0.12957746
 0.12976023 0.1299435  0.12871287 0.12889518 0.12907801 0.12926136
 0.12944523 0.12962963 0.12981455 0.13       0.13018598 0.13037249
 0.13055954 0.13074713 0.13093525 0.129683   0.12842713 0.12861272
 0.12879884 0.12898551 0.12917271 0.12936047 0.12954876 0.12973761
 0.12992701 0.12865497 0.12884334 0.12903226 0.12922173 0.12941176
 0.12960236 0.12979351 0.12998523 0.12869822 0.12888889 0.12908012
 0.12927192 0.12946429 0.12965723 0.12985075 0.13004484 0.13023952
 0.13043478 0.12912913 0.12932331 0.12951807 0.12820513 0.12839879
 0.12859304 0.12878788 0.12898331 0.12917933 0.12937595 0.12957317
 0.12977099 0.12996942 0.13016845 0.1303681  0.13056836 0.13076923
 0.13097072 0.13117284 0.13137558 0.13157895 0.13178295 0.13198758
 0.13219285 0.13239875 0.1326053  0.1328125  0.13302034 0.13322884
 0.13343799 0.1336478  0.13385827 0.1340694  0.1342812  0.13449367
 0.13470681 0.13492063 0.13513514 0.13535032 0.13556619 0.13578275
 0.136      0.13621795 0.1364366  0.13504823 0.1352657  0.13548387
 0.13570275 0.13592233 0.13614263 0.13636364 0.13495935 0.13517915
 0.13539967 0.13562092 0.13584288 0.13606557 0.13464696 0.13486842
 0.13509061 0.13366337 0.1338843  0.13410596 0.13432836 0.1345515
 0.13477537 0.135      0.13355593 0.13377926 0.13400335 0.13422819
 0.13445378 0.13468013 0.13490725 0.13513514 0.13536379 0.13559322
 0.13412564 0.13435374 0.13458262 0.13481229 0.13504274 0.13527397
 0.135506   0.13573883 0.13597246 0.1362069  0.13644214 0.1366782
 0.13691508 0.13715278 0.1373913  0.13763066 0.13787086 0.13811189
 0.13835377 0.13859649 0.13884007 0.13908451 0.13932981 0.13957597
 0.13982301 0.14007092 0.14031972 0.1405694  0.14081996 0.13928571
 0.13774597 0.13799283 0.13824057 0.13848921 0.13873874 0.13898917
 0.13924051 0.13949275 0.13974592 0.14       0.14025501 0.14051095
 0.13893967 0.13919414 0.13944954 0.13970588 0.13996317 0.1402214
 0.14048059 0.14074074 0.14100186 0.14126394 0.141527   0.14179104
 0.14205607 0.1423221  0.14258912 0.14285714 0.14312618 0.14339623
 0.1436673  0.14393939 0.14421252 0.14448669 0.1447619  0.14503817
 0.14531549 0.14559387 0.14587332 0.14615385 0.14643545 0.14671815
 0.14700193 0.14728682 0.14757282 0.14785992 0.14814815 0.1484375
 0.14872798 0.14901961 0.14931238 0.1496063  0.14792899 0.14822134
 0.14851485 0.14880952 0.14910537 0.14940239 0.1497006  0.15
 0.1503006  0.15060241 0.15090543 0.15120968 0.15151515 0.15182186
 0.15212982 0.15243902 0.15274949 0.15306122 0.15132924 0.15163934
 0.15195072 0.15226337 0.15257732 0.15289256 0.15320911 0.15352697
 0.15384615 0.15416667 0.15448852 0.15481172 0.15513627 0.15336134
 0.15368421 0.15189873 0.15221987 0.15254237 0.15286624 0.15319149
 0.15351812 0.15384615 0.15417559 0.15450644 0.15483871 0.15517241
 0.15550756 0.15584416 0.15618221 0.15652174 0.15686275 0.15720524
 0.15754923 0.15789474 0.15824176 0.15859031 0.1589404  0.15929204
 0.15964523 0.16       0.15812918 0.15848214 0.15883669 0.15919283
 0.15955056 0.15990991 0.16027088 0.16063348 0.16099773 0.15909091
 0.1594533  0.15981735 0.16018307 0.16055046 0.16091954 0.16129032
 0.16166282 0.16203704 0.16241299 0.1627907  0.16317016 0.1635514
 0.16393443 0.16431925 0.16470588 0.16509434 0.16548463 0.16587678
 0.16627078 0.16428571 0.1646778  0.16507177 0.16546763 0.16586538
 0.16385542 0.16425121 0.16464891 0.16504854 0.16545012 0.16585366
 0.16625917 0.16666667 0.16707617 0.16502463 0.1654321  0.16584158
 0.1662531  0.16666667 0.16708229 0.1675     0.1679198  0.16834171
 0.16624685 0.16666667 0.16708861 0.16751269 0.16793893 0.16836735
 0.16624041 0.16666667 0.16709512 0.16752577 0.16795866 0.16839378
 0.16883117 0.16927083 0.16971279 0.17015707 0.17060367 0.17105263
 0.17150396 0.17195767 0.17241379 0.17287234 0.17333333 0.17379679
 0.17158177 0.17204301 0.17250674 0.17297297 0.17344173 0.17391304
 0.17438692 0.17486339 0.17534247 0.17582418 0.17630854 0.17403315
 0.17451524 0.175      0.17548747 0.17597765 0.17366947 0.1741573
 0.17464789 0.17514124 0.17563739 0.17613636 0.17378917 0.17428571
 0.1747851  0.17528736 0.17579251 0.17630058 0.17681159 0.17732558
 0.17784257 0.17836257 0.17595308 0.17352941 0.1740413  0.17455621
 0.17507418 0.17559524 0.1761194  0.17664671 0.17717718 0.1746988
 0.17522659 0.17575758 0.17629179 0.17682927 0.17737003 0.17791411
 0.17846154 0.17901235 0.17956656 0.18012422 0.17757009 0.178125
 0.17868339 0.17610063 0.17350158 0.17405063 0.17460317 0.17515924
 0.17571885 0.17628205 0.17684887 0.17741935 0.17799353 0.17857143
 0.17915309 0.17973856 0.18032787 0.18092105 0.18151815 0.18211921
 0.17940199 0.17666667 0.17391304 0.17449664 0.17171717 0.1722973
 0.17288136 0.17006803 0.17064846 0.17123288 0.17182131 0.17241379
 0.16955017 0.17013889 0.17073171 0.17132867 0.17192982 0.17253521
 0.17314488 0.17375887 0.17081851 0.16785714 0.16845878 0.16906475
 0.16967509 0.17028986 0.16727273 0.16788321 0.16849817 0.16911765
 0.1697417  0.17037037 0.17100372 0.17164179 0.17228464 0.17293233
 0.17358491 0.17424242 0.17490494 0.17557252 0.17624521 0.17692308
 0.17760618 0.1744186  0.17509728 0.171875   0.17254902 0.17322835
 0.17391304 0.17460317 0.1752988  0.176      0.17269076 0.1733871
 0.17408907 0.17479675 0.1755102  0.17213115 0.17283951 0.17355372
 0.17012448 0.16666667 0.16736402 0.16806723 0.16877637 0.16525424
 0.16595745 0.16239316 0.15879828 0.15948276 0.16017316 0.16086957
 0.15720524 0.15789474 0.15859031 0.15929204 0.16       0.16071429
 0.16143498 0.16216216 0.16289593 0.16363636 0.16438356 0.16513761
 0.16589862 0.16666667 0.16744186 0.1682243  0.16901408 0.16981132
 0.17061611 0.17142857 0.1722488  0.17307692 0.16908213 0.16504854
 0.16585366 0.16666667 0.16748768 0.16831683 0.16915423 0.17
 0.17085427 0.17171717 0.17258883 0.17346939 0.16923077 0.17010309
 0.16580311 0.16666667 0.16753927 0.16842105 0.16402116 0.16489362
 0.1657754  0.16666667 0.16756757 0.16847826 0.16939891 0.16384181
 0.16477273 0.16571429 0.16666667 0.16763006 0.16860465 0.16374269
 0.16470588 0.16568047 0.16071429 0.16167665 0.1626506  0.16363636
 0.16463415 0.1595092  0.16049383 0.16149068 0.15625    0.1572327
 0.15822785 0.15286624 0.15384615 0.15483871 0.15584416 0.15686275
 0.15789474 0.1589404  0.15333333 0.15436242 0.15540541 0.15646259
 0.15753425 0.15862069 0.15972222 0.16083916 0.16197183 0.16312057
 0.16428571 0.16546763 0.15942029 0.16058394 0.16176471 0.16296296
 0.1641791  0.16541353 0.16666667 0.16793893 0.16923077 0.1627907
 0.1640625  0.16535433 0.15873016 0.16       0.16129032 0.16260163
 0.16393443 0.16528926 0.16666667 0.16806723 0.16101695 0.16239316
 0.1637931  0.16521739 0.16666667 0.16814159 0.16964286 0.16216216
 0.15454545 0.1559633  0.15740741 0.14953271 0.1509434  0.15238095
 0.15384615 0.14563107 0.14705882 0.14851485 0.15       0.15151515
 0.15306122 0.15463918 0.15625    0.15789474 0.15957447 0.16129032
 0.16304348 0.16483516 0.16666667 0.16853933 0.15909091 0.16091954
 0.1627907  0.16470588 0.16666667 0.15662651 0.14634146 0.14814815
 0.15       0.15189873 0.15384615 0.15584416 0.15789474 0.16
 0.16216216 0.16438356 0.15277778 0.15492958 0.15714286 0.14492754
 0.14705882 0.14925373 0.15151515 0.13846154 0.140625   0.14285714
 0.12903226 0.13114754 0.13333333 0.13559322 0.12068966 0.12280702
 0.125      0.12727273 0.12962963 0.13207547 0.11538462 0.09803922
 0.1        0.10204082 0.08333333 0.08510638 0.08695652 0.08888889
 0.09090909 0.09302326 0.0952381  0.09756098 0.1        0.1025641
 0.10526316 0.10810811 0.11111111 0.11428571 0.11764706 0.12121212
 0.125      0.12903226 0.13333333 0.13793103 0.14285714 0.14814815
 0.15384615 0.16       0.16666667 0.17391304 0.18181818 0.14285714
 0.15       0.15789474 0.16666667 0.17647059 0.1875     0.2
 0.21428571 0.23076923 0.16666667 0.18181818 0.2        0.22222222
 0.25       0.28571429 0.33333333 0.2        0.25       0.
 0.         1.        ]","[1.         0.99180328 0.99180328 0.99180328 0.99180328 0.99180328
 0.99180328 0.99180328 0.98360656 0.98360656 0.98360656 0.98360656
 0.97540984 0.97540984 0.97540984 0.96721311 0.96721311 0.95901639
 0.95901639 0.95081967 0.95081967 0.95081967 0.95081967 0.95081967
 0.95081967 0.95081967 0.95081967 0.95081967 0.94262295 0.94262295
 0.94262295 0.94262295 0.94262295 0.94262295 0.94262295 0.94262295
 0.94262295 0.94262295 0.93442623 0.93442623 0.93442623 0.93442623
 0.93442623 0.93442623 0.93442623 0.93442623 0.93442623 0.92622951
 0.91803279 0.90983607 0.90983607 0.90163934 0.90163934 0.90163934
 0.90163934 0.90163934 0.90163934 0.90163934 0.90163934 0.90163934
 0.90163934 0.90163934 0.90163934 0.90163934 0.90163934 0.90163934
 0.90163934 0.90163934 0.90163934 0.90163934 0.90163934 0.90163934
 0.90163934 0.89344262 0.89344262 0.89344262 0.89344262 0.89344262
 0.89344262 0.89344262 0.89344262 0.89344262 0.89344262 0.89344262
 0.89344262 0.89344262 0.89344262 0.89344262 0.89344262 0.89344262
 0.89344262 0.89344262 0.8852459  0.8852459  0.8852459  0.87704918
 0.87704918 0.86885246 0.86885246 0.86065574 0.86065574 0.86065574
 0.86065574 0.86065574 0.86065574 0.86065574 0.86065574 0.86065574
 0.86065574 0.86065574 0.86065574 0.86065574 0.86065574 0.85245902
 0.85245902 0.85245902 0.85245902 0.85245902 0.8442623  0.8442623
 0.8442623  0.8442623  0.8442623  0.83606557 0.83606557 0.82786885
 0.82786885 0.82786885 0.82786885 0.82786885 0.82786885 0.82786885
 0.82786885 0.82786885 0.81967213 0.81967213 0.81967213 0.81967213
 0.81967213 0.81967213 0.81967213 0.81967213 0.81967213 0.81147541
 0.81147541 0.81147541 0.81147541 0.81147541 0.81147541 0.81147541
 0.81147541 0.81147541 0.81147541 0.81147541 0.81147541 0.81147541
 0.81147541 0.81147541 0.81147541 0.81147541 0.81147541 0.81147541
 0.81147541 0.81147541 0.80327869 0.80327869 0.80327869 0.80327869
 0.80327869 0.80327869 0.80327869 0.80327869 0.80327869 0.80327869
 0.80327869 0.80327869 0.80327869 0.80327869 0.79508197 0.79508197
 0.79508197 0.79508197 0.79508197 0.78688525 0.78688525 0.78688525
 0.78688525 0.78688525 0.78688525 0.78688525 0.78688525 0.78688525
 0.78688525 0.78688525 0.78688525 0.78688525 0.78688525 0.78688525
 0.77868852 0.77868852 0.77868852 0.77868852 0.77868852 0.77868852
 0.77868852 0.77868852 0.77868852 0.77868852 0.77868852 0.77868852
 0.77868852 0.77868852 0.77868852 0.77868852 0.77868852 0.77868852
 0.7704918  0.7704918  0.7704918  0.7704918  0.7704918  0.76229508
 0.76229508 0.76229508 0.76229508 0.76229508 0.76229508 0.76229508
 0.76229508 0.76229508 0.76229508 0.76229508 0.76229508 0.76229508
 0.76229508 0.76229508 0.76229508 0.75409836 0.75409836 0.75409836
 0.75409836 0.75409836 0.75409836 0.75409836 0.75409836 0.75409836
 0.75409836 0.75409836 0.75409836 0.75409836 0.75409836 0.75409836
 0.75409836 0.75409836 0.74590164 0.74590164 0.74590164 0.74590164
 0.74590164 0.74590164 0.74590164 0.74590164 0.74590164 0.74590164
 0.74590164 0.74590164 0.74590164 0.73770492 0.7295082  0.7295082
 0.7295082  0.7295082  0.7295082  0.7295082  0.7295082  0.7295082
 0.7295082  0.72131148 0.72131148 0.72131148 0.72131148 0.72131148
 0.72131148 0.72131148 0.72131148 0.71311475 0.71311475 0.71311475
 0.71311475 0.71311475 0.71311475 0.71311475 0.71311475 0.71311475
 0.71311475 0.70491803 0.70491803 0.70491803 0.69672131 0.69672131
 0.69672131 0.69672131 0.69672131 0.69672131 0.69672131 0.69672131
 0.69672131 0.69672131 0.69672131 0.69672131 0.69672131 0.69672131
 0.69672131 0.69672131 0.69672131 0.69672131 0.69672131 0.69672131
 0.69672131 0.69672131 0.69672131 0.69672131 0.69672131 0.69672131
 0.69672131 0.69672131 0.69672131 0.69672131 0.69672131 0.69672131
 0.69672131 0.69672131 0.69672131 0.69672131 0.69672131 0.69672131
 0.69672131 0.69672131 0.69672131 0.68852459 0.68852459 0.68852459
 0.68852459 0.68852459 0.68852459 0.68852459 0.68032787 0.68032787
 0.68032787 0.68032787 0.68032787 0.68032787 0.67213115 0.67213115
 0.67213115 0.66393443 0.66393443 0.66393443 0.66393443 0.66393443
 0.66393443 0.66393443 0.6557377  0.6557377  0.6557377  0.6557377
 0.6557377  0.6557377  0.6557377  0.6557377  0.6557377  0.6557377
 0.64754098 0.64754098 0.64754098 0.64754098 0.64754098 0.64754098
 0.64754098 0.64754098 0.64754098 0.64754098 0.64754098 0.64754098
 0.64754098 0.64754098 0.64754098 0.64754098 0.64754098 0.64754098
 0.64754098 0.64754098 0.64754098 0.64754098 0.64754098 0.64754098
 0.64754098 0.64754098 0.64754098 0.64754098 0.64754098 0.63934426
 0.63114754 0.63114754 0.63114754 0.63114754 0.63114754 0.63114754
 0.63114754 0.63114754 0.63114754 0.63114754 0.63114754 0.63114754
 0.62295082 0.62295082 0.62295082 0.62295082 0.62295082 0.62295082
 0.62295082 0.62295082 0.62295082 0.62295082 0.62295082 0.62295082
 0.62295082 0.62295082 0.62295082 0.62295082 0.62295082 0.62295082
 0.62295082 0.62295082 0.62295082 0.62295082 0.62295082 0.62295082
 0.62295082 0.62295082 0.62295082 0.62295082 0.62295082 0.62295082
 0.62295082 0.62295082 0.62295082 0.62295082 0.62295082 0.62295082
 0.62295082 0.62295082 0.62295082 0.62295082 0.6147541  0.6147541
 0.6147541  0.6147541  0.6147541  0.6147541  0.6147541  0.6147541
 0.6147541  0.6147541  0.6147541  0.6147541  0.6147541  0.6147541
 0.6147541  0.6147541  0.6147541  0.6147541  0.60655738 0.60655738
 0.60655738 0.60655738 0.60655738 0.60655738 0.60655738 0.60655738
 0.60655738 0.60655738 0.60655738 0.60655738 0.60655738 0.59836066
 0.59836066 0.59016393 0.59016393 0.59016393 0.59016393 0.59016393
 0.59016393 0.59016393 0.59016393 0.59016393 0.59016393 0.59016393
 0.59016393 0.59016393 0.59016393 0.59016393 0.59016393 0.59016393
 0.59016393 0.59016393 0.59016393 0.59016393 0.59016393 0.59016393
 0.59016393 0.59016393 0.58196721 0.58196721 0.58196721 0.58196721
 0.58196721 0.58196721 0.58196721 0.58196721 0.58196721 0.57377049
 0.57377049 0.57377049 0.57377049 0.57377049 0.57377049 0.57377049
 0.57377049 0.57377049 0.57377049 0.57377049 0.57377049 0.57377049
 0.57377049 0.57377049 0.57377049 0.57377049 0.57377049 0.57377049
 0.57377049 0.56557377 0.56557377 0.56557377 0.56557377 0.56557377
 0.55737705 0.55737705 0.55737705 0.55737705 0.55737705 0.55737705
 0.55737705 0.55737705 0.55737705 0.54918033 0.54918033 0.54918033
 0.54918033 0.54918033 0.54918033 0.54918033 0.54918033 0.54918033
 0.54098361 0.54098361 0.54098361 0.54098361 0.54098361 0.54098361
 0.53278689 0.53278689 0.53278689 0.53278689 0.53278689 0.53278689
 0.53278689 0.53278689 0.53278689 0.53278689 0.53278689 0.53278689
 0.53278689 0.53278689 0.53278689 0.53278689 0.53278689 0.53278689
 0.52459016 0.52459016 0.52459016 0.52459016 0.52459016 0.52459016
 0.52459016 0.52459016 0.52459016 0.52459016 0.52459016 0.51639344
 0.51639344 0.51639344 0.51639344 0.51639344 0.50819672 0.50819672
 0.50819672 0.50819672 0.50819672 0.50819672 0.5        0.5
 0.5        0.5        0.5        0.5        0.5        0.5
 0.5        0.5        0.49180328 0.48360656 0.48360656 0.48360656
 0.48360656 0.48360656 0.48360656 0.48360656 0.48360656 0.47540984
 0.47540984 0.47540984 0.47540984 0.47540984 0.47540984 0.47540984
 0.47540984 0.47540984 0.47540984 0.47540984 0.46721311 0.46721311
 0.46721311 0.45901639 0.45081967 0.45081967 0.45081967 0.45081967
 0.45081967 0.45081967 0.45081967 0.45081967 0.45081967 0.45081967
 0.45081967 0.45081967 0.45081967 0.45081967 0.45081967 0.45081967
 0.44262295 0.43442623 0.42622951 0.42622951 0.41803279 0.41803279
 0.41803279 0.40983607 0.40983607 0.40983607 0.40983607 0.40983607
 0.40163934 0.40163934 0.40163934 0.40163934 0.40163934 0.40163934
 0.40163934 0.40163934 0.39344262 0.3852459  0.3852459  0.3852459
 0.3852459  0.3852459  0.37704918 0.37704918 0.37704918 0.37704918
 0.37704918 0.37704918 0.37704918 0.37704918 0.37704918 0.37704918
 0.37704918 0.37704918 0.37704918 0.37704918 0.37704918 0.37704918
 0.37704918 0.36885246 0.36885246 0.36065574 0.36065574 0.36065574
 0.36065574 0.36065574 0.36065574 0.36065574 0.35245902 0.35245902
 0.35245902 0.35245902 0.35245902 0.3442623  0.3442623  0.3442623
 0.33606557 0.32786885 0.32786885 0.32786885 0.32786885 0.31967213
 0.31967213 0.31147541 0.30327869 0.30327869 0.30327869 0.30327869
 0.29508197 0.29508197 0.29508197 0.29508197 0.29508197 0.29508197
 0.29508197 0.29508197 0.29508197 0.29508197 0.29508197 0.29508197
 0.29508197 0.29508197 0.29508197 0.29508197 0.29508197 0.29508197
 0.29508197 0.29508197 0.29508197 0.29508197 0.28688525 0.27868852
 0.27868852 0.27868852 0.27868852 0.27868852 0.27868852 0.27868852
 0.27868852 0.27868852 0.27868852 0.27868852 0.2704918  0.2704918
 0.26229508 0.26229508 0.26229508 0.26229508 0.25409836 0.25409836
 0.25409836 0.25409836 0.25409836 0.25409836 0.25409836 0.23770492
 0.23770492 0.23770492 0.23770492 0.23770492 0.23770492 0.2295082
 0.2295082  0.2295082  0.22131148 0.22131148 0.22131148 0.22131148
 0.22131148 0.21311475 0.21311475 0.21311475 0.20491803 0.20491803
 0.20491803 0.19672131 0.19672131 0.19672131 0.19672131 0.19672131
 0.19672131 0.19672131 0.18852459 0.18852459 0.18852459 0.18852459
 0.18852459 0.18852459 0.18852459 0.18852459 0.18852459 0.18852459
 0.18852459 0.18852459 0.18032787 0.18032787 0.18032787 0.18032787
 0.18032787 0.18032787 0.18032787 0.18032787 0.18032787 0.17213115
 0.17213115 0.17213115 0.16393443 0.16393443 0.16393443 0.16393443
 0.16393443 0.16393443 0.16393443 0.16393443 0.1557377  0.1557377
 0.1557377  0.1557377  0.1557377  0.1557377  0.1557377  0.14754098
 0.13934426 0.13934426 0.13934426 0.13114754 0.13114754 0.13114754
 0.13114754 0.12295082 0.12295082 0.12295082 0.12295082 0.12295082
 0.12295082 0.12295082 0.12295082 0.12295082 0.12295082 0.12295082
 0.12295082 0.12295082 0.12295082 0.12295082 0.1147541  0.1147541
 0.1147541  0.1147541  0.1147541  0.10655738 0.09836066 0.09836066
 0.09836066 0.09836066 0.09836066 0.09836066 0.09836066 0.09836066
 0.09836066 0.09836066 0.09016393 0.09016393 0.09016393 0.08196721
 0.08196721 0.08196721 0.08196721 0.07377049 0.07377049 0.07377049
 0.06557377 0.06557377 0.06557377 0.06557377 0.05737705 0.05737705
 0.05737705 0.05737705 0.05737705 0.05737705 0.04918033 0.04098361
 0.04098361 0.04098361 0.03278689 0.03278689 0.03278689 0.03278689
 0.03278689 0.03278689 0.03278689 0.03278689 0.03278689 0.03278689
 0.03278689 0.03278689 0.03278689 0.03278689 0.03278689 0.03278689
 0.03278689 0.03278689 0.03278689 0.03278689 0.03278689 0.03278689
 0.03278689 0.03278689 0.03278689 0.03278689 0.03278689 0.02459016
 0.02459016 0.02459016 0.02459016 0.02459016 0.02459016 0.02459016
 0.02459016 0.02459016 0.01639344 0.01639344 0.01639344 0.01639344
 0.01639344 0.01639344 0.01639344 0.00819672 0.00819672 0.
 0.         0.        ]","[0.00000000e+000 1.27022530e-286 1.60300406e-272 1.24414367e-270
 7.72649087e-251 9.12898708e-233 1.40037925e-225 5.21602210e-222
 5.11658685e-221 9.20248403e-211 5.04432385e-210 1.06831150e-205
 2.89501575e-203 4.75361888e-195 8.13447972e-193 9.84188285e-189
 7.32307659e-173 7.45986191e-173 1.61347285e-171 2.06802833e-168
 5.76946032e-167 2.84940651e-164 7.10467350e-164 2.22268960e-157
 3.82449398e-154 3.28646687e-148 9.33705730e-138 2.81871144e-136
 5.74237502e-135 5.91409034e-133 7.24890978e-133 6.69992478e-132
 8.94386618e-131 2.30887905e-127 1.93011136e-125 7.06898208e-124
 5.35559026e-123 9.37263432e-120 2.28032398e-114 3.58974122e-114
 1.08864380e-113 1.80793835e-113 1.90311967e-112 4.14042536e-112
 7.27084281e-110 5.54772231e-109 4.93777158e-108 3.27182235e-106
 4.64777558e-106 4.49331274e-105 5.56897979e-104 2.66233366e-103
 7.96613692e-103 3.92210347e-102 2.88233944e-101 3.76405076e-099
 1.78953594e-098 7.36326929e-098 1.23711639e-096 1.66488707e-096
 3.06952376e-093 1.42833119e-092 7.99815146e-092 9.33271280e-091
 3.36720608e-089 6.57619822e-089 6.49292275e-088 5.76985514e-087
 1.17788772e-086 3.73480775e-086 3.79222607e-086 1.69614730e-085
 3.19355098e-085 1.26020643e-084 1.37399779e-084 1.86620032e-084
 3.87953489e-084 4.22615361e-083 2.17104127e-082 8.77543212e-082
 3.20774683e-081 8.38629985e-081 2.38918202e-080 2.67767024e-080
 5.24238791e-079 6.99304801e-079 1.05932147e-077 2.65212239e-077
 3.08243643e-077 5.28349840e-076 3.48811139e-075 1.85634020e-074
 1.60010470e-073 2.01445213e-073 1.41643396e-072 1.97535353e-072
 5.05104900e-072 2.98747505e-071 4.50404332e-071 4.59097713e-071
 4.98606349e-071 1.14882743e-070 5.77232980e-070 7.64860891e-070
 4.39885841e-069 4.31755887e-068 7.32848623e-068 1.72616069e-067
 7.52438835e-067 1.33974919e-066 1.98247520e-066 8.04608646e-066
 4.82766467e-065 8.08287426e-065 1.21548145e-063 1.67599877e-063
 4.77836685e-063 6.34396626e-063 9.05647566e-063 1.33800993e-062
 9.61283584e-062 1.30147126e-061 1.83493331e-061 2.21611582e-061
 2.35462796e-061 5.39252870e-061 8.61456308e-061 5.67345724e-060
 1.12622398e-059 1.96233540e-059 2.50077004e-059 7.37985573e-059
 8.71624790e-059 1.00424751e-058 1.38800932e-058 3.61546707e-058
 3.64903102e-058 1.10748106e-057 1.37954265e-057 1.85065412e-056
 1.92289311e-056 3.79271214e-056 3.21118232e-055 4.41188637e-055
 1.24518548e-054 1.39226768e-054 3.93581601e-054 1.33004211e-053
 1.84961697e-053 2.75697814e-053 2.76019810e-053 7.16533202e-053
 1.30009048e-052 2.21118862e-052 3.37251835e-052 3.41241515e-052
 3.71091063e-052 4.69236532e-052 5.30350851e-052 6.16757051e-052
 1.25052362e-051 1.82232667e-051 2.84238254e-051 4.97908066e-051
 5.17510629e-051 7.39166829e-051 9.80103097e-051 1.34087379e-050
 1.87761352e-050 5.59847768e-050 5.91833655e-050 1.99266582e-049
 2.98816569e-049 9.71211755e-049 1.56883272e-048 2.93416855e-048
 1.38425359e-047 3.69440732e-047 5.01165078e-046 5.68217476e-046
 7.66427238e-046 4.48730044e-045 8.58507437e-045 9.49006602e-045
 2.77396201e-044 3.01845885e-044 3.48433526e-044 3.61942569e-044
 7.51119557e-044 4.07998187e-043 7.52805238e-043 8.60420418e-043
 1.47976773e-042 3.43546437e-042 3.47889399e-042 5.20884145e-042
 1.44676673e-041 2.00304563e-041 5.71825746e-041 2.42054531e-040
 2.75395592e-040 4.95873259e-040 5.99212749e-040 1.12663058e-039
 1.16561315e-039 1.85510072e-039 1.89973210e-039 2.85648385e-039
 4.73100277e-039 8.72128251e-039 9.93981667e-039 1.01141432e-038
 1.05226637e-038 1.23819268e-038 1.63964959e-038 2.48934821e-038
 3.10684602e-038 4.22118291e-038 4.78302144e-038 5.07384822e-038
 5.23559999e-038 5.72068520e-038 1.77258966e-037 1.78610943e-037
 2.14480115e-037 2.31642555e-037 3.68639888e-037 3.74316843e-037
 3.93284785e-037 5.79056034e-037 5.81564456e-037 6.02205766e-037
 1.31889770e-036 1.44783192e-036 1.58593768e-036 1.92363135e-036
 2.05785921e-036 2.67044202e-036 3.68747943e-036 5.01573358e-036
 6.32112424e-036 1.02184011e-035 1.12473221e-035 2.40330720e-035
 4.62376440e-035 5.21239528e-035 5.79940404e-035 7.12906704e-035
 1.26365432e-034 1.99501372e-034 2.63322844e-034 2.73821135e-034
 3.01887899e-034 3.67641018e-034 4.58639752e-034 8.18373570e-034
 1.02439341e-033 1.46806251e-033 2.37066401e-033 2.47737827e-033
 2.79177582e-033 2.97948562e-033 3.40484023e-033 7.25282468e-033
 7.80589860e-033 1.34025164e-032 1.38027084e-032 1.54374156e-032
 1.64175622e-032 3.83959837e-032 4.83848641e-032 5.19012209e-032
 7.17697881e-032 1.24027656e-031 1.86430316e-031 3.44248643e-031
 3.80894063e-031 4.20799212e-031 6.09962379e-031 7.01984256e-031
 7.22372917e-031 7.85523591e-031 8.77585361e-031 1.60280029e-030
 1.83762850e-030 2.78492457e-030 3.15052275e-030 4.16917344e-030
 4.83005709e-030 5.27274077e-030 6.21787251e-030 7.04457215e-030
 8.45633731e-030 9.32741927e-030 9.33732645e-030 1.27269944e-029
 1.34480697e-029 1.48732533e-029 1.54582259e-029 1.55652982e-029
 1.57288686e-029 1.72556002e-029 2.53418964e-029 2.91506625e-029
 3.98173526e-029 9.70496282e-029 1.10355834e-028 1.11135494e-028
 1.68839245e-028 1.81321640e-028 1.81723724e-028 1.83534527e-028
 2.22200006e-028 2.32677964e-028 3.79476171e-028 4.12354896e-028
 4.37758788e-028 4.92250449e-028 5.02516421e-028 7.92065525e-028
 8.51190720e-028 1.35337177e-027 1.50949626e-027 1.75628745e-027
 1.75709357e-027 2.53777835e-027 8.68051071e-027 1.08313692e-026
 1.14538663e-026 1.27747143e-026 1.45964009e-026 1.71498726e-026
 1.91331116e-026 2.14078567e-026 2.28675542e-026 2.35225740e-026
 2.43596242e-026 2.60855687e-026 2.71455951e-026 2.84201841e-026
 3.18767585e-026 3.45121885e-026 3.48291801e-026 3.60687752e-026
 3.85938867e-026 5.95412615e-026 6.39441545e-026 6.56247597e-026
 8.09220937e-026 9.79532243e-026 1.08656189e-025 1.18967363e-025
 1.38399416e-025 1.95570989e-025 2.10766757e-025 2.12979383e-025
 2.23732497e-025 2.81681854e-025 3.09402390e-025 3.28952177e-025
 3.47710633e-025 4.63295293e-025 4.87353280e-025 5.60091091e-025
 6.04062746e-025 1.06679828e-024 1.28013750e-024 1.68670717e-024
 2.28551231e-024 2.53904823e-024 3.59334509e-024 4.49006783e-024
 6.28347044e-024 6.36589519e-024 9.79293551e-024 1.00916062e-023
 1.01560052e-023 1.04738085e-023 1.07263544e-023 3.33751956e-023
 3.52990037e-023 3.85135370e-023 4.69635639e-023 4.84110686e-023
 4.95830645e-023 6.63295701e-023 7.03627154e-023 7.08365215e-023
 7.38752861e-023 7.44890976e-023 7.94110475e-023 9.76896632e-023
 1.02919927e-022 1.52503659e-022 1.90894249e-022 1.94882353e-022
 2.22359277e-022 2.67549448e-022 2.68760254e-022 2.89744047e-022
 3.36184779e-022 4.10937266e-022 4.29223070e-022 4.68419327e-022
 5.00151571e-022 5.35779230e-022 5.43573737e-022 5.72804812e-022
 7.00104138e-022 7.16908683e-022 7.45485162e-022 7.49844004e-022
 7.76182268e-022 7.96020250e-022 1.33101264e-021 1.36823393e-021
 1.52563879e-021 1.61148313e-021 1.80339988e-021 1.84504573e-021
 1.99640183e-021 2.14313321e-021 2.27274056e-021 2.85128179e-021
 3.86988355e-021 4.57224624e-021 7.17679190e-021 7.51551957e-021
 1.25578219e-020 1.52594895e-020 1.58003411e-020 1.98152796e-020
 2.19903376e-020 3.22917753e-020 3.35982962e-020 4.33981442e-020
 4.53522615e-020 4.56055673e-020 5.09040908e-020 5.63356875e-020
 6.02606658e-020 1.15053244e-019 1.38347734e-019 1.43386765e-019
 1.96263609e-019 2.68272111e-019 3.99635067e-019 4.84293473e-019
 5.32718474e-019 5.51045514e-019 5.89793218e-019 7.70752963e-019
 1.03024459e-018 1.05722042e-018 1.34532317e-018 1.68318870e-018
 1.70058024e-018 1.73344489e-018 1.75427687e-018 2.39428661e-018
 3.62168805e-018 3.97355739e-018 4.48004459e-018 5.02930457e-018
 5.63401772e-018 7.51773680e-018 1.08639519e-017 1.40382308e-017
 1.44233193e-017 1.73807890e-017 3.48170698e-017 3.55813215e-017
 4.50152340e-017 4.98026332e-017 5.64304648e-017 5.85707711e-017
 6.04981467e-017 6.67862173e-017 6.85788662e-017 7.41960465e-017
 9.05853808e-017 9.12134605e-017 1.24366909e-016 1.28659895e-016
 1.42559852e-016 1.54704245e-016 1.62358840e-016 1.83291602e-016
 2.12500325e-016 2.26826540e-016 2.27819316e-016 2.89851581e-016
 3.19931228e-016 4.19310397e-016 5.25649015e-016 5.40502367e-016
 6.35285286e-016 6.60701415e-016 7.10976848e-016 7.89970758e-016
 1.08471868e-015 1.20965940e-015 1.25936354e-015 1.67705199e-015
 1.73956766e-015 1.96901682e-015 2.09031246e-015 2.19840443e-015
 2.93339239e-015 3.91675548e-015 4.66820235e-015 4.93178156e-015
 8.25974594e-015 8.82300643e-015 9.49574736e-015 1.06842083e-014
 1.30192775e-014 2.13818599e-014 2.13845692e-014 2.21473531e-014
 3.40988906e-014 3.92178158e-014 3.97936438e-014 4.06792152e-014
 5.18379072e-014 5.32270195e-014 5.86701192e-014 6.32722242e-014
 7.66897623e-014 1.08020992e-013 1.24995376e-013 1.44063449e-013
 1.49127875e-013 1.70559978e-013 1.96483558e-013 2.18674039e-013
 2.25551034e-013 2.35419587e-013 4.09989524e-013 5.78377352e-013
 5.90428912e-013 6.11424858e-013 6.21590408e-013 6.54945010e-013
 7.07769724e-013 1.00870915e-012 1.17370523e-012 1.28201406e-012
 1.64286002e-012 1.65362158e-012 1.85849558e-012 2.29445127e-012
 2.64066555e-012 3.32126184e-012 4.71507503e-012 4.81915230e-012
 5.63431701e-012 1.21765420e-011 1.38891341e-011 2.41259301e-011
 3.11920648e-011 3.34738027e-011 4.37645288e-011 5.15030264e-011
 6.68111493e-011 1.31813502e-010 1.38664763e-010 2.29514284e-010
 2.87434122e-010 3.15705690e-010 3.96999591e-010 4.18857247e-010
 5.98271099e-010 6.89161720e-010 7.04181845e-010 9.27682048e-010
 1.17185909e-009 1.26570133e-009 1.40103237e-009 2.51056607e-009
 3.00207182e-009 4.39012069e-009 6.06088574e-009 6.61210548e-009
 7.24411067e-009 7.45009277e-009 7.47599300e-009 8.72960452e-009
 9.72027153e-009 1.12960175e-008 1.13639652e-008 1.21349580e-008
 1.58415714e-008 1.63121372e-008 1.67894007e-008 2.33168831e-008
 2.64295211e-008 2.70272549e-008 7.59501426e-008 8.94359997e-008
 9.61909563e-008 1.00892569e-007 1.13686295e-007 1.19784069e-007
 1.20375086e-007 1.89453755e-007 2.31167619e-007 2.31726208e-007
 3.99449916e-007 5.68347711e-007 8.55560973e-007 9.54294724e-007
 1.03736495e-006 1.12153004e-006 1.29149444e-006 1.41469240e-006
 1.62212864e-006 1.77548883e-006 1.96217241e-006 2.41608737e-006
 2.64595253e-006 4.57944677e-006 4.65554647e-006 5.61770546e-006
 6.23445221e-006 8.39923027e-006 9.66917371e-006 1.03235569e-005
 1.33378419e-005 1.59123112e-005 1.71559430e-005 2.06046906e-005
 2.17032040e-005 2.35354324e-005 2.64038661e-005 2.69488563e-005
 2.89699978e-005 3.30246259e-005 4.61217520e-005 6.31123044e-005
 7.32732893e-005 7.32917021e-005 7.40983978e-005 7.41155149e-005
 3.56148273e-004 3.78046513e-004 4.29033851e-004 4.62599232e-004
 5.16380752e-004 6.22877715e-004 7.59450854e-004 1.08564728e-003
 1.12732901e-003 1.31266200e-003 1.35686303e-003 1.39442726e-003
 1.44718379e-003 1.55910935e-003 1.66485265e-003 2.02102575e-003
 2.21692660e-003 2.77325451e-003 2.81801392e-003 2.93532558e-003
 3.25743809e-003 4.05678437e-003 4.41608621e-003 4.58016307e-003
 6.71368139e-003 7.25006122e-003 7.55422639e-003 7.69042958e-003
 7.94025763e-003 8.35068487e-003 1.20446204e-002 1.51407616e-002
 1.63603574e-002 1.64006390e-002 1.64880449e-002 1.69301853e-002
 1.87039476e-002 1.90305839e-002 1.93016134e-002 2.05370983e-002
 2.39913591e-002 3.27464769e-002 3.31792462e-002 3.35197000e-002
 3.58177314e-002 3.66890554e-002 3.93274212e-002 4.01209965e-002
 4.27614258e-002 4.67187427e-002 4.83714817e-002 5.26611042e-002
 5.37133611e-002 5.65758660e-002 5.87368122e-002 6.70950236e-002
 6.88146356e-002 6.98133314e-002 7.10429805e-002 7.12334297e-002
 8.09452191e-002 8.13757874e-002 8.41217698e-002 9.54140442e-002
 9.60642135e-002 9.68864694e-002 9.72731332e-002 9.81700062e-002
 1.00891732e-001 1.06930136e-001 1.10681654e-001 1.13818901e-001
 1.16782902e-001 1.17299617e-001 1.20420041e-001 1.37601728e-001
 1.45437817e-001 1.46475600e-001 1.67971786e-001 1.82193726e-001
 1.84625914e-001 1.85970214e-001 1.90525402e-001 1.90699691e-001
 1.99617840e-001 2.15259712e-001 2.22459721e-001 2.37569069e-001
 2.40884902e-001 2.43651473e-001 2.51068811e-001 2.57166850e-001
 2.91238039e-001 3.11003035e-001 3.17018400e-001 3.47477510e-001
 3.49384666e-001 3.52628255e-001 3.56945036e-001 3.73867580e-001
 3.83777607e-001 3.84132143e-001 3.86341411e-001 3.91037910e-001
 3.96493830e-001 4.00268459e-001 4.02107292e-001 4.07098986e-001
 4.08907207e-001 4.43143491e-001 4.44628783e-001 4.47637283e-001
 4.49270947e-001 4.57779133e-001 4.58304599e-001 4.63832778e-001
 4.67789614e-001 4.73904312e-001 4.87856247e-001 4.96202046e-001
 5.14943623e-001 5.24908895e-001 5.34781435e-001 5.37307094e-001
 5.52621713e-001 5.54980740e-001 5.57894596e-001 5.61294257e-001
 5.95311423e-001 5.97820801e-001 5.99089381e-001 6.13893535e-001
 6.30272780e-001 6.31182946e-001 6.33068424e-001 6.36101316e-001
 6.46627978e-001 6.51532837e-001 6.55556827e-001 6.57219572e-001
 6.58026570e-001 6.62279439e-001 6.68979336e-001 6.72818661e-001
 6.81323874e-001 6.81507384e-001 6.87175258e-001 6.89382029e-001
 6.90821870e-001 6.91982112e-001 6.93594254e-001 6.99152389e-001
 7.05085385e-001 7.08886932e-001 7.18798962e-001 7.22063441e-001
 7.22763160e-001 7.24107868e-001 7.35829765e-001 7.38765314e-001
 7.41000375e-001 7.44956717e-001 7.46853619e-001 7.58460109e-001
 7.79744526e-001 7.81514885e-001 7.89346924e-001 7.91191785e-001
 7.96415127e-001 7.98238872e-001 8.12025122e-001 8.29169014e-001
 8.41738950e-001 8.42131610e-001 8.49244495e-001 8.49323101e-001
 8.51017621e-001 8.51779811e-001 8.51880801e-001 8.55175709e-001
 8.55434327e-001 8.66021060e-001 8.66072512e-001 8.75467361e-001
 8.78557770e-001 8.81427003e-001 8.81561726e-001 8.83415853e-001
 8.84540243e-001 8.85322466e-001 8.88384005e-001 9.01198950e-001
 9.02419500e-001 9.04351299e-001 9.06529382e-001 9.07517264e-001
 9.07527640e-001 9.08879671e-001 9.08920408e-001 9.09295512e-001
 9.11130282e-001 9.11901613e-001 9.12933584e-001 9.13753186e-001
 9.14327318e-001 9.19030934e-001 9.21580805e-001 9.24130162e-001
 9.25612928e-001 9.30713123e-001 9.32113203e-001 9.33250313e-001
 9.36160004e-001 9.36853517e-001 9.37170792e-001 9.37819822e-001
 9.38026253e-001 9.41536211e-001 9.42344220e-001 9.42673209e-001
 9.45512773e-001 9.48471875e-001 9.52002231e-001 9.52025938e-001
 9.52345431e-001 9.54135153e-001 9.58294501e-001 9.58942566e-001
 9.59506710e-001 9.60897664e-001 9.60906019e-001 9.63570931e-001
 9.63809379e-001 9.64679420e-001 9.65999797e-001 9.66907164e-001
 9.68903026e-001 9.73092229e-001 9.73480535e-001 9.74097344e-001
 9.74263047e-001 9.74568360e-001 9.76518128e-001 9.77208181e-001
 9.77691852e-001 9.77759308e-001 9.79045804e-001 9.81357679e-001
 9.82603765e-001 9.82849854e-001 9.83651205e-001 9.84774105e-001
 9.85065427e-001 9.85184522e-001 9.85329986e-001 9.85516239e-001
 9.86595881e-001 9.86749501e-001 9.87265409e-001 9.87644953e-001
 9.87806044e-001 9.88224504e-001 9.90069783e-001 9.91558914e-001
 9.92295142e-001 9.92865864e-001 9.93442402e-001 9.94121293e-001
 9.94495938e-001 9.94853630e-001 9.95407287e-001 9.95983652e-001
 9.96976570e-001 9.96979664e-001 9.97052593e-001 9.97081727e-001
 9.97614413e-001 9.97698654e-001 9.97702871e-001 9.97836214e-001
 9.98105153e-001 9.98122786e-001 9.99139830e-001 9.99337139e-001
 9.99545640e-001 9.99591406e-001 9.99663875e-001 9.99747198e-001
 9.99755740e-001 9.99767460e-001 9.99779110e-001 9.99843306e-001
 9.99894938e-001 9.99916256e-001 9.99952989e-001 9.99962251e-001
 9.99962530e-001 9.99972748e-001 9.99978189e-001 9.99984335e-001
 9.99993749e-001 9.99997503e-001 9.99999340e-001 9.99999831e-001
 9.99999939e-001 9.99999996e-001 1.00000000e+000 1.00000000e+000
 1.00000000e+000 1.00000000e+000 1.00000000e+000]"
Hyperledger,is_change_text_num_words_15,Empty,[],0.8734439834024896,"[[842   0]
 [122   0]]","              precision    recall  f1-score   support

           0       0.87      1.00      0.93       842
           1       0.00      0.00      0.00       122

    accuracy                           0.87       964
   macro avg       0.44      0.50      0.47       964
weighted avg       0.76      0.87      0.81       964
",0.5632780082987552,0.12655601659751037,0.5,"0      0
1      0
2      0
3      0
4      0
      ..
959    0
960    0
961    0
962    0
963    0
Name: label_is_empty, Length: 964, dtype: int64",[0.12655602 1.        ],[1. 0.],[0.]
Hyperledger,is_change_text_num_words_15,Zero,[],0.8734439834024896,"[[842   0]
 [122   0]]","              precision    recall  f1-score   support

           0       0.87      1.00      0.93       842
           1       0.00      0.00      0.00       122

    accuracy                           0.87       964
   macro avg       0.44      0.50      0.47       964
weighted avg       0.76      0.87      0.81       964
",0.5632780082987552,0.12655601659751037,0.5,"0      0
1      0
2      0
3      0
4      0
      ..
959    0
960    0
961    0
962    0
963    0
Name: all, Length: 964, dtype: int64",[0.12655602 1.        ],[1. 0.],[0.]
Hyperledger,is_change_text_num_words_15,Random,[],0.49377593360995853,"[[418 424]
 [ 64  58]]","              precision    recall  f1-score   support

           0       0.87      0.50      0.63       842
           1       0.12      0.48      0.19       122

    accuracy                           0.49       964
   macro avg       0.49      0.49      0.41       964
weighted avg       0.77      0.49      0.58       964
",0.11684012263565739,0.11926872025296059,0.4752540788910089,"0      0
1      1
2      1
3      1
4      1
      ..
959    0
960    0
961    1
962    0
963    0
Name: pred, Length: 964, dtype: int64","[0.12655602 0.12668744 0.12681913 0.12591051 0.12604167 0.12513034
 0.12526096 0.12539185 0.12552301 0.12565445 0.12578616 0.12591815
 0.12605042 0.12618297 0.12631579 0.12644889 0.12658228 0.12565998
 0.12579281 0.12592593 0.125      0.12513256 0.12526539 0.12539851
 0.12446809 0.12353568 0.12366738 0.12379936 0.12393162 0.12406417
 0.124197   0.12433012 0.12446352 0.12459721 0.12365591 0.12378902
 0.12392241 0.12405609 0.12419006 0.12432432 0.12445887 0.12459372
 0.12472885 0.12486428 0.12391304 0.12404788 0.12418301 0.12431843
 0.12445415 0.12349727 0.12253829 0.12267251 0.12280702 0.12294182
 0.12307692 0.12211221 0.1222467  0.12238148 0.12251656 0.12265193
 0.12278761 0.12292359 0.12305987 0.12319645 0.12333333 0.12347052
 0.12249443 0.12263099 0.12276786 0.12290503 0.12304251 0.12318029
 0.12331839 0.12345679 0.12359551 0.12373453 0.12387387 0.12401353
 0.1241535  0.12429379 0.12443439 0.12457531 0.12471655 0.12485812
 0.125      0.12514221 0.12528474 0.12542759 0.12557078 0.12571429
 0.12585812 0.12600229 0.125      0.12514351 0.12528736 0.12543153
 0.12557604 0.12572088 0.12586605 0.12601156 0.12615741 0.12630359
 0.12645012 0.12543554 0.1244186  0.12456345 0.12470862 0.12485414
 0.125      0.1251462  0.12529274 0.12543962 0.12558685 0.12455934
 0.12470588 0.12485277 0.125      0.12396694 0.12411348 0.12426036
 0.12440758 0.12455516 0.12470309 0.12485137 0.125      0.12395709
 0.12410501 0.12305854 0.12320574 0.12335329 0.1235012  0.12364946
 0.12379808 0.12394705 0.12409639 0.12424608 0.12318841 0.12333736
 0.12348668 0.12363636 0.12257282 0.12272175 0.12287105 0.12302071
 0.12317073 0.12332112 0.12347188 0.12362301 0.12377451 0.12392638
 0.12285012 0.12300123 0.12315271 0.12330456 0.12345679 0.12360939
 0.12376238 0.12391574 0.12406948 0.1242236  0.12313433 0.12328767
 0.1234414  0.12359551 0.12375    0.12390488 0.12406015 0.12421581
 0.12437186 0.1245283  0.12342569 0.12358134 0.12247475 0.12262958
 0.12278481 0.12294043 0.12309645 0.12325286 0.12340967 0.12356688
 0.12372449 0.12260536 0.12276215 0.12291933 0.12307692 0.12195122
 0.12210797 0.12226512 0.12113402 0.12129032 0.12144703 0.12160414
 0.12176166 0.12191958 0.12207792 0.12093628 0.12109375 0.12125163
 0.12140992 0.12156863 0.12172775 0.12188729 0.12204724 0.12220762
 0.12236842 0.12252964 0.12269129 0.12285337 0.12301587 0.12317881
 0.12334218 0.12350598 0.12367021 0.12383489 0.124      0.12416555
 0.12433155 0.1231593  0.1233244  0.12348993 0.12365591 0.12382234
 0.12398922 0.12415655 0.12432432 0.12449256 0.12466125 0.12483039
 0.125      0.12517007 0.1253406  0.12414734 0.12431694 0.124487
 0.12465753 0.12482853 0.125      0.12379642 0.12396694 0.12413793
 0.12430939 0.12448133 0.12465374 0.12482663 0.125      0.12517385
 0.12534819 0.12412831 0.12290503 0.12307692 0.1232493  0.12342216
 0.12359551 0.12376934 0.12253521 0.12270804 0.12288136 0.12305516
 0.12322946 0.12340426 0.12357955 0.12375533 0.12393162 0.12410842
 0.12428571 0.12446352 0.12464183 0.12482066 0.125      0.12517986
 0.12391931 0.12409812 0.12427746 0.12301013 0.12318841 0.1233672
 0.12354651 0.12372635 0.12390671 0.12408759 0.12426901 0.12445095
 0.12463343 0.12481645 0.125      0.12518409 0.12536873 0.12555391
 0.12426036 0.12444444 0.12462908 0.12481426 0.125      0.12518629
 0.12537313 0.12556054 0.1257485  0.12593703 0.12612613 0.12631579
 0.12650602 0.12669683 0.12688822 0.12708018 0.12727273 0.12746586
 0.12765957 0.12785388 0.12652439 0.12671756 0.12691131 0.12710567
 0.12730061 0.12749616 0.12769231 0.12788906 0.12808642 0.12828439
 0.12848297 0.12713178 0.12732919 0.12752722 0.12772586 0.12792512
 0.128125   0.12676056 0.12695925 0.12715856 0.12735849 0.12755906
 0.12618297 0.12638231 0.12658228 0.1251981  0.12539683 0.12400636
 0.12420382 0.12440191 0.12460064 0.1248     0.125      0.12520064
 0.12540193 0.12399356 0.12419355 0.12439418 0.12459547 0.12479741
 0.125      0.12520325 0.12540717 0.12561175 0.12581699 0.12602291
 0.12459016 0.12479475 0.125      0.12520593 0.12541254 0.12561983
 0.12417219 0.12437811 0.12292359 0.12312812 0.12333333 0.12353923
 0.12374582 0.1239531  0.12416107 0.12436975 0.12457912 0.12478921
 0.125      0.12521151 0.12542373 0.12563667 0.12414966 0.12436116
 0.12457338 0.12478632 0.125      0.12521441 0.12542955 0.12564544
 0.12413793 0.12435233 0.12456747 0.12305026 0.12326389 0.12347826
 0.12369338 0.12390925 0.12412587 0.12434326 0.12280702 0.12302285
 0.12323944 0.12345679 0.12367491 0.12389381 0.12411348 0.12433393
 0.1227758  0.12299465 0.12321429 0.1234347  0.12365591 0.12387792
 0.12230216 0.12072072 0.12093863 0.12115732 0.12137681 0.1215971
 0.12181818 0.12204007 0.12226277 0.12248629 0.12087912 0.12110092
 0.12132353 0.12154696 0.12177122 0.1219963  0.12037037 0.12059369
 0.12081784 0.12104283 0.12126866 0.11962617 0.11985019 0.12007505
 0.12030075 0.11864407 0.11886792 0.11909263 0.11931818 0.11954459
 0.11977186 0.12       0.11832061 0.11854685 0.11877395 0.11900192
 0.11923077 0.11753372 0.11776062 0.11798839 0.11821705 0.1184466
 0.11867704 0.11890838 0.11914062 0.11937378 0.11960784 0.11984283
 0.12007874 0.12031558 0.12055336 0.12079208 0.12103175 0.12127237
 0.12151394 0.12175649 0.122      0.12224449 0.12248996 0.12273642
 0.12298387 0.12323232 0.12145749 0.12170385 0.12195122 0.12219959
 0.12244898 0.12269939 0.12295082 0.12320329 0.12139918 0.12164948
 0.12190083 0.12008282 0.12033195 0.12058212 0.11875    0.11899791
 0.11924686 0.11949686 0.1197479  0.12       0.12025316 0.1205074
 0.12076271 0.12101911 0.11914894 0.11940299 0.11965812 0.11991435
 0.12017167 0.12043011 0.12068966 0.1187905  0.11904762 0.11930586
 0.1173913  0.11764706 0.11790393 0.11597374 0.11622807 0.11648352
 0.11674009 0.11479029 0.11504425 0.11529933 0.11555556 0.11581292
 0.11607143 0.1163311  0.11659193 0.11685393 0.11711712 0.11738149
 0.11764706 0.11791383 0.11590909 0.11617312 0.11643836 0.11670481
 0.11697248 0.11724138 0.11520737 0.11316397 0.11111111 0.10904872
 0.10930233 0.10955711 0.10981308 0.11007026 0.11032864 0.11058824
 0.11084906 0.11111111 0.11137441 0.11163895 0.11190476 0.11217184
 0.11244019 0.11270983 0.11298077 0.11325301 0.11352657 0.11380145
 0.11407767 0.11435523 0.11463415 0.11491443 0.11519608 0.11547912
 0.11330049 0.11358025 0.11386139 0.11414392 0.11442786 0.11471322
 0.115      0.11528822 0.11557789 0.11586902 0.11616162 0.1164557
 0.11675127 0.11704835 0.11734694 0.11764706 0.11794872 0.11825193
 0.1185567  0.11886305 0.11917098 0.11948052 0.11979167 0.12010444
 0.12041885 0.12073491 0.12105263 0.12137203 0.12169312 0.1193634
 0.11968085 0.11733333 0.11764706 0.11796247 0.11827957 0.11859838
 0.11891892 0.11924119 0.11956522 0.11989101 0.11748634 0.11506849
 0.11538462 0.11570248 0.1160221  0.11634349 0.11666667 0.11699164
 0.11731844 0.11764706 0.11797753 0.11830986 0.11864407 0.11898017
 0.11931818 0.11965812 0.11714286 0.11747851 0.11781609 0.11815562
 0.11849711 0.11884058 0.11918605 0.11661808 0.11695906 0.11730205
 0.11764706 0.1179941  0.1183432  0.11869436 0.11904762 0.11940299
 0.11976048 0.11711712 0.11746988 0.11480363 0.11212121 0.11246201
 0.1097561  0.11009174 0.11042945 0.11076923 0.11111111 0.11145511
 0.11180124 0.11214953 0.1125     0.11285266 0.11320755 0.11356467
 0.11392405 0.11111111 0.11146497 0.11182109 0.11217949 0.11254019
 0.11290323 0.11326861 0.11363636 0.11400651 0.11437908 0.1147541
 0.11513158 0.11551155 0.11589404 0.11627907 0.11666667 0.11705686
 0.11744966 0.11784512 0.11824324 0.11864407 0.11904762 0.11945392
 0.11986301 0.12027491 0.12068966 0.11764706 0.11805556 0.11498258
 0.11538462 0.1122807  0.11267606 0.1130742  0.10992908 0.11032028
 0.11071429 0.11111111 0.11151079 0.11191336 0.11231884 0.11272727
 0.11313869 0.11355311 0.11397059 0.11439114 0.11481481 0.11152416
 0.1119403  0.11235955 0.11278195 0.11320755 0.11363636 0.11406844
 0.11450382 0.11494253 0.11538462 0.11583012 0.11627907 0.11284047
 0.11328125 0.11372549 0.11417323 0.11462451 0.11507937 0.11553785
 0.116      0.11646586 0.11693548 0.11740891 0.11788618 0.11836735
 0.11885246 0.11934156 0.11983471 0.12033195 0.12083333 0.12133891
 0.12184874 0.11814346 0.11864407 0.11489362 0.11111111 0.11158798
 0.11206897 0.10822511 0.10869565 0.10917031 0.10964912 0.11013216
 0.11061947 0.11111111 0.11160714 0.11210762 0.11261261 0.11312217
 0.11363636 0.11415525 0.1146789  0.11520737 0.11574074 0.11162791
 0.11214953 0.11267606 0.10849057 0.10900474 0.10952381 0.11004785
 0.11057692 0.10628019 0.10679612 0.10731707 0.10784314 0.10837438
 0.10891089 0.10447761 0.105      0.10552764 0.10606061 0.10659898
 0.10714286 0.10769231 0.10309278 0.10362694 0.10416667 0.10471204
 0.10526316 0.10582011 0.10638298 0.10695187 0.10752688 0.10810811
 0.10869565 0.10928962 0.10989011 0.11049724 0.11111111 0.11173184
 0.11235955 0.11299435 0.10795455 0.10857143 0.1091954  0.10404624
 0.09883721 0.0994152  0.1        0.10059172 0.10119048 0.10179641
 0.10240964 0.0969697  0.09756098 0.09815951 0.09259259 0.0931677
 0.09375    0.09433962 0.09493671 0.0955414  0.09615385 0.09677419
 0.0974026  0.09803922 0.09868421 0.09933775 0.1        0.09395973
 0.09459459 0.0952381  0.0890411  0.08965517 0.09027778 0.09090909
 0.0915493  0.09219858 0.09285714 0.09352518 0.0942029  0.09489051
 0.09558824 0.0962963  0.08955224 0.09022556 0.09090909 0.09160305
 0.09230769 0.09302326 0.09375    0.09448819 0.0952381  0.096
 0.09677419 0.08943089 0.09016393 0.09090909 0.09166667 0.08403361
 0.08474576 0.08547009 0.0862069  0.08695652 0.0877193  0.08849558
 0.08928571 0.09009009 0.09090909 0.09174312 0.09259259 0.09345794
 0.09433962 0.0952381  0.09615385 0.08737864 0.08823529 0.08910891
 0.09       0.08080808 0.08163265 0.08247423 0.08333333 0.08421053
 0.08510638 0.07526882 0.07608696 0.07692308 0.07777778 0.07865169
 0.07954545 0.08045977 0.08139535 0.08235294 0.08333333 0.08433735
 0.08536585 0.08641975 0.0875     0.08860759 0.08974359 0.09090909
 0.09210526 0.09333333 0.09459459 0.09589041 0.09722222 0.09859155
 0.1        0.10144928 0.10294118 0.10447761 0.10606061 0.10769231
 0.09375    0.0952381  0.09677419 0.09836066 0.1        0.10169492
 0.10344828 0.10526316 0.10714286 0.09090909 0.09259259 0.09433962
 0.09615385 0.09803922 0.1        0.10204082 0.10416667 0.10638298
 0.10869565 0.11111111 0.09090909 0.09302326 0.0952381  0.09756098
 0.1        0.1025641  0.10526316 0.10810811 0.11111111 0.11428571
 0.11764706 0.12121212 0.125      0.12903226 0.13333333 0.10344828
 0.10714286 0.11111111 0.11538462 0.12       0.125      0.13043478
 0.13636364 0.14285714 0.15       0.15789474 0.16666667 0.11764706
 0.125      0.13333333 0.07142857 0.07692308 0.08333333 0.09090909
 0.1        0.11111111 0.125      0.         0.         0.
 0.         0.         0.         0.         1.        ]","[1.         1.         1.         0.99180328 0.99180328 0.98360656
 0.98360656 0.98360656 0.98360656 0.98360656 0.98360656 0.98360656
 0.98360656 0.98360656 0.98360656 0.98360656 0.98360656 0.97540984
 0.97540984 0.97540984 0.96721311 0.96721311 0.96721311 0.96721311
 0.95901639 0.95081967 0.95081967 0.95081967 0.95081967 0.95081967
 0.95081967 0.95081967 0.95081967 0.95081967 0.94262295 0.94262295
 0.94262295 0.94262295 0.94262295 0.94262295 0.94262295 0.94262295
 0.94262295 0.94262295 0.93442623 0.93442623 0.93442623 0.93442623
 0.93442623 0.92622951 0.91803279 0.91803279 0.91803279 0.91803279
 0.91803279 0.90983607 0.90983607 0.90983607 0.90983607 0.90983607
 0.90983607 0.90983607 0.90983607 0.90983607 0.90983607 0.90983607
 0.90163934 0.90163934 0.90163934 0.90163934 0.90163934 0.90163934
 0.90163934 0.90163934 0.90163934 0.90163934 0.90163934 0.90163934
 0.90163934 0.90163934 0.90163934 0.90163934 0.90163934 0.90163934
 0.90163934 0.90163934 0.90163934 0.90163934 0.90163934 0.90163934
 0.90163934 0.90163934 0.89344262 0.89344262 0.89344262 0.89344262
 0.89344262 0.89344262 0.89344262 0.89344262 0.89344262 0.89344262
 0.89344262 0.8852459  0.87704918 0.87704918 0.87704918 0.87704918
 0.87704918 0.87704918 0.87704918 0.87704918 0.87704918 0.86885246
 0.86885246 0.86885246 0.86885246 0.86065574 0.86065574 0.86065574
 0.86065574 0.86065574 0.86065574 0.86065574 0.86065574 0.85245902
 0.85245902 0.8442623  0.8442623  0.8442623  0.8442623  0.8442623
 0.8442623  0.8442623  0.8442623  0.8442623  0.83606557 0.83606557
 0.83606557 0.83606557 0.82786885 0.82786885 0.82786885 0.82786885
 0.82786885 0.82786885 0.82786885 0.82786885 0.82786885 0.82786885
 0.81967213 0.81967213 0.81967213 0.81967213 0.81967213 0.81967213
 0.81967213 0.81967213 0.81967213 0.81967213 0.81147541 0.81147541
 0.81147541 0.81147541 0.81147541 0.81147541 0.81147541 0.81147541
 0.81147541 0.81147541 0.80327869 0.80327869 0.79508197 0.79508197
 0.79508197 0.79508197 0.79508197 0.79508197 0.79508197 0.79508197
 0.79508197 0.78688525 0.78688525 0.78688525 0.78688525 0.77868852
 0.77868852 0.77868852 0.7704918  0.7704918  0.7704918  0.7704918
 0.7704918  0.7704918  0.7704918  0.76229508 0.76229508 0.76229508
 0.76229508 0.76229508 0.76229508 0.76229508 0.76229508 0.76229508
 0.76229508 0.76229508 0.76229508 0.76229508 0.76229508 0.76229508
 0.76229508 0.76229508 0.76229508 0.76229508 0.76229508 0.76229508
 0.76229508 0.75409836 0.75409836 0.75409836 0.75409836 0.75409836
 0.75409836 0.75409836 0.75409836 0.75409836 0.75409836 0.75409836
 0.75409836 0.75409836 0.75409836 0.74590164 0.74590164 0.74590164
 0.74590164 0.74590164 0.74590164 0.73770492 0.73770492 0.73770492
 0.73770492 0.73770492 0.73770492 0.73770492 0.73770492 0.73770492
 0.73770492 0.7295082  0.72131148 0.72131148 0.72131148 0.72131148
 0.72131148 0.72131148 0.71311475 0.71311475 0.71311475 0.71311475
 0.71311475 0.71311475 0.71311475 0.71311475 0.71311475 0.71311475
 0.71311475 0.71311475 0.71311475 0.71311475 0.71311475 0.71311475
 0.70491803 0.70491803 0.70491803 0.69672131 0.69672131 0.69672131
 0.69672131 0.69672131 0.69672131 0.69672131 0.69672131 0.69672131
 0.69672131 0.69672131 0.69672131 0.69672131 0.69672131 0.69672131
 0.68852459 0.68852459 0.68852459 0.68852459 0.68852459 0.68852459
 0.68852459 0.68852459 0.68852459 0.68852459 0.68852459 0.68852459
 0.68852459 0.68852459 0.68852459 0.68852459 0.68852459 0.68852459
 0.68852459 0.68852459 0.68032787 0.68032787 0.68032787 0.68032787
 0.68032787 0.68032787 0.68032787 0.68032787 0.68032787 0.68032787
 0.68032787 0.67213115 0.67213115 0.67213115 0.67213115 0.67213115
 0.67213115 0.66393443 0.66393443 0.66393443 0.66393443 0.66393443
 0.6557377  0.6557377  0.6557377  0.64754098 0.64754098 0.63934426
 0.63934426 0.63934426 0.63934426 0.63934426 0.63934426 0.63934426
 0.63934426 0.63114754 0.63114754 0.63114754 0.63114754 0.63114754
 0.63114754 0.63114754 0.63114754 0.63114754 0.63114754 0.63114754
 0.62295082 0.62295082 0.62295082 0.62295082 0.62295082 0.62295082
 0.6147541  0.6147541  0.60655738 0.60655738 0.60655738 0.60655738
 0.60655738 0.60655738 0.60655738 0.60655738 0.60655738 0.60655738
 0.60655738 0.60655738 0.60655738 0.60655738 0.59836066 0.59836066
 0.59836066 0.59836066 0.59836066 0.59836066 0.59836066 0.59836066
 0.59016393 0.59016393 0.59016393 0.58196721 0.58196721 0.58196721
 0.58196721 0.58196721 0.58196721 0.58196721 0.57377049 0.57377049
 0.57377049 0.57377049 0.57377049 0.57377049 0.57377049 0.57377049
 0.56557377 0.56557377 0.56557377 0.56557377 0.56557377 0.56557377
 0.55737705 0.54918033 0.54918033 0.54918033 0.54918033 0.54918033
 0.54918033 0.54918033 0.54918033 0.54918033 0.54098361 0.54098361
 0.54098361 0.54098361 0.54098361 0.54098361 0.53278689 0.53278689
 0.53278689 0.53278689 0.53278689 0.52459016 0.52459016 0.52459016
 0.52459016 0.51639344 0.51639344 0.51639344 0.51639344 0.51639344
 0.51639344 0.51639344 0.50819672 0.50819672 0.50819672 0.50819672
 0.50819672 0.5        0.5        0.5        0.5        0.5
 0.5        0.5        0.5        0.5        0.5        0.5
 0.5        0.5        0.5        0.5        0.5        0.5
 0.5        0.5        0.5        0.5        0.5        0.5
 0.5        0.5        0.49180328 0.49180328 0.49180328 0.49180328
 0.49180328 0.49180328 0.49180328 0.49180328 0.48360656 0.48360656
 0.48360656 0.47540984 0.47540984 0.47540984 0.46721311 0.46721311
 0.46721311 0.46721311 0.46721311 0.46721311 0.46721311 0.46721311
 0.46721311 0.46721311 0.45901639 0.45901639 0.45901639 0.45901639
 0.45901639 0.45901639 0.45901639 0.45081967 0.45081967 0.45081967
 0.44262295 0.44262295 0.44262295 0.43442623 0.43442623 0.43442623
 0.43442623 0.42622951 0.42622951 0.42622951 0.42622951 0.42622951
 0.42622951 0.42622951 0.42622951 0.42622951 0.42622951 0.42622951
 0.42622951 0.42622951 0.41803279 0.41803279 0.41803279 0.41803279
 0.41803279 0.41803279 0.40983607 0.40163934 0.39344262 0.3852459
 0.3852459  0.3852459  0.3852459  0.3852459  0.3852459  0.3852459
 0.3852459  0.3852459  0.3852459  0.3852459  0.3852459  0.3852459
 0.3852459  0.3852459  0.3852459  0.3852459  0.3852459  0.3852459
 0.3852459  0.3852459  0.3852459  0.3852459  0.3852459  0.3852459
 0.37704918 0.37704918 0.37704918 0.37704918 0.37704918 0.37704918
 0.37704918 0.37704918 0.37704918 0.37704918 0.37704918 0.37704918
 0.37704918 0.37704918 0.37704918 0.37704918 0.37704918 0.37704918
 0.37704918 0.37704918 0.37704918 0.37704918 0.37704918 0.37704918
 0.37704918 0.37704918 0.37704918 0.37704918 0.37704918 0.36885246
 0.36885246 0.36065574 0.36065574 0.36065574 0.36065574 0.36065574
 0.36065574 0.36065574 0.36065574 0.36065574 0.35245902 0.3442623
 0.3442623  0.3442623  0.3442623  0.3442623  0.3442623  0.3442623
 0.3442623  0.3442623  0.3442623  0.3442623  0.3442623  0.3442623
 0.3442623  0.3442623  0.33606557 0.33606557 0.33606557 0.33606557
 0.33606557 0.33606557 0.33606557 0.32786885 0.32786885 0.32786885
 0.32786885 0.32786885 0.32786885 0.32786885 0.32786885 0.32786885
 0.32786885 0.31967213 0.31967213 0.31147541 0.30327869 0.30327869
 0.29508197 0.29508197 0.29508197 0.29508197 0.29508197 0.29508197
 0.29508197 0.29508197 0.29508197 0.29508197 0.29508197 0.29508197
 0.29508197 0.28688525 0.28688525 0.28688525 0.28688525 0.28688525
 0.28688525 0.28688525 0.28688525 0.28688525 0.28688525 0.28688525
 0.28688525 0.28688525 0.28688525 0.28688525 0.28688525 0.28688525
 0.28688525 0.28688525 0.28688525 0.28688525 0.28688525 0.28688525
 0.28688525 0.28688525 0.28688525 0.27868852 0.27868852 0.2704918
 0.2704918  0.26229508 0.26229508 0.26229508 0.25409836 0.25409836
 0.25409836 0.25409836 0.25409836 0.25409836 0.25409836 0.25409836
 0.25409836 0.25409836 0.25409836 0.25409836 0.25409836 0.24590164
 0.24590164 0.24590164 0.24590164 0.24590164 0.24590164 0.24590164
 0.24590164 0.24590164 0.24590164 0.24590164 0.24590164 0.23770492
 0.23770492 0.23770492 0.23770492 0.23770492 0.23770492 0.23770492
 0.23770492 0.23770492 0.23770492 0.23770492 0.23770492 0.23770492
 0.23770492 0.23770492 0.23770492 0.23770492 0.23770492 0.23770492
 0.23770492 0.2295082  0.2295082  0.22131148 0.21311475 0.21311475
 0.21311475 0.20491803 0.20491803 0.20491803 0.20491803 0.20491803
 0.20491803 0.20491803 0.20491803 0.20491803 0.20491803 0.20491803
 0.20491803 0.20491803 0.20491803 0.20491803 0.20491803 0.19672131
 0.19672131 0.19672131 0.18852459 0.18852459 0.18852459 0.18852459
 0.18852459 0.18032787 0.18032787 0.18032787 0.18032787 0.18032787
 0.18032787 0.17213115 0.17213115 0.17213115 0.17213115 0.17213115
 0.17213115 0.17213115 0.16393443 0.16393443 0.16393443 0.16393443
 0.16393443 0.16393443 0.16393443 0.16393443 0.16393443 0.16393443
 0.16393443 0.16393443 0.16393443 0.16393443 0.16393443 0.16393443
 0.16393443 0.16393443 0.1557377  0.1557377  0.1557377  0.14754098
 0.13934426 0.13934426 0.13934426 0.13934426 0.13934426 0.13934426
 0.13934426 0.13114754 0.13114754 0.13114754 0.12295082 0.12295082
 0.12295082 0.12295082 0.12295082 0.12295082 0.12295082 0.12295082
 0.12295082 0.12295082 0.12295082 0.12295082 0.12295082 0.1147541
 0.1147541  0.1147541  0.10655738 0.10655738 0.10655738 0.10655738
 0.10655738 0.10655738 0.10655738 0.10655738 0.10655738 0.10655738
 0.10655738 0.10655738 0.09836066 0.09836066 0.09836066 0.09836066
 0.09836066 0.09836066 0.09836066 0.09836066 0.09836066 0.09836066
 0.09836066 0.09016393 0.09016393 0.09016393 0.09016393 0.08196721
 0.08196721 0.08196721 0.08196721 0.08196721 0.08196721 0.08196721
 0.08196721 0.08196721 0.08196721 0.08196721 0.08196721 0.08196721
 0.08196721 0.08196721 0.08196721 0.07377049 0.07377049 0.07377049
 0.07377049 0.06557377 0.06557377 0.06557377 0.06557377 0.06557377
 0.06557377 0.05737705 0.05737705 0.05737705 0.05737705 0.05737705
 0.05737705 0.05737705 0.05737705 0.05737705 0.05737705 0.05737705
 0.05737705 0.05737705 0.05737705 0.05737705 0.05737705 0.05737705
 0.05737705 0.05737705 0.05737705 0.05737705 0.05737705 0.05737705
 0.05737705 0.05737705 0.05737705 0.05737705 0.05737705 0.05737705
 0.04918033 0.04918033 0.04918033 0.04918033 0.04918033 0.04918033
 0.04918033 0.04918033 0.04918033 0.04098361 0.04098361 0.04098361
 0.04098361 0.04098361 0.04098361 0.04098361 0.04098361 0.04098361
 0.04098361 0.04098361 0.03278689 0.03278689 0.03278689 0.03278689
 0.03278689 0.03278689 0.03278689 0.03278689 0.03278689 0.03278689
 0.03278689 0.03278689 0.03278689 0.03278689 0.03278689 0.02459016
 0.02459016 0.02459016 0.02459016 0.02459016 0.02459016 0.02459016
 0.02459016 0.02459016 0.02459016 0.02459016 0.02459016 0.01639344
 0.01639344 0.01639344 0.00819672 0.00819672 0.00819672 0.00819672
 0.00819672 0.00819672 0.00819672 0.         0.         0.
 0.         0.         0.         0.         0.        ]","[0.00172951 0.00284968 0.00317983 0.00456035 0.0051614  0.00891717
 0.010167   0.01320567 0.01333338 0.01372679 0.01627506 0.01737552
 0.01771313 0.01824746 0.02017509 0.02068539 0.02109147 0.02172463
 0.02201623 0.02276966 0.02288521 0.02417256 0.02486807 0.02534847
 0.02793162 0.02909851 0.0303744  0.03053883 0.03127398 0.03259653
 0.03316577 0.03329207 0.03337662 0.03353288 0.03480247 0.03497729
 0.03558906 0.03604675 0.03775079 0.03954945 0.04000874 0.04084677
 0.04227096 0.04376189 0.04382463 0.04512173 0.04623599 0.04939751
 0.05048828 0.05173511 0.05326764 0.05595486 0.05600902 0.05680656
 0.05735389 0.05771287 0.05955225 0.05991602 0.05995169 0.06021747
 0.06248268 0.06259612 0.06587781 0.06734473 0.06777636 0.06793106
 0.06862244 0.06942227 0.07166868 0.07308447 0.0736027  0.07850955
 0.07999558 0.08163849 0.08251393 0.08341314 0.0845922  0.08852784
 0.09060239 0.09440782 0.09443644 0.09443725 0.09458701 0.09541589
 0.09612818 0.09688859 0.09779494 0.09800511 0.09817246 0.0982175
 0.0999053  0.1002093  0.10193383 0.10231588 0.10252022 0.10402625
 0.10565996 0.10662863 0.10775189 0.10849071 0.10879666 0.11163149
 0.11262804 0.11337925 0.11448506 0.11679413 0.11896621 0.11940855
 0.11995843 0.12041991 0.12065527 0.12103005 0.12151628 0.12318828
 0.12526375 0.12565711 0.12812529 0.12901927 0.12929568 0.12975422
 0.13008813 0.13142049 0.13155199 0.13222755 0.1332848  0.13411648
 0.13559982 0.13722443 0.14051226 0.14249166 0.14320783 0.14321258
 0.14333591 0.1437042  0.14489015 0.1451519  0.14624222 0.14628253
 0.14792126 0.15022976 0.15067552 0.15421013 0.15620159 0.15769904
 0.15782255 0.15786967 0.15878549 0.15962634 0.16072856 0.16088372
 0.16240297 0.16345937 0.16442706 0.16451036 0.16509235 0.16712959
 0.16726657 0.16796287 0.16858084 0.17026496 0.17064069 0.17129505
 0.17183067 0.17327063 0.17653092 0.17973609 0.18001982 0.18037752
 0.18147517 0.18149184 0.18197114 0.18211592 0.18305429 0.18365395
 0.18485894 0.18523844 0.1867031  0.18679811 0.18759992 0.18796127
 0.19391468 0.1940051  0.19532649 0.19540917 0.19634708 0.19658756
 0.19692017 0.19830207 0.19914909 0.20065863 0.2010848  0.20115352
 0.20139596 0.20208633 0.20537804 0.20898751 0.21062052 0.21174548
 0.21377356 0.21404465 0.21542049 0.21681419 0.21724657 0.21858887
 0.21876801 0.21986349 0.21996172 0.22087239 0.22113925 0.2211527
 0.22213187 0.22323129 0.22381641 0.22429003 0.22782275 0.22896824
 0.23349362 0.23366421 0.23438884 0.23558322 0.2366605  0.23892689
 0.24163877 0.24275368 0.24283762 0.24326259 0.2436383  0.2448399
 0.24677815 0.24701429 0.24758814 0.24783798 0.24863175 0.24919098
 0.24956506 0.24989652 0.25017615 0.2546056  0.25464923 0.25493047
 0.25578687 0.2576362  0.25786231 0.26053993 0.26070536 0.2612637
 0.26180729 0.26307192 0.26464881 0.26529641 0.2662188  0.26641033
 0.26804025 0.2685362  0.26859703 0.26921888 0.26928501 0.27062143
 0.27495329 0.27587555 0.27594169 0.27648314 0.2794955  0.28037252
 0.28305502 0.28321271 0.28382752 0.28388381 0.28391585 0.2849768
 0.28676718 0.28708713 0.28919978 0.29041944 0.29165958 0.29281073
 0.29345902 0.29745434 0.2976878  0.29773555 0.29897747 0.29953088
 0.29996536 0.30062378 0.30158166 0.30294494 0.30377468 0.30423621
 0.30727053 0.3074084  0.31019121 0.31067664 0.31239627 0.31240412
 0.31271209 0.31290602 0.3134714  0.31423918 0.31443639 0.31519445
 0.31554701 0.31596606 0.31733939 0.31900616 0.32051162 0.32149411
 0.32222913 0.32252962 0.32279079 0.32372849 0.32412889 0.32587388
 0.32678996 0.32702536 0.3275061  0.32790638 0.32900365 0.32988839
 0.33087568 0.33255367 0.33337465 0.33709765 0.3373762  0.33815654
 0.33835905 0.33898193 0.34252863 0.34397921 0.34400616 0.34473312
 0.34552589 0.34557704 0.34600753 0.34603855 0.34682339 0.34760985
 0.35158927 0.35297981 0.35399203 0.35550949 0.35555981 0.35612106
 0.35629769 0.358051   0.36083364 0.36256516 0.36338184 0.3641219
 0.36420258 0.3649502  0.36537806 0.3658772  0.36813172 0.36868022
 0.37048304 0.37146691 0.37292478 0.37456215 0.3746111  0.37630636
 0.37984802 0.3799555  0.38114047 0.38212816 0.38257037 0.38328171
 0.38341829 0.38356107 0.38364405 0.38479365 0.38771296 0.38807118
 0.38880752 0.3894566  0.39115224 0.39143261 0.39144675 0.39298885
 0.39618358 0.39718566 0.39750697 0.39776012 0.39928309 0.40040095
 0.40264152 0.40273427 0.4066146  0.40677644 0.40755756 0.40786685
 0.40826377 0.40868245 0.4097827  0.41175476 0.41225324 0.41394776
 0.41578509 0.41691409 0.41802713 0.42284195 0.42451951 0.4266223
 0.42672283 0.42688121 0.42863258 0.42913819 0.43039189 0.43140439
 0.43233292 0.43320094 0.43532982 0.43565089 0.43677378 0.43741624
 0.43781244 0.43897971 0.43957089 0.44132852 0.44363113 0.4439381
 0.44556952 0.44561254 0.447005   0.44795901 0.4485024  0.44897503
 0.45087511 0.45116122 0.45152324 0.4542257  0.454281   0.45454715
 0.45486125 0.45503967 0.45614819 0.45792504 0.459697   0.46000218
 0.46259029 0.46290372 0.46325899 0.46348108 0.46421375 0.46536165
 0.4669305  0.46696354 0.46749133 0.46781255 0.46816564 0.46874196
 0.47107424 0.47220033 0.4726129  0.47344335 0.4743197  0.47630495
 0.47700304 0.47706062 0.47854163 0.47897401 0.47948193 0.48056574
 0.48060382 0.4813194  0.48344416 0.48365773 0.48615759 0.48643758
 0.4865211  0.48692297 0.48800316 0.48886368 0.48911905 0.48977522
 0.49066381 0.49069166 0.49152104 0.49176744 0.49264635 0.49294635
 0.49460279 0.49525865 0.50071217 0.50072812 0.50116403 0.50227698
 0.50384956 0.50465966 0.50500765 0.50516724 0.50604894 0.50621357
 0.50666254 0.50842754 0.50921693 0.51083904 0.51096253 0.51240109
 0.51240524 0.51341074 0.51421982 0.51699296 0.51707129 0.51874352
 0.51963913 0.52095745 0.5215929  0.52228392 0.5224142  0.52489937
 0.52696262 0.52918802 0.5315441  0.5330021  0.53614172 0.53648697
 0.53680808 0.53684558 0.53836004 0.53955671 0.54014037 0.54067756
 0.54290065 0.54518248 0.54574912 0.54708826 0.5494956  0.5504568
 0.55130191 0.55205319 0.55480271 0.56078129 0.56200185 0.56247043
 0.564747   0.56621618 0.56707935 0.56829046 0.56867725 0.5694425
 0.56968868 0.56972906 0.57122703 0.57329665 0.57335871 0.57476688
 0.57490511 0.5761669  0.57636996 0.57715116 0.57855231 0.58040562
 0.58281711 0.58283298 0.58409722 0.58490451 0.58516194 0.58534706
 0.58753013 0.58956094 0.59034016 0.59045162 0.59088892 0.59456664
 0.59510553 0.59519862 0.59608527 0.59671363 0.60271067 0.60347162
 0.60403762 0.60467502 0.60504265 0.60679473 0.60711633 0.60901002
 0.60950522 0.61059093 0.61114073 0.61305072 0.6156781  0.61631863
 0.61657596 0.61690684 0.61776226 0.61970338 0.61975688 0.62005207
 0.62058412 0.62061054 0.62363704 0.62447017 0.62583383 0.62609339
 0.62620407 0.62788345 0.62961084 0.62994579 0.63045345 0.63055836
 0.63217959 0.63240038 0.63303754 0.6333229  0.63345063 0.63527215
 0.63605138 0.63722884 0.64055291 0.64240115 0.64254121 0.64302771
 0.64396041 0.64417881 0.64736884 0.64802904 0.64904268 0.65117229
 0.6513497  0.65189815 0.65526718 0.65535627 0.65682288 0.65706056
 0.65789298 0.6583443  0.65874914 0.6589015  0.65947549 0.66223881
 0.66367436 0.6659511  0.66634075 0.66756205 0.66788744 0.66931594
 0.66937341 0.67099936 0.67111226 0.67142693 0.67164181 0.67165057
 0.67454223 0.67665024 0.67730354 0.6777633  0.67862236 0.67875689
 0.6806883  0.68425519 0.68652814 0.68760484 0.68774902 0.6882329
 0.68867728 0.68882717 0.6891973  0.68997974 0.6905156  0.69214049
 0.69331134 0.69358471 0.69425231 0.69461549 0.69791986 0.69833034
 0.69892505 0.70221087 0.70237502 0.70380977 0.70397386 0.70416838
 0.7044759  0.70565495 0.70588893 0.70758797 0.71033638 0.71073041
 0.71159368 0.7133967  0.71474965 0.71504807 0.71541568 0.7158508
 0.71619693 0.71667112 0.7169563  0.72083121 0.7218707  0.72211786
 0.72351772 0.72371632 0.72403387 0.72412113 0.72529188 0.72738052
 0.7286431  0.72918091 0.73000213 0.73049965 0.73069495 0.73148132
 0.73234433 0.73246965 0.73661937 0.73852995 0.73945289 0.7398367
 0.74072081 0.74170094 0.74279526 0.74379721 0.74431275 0.74542049
 0.74668115 0.7487097  0.74950191 0.74989894 0.74998115 0.75093719
 0.75144762 0.75342756 0.75410451 0.75426052 0.75809019 0.75825615
 0.75910268 0.76026138 0.76170129 0.76170474 0.76358945 0.76542624
 0.76585217 0.7673318  0.76784589 0.76824208 0.76952381 0.77231252
 0.77529645 0.77625842 0.77681295 0.77743558 0.78127414 0.78266988
 0.7833642  0.78387288 0.78491693 0.78647767 0.78649673 0.78801769
 0.78914206 0.7892373  0.79515713 0.795938   0.79717943 0.79766896
 0.79882143 0.79924581 0.79966329 0.80006789 0.80020274 0.80111074
 0.80148059 0.8019321  0.80379413 0.80465989 0.80549469 0.80861375
 0.80883968 0.81130236 0.8138447  0.81415135 0.81576964 0.81713664
 0.81759739 0.81803085 0.81941253 0.8212336  0.82295792 0.82364006
 0.82432943 0.82469322 0.82675917 0.82684892 0.82732233 0.82775053
 0.82807825 0.82934438 0.82964036 0.8298934  0.83274158 0.83274587
 0.83287787 0.83322542 0.83431799 0.83525481 0.83643057 0.83672672
 0.8374784  0.83817002 0.83883183 0.83903247 0.83993155 0.8405685
 0.84081897 0.84197844 0.84337465 0.84717815 0.84731986 0.84753673
 0.84768463 0.84829611 0.84959224 0.85151842 0.85153906 0.85161421
 0.85202253 0.85299868 0.85411338 0.85426256 0.85481338 0.85532695
 0.85605203 0.85669166 0.85699351 0.85814302 0.85902809 0.85941235
 0.85974906 0.85995833 0.8613654  0.8629476  0.86311579 0.86554205
 0.86630904 0.86651005 0.86796773 0.86827582 0.86969708 0.86986892
 0.87000771 0.87049365 0.87066563 0.87101379 0.87119298 0.87158928
 0.87261427 0.87723487 0.87788827 0.878458   0.87992021 0.88070495
 0.88147392 0.88196286 0.88204214 0.88302427 0.8845752  0.88479814
 0.88532822 0.88778713 0.88854102 0.88944254 0.88976895 0.890478
 0.89056629 0.89208309 0.89255875 0.89453679 0.89685065 0.89886645
 0.89905723 0.90283309 0.90390382 0.90739407 0.90767908 0.90802425
 0.90821109 0.91074785 0.91126869 0.9120603  0.91345255 0.91380379
 0.91388522 0.91502966 0.91603703 0.91669157 0.91706004 0.91753817
 0.91869342 0.91934116 0.91961753 0.91999993 0.92120619 0.92217056
 0.92641726 0.92741866 0.9282018  0.92916382 0.92982382 0.93022445
 0.93049443 0.93116365 0.93185518 0.93499408 0.93560525 0.93581958
 0.93653272 0.93919169 0.94128692 0.94246758 0.94295168 0.94426871
 0.94593244 0.94686643 0.94708957 0.94834752 0.9491315  0.94942427
 0.9494973  0.95016693 0.95039962 0.95040198 0.95111457 0.95114972
 0.95176369 0.95234165 0.95451179 0.95460579 0.95491192 0.95542663
 0.95774133 0.95924377 0.95964384 0.96093595 0.96346919 0.96396269
 0.96493502 0.96516017 0.96723013 0.9683828  0.96885183 0.96948714
 0.97018337 0.97097708 0.97372081 0.97534074 0.97814637 0.97963964
 0.98288296 0.98301133 0.98335024 0.98336608 0.98528067 0.98578805
 0.98850945 0.9894133  0.98994476 0.99030349 0.99442903 0.99562785
 0.99577249 0.99801503 0.99835871 0.9985607 ]"
