project_key,usability_label,Model,feature_importance,accuracy,confusion_matrix,classification_report,area_under_pre_recall_curve,avg_precision,area_under_roc_curve,y_pred,precision,recall,thresholds
Hyperledger,is_change_text_num_words_20,RF,"BERT_15_instability                       0.192425
BERT_20_instability                       0.152250
BERT_10_instability                       0.141832
BERT_5_instability                        0.085006
len_description                           0.049644
num_sentences                             0.028313
num_words                                 0.026490
len_sum_desc                              0.023414
avg_word_len                              0.019010
1                                         0.018773
8                                         0.018440
avg_num_word_in_sentence                  0.017164
14                                        0.016434
12                                        0.016378
num_stopwords                             0.016141
2                                         0.015685
0                                         0.014621
13                                        0.013892
3                                         0.013891
10                                        0.013700
num_issues_cretor_prev                    0.013553
ratio_unusable_issues_text_by_previous    0.013247
9                                         0.011543
7                                         0.010915
6                                         0.010619
11                                        0.010141
4                                         0.009918
5                                         0.007783
original_story_points_sprint              0.005190
time_until_add_sprint                     0.004008
block                                     0.002623
dominant_topic_1                          0.002309
num_changes_text_before_sprint            0.000911
has_acceptance_criteria                   0.000652
has_url                                   0.000586
num_question_marks                        0.000517
num_headlines                             0.000514
relates                                   0.000511
block_by                                  0.000419
num_changes_story_point_before_sprint     0.000334
duplicate                                 0.000084
has_please                                0.000068
duplicate_by                              0.000028
has_template                              0.000025
adj_count                                 0.000000
verb_count                                0.000000
noun_count                                0.000000
has_code                                  0.000000
num_comments_before_sprint                0.000000
priority                                  0.000000
if_description_empty_tbd                  0.000000
pron_count                                0.000000
has_tbd                                   0.000000
len_acceptance                            0.000000
if_acceptance_empty_tbd                   0.000000
adv_count                                 0.000000
dtype: float64",0.5518672199170125,"[[252.88028169 229.11971831]
 [116.19642857 365.80357143]]","              precision    recall  f1-score   support

           0       0.69      0.52      0.59 481.99999999999477
           1       0.61      0.76      0.68 482.0000000000005

    accuracy                           0.64 963.9999999999952
   macro avg       0.65      0.64      0.64 963.9999999999952
weighted avg       0.65      0.64      0.64 963.9999999999952
",0.6045653589844247,0.6095659088967593,0.6770099765258217,"[1 0 1 1 0 1 0 0 1 0 1 0 1 0 0 0 1 1 1 0 0 0 0 0 0 0 0 0 0 0 0 0 0 0 0 0 0
 1 0 0 0 0 0 0 1 1 0 0 0 0 1 0 1 0 0 0 0 1 1 0 1 0 1 0 0 0 1 0 0 0 0 0 1 1
 0 1 0 1 0 0 0 0 0 0 1 1 1 0 0 1 1 0 1 0 0 0 0 0 0 0 0 1 0 1 1 0 0 0 0 0 0
 0 1 0 1 1 1 0 0 0 1 1 0 0 1 0 0 0 0 0 0 1 1 0 0 1 0 1 0 1 0 1 0 0 1 1 0 0
 1 0 0 0 0 0 1 1 1 1 1 0 0 0 0 1 0 0 0 0 0 0 0 0 0 1 1 1 0 1 0 0 1 0 0 1 0
 1 1 0 1 0 0 0 0 0 1 1 1 1 0 1 1 1 0 1 0 0 1 1 1 1 1 1 1 0 0 1 1 0 0 0 1 0
 0 1 0 0 0 1 1 0 0 0 1 1 0 1 1 1 1 0 1 0 0 0 1 1 1 1 0 0 1 1 1 0 0 0 1 0 1
 0 1 1 1 0 1 1 1 1 1 0 0 1 1 1 1 1 1 1 1 0 0 1 0 1 1 1 1 0 0 0 1 1 1 1 1 1
 1 1 0 1 0 0 0 1 1 0 0 0 1 0 0 1 0 0 0 0 1 0 0 0 0 1 1 1 1 1 0 0 0 0 0 1 1
 1 0 0 1 0 1 1 1 1 1 1 1 0 1 1 1 1 1 1 1 1 1 0 1 0 1 1 1 1 1 0 1 1 0 1 1 0
 0 0 0 0 1 1 1 1 1 1 1 1 1 1 1 0 1 1 0 1 0 0 0 0 1 0 0 1 0 0 0 0 1 1 1 1 0
 1 1 1 1 1 1 1 1 1 1 1 1 0 1 1 1 0 1 1 1 1 1 1 0 0 0 0 0 1 1 0 1 0 0 1 0 0
 0 1 1 1 1 1 1 1 0 0 1 1 1 1 0 1 0 1 1 1 0 1 1 0 1 1 0 0 0 0 1 1 0 0 1 1 0
 1 0 1 1 1 1 1 0 1 1 1 0 0 1 1 0 0 1 0 0 1 0 1 0 0 0 1 0 1 0 0 0 0 0 0 1 1
 0 0 1 1 0 1 0 1 0 1 1 1 1 0 0 1 1 0 0 0 1 0 1 0 0 1 1 1 0 1 1 1 1 1 1 0 1
 0 0 1 1 1 0 1 0 0 0 1 0 1 1 1 1 0 1 0 1 1 1 1 0 1 1 1 1 1 1 1 1 1 1 1 1 1
 1 1 1 1 1 1 0 0 1 0 0 1 1 1 0 0 1 0 1 1 1 1 0 1 1 0 1 0 0 1 1 1 1 0 1 0 0
 0 1 1 0 0 0 0 1 0 1 0 0 1 0 1 0 1 1 0 1 1 1 1 0 1 1 0 1 0 1 1 1 0 1 0 1 1
 0 1 1 0 1 0 1 1 0 0 1 1 0 1 0 0 0 0 0 0 1 0 1 1 0 1 1 1 0 1 0 0 1 1 1 1 0
 0 0 1 1 0 0 1 1 1 0 1 1 1 1 1 1 0 0 1 0 1 0 0 0 0 0 0 0 1 1 1 0 0 0 1 1 1
 1 0 1 0 0 0 1 1 1 1 0 0 0 0 0 1 0 1 1 0 1 0 0 1 1 1 0 0 0 1 1 1 1 1 1 0 0
 1 1 0 1 0 1 0 1 0 1 1 0 0 1 1 0 0 0 0 0 1 0 0 0 0 1 0 1 1 1 0 1 0 0 0 0 1
 1 0 0 0 0 1 0 0 0 0 0 0 0 1 1 0 0 1 0 0 0 0 0 0 1 0 1 1 1 1 0 1 1 1 0 0 0
 0 1 0 1 0 1 0 1 0 0 0 1 1 0 0 0 0 0 1 1 1 1 1 0 0 0 0 0 1 1 1 0 0 1 1 1 0
 0 0 1 1 0 0 0 1 0 0 0 0 1 1 1 0 0 0 1 1 1 1 1 1 0 1 0 0 1 1 1 1 0 0 1 1 1
 1 1 1 0 1 0 1 1 0 0 0 1 0 0 0 0 1 1 0 1 0 0 0 1 1 1 0 1 1 0 1 0 0 0 0 0 1
 0 0]","[0.5        0.5044405  0.50865672 0.50896057 0.50926479 0.51017964
 0.51079137 0.51109778 0.51140456 0.51171171 0.51201923 0.51232712
 0.51263538 0.51294401 0.51325301 0.51356239 0.51387214 0.51449275
 0.51480363 0.51511487 0.5154265  0.5157385  0.51605088 0.51636364
 0.51667677 0.51699029 0.51730419 0.51761847 0.51793313 0.51824818
 0.5185636  0.51887942 0.51919561 0.5195122  0.51982916 0.52046426
 0.5207824  0.52110092 0.52141983 0.52173913 0.52205882 0.52237891
 0.52269939 0.52302026 0.52334152 0.52366318 0.52398524 0.52430769
 0.52463054 0.52495379 0.52527744 0.52560148 0.52592593 0.52625077
 0.52657602 0.52690167 0.52722772 0.52755418 0.52788104 0.52820831
 0.52853598 0.52886406 0.52919255 0.52952144 0.52985075 0.53018046
 0.53051059 0.53084112 0.53117207 0.53150343 0.53183521 0.5321674
 0.5325     0.53283302 0.53316646 0.53350031 0.53383459 0.53416928
 0.53450439 0.53483992 0.53517588 0.53551226 0.53584906 0.53618628
 0.53652393 0.536862   0.5372005  0.53753943 0.53787879 0.53821857
 0.53855879 0.53889943 0.53924051 0.53958201 0.53992395 0.54026633
 0.54060914 0.54095238 0.54129606 0.54164018 0.54198473 0.54232973
 0.54267516 0.54302103 0.54336735 0.5437141  0.5440613  0.54440895
 0.54475703 0.54510557 0.54545455 0.54580397 0.54615385 0.54650417
 0.54685494 0.54720617 0.54755784 0.54790997 0.54826255 0.54861558
 0.54896907 0.54932302 0.54967742 0.55003228 0.5503876  0.55074337
 0.55109961 0.55145631 0.55181347 0.5521711  0.55252918 0.55288774
 0.55324675 0.55102897 0.55138879 0.55174908 0.55210985 0.55247108
 0.55283279 0.55319497 0.55355763 0.55392076 0.55428437 0.55464846
 0.55501303 0.55537807 0.5557436  0.55610961 0.5564761  0.55684307
 0.55721053 0.55757847 0.5579469  0.55831582 0.55868522 0.55905512
 0.5594255  0.55979638 0.56016774 0.56053961 0.56091196 0.56128481
 0.56165815 0.562032   0.56240634 0.56278118 0.56315652 0.56353236
 0.5639087  0.56428554 0.56466289 0.56504075 0.56541911 0.56579798
 0.56617735 0.56655724 0.56693763 0.56731854 0.56769995 0.56808189
 0.56846433 0.56884729 0.56923077 0.56961476 0.56999928 0.57038431
 0.57076986 0.57115594 0.57154253 0.57192965 0.5723173  0.57270547
 0.57309417 0.5734834  0.57387315 0.57426344 0.57465425 0.5750456
 0.57543749 0.5758299  0.57622286 0.57661635 0.57701037 0.57740494
 0.57780004 0.57819569 0.57859188 0.57898861 0.57938589 0.57978371
 0.58018208 0.580581   0.57837571 0.57877575 0.57917635 0.5795775
 0.57997921 0.58038147 0.58078429 0.58118768 0.58159162 0.58199612
 0.58240119 0.58280683 0.58321302 0.58361979 0.58402712 0.58443502
 0.58484349 0.58525254 0.58566215 0.58607234 0.5864831  0.58689444
 0.58730636 0.58771886 0.58550425 0.58591798 0.5863323  0.5867472
 0.58716269 0.58757877 0.58534351 0.58576085 0.58617878 0.58659731
 0.58701643 0.58743616 0.58785649 0.58827741 0.58869895 0.58912108
 0.58954382 0.58996717 0.59039113 0.5908157  0.59124088 0.59166667
 0.59209307 0.59252009 0.59294773 0.59337598 0.59380485 0.59423435
 0.59466446 0.5950952  0.59552656 0.59595855 0.59639116 0.59415
 0.59458402 0.59501867 0.59545395 0.59588987 0.59632643 0.5940641
 0.59450208 0.59494071 0.59537999 0.59581992 0.5962605  0.59397658
 0.5944186  0.59486129 0.59530464 0.59574865 0.59619332 0.59663866
 0.59708466 0.59753133 0.59797866 0.59842667 0.59887535 0.5993247
 0.59702458 0.59747546 0.59792701 0.59837925 0.59883218 0.59928579
 0.59974009 0.60019508 0.60065076 0.60110713 0.6015642  0.60202196
 0.60248042 0.60293958 0.60339943 0.60385999 0.60432126 0.60478323
 0.6052459  0.60570929 0.60617338 0.60663819 0.60710371 0.60756994
 0.60803689 0.6057318  0.60620044 0.6066698  0.60713989 0.60761071
 0.60808226 0.60855455 0.60902757 0.60950132 0.60997581 0.61045104
 0.61092701 0.61140373 0.61188119 0.61235939 0.61283835 0.61052099
 0.61100174 0.61148325 0.61196552 0.6096234  0.61010748 0.61059234
 0.61107797 0.61156437 0.61205155 0.61253951 0.61302824 0.61351775
 0.61400805 0.61449913 0.614991   0.61548365 0.61597709 0.61647133
 0.61696636 0.61746219 0.61795881 0.61845623 0.61895446 0.61660491
 0.61710511 0.61760612 0.61810795 0.61861059 0.61623659 0.61674125
 0.61724673 0.61484536 0.61535287 0.61586121 0.61343191 0.61394229
 0.61148325 0.61199569 0.61250899 0.61302314 0.61053616 0.61105239
 0.6115695  0.61208748 0.60957194 0.61009202 0.61061299 0.61113485
 0.60859013 0.60601188 0.60653708 0.6070632  0.60759023 0.60811817
 0.60864704 0.60917682 0.60970753 0.61023916 0.61077172 0.61130522
 0.61183964 0.612375   0.6129113  0.61344853 0.61398672 0.61452584
 0.61506591 0.61247512 0.61301749 0.61356082 0.6109376  0.61148325
 0.61202988 0.60937349 0.60668048 0.60723079 0.6077821  0.60833442
 0.60888773 0.60944206 0.6099974  0.61055375 0.61111111 0.61166949
 0.6089514  0.60951222 0.61007407 0.61063697 0.6112009  0.61176587
 0.61233189 0.61289896 0.61015255 0.61072214 0.6112928  0.61186452
 0.61243731 0.61301118 0.61358612 0.61416214 0.61473924 0.61196552
 0.61254525 0.61312608 0.61370801 0.61429105 0.61487519 0.61206897
 0.6126558  0.61324376 0.61383285 0.61442308 0.61501444 0.61560694
 0.61620058 0.61679537 0.6173913  0.61798839 0.61858664 0.61918605
 0.61978661 0.62038835 0.62099125 0.62159533 0.61877428 0.61591085
 0.61651959 0.61712953 0.61774068 0.61835304 0.61896662 0.61958141
 0.61668513 0.61730294 0.61792199 0.61854229 0.61916383 0.61978661
 0.62041066 0.62103596 0.62166252 0.62229035 0.62291945 0.62354982
 0.62062937 0.62126294 0.62189781 0.62253398 0.62317145 0.62021304
 0.62085378 0.62149584 0.62213924 0.62278397 0.62343003 0.62407744
 0.62472619 0.6253763  0.62238705 0.62304058 0.62369547 0.62435175
 0.6213206  0.62198036 0.62264151 0.62330407 0.62396804 0.62463343
 0.62530024 0.62596847 0.62663814 0.62730924 0.62798177 0.62865576
 0.62933118 0.63000807 0.63068641 0.63136621 0.63204748 0.62900218
 0.62968726 0.63037383 0.63106191 0.63175148 0.63244257 0.63313517
 0.63382929 0.63074979 0.62761806 0.62831858 0.62902067 0.62584021
 0.62654632 0.62725402 0.62796333 0.62867424 0.62544861 0.62616365
 0.62288397 0.62360315 0.62432399 0.6250465  0.62577068 0.62649654
 0.62722409 0.62795333 0.62868427 0.62941691 0.63015126 0.63088732
 0.63162511 0.63236462 0.63310587 0.63384886 0.6345936  0.63534008
 0.63204748 0.63279857 0.63355146 0.63430613 0.63506261 0.63172147
 0.63248268 0.63324572 0.63401061 0.63477735 0.63554595 0.6363164
 0.63708873 0.63786294 0.63863903 0.63526316 0.63604426 0.6368273
 0.63339399 0.62989515 0.63068641 0.63147965 0.63227489 0.63307214
 0.6338714  0.63032097 0.62670099 0.62750875 0.62382037 0.62463343
 0.62544861 0.62626593 0.62708538 0.62790698 0.62873073 0.62955665
 0.63038474 0.62664895 0.62748266 0.62367398 0.62451334 0.62535496
 0.62619885 0.62704503 0.62789349 0.62874425 0.62959733 0.63045271
 0.63131043 0.63217049 0.63303289 0.63389764 0.63476477 0.63563426
 0.63650615 0.63738043 0.63825711 0.63913621 0.64001773 0.63620072
 0.63708873 0.63797923 0.63887223 0.63976772 0.64066573 0.64156627
 0.64246933 0.64337495 0.63950944 0.64042195 0.64133708 0.63739552
 0.63336637 0.63429288 0.6352221  0.63111111 0.62690641 0.62784715
 0.62879073 0.62973714 0.63068641 0.63163854 0.63259355 0.63355146
 0.63451227 0.635476   0.63644266 0.63741226 0.63838483 0.63936037
 0.63511872 0.6361022  0.63176451 0.62732216 0.62831858 0.62931818
 0.62477713 0.62012344 0.62113613 0.62215212 0.62317145 0.62419412
 0.62522015 0.62624956 0.62150896 0.61664656 0.61768971 0.6127058
 0.61375759 0.614813   0.61587204 0.61693474 0.61800111 0.61907118
 0.62014495 0.61506591 0.60984921 0.60448916 0.59897979 0.59331476
 0.5944186  0.59552656 0.59663866 0.59082606 0.58484349 0.58596974
 0.57981434 0.58094972 0.58208955 0.58323387 0.58438269 0.58553605
 0.57921855 0.58038147 0.57387315 0.5750456  0.57622286 0.57740494
 0.57859188 0.57978371 0.58098046 0.57429599 0.56739478 0.56860651
 0.56982343 0.57104558 0.57227297 0.57350565 0.57474366 0.56764383
 0.56889238 0.57014643 0.57140603 0.5726712  0.57394199 0.57521843
 0.57650056 0.57778842 0.57908204 0.58038147 0.58168675 0.58299791
 0.58431499 0.58563804 0.58696709 0.57971134 0.58105315 0.58240119
 0.5837555  0.58511612 0.5864831  0.57900102 0.58038147 0.58176852
 0.58316222 0.58456261 0.58596974 0.57824678 0.57966816 0.58109654
 0.58253198 0.58397453 0.58542424 0.57744442 0.57890922 0.58038147
 0.58186123 0.57359086 0.57508612 0.57658919 0.568      0.56951872
 0.57104558 0.57258065 0.56365775 0.56520885 0.5667685  0.56833679
 0.55905512 0.54936552 0.55095706 0.55255785 0.55416797 0.5557875
 0.55741652 0.55905512 0.56070338 0.56236139 0.56402923 0.565707
 0.56739478 0.55734845 0.55905512 0.56077227 0.5625     0.56423841
 0.55374703 0.54273801 0.54450383 0.54628118 0.54807018 0.54987092
 0.53833193 0.54015216 0.54198473 0.54382979 0.54568745 0.54755784
 0.5494411  0.55133736 0.55324675 0.54115854 0.54309026 0.53033678
 0.53228989 0.53425743 0.53623957 0.53823647 0.5402483  0.54227522
 0.52882759 0.53087787 0.53294412 0.53502651 0.53712525 0.52288809
 0.52501087 0.50987433 0.51201923 0.51418226 0.51636364 0.5185636
 0.50243749 0.50465961 0.50690148 0.50916335 0.51144549 0.51374819
 0.51607172 0.51841636 0.5207824  0.52317013 0.50593824 0.50835322
 0.51079137 0.51325301 0.5157385  0.51824818 0.5207824  0.52334152
 0.52592593 0.52853598 0.53117207 0.51268284 0.51535455 0.51805426
 0.5207824  0.52353942 0.52632579 0.52914198 0.53198847 0.53486575
 0.51490733 0.5178282  0.5207824  0.52377049 0.52679308 0.52985075
 0.53294412 0.53607383 0.53924051 0.54244482 0.54568745 0.54896907
 0.55229041 0.55565217 0.55905512 0.5625     0.5659876  0.56951872
 0.57309417 0.5767148  0.58038147 0.58409506 0.58785649 0.59166667
 0.59552656 0.59943715 0.60339943 0.58240119 0.5864831  0.59062264
 0.59482102 0.59907952 0.60339943 0.6077821  0.6122289  0.58937465
 0.59397658 0.59865093 0.60339943 0.60822387 0.58285193 0.58785649
 0.59294773 0.59812793 0.60339943 0.60876469 0.61422621 0.58596974
 0.55324675 0.55905512 0.56498674 0.57104558 0.57723577 0.58356164
 0.5900277  0.59663866 0.60339943 0.61031519 0.6173913  0.62463343
 0.58785649 0.59552656 0.60339943 0.61148325 0.61978661 0.62831858
 0.63708873 0.64610718 0.65538462 0.61312608 0.62317145 0.63355146
 0.64428312 0.59166667 0.60339943 0.61560694 0.62831858 0.64156627
 0.65538462 0.66981132 0.68488746 0.70065789 0.63708873 0.65538462
 0.55905512 0.58038147 0.60339943 0.62831858 0.65538462 0.68488746
 0.71717172 0.55905512 0.60339943 0.65538462 0.71717172 0.79182156
 0.88381743 1.         1.        ]","[1.         1.         1.         1.         1.         1.
 1.         1.         1.         1.         1.         1.
 1.         1.         1.         1.         1.         1.
 1.         1.         1.         1.         1.         1.
 1.         1.         1.         1.         1.         1.
 1.         1.         1.         1.         1.         1.
 1.         1.         1.         1.         1.         1.
 1.         1.         1.         1.         1.         1.
 1.         1.         1.         1.         1.         1.
 1.         1.         1.         1.         1.         1.
 1.         1.         1.         1.         1.         1.
 1.         1.         1.         1.         1.         1.
 1.         1.         1.         1.         1.         1.
 1.         1.         1.         1.         1.         1.
 1.         1.         1.         1.         1.         1.
 1.         1.         1.         1.         1.         1.
 1.         1.         1.         1.         1.         1.
 1.         1.         1.         1.         1.         1.
 1.         1.         1.         1.         1.         1.
 1.         1.         1.         1.         1.         1.
 1.         1.         1.         1.         1.         1.
 1.         1.         1.         1.         1.         1.
 1.         0.99107143 0.99107143 0.99107143 0.99107143 0.99107143
 0.99107143 0.99107143 0.99107143 0.99107143 0.99107143 0.99107143
 0.99107143 0.99107143 0.99107143 0.99107143 0.99107143 0.99107143
 0.99107143 0.99107143 0.99107143 0.99107143 0.99107143 0.99107143
 0.99107143 0.99107143 0.99107143 0.99107143 0.99107143 0.99107143
 0.99107143 0.99107143 0.99107143 0.99107143 0.99107143 0.99107143
 0.99107143 0.99107143 0.99107143 0.99107143 0.99107143 0.99107143
 0.99107143 0.99107143 0.99107143 0.99107143 0.99107143 0.99107143
 0.99107143 0.99107143 0.99107143 0.99107143 0.99107143 0.99107143
 0.99107143 0.99107143 0.99107143 0.99107143 0.99107143 0.99107143
 0.99107143 0.99107143 0.99107143 0.99107143 0.99107143 0.99107143
 0.99107143 0.99107143 0.99107143 0.99107143 0.99107143 0.99107143
 0.99107143 0.99107143 0.99107143 0.99107143 0.99107143 0.99107143
 0.99107143 0.99107143 0.98214286 0.98214286 0.98214286 0.98214286
 0.98214286 0.98214286 0.98214286 0.98214286 0.98214286 0.98214286
 0.98214286 0.98214286 0.98214286 0.98214286 0.98214286 0.98214286
 0.98214286 0.98214286 0.98214286 0.98214286 0.98214286 0.98214286
 0.98214286 0.98214286 0.97321429 0.97321429 0.97321429 0.97321429
 0.97321429 0.97321429 0.96428571 0.96428571 0.96428571 0.96428571
 0.96428571 0.96428571 0.96428571 0.96428571 0.96428571 0.96428571
 0.96428571 0.96428571 0.96428571 0.96428571 0.96428571 0.96428571
 0.96428571 0.96428571 0.96428571 0.96428571 0.96428571 0.96428571
 0.96428571 0.96428571 0.96428571 0.96428571 0.96428571 0.95535714
 0.95535714 0.95535714 0.95535714 0.95535714 0.95535714 0.94642857
 0.94642857 0.94642857 0.94642857 0.94642857 0.94642857 0.9375
 0.9375     0.9375     0.9375     0.9375     0.9375     0.9375
 0.9375     0.9375     0.9375     0.9375     0.9375     0.9375
 0.92857143 0.92857143 0.92857143 0.92857143 0.92857143 0.92857143
 0.92857143 0.92857143 0.92857143 0.92857143 0.92857143 0.92857143
 0.92857143 0.92857143 0.92857143 0.92857143 0.92857143 0.92857143
 0.92857143 0.92857143 0.92857143 0.92857143 0.92857143 0.92857143
 0.92857143 0.91964286 0.91964286 0.91964286 0.91964286 0.91964286
 0.91964286 0.91964286 0.91964286 0.91964286 0.91964286 0.91964286
 0.91964286 0.91964286 0.91964286 0.91964286 0.91964286 0.91071429
 0.91071429 0.91071429 0.91071429 0.90178571 0.90178571 0.90178571
 0.90178571 0.90178571 0.90178571 0.90178571 0.90178571 0.90178571
 0.90178571 0.90178571 0.90178571 0.90178571 0.90178571 0.90178571
 0.90178571 0.90178571 0.90178571 0.90178571 0.90178571 0.89285714
 0.89285714 0.89285714 0.89285714 0.89285714 0.88392857 0.88392857
 0.88392857 0.875      0.875      0.875      0.86607143 0.86607143
 0.85714286 0.85714286 0.85714286 0.85714286 0.84821429 0.84821429
 0.84821429 0.84821429 0.83928571 0.83928571 0.83928571 0.83928571
 0.83035714 0.82142857 0.82142857 0.82142857 0.82142857 0.82142857
 0.82142857 0.82142857 0.82142857 0.82142857 0.82142857 0.82142857
 0.82142857 0.82142857 0.82142857 0.82142857 0.82142857 0.82142857
 0.82142857 0.8125     0.8125     0.8125     0.80357143 0.80357143
 0.80357143 0.79464286 0.78571429 0.78571429 0.78571429 0.78571429
 0.78571429 0.78571429 0.78571429 0.78571429 0.78571429 0.78571429
 0.77678571 0.77678571 0.77678571 0.77678571 0.77678571 0.77678571
 0.77678571 0.77678571 0.76785714 0.76785714 0.76785714 0.76785714
 0.76785714 0.76785714 0.76785714 0.76785714 0.76785714 0.75892857
 0.75892857 0.75892857 0.75892857 0.75892857 0.75892857 0.75
 0.75       0.75       0.75       0.75       0.75       0.75
 0.75       0.75       0.75       0.75       0.75       0.75
 0.75       0.75       0.75       0.75       0.74107143 0.73214286
 0.73214286 0.73214286 0.73214286 0.73214286 0.73214286 0.73214286
 0.72321429 0.72321429 0.72321429 0.72321429 0.72321429 0.72321429
 0.72321429 0.72321429 0.72321429 0.72321429 0.72321429 0.72321429
 0.71428571 0.71428571 0.71428571 0.71428571 0.71428571 0.70535714
 0.70535714 0.70535714 0.70535714 0.70535714 0.70535714 0.70535714
 0.70535714 0.70535714 0.69642857 0.69642857 0.69642857 0.69642857
 0.6875     0.6875     0.6875     0.6875     0.6875     0.6875
 0.6875     0.6875     0.6875     0.6875     0.6875     0.6875
 0.6875     0.6875     0.6875     0.6875     0.6875     0.67857143
 0.67857143 0.67857143 0.67857143 0.67857143 0.67857143 0.67857143
 0.67857143 0.66964286 0.66071429 0.66071429 0.66071429 0.65178571
 0.65178571 0.65178571 0.65178571 0.65178571 0.64285714 0.64285714
 0.63392857 0.63392857 0.63392857 0.63392857 0.63392857 0.63392857
 0.63392857 0.63392857 0.63392857 0.63392857 0.63392857 0.63392857
 0.63392857 0.63392857 0.63392857 0.63392857 0.63392857 0.63392857
 0.625      0.625      0.625      0.625      0.625      0.61607143
 0.61607143 0.61607143 0.61607143 0.61607143 0.61607143 0.61607143
 0.61607143 0.61607143 0.61607143 0.60714286 0.60714286 0.60714286
 0.59821429 0.58928571 0.58928571 0.58928571 0.58928571 0.58928571
 0.58928571 0.58035714 0.57142857 0.57142857 0.5625     0.5625
 0.5625     0.5625     0.5625     0.5625     0.5625     0.5625
 0.5625     0.55357143 0.55357143 0.54464286 0.54464286 0.54464286
 0.54464286 0.54464286 0.54464286 0.54464286 0.54464286 0.54464286
 0.54464286 0.54464286 0.54464286 0.54464286 0.54464286 0.54464286
 0.54464286 0.54464286 0.54464286 0.54464286 0.54464286 0.53571429
 0.53571429 0.53571429 0.53571429 0.53571429 0.53571429 0.53571429
 0.53571429 0.53571429 0.52678571 0.52678571 0.52678571 0.51785714
 0.50892857 0.50892857 0.50892857 0.5        0.49107143 0.49107143
 0.49107143 0.49107143 0.49107143 0.49107143 0.49107143 0.49107143
 0.49107143 0.49107143 0.49107143 0.49107143 0.49107143 0.49107143
 0.48214286 0.48214286 0.47321429 0.46428571 0.46428571 0.46428571
 0.45535714 0.44642857 0.44642857 0.44642857 0.44642857 0.44642857
 0.44642857 0.44642857 0.4375     0.42857143 0.42857143 0.41964286
 0.41964286 0.41964286 0.41964286 0.41964286 0.41964286 0.41964286
 0.41964286 0.41071429 0.40178571 0.39285714 0.38392857 0.375
 0.375      0.375      0.375      0.36607143 0.35714286 0.35714286
 0.34821429 0.34821429 0.34821429 0.34821429 0.34821429 0.34821429
 0.33928571 0.33928571 0.33035714 0.33035714 0.33035714 0.33035714
 0.33035714 0.33035714 0.33035714 0.32142857 0.3125     0.3125
 0.3125     0.3125     0.3125     0.3125     0.3125     0.30357143
 0.30357143 0.30357143 0.30357143 0.30357143 0.30357143 0.30357143
 0.30357143 0.30357143 0.30357143 0.30357143 0.30357143 0.30357143
 0.30357143 0.30357143 0.30357143 0.29464286 0.29464286 0.29464286
 0.29464286 0.29464286 0.29464286 0.28571429 0.28571429 0.28571429
 0.28571429 0.28571429 0.28571429 0.27678571 0.27678571 0.27678571
 0.27678571 0.27678571 0.27678571 0.26785714 0.26785714 0.26785714
 0.26785714 0.25892857 0.25892857 0.25892857 0.25       0.25
 0.25       0.25       0.24107143 0.24107143 0.24107143 0.24107143
 0.23214286 0.22321429 0.22321429 0.22321429 0.22321429 0.22321429
 0.22321429 0.22321429 0.22321429 0.22321429 0.22321429 0.22321429
 0.22321429 0.21428571 0.21428571 0.21428571 0.21428571 0.21428571
 0.20535714 0.19642857 0.19642857 0.19642857 0.19642857 0.19642857
 0.1875     0.1875     0.1875     0.1875     0.1875     0.1875
 0.1875     0.1875     0.1875     0.17857143 0.17857143 0.16964286
 0.16964286 0.16964286 0.16964286 0.16964286 0.16964286 0.16964286
 0.16071429 0.16071429 0.16071429 0.16071429 0.16071429 0.15178571
 0.15178571 0.14285714 0.14285714 0.14285714 0.14285714 0.14285714
 0.13392857 0.13392857 0.13392857 0.13392857 0.13392857 0.13392857
 0.13392857 0.13392857 0.13392857 0.13392857 0.125      0.125
 0.125      0.125      0.125      0.125      0.125      0.125
 0.125      0.125      0.125      0.11607143 0.11607143 0.11607143
 0.11607143 0.11607143 0.11607143 0.11607143 0.11607143 0.11607143
 0.10714286 0.10714286 0.10714286 0.10714286 0.10714286 0.10714286
 0.10714286 0.10714286 0.10714286 0.10714286 0.10714286 0.10714286
 0.10714286 0.10714286 0.10714286 0.10714286 0.10714286 0.10714286
 0.10714286 0.10714286 0.10714286 0.10714286 0.10714286 0.10714286
 0.10714286 0.10714286 0.10714286 0.09821429 0.09821429 0.09821429
 0.09821429 0.09821429 0.09821429 0.09821429 0.09821429 0.08928571
 0.08928571 0.08928571 0.08928571 0.08928571 0.08035714 0.08035714
 0.08035714 0.08035714 0.08035714 0.08035714 0.08035714 0.07142857
 0.0625     0.0625     0.0625     0.0625     0.0625     0.0625
 0.0625     0.0625     0.0625     0.0625     0.0625     0.0625
 0.05357143 0.05357143 0.05357143 0.05357143 0.05357143 0.05357143
 0.05357143 0.05357143 0.05357143 0.04464286 0.04464286 0.04464286
 0.04464286 0.03571429 0.03571429 0.03571429 0.03571429 0.03571429
 0.03571429 0.03571429 0.03571429 0.03571429 0.02678571 0.02678571
 0.01785714 0.01785714 0.01785714 0.01785714 0.01785714 0.01785714
 0.01785714 0.00892857 0.00892857 0.00892857 0.00892857 0.00892857
 0.00892857 0.00892857 0.        ]","[0.00000000e+00 1.39949975e-04 2.64355045e-04 4.03228683e-04
 4.03575835e-04 4.04305020e-04 4.19465577e-04 4.44525289e-04
 4.60236990e-04 5.94166624e-04 6.00186965e-04 6.83820623e-04
 7.08880334e-04 7.24592035e-04 7.30774110e-04 7.42916291e-04
 8.13875247e-04 8.23770598e-04 8.54095516e-04 8.66611706e-04
 8.79229910e-04 8.79952754e-04 9.04762278e-04 9.15868667e-04
 1.00656168e-03 1.02062585e-03 1.02154023e-03 1.04282340e-03
 1.04471225e-03 1.06042395e-03 1.07280681e-03 1.13999681e-03
 1.16092066e-03 1.18598038e-03 1.18744158e-03 1.24834327e-03
 1.27735840e-03 1.28327840e-03 1.29353731e-03 1.31629487e-03
 1.32327099e-03 1.32346835e-03 1.32404981e-03 1.32739156e-03
 1.34056571e-03 1.35603261e-03 1.36311041e-03 1.36499927e-03
 1.41015918e-03 1.41953007e-03 1.42943283e-03 1.46228897e-03
 1.56692808e-03 1.60690716e-03 1.62355412e-03 1.72919227e-03
 1.73635785e-03 1.77761642e-03 1.79539319e-03 1.82376663e-03
 1.82927650e-03 1.84804915e-03 1.93113867e-03 1.98016043e-03
 1.98213392e-03 2.07249073e-03 2.21949828e-03 2.22962676e-03
 2.27253594e-03 2.30281041e-03 2.33675186e-03 2.33709139e-03
 2.52369829e-03 2.54566251e-03 2.56513000e-03 2.59016442e-03
 2.62379975e-03 2.65425272e-03 2.65728553e-03 2.66417649e-03
 2.70736962e-03 2.72073491e-03 2.74723693e-03 2.87013023e-03
 2.99983977e-03 3.08212055e-03 3.08791232e-03 3.12285504e-03
 3.12564223e-03 3.16503264e-03 3.25072582e-03 3.30705404e-03
 3.32110731e-03 3.38307270e-03 3.50737790e-03 3.64739255e-03
 3.67326225e-03 3.70959333e-03 3.73012339e-03 3.73839629e-03
 3.75421063e-03 3.79899701e-03 3.81013741e-03 3.84353782e-03
 4.06558461e-03 4.40160986e-03 4.41414758e-03 4.43466210e-03
 4.62818684e-03 4.74673438e-03 4.90625167e-03 5.13567200e-03
 5.43673275e-03 5.58382206e-03 5.61001881e-03 5.62879609e-03
 5.68562813e-03 5.81514747e-03 5.93221783e-03 6.31507060e-03
 6.36517627e-03 6.53557342e-03 6.58556731e-03 6.59671525e-03
 6.86089783e-03 6.90637930e-03 8.16973282e-03 8.57365154e-03
 8.84724505e-03 8.85761771e-03 9.77094114e-03 9.79681254e-03
 1.00512745e-02 1.02417279e-02 1.03837168e-02 1.04658989e-02
 1.06423044e-02 1.07042735e-02 1.09196194e-02 1.10206311e-02
 1.11186648e-02 1.12514202e-02 1.15167984e-02 1.16890063e-02
 1.17493473e-02 1.17647043e-02 1.18360622e-02 1.19830470e-02
 1.20448299e-02 1.20532305e-02 1.20598803e-02 1.21524746e-02
 1.23730737e-02 1.25084581e-02 1.26715389e-02 1.31363125e-02
 1.31386019e-02 1.33542799e-02 1.34888275e-02 1.35038012e-02
 1.35428071e-02 1.39653677e-02 1.39815745e-02 1.41197135e-02
 1.41395582e-02 1.43100772e-02 1.44220490e-02 1.46462714e-02
 1.47135197e-02 1.53479343e-02 1.56347641e-02 1.57258523e-02
 1.63597986e-02 1.63878763e-02 1.65598307e-02 1.67031812e-02
 1.72093737e-02 1.75471506e-02 1.76327845e-02 1.83864331e-02
 1.87499783e-02 1.92902092e-02 1.94223785e-02 1.94498663e-02
 2.00913117e-02 2.03498141e-02 2.03948116e-02 2.04094251e-02
 2.07743112e-02 2.08631686e-02 2.10034220e-02 2.14837732e-02
 2.17126358e-02 2.25146912e-02 2.29367243e-02 2.41308782e-02
 2.45773854e-02 2.48077387e-02 2.50588596e-02 2.56609449e-02
 2.67905723e-02 2.77895651e-02 2.80585590e-02 2.95085649e-02
 3.09243982e-02 3.24932187e-02 3.28742454e-02 3.31159327e-02
 3.59319792e-02 3.60651260e-02 3.60808892e-02 3.67551580e-02
 3.78477104e-02 4.12430198e-02 4.29573266e-02 4.46076680e-02
 5.04280932e-02 5.11142585e-02 5.14545157e-02 5.18505999e-02
 5.19730254e-02 5.27935147e-02 5.29607900e-02 5.31498914e-02
 5.50659021e-02 5.77829539e-02 5.80010564e-02 6.02868112e-02
 6.19835586e-02 6.25691599e-02 6.64860679e-02 7.21048103e-02
 7.47743814e-02 7.48693480e-02 7.65399544e-02 7.71100494e-02
 7.89321037e-02 8.02972912e-02 8.09910059e-02 8.63162450e-02
 8.65498537e-02 8.81373301e-02 9.01294999e-02 9.03089997e-02
 9.10364832e-02 9.13049232e-02 9.25193003e-02 9.33886485e-02
 9.42202610e-02 9.42838248e-02 9.51472951e-02 9.60457424e-02
 9.88992669e-02 1.00715681e-01 1.04409618e-01 1.04996897e-01
 1.05897128e-01 1.06033094e-01 1.06517885e-01 1.07056423e-01
 1.08371289e-01 1.10253017e-01 1.15596985e-01 1.16502527e-01
 1.17334629e-01 1.17368725e-01 1.21447986e-01 1.22487595e-01
 1.25319690e-01 1.27348331e-01 1.33503414e-01 1.35555752e-01
 1.40144835e-01 1.42007138e-01 1.43544210e-01 1.43771950e-01
 1.45552639e-01 1.46928651e-01 1.55264220e-01 1.56951787e-01
 1.59203156e-01 1.61158112e-01 1.62486660e-01 1.62541026e-01
 1.64606599e-01 1.67682533e-01 1.69223742e-01 1.74169344e-01
 1.76778524e-01 1.77282538e-01 1.78795513e-01 1.79254283e-01
 1.79431431e-01 1.80411676e-01 1.84720097e-01 1.85684047e-01
 1.88443867e-01 1.88731632e-01 1.91292752e-01 1.98369697e-01
 2.00167438e-01 2.02103058e-01 2.04079673e-01 2.07266225e-01
 2.07973418e-01 2.12811506e-01 2.19948294e-01 2.20684626e-01
 2.21019192e-01 2.23203838e-01 2.27174112e-01 2.29456772e-01
 2.31492851e-01 2.33412492e-01 2.33743597e-01 2.36539548e-01
 2.37100285e-01 2.39372660e-01 2.39709005e-01 2.39756815e-01
 2.39925789e-01 2.42892410e-01 2.49224889e-01 2.55011609e-01
 2.60961611e-01 2.62413207e-01 2.66046597e-01 2.67061749e-01
 2.68133751e-01 2.69276069e-01 2.70247360e-01 2.74645001e-01
 2.78336709e-01 2.79534534e-01 2.81777609e-01 2.82037066e-01
 2.84147288e-01 2.85403376e-01 2.87189030e-01 2.93857397e-01
 2.94428171e-01 2.95543430e-01 2.95955810e-01 3.00443167e-01
 3.05084731e-01 3.07102759e-01 3.07223583e-01 3.07249306e-01
 3.07959172e-01 3.08766346e-01 3.14670198e-01 3.15815087e-01
 3.16253477e-01 3.16708574e-01 3.19709953e-01 3.19743350e-01
 3.20398409e-01 3.21619500e-01 3.22013059e-01 3.22307299e-01
 3.27814732e-01 3.30828614e-01 3.31271219e-01 3.37029815e-01
 3.37300872e-01 3.38889839e-01 3.43569043e-01 3.47971097e-01
 3.48072602e-01 3.48781341e-01 3.50847741e-01 3.52176065e-01
 3.52820762e-01 3.53522167e-01 3.55499552e-01 3.56290817e-01
 3.58626775e-01 3.59626376e-01 3.61557080e-01 3.62684395e-01
 3.62771114e-01 3.69101551e-01 3.70880012e-01 3.72381183e-01
 3.72432109e-01 3.74936754e-01 3.84413036e-01 3.85943692e-01
 3.87208151e-01 3.94038269e-01 3.94736265e-01 4.04478082e-01
 4.05699814e-01 4.05719063e-01 4.09596933e-01 4.17387075e-01
 4.22225889e-01 4.25021599e-01 4.25778309e-01 4.26328931e-01
 4.27980151e-01 4.28012850e-01 4.31933803e-01 4.31957521e-01
 4.36063812e-01 4.37798870e-01 4.39104022e-01 4.40507517e-01
 4.41026652e-01 4.45428180e-01 4.47819416e-01 4.49598940e-01
 4.49672995e-01 4.50929392e-01 4.55341769e-01 4.55342320e-01
 4.55510179e-01 4.60688951e-01 4.60750811e-01 4.62370053e-01
 4.66822250e-01 4.68772756e-01 4.69043225e-01 4.70094981e-01
 4.70125812e-01 4.70288307e-01 4.72505305e-01 4.72818624e-01
 4.75422116e-01 4.78255579e-01 4.78734496e-01 4.80995829e-01
 4.83609151e-01 4.88788893e-01 4.89607213e-01 4.90392532e-01
 4.93656582e-01 4.95203521e-01 4.98019414e-01 4.98570841e-01
 4.98796897e-01 4.98818033e-01 5.01250843e-01 5.04211636e-01
 5.04406081e-01 5.05439767e-01 5.05576413e-01 5.05624318e-01
 5.05890279e-01 5.06330346e-01 5.06800712e-01 5.07848576e-01
 5.08123609e-01 5.09727026e-01 5.10084350e-01 5.13180298e-01
 5.16969076e-01 5.18000413e-01 5.19159439e-01 5.19719797e-01
 5.20233275e-01 5.20561335e-01 5.21181557e-01 5.24293365e-01
 5.24885769e-01 5.29831440e-01 5.31619917e-01 5.31674610e-01
 5.37270225e-01 5.37676938e-01 5.37834794e-01 5.37989831e-01
 5.39426415e-01 5.39663553e-01 5.40091805e-01 5.40550506e-01
 5.41067970e-01 5.41309744e-01 5.42188324e-01 5.43548561e-01
 5.44343894e-01 5.45568530e-01 5.45611127e-01 5.47530998e-01
 5.48284169e-01 5.50172046e-01 5.50258057e-01 5.51138158e-01
 5.52658929e-01 5.53107700e-01 5.54184431e-01 5.54187452e-01
 5.57771566e-01 5.58054627e-01 5.58341165e-01 5.59853687e-01
 5.65169992e-01 5.66571405e-01 5.67840390e-01 5.68029965e-01
 5.68635190e-01 5.69369732e-01 5.71153408e-01 5.71988852e-01
 5.75358943e-01 5.75412044e-01 5.76521431e-01 5.80428916e-01
 5.84868454e-01 5.85236163e-01 5.87056060e-01 5.87849528e-01
 5.88414917e-01 5.89229805e-01 5.90721866e-01 5.92066472e-01
 5.93413697e-01 5.93560160e-01 5.93961767e-01 5.94185167e-01
 5.94606711e-01 5.95519840e-01 5.98701628e-01 6.00080834e-01
 6.00528767e-01 6.00551214e-01 6.00874385e-01 6.01097288e-01
 6.03022414e-01 6.03525105e-01 6.06357811e-01 6.09418895e-01
 6.09846734e-01 6.10113080e-01 6.12252804e-01 6.13503377e-01
 6.14177487e-01 6.14938891e-01 6.15560443e-01 6.15792455e-01
 6.16315485e-01 6.16511395e-01 6.17027520e-01 6.18564542e-01
 6.18989446e-01 6.20785161e-01 6.22877909e-01 6.23675818e-01
 6.25467305e-01 6.26099166e-01 6.28105107e-01 6.28131034e-01
 6.28298810e-01 6.28747646e-01 6.31426755e-01 6.31916200e-01
 6.31917685e-01 6.33165394e-01 6.34082112e-01 6.36600199e-01
 6.37349629e-01 6.38955725e-01 6.39808480e-01 6.41108602e-01
 6.41845222e-01 6.42304275e-01 6.43014909e-01 6.43486114e-01
 6.43816493e-01 6.45034787e-01 6.45357388e-01 6.45832150e-01
 6.46754395e-01 6.47853601e-01 6.48011040e-01 6.48322980e-01
 6.49635928e-01 6.52563109e-01 6.53489931e-01 6.53547438e-01
 6.53835950e-01 6.58295062e-01 6.58450608e-01 6.59462266e-01
 6.61910290e-01 6.62141394e-01 6.62915749e-01 6.63485030e-01
 6.63553354e-01 6.64003173e-01 6.64599137e-01 6.64959665e-01
 6.65215865e-01 6.65298936e-01 6.65676387e-01 6.67524864e-01
 6.68366290e-01 6.68692564e-01 6.71695244e-01 6.72454959e-01
 6.72783512e-01 6.74858697e-01 6.75760471e-01 6.76566615e-01
 6.76906515e-01 6.77704152e-01 6.78670310e-01 6.78882066e-01
 6.79045409e-01 6.80551546e-01 6.80670889e-01 6.80704005e-01
 6.80780227e-01 6.82392517e-01 6.83534185e-01 6.84023835e-01
 6.84211362e-01 6.84254124e-01 6.84600169e-01 6.85551609e-01
 6.85667819e-01 6.86869902e-01 6.87443726e-01 6.87701956e-01
 6.88078813e-01 6.89234566e-01 6.89960597e-01 6.91721458e-01
 6.92178469e-01 6.92579141e-01 6.93415281e-01 6.94214320e-01
 6.94295916e-01 6.95076085e-01 6.95597101e-01 6.95854501e-01
 6.97320237e-01 6.98011502e-01 6.98365527e-01 6.98611432e-01
 6.99853485e-01 7.01566950e-01 7.01619545e-01 7.03098459e-01
 7.03708819e-01 7.04110850e-01 7.04589959e-01 7.05220078e-01
 7.05353651e-01 7.05358974e-01 7.05387810e-01 7.05772639e-01
 7.06712380e-01 7.07243851e-01 7.07781559e-01 7.08784118e-01
 7.08873008e-01 7.12211054e-01 7.12337074e-01 7.12811876e-01
 7.13100458e-01 7.13557797e-01 7.13619642e-01 7.14530890e-01
 7.14641726e-01 7.14737335e-01 7.16320639e-01 7.16433016e-01
 7.17414914e-01 7.17444855e-01 7.20226648e-01 7.20764760e-01
 7.20828118e-01 7.21891713e-01 7.22806820e-01 7.22944314e-01
 7.23341775e-01 7.23454353e-01 7.24954020e-01 7.25562685e-01
 7.26020434e-01 7.26853058e-01 7.27354477e-01 7.27871382e-01
 7.28153415e-01 7.28990903e-01 7.29189111e-01 7.29294470e-01
 7.30292249e-01 7.30300039e-01 7.32009622e-01 7.32101701e-01
 7.32933050e-01 7.32988742e-01 7.33258553e-01 7.33363385e-01
 7.34727062e-01 7.35020375e-01 7.35344347e-01 7.35408583e-01
 7.35666819e-01 7.35707578e-01 7.36055969e-01 7.37397750e-01
 7.37441032e-01 7.38638728e-01 7.39920022e-01 7.41172827e-01
 7.41229195e-01 7.41493265e-01 7.41522726e-01 7.41609893e-01
 7.42364131e-01 7.42539812e-01 7.43636636e-01 7.44102503e-01
 7.44342717e-01 7.44422151e-01 7.44591123e-01 7.44602280e-01
 7.46445096e-01 7.48273695e-01 7.48493201e-01 7.50127899e-01
 7.50182405e-01 7.52595098e-01 7.54270128e-01 7.54297731e-01
 7.54789590e-01 7.56803718e-01 7.57569664e-01 7.57847511e-01
 7.57937804e-01 7.59120305e-01 7.59808366e-01 7.60098560e-01
 7.60366712e-01 7.60693805e-01 7.61074309e-01 7.61618553e-01
 7.61756378e-01 7.62632316e-01 7.63147252e-01 7.63827676e-01
 7.65402444e-01 7.65503887e-01 7.65513439e-01 7.66663116e-01
 7.66867069e-01 7.68799348e-01 7.69465733e-01 7.70325492e-01
 7.70617539e-01 7.71608886e-01 7.71970407e-01 7.72498215e-01
 7.72821291e-01 7.72985666e-01 7.73217916e-01 7.73661968e-01
 7.73749627e-01 7.74067285e-01 7.75004665e-01 7.75055978e-01
 7.76033250e-01 7.76076407e-01 7.76089151e-01 7.76222853e-01
 7.76997164e-01 7.77116254e-01 7.77155090e-01 7.77446414e-01
 7.78267545e-01 7.78509411e-01 7.78992692e-01 7.79556008e-01
 7.81300874e-01 7.81530473e-01 7.81878882e-01 7.82513486e-01
 7.82615009e-01 7.83643172e-01 7.86875850e-01 7.87116819e-01
 7.87527683e-01 7.88518608e-01 7.90168954e-01 7.90852820e-01
 7.93082308e-01 7.94227665e-01 7.95082904e-01 7.95375087e-01
 7.96209689e-01 7.96678508e-01 7.96777460e-01 7.98733615e-01
 7.99673815e-01 8.01607703e-01 8.02037424e-01 8.03702627e-01
 8.04859097e-01 8.05082805e-01 8.06151166e-01 8.09850348e-01
 8.09913558e-01 8.09979660e-01 8.10385891e-01 8.10571879e-01
 8.13345738e-01 8.14943936e-01 8.15180481e-01 8.16305380e-01
 8.16599687e-01 8.16729785e-01 8.20469037e-01 8.22084061e-01
 8.23671444e-01 8.25311972e-01 8.26187617e-01 8.26625802e-01
 8.27708216e-01 8.28088886e-01 8.30885169e-01 8.31169424e-01
 8.32827097e-01 8.35270899e-01 8.37220757e-01 8.41704832e-01
 8.41793911e-01 8.42829129e-01 8.45283347e-01 8.45430871e-01
 8.46794567e-01 8.47038135e-01 8.47194635e-01 8.47838163e-01
 8.50505574e-01 8.53040897e-01 8.54293389e-01 8.54632487e-01
 8.58886295e-01 8.59614931e-01 8.62429080e-01 8.63530052e-01
 8.64644285e-01 8.65358130e-01 8.67404493e-01 8.71248045e-01
 8.72470999e-01 8.72477933e-01 8.72796781e-01 8.73719106e-01
 8.74882069e-01 8.75142969e-01 8.75542535e-01 8.75878467e-01
 8.76566142e-01 8.79153590e-01 8.81388766e-01 8.82651197e-01
 8.82884144e-01 8.85212819e-01 8.86402540e-01 8.89118009e-01
 8.89248458e-01 8.91240957e-01 8.93007067e-01 8.96737800e-01
 8.96802082e-01 8.98706369e-01 9.00649437e-01 9.01672196e-01
 9.04452390e-01 9.04454797e-01 9.04686980e-01 9.05092180e-01
 9.06041198e-01 9.06206591e-01 9.06440935e-01 9.08181015e-01
 9.08809712e-01 9.10560738e-01 9.12817169e-01 9.13969662e-01
 9.15354546e-01 9.15835816e-01 9.16700086e-01 9.17264395e-01
 9.19027400e-01 9.19086360e-01 9.20994685e-01 9.22926492e-01
 9.24919075e-01 9.26781878e-01 9.26807074e-01 9.31563219e-01
 9.33415818e-01 9.33533278e-01 9.33952005e-01 9.35443282e-01
 9.35454287e-01 9.35534411e-01 9.36169721e-01 9.37059428e-01
 9.37681875e-01 9.39300092e-01 9.40283877e-01 9.40568505e-01
 9.40849525e-01 9.43414740e-01 9.43474356e-01 9.44874909e-01
 9.44899095e-01 9.45491247e-01 9.45718041e-01 9.50077407e-01
 9.52522137e-01 9.52882395e-01 9.60058518e-01 9.60275252e-01
 9.60614812e-01 9.61136056e-01 9.61289499e-01 9.62114284e-01
 9.62463627e-01 9.65778594e-01 9.69349074e-01 9.70689581e-01
 9.72095188e-01 9.72321706e-01 9.74031713e-01 9.77845696e-01]"
Hyperledger,is_change_text_num_words_20,XGboost,"BERT_20_instability                       2.229185e-01
BERT_15_instability                       1.261159e-01
BERT_10_instability                       1.109774e-01
BERT_5_instability                        5.581007e-02
num_stopwords                             3.196087e-02
num_words                                 3.057917e-02
12                                        3.022933e-02
14                                        2.364240e-02
len_description                           2.344468e-02
11                                        2.187779e-02
2                                         2.159126e-02
avg_word_len                              1.924744e-02
1                                         1.900819e-02
7                                         1.801195e-02
ratio_unusable_issues_text_by_previous    1.746239e-02
9                                         1.717016e-02
len_sum_desc                              1.673512e-02
5                                         1.662015e-02
3                                         1.606292e-02
avg_num_word_in_sentence                  1.559045e-02
10                                        1.480456e-02
num_issues_cretor_prev                    1.475344e-02
13                                        1.474032e-02
8                                         1.422194e-02
4                                         1.365690e-02
6                                         1.177499e-02
num_sentences                             1.149579e-02
0                                         1.123932e-02
time_until_add_sprint                     1.013727e-02
original_story_points_sprint              9.663598e-03
num_headlines                             5.548186e-03
dominant_topic_1                          4.464279e-03
has_acceptance_criteria                   3.833788e-03
num_changes_text_before_sprint            1.150771e-03
relates                                   1.067835e-03
block                                     1.045257e-03
has_url                                   5.067008e-04
block_by                                  3.423863e-04
num_changes_story_point_before_sprint     2.606780e-04
duplicate_by                              1.208150e-04
duplicate                                 6.329073e-05
num_question_marks                        5.163044e-05
has_please                                3.939160e-10
has_tbd                                   3.015470e-12
has_template                              0.000000e+00
if_acceptance_empty_tbd                   0.000000e+00
len_acceptance                            0.000000e+00
num_comments_before_sprint                0.000000e+00
if_description_empty_tbd                  0.000000e+00
priority                                  0.000000e+00
noun_count                                0.000000e+00
verb_count                                0.000000e+00
adj_count                                 0.000000e+00
has_code                                  0.000000e+00
pron_count                                0.000000e+00
adv_count                                 0.000000e+00
dtype: float64",0.8526970954356846,"[[462.19953052  19.80046948]
 [460.48214286  21.51785714]]","              precision    recall  f1-score   support

           0       0.50      0.96      0.66 481.99999999999477
           1       0.52      0.04      0.08 482.0000000000005

    accuracy                           0.50 963.9999999999952
   macro avg       0.51      0.50      0.37 963.9999999999952
weighted avg       0.51      0.50      0.37 963.9999999999952
",0.6076813043881343,0.6154563455074841,0.6894282360831656,"[0 0 0 0 0 0 0 0 0 0 0 0 0 0 0 0 0 0 0 0 0 0 0 0 0 0 0 0 0 0 0 0 0 0 0 0 0
 1 0 0 0 0 0 0 0 0 0 0 0 0 0 0 0 0 0 0 0 0 0 0 0 0 0 0 0 0 0 0 0 0 0 0 0 0
 0 1 0 0 0 0 0 0 0 0 0 0 0 0 0 0 0 0 0 0 0 0 0 0 0 0 0 0 0 0 0 0 0 0 0 0 0
 0 0 0 1 0 1 0 0 0 0 0 0 0 0 0 0 0 0 0 0 0 0 0 0 0 0 0 0 0 0 0 0 0 0 0 0 0
 0 0 0 0 0 0 0 0 0 0 0 0 0 0 0 0 0 0 0 0 0 0 0 0 0 0 0 0 0 0 0 0 0 0 0 0 0
 0 0 0 0 0 0 0 0 0 0 0 1 0 0 0 0 0 0 0 0 0 0 0 0 0 0 0 0 0 0 0 0 0 0 0 0 0
 0 0 0 0 0 0 0 0 0 0 0 0 0 0 0 0 0 0 0 0 0 0 0 0 0 0 0 0 0 0 0 0 0 0 0 0 0
 0 0 0 0 0 0 0 0 0 0 0 0 0 0 1 0 0 0 0 0 0 0 0 0 0 0 0 0 0 0 0 0 0 0 0 0 1
 0 1 0 0 0 0 0 0 0 0 0 0 0 0 0 0 0 0 0 0 0 0 0 0 0 0 0 0 0 0 0 0 0 0 0 0 0
 0 0 0 0 0 0 1 0 0 0 0 0 0 0 0 0 0 0 0 1 0 0 0 0 0 0 0 0 0 0 0 0 0 0 0 0 0
 0 0 0 0 0 0 0 0 0 0 0 0 0 0 0 0 0 0 0 0 0 0 0 0 0 0 0 0 0 0 0 0 0 0 0 0 0
 0 1 0 0 0 0 0 0 0 0 0 0 0 0 0 0 0 0 0 0 0 0 1 0 0 0 0 0 0 0 0 0 0 0 0 0 0
 0 1 0 0 0 0 0 1 0 0 0 1 0 0 0 0 0 0 0 0 0 0 0 0 0 0 0 0 0 0 0 0 0 0 0 0 0
 0 0 0 0 0 0 0 0 0 0 0 0 0 0 0 0 0 0 0 0 0 0 0 0 0 0 0 0 1 0 0 0 0 0 0 0 0
 0 0 0 0 0 0 0 0 0 0 0 0 0 0 0 0 0 0 0 0 1 0 0 0 0 0 0 0 0 0 0 0 1 0 0 0 0
 0 0 0 0 0 0 1 0 0 0 0 0 1 0 0 0 0 0 0 0 0 0 0 0 0 1 1 0 0 1 0 1 1 0 1 1 1
 1 1 1 0 0 0 0 0 0 0 0 0 0 0 0 0 0 0 0 0 0 0 0 0 0 0 0 0 0 0 0 0 0 0 0 0 0
 0 0 0 0 0 0 0 0 0 0 0 0 0 0 0 0 0 0 0 0 0 1 0 0 0 0 0 0 0 0 0 0 0 0 0 0 0
 0 0 0 0 0 0 0 0 0 0 0 0 0 0 0 0 0 0 0 0 0 0 0 0 0 0 1 0 0 0 0 0 0 0 0 0 0
 0 0 0 0 0 0 0 0 0 0 0 0 0 0 0 0 0 0 0 0 0 0 0 0 0 0 0 0 0 0 0 0 0 0 0 0 0
 0 0 0 0 0 0 0 0 0 0 0 0 0 0 0 0 0 0 0 0 0 0 0 0 0 0 0 0 0 0 1 0 0 0 0 0 0
 0 0 0 0 0 0 0 0 0 0 0 0 0 0 0 0 0 0 0 0 0 0 0 0 0 0 0 0 1 0 0 0 0 0 0 0 0
 0 0 0 0 0 0 0 0 0 0 0 0 0 0 0 0 0 0 0 0 0 0 0 0 0 0 0 0 0 0 0 0 0 0 0 0 0
 0 0 0 0 0 0 0 0 0 0 0 0 0 0 0 0 0 0 0 0 0 0 0 0 0 0 0 0 0 0 0 0 0 0 0 0 0
 0 0 0 0 0 0 0 0 0 0 0 0 0 0 0 0 0 0 0 1 0 0 0 0 0 0 0 0 0 0 0 0 0 0 0 0 0
 0 1 1 0 0 0 0 0 0 0 0 0 0 0 0 0 0 0 0 0 0 0 0 0 0 0 0 1 0 0 0 0 0 0 0 0 1
 0 0]","[0.5        0.5002936  0.50058754 0.50088183 0.50117647 0.50147145
 0.50176678 0.50206246 0.50235849 0.50265487 0.50295159 0.50324867
 0.5035461  0.50384388 0.50414201 0.5044405  0.50473934 0.50503853
 0.50533808 0.50563798 0.50593824 0.50623886 0.50653983 0.50684117
 0.50714286 0.50744491 0.50774732 0.50805009 0.50835322 0.50865672
 0.50896057 0.50926479 0.50956938 0.50987433 0.51017964 0.51048532
 0.51079137 0.51109778 0.51140456 0.51171171 0.51201923 0.51232712
 0.51263538 0.51294401 0.51325301 0.51356239 0.51387214 0.51418226
 0.51449275 0.51480363 0.51511487 0.5154265  0.5157385  0.51605088
 0.51636364 0.51667677 0.51699029 0.51730419 0.51761847 0.51793313
 0.51824818 0.5185636  0.51887942 0.51919561 0.5195122  0.51982916
 0.52014652 0.52046426 0.5207824  0.52110092 0.52141983 0.52173913
 0.52205882 0.52237891 0.52269939 0.52302026 0.52334152 0.52366318
 0.52398524 0.52430769 0.52463054 0.52495379 0.52527744 0.52560148
 0.52592593 0.52625077 0.52657602 0.52690167 0.52722772 0.52755418
 0.52788104 0.52820831 0.52853598 0.52886406 0.52919255 0.52952144
 0.52985075 0.53018046 0.53051059 0.53084112 0.53117207 0.53150343
 0.53183521 0.5321674  0.5325     0.53283302 0.53316646 0.53350031
 0.53383459 0.53416928 0.53450439 0.53483992 0.53517588 0.53551226
 0.53584906 0.53618628 0.53652393 0.536862   0.5372005  0.53753943
 0.53787879 0.53821857 0.53855879 0.53889943 0.53924051 0.53958201
 0.53992395 0.54026633 0.54060914 0.54095238 0.54129606 0.54164018
 0.54198473 0.54232973 0.54267516 0.54302103 0.54336735 0.5437141
 0.5440613  0.54440895 0.54475703 0.54510557 0.54545455 0.54580397
 0.54615385 0.54650417 0.54685494 0.54720617 0.54755784 0.54790997
 0.54826255 0.54861558 0.54896907 0.54932302 0.54967742 0.55003228
 0.5503876  0.55074337 0.55109961 0.55145631 0.55181347 0.5521711
 0.55252918 0.55031073 0.55066962 0.55102897 0.55138879 0.55174908
 0.55210985 0.55247108 0.55283279 0.55319497 0.55355763 0.55392076
 0.55428437 0.55464846 0.55501303 0.55537807 0.5557436  0.55610961
 0.5564761  0.55684307 0.55721053 0.55757847 0.5579469  0.55831582
 0.55868522 0.55905512 0.5594255  0.55979638 0.56016774 0.56053961
 0.56091196 0.56128481 0.56165815 0.562032   0.56240634 0.56278118
 0.56315652 0.56353236 0.5639087  0.56428554 0.5620592  0.56243699
 0.56281528 0.56319408 0.56357339 0.56395321 0.56433354 0.56471439
 0.56509575 0.56285001 0.56323233 0.56361518 0.56399854 0.56438243
 0.56476684 0.56515177 0.56553723 0.56592322 0.56630973 0.56669677
 0.56708434 0.56747244 0.56786107 0.56825024 0.56863994 0.56903017
 0.56942094 0.56981225 0.57020409 0.57059648 0.5709894  0.57138287
 0.57177687 0.57217143 0.57256652 0.57296217 0.57335836 0.5737551
 0.57415239 0.57455022 0.57494861 0.57534756 0.57574706 0.57614711
 0.57654772 0.57694888 0.57735061 0.57775289 0.57815574 0.57855915
 0.57896312 0.57936765 0.57977276 0.58017842 0.58058466 0.58099147
 0.58139884 0.57915408 0.57956263 0.57997176 0.58038147 0.58079176
 0.58120263 0.58161408 0.58202611 0.58243873 0.58285193 0.58326572
 0.5836801  0.58409506 0.58451062 0.58492677 0.58534351 0.58576085
 0.58350188 0.58392047 0.58433967 0.58475946 0.58517986 0.58560086
 0.58602247 0.58644469 0.58686752 0.58729095 0.587715   0.58813966
 0.58856494 0.58628928 0.58671587 0.58441558 0.58484349 0.58527203
 0.58570119 0.58613099 0.58656141 0.58699247 0.58742416 0.58785649
 0.58828945 0.58872305 0.58915729 0.58959218 0.5900277  0.58771092
 0.58814783 0.5885854  0.58902361 0.58946248 0.589902   0.59034218
 0.59078302 0.59122451 0.5888874  0.58933032 0.58977392 0.59021818
 0.59066311 0.59110872 0.59155499 0.59200194 0.59244957 0.59289787
 0.59334686 0.59379652 0.59424686 0.59469789 0.59514961 0.59560201
 0.5960551  0.59370389 0.59415851 0.59461383 0.59506984 0.59552656
 0.59598398 0.5964421  0.59406843 0.59452812 0.59212721 0.59258847
 0.59305045 0.59351315 0.59108619 0.59155048 0.5920155  0.59248125
 0.59294773 0.59341494 0.5938829  0.59435159 0.59482102 0.59529119
 0.59576211 0.59623378 0.59670619 0.59717935 0.59765326 0.59812793
 0.59860334 0.59907952 0.59955645 0.60003415 0.6005126  0.59807461
 0.5985548  0.59903576 0.59951749 0.6        0.60048329 0.60096735
 0.6014522  0.60193783 0.60242424 0.60291144 0.60339943 0.60388821
 0.60437779 0.60486815 0.60535932 0.60585128 0.60634404 0.60683761
 0.60733198 0.60782715 0.60832313 0.60881993 0.60931753 0.60981595
 0.61031519 0.61081524 0.61131611 0.61181781 0.61232033 0.61282367
 0.61332785 0.61383285 0.61433869 0.61484536 0.61535287 0.61586121
 0.6163704  0.61688043 0.6173913  0.61790303 0.6184156  0.61892902
 0.61944329 0.61995842 0.62047441 0.62099125 0.62150896 0.62202753
 0.62254697 0.62306728 0.62358846 0.62411051 0.62170132 0.62222557
 0.6227507  0.62327672 0.62380363 0.62433143 0.62189781 0.62242786
 0.62295881 0.62349067 0.62402344 0.62455712 0.62509171 0.62562722
 0.62616365 0.62670099 0.62723926 0.62777846 0.62831858 0.62885964
 0.62940163 0.62994455 0.63048841 0.63103321 0.62859184 0.62913907
 0.62968726 0.6302364  0.6307865  0.63133756 0.62887116 0.62637154
 0.62692661 0.62748266 0.62803969 0.62859772 0.62915674 0.62971676
 0.63027777 0.63083978 0.62831858 0.62888318 0.6294488  0.63001543
 0.63058309 0.63115177 0.62860386 0.62917519 0.62974756 0.63032097
 0.63089542 0.63147092 0.63204748 0.63262509 0.63320375 0.63378347
 0.63436426 0.63494611 0.63238108 0.63296573 0.63355146 0.63413827
 0.63472618 0.63531517 0.63590526 0.63649645 0.63390737 0.63450146
 0.63509665 0.63569297 0.6362904  0.63688896 0.63748865 0.63487332
 0.635476   0.63607982 0.63668478 0.6372909  0.63464502 0.63196026
 0.63257131 0.63318355 0.63379697 0.63441158 0.63169464 0.63231237
 0.63293131 0.63355146 0.63417283 0.63479541 0.63541923 0.63267327
 0.6333003  0.63392857 0.63455809 0.63518887 0.6358209  0.63645418
 0.63708873 0.63772455 0.63836164 0.639      0.63623277 0.63687453
 0.63751758 0.63816193 0.63535831 0.63600612 0.63665525 0.6373057
 0.63446475 0.63157895 0.63223508 0.63289259 0.63355146 0.6342117
 0.63487332 0.63195253 0.63261777 0.63328441 0.63395245 0.63462191
 0.63529279 0.63596508 0.6366388  0.63731394 0.63799052 0.63866854
 0.639348   0.63640542 0.63708873 0.63777351 0.63845976 0.6391475
 0.63983671 0.64052741 0.63755102 0.63452493 0.6352221  0.63214752
 0.63284871 0.63355146 0.63042957 0.63113638 0.62796333 0.62867424
 0.62938676 0.6301009  0.63081667 0.63153406 0.63225308 0.63297374
 0.63369605 0.63442001 0.63514562 0.6358729  0.63660184 0.63340492
 0.63413827 0.63487332 0.63561008 0.63634855 0.63310587 0.63384886
 0.6345936  0.63129816 0.63204748 0.63279857 0.6294488  0.63020454
 0.63096209 0.63172147 0.63248268 0.63324572 0.63401061 0.63477735
 0.63554595 0.63215782 0.62870611 0.6294826  0.63026101 0.63104134
 0.63182362 0.63260783 0.62910588 0.62989515 0.63068641 0.63147965
 0.63227489 0.62871804 0.62509171 0.62589532 0.62670099 0.62750875
 0.62831858 0.62913052 0.62994455 0.63076069 0.63157895 0.63239933
 0.63322185 0.63404651 0.63038474 0.63121501 0.63204748 0.63288214
 0.63371901 0.63455809 0.6353994  0.63624295 0.63708873 0.63338129
 0.63423302 0.63508704 0.63594337 0.63680201 0.63766296 0.63852625
 0.63939189 0.64025987 0.64113021 0.63738043 0.63825711 0.63913621
 0.64001773 0.64090169 0.63708873 0.63797923 0.63887223 0.63976772
 0.64066573 0.63678743 0.63769219 0.63373346 0.63464502 0.63555921
 0.63647604 0.63739552 0.63831766 0.63924247 0.6352221  0.63615405
 0.63708873 0.63298663 0.63392857 0.63487332 0.6358209  0.6367713
 0.63772455 0.63355146 0.6292811  0.63024658 0.63121501 0.63218644
 0.63316085 0.63413827 0.63511872 0.6361022  0.63708873 0.63807833
 0.63907101 0.64006678 0.63574928 0.63132695 0.63233615 0.63334858
 0.62882779 0.62984867 0.63087287 0.63190041 0.62728237 0.62831858
 0.62935823 0.63040133 0.63144788 0.62673392 0.62778947 0.62884859
 0.62991128 0.63097757 0.63204748 0.63312102 0.63419821 0.63527908
 0.63636364 0.6374519  0.6385439  0.63963964 0.63487332 0.62997923
 0.62495216 0.62607029 0.6209108  0.61560694 0.61674125 0.61787975
 0.61902246 0.6201694  0.6213206  0.62247609 0.62363588 0.6248
 0.62596847 0.62714133 0.62175005 0.6229341  0.62412266 0.62531576
 0.62651344 0.62771572 0.62220058 0.62341463 0.62463343 0.61896662
 0.62019743 0.62143315 0.6226738  0.62391941 0.62517002 0.62642565
 0.62768634 0.62895211 0.63022299 0.63149902 0.63278023 0.63406665
 0.63535831 0.63665525 0.63795748 0.63926506 0.63355146 0.63487332
 0.63620072 0.63753367 0.63166299 0.62559901 0.62695585 0.6206978
 0.62206962 0.61560694 0.61699388 0.6183871  0.61978661 0.62119248
 0.62260474 0.62402344 0.62544861 0.62688031 0.62026791 0.62171629
 0.62317145 0.61634043 0.61781266 0.61073942 0.6122289  0.61372566
 0.61522976 0.61674125 0.61826018 0.61097167 0.61250899 0.61405405
 0.61560694 0.61716769 0.61873638 0.62031307 0.62189781 0.61440402
 0.61600896 0.60822387 0.60984921 0.61148325 0.61312608 0.60505436
 0.6067184  0.60839161 0.61007407 0.61176587 0.61346708 0.61517777
 0.61689803 0.60857143 0.61031519 0.61206897 0.60339943 0.60517731
 0.6069657  0.60876469 0.61057437 0.61239485 0.61422621 0.6052459
 0.59583753 0.59771018 0.59959464 0.60149102 0.60339943 0.60532
 0.60725282 0.60919803 0.61115574 0.61312608 0.61510916 0.61710511
 0.61911406 0.62113613 0.61148325 0.61353817 0.61560694 0.61768971
 0.61978661 0.62189781 0.62402344 0.62616365 0.62831858 0.63048841
 0.63267327 0.63487332 0.63708873 0.62719242 0.61674125 0.6056872
 0.60799239 0.61031519 0.6126558  0.6010158  0.58865455 0.59106178
 0.59348878 0.5959358  0.59840308 0.60089087 0.60339943 0.60592903
 0.60847993 0.61105239 0.6136467  0.60075212 0.58696709 0.58964338
 0.59234418 0.59506984 0.58038147 0.58316222 0.58596974 0.58880442
 0.59166667 0.59455687 0.59747546 0.60042283 0.60339943 0.60640569
 0.60944206 0.61250899 0.61560694 0.60022544 0.60339943 0.60660718
 0.60984921 0.61312608 0.61643836 0.61978661 0.62317145 0.62659345
 0.63005324 0.61383285 0.6173913  0.62099125 0.62463343 0.60710371
 0.58785649 0.59166667 0.59552656 0.57440549 0.57837571 0.58240119
 0.5864831  0.56319408 0.56739478 0.57165862 0.54568745 0.55007174
 0.5207824  0.52527744 0.52985075 0.53450439 0.53924051 0.5440613
 0.54896907 0.5157385  0.5207824  0.52592593 0.48741419 0.4926754
 0.49805144 0.5035461  0.50916335 0.46364824 0.46936977 0.47523427
 0.48124718 0.48741419 0.49374131 0.50023485 0.50690148 0.51374819
 0.5207824  0.5280119  0.53544495 0.54309026 0.55095706 0.55905512
 0.56739478 0.57598702 0.58484349 0.59397658 0.53924051 0.46744696
 0.47722181 0.48741419 0.49805144 0.50916335 0.5207824  0.53294412
 0.43204868 0.44467641 0.45806452 0.47228381 0.48741419 0.5035461
 0.33649289 0.35206612 0.36915078 0.38797814 0.40882917 0.43204868
 0.45806452 0.48741419 0.5207824  0.55905512 0.60339943 0.
 0.         0.         0.         0.         1.        ]","[1.         1.         1.         1.         1.         1.
 1.         1.         1.         1.         1.         1.
 1.         1.         1.         1.         1.         1.
 1.         1.         1.         1.         1.         1.
 1.         1.         1.         1.         1.         1.
 1.         1.         1.         1.         1.         1.
 1.         1.         1.         1.         1.         1.
 1.         1.         1.         1.         1.         1.
 1.         1.         1.         1.         1.         1.
 1.         1.         1.         1.         1.         1.
 1.         1.         1.         1.         1.         1.
 1.         1.         1.         1.         1.         1.
 1.         1.         1.         1.         1.         1.
 1.         1.         1.         1.         1.         1.
 1.         1.         1.         1.         1.         1.
 1.         1.         1.         1.         1.         1.
 1.         1.         1.         1.         1.         1.
 1.         1.         1.         1.         1.         1.
 1.         1.         1.         1.         1.         1.
 1.         1.         1.         1.         1.         1.
 1.         1.         1.         1.         1.         1.
 1.         1.         1.         1.         1.         1.
 1.         1.         1.         1.         1.         1.
 1.         1.         1.         1.         1.         1.
 1.         1.         1.         1.         1.         1.
 1.         1.         1.         1.         1.         1.
 1.         1.         1.         1.         1.         1.
 1.         0.99107143 0.99107143 0.99107143 0.99107143 0.99107143
 0.99107143 0.99107143 0.99107143 0.99107143 0.99107143 0.99107143
 0.99107143 0.99107143 0.99107143 0.99107143 0.99107143 0.99107143
 0.99107143 0.99107143 0.99107143 0.99107143 0.99107143 0.99107143
 0.99107143 0.99107143 0.99107143 0.99107143 0.99107143 0.99107143
 0.99107143 0.99107143 0.99107143 0.99107143 0.99107143 0.99107143
 0.99107143 0.99107143 0.99107143 0.99107143 0.98214286 0.98214286
 0.98214286 0.98214286 0.98214286 0.98214286 0.98214286 0.98214286
 0.98214286 0.97321429 0.97321429 0.97321429 0.97321429 0.97321429
 0.97321429 0.97321429 0.97321429 0.97321429 0.97321429 0.97321429
 0.97321429 0.97321429 0.97321429 0.97321429 0.97321429 0.97321429
 0.97321429 0.97321429 0.97321429 0.97321429 0.97321429 0.97321429
 0.97321429 0.97321429 0.97321429 0.97321429 0.97321429 0.97321429
 0.97321429 0.97321429 0.97321429 0.97321429 0.97321429 0.97321429
 0.97321429 0.97321429 0.97321429 0.97321429 0.97321429 0.97321429
 0.97321429 0.97321429 0.97321429 0.97321429 0.97321429 0.97321429
 0.97321429 0.96428571 0.96428571 0.96428571 0.96428571 0.96428571
 0.96428571 0.96428571 0.96428571 0.96428571 0.96428571 0.96428571
 0.96428571 0.96428571 0.96428571 0.96428571 0.96428571 0.96428571
 0.95535714 0.95535714 0.95535714 0.95535714 0.95535714 0.95535714
 0.95535714 0.95535714 0.95535714 0.95535714 0.95535714 0.95535714
 0.95535714 0.94642857 0.94642857 0.9375     0.9375     0.9375
 0.9375     0.9375     0.9375     0.9375     0.9375     0.9375
 0.9375     0.9375     0.9375     0.9375     0.9375     0.92857143
 0.92857143 0.92857143 0.92857143 0.92857143 0.92857143 0.92857143
 0.92857143 0.92857143 0.91964286 0.91964286 0.91964286 0.91964286
 0.91964286 0.91964286 0.91964286 0.91964286 0.91964286 0.91964286
 0.91964286 0.91964286 0.91964286 0.91964286 0.91964286 0.91964286
 0.91964286 0.91071429 0.91071429 0.91071429 0.91071429 0.91071429
 0.91071429 0.91071429 0.90178571 0.90178571 0.89285714 0.89285714
 0.89285714 0.89285714 0.88392857 0.88392857 0.88392857 0.88392857
 0.88392857 0.88392857 0.88392857 0.88392857 0.88392857 0.88392857
 0.88392857 0.88392857 0.88392857 0.88392857 0.88392857 0.88392857
 0.88392857 0.88392857 0.88392857 0.88392857 0.88392857 0.875
 0.875      0.875      0.875      0.875      0.875      0.875
 0.875      0.875      0.875      0.875      0.875      0.875
 0.875      0.875      0.875      0.875      0.875      0.875
 0.875      0.875      0.875      0.875      0.875      0.875
 0.875      0.875      0.875      0.875      0.875      0.875
 0.875      0.875      0.875      0.875      0.875      0.875
 0.875      0.875      0.875      0.875      0.875      0.875
 0.875      0.875      0.875      0.875      0.875      0.875
 0.875      0.875      0.875      0.875      0.86607143 0.86607143
 0.86607143 0.86607143 0.86607143 0.86607143 0.85714286 0.85714286
 0.85714286 0.85714286 0.85714286 0.85714286 0.85714286 0.85714286
 0.85714286 0.85714286 0.85714286 0.85714286 0.85714286 0.85714286
 0.85714286 0.85714286 0.85714286 0.85714286 0.84821429 0.84821429
 0.84821429 0.84821429 0.84821429 0.84821429 0.83928571 0.83035714
 0.83035714 0.83035714 0.83035714 0.83035714 0.83035714 0.83035714
 0.83035714 0.83035714 0.82142857 0.82142857 0.82142857 0.82142857
 0.82142857 0.82142857 0.8125     0.8125     0.8125     0.8125
 0.8125     0.8125     0.8125     0.8125     0.8125     0.8125
 0.8125     0.8125     0.80357143 0.80357143 0.80357143 0.80357143
 0.80357143 0.80357143 0.80357143 0.80357143 0.79464286 0.79464286
 0.79464286 0.79464286 0.79464286 0.79464286 0.79464286 0.78571429
 0.78571429 0.78571429 0.78571429 0.78571429 0.77678571 0.76785714
 0.76785714 0.76785714 0.76785714 0.76785714 0.75892857 0.75892857
 0.75892857 0.75892857 0.75892857 0.75892857 0.75892857 0.75
 0.75       0.75       0.75       0.75       0.75       0.75
 0.75       0.75       0.75       0.75       0.74107143 0.74107143
 0.74107143 0.74107143 0.73214286 0.73214286 0.73214286 0.73214286
 0.72321429 0.71428571 0.71428571 0.71428571 0.71428571 0.71428571
 0.71428571 0.70535714 0.70535714 0.70535714 0.70535714 0.70535714
 0.70535714 0.70535714 0.70535714 0.70535714 0.70535714 0.70535714
 0.70535714 0.69642857 0.69642857 0.69642857 0.69642857 0.69642857
 0.69642857 0.69642857 0.6875     0.67857143 0.67857143 0.66964286
 0.66964286 0.66964286 0.66071429 0.66071429 0.65178571 0.65178571
 0.65178571 0.65178571 0.65178571 0.65178571 0.65178571 0.65178571
 0.65178571 0.65178571 0.65178571 0.65178571 0.65178571 0.64285714
 0.64285714 0.64285714 0.64285714 0.64285714 0.63392857 0.63392857
 0.63392857 0.625      0.625      0.625      0.61607143 0.61607143
 0.61607143 0.61607143 0.61607143 0.61607143 0.61607143 0.61607143
 0.61607143 0.60714286 0.59821429 0.59821429 0.59821429 0.59821429
 0.59821429 0.59821429 0.58928571 0.58928571 0.58928571 0.58928571
 0.58928571 0.58035714 0.57142857 0.57142857 0.57142857 0.57142857
 0.57142857 0.57142857 0.57142857 0.57142857 0.57142857 0.57142857
 0.57142857 0.57142857 0.5625     0.5625     0.5625     0.5625
 0.5625     0.5625     0.5625     0.5625     0.5625     0.55357143
 0.55357143 0.55357143 0.55357143 0.55357143 0.55357143 0.55357143
 0.55357143 0.55357143 0.55357143 0.54464286 0.54464286 0.54464286
 0.54464286 0.54464286 0.53571429 0.53571429 0.53571429 0.53571429
 0.53571429 0.52678571 0.52678571 0.51785714 0.51785714 0.51785714
 0.51785714 0.51785714 0.51785714 0.51785714 0.50892857 0.50892857
 0.50892857 0.5        0.5        0.5        0.5        0.5
 0.5        0.49107143 0.48214286 0.48214286 0.48214286 0.48214286
 0.48214286 0.48214286 0.48214286 0.48214286 0.48214286 0.48214286
 0.48214286 0.48214286 0.47321429 0.46428571 0.46428571 0.46428571
 0.45535714 0.45535714 0.45535714 0.45535714 0.44642857 0.44642857
 0.44642857 0.44642857 0.44642857 0.4375     0.4375     0.4375
 0.4375     0.4375     0.4375     0.4375     0.4375     0.4375
 0.4375     0.4375     0.4375     0.4375     0.42857143 0.41964286
 0.41071429 0.41071429 0.40178571 0.39285714 0.39285714 0.39285714
 0.39285714 0.39285714 0.39285714 0.39285714 0.39285714 0.39285714
 0.39285714 0.39285714 0.38392857 0.38392857 0.38392857 0.38392857
 0.38392857 0.38392857 0.375      0.375      0.375      0.36607143
 0.36607143 0.36607143 0.36607143 0.36607143 0.36607143 0.36607143
 0.36607143 0.36607143 0.36607143 0.36607143 0.36607143 0.36607143
 0.36607143 0.36607143 0.36607143 0.36607143 0.35714286 0.35714286
 0.35714286 0.35714286 0.34821429 0.33928571 0.33928571 0.33035714
 0.33035714 0.32142857 0.32142857 0.32142857 0.32142857 0.32142857
 0.32142857 0.32142857 0.32142857 0.32142857 0.3125     0.3125
 0.3125     0.30357143 0.30357143 0.29464286 0.29464286 0.29464286
 0.29464286 0.29464286 0.29464286 0.28571429 0.28571429 0.28571429
 0.28571429 0.28571429 0.28571429 0.28571429 0.28571429 0.27678571
 0.27678571 0.26785714 0.26785714 0.26785714 0.26785714 0.25892857
 0.25892857 0.25892857 0.25892857 0.25892857 0.25892857 0.25892857
 0.25892857 0.25       0.25       0.25       0.24107143 0.24107143
 0.24107143 0.24107143 0.24107143 0.24107143 0.24107143 0.23214286
 0.22321429 0.22321429 0.22321429 0.22321429 0.22321429 0.22321429
 0.22321429 0.22321429 0.22321429 0.22321429 0.22321429 0.22321429
 0.22321429 0.22321429 0.21428571 0.21428571 0.21428571 0.21428571
 0.21428571 0.21428571 0.21428571 0.21428571 0.21428571 0.21428571
 0.21428571 0.21428571 0.21428571 0.20535714 0.19642857 0.1875
 0.1875     0.1875     0.1875     0.17857143 0.16964286 0.16964286
 0.16964286 0.16964286 0.16964286 0.16964286 0.16964286 0.16964286
 0.16964286 0.16964286 0.16964286 0.16071429 0.15178571 0.15178571
 0.15178571 0.15178571 0.14285714 0.14285714 0.14285714 0.14285714
 0.14285714 0.14285714 0.14285714 0.14285714 0.14285714 0.14285714
 0.14285714 0.14285714 0.14285714 0.13392857 0.13392857 0.13392857
 0.13392857 0.13392857 0.13392857 0.13392857 0.13392857 0.13392857
 0.13392857 0.125      0.125      0.125      0.125      0.11607143
 0.10714286 0.10714286 0.10714286 0.09821429 0.09821429 0.09821429
 0.09821429 0.08928571 0.08928571 0.08928571 0.08035714 0.08035714
 0.07142857 0.07142857 0.07142857 0.07142857 0.07142857 0.07142857
 0.07142857 0.0625     0.0625     0.0625     0.05357143 0.05357143
 0.05357143 0.05357143 0.05357143 0.04464286 0.04464286 0.04464286
 0.04464286 0.04464286 0.04464286 0.04464286 0.04464286 0.04464286
 0.04464286 0.04464286 0.04464286 0.04464286 0.04464286 0.04464286
 0.04464286 0.04464286 0.04464286 0.04464286 0.03571429 0.02678571
 0.02678571 0.02678571 0.02678571 0.02678571 0.02678571 0.02678571
 0.01785714 0.01785714 0.01785714 0.01785714 0.01785714 0.01785714
 0.00892857 0.00892857 0.00892857 0.00892857 0.00892857 0.00892857
 0.00892857 0.00892857 0.00892857 0.00892857 0.00892857 0.
 0.         0.         0.         0.         0.        ]","[1.30598442e-09 1.39010587e-09 1.39181359e-09 1.42256581e-09
 1.43163586e-09 1.43478721e-09 1.44172205e-09 1.50802142e-09
 1.51161707e-09 1.51264039e-09 1.51295034e-09 1.51344352e-09
 1.51395242e-09 1.51763531e-09 1.51884729e-09 1.52595621e-09
 1.52779886e-09 1.55786294e-09 1.55825429e-09 1.56331204e-09
 1.56397302e-09 1.56416166e-09 1.56436266e-09 1.56443274e-09
 1.56508125e-09 1.56794004e-09 1.56829601e-09 1.56836500e-09
 1.56861259e-09 1.57098228e-09 1.57824722e-09 1.58184118e-09
 1.58500722e-09 1.58626984e-09 1.62111900e-09 1.62883316e-09
 1.63461365e-09 1.64445095e-09 1.64623779e-09 1.64892023e-09
 1.64971366e-09 1.65144269e-09 1.65304922e-09 1.65928798e-09
 1.66318768e-09 1.66786596e-09 1.66818506e-09 1.67969753e-09
 1.68121261e-09 1.69164751e-09 1.69837644e-09 1.70526453e-09
 1.70660803e-09 1.71177036e-09 1.71512331e-09 1.71563979e-09
 1.71681847e-09 1.72142230e-09 1.72352840e-09 1.72765168e-09
 1.75900780e-09 1.76088813e-09 1.76988748e-09 1.78248868e-09
 1.81012077e-09 1.82395853e-09 1.82601673e-09 1.83202329e-09
 1.83293255e-09 1.83555537e-09 1.84568413e-09 1.85284118e-09
 1.85503645e-09 1.85657830e-09 1.86545809e-09 1.86576287e-09
 1.86609837e-09 1.87371676e-09 1.87616375e-09 1.88655074e-09
 1.89483422e-09 1.91099737e-09 1.93437711e-09 1.93780045e-09
 1.95026050e-09 1.95345036e-09 2.01838156e-09 2.03187523e-09
 2.03904859e-09 2.09160293e-09 2.11075818e-09 2.13047349e-09
 2.13170229e-09 2.13868649e-09 2.17373771e-09 2.17638210e-09
 2.18271041e-09 2.21290654e-09 2.25045083e-09 2.30474334e-09
 2.32284247e-09 2.33007188e-09 2.45577894e-09 2.45802821e-09
 2.46184325e-09 2.46454348e-09 2.46587592e-09 2.48779498e-09
 2.52436904e-09 2.54804897e-09 2.58421525e-09 2.58760441e-09
 2.61502448e-09 2.61782514e-09 2.63074678e-09 2.70409161e-09
 2.70934198e-09 2.71600143e-09 2.71916359e-09 2.73625636e-09
 2.73778622e-09 2.77630187e-09 2.82804928e-09 2.92044808e-09
 2.94696614e-09 2.98147030e-09 2.98641515e-09 3.02088305e-09
 3.12740862e-09 3.12896405e-09 3.16863670e-09 3.17249198e-09
 3.24886732e-09 3.29530177e-09 3.33132488e-09 3.39001684e-09
 3.43281458e-09 3.43747382e-09 3.52759290e-09 3.55827077e-09
 3.65389785e-09 3.65679348e-09 3.72254473e-09 3.76876795e-09
 3.79697176e-09 3.82896428e-09 3.86872783e-09 3.98384005e-09
 3.99341056e-09 4.01145270e-09 4.03556872e-09 4.04815087e-09
 4.05723504e-09 4.09332864e-09 4.15231263e-09 4.19136659e-09
 4.47430547e-09 4.53516372e-09 4.85814680e-09 4.98439078e-09
 5.00264342e-09 5.03305490e-09 5.07517343e-09 5.08281485e-09
 5.11463612e-09 5.22641096e-09 5.22775259e-09 5.23443169e-09
 5.27861564e-09 5.47686225e-09 5.57933679e-09 5.65049080e-09
 5.80896304e-09 5.89518256e-09 5.90790492e-09 6.01156187e-09
 6.02628517e-09 6.05540664e-09 6.12873908e-09 6.15243302e-09
 6.22753655e-09 6.24510808e-09 6.30854122e-09 6.36312913e-09
 6.36759686e-09 6.37602203e-09 6.50308145e-09 6.79926251e-09
 6.83822434e-09 6.94787723e-09 6.95045474e-09 6.95519750e-09
 7.13352389e-09 7.47892467e-09 7.54691493e-09 7.58546902e-09
 7.70321403e-09 7.85860246e-09 8.17591681e-09 8.28596255e-09
 8.57119111e-09 8.63051773e-09 8.82768295e-09 8.89467477e-09
 8.91705352e-09 8.96684578e-09 9.13566398e-09 9.47002878e-09
 9.59765759e-09 9.76615996e-09 1.05733998e-08 1.06789347e-08
 1.07512024e-08 1.07569032e-08 1.08797821e-08 1.11073921e-08
 1.12616194e-08 1.13148400e-08 1.15097824e-08 1.21912816e-08
 1.25566810e-08 1.27527945e-08 1.27636585e-08 1.28409749e-08
 1.29027434e-08 1.38944248e-08 1.41995393e-08 1.45456769e-08
 1.49838009e-08 1.51779751e-08 1.52278442e-08 1.52348005e-08
 1.52827409e-08 1.52881135e-08 1.55183426e-08 1.57016057e-08
 1.58257568e-08 1.66169591e-08 1.69376854e-08 1.69438495e-08
 1.75119625e-08 1.79997408e-08 1.84796253e-08 1.85365656e-08
 1.88246740e-08 1.96277369e-08 1.99581672e-08 1.99978541e-08
 2.05816378e-08 2.10618704e-08 2.10751249e-08 2.11351337e-08
 2.20479351e-08 2.24628635e-08 2.25253953e-08 2.27913906e-08
 2.28527877e-08 2.33635856e-08 2.33833065e-08 2.43359116e-08
 2.44845131e-08 2.48984265e-08 2.50313831e-08 2.50822927e-08
 2.52114761e-08 2.59137264e-08 2.75705913e-08 2.84083719e-08
 2.87199532e-08 2.87791909e-08 2.89578187e-08 2.93400324e-08
 2.99791085e-08 3.05941007e-08 3.11021432e-08 3.11372498e-08
 3.25643096e-08 3.28438940e-08 3.41116913e-08 3.42437435e-08
 3.60278346e-08 3.88284207e-08 4.12877980e-08 4.42242203e-08
 4.53778557e-08 4.55775376e-08 4.60327828e-08 4.64958995e-08
 4.78299441e-08 5.16360641e-08 5.26101246e-08 5.30937730e-08
 5.34636001e-08 5.43484407e-08 5.47275411e-08 5.82406326e-08
 5.91046327e-08 6.00360853e-08 6.26694579e-08 6.45648106e-08
 6.46885633e-08 7.25326309e-08 7.32852853e-08 7.47293084e-08
 7.71723785e-08 7.77971098e-08 8.03460731e-08 8.16400754e-08
 8.50756512e-08 8.52055128e-08 8.60055393e-08 8.88669968e-08
 9.06681605e-08 9.17416400e-08 9.24248471e-08 9.37965067e-08
 9.67540618e-08 9.72084361e-08 9.77503123e-08 1.02711321e-07
 1.03707462e-07 1.05945018e-07 1.07517418e-07 1.07720411e-07
 1.09513255e-07 1.11216564e-07 1.11849626e-07 1.12100050e-07
 1.13014527e-07 1.13133782e-07 1.20147057e-07 1.22262676e-07
 1.23046162e-07 1.23654154e-07 1.24032261e-07 1.31163922e-07
 1.34478383e-07 1.34720825e-07 1.35038890e-07 1.35350097e-07
 1.42367789e-07 1.53799180e-07 1.54340977e-07 1.58169764e-07
 1.59947399e-07 1.71492155e-07 1.75123063e-07 1.76171810e-07
 1.77525721e-07 1.79712003e-07 1.82052777e-07 1.90007230e-07
 1.94607658e-07 1.96232174e-07 2.02636893e-07 2.05894132e-07
 2.10757755e-07 2.15295604e-07 2.19130365e-07 2.23334275e-07
 2.23563359e-07 2.25386274e-07 2.30416540e-07 2.30856264e-07
 2.31006376e-07 2.31529445e-07 2.32520215e-07 2.41724321e-07
 2.46623424e-07 2.50236478e-07 2.52999510e-07 2.59302991e-07
 2.61336338e-07 2.63988399e-07 2.71472453e-07 2.74078255e-07
 2.79155015e-07 2.79197231e-07 2.80885865e-07 2.83149759e-07
 2.87166081e-07 2.94653589e-07 2.98568500e-07 3.08186973e-07
 3.17145979e-07 3.21137477e-07 3.22121597e-07 3.26898929e-07
 3.40930756e-07 3.43093336e-07 3.59893892e-07 3.72002141e-07
 3.78709377e-07 3.84376176e-07 3.87233404e-07 3.89713674e-07
 4.00197667e-07 4.19368543e-07 4.24971976e-07 4.25046046e-07
 4.29466706e-07 4.39844898e-07 4.43880258e-07 4.47852601e-07
 4.72208487e-07 4.94493487e-07 5.17213413e-07 5.21640592e-07
 5.43429916e-07 5.50884741e-07 5.67800856e-07 5.76386595e-07
 5.98912074e-07 6.06878696e-07 6.08918414e-07 6.31377404e-07
 6.41676415e-07 6.58086206e-07 6.65436770e-07 6.69814279e-07
 6.89419640e-07 7.01267295e-07 7.30820215e-07 7.37246627e-07
 7.40766493e-07 7.46166020e-07 7.57759484e-07 7.60753657e-07
 7.62630949e-07 7.87055529e-07 8.16441188e-07 8.51876458e-07
 8.64538172e-07 8.92380857e-07 8.92974971e-07 9.00225394e-07
 9.09886366e-07 9.53041413e-07 1.00824684e-06 1.03472095e-06
 1.03724704e-06 1.08711268e-06 1.19754516e-06 1.22826219e-06
 1.22976192e-06 1.24920299e-06 1.29137908e-06 1.31923695e-06
 1.38929320e-06 1.39262552e-06 1.39520069e-06 1.44421350e-06
 1.45617740e-06 1.46112855e-06 1.46993704e-06 1.48951328e-06
 1.49841749e-06 1.52429888e-06 1.55334790e-06 1.56846611e-06
 1.57638623e-06 1.58488474e-06 1.59963144e-06 1.61501363e-06
 1.61989011e-06 1.62972566e-06 1.63233527e-06 1.65058105e-06
 1.77123304e-06 1.83348345e-06 1.96528583e-06 2.00663176e-06
 2.08511401e-06 2.12669018e-06 2.18512492e-06 2.22454222e-06
 2.40228445e-06 2.41180809e-06 2.42423044e-06 2.46593147e-06
 2.47528182e-06 2.50129060e-06 2.58815160e-06 2.65583104e-06
 2.66239738e-06 2.74939542e-06 2.82313123e-06 2.84805412e-06
 2.87926138e-06 2.94252750e-06 2.98424040e-06 3.07155358e-06
 3.09176964e-06 3.11285078e-06 3.12340018e-06 3.15486576e-06
 3.33851999e-06 3.41138814e-06 3.59047842e-06 3.64182324e-06
 3.66853300e-06 3.85313029e-06 3.86163833e-06 3.91971223e-06
 4.17011962e-06 4.40437453e-06 4.52710184e-06 4.59769061e-06
 4.62495201e-06 4.64110785e-06 4.69457012e-06 4.71754677e-06
 4.76648977e-06 4.83121352e-06 4.92213539e-06 5.21966147e-06
 5.30484157e-06 5.32387071e-06 5.38438435e-06 5.38632953e-06
 5.40213765e-06 5.42223711e-06 5.43189429e-06 5.69383805e-06
 5.98830945e-06 6.12187185e-06 6.29776338e-06 6.33808716e-06
 6.41119377e-06 6.42190181e-06 6.49949288e-06 6.59012110e-06
 6.59894413e-06 6.64339309e-06 6.85273940e-06 7.29424993e-06
 7.42740896e-06 7.89121218e-06 7.93213022e-06 8.31949403e-06
 8.35435513e-06 8.37572163e-06 8.89408490e-06 8.91967555e-06
 8.95880241e-06 9.42780846e-06 9.46418536e-06 9.59721654e-06
 9.87051735e-06 9.93614811e-06 9.97277544e-06 1.00405924e-05
 1.04385893e-05 1.05347555e-05 1.11771868e-05 1.12880159e-05
 1.14049240e-05 1.14389215e-05 1.14904892e-05 1.16818448e-05
 1.16832488e-05 1.27748222e-05 1.31423291e-05 1.32659795e-05
 1.33851458e-05 1.34479338e-05 1.34930198e-05 1.38027901e-05
 1.44126471e-05 1.48737352e-05 1.50035902e-05 1.51587410e-05
 1.54603987e-05 1.60553830e-05 1.68455375e-05 1.68717578e-05
 1.70947923e-05 1.72033586e-05 1.76939133e-05 1.77295131e-05
 1.80003159e-05 1.80237411e-05 1.93636291e-05 1.96225101e-05
 2.04150305e-05 2.05550544e-05 2.07130616e-05 2.08011630e-05
 2.12278405e-05 2.13582693e-05 2.14508703e-05 2.20435915e-05
 2.20950104e-05 2.21129407e-05 2.25308695e-05 2.31308690e-05
 2.40365818e-05 2.45624006e-05 2.45709211e-05 2.45938967e-05
 2.48212574e-05 2.50021011e-05 2.50179203e-05 2.58308780e-05
 2.78398001e-05 2.79458867e-05 2.87860022e-05 2.90811704e-05
 2.97527669e-05 2.98800400e-05 3.03224063e-05 3.08007392e-05
 3.26830559e-05 3.27411639e-05 3.29945816e-05 3.35232678e-05
 3.42545368e-05 3.43724869e-05 3.44982502e-05 3.49304914e-05
 3.51032080e-05 3.56204312e-05 3.66111645e-05 3.67592953e-05
 3.81389005e-05 3.82526951e-05 3.84272228e-05 3.87526601e-05
 3.88421937e-05 3.92722182e-05 3.99364189e-05 4.00704683e-05
 4.31187654e-05 4.39455775e-05 4.46685751e-05 4.48906383e-05
 4.51415706e-05 4.64956147e-05 4.79292599e-05 4.81829936e-05
 4.91444676e-05 4.93816708e-05 4.97105315e-05 5.13685865e-05
 5.24719970e-05 5.40002919e-05 5.71530109e-05 5.95687296e-05
 6.01112815e-05 6.46771381e-05 6.56157157e-05 6.56436649e-05
 6.67701099e-05 7.00405491e-05 7.00864474e-05 7.14533233e-05
 7.29394169e-05 7.66356593e-05 8.29381682e-05 8.54637816e-05
 8.60948977e-05 8.80124076e-05 9.03127383e-05 9.07225966e-05
 9.35790421e-05 9.65991551e-05 9.67245695e-05 9.71916925e-05
 9.72044081e-05 9.94222855e-05 1.02870706e-04 1.06559077e-04
 1.08294428e-04 1.09456107e-04 1.09902000e-04 1.11792310e-04
 1.13428840e-04 1.23516832e-04 1.35370492e-04 1.37031751e-04
 1.38756849e-04 1.39572265e-04 1.40325364e-04 1.40348454e-04
 1.48092325e-04 1.49251485e-04 1.54131011e-04 1.57343538e-04
 1.75810951e-04 1.79621345e-04 1.86561092e-04 1.87328278e-04
 1.88024406e-04 1.88061888e-04 1.89901624e-04 1.92220446e-04
 2.02090187e-04 2.05594685e-04 2.11463967e-04 2.12015431e-04
 2.15628643e-04 2.15927216e-04 2.21676082e-04 2.22431052e-04
 2.25468296e-04 2.32625527e-04 2.34665415e-04 2.39270431e-04
 2.45601354e-04 2.50906023e-04 2.52320620e-04 2.54919453e-04
 2.57467728e-04 2.57995759e-04 2.59010908e-04 2.63820062e-04
 2.69259844e-04 2.69789487e-04 2.74820748e-04 2.83824406e-04
 2.83986872e-04 2.89098555e-04 2.90919397e-04 2.91368175e-04
 3.05003608e-04 3.08384319e-04 3.10227474e-04 3.14388606e-04
 3.18486790e-04 3.19941555e-04 3.24337451e-04 3.29441611e-04
 3.31667957e-04 3.39296874e-04 3.42059951e-04 3.46119640e-04
 3.56428148e-04 3.60013982e-04 3.62586789e-04 3.82110816e-04
 3.89163960e-04 4.17513231e-04 4.34302727e-04 4.36518265e-04
 4.38862471e-04 4.82694383e-04 5.04339729e-04 5.04911832e-04
 5.14817951e-04 5.49512394e-04 5.65977916e-04 5.87665546e-04
 6.01883211e-04 6.04234900e-04 6.10934301e-04 6.23920395e-04
 6.34968966e-04 6.50627419e-04 6.54447855e-04 6.93878094e-04
 7.08766201e-04 7.11006485e-04 7.40059296e-04 7.48067380e-04
 7.52734483e-04 7.63847519e-04 7.79991661e-04 8.41407383e-04
 8.53598981e-04 8.68176117e-04 8.97709153e-04 9.29417302e-04
 9.42974987e-04 9.54132927e-04 9.60096911e-04 9.70749842e-04
 1.03018017e-03 1.11083129e-03 1.15470619e-03 1.25243150e-03
 1.25460212e-03 1.31960524e-03 1.40089585e-03 1.43241308e-03
 1.47286257e-03 1.47774833e-03 1.53783227e-03 1.57074057e-03
 1.58682307e-03 1.61684253e-03 1.62177435e-03 1.63577850e-03
 1.67867769e-03 1.67969206e-03 1.68297022e-03 1.80183448e-03
 1.88487294e-03 1.98154594e-03 1.99577584e-03 2.00324207e-03
 2.01444005e-03 2.04240394e-03 2.09284182e-03 2.10133120e-03
 2.13460860e-03 2.24779550e-03 2.27394622e-03 2.27400058e-03
 2.30759164e-03 2.41058384e-03 2.49447553e-03 2.50155812e-03
 2.53583257e-03 2.55565490e-03 2.65139241e-03 2.86023224e-03
 3.03601209e-03 3.04447039e-03 3.07335882e-03 3.34412818e-03
 3.36364050e-03 3.60300751e-03 3.85018588e-03 4.33318261e-03
 4.38239259e-03 4.40923850e-03 4.78541073e-03 4.80984733e-03
 5.29497921e-03 5.47930974e-03 5.72101218e-03 5.77027682e-03
 5.86223588e-03 5.87042840e-03 5.92554902e-03 6.02750794e-03
 6.31671657e-03 6.79049790e-03 7.48530355e-03 7.73684628e-03
 8.56995852e-03 8.91056464e-03 1.00910596e-02 1.08185333e-02
 1.10256453e-02 1.13762405e-02 1.15382124e-02 1.23556370e-02
 1.29533556e-02 1.35873706e-02 1.51804740e-02 1.53175114e-02
 1.53453252e-02 1.54273344e-02 1.57028046e-02 1.57541423e-02
 1.65474898e-02 1.69276545e-02 1.73395873e-02 1.84931821e-02
 1.90463759e-02 1.91479095e-02 1.92488444e-02 1.97195935e-02
 2.02987202e-02 2.10857993e-02 2.19275595e-02 2.33927193e-02
 2.58219490e-02 2.80294235e-02 2.92450855e-02 3.31410458e-02
 3.83563953e-02 3.91817381e-02 4.04998551e-02 4.12560961e-02
 4.22207270e-02 4.42139799e-02 4.55265727e-02 4.85377492e-02
 4.91670347e-02 5.19207881e-02 5.29815721e-02 5.38277246e-02
 6.02413175e-02 6.58162687e-02 6.75954827e-02 6.83257209e-02
 7.93424072e-02 7.99070285e-02 8.12526444e-02 8.33657263e-02
 9.56598462e-02 1.02551118e-01 1.09586870e-01 1.14961194e-01
 1.22644405e-01 1.25316318e-01 1.41573266e-01 1.44609812e-01
 1.69563943e-01 1.69638373e-01 1.69814883e-01 2.08703143e-01
 2.31215218e-01 2.33206104e-01 2.62042135e-01 2.82546660e-01
 3.26443372e-01 3.30587501e-01 3.40568931e-01 3.59583797e-01
 3.61877187e-01 3.72511148e-01 4.08056776e-01 4.09301187e-01
 4.19036093e-01 4.39080685e-01 4.41360195e-01 4.60978094e-01
 4.67417090e-01 4.81447027e-01 4.86884220e-01 4.99700358e-01
 5.21529396e-01 5.36187284e-01 5.37542335e-01 5.62333399e-01
 5.77841353e-01 6.08385626e-01 6.58589419e-01 6.69879505e-01
 6.81993961e-01 6.95581972e-01 7.23190120e-01 7.34989817e-01
 7.73490309e-01 7.83986089e-01 7.87683785e-01 8.43595501e-01
 8.81647678e-01 8.83402210e-01 8.91957390e-01 9.00719855e-01
 9.10585503e-01 9.14519559e-01 9.48776917e-01 9.52799895e-01
 9.55660114e-01 9.58771140e-01 9.62502632e-01 9.67825621e-01
 9.76608247e-01 9.81956742e-01 9.88809929e-01 9.90990788e-01
 9.91432214e-01 9.92257691e-01 9.92540441e-01 9.94402253e-01
 9.95134614e-01 9.95433959e-01 9.99804985e-01 9.99826411e-01]"
Hyperledger,is_change_text_num_words_20,NN,[],0.8060165975103735,"[[767  85]
 [102  10]]","              precision    recall  f1-score   support

           0       0.88      0.90      0.89       852
           1       0.11      0.09      0.10       112

    accuracy                           0.81       964
   macro avg       0.49      0.49      0.49       964
weighted avg       0.79      0.81      0.80       964
",0.1369019916424376,0.1393933916870337,0.588981807511737,"[0 0 0 0 0 0 0 0 0 0 0 0 0 0 0 0 0 1 0 0 0 0 0 0 0 0 0 0 0 0 0 0 0 0 0 0 0
 1 0 0 0 0 0 0 0 0 0 0 0 0 1 0 0 0 0 0 0 0 0 0 0 0 1 0 0 0 1 0 0 0 0 0 0 1
 0 1 0 1 0 0 0 0 0 0 0 1 0 0 0 0 0 0 0 0 0 0 0 0 0 0 0 0 0 0 1 0 0 0 0 0 0
 0 0 0 1 0 1 0 0 0 0 0 0 0 0 0 0 0 0 0 0 0 0 0 0 0 0 0 0 0 0 0 0 0 0 0 0 0
 0 0 0 0 0 0 0 1 0 0 0 0 0 0 0 0 0 0 0 0 0 0 0 0 0 0 0 0 0 0 0 0 0 0 0 1 0
 0 0 0 0 0 0 0 0 0 0 0 0 0 0 0 0 0 0 0 0 0 0 0 0 0 0 0 0 0 0 0 0 0 0 0 0 0
 0 0 0 0 0 1 0 0 0 0 0 0 0 0 0 0 0 0 0 0 0 0 0 0 1 1 0 0 0 0 0 0 0 0 0 0 0
 0 0 0 0 0 0 0 0 0 0 0 0 0 0 1 0 1 1 0 1 0 0 0 0 1 0 0 0 0 0 0 0 0 0 0 0 1
 1 1 0 0 0 0 0 0 0 0 0 0 0 0 0 0 0 0 0 0 0 0 0 0 0 0 0 0 1 0 0 0 0 0 0 0 0
 0 0 0 0 0 0 1 0 0 0 0 0 0 1 0 1 0 0 0 1 0 1 0 0 0 0 0 0 1 0 0 0 1 0 0 0 0
 0 0 0 0 1 0 0 0 1 0 0 0 0 0 0 0 0 0 0 0 0 0 0 0 0 0 0 0 0 0 0 0 0 0 1 0 0
 0 0 0 0 0 0 0 0 0 0 1 0 0 0 0 0 0 0 0 0 0 0 1 0 0 0 0 0 0 0 0 0 0 0 0 0 0
 0 0 0 0 0 0 0 1 0 0 0 0 0 0 0 1 0 0 0 0 0 0 1 0 0 0 0 0 0 0 0 0 0 0 1 0 0
 0 0 0 0 0 0 0 0 1 0 0 0 0 0 1 0 0 0 0 0 0 0 0 0 0 0 0 0 0 0 0 0 0 0 0 0 0
 0 0 0 0 0 0 0 1 0 0 0 0 0 0 0 1 0 0 0 0 0 0 0 0 0 1 0 0 0 0 0 0 1 0 0 0 0
 0 1 0 0 0 0 1 0 0 0 0 0 1 0 0 1 0 0 0 0 0 0 0 0 0 1 1 1 0 1 0 1 1 1 1 0 1
 1 1 1 0 0 0 0 0 0 0 0 0 0 0 0 0 0 0 0 0 0 0 0 0 0 0 0 0 0 0 0 0 0 0 0 0 0
 0 1 0 0 0 0 0 1 0 0 0 0 0 0 1 0 0 0 0 0 0 1 0 1 0 0 0 0 0 0 0 0 0 0 0 0 0
 0 0 0 0 0 0 0 0 0 0 0 0 0 0 0 0 0 0 0 0 0 0 0 1 0 0 1 0 0 0 0 0 0 0 0 0 0
 0 0 0 0 0 0 0 0 0 0 1 0 1 0 0 0 0 0 0 0 0 0 0 0 0 0 0 0 0 0 0 0 0 0 0 0 0
 1 0 0 0 0 0 0 0 0 1 0 0 0 0 0 0 0 0 0 0 0 0 0 0 0 0 0 0 0 0 1 0 0 0 0 0 0
 0 0 0 0 0 1 0 0 0 0 0 0 0 0 0 0 0 0 0 0 0 0 0 0 0 1 0 0 1 0 0 0 0 0 0 0 0
 0 0 0 0 0 0 0 0 0 0 0 0 0 0 0 0 0 0 0 0 0 0 0 0 1 0 0 0 0 0 0 0 0 0 0 1 0
 0 0 0 1 0 0 0 0 0 0 0 0 0 0 0 0 0 0 0 0 0 1 0 0 0 0 0 0 1 0 0 0 0 0 1 0 0
 0 0 0 0 0 0 0 0 0 0 0 0 0 0 1 0 0 0 0 1 0 0 0 0 0 0 0 0 0 1 0 0 0 0 1 0 0
 1 1 1 0 0 0 0 1 0 0 0 0 0 0 0 0 0 0 0 0 0 0 0 0 0 0 0 1 0 0 0 0 0 0 0 0 1
 0 0]","[0.11618257 0.11630322 0.11642412 0.11654527 0.11666667 0.11678832
 0.11586639 0.11598746 0.11610879 0.11623037 0.1163522  0.11647429
 0.11659664 0.11671924 0.11684211 0.11696523 0.11708861 0.11721225
 0.11733615 0.11746032 0.11652542 0.11664899 0.11677282 0.11689692
 0.11702128 0.1171459  0.11727079 0.11739594 0.11752137 0.11764706
 0.11777302 0.11789925 0.11802575 0.11815252 0.11827957 0.11840689
 0.11853448 0.1175836  0.11771058 0.11783784 0.11796537 0.11809317
 0.11822126 0.11834962 0.11847826 0.11860718 0.11873638 0.11886587
 0.11899563 0.11912568 0.11925602 0.11938664 0.11951754 0.11964874
 0.11978022 0.11991199 0.12004405 0.12017641 0.12030905 0.12044199
 0.11946903 0.11960133 0.11973392 0.11986681 0.12       0.12013348
 0.12026726 0.11928651 0.11941964 0.11955307 0.1196868  0.11870101
 0.11883408 0.11896745 0.11910112 0.1192351  0.11936937 0.11950395
 0.11963883 0.11977401 0.1199095  0.1200453  0.12018141 0.12031782
 0.12045455 0.12059158 0.12072893 0.12086659 0.12100457 0.12114286
 0.1201373  0.12027491 0.12041284 0.12055109 0.12068966 0.12082854
 0.11981567 0.11995386 0.12009238 0.12023121 0.12037037 0.12050985
 0.12064965 0.12078978 0.12093023 0.12107101 0.12121212 0.12135356
 0.12149533 0.12163743 0.12177986 0.12192263 0.12089202 0.12103408
 0.12117647 0.1213192  0.12146226 0.12160567 0.12174941 0.12189349
 0.12203791 0.12218268 0.12232779 0.12247325 0.12261905 0.1227652
 0.12291169 0.12305854 0.12320574 0.12335329 0.1235012  0.12364946
 0.12379808 0.12394705 0.12289157 0.12303981 0.12318841 0.12333736
 0.12348668 0.12363636 0.12378641 0.12393682 0.12408759 0.12423873
 0.12439024 0.12454212 0.12469438 0.124847   0.125      0.12515337
 0.12530713 0.12546125 0.12438424 0.12453761 0.12469136 0.12484549
 0.125      0.12515489 0.12531017 0.12546584 0.12562189 0.12577833
 0.12593516 0.12609238 0.12625    0.12640801 0.12656642 0.12672522
 0.12688442 0.12704403 0.12720403 0.12736444 0.12626263 0.12515803
 0.12531646 0.12420786 0.12436548 0.12452351 0.12468193 0.12484076
 0.12372449 0.1238825  0.12404092 0.12419974 0.12435897 0.12451861
 0.12339332 0.12355212 0.12371134 0.12387097 0.12403101 0.12419146
 0.12435233 0.12451362 0.12467532 0.12483745 0.125      0.12516297
 0.12532637 0.1254902  0.12565445 0.12581913 0.12598425 0.1261498
 0.12631579 0.12648221 0.12664908 0.12681638 0.12698413 0.12715232
 0.12732095 0.12616202 0.12632979 0.126498   0.12666667 0.12683578
 0.12566845 0.12583668 0.12600536 0.1261745  0.12634409 0.12516824
 0.12533693 0.12550607 0.12567568 0.12584574 0.12601626 0.12618725
 0.1263587  0.12653061 0.126703   0.12687585 0.12704918 0.12722298
 0.12739726 0.12757202 0.12774725 0.12792297 0.12809917 0.12827586
 0.12845304 0.12863071 0.12880886 0.12898752 0.12916667 0.12934631
 0.12952646 0.12970711 0.12849162 0.12867133 0.12885154 0.12903226
 0.12921348 0.12939522 0.12957746 0.12976023 0.1299435  0.1301273
 0.12889518 0.12907801 0.12926136 0.12944523 0.12962963 0.12981455
 0.13       0.13018598 0.13037249 0.13055954 0.13074713 0.13093525
 0.13112392 0.13131313 0.1300578  0.13024602 0.13043478 0.13062409
 0.13081395 0.13100437 0.13119534 0.13138686 0.13157895 0.1317716
 0.13196481 0.13215859 0.13235294 0.13254786 0.13274336 0.13293944
 0.13313609 0.13333333 0.13353116 0.13372957 0.13392857 0.13412817
 0.13432836 0.13452915 0.13473054 0.13493253 0.13513514 0.13533835
 0.13554217 0.13574661 0.13595166 0.13615734 0.13636364 0.13657056
 0.13677812 0.1369863  0.13719512 0.13740458 0.13761468 0.13782542
 0.13803681 0.13824885 0.13846154 0.13867488 0.13888889 0.13910355
 0.13931889 0.13953488 0.13975155 0.1399689  0.14018692 0.14040562
 0.140625   0.14084507 0.14106583 0.13971743 0.13836478 0.13858268
 0.13880126 0.13902054 0.13924051 0.13946117 0.13968254 0.13990461
 0.14012739 0.14035088 0.13897764 0.1376     0.13621795 0.1364366
 0.13665595 0.13687601 0.13709677 0.13731826 0.13754045 0.13776337
 0.13636364 0.13658537 0.13680782 0.137031   0.1372549  0.13747954
 0.13770492 0.136289   0.13651316 0.13673806 0.1369637  0.13719008
 0.13741722 0.13764511 0.13787375 0.13810316 0.13833333 0.13689482
 0.13545151 0.13567839 0.13590604 0.13613445 0.13636364 0.13659359
 0.13682432 0.13705584 0.13728814 0.13752122 0.1377551  0.13798978
 0.13822526 0.13846154 0.13869863 0.13893654 0.13917526 0.1394148
 0.13965517 0.13989637 0.14013841 0.14038128 0.13888889 0.13913043
 0.13937282 0.13961606 0.13986014 0.14010508 0.14035088 0.14059754
 0.14084507 0.14109347 0.14134276 0.14159292 0.14184397 0.14209591
 0.14234875 0.1426025  0.14285714 0.1431127  0.14336918 0.14362657
 0.14388489 0.14414414 0.14440433 0.14466546 0.14492754 0.14519056
 0.14545455 0.14571949 0.14416058 0.14442413 0.14468864 0.14495413
 0.14522059 0.14548803 0.14575646 0.14602588 0.1462963  0.14656772
 0.14684015 0.14711359 0.14738806 0.14766355 0.14794007 0.14821764
 0.14849624 0.14877589 0.1490566  0.14933837 0.14962121 0.14990512
 0.14828897 0.14857143 0.14885496 0.14722753 0.14750958 0.14779271
 0.14807692 0.14836224 0.14864865 0.14893617 0.14922481 0.14951456
 0.14980545 0.15009747 0.1484375  0.14872798 0.14901961 0.14931238
 0.1496063  0.14990138 0.15019763 0.15049505 0.15079365 0.14910537
 0.14940239 0.1497006  0.15       0.1503006  0.15060241 0.15090543
 0.15120968 0.15151515 0.14979757 0.15010142 0.1504065  0.15071283
 0.15102041 0.15132924 0.14959016 0.14989733 0.15020576 0.15051546
 0.15082645 0.15113872 0.15145228 0.15176715 0.15208333 0.15031315
 0.15062762 0.14884696 0.14915966 0.14947368 0.14978903 0.15010571
 0.15042373 0.1507431  0.15106383 0.15138593 0.1517094  0.15203426
 0.15236052 0.15268817 0.15301724 0.15334773 0.15367965 0.15401302
 0.15434783 0.1546841  0.15502183 0.15536105 0.15570175 0.15604396
 0.15638767 0.15673289 0.15707965 0.15742794 0.15777778 0.155902
 0.15625    0.15659955 0.15695067 0.15730337 0.15765766 0.15801354
 0.1561086  0.15419501 0.15454545 0.15489749 0.15525114 0.15560641
 0.1559633  0.15632184 0.15668203 0.15704388 0.15740741 0.15545244
 0.15581395 0.15617716 0.15654206 0.15690867 0.157277   0.15764706
 0.15566038 0.15602837 0.1563981  0.1567696  0.15714286 0.15513126
 0.15550239 0.15347722 0.15384615 0.15421687 0.15458937 0.15496368
 0.15533981 0.15571776 0.15609756 0.15647922 0.15686275 0.15724816
 0.15763547 0.15802469 0.15841584 0.15880893 0.15920398 0.15710723
 0.1575     0.15789474 0.15829146 0.15869018 0.15909091 0.15949367
 0.15736041 0.15521628 0.15561224 0.15601023 0.15641026 0.15681234
 0.15721649 0.15762274 0.15803109 0.15844156 0.15885417 0.15926893
 0.15968586 0.15748031 0.15789474 0.15831135 0.15873016 0.15915119
 0.15957447 0.16       0.16042781 0.16085791 0.16129032 0.15902965
 0.15945946 0.15718157 0.1576087  0.15803815 0.15846995 0.15890411
 0.15934066 0.15977961 0.16022099 0.16066482 0.15833333 0.15877437
 0.15921788 0.15966387 0.16011236 0.16056338 0.16101695 0.16147309
 0.16193182 0.16239316 0.16285714 0.16332378 0.16091954 0.16138329
 0.16184971 0.15942029 0.15988372 0.16034985 0.16081871 0.16129032
 0.16176471 0.15929204 0.15976331 0.16023739 0.16071429 0.16119403
 0.16167665 0.16216216 0.1626506  0.16314199 0.16363636 0.16413374
 0.16463415 0.16513761 0.16257669 0.16307692 0.16358025 0.16408669
 0.16459627 0.16510903 0.165625   0.1661442  0.16666667 0.16719243
 0.16772152 0.16825397 0.16878981 0.16932907 0.16666667 0.16720257
 0.16774194 0.16828479 0.16883117 0.16938111 0.16993464 0.16721311
 0.16776316 0.16831683 0.16556291 0.16611296 0.16666667 0.16722408
 0.16778523 0.16498316 0.16554054 0.16610169 0.16326531 0.16040956
 0.1609589  0.1580756  0.15862069 0.15570934 0.15625    0.15679443
 0.15384615 0.15438596 0.15492958 0.15547703 0.15602837 0.15658363
 0.15714286 0.15770609 0.15827338 0.15523466 0.1557971  0.15636364
 0.15328467 0.15384615 0.15441176 0.15498155 0.15555556 0.15613383
 0.15298507 0.15355805 0.15037594 0.1509434  0.15151515 0.15209125
 0.15267176 0.14942529 0.15       0.15057915 0.15116279 0.15175097
 0.15234375 0.15294118 0.15354331 0.1541502  0.1547619  0.15537849
 0.156      0.15662651 0.15725806 0.15789474 0.15853659 0.15918367
 0.15983607 0.16049383 0.16115702 0.15767635 0.15833333 0.15899582
 0.15546218 0.15189873 0.15254237 0.15319149 0.15384615 0.15021459
 0.15086207 0.15151515 0.15217391 0.15283843 0.15350877 0.15418502
 0.15486726 0.15111111 0.15178571 0.14798206 0.14864865 0.14932127
 0.14545455 0.14611872 0.14678899 0.14746544 0.14814815 0.14883721
 0.14953271 0.15023474 0.14622642 0.14218009 0.14285714 0.14354067
 0.14423077 0.14492754 0.14563107 0.14634146 0.14705882 0.14778325
 0.14356436 0.14427861 0.145      0.14572864 0.14646465 0.14720812
 0.14795918 0.14871795 0.14948454 0.14507772 0.14583333 0.14659686
 0.14736842 0.14814815 0.14893617 0.14973262 0.14516129 0.14054054
 0.14130435 0.1420765  0.14285714 0.13812155 0.13888889 0.1396648
 0.13483146 0.1299435  0.13068182 0.13142857 0.13218391 0.13294798
 0.13372093 0.13450292 0.13529412 0.13609467 0.13690476 0.13772455
 0.13855422 0.13939394 0.1402439  0.14110429 0.14197531 0.13664596
 0.13125    0.13207547 0.13291139 0.13375796 0.13461538 0.13548387
 0.12987013 0.13071895 0.13157895 0.13245033 0.13333333 0.12751678
 0.12837838 0.1292517  0.13013699 0.12413793 0.125      0.11888112
 0.11971831 0.11347518 0.11428571 0.11510791 0.11594203 0.11678832
 0.11764706 0.11851852 0.11940299 0.11278195 0.11363636 0.11450382
 0.11538462 0.10852713 0.109375   0.11023622 0.11111111 0.112
 0.11290323 0.11382114 0.1147541  0.11570248 0.11666667 0.11764706
 0.11864407 0.11965812 0.12068966 0.11304348 0.10526316 0.10619469
 0.10714286 0.10810811 0.10909091 0.11009174 0.11111111 0.11214953
 0.11320755 0.1047619  0.10576923 0.10679612 0.10784314 0.10891089
 0.11       0.11111111 0.1122449  0.11340206 0.10416667 0.10526316
 0.10638298 0.10752688 0.10869565 0.10989011 0.1        0.1011236
 0.10227273 0.10344828 0.10465116 0.10588235 0.10714286 0.10843373
 0.09756098 0.09876543 0.0875     0.08860759 0.08974359 0.09090909
 0.09210526 0.09333333 0.08108108 0.08219178 0.08333333 0.08450704
 0.08571429 0.08695652 0.08823529 0.08955224 0.07575758 0.07692308
 0.078125   0.07936508 0.08064516 0.08196721 0.08333333 0.08474576
 0.0862069  0.0877193  0.07142857 0.07272727 0.07407407 0.0754717
 0.07692308 0.07843137 0.08       0.08163265 0.08333333 0.08510638
 0.08695652 0.08888889 0.09090909 0.09302326 0.0952381  0.09756098
 0.075      0.07692308 0.07894737 0.08108108 0.08333333 0.08571429
 0.08823529 0.09090909 0.09375    0.09677419 0.1        0.10344828
 0.10714286 0.11111111 0.11538462 0.12       0.125      0.13043478
 0.09090909 0.0952381  0.1        0.10526316 0.11111111 0.05882353
 0.0625     0.06666667 0.07142857 0.07692308 0.08333333 0.
 0.         0.         0.         0.         0.         0.
 0.         0.         0.         0.         1.        ]","[1.         1.         1.         1.         1.         1.
 0.99107143 0.99107143 0.99107143 0.99107143 0.99107143 0.99107143
 0.99107143 0.99107143 0.99107143 0.99107143 0.99107143 0.99107143
 0.99107143 0.99107143 0.98214286 0.98214286 0.98214286 0.98214286
 0.98214286 0.98214286 0.98214286 0.98214286 0.98214286 0.98214286
 0.98214286 0.98214286 0.98214286 0.98214286 0.98214286 0.98214286
 0.98214286 0.97321429 0.97321429 0.97321429 0.97321429 0.97321429
 0.97321429 0.97321429 0.97321429 0.97321429 0.97321429 0.97321429
 0.97321429 0.97321429 0.97321429 0.97321429 0.97321429 0.97321429
 0.97321429 0.97321429 0.97321429 0.97321429 0.97321429 0.97321429
 0.96428571 0.96428571 0.96428571 0.96428571 0.96428571 0.96428571
 0.96428571 0.95535714 0.95535714 0.95535714 0.95535714 0.94642857
 0.94642857 0.94642857 0.94642857 0.94642857 0.94642857 0.94642857
 0.94642857 0.94642857 0.94642857 0.94642857 0.94642857 0.94642857
 0.94642857 0.94642857 0.94642857 0.94642857 0.94642857 0.94642857
 0.9375     0.9375     0.9375     0.9375     0.9375     0.9375
 0.92857143 0.92857143 0.92857143 0.92857143 0.92857143 0.92857143
 0.92857143 0.92857143 0.92857143 0.92857143 0.92857143 0.92857143
 0.92857143 0.92857143 0.92857143 0.92857143 0.91964286 0.91964286
 0.91964286 0.91964286 0.91964286 0.91964286 0.91964286 0.91964286
 0.91964286 0.91964286 0.91964286 0.91964286 0.91964286 0.91964286
 0.91964286 0.91964286 0.91964286 0.91964286 0.91964286 0.91964286
 0.91964286 0.91964286 0.91071429 0.91071429 0.91071429 0.91071429
 0.91071429 0.91071429 0.91071429 0.91071429 0.91071429 0.91071429
 0.91071429 0.91071429 0.91071429 0.91071429 0.91071429 0.91071429
 0.91071429 0.91071429 0.90178571 0.90178571 0.90178571 0.90178571
 0.90178571 0.90178571 0.90178571 0.90178571 0.90178571 0.90178571
 0.90178571 0.90178571 0.90178571 0.90178571 0.90178571 0.90178571
 0.90178571 0.90178571 0.90178571 0.90178571 0.89285714 0.88392857
 0.88392857 0.875      0.875      0.875      0.875      0.875
 0.86607143 0.86607143 0.86607143 0.86607143 0.86607143 0.86607143
 0.85714286 0.85714286 0.85714286 0.85714286 0.85714286 0.85714286
 0.85714286 0.85714286 0.85714286 0.85714286 0.85714286 0.85714286
 0.85714286 0.85714286 0.85714286 0.85714286 0.85714286 0.85714286
 0.85714286 0.85714286 0.85714286 0.85714286 0.85714286 0.85714286
 0.85714286 0.84821429 0.84821429 0.84821429 0.84821429 0.84821429
 0.83928571 0.83928571 0.83928571 0.83928571 0.83928571 0.83035714
 0.83035714 0.83035714 0.83035714 0.83035714 0.83035714 0.83035714
 0.83035714 0.83035714 0.83035714 0.83035714 0.83035714 0.83035714
 0.83035714 0.83035714 0.83035714 0.83035714 0.83035714 0.83035714
 0.83035714 0.83035714 0.83035714 0.83035714 0.83035714 0.83035714
 0.83035714 0.83035714 0.82142857 0.82142857 0.82142857 0.82142857
 0.82142857 0.82142857 0.82142857 0.82142857 0.82142857 0.82142857
 0.8125     0.8125     0.8125     0.8125     0.8125     0.8125
 0.8125     0.8125     0.8125     0.8125     0.8125     0.8125
 0.8125     0.8125     0.80357143 0.80357143 0.80357143 0.80357143
 0.80357143 0.80357143 0.80357143 0.80357143 0.80357143 0.80357143
 0.80357143 0.80357143 0.80357143 0.80357143 0.80357143 0.80357143
 0.80357143 0.80357143 0.80357143 0.80357143 0.80357143 0.80357143
 0.80357143 0.80357143 0.80357143 0.80357143 0.80357143 0.80357143
 0.80357143 0.80357143 0.80357143 0.80357143 0.80357143 0.80357143
 0.80357143 0.80357143 0.80357143 0.80357143 0.80357143 0.80357143
 0.80357143 0.80357143 0.80357143 0.80357143 0.80357143 0.80357143
 0.80357143 0.80357143 0.80357143 0.80357143 0.80357143 0.80357143
 0.80357143 0.80357143 0.80357143 0.79464286 0.78571429 0.78571429
 0.78571429 0.78571429 0.78571429 0.78571429 0.78571429 0.78571429
 0.78571429 0.78571429 0.77678571 0.76785714 0.75892857 0.75892857
 0.75892857 0.75892857 0.75892857 0.75892857 0.75892857 0.75892857
 0.75       0.75       0.75       0.75       0.75       0.75
 0.75       0.74107143 0.74107143 0.74107143 0.74107143 0.74107143
 0.74107143 0.74107143 0.74107143 0.74107143 0.74107143 0.73214286
 0.72321429 0.72321429 0.72321429 0.72321429 0.72321429 0.72321429
 0.72321429 0.72321429 0.72321429 0.72321429 0.72321429 0.72321429
 0.72321429 0.72321429 0.72321429 0.72321429 0.72321429 0.72321429
 0.72321429 0.72321429 0.72321429 0.72321429 0.71428571 0.71428571
 0.71428571 0.71428571 0.71428571 0.71428571 0.71428571 0.71428571
 0.71428571 0.71428571 0.71428571 0.71428571 0.71428571 0.71428571
 0.71428571 0.71428571 0.71428571 0.71428571 0.71428571 0.71428571
 0.71428571 0.71428571 0.71428571 0.71428571 0.71428571 0.71428571
 0.71428571 0.71428571 0.70535714 0.70535714 0.70535714 0.70535714
 0.70535714 0.70535714 0.70535714 0.70535714 0.70535714 0.70535714
 0.70535714 0.70535714 0.70535714 0.70535714 0.70535714 0.70535714
 0.70535714 0.70535714 0.70535714 0.70535714 0.70535714 0.70535714
 0.69642857 0.69642857 0.69642857 0.6875     0.6875     0.6875
 0.6875     0.6875     0.6875     0.6875     0.6875     0.6875
 0.6875     0.6875     0.67857143 0.67857143 0.67857143 0.67857143
 0.67857143 0.67857143 0.67857143 0.67857143 0.67857143 0.66964286
 0.66964286 0.66964286 0.66964286 0.66964286 0.66964286 0.66964286
 0.66964286 0.66964286 0.66071429 0.66071429 0.66071429 0.66071429
 0.66071429 0.66071429 0.65178571 0.65178571 0.65178571 0.65178571
 0.65178571 0.65178571 0.65178571 0.65178571 0.65178571 0.64285714
 0.64285714 0.63392857 0.63392857 0.63392857 0.63392857 0.63392857
 0.63392857 0.63392857 0.63392857 0.63392857 0.63392857 0.63392857
 0.63392857 0.63392857 0.63392857 0.63392857 0.63392857 0.63392857
 0.63392857 0.63392857 0.63392857 0.63392857 0.63392857 0.63392857
 0.63392857 0.63392857 0.63392857 0.63392857 0.63392857 0.625
 0.625      0.625      0.625      0.625      0.625      0.625
 0.61607143 0.60714286 0.60714286 0.60714286 0.60714286 0.60714286
 0.60714286 0.60714286 0.60714286 0.60714286 0.60714286 0.59821429
 0.59821429 0.59821429 0.59821429 0.59821429 0.59821429 0.59821429
 0.58928571 0.58928571 0.58928571 0.58928571 0.58928571 0.58035714
 0.58035714 0.57142857 0.57142857 0.57142857 0.57142857 0.57142857
 0.57142857 0.57142857 0.57142857 0.57142857 0.57142857 0.57142857
 0.57142857 0.57142857 0.57142857 0.57142857 0.57142857 0.5625
 0.5625     0.5625     0.5625     0.5625     0.5625     0.5625
 0.55357143 0.54464286 0.54464286 0.54464286 0.54464286 0.54464286
 0.54464286 0.54464286 0.54464286 0.54464286 0.54464286 0.54464286
 0.54464286 0.53571429 0.53571429 0.53571429 0.53571429 0.53571429
 0.53571429 0.53571429 0.53571429 0.53571429 0.53571429 0.52678571
 0.52678571 0.51785714 0.51785714 0.51785714 0.51785714 0.51785714
 0.51785714 0.51785714 0.51785714 0.51785714 0.50892857 0.50892857
 0.50892857 0.50892857 0.50892857 0.50892857 0.50892857 0.50892857
 0.50892857 0.50892857 0.50892857 0.50892857 0.5        0.5
 0.5        0.49107143 0.49107143 0.49107143 0.49107143 0.49107143
 0.49107143 0.48214286 0.48214286 0.48214286 0.48214286 0.48214286
 0.48214286 0.48214286 0.48214286 0.48214286 0.48214286 0.48214286
 0.48214286 0.48214286 0.47321429 0.47321429 0.47321429 0.47321429
 0.47321429 0.47321429 0.47321429 0.47321429 0.47321429 0.47321429
 0.47321429 0.47321429 0.47321429 0.47321429 0.46428571 0.46428571
 0.46428571 0.46428571 0.46428571 0.46428571 0.46428571 0.45535714
 0.45535714 0.45535714 0.44642857 0.44642857 0.44642857 0.44642857
 0.44642857 0.4375     0.4375     0.4375     0.42857143 0.41964286
 0.41964286 0.41071429 0.41071429 0.40178571 0.40178571 0.40178571
 0.39285714 0.39285714 0.39285714 0.39285714 0.39285714 0.39285714
 0.39285714 0.39285714 0.39285714 0.38392857 0.38392857 0.38392857
 0.375      0.375      0.375      0.375      0.375      0.375
 0.36607143 0.36607143 0.35714286 0.35714286 0.35714286 0.35714286
 0.35714286 0.34821429 0.34821429 0.34821429 0.34821429 0.34821429
 0.34821429 0.34821429 0.34821429 0.34821429 0.34821429 0.34821429
 0.34821429 0.34821429 0.34821429 0.34821429 0.34821429 0.34821429
 0.34821429 0.34821429 0.34821429 0.33928571 0.33928571 0.33928571
 0.33035714 0.32142857 0.32142857 0.32142857 0.32142857 0.3125
 0.3125     0.3125     0.3125     0.3125     0.3125     0.3125
 0.3125     0.30357143 0.30357143 0.29464286 0.29464286 0.29464286
 0.28571429 0.28571429 0.28571429 0.28571429 0.28571429 0.28571429
 0.28571429 0.28571429 0.27678571 0.26785714 0.26785714 0.26785714
 0.26785714 0.26785714 0.26785714 0.26785714 0.26785714 0.26785714
 0.25892857 0.25892857 0.25892857 0.25892857 0.25892857 0.25892857
 0.25892857 0.25892857 0.25892857 0.25       0.25       0.25
 0.25       0.25       0.25       0.25       0.24107143 0.23214286
 0.23214286 0.23214286 0.23214286 0.22321429 0.22321429 0.22321429
 0.21428571 0.20535714 0.20535714 0.20535714 0.20535714 0.20535714
 0.20535714 0.20535714 0.20535714 0.20535714 0.20535714 0.20535714
 0.20535714 0.20535714 0.20535714 0.20535714 0.20535714 0.19642857
 0.1875     0.1875     0.1875     0.1875     0.1875     0.1875
 0.17857143 0.17857143 0.17857143 0.17857143 0.17857143 0.16964286
 0.16964286 0.16964286 0.16964286 0.16071429 0.16071429 0.15178571
 0.15178571 0.14285714 0.14285714 0.14285714 0.14285714 0.14285714
 0.14285714 0.14285714 0.14285714 0.13392857 0.13392857 0.13392857
 0.13392857 0.125      0.125      0.125      0.125      0.125
 0.125      0.125      0.125      0.125      0.125      0.125
 0.125      0.125      0.125      0.11607143 0.10714286 0.10714286
 0.10714286 0.10714286 0.10714286 0.10714286 0.10714286 0.10714286
 0.10714286 0.09821429 0.09821429 0.09821429 0.09821429 0.09821429
 0.09821429 0.09821429 0.09821429 0.09821429 0.08928571 0.08928571
 0.08928571 0.08928571 0.08928571 0.08928571 0.08035714 0.08035714
 0.08035714 0.08035714 0.08035714 0.08035714 0.08035714 0.08035714
 0.07142857 0.07142857 0.0625     0.0625     0.0625     0.0625
 0.0625     0.0625     0.05357143 0.05357143 0.05357143 0.05357143
 0.05357143 0.05357143 0.05357143 0.05357143 0.04464286 0.04464286
 0.04464286 0.04464286 0.04464286 0.04464286 0.04464286 0.04464286
 0.04464286 0.04464286 0.03571429 0.03571429 0.03571429 0.03571429
 0.03571429 0.03571429 0.03571429 0.03571429 0.03571429 0.03571429
 0.03571429 0.03571429 0.03571429 0.03571429 0.03571429 0.03571429
 0.02678571 0.02678571 0.02678571 0.02678571 0.02678571 0.02678571
 0.02678571 0.02678571 0.02678571 0.02678571 0.02678571 0.02678571
 0.02678571 0.02678571 0.02678571 0.02678571 0.02678571 0.02678571
 0.01785714 0.01785714 0.01785714 0.01785714 0.01785714 0.00892857
 0.00892857 0.00892857 0.00892857 0.00892857 0.00892857 0.
 0.         0.         0.         0.         0.         0.
 0.         0.         0.         0.         0.        ]","[3.70664664e-16 5.47174541e-15 2.46671430e-14 2.98296124e-14
 6.82369888e-14 8.10422819e-14 1.00411430e-13 1.41490906e-13
 1.52004006e-13 1.88216158e-13 2.34335124e-13 2.92215465e-13
 3.71465654e-13 4.21162288e-13 4.58355264e-13 5.94350720e-13
 1.32346593e-12 2.12548661e-12 2.13397414e-12 2.15861053e-12
 2.19028348e-12 2.33324494e-12 2.36213817e-12 2.40641116e-12
 3.10455377e-12 3.20965728e-12 3.56626200e-12 3.59469351e-12
 3.69811815e-12 4.26026206e-12 4.65805461e-12 4.77337030e-12
 4.77563835e-12 4.80672161e-12 5.51861720e-12 5.76212918e-12
 5.90559984e-12 6.21887311e-12 8.32607994e-12 8.39057420e-12
 8.73109149e-12 9.27778906e-12 1.07402761e-11 1.14477854e-11
 1.15935358e-11 1.16963726e-11 1.32717347e-11 1.39246328e-11
 1.39686147e-11 1.43113263e-11 1.50361581e-11 1.53371577e-11
 1.54577770e-11 1.60391197e-11 1.72128879e-11 1.73800888e-11
 1.78124399e-11 1.93578283e-11 2.10284300e-11 2.35696501e-11
 2.66047553e-11 2.72793431e-11 2.85801645e-11 3.11805770e-11
 3.18943300e-11 3.33676207e-11 3.50013941e-11 3.67013051e-11
 3.77015000e-11 4.03125435e-11 4.22596742e-11 4.57156086e-11
 5.12020884e-11 5.14294225e-11 5.24356400e-11 5.78058904e-11
 6.27906503e-11 7.43414744e-11 7.53131606e-11 7.69554306e-11
 7.86464301e-11 8.67447276e-11 9.17090500e-11 9.46861860e-11
 9.59966526e-11 9.74353292e-11 9.98082628e-11 1.05105574e-10
 1.08675755e-10 1.09859658e-10 1.15310104e-10 1.19380237e-10
 1.19887071e-10 1.22012371e-10 1.23815395e-10 1.28113493e-10
 1.34140982e-10 1.34878290e-10 1.38368510e-10 1.40591913e-10
 1.49135755e-10 1.57239056e-10 1.61444735e-10 1.66623438e-10
 1.69267335e-10 1.74031446e-10 1.77005481e-10 1.78449394e-10
 1.83939373e-10 1.85713447e-10 2.07722050e-10 2.13998845e-10
 2.18934231e-10 2.21123363e-10 2.24979428e-10 2.32545671e-10
 2.37636022e-10 2.37961205e-10 2.40025452e-10 2.42990610e-10
 2.51642289e-10 2.66984040e-10 2.88439560e-10 3.21216842e-10
 3.51189153e-10 3.63352833e-10 3.76741571e-10 3.84773140e-10
 4.09380165e-10 4.11731801e-10 4.25061884e-10 4.34723670e-10
 4.49174714e-10 4.52714524e-10 4.54829250e-10 4.75109576e-10
 4.78985623e-10 4.97216203e-10 4.99814904e-10 5.05779351e-10
 5.27503336e-10 5.40233412e-10 5.49459597e-10 5.68156955e-10
 6.34701671e-10 6.63149315e-10 6.67582708e-10 6.88098547e-10
 7.20442694e-10 8.09312330e-10 8.49667647e-10 8.67435391e-10
 8.96969906e-10 8.99488028e-10 9.14638785e-10 9.29368641e-10
 9.63953391e-10 9.72924132e-10 9.76911011e-10 1.00777620e-09
 1.02581266e-09 1.04176646e-09 1.04214999e-09 1.04923583e-09
 1.05041904e-09 1.09076461e-09 1.19097628e-09 1.22598920e-09
 1.23772432e-09 1.67146362e-09 1.78599855e-09 1.84171455e-09
 1.89374475e-09 1.91375761e-09 1.95535825e-09 1.97320681e-09
 2.09707147e-09 2.11223999e-09 2.18681774e-09 2.24329216e-09
 2.28097558e-09 2.29537286e-09 2.32077461e-09 2.42301855e-09
 2.61090977e-09 2.66464132e-09 2.68147969e-09 2.82873770e-09
 2.84644626e-09 2.85098387e-09 2.85215618e-09 2.86030722e-09
 2.94944834e-09 2.96900067e-09 3.19475574e-09 3.33367114e-09
 3.86707362e-09 4.07584294e-09 4.26764625e-09 4.41953069e-09
 4.47560876e-09 4.58586818e-09 5.03346365e-09 5.21543086e-09
 5.40284566e-09 5.77509756e-09 6.02117068e-09 6.33724307e-09
 6.92568752e-09 7.12760939e-09 7.31558083e-09 7.32512668e-09
 7.33536871e-09 7.37931936e-09 7.61254491e-09 7.93445971e-09
 8.01272549e-09 8.03147907e-09 8.64077347e-09 8.64171369e-09
 8.69355451e-09 8.72221201e-09 8.83727900e-09 9.09091221e-09
 9.36929481e-09 1.02673143e-08 1.03041979e-08 1.03673973e-08
 1.04055460e-08 1.08594162e-08 1.09496862e-08 1.09548987e-08
 1.19701777e-08 1.27688214e-08 1.31108604e-08 1.32057871e-08
 1.38128181e-08 1.49310910e-08 1.58446007e-08 1.59363823e-08
 1.60506794e-08 1.66326507e-08 1.68057206e-08 1.69049627e-08
 1.69764893e-08 1.72354696e-08 1.73337617e-08 1.73727866e-08
 1.82564392e-08 1.83096628e-08 1.83115458e-08 1.86887093e-08
 1.87715760e-08 1.94449554e-08 1.97476860e-08 2.09777887e-08
 2.11476902e-08 2.11961202e-08 2.14201404e-08 2.21328435e-08
 2.21360890e-08 2.23579246e-08 2.23692300e-08 2.24403105e-08
 2.24608510e-08 2.31629352e-08 2.37785011e-08 2.39031607e-08
 2.39193334e-08 2.42352574e-08 2.44805541e-08 2.47154166e-08
 2.54361074e-08 2.60902032e-08 2.60925309e-08 2.62115664e-08
 2.66025519e-08 2.67922021e-08 2.75996030e-08 2.80270315e-08
 2.81742525e-08 2.83207808e-08 2.88893516e-08 2.95880654e-08
 2.96957957e-08 3.01008354e-08 3.02046884e-08 3.22395610e-08
 3.24448602e-08 3.32694995e-08 3.54239673e-08 3.54666203e-08
 3.84822854e-08 3.91299495e-08 3.97101507e-08 4.01999457e-08
 4.12208926e-08 4.16701858e-08 4.19141414e-08 4.20951247e-08
 4.54091002e-08 4.56191109e-08 4.59123260e-08 4.69325043e-08
 4.70893235e-08 4.76113595e-08 4.79951316e-08 4.85238189e-08
 4.85299145e-08 4.97573711e-08 5.00345664e-08 5.02229311e-08
 5.03723077e-08 5.06082269e-08 5.07155817e-08 5.13551291e-08
 5.45790905e-08 5.96366107e-08 6.06791230e-08 6.08327479e-08
 6.18125870e-08 7.06177159e-08 7.09549409e-08 7.12311129e-08
 7.32298433e-08 7.39315332e-08 7.44628955e-08 7.83973958e-08
 7.96054987e-08 8.01537898e-08 8.28517915e-08 8.33803562e-08
 8.35984249e-08 8.39322230e-08 8.42210368e-08 8.59373796e-08
 8.78037309e-08 8.84772476e-08 9.11957605e-08 9.42684828e-08
 9.54236290e-08 1.03705113e-07 1.05242373e-07 1.10854428e-07
 1.13051867e-07 1.16278225e-07 1.17459069e-07 1.19830144e-07
 1.20158963e-07 1.22011218e-07 1.27272996e-07 1.28157980e-07
 1.37541469e-07 1.40495051e-07 1.43444163e-07 1.44978471e-07
 1.47290642e-07 1.50525206e-07 1.51911990e-07 1.60408874e-07
 1.61510446e-07 1.65107176e-07 1.66250617e-07 1.70246836e-07
 1.75182984e-07 1.79368878e-07 1.80745680e-07 1.87674805e-07
 1.89953097e-07 1.91542039e-07 1.94123210e-07 2.00162874e-07
 2.01311470e-07 2.08515756e-07 2.12436611e-07 2.16527566e-07
 2.22565921e-07 2.25448212e-07 2.37043511e-07 2.50767859e-07
 2.55195803e-07 2.55894169e-07 2.58442757e-07 2.63803073e-07
 2.64167234e-07 2.65867248e-07 2.70037304e-07 2.72071103e-07
 2.80416853e-07 2.83980136e-07 2.99765686e-07 3.03166203e-07
 3.03282432e-07 3.04228166e-07 3.04561802e-07 3.14716937e-07
 3.17995863e-07 3.24238661e-07 3.29282597e-07 3.32195153e-07
 3.35809755e-07 3.42237329e-07 3.43096133e-07 3.60959042e-07
 3.63683549e-07 3.71150808e-07 3.71974687e-07 3.73875524e-07
 3.86426062e-07 3.87186170e-07 3.90875704e-07 3.94212834e-07
 3.98279038e-07 4.16068674e-07 4.19752787e-07 4.39776489e-07
 4.43943421e-07 4.51005565e-07 4.81794202e-07 4.83757436e-07
 4.91507001e-07 4.92069980e-07 4.98357804e-07 5.19493408e-07
 5.25719358e-07 5.31799290e-07 5.41833895e-07 5.76180263e-07
 5.97595671e-07 5.98157688e-07 6.34619827e-07 6.58014313e-07
 6.61809934e-07 6.77331243e-07 6.88061332e-07 6.90439972e-07
 7.08110709e-07 7.13855778e-07 7.16219423e-07 7.25459088e-07
 7.67906207e-07 8.01119040e-07 8.06110959e-07 8.29657900e-07
 8.53241026e-07 8.62497808e-07 8.74540714e-07 8.84184411e-07
 9.15084285e-07 9.23525579e-07 9.54476231e-07 9.64041740e-07
 9.64589632e-07 9.84489592e-07 9.86521472e-07 9.88942967e-07
 1.03379851e-06 1.03405658e-06 1.04656913e-06 1.04717277e-06
 1.05716956e-06 1.08403196e-06 1.10660002e-06 1.13707389e-06
 1.18474933e-06 1.18979000e-06 1.22729685e-06 1.22920655e-06
 1.23306063e-06 1.30556953e-06 1.31875781e-06 1.32740317e-06
 1.35253262e-06 1.36083358e-06 1.44723795e-06 1.44901845e-06
 1.51762180e-06 1.52624296e-06 1.55976558e-06 1.60461452e-06
 1.61542887e-06 1.68206279e-06 1.68552461e-06 1.71900068e-06
 1.75249359e-06 1.79722951e-06 1.82149713e-06 1.84563178e-06
 1.84917556e-06 1.89574238e-06 1.92989849e-06 1.94255058e-06
 1.97070136e-06 2.01229691e-06 2.01958362e-06 2.04325670e-06
 2.06523178e-06 2.06963576e-06 2.08653156e-06 2.10458495e-06
 2.13448575e-06 2.45957623e-06 2.48665532e-06 2.48925769e-06
 2.49350973e-06 2.54930065e-06 2.57605898e-06 2.68390615e-06
 2.72520516e-06 2.84695243e-06 2.92206145e-06 2.95354327e-06
 3.00779439e-06 3.04319882e-06 3.12762411e-06 3.13057430e-06
 3.35675427e-06 3.44084404e-06 3.48053898e-06 3.58632249e-06
 3.60955832e-06 3.70301056e-06 4.15648199e-06 4.34165677e-06
 4.39913294e-06 4.54639425e-06 4.55488952e-06 4.57561049e-06
 4.61886558e-06 4.75615128e-06 4.81720275e-06 4.81914839e-06
 4.96400734e-06 5.00188140e-06 5.55123698e-06 5.69331207e-06
 5.95867949e-06 6.41986931e-06 6.66017639e-06 6.76377104e-06
 6.89978085e-06 7.00857854e-06 7.25760000e-06 7.47063058e-06
 7.86938298e-06 7.95000231e-06 8.09324651e-06 8.09605439e-06
 8.40656580e-06 8.65081803e-06 8.85747998e-06 8.94919389e-06
 8.96874208e-06 9.04781991e-06 9.59458513e-06 9.69192733e-06
 1.00211404e-05 1.02324638e-05 1.02743070e-05 1.03536276e-05
 1.07892216e-05 1.09846105e-05 1.10087480e-05 1.17258113e-05
 1.25010670e-05 1.25145593e-05 1.27945113e-05 1.33688130e-05
 1.37140637e-05 1.37543547e-05 1.38203290e-05 1.41216645e-05
 1.45980452e-05 1.49900352e-05 1.57145786e-05 1.59034407e-05
 1.71118829e-05 1.77380345e-05 1.83874140e-05 1.83882475e-05
 1.84953300e-05 1.87538430e-05 1.90003032e-05 1.95568180e-05
 1.95740082e-05 2.01244191e-05 2.15351031e-05 2.26904234e-05
 2.37501573e-05 2.38390660e-05 2.40256240e-05 2.41710479e-05
 2.44339502e-05 2.63031126e-05 2.92805681e-05 2.99947119e-05
 3.04756341e-05 3.16306784e-05 3.52272967e-05 3.58503490e-05
 3.60373051e-05 3.66688350e-05 3.75071824e-05 3.94860661e-05
 3.98662293e-05 4.06700952e-05 4.18374078e-05 4.35033981e-05
 4.48748628e-05 4.81474562e-05 4.83354805e-05 4.97356631e-05
 5.09914029e-05 5.33354142e-05 5.36040485e-05 5.71487846e-05
 6.28379365e-05 6.50092708e-05 6.62941897e-05 6.87684383e-05
 7.04447010e-05 7.07261775e-05 7.17001202e-05 7.26628279e-05
 7.33495100e-05 7.39870139e-05 8.44515280e-05 8.59812997e-05
 8.66678163e-05 9.23994617e-05 9.50633552e-05 9.72217387e-05
 9.90678266e-05 9.91650201e-05 1.01071366e-04 1.07668915e-04
 1.14250859e-04 1.14705629e-04 1.19588212e-04 1.22338851e-04
 1.24879921e-04 1.25075687e-04 1.27439552e-04 1.30494981e-04
 1.32467384e-04 1.42695299e-04 1.43708816e-04 1.44463955e-04
 1.46388831e-04 1.47713566e-04 1.64914182e-04 1.66347664e-04
 1.69423667e-04 1.84402956e-04 1.92622311e-04 1.96527675e-04
 1.99587132e-04 2.04165784e-04 2.17816693e-04 2.28700373e-04
 2.41419416e-04 2.47907532e-04 2.53395667e-04 2.62533544e-04
 2.72206360e-04 2.76367753e-04 2.77840651e-04 2.80605996e-04
 2.97161260e-04 3.00899943e-04 3.02489283e-04 3.26816485e-04
 3.33623911e-04 3.37521083e-04 3.42430874e-04 3.43724529e-04
 3.50376920e-04 4.02940344e-04 4.17760786e-04 4.19708615e-04
 4.26691349e-04 4.29660241e-04 4.32386073e-04 4.36335432e-04
 4.44629851e-04 4.47924947e-04 4.59789846e-04 4.61728269e-04
 4.61998341e-04 4.70125240e-04 4.75966497e-04 5.10940377e-04
 5.88670714e-04 6.17359492e-04 6.21726055e-04 6.24375715e-04
 6.51376342e-04 6.55601979e-04 6.82848527e-04 7.22797994e-04
 7.38984532e-04 7.79641153e-04 7.80053155e-04 7.96591756e-04
 8.12185057e-04 8.33444777e-04 8.45884782e-04 9.10460032e-04
 9.23785649e-04 9.68600803e-04 9.69658903e-04 1.05673661e-03
 1.07974136e-03 1.12101504e-03 1.12415659e-03 1.16058013e-03
 1.16606556e-03 1.21552921e-03 1.25499467e-03 1.25760804e-03
 1.28493023e-03 1.30407367e-03 1.30944009e-03 1.31912000e-03
 1.34075122e-03 1.37830305e-03 1.40919458e-03 1.41362648e-03
 1.42953794e-03 1.43203242e-03 1.61938258e-03 1.63024968e-03
 1.72543572e-03 1.76491432e-03 1.81472732e-03 1.81837098e-03
 1.94184150e-03 1.96660759e-03 2.01988710e-03 2.05005614e-03
 2.13163072e-03 2.14406029e-03 2.19390691e-03 2.22148214e-03
 2.39594355e-03 2.41972808e-03 2.45873366e-03 2.53507677e-03
 2.56352601e-03 2.89105334e-03 2.98038028e-03 3.44649457e-03
 3.50624284e-03 3.88720677e-03 4.08221779e-03 4.25592379e-03
 4.59097888e-03 4.60017469e-03 4.93712100e-03 5.33217280e-03
 5.34215311e-03 5.40158654e-03 5.46096312e-03 5.75758312e-03
 5.90621501e-03 6.54074367e-03 6.94976357e-03 6.99886776e-03
 7.00017180e-03 7.05481477e-03 8.16294615e-03 8.70100468e-03
 9.37086416e-03 9.78011446e-03 1.08863811e-02 1.13069856e-02
 1.19208777e-02 1.22779052e-02 1.26091420e-02 1.26783935e-02
 1.36043003e-02 1.36897956e-02 1.38650529e-02 1.40717939e-02
 1.57483781e-02 1.59093302e-02 1.63253059e-02 1.70237552e-02
 1.77006729e-02 1.99694558e-02 1.99799475e-02 2.00315560e-02
 2.06217242e-02 2.06680877e-02 2.08680965e-02 2.21147720e-02
 2.34572154e-02 2.39777594e-02 2.54008453e-02 2.60429321e-02
 2.67955545e-02 2.76977497e-02 3.09334688e-02 3.12033603e-02
 3.24997948e-02 3.50043839e-02 3.63575497e-02 3.84723726e-02
 4.10364323e-02 4.11489199e-02 4.36024627e-02 4.98291172e-02
 5.05289263e-02 5.08678028e-02 5.11377058e-02 5.24998224e-02
 6.00393630e-02 6.86891987e-02 7.02593899e-02 7.12248782e-02
 7.25029526e-02 7.27024097e-02 7.30070036e-02 7.34609902e-02
 7.65729977e-02 7.80243630e-02 7.97793391e-02 8.06633952e-02
 8.94339570e-02 9.03395872e-02 9.95071331e-02 9.98302421e-02
 1.15883556e-01 1.20371819e-01 1.26614860e-01 1.27838138e-01
 1.29025439e-01 1.33744121e-01 1.52423081e-01 1.55052159e-01
 1.56840352e-01 1.63537839e-01 1.66758297e-01 1.71953747e-01
 1.78871989e-01 1.81554986e-01 1.83689176e-01 1.88227155e-01
 2.03850810e-01 2.08228795e-01 2.09309019e-01 2.18284240e-01
 2.22158424e-01 2.24249140e-01 2.45509201e-01 2.48689577e-01
 2.60158203e-01 3.27824151e-01 3.57912180e-01 3.92770358e-01
 4.27228999e-01 4.29227280e-01 4.31885311e-01 4.38512172e-01
 4.44023804e-01 4.44876722e-01 4.64302131e-01 4.83167512e-01
 4.87872564e-01 5.20444517e-01 5.25792703e-01 5.30218458e-01
 5.30354369e-01 5.31078676e-01 5.66698162e-01 6.08996994e-01
 6.14827539e-01 6.43182708e-01 6.54068595e-01 6.88574847e-01
 6.92694567e-01 7.10758907e-01 7.22205601e-01 7.36179569e-01
 7.37064423e-01 7.46627581e-01 7.62028063e-01 7.71671256e-01
 7.86922604e-01 7.89622550e-01 8.18891346e-01 8.19027486e-01
 8.45728268e-01 8.56737396e-01 8.57251958e-01 8.58614163e-01
 8.64874735e-01 8.67914977e-01 8.69939039e-01 8.82360076e-01
 9.03351752e-01 9.09141989e-01 9.16822157e-01 9.35391188e-01
 9.35859472e-01 9.36275205e-01 9.42934000e-01 9.44434621e-01
 9.52206622e-01 9.52212286e-01 9.56164571e-01 9.58766475e-01
 9.61162647e-01 9.61341456e-01 9.62026101e-01 9.72148283e-01
 9.72691280e-01 9.73839139e-01 9.76168750e-01 9.76708698e-01
 9.77579725e-01 9.82181441e-01 9.82494223e-01 9.82867532e-01
 9.82883057e-01 9.83938165e-01 9.84191179e-01 9.85417364e-01
 9.87517118e-01 9.89567798e-01 9.91353276e-01 9.92537486e-01
 9.96553154e-01 9.98133765e-01 9.98247252e-01 9.98275283e-01
 9.98807723e-01 9.99293330e-01 9.99366932e-01 9.99680907e-01
 9.99709400e-01 9.99740289e-01 9.99801081e-01 9.99813938e-01
 9.99840980e-01 9.99844813e-01 9.99908768e-01 9.99925291e-01
 9.99933783e-01 9.99950030e-01 9.99952910e-01 9.99977483e-01
 9.99982067e-01 9.99982120e-01 9.99998174e-01 9.99998737e-01
 9.99998962e-01 9.99999287e-01 9.99999956e-01 9.99999989e-01
 9.99999997e-01 9.99999998e-01 9.99999999e-01 1.00000000e+00]"
Hyperledger,is_change_text_num_words_20,Empty,[],0.8838174273858921,"[[852   0]
 [112   0]]","              precision    recall  f1-score   support

           0       0.88      1.00      0.94       852
           1       0.00      0.00      0.00       112

    accuracy                           0.88       964
   macro avg       0.44      0.50      0.47       964
weighted avg       0.78      0.88      0.83       964
",0.558091286307054,0.11618257261410789,0.5,"0      0
1      0
2      0
3      0
4      0
      ..
959    0
960    0
961    0
962    0
963    0
Name: label_is_empty, Length: 964, dtype: int64",[0.11618257 1.        ],[1. 0.],[0.]
Hyperledger,is_change_text_num_words_20,Zero,[],0.8838174273858921,"[[852   0]
 [112   0]]","              precision    recall  f1-score   support

           0       0.88      1.00      0.94       852
           1       0.00      0.00      0.00       112

    accuracy                           0.88       964
   macro avg       0.44      0.50      0.47       964
weighted avg       0.78      0.88      0.83       964
",0.558091286307054,0.11618257261410789,0.5,"0      0
1      0
2      0
3      0
4      0
      ..
959    0
960    0
961    0
962    0
963    0
Name: all, Length: 964, dtype: int64",[0.11618257 1.        ],[1. 0.],[0.]
Hyperledger,is_change_text_num_words_20,Random,[],0.504149377593361,"[[430 422]
 [ 56  56]]","              precision    recall  f1-score   support

           0       0.88      0.50      0.64       852
           1       0.12      0.50      0.19       112

    accuracy                           0.50       964
   macro avg       0.50      0.50      0.42       964
weighted avg       0.80      0.50      0.59       964
",0.10888460376777521,0.1106499838546427,0.48241532528504355,"0      1
1      1
2      0
3      0
4      0
      ..
959    0
960    1
961    1
962    0
963    0
Name: pred, Length: 964, dtype: int64","[0.11618257 0.11630322 0.11642412 0.11654527 0.115625   0.11574557
 0.11586639 0.11494253 0.11506276 0.11518325 0.11530398 0.11542497
 0.11554622 0.11566772 0.11578947 0.11591149 0.11603376 0.11615628
 0.11627907 0.11640212 0.11652542 0.11664899 0.11677282 0.11689692
 0.11702128 0.1171459  0.11727079 0.11739594 0.11752137 0.11657754
 0.11670236 0.11682744 0.11695279 0.11707841 0.1172043  0.11733046
 0.1174569  0.1175836  0.11771058 0.11783784 0.11796537 0.11700975
 0.11713666 0.11617807 0.11521739 0.11534276 0.11437908 0.11450382
 0.11353712 0.1136612  0.11378556 0.1128149  0.1129386  0.11306257
 0.11208791 0.11221122 0.1123348  0.11245865 0.11258278 0.11160221
 0.11172566 0.11184939 0.11197339 0.11098779 0.11       0.11012236
 0.11024499 0.10925307 0.10825893 0.10837989 0.10850112 0.10862262
 0.10874439 0.10886644 0.10898876 0.1079865  0.10810811 0.10822999
 0.10835214 0.10847458 0.10859729 0.10872027 0.10770975 0.10783201
 0.10795455 0.10807736 0.10820046 0.10832383 0.10844749 0.10742857
 0.10755149 0.10652921 0.10665138 0.10562572 0.10574713 0.10586881
 0.10599078 0.10611303 0.10623557 0.10635838 0.10648148 0.10660487
 0.10672854 0.1068525  0.10697674 0.10710128 0.10722611 0.10735123
 0.10747664 0.10760234 0.10772834 0.10785463 0.10798122 0.10810811
 0.10823529 0.10836278 0.10849057 0.10861865 0.10874704 0.10887574
 0.10781991 0.10794781 0.10807601 0.10820452 0.10833333 0.10846246
 0.10859189 0.10872162 0.1076555  0.10778443 0.10791367 0.10804322
 0.10817308 0.10830325 0.10843373 0.10856454 0.10869565 0.10882709
 0.10895884 0.10787879 0.10679612 0.10692588 0.10705596 0.10718636
 0.10731707 0.10744811 0.10757946 0.10771114 0.10784314 0.10797546
 0.10810811 0.10824108 0.10837438 0.10850801 0.10864198 0.10877627
 0.10891089 0.10904585 0.10918114 0.10931677 0.10945274 0.10958904
 0.10972569 0.10861423 0.10875    0.10888611 0.10902256 0.10915935
 0.1080402  0.1081761  0.10831234 0.10844893 0.10858586 0.10872314
 0.10759494 0.10646388 0.10659898 0.10673443 0.10687023 0.10700637
 0.10714286 0.10727969 0.10741688 0.10755442 0.10769231 0.10783055
 0.10796915 0.10810811 0.10824742 0.1083871  0.10852713 0.10866753
 0.10880829 0.10894942 0.10909091 0.10923277 0.109375   0.1095176
 0.10966057 0.10980392 0.10994764 0.11009174 0.11023622 0.11038108
 0.11052632 0.11067194 0.11081794 0.11096433 0.11111111 0.11125828
 0.11140584 0.11155378 0.11170213 0.11185087 0.112      0.11214953
 0.11096257 0.10977242 0.10991957 0.11006711 0.11021505 0.11036339
 0.11051213 0.11066127 0.11081081 0.10960758 0.1097561  0.10990502
 0.11005435 0.11020408 0.11035422 0.11050477 0.11065574 0.11080711
 0.1109589  0.11111111 0.11126374 0.11141678 0.11157025 0.11172414
 0.11187845 0.1120332  0.11218837 0.11234397 0.1125     0.11126565
 0.11142061 0.11157601 0.11173184 0.11048951 0.11064426 0.11079944
 0.11095506 0.11111111 0.11126761 0.11142454 0.11158192 0.11173975
 0.11048159 0.1106383  0.11079545 0.11095306 0.11111111 0.11126961
 0.11142857 0.11158798 0.11174785 0.11190818 0.11206897 0.11223022
 0.11239193 0.11255411 0.11271676 0.11287988 0.11304348 0.11320755
 0.11337209 0.11353712 0.11370262 0.11386861 0.11403509 0.11420205
 0.1143695  0.11453744 0.11470588 0.11487482 0.11504425 0.11521418
 0.11538462 0.11555556 0.115727   0.11589896 0.11458333 0.1147541
 0.11492537 0.11509716 0.11526946 0.11544228 0.11561562 0.11428571
 0.11295181 0.11312217 0.11329305 0.11346445 0.11363636 0.1138088
 0.11398176 0.11415525 0.11432927 0.11450382 0.1146789  0.11485452
 0.11503067 0.11520737 0.11538462 0.1155624  0.11574074 0.11591963
 0.11609907 0.11627907 0.11645963 0.11664075 0.11682243 0.11700468
 0.115625   0.11580595 0.11598746 0.11616954 0.1163522  0.11653543
 0.11671924 0.11690363 0.11708861 0.11727417 0.11746032 0.11764706
 0.11783439 0.11802233 0.11821086 0.1184     0.11698718 0.11717496
 0.11736334 0.11755233 0.11774194 0.11793215 0.11650485 0.11669368
 0.11688312 0.11707317 0.11726384 0.11745514 0.11764706 0.11620295
 0.11639344 0.11658456 0.11677632 0.1169687  0.11716172 0.11735537
 0.11754967 0.11774461 0.1179402  0.11813644 0.11833333 0.11853088
 0.1187291  0.11892797 0.11744966 0.11764706 0.11616162 0.1163575
 0.11655405 0.11675127 0.11694915 0.11714771 0.11734694 0.11754685
 0.11774744 0.11794872 0.11815068 0.11835334 0.11683849 0.11703959
 0.11551724 0.11571675 0.11591696 0.11611785 0.11631944 0.11652174
 0.11672474 0.11692845 0.11713287 0.117338   0.11754386 0.11775044
 0.11795775 0.11816578 0.11660777 0.11681416 0.11702128 0.11722913
 0.11743772 0.11764706 0.11785714 0.11806798 0.11827957 0.11669659
 0.11690647 0.11711712 0.11732852 0.11754069 0.11775362 0.11796733
 0.11636364 0.11657559 0.11678832 0.11700183 0.11721612 0.11743119
 0.11764706 0.11786372 0.11808118 0.11829945 0.11851852 0.1187384
 0.11895911 0.11918063 0.11940299 0.11962617 0.11985019 0.12007505
 0.12030075 0.12052731 0.11886792 0.11909263 0.11742424 0.11764706
 0.11787072 0.11809524 0.11641221 0.1166348  0.11685824 0.11708253
 0.11730769 0.11753372 0.11776062 0.11798839 0.11821705 0.1184466
 0.11867704 0.11695906 0.1171875  0.11741683 0.11764706 0.11787819
 0.11811024 0.1183432  0.11857708 0.11881188 0.11904762 0.11928429
 0.11952191 0.11976048 0.12       0.12024048 0.12048193 0.12072435
 0.12096774 0.12121212 0.1194332  0.11967546 0.1199187  0.12016293
 0.12040816 0.1206544  0.12090164 0.11909651 0.11934156 0.11958763
 0.11983471 0.11801242 0.11825726 0.11850312 0.11875    0.11899791
 0.11715481 0.11740042 0.11554622 0.11578947 0.11603376 0.11627907
 0.11652542 0.11677282 0.11702128 0.11727079 0.11752137 0.11777302
 0.11802575 0.11827957 0.11853448 0.11663067 0.11471861 0.11496746
 0.11521739 0.11546841 0.11572052 0.11597374 0.11622807 0.11648352
 0.11453744 0.11479029 0.11504425 0.11308204 0.11333333 0.11358575
 0.11160714 0.11185682 0.11210762 0.11235955 0.11036036 0.11060948
 0.11085973 0.11111111 0.11136364 0.10933941 0.10958904 0.10983982
 0.11009174 0.11034483 0.11059908 0.1108545  0.11111111 0.11136891
 0.11162791 0.11188811 0.11214953 0.11241218 0.11267606 0.11058824
 0.11084906 0.11111111 0.11137441 0.11163895 0.11190476 0.11217184
 0.11244019 0.11031175 0.11057692 0.11084337 0.11111111 0.11138015
 0.11165049 0.11192214 0.11219512 0.11246944 0.1127451  0.11302211
 0.11330049 0.11358025 0.11386139 0.11414392 0.11442786 0.11471322
 0.1125     0.11278195 0.11306533 0.11335013 0.11363636 0.11392405
 0.1142132  0.11450382 0.11479592 0.11508951 0.11538462 0.11568123
 0.11597938 0.11627907 0.11398964 0.11428571 0.11458333 0.11488251
 0.11518325 0.11286089 0.11315789 0.11345646 0.11375661 0.11405836
 0.1143617  0.11466667 0.11497326 0.1152815  0.1155914  0.11590296
 0.11621622 0.11653117 0.11684783 0.11716621 0.11748634 0.11780822
 0.11538462 0.11570248 0.1160221  0.11634349 0.11666667 0.11699164
 0.11731844 0.11764706 0.11797753 0.11830986 0.11864407 0.11898017
 0.11931818 0.11680912 0.11714286 0.11747851 0.11781609 0.11815562
 0.11560694 0.11594203 0.11627907 0.11661808 0.11695906 0.11730205
 0.11764706 0.1179941  0.11538462 0.115727   0.11309524 0.11343284
 0.11377246 0.11411411 0.11445783 0.11480363 0.11212121 0.11246201
 0.11280488 0.11314985 0.11349693 0.11384615 0.11419753 0.11455108
 0.11490683 0.1152648  0.115625   0.11598746 0.1163522  0.11671924
 0.11708861 0.11746032 0.11783439 0.11821086 0.11858974 0.11897106
 0.11935484 0.1197411  0.12012987 0.12052117 0.12091503 0.11803279
 0.11513158 0.11551155 0.11258278 0.11295681 0.11       0.11036789
 0.11073826 0.11111111 0.11148649 0.11186441 0.1122449  0.11262799
 0.1130137  0.11340206 0.1137931  0.11418685 0.11458333 0.11149826
 0.11188811 0.1122807  0.11267606 0.1130742  0.11347518 0.113879
 0.11428571 0.11469534 0.11151079 0.11191336 0.11231884 0.11272727
 0.11313869 0.11355311 0.11397059 0.11439114 0.11481481 0.11524164
 0.11567164 0.11610487 0.11654135 0.11698113 0.11742424 0.11787072
 0.11832061 0.11877395 0.11923077 0.11969112 0.12015504 0.12062257
 0.12109375 0.12156863 0.12204724 0.12252964 0.12301587 0.12350598
 0.124      0.12449799 0.125      0.12550607 0.12601626 0.12244898
 0.12295082 0.12345679 0.12396694 0.12033195 0.12083333 0.12133891
 0.12184874 0.12236287 0.12288136 0.12340426 0.12393162 0.12446352
 0.125      0.12554113 0.12608696 0.12663755 0.12719298 0.1277533
 0.12831858 0.12444444 0.125      0.12556054 0.12162162 0.11764706
 0.11818182 0.11415525 0.1146789  0.11520737 0.11574074 0.11627907
 0.11214953 0.11267606 0.11320755 0.10900474 0.10952381 0.11004785
 0.10576923 0.10144928 0.10194175 0.10243902 0.10294118 0.10344828
 0.1039604  0.10447761 0.105      0.10552764 0.10606061 0.10659898
 0.10714286 0.10769231 0.10824742 0.10362694 0.10416667 0.10471204
 0.10526316 0.1005291  0.10106383 0.10160428 0.10215054 0.1027027
 0.10326087 0.10382514 0.1043956  0.10497238 0.10555556 0.10614525
 0.10674157 0.10169492 0.10227273 0.10285714 0.10344828 0.0982659
 0.09883721 0.09356725 0.09411765 0.09467456 0.0952381  0.09580838
 0.09638554 0.0969697  0.09756098 0.09815951 0.09876543 0.09937888
 0.1        0.10062893 0.10126582 0.10191083 0.1025641  0.10322581
 0.1038961  0.10457516 0.10526316 0.10596026 0.10666667 0.10738255
 0.10810811 0.10884354 0.10958904 0.11034483 0.11111111 0.11188811
 0.11267606 0.11347518 0.11428571 0.11510791 0.11594203 0.10948905
 0.10294118 0.1037037  0.10447761 0.10526316 0.10606061 0.10687023
 0.10769231 0.10852713 0.109375   0.11023622 0.11111111 0.112
 0.11290323 0.11382114 0.1147541  0.10743802 0.10833333 0.1092437
 0.11016949 0.11111111 0.10344828 0.10434783 0.10526316 0.10619469
 0.10714286 0.10810811 0.10909091 0.11009174 0.11111111 0.11214953
 0.11320755 0.11428571 0.11538462 0.11650485 0.10784314 0.10891089
 0.1        0.09090909 0.09183673 0.09278351 0.09375    0.09473684
 0.09574468 0.09677419 0.09782609 0.0989011  0.08888889 0.08988764
 0.07954545 0.08045977 0.08139535 0.07058824 0.07142857 0.07228916
 0.07317073 0.07407407 0.075      0.07594937 0.07692308 0.07792208
 0.06578947 0.06666667 0.06756757 0.06849315 0.06944444 0.07042254
 0.07142857 0.07246377 0.05882353 0.04477612 0.04545455 0.04615385
 0.046875   0.04761905 0.0483871  0.04918033 0.05       0.05084746
 0.05172414 0.05263158 0.05357143 0.05454545 0.05555556 0.05660377
 0.05769231 0.03921569 0.04       0.04081633 0.04166667 0.04255319
 0.04347826 0.04444444 0.04545455 0.04651163 0.04761905 0.02439024
 0.025      0.02564103 0.02631579 0.02702703 0.02777778 0.02857143
 0.02941176 0.03030303 0.03125    0.03225806 0.03333333 0.
 0.         0.         0.         0.         0.         0.
 0.         0.         0.         0.         0.         0.
 0.         0.         0.         0.         0.         0.
 0.         0.         0.         0.         0.         0.
 0.         0.         0.         0.         1.        ]","[1.         1.         1.         1.         0.99107143 0.99107143
 0.99107143 0.98214286 0.98214286 0.98214286 0.98214286 0.98214286
 0.98214286 0.98214286 0.98214286 0.98214286 0.98214286 0.98214286
 0.98214286 0.98214286 0.98214286 0.98214286 0.98214286 0.98214286
 0.98214286 0.98214286 0.98214286 0.98214286 0.98214286 0.97321429
 0.97321429 0.97321429 0.97321429 0.97321429 0.97321429 0.97321429
 0.97321429 0.97321429 0.97321429 0.97321429 0.97321429 0.96428571
 0.96428571 0.95535714 0.94642857 0.94642857 0.9375     0.9375
 0.92857143 0.92857143 0.92857143 0.91964286 0.91964286 0.91964286
 0.91071429 0.91071429 0.91071429 0.91071429 0.91071429 0.90178571
 0.90178571 0.90178571 0.90178571 0.89285714 0.88392857 0.88392857
 0.88392857 0.875      0.86607143 0.86607143 0.86607143 0.86607143
 0.86607143 0.86607143 0.86607143 0.85714286 0.85714286 0.85714286
 0.85714286 0.85714286 0.85714286 0.85714286 0.84821429 0.84821429
 0.84821429 0.84821429 0.84821429 0.84821429 0.84821429 0.83928571
 0.83928571 0.83035714 0.83035714 0.82142857 0.82142857 0.82142857
 0.82142857 0.82142857 0.82142857 0.82142857 0.82142857 0.82142857
 0.82142857 0.82142857 0.82142857 0.82142857 0.82142857 0.82142857
 0.82142857 0.82142857 0.82142857 0.82142857 0.82142857 0.82142857
 0.82142857 0.82142857 0.82142857 0.82142857 0.82142857 0.82142857
 0.8125     0.8125     0.8125     0.8125     0.8125     0.8125
 0.8125     0.8125     0.80357143 0.80357143 0.80357143 0.80357143
 0.80357143 0.80357143 0.80357143 0.80357143 0.80357143 0.80357143
 0.80357143 0.79464286 0.78571429 0.78571429 0.78571429 0.78571429
 0.78571429 0.78571429 0.78571429 0.78571429 0.78571429 0.78571429
 0.78571429 0.78571429 0.78571429 0.78571429 0.78571429 0.78571429
 0.78571429 0.78571429 0.78571429 0.78571429 0.78571429 0.78571429
 0.78571429 0.77678571 0.77678571 0.77678571 0.77678571 0.77678571
 0.76785714 0.76785714 0.76785714 0.76785714 0.76785714 0.76785714
 0.75892857 0.75       0.75       0.75       0.75       0.75
 0.75       0.75       0.75       0.75       0.75       0.75
 0.75       0.75       0.75       0.75       0.75       0.75
 0.75       0.75       0.75       0.75       0.75       0.75
 0.75       0.75       0.75       0.75       0.75       0.75
 0.75       0.75       0.75       0.75       0.75       0.75
 0.75       0.75       0.75       0.75       0.75       0.75
 0.74107143 0.73214286 0.73214286 0.73214286 0.73214286 0.73214286
 0.73214286 0.73214286 0.73214286 0.72321429 0.72321429 0.72321429
 0.72321429 0.72321429 0.72321429 0.72321429 0.72321429 0.72321429
 0.72321429 0.72321429 0.72321429 0.72321429 0.72321429 0.72321429
 0.72321429 0.72321429 0.72321429 0.72321429 0.72321429 0.71428571
 0.71428571 0.71428571 0.71428571 0.70535714 0.70535714 0.70535714
 0.70535714 0.70535714 0.70535714 0.70535714 0.70535714 0.70535714
 0.69642857 0.69642857 0.69642857 0.69642857 0.69642857 0.69642857
 0.69642857 0.69642857 0.69642857 0.69642857 0.69642857 0.69642857
 0.69642857 0.69642857 0.69642857 0.69642857 0.69642857 0.69642857
 0.69642857 0.69642857 0.69642857 0.69642857 0.69642857 0.69642857
 0.69642857 0.69642857 0.69642857 0.69642857 0.69642857 0.69642857
 0.69642857 0.69642857 0.69642857 0.69642857 0.6875     0.6875
 0.6875     0.6875     0.6875     0.6875     0.6875     0.67857143
 0.66964286 0.66964286 0.66964286 0.66964286 0.66964286 0.66964286
 0.66964286 0.66964286 0.66964286 0.66964286 0.66964286 0.66964286
 0.66964286 0.66964286 0.66964286 0.66964286 0.66964286 0.66964286
 0.66964286 0.66964286 0.66964286 0.66964286 0.66964286 0.66964286
 0.66071429 0.66071429 0.66071429 0.66071429 0.66071429 0.66071429
 0.66071429 0.66071429 0.66071429 0.66071429 0.66071429 0.66071429
 0.66071429 0.66071429 0.66071429 0.66071429 0.65178571 0.65178571
 0.65178571 0.65178571 0.65178571 0.65178571 0.64285714 0.64285714
 0.64285714 0.64285714 0.64285714 0.64285714 0.64285714 0.63392857
 0.63392857 0.63392857 0.63392857 0.63392857 0.63392857 0.63392857
 0.63392857 0.63392857 0.63392857 0.63392857 0.63392857 0.63392857
 0.63392857 0.63392857 0.625      0.625      0.61607143 0.61607143
 0.61607143 0.61607143 0.61607143 0.61607143 0.61607143 0.61607143
 0.61607143 0.61607143 0.61607143 0.61607143 0.60714286 0.60714286
 0.59821429 0.59821429 0.59821429 0.59821429 0.59821429 0.59821429
 0.59821429 0.59821429 0.59821429 0.59821429 0.59821429 0.59821429
 0.59821429 0.59821429 0.58928571 0.58928571 0.58928571 0.58928571
 0.58928571 0.58928571 0.58928571 0.58928571 0.58928571 0.58035714
 0.58035714 0.58035714 0.58035714 0.58035714 0.58035714 0.58035714
 0.57142857 0.57142857 0.57142857 0.57142857 0.57142857 0.57142857
 0.57142857 0.57142857 0.57142857 0.57142857 0.57142857 0.57142857
 0.57142857 0.57142857 0.57142857 0.57142857 0.57142857 0.57142857
 0.57142857 0.57142857 0.5625     0.5625     0.55357143 0.55357143
 0.55357143 0.55357143 0.54464286 0.54464286 0.54464286 0.54464286
 0.54464286 0.54464286 0.54464286 0.54464286 0.54464286 0.54464286
 0.54464286 0.53571429 0.53571429 0.53571429 0.53571429 0.53571429
 0.53571429 0.53571429 0.53571429 0.53571429 0.53571429 0.53571429
 0.53571429 0.53571429 0.53571429 0.53571429 0.53571429 0.53571429
 0.53571429 0.53571429 0.52678571 0.52678571 0.52678571 0.52678571
 0.52678571 0.52678571 0.52678571 0.51785714 0.51785714 0.51785714
 0.51785714 0.50892857 0.50892857 0.50892857 0.50892857 0.50892857
 0.5        0.5        0.49107143 0.49107143 0.49107143 0.49107143
 0.49107143 0.49107143 0.49107143 0.49107143 0.49107143 0.49107143
 0.49107143 0.49107143 0.49107143 0.48214286 0.47321429 0.47321429
 0.47321429 0.47321429 0.47321429 0.47321429 0.47321429 0.47321429
 0.46428571 0.46428571 0.46428571 0.45535714 0.45535714 0.45535714
 0.44642857 0.44642857 0.44642857 0.44642857 0.4375     0.4375
 0.4375     0.4375     0.4375     0.42857143 0.42857143 0.42857143
 0.42857143 0.42857143 0.42857143 0.42857143 0.42857143 0.42857143
 0.42857143 0.42857143 0.42857143 0.42857143 0.42857143 0.41964286
 0.41964286 0.41964286 0.41964286 0.41964286 0.41964286 0.41964286
 0.41964286 0.41071429 0.41071429 0.41071429 0.41071429 0.41071429
 0.41071429 0.41071429 0.41071429 0.41071429 0.41071429 0.41071429
 0.41071429 0.41071429 0.41071429 0.41071429 0.41071429 0.41071429
 0.40178571 0.40178571 0.40178571 0.40178571 0.40178571 0.40178571
 0.40178571 0.40178571 0.40178571 0.40178571 0.40178571 0.40178571
 0.40178571 0.40178571 0.39285714 0.39285714 0.39285714 0.39285714
 0.39285714 0.38392857 0.38392857 0.38392857 0.38392857 0.38392857
 0.38392857 0.38392857 0.38392857 0.38392857 0.38392857 0.38392857
 0.38392857 0.38392857 0.38392857 0.38392857 0.38392857 0.38392857
 0.375      0.375      0.375      0.375      0.375      0.375
 0.375      0.375      0.375      0.375      0.375      0.375
 0.375      0.36607143 0.36607143 0.36607143 0.36607143 0.36607143
 0.35714286 0.35714286 0.35714286 0.35714286 0.35714286 0.35714286
 0.35714286 0.35714286 0.34821429 0.34821429 0.33928571 0.33928571
 0.33928571 0.33928571 0.33928571 0.33928571 0.33035714 0.33035714
 0.33035714 0.33035714 0.33035714 0.33035714 0.33035714 0.33035714
 0.33035714 0.33035714 0.33035714 0.33035714 0.33035714 0.33035714
 0.33035714 0.33035714 0.33035714 0.33035714 0.33035714 0.33035714
 0.33035714 0.33035714 0.33035714 0.33035714 0.33035714 0.32142857
 0.3125     0.3125     0.30357143 0.30357143 0.29464286 0.29464286
 0.29464286 0.29464286 0.29464286 0.29464286 0.29464286 0.29464286
 0.29464286 0.29464286 0.29464286 0.29464286 0.29464286 0.28571429
 0.28571429 0.28571429 0.28571429 0.28571429 0.28571429 0.28571429
 0.28571429 0.28571429 0.27678571 0.27678571 0.27678571 0.27678571
 0.27678571 0.27678571 0.27678571 0.27678571 0.27678571 0.27678571
 0.27678571 0.27678571 0.27678571 0.27678571 0.27678571 0.27678571
 0.27678571 0.27678571 0.27678571 0.27678571 0.27678571 0.27678571
 0.27678571 0.27678571 0.27678571 0.27678571 0.27678571 0.27678571
 0.27678571 0.27678571 0.27678571 0.27678571 0.27678571 0.26785714
 0.26785714 0.26785714 0.26785714 0.25892857 0.25892857 0.25892857
 0.25892857 0.25892857 0.25892857 0.25892857 0.25892857 0.25892857
 0.25892857 0.25892857 0.25892857 0.25892857 0.25892857 0.25892857
 0.25892857 0.25       0.25       0.25       0.24107143 0.23214286
 0.23214286 0.22321429 0.22321429 0.22321429 0.22321429 0.22321429
 0.21428571 0.21428571 0.21428571 0.20535714 0.20535714 0.20535714
 0.19642857 0.1875     0.1875     0.1875     0.1875     0.1875
 0.1875     0.1875     0.1875     0.1875     0.1875     0.1875
 0.1875     0.1875     0.1875     0.17857143 0.17857143 0.17857143
 0.17857143 0.16964286 0.16964286 0.16964286 0.16964286 0.16964286
 0.16964286 0.16964286 0.16964286 0.16964286 0.16964286 0.16964286
 0.16964286 0.16071429 0.16071429 0.16071429 0.16071429 0.15178571
 0.15178571 0.14285714 0.14285714 0.14285714 0.14285714 0.14285714
 0.14285714 0.14285714 0.14285714 0.14285714 0.14285714 0.14285714
 0.14285714 0.14285714 0.14285714 0.14285714 0.14285714 0.14285714
 0.14285714 0.14285714 0.14285714 0.14285714 0.14285714 0.14285714
 0.14285714 0.14285714 0.14285714 0.14285714 0.14285714 0.14285714
 0.14285714 0.14285714 0.14285714 0.14285714 0.14285714 0.13392857
 0.125      0.125      0.125      0.125      0.125      0.125
 0.125      0.125      0.125      0.125      0.125      0.125
 0.125      0.125      0.125      0.11607143 0.11607143 0.11607143
 0.11607143 0.11607143 0.10714286 0.10714286 0.10714286 0.10714286
 0.10714286 0.10714286 0.10714286 0.10714286 0.10714286 0.10714286
 0.10714286 0.10714286 0.10714286 0.10714286 0.09821429 0.09821429
 0.08928571 0.08035714 0.08035714 0.08035714 0.08035714 0.08035714
 0.08035714 0.08035714 0.08035714 0.08035714 0.07142857 0.07142857
 0.0625     0.0625     0.0625     0.05357143 0.05357143 0.05357143
 0.05357143 0.05357143 0.05357143 0.05357143 0.05357143 0.05357143
 0.04464286 0.04464286 0.04464286 0.04464286 0.04464286 0.04464286
 0.04464286 0.04464286 0.03571429 0.02678571 0.02678571 0.02678571
 0.02678571 0.02678571 0.02678571 0.02678571 0.02678571 0.02678571
 0.02678571 0.02678571 0.02678571 0.02678571 0.02678571 0.02678571
 0.02678571 0.01785714 0.01785714 0.01785714 0.01785714 0.01785714
 0.01785714 0.01785714 0.01785714 0.01785714 0.01785714 0.00892857
 0.00892857 0.00892857 0.00892857 0.00892857 0.00892857 0.00892857
 0.00892857 0.00892857 0.00892857 0.00892857 0.00892857 0.
 0.         0.         0.         0.         0.         0.
 0.         0.         0.         0.         0.         0.
 0.         0.         0.         0.         0.         0.
 0.         0.         0.         0.         0.         0.
 0.         0.         0.         0.         0.        ]","[1.72744671e-04 1.40389199e-03 2.72350121e-03 2.74040642e-03
 5.84494228e-03 8.57225371e-03 9.41280851e-03 1.22016129e-02
 1.36600788e-02 1.53085569e-02 1.66759687e-02 1.70681909e-02
 1.70877062e-02 2.04570714e-02 2.07233633e-02 2.07987737e-02
 2.17426623e-02 2.19866614e-02 2.26927082e-02 2.46487823e-02
 2.56816391e-02 2.59992545e-02 2.67621427e-02 2.97766464e-02
 3.00711130e-02 3.05356483e-02 3.63282003e-02 3.76065744e-02
 3.82051257e-02 3.97605356e-02 4.02322995e-02 4.05685122e-02
 4.06331979e-02 4.07992841e-02 4.08474959e-02 4.27025135e-02
 4.27933717e-02 4.28061094e-02 4.34026115e-02 4.47611875e-02
 4.49684202e-02 4.53781916e-02 4.55851686e-02 4.56609821e-02
 4.61327004e-02 4.68846899e-02 4.90551647e-02 5.07494829e-02
 5.18455507e-02 5.42115780e-02 5.73230651e-02 5.79519476e-02
 5.80729359e-02 5.91031029e-02 5.94750472e-02 6.04403080e-02
 6.20664528e-02 6.21770774e-02 6.37732658e-02 6.47234405e-02
 6.52487945e-02 6.54277326e-02 6.57014761e-02 6.58463440e-02
 6.65375862e-02 7.03010821e-02 7.08770016e-02 7.30895197e-02
 7.31638492e-02 7.44021156e-02 7.44513037e-02 7.44705213e-02
 7.50361978e-02 7.78588813e-02 7.81514281e-02 7.83080056e-02
 7.85171035e-02 8.00325493e-02 8.02444996e-02 8.07786111e-02
 8.14666755e-02 8.28642662e-02 8.34711982e-02 8.43682967e-02
 8.60638469e-02 8.77590859e-02 8.78269642e-02 9.09837560e-02
 9.13680393e-02 9.61335443e-02 9.68233217e-02 9.83343304e-02
 9.88494914e-02 1.00406955e-01 1.03014977e-01 1.04656471e-01
 1.05574140e-01 1.07826099e-01 1.11527648e-01 1.14482205e-01
 1.16836870e-01 1.17414267e-01 1.19754950e-01 1.20312817e-01
 1.20710277e-01 1.21254452e-01 1.21938122e-01 1.22866372e-01
 1.23086547e-01 1.24238524e-01 1.24470980e-01 1.25248904e-01
 1.25589050e-01 1.29257393e-01 1.33061650e-01 1.33448734e-01
 1.35659587e-01 1.35991373e-01 1.36159373e-01 1.36583908e-01
 1.36902603e-01 1.36940130e-01 1.37423303e-01 1.37705622e-01
 1.37970158e-01 1.38242889e-01 1.38988413e-01 1.40064375e-01
 1.48578830e-01 1.50674384e-01 1.51403205e-01 1.52650598e-01
 1.54522959e-01 1.56599001e-01 1.57299786e-01 1.58076980e-01
 1.60343051e-01 1.60345181e-01 1.62160029e-01 1.62416692e-01
 1.62969542e-01 1.63354787e-01 1.64535451e-01 1.66318932e-01
 1.66782194e-01 1.68828126e-01 1.69105453e-01 1.69887216e-01
 1.70059073e-01 1.70259403e-01 1.75929335e-01 1.80421510e-01
 1.81035654e-01 1.81156242e-01 1.81812864e-01 1.84202105e-01
 1.84749020e-01 1.85201385e-01 1.85958707e-01 1.87149838e-01
 1.88626356e-01 1.89236011e-01 1.90255423e-01 1.90273503e-01
 1.91141355e-01 1.91226060e-01 1.91374121e-01 1.91861396e-01
 1.92439559e-01 1.93058921e-01 1.94014398e-01 1.94688230e-01
 1.97119501e-01 1.97171672e-01 1.97314909e-01 1.97379259e-01
 1.97788472e-01 1.98543077e-01 2.00529876e-01 2.00858364e-01
 2.03120864e-01 2.03499379e-01 2.06321813e-01 2.08239482e-01
 2.08522833e-01 2.09415990e-01 2.10158689e-01 2.10388021e-01
 2.12841832e-01 2.14336079e-01 2.14671297e-01 2.16064848e-01
 2.16188593e-01 2.18746061e-01 2.19074714e-01 2.19211528e-01
 2.19492990e-01 2.19706726e-01 2.21898866e-01 2.24062208e-01
 2.24982574e-01 2.26336610e-01 2.27918822e-01 2.29330771e-01
 2.29659817e-01 2.30843364e-01 2.31459365e-01 2.31567324e-01
 2.31977977e-01 2.32123249e-01 2.32658425e-01 2.35441689e-01
 2.36289656e-01 2.37214422e-01 2.37986019e-01 2.38997173e-01
 2.39454250e-01 2.40128484e-01 2.40802306e-01 2.42067690e-01
 2.43078380e-01 2.43218940e-01 2.43362811e-01 2.43874436e-01
 2.44677866e-01 2.45554212e-01 2.47394865e-01 2.47435250e-01
 2.49282699e-01 2.49447792e-01 2.50904321e-01 2.55063291e-01
 2.55344714e-01 2.55724578e-01 2.55779755e-01 2.56896307e-01
 2.59526882e-01 2.59569006e-01 2.59838776e-01 2.61040045e-01
 2.61473305e-01 2.61881794e-01 2.62042898e-01 2.62287322e-01
 2.63185892e-01 2.63482248e-01 2.64989340e-01 2.65065626e-01
 2.66776709e-01 2.70561683e-01 2.71282548e-01 2.71544699e-01
 2.72867911e-01 2.73500353e-01 2.77269413e-01 2.77691362e-01
 2.79730561e-01 2.80727361e-01 2.80769689e-01 2.81302932e-01
 2.81619718e-01 2.82476877e-01 2.84423846e-01 2.85031224e-01
 2.85167767e-01 2.85262796e-01 2.85422383e-01 2.85944737e-01
 2.86235098e-01 2.87552032e-01 2.87831841e-01 2.88806115e-01
 2.89252471e-01 2.90451003e-01 2.90541230e-01 2.92320426e-01
 2.92971959e-01 2.92972745e-01 2.93186075e-01 2.93938333e-01
 2.95522393e-01 2.97216356e-01 2.97711937e-01 2.98360551e-01
 2.98373835e-01 2.99124730e-01 2.99734564e-01 2.99809557e-01
 3.00285854e-01 3.00432257e-01 3.02185234e-01 3.03103261e-01
 3.03284133e-01 3.04271382e-01 3.04972214e-01 3.08497215e-01
 3.09652159e-01 3.12039996e-01 3.13022554e-01 3.14380108e-01
 3.16442354e-01 3.19478001e-01 3.19720548e-01 3.19793178e-01
 3.20252938e-01 3.21791550e-01 3.21821159e-01 3.21832334e-01
 3.22291116e-01 3.22415581e-01 3.23044745e-01 3.24378858e-01
 3.25063223e-01 3.25296094e-01 3.26347164e-01 3.26475896e-01
 3.27507293e-01 3.27718507e-01 3.27815954e-01 3.28131686e-01
 3.28152706e-01 3.30113071e-01 3.30307320e-01 3.30651525e-01
 3.30798436e-01 3.30908639e-01 3.31658683e-01 3.31757053e-01
 3.31935233e-01 3.32312541e-01 3.38331404e-01 3.38350861e-01
 3.38810125e-01 3.39245206e-01 3.39516815e-01 3.40006766e-01
 3.40349196e-01 3.42186800e-01 3.48291997e-01 3.49965134e-01
 3.50038136e-01 3.51493332e-01 3.52704963e-01 3.55068944e-01
 3.58409198e-01 3.59654009e-01 3.60200238e-01 3.61245799e-01
 3.61747163e-01 3.61863844e-01 3.64330172e-01 3.65596250e-01
 3.67270961e-01 3.67806054e-01 3.67900636e-01 3.68527057e-01
 3.71373148e-01 3.71970561e-01 3.72286082e-01 3.72509940e-01
 3.73401049e-01 3.74859297e-01 3.76682126e-01 3.76740650e-01
 3.76923312e-01 3.78311703e-01 3.78771821e-01 3.79707233e-01
 3.81646567e-01 3.82356024e-01 3.83766190e-01 3.83862267e-01
 3.84236803e-01 3.85886350e-01 3.86644109e-01 3.87574350e-01
 3.88222173e-01 3.88764094e-01 3.88993636e-01 3.89150513e-01
 3.94299242e-01 3.95494524e-01 3.95506739e-01 3.99698724e-01
 4.00525164e-01 4.01573499e-01 4.03011796e-01 4.03279249e-01
 4.08643397e-01 4.09888520e-01 4.10934199e-01 4.11694939e-01
 4.12327033e-01 4.13544201e-01 4.13635386e-01 4.14683820e-01
 4.15336297e-01 4.16286214e-01 4.16621608e-01 4.16629586e-01
 4.16905765e-01 4.17027228e-01 4.17335944e-01 4.17716688e-01
 4.17860570e-01 4.19365355e-01 4.19550095e-01 4.20765377e-01
 4.21441867e-01 4.22459098e-01 4.23261303e-01 4.26038545e-01
 4.26234062e-01 4.26735352e-01 4.26790128e-01 4.26795749e-01
 4.26815148e-01 4.27025150e-01 4.28324992e-01 4.29110980e-01
 4.31254496e-01 4.33912990e-01 4.34459335e-01 4.34621991e-01
 4.35336766e-01 4.36058442e-01 4.36882306e-01 4.38588074e-01
 4.39030857e-01 4.40085522e-01 4.40946315e-01 4.45753233e-01
 4.46938002e-01 4.47920182e-01 4.49317479e-01 4.51484390e-01
 4.54054247e-01 4.55491726e-01 4.55593922e-01 4.56427418e-01
 4.56458163e-01 4.59221694e-01 4.59914654e-01 4.60246443e-01
 4.60930064e-01 4.62302433e-01 4.62478462e-01 4.63637548e-01
 4.65432513e-01 4.65720165e-01 4.65924123e-01 4.65946006e-01
 4.68807202e-01 4.69861832e-01 4.69925235e-01 4.72297387e-01
 4.72991543e-01 4.73133073e-01 4.73446451e-01 4.73755232e-01
 4.74210846e-01 4.74813583e-01 4.75067932e-01 4.75445108e-01
 4.76770843e-01 4.76976747e-01 4.77199999e-01 4.78277095e-01
 4.79217925e-01 4.80354467e-01 4.82340451e-01 4.84366021e-01
 4.85124711e-01 4.85823339e-01 4.88570924e-01 4.91344417e-01
 4.92126786e-01 4.92289666e-01 4.92925920e-01 4.93018833e-01
 4.94109915e-01 4.95307807e-01 4.95643459e-01 4.97187795e-01
 4.97597920e-01 4.98310717e-01 5.01193080e-01 5.01704060e-01
 5.02515651e-01 5.04091629e-01 5.05402676e-01 5.05870734e-01
 5.07693988e-01 5.09681332e-01 5.10095056e-01 5.10285806e-01
 5.11692740e-01 5.11783439e-01 5.15077646e-01 5.16498714e-01
 5.16671102e-01 5.17864599e-01 5.18089294e-01 5.19032738e-01
 5.22387716e-01 5.22422573e-01 5.23639952e-01 5.25594945e-01
 5.25741784e-01 5.25970428e-01 5.26896860e-01 5.29527981e-01
 5.30568321e-01 5.33438839e-01 5.33978772e-01 5.34738518e-01
 5.34756627e-01 5.36067200e-01 5.37950037e-01 5.38323870e-01
 5.40140405e-01 5.40763386e-01 5.41065004e-01 5.41180197e-01
 5.43144332e-01 5.43847410e-01 5.45349122e-01 5.45910809e-01
 5.46613647e-01 5.46626177e-01 5.47128377e-01 5.47858890e-01
 5.48531869e-01 5.48593247e-01 5.48731916e-01 5.49370121e-01
 5.49997501e-01 5.50137938e-01 5.53260643e-01 5.54933088e-01
 5.56319570e-01 5.58333784e-01 5.59411173e-01 5.64184767e-01
 5.64457925e-01 5.65266663e-01 5.66000522e-01 5.66520217e-01
 5.67813580e-01 5.68868088e-01 5.69290478e-01 5.69710294e-01
 5.72822935e-01 5.75146683e-01 5.75271715e-01 5.76869830e-01
 5.77908315e-01 5.79992768e-01 5.81212624e-01 5.82393230e-01
 5.83096138e-01 5.83810263e-01 5.84783233e-01 5.85429748e-01
 5.86658522e-01 5.88002116e-01 5.88838858e-01 5.89168074e-01
 5.91251371e-01 5.91764388e-01 5.93151435e-01 5.94663940e-01
 5.95406736e-01 5.96147720e-01 5.96696729e-01 5.97665598e-01
 5.99213622e-01 6.01986029e-01 6.03199281e-01 6.04052852e-01
 6.04846568e-01 6.06402818e-01 6.09816558e-01 6.10442627e-01
 6.12066467e-01 6.13605765e-01 6.14642217e-01 6.15483790e-01
 6.16247172e-01 6.16955023e-01 6.18304606e-01 6.18749360e-01
 6.19917569e-01 6.23055563e-01 6.23106124e-01 6.23973994e-01
 6.24663322e-01 6.26829712e-01 6.27093763e-01 6.27224416e-01
 6.28157171e-01 6.28269759e-01 6.30246866e-01 6.32781159e-01
 6.33745340e-01 6.36772015e-01 6.36783225e-01 6.37058870e-01
 6.39099330e-01 6.40115366e-01 6.40529204e-01 6.44931131e-01
 6.44939509e-01 6.45437830e-01 6.49233336e-01 6.51049984e-01
 6.51542794e-01 6.52605264e-01 6.52701867e-01 6.53834768e-01
 6.53852061e-01 6.54859765e-01 6.55988210e-01 6.57135281e-01
 6.60252585e-01 6.60593662e-01 6.61657116e-01 6.62366823e-01
 6.63376339e-01 6.63677478e-01 6.64080613e-01 6.65237922e-01
 6.65897896e-01 6.66073915e-01 6.66307033e-01 6.66420649e-01
 6.66685716e-01 6.69002627e-01 6.73369222e-01 6.73835858e-01
 6.75048768e-01 6.75543780e-01 6.76282822e-01 6.78600728e-01
 6.80361116e-01 6.80415749e-01 6.82226224e-01 6.83038568e-01
 6.84589151e-01 6.84740622e-01 6.87390578e-01 6.89199570e-01
 6.90603945e-01 6.90915305e-01 6.92373159e-01 6.93689855e-01
 6.94013081e-01 6.94572961e-01 6.94583570e-01 6.94591118e-01
 6.97610348e-01 6.98857381e-01 7.00280093e-01 7.00575338e-01
 7.01375296e-01 7.01691390e-01 7.02631150e-01 7.02990734e-01
 7.04241896e-01 7.04439927e-01 7.05593422e-01 7.08619948e-01
 7.08684199e-01 7.08965848e-01 7.09299165e-01 7.10037583e-01
 7.10412919e-01 7.10500960e-01 7.10577802e-01 7.11573724e-01
 7.11890202e-01 7.12505865e-01 7.13448922e-01 7.13838004e-01
 7.14554663e-01 7.14565426e-01 7.14813689e-01 7.17031819e-01
 7.24667351e-01 7.25492374e-01 7.29913861e-01 7.29950979e-01
 7.30741108e-01 7.30942655e-01 7.33572147e-01 7.34080845e-01
 7.34577826e-01 7.35835572e-01 7.37598093e-01 7.38241941e-01
 7.41601572e-01 7.42027939e-01 7.43615624e-01 7.44999937e-01
 7.46001623e-01 7.46165343e-01 7.46753981e-01 7.47544979e-01
 7.47732523e-01 7.50605637e-01 7.51183241e-01 7.52355490e-01
 7.52961276e-01 7.53137363e-01 7.55030637e-01 7.55416308e-01
 7.56955849e-01 7.57502727e-01 7.58063393e-01 7.58976994e-01
 7.61867708e-01 7.63365701e-01 7.64465353e-01 7.64509546e-01
 7.65387887e-01 7.65581869e-01 7.66129341e-01 7.67721964e-01
 7.69284076e-01 7.70129416e-01 7.70138624e-01 7.70201481e-01
 7.71453624e-01 7.72547113e-01 7.72956948e-01 7.73320842e-01
 7.73585258e-01 7.74320275e-01 7.74543052e-01 7.75116384e-01
 7.76196477e-01 7.76740251e-01 7.77497058e-01 7.77860148e-01
 7.79131329e-01 7.79863201e-01 7.80598873e-01 7.81526024e-01
 7.81554235e-01 7.81816513e-01 7.82887804e-01 7.82966169e-01
 7.82989708e-01 7.83214686e-01 7.83358198e-01 7.83569294e-01
 7.83786496e-01 7.84034979e-01 7.84666267e-01 7.84764505e-01
 7.85543145e-01 7.86413246e-01 7.87416624e-01 7.88266270e-01
 7.88617730e-01 7.90302314e-01 7.91357921e-01 7.91692176e-01
 7.93236679e-01 7.93526864e-01 7.93896336e-01 7.95297443e-01
 7.95924647e-01 7.95965289e-01 7.96260118e-01 7.97149331e-01
 7.98899721e-01 7.99200924e-01 8.00047914e-01 8.03537319e-01
 8.04815845e-01 8.05039804e-01 8.05782017e-01 8.07987162e-01
 8.09550911e-01 8.09624717e-01 8.11123409e-01 8.11541783e-01
 8.13352348e-01 8.13469979e-01 8.13505044e-01 8.16192824e-01
 8.16843712e-01 8.17102130e-01 8.17844785e-01 8.18353221e-01
 8.19495524e-01 8.19523612e-01 8.20169222e-01 8.20610029e-01
 8.20657549e-01 8.20868607e-01 8.21451662e-01 8.23073823e-01
 8.23908788e-01 8.23974736e-01 8.28537384e-01 8.31311971e-01
 8.31418056e-01 8.32644714e-01 8.39792276e-01 8.41422639e-01
 8.42455320e-01 8.43534640e-01 8.44081451e-01 8.45123006e-01
 8.45461266e-01 8.46833457e-01 8.48063593e-01 8.48268177e-01
 8.48917282e-01 8.50478207e-01 8.51553397e-01 8.51554288e-01
 8.51675442e-01 8.52015358e-01 8.52318751e-01 8.53227805e-01
 8.53638964e-01 8.60921894e-01 8.62163555e-01 8.64023457e-01
 8.64158468e-01 8.64777200e-01 8.65004139e-01 8.66127582e-01
 8.67052338e-01 8.68331009e-01 8.69614072e-01 8.70169565e-01
 8.72067688e-01 8.74527644e-01 8.75761249e-01 8.76166451e-01
 8.76429532e-01 8.77709948e-01 8.81178683e-01 8.82230605e-01
 8.83931794e-01 8.85101757e-01 8.85503151e-01 8.86222060e-01
 8.86296340e-01 8.86479672e-01 8.87396741e-01 8.88279832e-01
 8.90110918e-01 8.95028578e-01 8.96186321e-01 8.96625710e-01
 8.97253239e-01 8.97542039e-01 8.98090514e-01 8.98484143e-01
 8.99217484e-01 9.00984599e-01 9.01659167e-01 9.01712857e-01
 9.02603646e-01 9.04418364e-01 9.06024159e-01 9.06866874e-01
 9.07440438e-01 9.07920911e-01 9.10584561e-01 9.12043084e-01
 9.12967332e-01 9.13096674e-01 9.14165482e-01 9.16057710e-01
 9.16855654e-01 9.17081010e-01 9.17466771e-01 9.18185567e-01
 9.18843346e-01 9.19845156e-01 9.20289939e-01 9.22223750e-01
 9.22963361e-01 9.23271437e-01 9.23370829e-01 9.25739797e-01
 9.25854423e-01 9.26190907e-01 9.27267171e-01 9.27755290e-01
 9.28297127e-01 9.28340190e-01 9.28455088e-01 9.29375462e-01
 9.30767138e-01 9.32658492e-01 9.32689135e-01 9.32926509e-01
 9.32928713e-01 9.35483791e-01 9.36022198e-01 9.36223171e-01
 9.37148357e-01 9.37442558e-01 9.39089703e-01 9.40034669e-01
 9.40860234e-01 9.41516120e-01 9.41616041e-01 9.41625499e-01
 9.41789821e-01 9.42120236e-01 9.43219964e-01 9.44450851e-01
 9.46637648e-01 9.47066255e-01 9.51141161e-01 9.51397511e-01
 9.53294986e-01 9.54872037e-01 9.56194880e-01 9.57718025e-01
 9.58117967e-01 9.58235315e-01 9.58324368e-01 9.60798178e-01
 9.61485159e-01 9.62430081e-01 9.65372937e-01 9.66184079e-01
 9.68145635e-01 9.68452696e-01 9.68588164e-01 9.69153785e-01
 9.72172900e-01 9.72464652e-01 9.73049071e-01 9.73974788e-01
 9.76863950e-01 9.78955046e-01 9.78989925e-01 9.80859845e-01
 9.81291681e-01 9.81545946e-01 9.81811721e-01 9.82231760e-01
 9.82409034e-01 9.84930666e-01 9.85825226e-01 9.88829950e-01
 9.89134456e-01 9.91263998e-01 9.91792906e-01 9.92069659e-01
 9.92679846e-01 9.96078038e-01 9.96571717e-01 9.97873243e-01]"
