project_key,usability_label,Model,feature_importance,accuracy,confusion_matrix,classification_report,area_under_pre_recall_curve,avg_precision,area_under_roc_curve,y_pred,precision,recall,thresholds
Hyperledger,is_change_text_num_words_10,RF,"BERT_10_instability                       0.238006
BERT_5_instability                        0.114326
BERT_15_instability                       0.110935
BERT_20_instability                       0.075427
num_words                                 0.032668
len_sum_desc                              0.028548
len_description                           0.027414
avg_word_len                              0.024214
2                                         0.021114
8                                         0.020268
1                                         0.019905
num_stopwords                             0.019084
num_issues_cretor_prev                    0.018518
avg_num_word_in_sentence                  0.018231
num_sentences                             0.018121
10                                        0.018013
14                                        0.017824
12                                        0.016853
0                                         0.016426
ratio_unusable_issues_text_by_previous    0.015466
7                                         0.015363
6                                         0.015194
9                                         0.014914
13                                        0.013555
3                                         0.013442
11                                        0.012051
5                                         0.011310
4                                         0.011139
time_until_add_sprint                     0.007260
original_story_points_sprint              0.006332
dominant_topic_1                          0.001848
has_acceptance_criteria                   0.001365
num_headlines                             0.001198
has_url                                   0.000785
num_changes_text_before_sprint            0.000627
block_by                                  0.000503
num_question_marks                        0.000449
num_changes_story_point_before_sprint     0.000412
relates                                   0.000392
block                                     0.000296
duplicate                                 0.000089
has_please                                0.000082
duplicate_by                              0.000022
has_template                              0.000006
has_tbd                                   0.000003
has_code                                  0.000000
if_acceptance_empty_tbd                   0.000000
len_acceptance                            0.000000
if_description_empty_tbd                  0.000000
adj_count                                 0.000000
priority                                  0.000000
num_comments_before_sprint                0.000000
pron_count                                0.000000
noun_count                                0.000000
verb_count                                0.000000
adv_count                                 0.000000
dtype: float64",0.5269709543568465,"[[231.61800487 250.38199513]
 [ 98.43661972 383.56338028]]","              precision    recall  f1-score   support

           0       0.70      0.48      0.57 482.00000000000455
           1       0.61      0.80      0.69 482.00000000000057

    accuracy                           0.64 964.0000000000051
   macro avg       0.65      0.64      0.63 964.0000000000051
weighted avg       0.65      0.64      0.63 964.0000000000051
",0.5909298864562329,0.5974965876605784,0.6507059387957919,"[1 1 1 1 0 1 0 0 1 1 1 1 1 0 0 0 1 1 1 0 0 0 0 0 0 0 0 0 0 0 0 0 0 0 0 0 0
 1 0 0 0 0 0 0 1 1 0 0 0 0 1 0 1 0 0 0 0 1 1 0 1 0 1 0 0 0 1 0 0 1 0 0 1 1
 0 1 1 1 0 0 0 0 0 0 1 1 1 0 0 1 1 0 1 1 0 0 0 0 0 0 0 1 0 1 1 0 0 1 0 0 0
 1 1 0 1 1 1 1 0 0 1 1 0 0 1 0 0 0 0 0 0 1 1 0 1 1 0 1 0 1 0 1 1 0 1 1 0 0
 1 0 0 0 0 0 1 1 1 1 1 0 0 0 0 1 0 0 0 0 0 0 0 0 0 1 1 0 0 1 0 0 1 0 0 1 0
 1 1 1 1 0 0 0 0 0 1 1 1 1 0 1 1 1 0 0 0 0 1 1 1 0 1 1 1 1 0 1 1 1 0 0 1 0
 0 1 1 0 0 1 1 1 0 0 1 1 0 1 1 1 1 0 1 0 0 0 1 1 1 1 1 0 1 1 1 0 1 0 1 0 1
 1 1 1 1 1 1 1 1 1 1 1 0 0 1 1 1 1 1 1 1 1 0 1 0 1 1 1 1 0 0 0 1 1 1 1 1 1
 1 1 0 1 0 0 0 1 1 0 0 0 1 0 0 1 0 0 0 0 1 0 0 0 0 1 1 1 1 1 1 0 0 0 0 1 1
 1 0 0 1 0 0 1 1 1 1 1 1 0 1 1 1 1 1 1 1 1 1 0 1 0 1 1 1 1 1 0 1 1 1 1 1 0
 0 0 0 0 1 1 1 1 1 1 1 1 1 1 1 0 1 1 1 1 0 0 0 0 1 0 0 1 0 0 0 0 1 1 1 1 1
 1 1 1 1 1 1 1 1 1 1 1 1 0 1 1 1 0 1 1 1 1 1 1 1 0 1 0 0 1 1 0 1 0 0 1 0 0
 1 1 1 1 1 1 1 1 1 0 1 1 1 1 0 1 0 1 1 1 0 1 1 1 1 1 0 0 0 0 1 1 0 0 1 1 0
 1 1 1 0 1 1 1 0 1 1 0 0 1 1 1 1 0 0 0 0 1 0 1 0 1 0 1 0 1 1 0 0 0 0 0 1 1
 0 1 1 1 0 1 0 1 0 1 1 1 1 0 0 1 1 0 0 0 1 0 1 0 0 1 1 1 0 1 1 0 1 1 1 0 1
 0 0 1 1 1 0 1 0 0 0 0 0 1 1 1 1 0 1 0 1 1 1 1 1 1 1 1 1 1 1 1 1 1 1 1 1 1
 1 1 1 1 1 1 1 1 1 0 0 1 1 1 0 0 1 0 1 1 1 1 0 1 1 0 1 0 0 1 1 1 0 0 1 1 0
 0 1 1 0 0 0 0 1 0 1 0 0 1 0 1 1 1 1 0 1 1 1 1 1 1 1 0 1 0 1 1 1 1 1 0 1 1
 0 0 1 0 1 0 1 1 0 0 1 1 0 1 0 0 0 0 0 1 1 0 1 1 0 1 1 1 0 1 0 0 1 1 1 1 1
 1 1 1 1 0 0 1 1 1 0 1 1 1 1 1 1 0 0 0 0 1 0 0 0 0 0 0 0 1 1 1 0 0 0 1 1 1
 1 1 1 0 0 0 1 1 0 1 0 0 0 0 0 1 0 1 1 0 1 0 0 1 1 1 0 0 1 1 1 1 0 1 1 0 0
 1 1 0 1 1 1 1 1 1 1 1 0 0 1 1 0 0 0 0 1 1 1 1 0 1 1 0 1 1 1 0 1 0 0 0 0 0
 1 0 0 0 0 1 0 0 0 0 0 0 1 0 1 0 0 0 0 0 0 0 0 0 1 0 1 1 1 1 0 1 1 1 0 1 1
 1 1 0 1 1 1 1 1 1 0 0 1 1 0 0 0 0 0 1 1 1 1 1 0 0 0 0 0 1 0 1 0 0 1 1 1 0
 0 1 1 1 0 0 0 1 0 0 0 0 1 1 1 0 1 0 1 1 1 1 1 1 1 1 0 0 1 1 1 1 0 0 1 1 1
 1 1 1 0 1 0 1 1 0 0 0 1 0 0 0 0 1 1 0 1 1 0 1 1 1 1 0 1 1 0 1 0 0 0 0 0 1
 0 0]","[0.5        0.50030432 0.50060901 0.50121951 0.50152532 0.5018315
 0.50213806 0.50244499 0.50275229 0.50305998 0.50336803 0.50367647
 0.50398529 0.50429448 0.50460405 0.504914   0.50522434 0.50553506
 0.50584615 0.50615764 0.5064695  0.50678175 0.50709439 0.50740741
 0.50772082 0.50803461 0.50834879 0.50866337 0.50897833 0.507212
 0.50752739 0.50784317 0.50815935 0.50847591 0.50879288 0.50911024
 0.50942799 0.50974614 0.51006469 0.51038364 0.51070299 0.51102273
 0.51134288 0.51166343 0.51198438 0.51230573 0.51262749 0.51294965
 0.51327222 0.51359519 0.51391857 0.51424236 0.51456656 0.51489116
 0.51521617 0.5155416  0.51586743 0.51619368 0.51652034 0.51684742
 0.51717491 0.51750281 0.51783113 0.51815987 0.51848903 0.5188186
 0.51914859 0.51947901 0.51980984 0.5201411  0.52047277 0.52080487
 0.5211374  0.52147035 0.52180373 0.52213753 0.52247176 0.52280642
 0.5231415  0.52347702 0.52381297 0.52414935 0.52448616 0.5248234
 0.52516108 0.52549919 0.52583774 0.52617673 0.52651615 0.52685601
 0.52719631 0.52753705 0.52787823 0.52821985 0.52856192 0.52890442
 0.52924738 0.52959077 0.52781727 0.52816126 0.52850569 0.52885057
 0.52919591 0.52954169 0.52988793 0.53023462 0.53058176 0.53092936
 0.53127741 0.53162592 0.53197489 0.53232432 0.5326742  0.53302455
 0.53337536 0.53372663 0.53407836 0.53443055 0.53478321 0.53513634
 0.53548994 0.535844   0.53619853 0.53655352 0.53690899 0.53726493
 0.53762135 0.53797823 0.53833559 0.53655352 0.53691155 0.53727006
 0.53762905 0.53798851 0.53834846 0.53870889 0.5390698  0.53943119
 0.53979307 0.54015544 0.54051829 0.54088163 0.54124546 0.54160978
 0.54197459 0.5423399  0.54270569 0.54307198 0.54343876 0.54380604
 0.54417382 0.54454209 0.54491087 0.54528014 0.54564991 0.54385931
 0.54422983 0.54460085 0.54497238 0.54534441 0.54571695 0.54609
 0.54646357 0.54683764 0.54721223 0.54758733 0.54796294 0.54833907
 0.54871572 0.54909288 0.54947056 0.54984877 0.55022749 0.55060674
 0.55098651 0.5513668  0.55174762 0.55212896 0.55251084 0.55289324
 0.55327617 0.55365963 0.55404363 0.55442815 0.55481321 0.55519881
 0.55558494 0.55597161 0.55635882 0.55674657 0.55713486 0.55752369
 0.55791306 0.55830298 0.55869345 0.55908446 0.55947602 0.55986812
 0.55807523 0.55846822 0.55886177 0.55925587 0.55965054 0.56004575
 0.56044153 0.56083787 0.56123476 0.56163222 0.56203024 0.56242883
 0.56282798 0.5632277  0.56362799 0.56402885 0.56443028 0.56483228
 0.56523485 0.565638   0.56604172 0.56644602 0.5668509  0.56725635
 0.5654571  0.56586354 0.56627055 0.56667816 0.56708635 0.56749513
 0.5679045  0.56831446 0.56872501 0.56913615 0.5695479  0.56996023
 0.57037317 0.5707867  0.57120083 0.57161557 0.57203091 0.57244685
 0.57286339 0.57328055 0.57369831 0.57411668 0.57453566 0.57495526
 0.57537546 0.57579628 0.57621772 0.57663978 0.57706245 0.57748574
 0.57790966 0.5761084  0.57653342 0.57695907 0.57738535 0.57781226
 0.5782398  0.57866797 0.57909678 0.57952623 0.57995631 0.58038703
 0.58081839 0.58125039 0.58168304 0.58211633 0.58255027 0.58298485
 0.58342008 0.58385596 0.5842925  0.58472969 0.58516753 0.58560603
 0.58604519 0.586485   0.58692548 0.58736662 0.58780842 0.58825089
 0.58869402 0.58913782 0.58733697 0.58778202 0.58596589 0.5864122
 0.5868592  0.58730687 0.58775523 0.58820428 0.58865401 0.58682531
 0.58727633 0.58772804 0.5858842  0.5863372  0.58679091 0.58724532
 0.58770044 0.58815626 0.58861278 0.58675599 0.58721384 0.58767241
 0.58579999 0.5862599  0.58672052 0.58718187 0.58764395 0.58810675
 0.58857029 0.58903455 0.58949955 0.58996528 0.59043175 0.59089896
 0.59136691 0.5918356  0.59230503 0.59277521 0.59324613 0.59371781
 0.59419023 0.59466341 0.59513734 0.59326086 0.59373625 0.59421239
 0.59468931 0.59516698 0.59564543 0.59612465 0.59660463 0.5970854
 0.5951971  0.59567936 0.59616241 0.59664624 0.59713086 0.59761627
 0.59810246 0.59858945 0.59907723 0.59717706 0.59525879 0.59574888
 0.59623977 0.59673148 0.597224   0.59771733 0.59578448 0.5962794
 0.59677514 0.5972717  0.59532249 0.59582066 0.59385326 0.59435304
 0.59485367 0.59535513 0.59585745 0.59636061 0.59686462 0.59736949
 0.59787521 0.59838178 0.59640223 0.59691048 0.5974196  0.59542206
 0.59593287 0.59644455 0.59695712 0.5949421  0.59545637 0.59597154
 0.59648759 0.59700454 0.59752239 0.59804113 0.59856078 0.59908133
 0.59705278 0.5975751  0.59809834 0.59862249 0.59914757 0.59967357
 0.60020049 0.60072834 0.60125711 0.59921495 0.59974557 0.60027713
 0.60080963 0.60134307 0.60187746 0.60241281 0.60035511 0.60089234
 0.60143054 0.6019697  0.60250983 0.60305092 0.603593   0.60413604
 0.60468007 0.60522507 0.60577106 0.60370153 0.6042495  0.60479846
 0.60534843 0.60326003 0.603812   0.60436499 0.60491899 0.605474
 0.60603003 0.60658709 0.60714517 0.60504169 0.60560185 0.60616304
 0.60672528 0.60728856 0.60516663 0.60573203 0.60629849 0.606866
 0.60743458 0.60800423 0.60857494 0.60914673 0.60700933 0.6075833
 0.60815837 0.60873452 0.60657695 0.60715533 0.60773481 0.60831539
 0.60889709 0.6094799  0.61006383 0.61064887 0.61123504 0.61182234
 0.60965121 0.61024083 0.60804647 0.60863842 0.60923153 0.6098258
 0.61042122 0.60820679 0.6088046  0.60940358 0.61000375 0.61060509
 0.61120763 0.608974   0.60671456 0.60732078 0.60792821 0.60853686
 0.60625488 0.60394613 0.6045585  0.60517212 0.60578698 0.60640309
 0.60702046 0.60763909 0.60825898 0.60593184 0.60655429 0.60717803
 0.60780305 0.60842936 0.60905697 0.60968586 0.61031606 0.61094756
 0.60860322 0.60923741 0.606866   0.60750288 0.6081411  0.60878066
 0.60638441 0.6070267  0.60767037 0.60831539 0.60589377 0.60654158
 0.60719077 0.60784136 0.60849335 0.60914673 0.60980152 0.61045771
 0.61111533 0.61177436 0.61243481 0.61309669 0.61066095 0.61132579
 0.61199208 0.61265982 0.61332903 0.61399969 0.61467183 0.61534543
 0.61602052 0.61356639 0.61424457 0.61492426 0.61244177 0.61312459
 0.61380893 0.61449481 0.61198498 0.61267405 0.61336466 0.61082524
 0.60825223 0.60894772 0.60964481 0.61034349 0.61104378 0.61174567
 0.60914673 0.60985194 0.61055879 0.61126728 0.60863842 0.60935029
 0.61006383 0.60740261 0.60811957 0.60883822 0.60955857 0.61028062
 0.60758983 0.60486163 0.60209522 0.6028243  0.60355515 0.60428777
 0.60502217 0.60222375 0.60296174 0.60370153 0.60444314 0.60161015
 0.59873629 0.59582066 0.59656949 0.59732019 0.59807279 0.59882729
 0.5995837  0.60034201 0.59739444 0.59815653 0.59892057 0.59593287
 0.59290032 0.59367001 0.5944417  0.5952154  0.59599112 0.59292003
 0.58980189 0.59058336 0.59136691 0.59215253 0.59294025 0.59373007
 0.59057307 0.59136691 0.59216288 0.59296101 0.59376129 0.59456373
 0.59536834 0.59617513 0.59698412 0.5977953  0.59860869 0.59942429
 0.60024213 0.60106219 0.59788196 0.59870644 0.59953321 0.60036226
 0.59713742 0.59797098 0.59880688 0.59964511 0.59637441 0.59721725
 0.59806247 0.59474234 0.59559223 0.59644455 0.59729932 0.59815653
 0.59901621 0.59565217 0.59651669 0.59738372 0.59825328 0.59912536
 0.6        0.60087719 0.60175695 0.6026393  0.60352423 0.60012516
 0.5966673  0.59755995 0.59404425 0.5949421  0.59584266 0.59226997
 0.5931758  0.58954186 0.59045297 0.59136691 0.59228367 0.5885917
 0.58951387 0.59043893 0.58668451 0.58761505 0.58854854 0.58948501
 0.59042446 0.58661078 0.58755588 0.58850402 0.58945523 0.59040952
 0.59136691 0.5923274  0.59329102 0.5894245  0.59039411 0.58645614
 0.58743176 0.58841063 0.58939276 0.59037818 0.58637499 0.58736662
 0.58836161 0.58935997 0.59036173 0.59136691 0.59237551 0.59338755
 0.59440307 0.59542206 0.59644455 0.59747056 0.59342192 0.5944548
 0.59032713 0.58611459 0.5818145  0.58286062 0.57847327 0.57952623
 0.58058302 0.58164368 0.58270822 0.5782398  0.57931142 0.57474934
 0.57582807 0.57691085 0.57799772 0.57908869 0.57443892 0.57553724
 0.57663978 0.57774654 0.57300238 0.57411668 0.57523532 0.57635834
 0.57151598 0.56656164 0.56149139 0.56262834 0.55744091 0.55212896
 0.54668795 0.54783768 0.54899225 0.5501517  0.55131606 0.54575085
 0.54692273 0.54809965 0.54928166 0.55046877 0.55166102 0.55285845
 0.55406109 0.55526898 0.55648214 0.55770061 0.55892443 0.55324944
 0.55448185 0.55571977 0.55696322 0.55821226 0.5594669  0.55365963
 0.55492333 0.55619281 0.55746811 0.55874927 0.55279992 0.55409049
 0.5553871  0.55668979 0.55799861 0.5593136  0.56063479 0.56196225
 0.56329601 0.56463611 0.5659826  0.56733553 0.56869495 0.56262834
 0.56399876 0.56537589 0.56675975 0.5681504  0.5695479  0.57095228
 0.57236361 0.57378193 0.57520731 0.57663978 0.57044735 0.56407108
 0.55750266 0.55895758 0.56042012 0.56189033 0.55513451 0.54816706
 0.5496542  0.54246894 0.53505069 0.53655352 0.53806482 0.53958466
 0.53193124 0.53346313 0.52555377 0.52709747 0.52865026 0.53021223
 0.53178346 0.53336403 0.53495402 0.53655352 0.53816262 0.53978139
 0.54140993 0.54304833 0.53490087 0.53655352 0.52811378 0.52978042
 0.53145762 0.53314546 0.53484407 0.53655352 0.53827395 0.52954169
 0.53127741 0.53302455 0.52396242 0.52572484 0.52749917 0.52928551
 0.53108399 0.53289474 0.53471787 0.53655352 0.52715702 0.5290099
 0.53087585 0.53275501 0.52298061 0.5248774  0.526788   0.52871257
 0.53065124 0.53260419 0.53457156 0.53655352 0.53855024 0.52839083
 0.53040813 0.53244089 0.5344893  0.53655352 0.53863376 0.54073018
 0.54284299 0.54497238 0.54711853 0.54928166 0.55146196 0.55365963
 0.55587489 0.55810796 0.56035903 0.56262834 0.5649161  0.56722254
 0.5695479  0.57189239 0.57425627 0.57663978 0.57904315 0.56863571
 0.57107473 0.57353477 0.56262834 0.55114943 0.55365963 0.55619281
 0.55874927 0.56132934 0.56393336 0.56656164 0.56921454 0.57189239
 0.57459557 0.57732441 0.58007931 0.58286062 0.58566872 0.58850402
 0.59136691 0.59425778 0.59717706 0.60012516 0.60310251 0.60610955
 0.59440307 0.59747056 0.60056988 0.58820428 0.59136691 0.59456373
 0.5977953  0.60106219 0.60436499 0.60770428 0.61108068 0.61449481
 0.6179473  0.6214388  0.62496999 0.62854153 0.63215413 0.61949422
 0.60593184 0.60968586 0.6134867  0.61733522 0.62123233 0.62517895
 0.62917605 0.63322458 0.61903417 0.60370153 0.60792821 0.6122145
 0.61656166 0.62097099 0.62544385 0.62998161 0.61376    0.61844368
 0.62319939 0.62802881 0.61055879 0.615553   0.62062957 0.62579058
 0.63103815 0.63637446 0.61765811 0.59691048 0.60255898 0.57952623
 0.5853867  0.59136691 0.59747056 0.57189239 0.5782398  0.58472969
 0.59136691 0.59815653 0.60510388 0.57663978 0.5839105  0.59136691
 0.59901621 0.56656164 0.57459557 0.58286062 0.59136691 0.60012516
 0.60914673 0.61844368 0.62802881 0.63791574 0.64811895 0.65865385
 0.66953689 0.68078561 0.69241877 0.70445642 0.71692001 0.72983257
 0.69838573 0.71271676 0.72764827 0.74321881 0.75947028 0.77644836
 0.7942029  0.8127884  0.8322646  0.80525078 0.76786548 0.7942029
 0.74321881 0.65865385 0.69838573 0.53655352 0.59136691 0.65865385
 0.74321881 0.         0.         1.        ]","[1.         1.         1.         1.         1.         1.
 1.         1.         1.         1.         1.         1.
 1.         1.         1.         1.         1.         1.
 1.         1.         1.         1.         1.         1.
 1.         1.         1.         1.         1.         0.99295775
 0.99295775 0.99295775 0.99295775 0.99295775 0.99295775 0.99295775
 0.99295775 0.99295775 0.99295775 0.99295775 0.99295775 0.99295775
 0.99295775 0.99295775 0.99295775 0.99295775 0.99295775 0.99295775
 0.99295775 0.99295775 0.99295775 0.99295775 0.99295775 0.99295775
 0.99295775 0.99295775 0.99295775 0.99295775 0.99295775 0.99295775
 0.99295775 0.99295775 0.99295775 0.99295775 0.99295775 0.99295775
 0.99295775 0.99295775 0.99295775 0.99295775 0.99295775 0.99295775
 0.99295775 0.99295775 0.99295775 0.99295775 0.99295775 0.99295775
 0.99295775 0.99295775 0.99295775 0.99295775 0.99295775 0.99295775
 0.99295775 0.99295775 0.99295775 0.99295775 0.99295775 0.99295775
 0.99295775 0.99295775 0.99295775 0.99295775 0.99295775 0.99295775
 0.99295775 0.99295775 0.98591549 0.98591549 0.98591549 0.98591549
 0.98591549 0.98591549 0.98591549 0.98591549 0.98591549 0.98591549
 0.98591549 0.98591549 0.98591549 0.98591549 0.98591549 0.98591549
 0.98591549 0.98591549 0.98591549 0.98591549 0.98591549 0.98591549
 0.98591549 0.98591549 0.98591549 0.98591549 0.98591549 0.98591549
 0.98591549 0.98591549 0.98591549 0.97887324 0.97887324 0.97887324
 0.97887324 0.97887324 0.97887324 0.97887324 0.97887324 0.97887324
 0.97887324 0.97887324 0.97887324 0.97887324 0.97887324 0.97887324
 0.97887324 0.97887324 0.97887324 0.97887324 0.97887324 0.97887324
 0.97887324 0.97887324 0.97887324 0.97887324 0.97887324 0.97183099
 0.97183099 0.97183099 0.97183099 0.97183099 0.97183099 0.97183099
 0.97183099 0.97183099 0.97183099 0.97183099 0.97183099 0.97183099
 0.97183099 0.97183099 0.97183099 0.97183099 0.97183099 0.97183099
 0.97183099 0.97183099 0.97183099 0.97183099 0.97183099 0.97183099
 0.97183099 0.97183099 0.97183099 0.97183099 0.97183099 0.97183099
 0.97183099 0.97183099 0.97183099 0.97183099 0.97183099 0.97183099
 0.97183099 0.97183099 0.97183099 0.97183099 0.97183099 0.97183099
 0.96478873 0.96478873 0.96478873 0.96478873 0.96478873 0.96478873
 0.96478873 0.96478873 0.96478873 0.96478873 0.96478873 0.96478873
 0.96478873 0.96478873 0.96478873 0.96478873 0.96478873 0.96478873
 0.96478873 0.96478873 0.96478873 0.96478873 0.96478873 0.96478873
 0.95774648 0.95774648 0.95774648 0.95774648 0.95774648 0.95774648
 0.95774648 0.95774648 0.95774648 0.95774648 0.95774648 0.95774648
 0.95774648 0.95774648 0.95774648 0.95774648 0.95774648 0.95774648
 0.95774648 0.95774648 0.95774648 0.95774648 0.95774648 0.95774648
 0.95774648 0.95774648 0.95774648 0.95774648 0.95774648 0.95774648
 0.95774648 0.95070423 0.95070423 0.95070423 0.95070423 0.95070423
 0.95070423 0.95070423 0.95070423 0.95070423 0.95070423 0.95070423
 0.95070423 0.95070423 0.95070423 0.95070423 0.95070423 0.95070423
 0.95070423 0.95070423 0.95070423 0.95070423 0.95070423 0.95070423
 0.95070423 0.95070423 0.95070423 0.95070423 0.95070423 0.95070423
 0.95070423 0.95070423 0.94366197 0.94366197 0.93661972 0.93661972
 0.93661972 0.93661972 0.93661972 0.93661972 0.93661972 0.92957746
 0.92957746 0.92957746 0.92253521 0.92253521 0.92253521 0.92253521
 0.92253521 0.92253521 0.92253521 0.91549296 0.91549296 0.91549296
 0.9084507  0.9084507  0.9084507  0.9084507  0.9084507  0.9084507
 0.9084507  0.9084507  0.9084507  0.9084507  0.9084507  0.9084507
 0.9084507  0.9084507  0.9084507  0.9084507  0.9084507  0.9084507
 0.9084507  0.9084507  0.9084507  0.90140845 0.90140845 0.90140845
 0.90140845 0.90140845 0.90140845 0.90140845 0.90140845 0.90140845
 0.8943662  0.8943662  0.8943662  0.8943662  0.8943662  0.8943662
 0.8943662  0.8943662  0.8943662  0.88732394 0.88028169 0.88028169
 0.88028169 0.88028169 0.88028169 0.88028169 0.87323944 0.87323944
 0.87323944 0.87323944 0.86619718 0.86619718 0.85915493 0.85915493
 0.85915493 0.85915493 0.85915493 0.85915493 0.85915493 0.85915493
 0.85915493 0.85915493 0.85211268 0.85211268 0.85211268 0.84507042
 0.84507042 0.84507042 0.84507042 0.83802817 0.83802817 0.83802817
 0.83802817 0.83802817 0.83802817 0.83802817 0.83802817 0.83802817
 0.83098592 0.83098592 0.83098592 0.83098592 0.83098592 0.83098592
 0.83098592 0.83098592 0.83098592 0.82394366 0.82394366 0.82394366
 0.82394366 0.82394366 0.82394366 0.82394366 0.81690141 0.81690141
 0.81690141 0.81690141 0.81690141 0.81690141 0.81690141 0.81690141
 0.81690141 0.81690141 0.81690141 0.80985915 0.80985915 0.80985915
 0.80985915 0.8028169  0.8028169  0.8028169  0.8028169  0.8028169
 0.8028169  0.8028169  0.8028169  0.79577465 0.79577465 0.79577465
 0.79577465 0.79577465 0.78873239 0.78873239 0.78873239 0.78873239
 0.78873239 0.78873239 0.78873239 0.78873239 0.78169014 0.78169014
 0.78169014 0.78169014 0.77464789 0.77464789 0.77464789 0.77464789
 0.77464789 0.77464789 0.77464789 0.77464789 0.77464789 0.77464789
 0.76760563 0.76760563 0.76056338 0.76056338 0.76056338 0.76056338
 0.76056338 0.75352113 0.75352113 0.75352113 0.75352113 0.75352113
 0.75352113 0.74647887 0.73943662 0.73943662 0.73943662 0.73943662
 0.73239437 0.72535211 0.72535211 0.72535211 0.72535211 0.72535211
 0.72535211 0.72535211 0.72535211 0.71830986 0.71830986 0.71830986
 0.71830986 0.71830986 0.71830986 0.71830986 0.71830986 0.71830986
 0.71126761 0.71126761 0.70422535 0.70422535 0.70422535 0.70422535
 0.6971831  0.6971831  0.6971831  0.6971831  0.69014085 0.69014085
 0.69014085 0.69014085 0.69014085 0.69014085 0.69014085 0.69014085
 0.69014085 0.69014085 0.69014085 0.69014085 0.68309859 0.68309859
 0.68309859 0.68309859 0.68309859 0.68309859 0.68309859 0.68309859
 0.68309859 0.67605634 0.67605634 0.67605634 0.66901408 0.66901408
 0.66901408 0.66901408 0.66197183 0.66197183 0.66197183 0.65492958
 0.64788732 0.64788732 0.64788732 0.64788732 0.64788732 0.64788732
 0.64084507 0.64084507 0.64084507 0.64084507 0.63380282 0.63380282
 0.63380282 0.62676056 0.62676056 0.62676056 0.62676056 0.62676056
 0.61971831 0.61267606 0.6056338  0.6056338  0.6056338  0.6056338
 0.6056338  0.59859155 0.59859155 0.59859155 0.59859155 0.5915493
 0.58450704 0.57746479 0.57746479 0.57746479 0.57746479 0.57746479
 0.57746479 0.57746479 0.57042254 0.57042254 0.57042254 0.56338028
 0.55633803 0.55633803 0.55633803 0.55633803 0.55633803 0.54929577
 0.54225352 0.54225352 0.54225352 0.54225352 0.54225352 0.54225352
 0.53521127 0.53521127 0.53521127 0.53521127 0.53521127 0.53521127
 0.53521127 0.53521127 0.53521127 0.53521127 0.53521127 0.53521127
 0.53521127 0.53521127 0.52816901 0.52816901 0.52816901 0.52816901
 0.52112676 0.52112676 0.52112676 0.52112676 0.51408451 0.51408451
 0.51408451 0.50704225 0.50704225 0.50704225 0.50704225 0.50704225
 0.50704225 0.5        0.5        0.5        0.5        0.5
 0.5        0.5        0.5        0.5        0.5        0.49295775
 0.48591549 0.48591549 0.47887324 0.47887324 0.47887324 0.47183099
 0.47183099 0.46478873 0.46478873 0.46478873 0.46478873 0.45774648
 0.45774648 0.45774648 0.45070423 0.45070423 0.45070423 0.45070423
 0.45070423 0.44366197 0.44366197 0.44366197 0.44366197 0.44366197
 0.44366197 0.44366197 0.44366197 0.43661972 0.43661972 0.42957746
 0.42957746 0.42957746 0.42957746 0.42957746 0.42253521 0.42253521
 0.42253521 0.42253521 0.42253521 0.42253521 0.42253521 0.42253521
 0.42253521 0.42253521 0.42253521 0.42253521 0.41549296 0.41549296
 0.4084507  0.40140845 0.3943662  0.3943662  0.38732394 0.38732394
 0.38732394 0.38732394 0.38732394 0.38028169 0.38028169 0.37323944
 0.37323944 0.37323944 0.37323944 0.37323944 0.36619718 0.36619718
 0.36619718 0.36619718 0.35915493 0.35915493 0.35915493 0.35915493
 0.35211268 0.34507042 0.33802817 0.33802817 0.33098592 0.32394366
 0.31690141 0.31690141 0.31690141 0.31690141 0.31690141 0.30985915
 0.30985915 0.30985915 0.30985915 0.30985915 0.30985915 0.30985915
 0.30985915 0.30985915 0.30985915 0.30985915 0.30985915 0.3028169
 0.3028169  0.3028169  0.3028169  0.3028169  0.3028169  0.29577465
 0.29577465 0.29577465 0.29577465 0.29577465 0.28873239 0.28873239
 0.28873239 0.28873239 0.28873239 0.28873239 0.28873239 0.28873239
 0.28873239 0.28873239 0.28873239 0.28873239 0.28873239 0.28169014
 0.28169014 0.28169014 0.28169014 0.28169014 0.28169014 0.28169014
 0.28169014 0.28169014 0.28169014 0.28169014 0.27464789 0.26760563
 0.26056338 0.26056338 0.26056338 0.26056338 0.25352113 0.24647887
 0.24647887 0.23943662 0.23239437 0.23239437 0.23239437 0.23239437
 0.22535211 0.22535211 0.21830986 0.21830986 0.21830986 0.21830986
 0.21830986 0.21830986 0.21830986 0.21830986 0.21830986 0.21830986
 0.21830986 0.21830986 0.21126761 0.21126761 0.20422535 0.20422535
 0.20422535 0.20422535 0.20422535 0.20422535 0.20422535 0.1971831
 0.1971831  0.1971831  0.19014085 0.19014085 0.19014085 0.19014085
 0.19014085 0.19014085 0.19014085 0.19014085 0.18309859 0.18309859
 0.18309859 0.18309859 0.17605634 0.17605634 0.17605634 0.17605634
 0.17605634 0.17605634 0.17605634 0.17605634 0.17605634 0.16901408
 0.16901408 0.16901408 0.16901408 0.16901408 0.16901408 0.16901408
 0.16901408 0.16901408 0.16901408 0.16901408 0.16901408 0.16901408
 0.16901408 0.16901408 0.16901408 0.16901408 0.16901408 0.16901408
 0.16901408 0.16901408 0.16901408 0.16901408 0.16901408 0.16197183
 0.16197183 0.16197183 0.15492958 0.14788732 0.14788732 0.14788732
 0.14788732 0.14788732 0.14788732 0.14788732 0.14788732 0.14788732
 0.14788732 0.14788732 0.14788732 0.14788732 0.14788732 0.14788732
 0.14788732 0.14788732 0.14788732 0.14788732 0.14788732 0.14788732
 0.14084507 0.14084507 0.14084507 0.13380282 0.13380282 0.13380282
 0.13380282 0.13380282 0.13380282 0.13380282 0.13380282 0.13380282
 0.13380282 0.13380282 0.13380282 0.13380282 0.13380282 0.12676056
 0.11971831 0.11971831 0.11971831 0.11971831 0.11971831 0.11971831
 0.11971831 0.11971831 0.11267606 0.1056338  0.1056338  0.1056338
 0.1056338  0.1056338  0.1056338  0.1056338  0.09859155 0.09859155
 0.09859155 0.09859155 0.0915493  0.0915493  0.0915493  0.0915493
 0.0915493  0.0915493  0.08450704 0.07746479 0.07746479 0.07042254
 0.07042254 0.07042254 0.07042254 0.06338028 0.06338028 0.06338028
 0.06338028 0.06338028 0.06338028 0.05633803 0.05633803 0.05633803
 0.05633803 0.04929577 0.04929577 0.04929577 0.04929577 0.04929577
 0.04929577 0.04929577 0.04929577 0.04929577 0.04929577 0.04929577
 0.04929577 0.04929577 0.04929577 0.04929577 0.04929577 0.04929577
 0.04225352 0.04225352 0.04225352 0.04225352 0.04225352 0.04225352
 0.04225352 0.04225352 0.04225352 0.03521127 0.02816901 0.02816901
 0.02112676 0.01408451 0.01408451 0.00704225 0.00704225 0.00704225
 0.00704225 0.         0.         0.        ]","[3.88370852e-04 6.94466749e-04 8.38257646e-04 9.92069618e-04
 1.13448539e-03 1.14605885e-03 1.23541925e-03 1.23990526e-03
 1.30522003e-03 1.30980013e-03 1.49726363e-03 1.50973705e-03
 1.91370030e-03 1.94055512e-03 2.03489691e-03 2.03903505e-03
 2.05635483e-03 2.33725651e-03 2.47441707e-03 2.57631583e-03
 2.65149006e-03 2.69361195e-03 2.86394281e-03 2.90756312e-03
 2.98380078e-03 3.07377933e-03 3.16791996e-03 3.21966512e-03
 3.49185495e-03 3.51342786e-03 3.53119856e-03 3.74251884e-03
 3.84517596e-03 4.31188611e-03 4.37431612e-03 4.65981382e-03
 4.68453634e-03 4.96928685e-03 5.51957144e-03 5.59510940e-03
 5.80770145e-03 5.81851945e-03 5.97333325e-03 6.11051764e-03
 6.18171985e-03 6.38094423e-03 6.61963859e-03 6.71961032e-03
 6.96582485e-03 7.19079568e-03 7.72783159e-03 7.73407570e-03
 7.80627570e-03 8.38483778e-03 8.42172087e-03 8.65739198e-03
 8.67939489e-03 8.69597032e-03 8.70254958e-03 8.85388368e-03
 8.96481844e-03 9.17292643e-03 9.21153529e-03 9.49459381e-03
 9.63120786e-03 9.64444885e-03 9.65912187e-03 9.92778723e-03
 1.01147237e-02 1.06337274e-02 1.07589698e-02 1.08971899e-02
 1.09114659e-02 1.16805351e-02 1.20648942e-02 1.23391893e-02
 1.25227333e-02 1.30578638e-02 1.31816858e-02 1.33570630e-02
 1.34908356e-02 1.36056198e-02 1.43804124e-02 1.45777246e-02
 1.46771033e-02 1.48230249e-02 1.48631000e-02 1.51052525e-02
 1.51664025e-02 1.56290397e-02 1.56648848e-02 1.59939933e-02
 1.63340102e-02 1.64181063e-02 1.69140400e-02 1.72729990e-02
 1.74100135e-02 1.77806546e-02 1.81147668e-02 1.91120906e-02
 1.91486286e-02 1.91746009e-02 1.96654949e-02 2.01588107e-02
 2.12332378e-02 2.12910879e-02 2.14124742e-02 2.15392570e-02
 2.16806724e-02 2.17952405e-02 2.20594636e-02 2.20796865e-02
 2.25360708e-02 2.26081072e-02 2.28711886e-02 2.33953919e-02
 2.39592165e-02 2.51213867e-02 2.55733014e-02 2.57785285e-02
 2.57793157e-02 2.63166802e-02 2.66301622e-02 2.67761176e-02
 2.76068162e-02 2.78736420e-02 2.82691013e-02 2.83411120e-02
 2.83752187e-02 2.85105953e-02 2.88762355e-02 2.96823947e-02
 2.98215219e-02 3.00186388e-02 3.00721983e-02 3.05960191e-02
 3.17290579e-02 3.19402246e-02 3.19489705e-02 3.20280572e-02
 3.23461079e-02 3.29514731e-02 3.36491708e-02 3.41249430e-02
 3.48916555e-02 3.51151710e-02 3.53065819e-02 3.61237118e-02
 3.66192158e-02 3.67566917e-02 3.76709815e-02 3.82776094e-02
 3.87758431e-02 3.89598945e-02 3.92486980e-02 3.98738899e-02
 4.03212086e-02 4.03801972e-02 4.05669093e-02 4.19657537e-02
 4.20871733e-02 4.42881689e-02 4.54107896e-02 4.79170911e-02
 4.85905729e-02 4.88324898e-02 4.94848103e-02 4.97541590e-02
 4.99630957e-02 5.19473218e-02 5.19712440e-02 5.21122698e-02
 5.22703958e-02 5.24594049e-02 5.29122680e-02 5.30693250e-02
 5.34784359e-02 5.36146184e-02 5.42375486e-02 5.42693358e-02
 5.52323129e-02 5.54321604e-02 5.58775621e-02 5.67847382e-02
 5.81576103e-02 5.88721421e-02 5.90989081e-02 5.94076789e-02
 6.12789035e-02 6.24474446e-02 6.66190413e-02 6.79249204e-02
 6.82380118e-02 6.85571451e-02 7.06985798e-02 7.28603395e-02
 7.64572665e-02 7.70755191e-02 8.15267235e-02 8.20319288e-02
 8.26113417e-02 8.52105043e-02 8.54403238e-02 8.74541862e-02
 8.82097939e-02 8.97951035e-02 9.01959802e-02 9.10339459e-02
 9.13622711e-02 9.13760798e-02 9.36155997e-02 9.63605552e-02
 9.73618807e-02 9.73958868e-02 9.76259228e-02 1.00793577e-01
 1.01486521e-01 1.01642432e-01 1.05411497e-01 1.08403302e-01
 1.08948116e-01 1.11262454e-01 1.13139411e-01 1.14930109e-01
 1.15888492e-01 1.16422505e-01 1.16426736e-01 1.17299923e-01
 1.18001112e-01 1.19984314e-01 1.22751246e-01 1.24686101e-01
 1.25188790e-01 1.25501972e-01 1.26372373e-01 1.29252195e-01
 1.29843785e-01 1.31551829e-01 1.35424295e-01 1.35771569e-01
 1.36207794e-01 1.36383991e-01 1.38789776e-01 1.41607458e-01
 1.45628132e-01 1.47748993e-01 1.53117693e-01 1.53982277e-01
 1.55579642e-01 1.57009865e-01 1.57363310e-01 1.58051752e-01
 1.65565557e-01 1.68315575e-01 1.69482742e-01 1.72605739e-01
 1.72764411e-01 1.73229830e-01 1.74625016e-01 1.74821979e-01
 1.74998911e-01 1.76594380e-01 1.77077926e-01 1.77865557e-01
 1.80718169e-01 1.83724618e-01 1.84244491e-01 1.85170157e-01
 1.87500658e-01 1.89628708e-01 1.90905920e-01 1.91793596e-01
 1.92388357e-01 1.93144943e-01 1.93678525e-01 1.94298100e-01
 2.03519368e-01 2.07568932e-01 2.07686216e-01 2.09266473e-01
 2.09460913e-01 2.10092978e-01 2.10190471e-01 2.12861019e-01
 2.17876470e-01 2.17951281e-01 2.20259159e-01 2.20336014e-01
 2.26281275e-01 2.29656942e-01 2.30689838e-01 2.31746133e-01
 2.32425340e-01 2.34008140e-01 2.34811804e-01 2.35627439e-01
 2.37038832e-01 2.39034622e-01 2.41735099e-01 2.42178318e-01
 2.46035311e-01 2.47733630e-01 2.48539195e-01 2.49226539e-01
 2.50007581e-01 2.50274504e-01 2.51858269e-01 2.54104250e-01
 2.55442555e-01 2.57250745e-01 2.58104699e-01 2.58459246e-01
 2.59666850e-01 2.62874426e-01 2.65168170e-01 2.66976802e-01
 2.71689816e-01 2.75357313e-01 2.79727125e-01 2.92367175e-01
 2.93320570e-01 2.96819037e-01 2.98602091e-01 2.99563954e-01
 3.03598428e-01 3.04165347e-01 3.04468907e-01 3.10020853e-01
 3.13451785e-01 3.13816903e-01 3.14936930e-01 3.16340722e-01
 3.17129558e-01 3.18572966e-01 3.19857189e-01 3.19974105e-01
 3.20685913e-01 3.21029753e-01 3.21058412e-01 3.24409429e-01
 3.25188580e-01 3.25774088e-01 3.29071635e-01 3.33998575e-01
 3.51743000e-01 3.53831449e-01 3.55592876e-01 3.58410641e-01
 3.58779314e-01 3.59211048e-01 3.62884040e-01 3.64692630e-01
 3.66224970e-01 3.69743000e-01 3.74714344e-01 3.77418479e-01
 3.77804068e-01 3.83099394e-01 3.86449410e-01 3.88613336e-01
 3.89179678e-01 3.91076954e-01 3.94027607e-01 3.94204911e-01
 3.97457030e-01 4.05130464e-01 4.06768203e-01 4.06950983e-01
 4.08608725e-01 4.11551947e-01 4.11596869e-01 4.11697186e-01
 4.16116640e-01 4.17090672e-01 4.20034503e-01 4.20312786e-01
 4.22019349e-01 4.22421283e-01 4.23179528e-01 4.23703723e-01
 4.24109741e-01 4.24568682e-01 4.26295314e-01 4.30425482e-01
 4.32939945e-01 4.33256200e-01 4.37795215e-01 4.40552615e-01
 4.41832619e-01 4.43384128e-01 4.44126269e-01 4.44238939e-01
 4.45965707e-01 4.46755582e-01 4.47454279e-01 4.50343723e-01
 4.51781941e-01 4.53043033e-01 4.53062198e-01 4.53398101e-01
 4.58347113e-01 4.65316733e-01 4.67217139e-01 4.69091989e-01
 4.70667082e-01 4.73753062e-01 4.75197824e-01 4.76505735e-01
 4.77125059e-01 4.82483312e-01 4.87297341e-01 4.88949228e-01
 4.89221080e-01 4.92277003e-01 4.92653906e-01 4.94395244e-01
 4.95207178e-01 4.95494131e-01 4.95842440e-01 4.96568015e-01
 4.98119914e-01 4.98979386e-01 4.99520070e-01 5.01688409e-01
 5.01929384e-01 5.02761188e-01 5.04251045e-01 5.04350993e-01
 5.04764928e-01 5.05238926e-01 5.05492013e-01 5.05613729e-01
 5.06217778e-01 5.08268755e-01 5.08624293e-01 5.09872277e-01
 5.12501068e-01 5.14004838e-01 5.14265836e-01 5.14570147e-01
 5.15922522e-01 5.16805879e-01 5.16856067e-01 5.17208604e-01
 5.18224050e-01 5.18850099e-01 5.23218802e-01 5.23832361e-01
 5.24222957e-01 5.27125014e-01 5.27327183e-01 5.28485163e-01
 5.29369333e-01 5.29730213e-01 5.30976558e-01 5.33163748e-01
 5.33177568e-01 5.33304190e-01 5.34488430e-01 5.34544356e-01
 5.34672741e-01 5.35016618e-01 5.35033113e-01 5.36730328e-01
 5.36828399e-01 5.36945574e-01 5.37320928e-01 5.37495517e-01
 5.37550418e-01 5.37597613e-01 5.37815410e-01 5.40409410e-01
 5.41355841e-01 5.41935786e-01 5.43200479e-01 5.43504954e-01
 5.44130828e-01 5.44158156e-01 5.46137632e-01 5.46228920e-01
 5.46588667e-01 5.46839708e-01 5.48966218e-01 5.49101217e-01
 5.49149515e-01 5.51271091e-01 5.52049319e-01 5.53245621e-01
 5.54707378e-01 5.54825321e-01 5.55729867e-01 5.56647298e-01
 5.56722621e-01 5.57379231e-01 5.58442178e-01 5.59459613e-01
 5.60712320e-01 5.60811284e-01 5.62989857e-01 5.63188732e-01
 5.64515411e-01 5.64732817e-01 5.65084997e-01 5.65974616e-01
 5.67103881e-01 5.67276813e-01 5.68427757e-01 5.68927377e-01
 5.69111787e-01 5.69745495e-01 5.70414439e-01 5.71329628e-01
 5.71691409e-01 5.73393909e-01 5.73472408e-01 5.73848450e-01
 5.73926746e-01 5.75004004e-01 5.75235581e-01 5.76064895e-01
 5.76170054e-01 5.76509385e-01 5.77347671e-01 5.77616947e-01
 5.78278282e-01 5.78328681e-01 5.78897588e-01 5.79080716e-01
 5.79182371e-01 5.79725664e-01 5.80446401e-01 5.81260307e-01
 5.83266878e-01 5.84638950e-01 5.86437305e-01 5.87461014e-01
 5.89194955e-01 5.90120565e-01 5.90752172e-01 5.94777498e-01
 5.94906335e-01 5.95661267e-01 5.96662999e-01 5.97466941e-01
 5.97617918e-01 5.99364072e-01 5.99521442e-01 6.00263027e-01
 6.00425058e-01 6.03363206e-01 6.03427197e-01 6.04009599e-01
 6.04208887e-01 6.06214541e-01 6.07796986e-01 6.09180849e-01
 6.09302716e-01 6.09677933e-01 6.09772422e-01 6.10057990e-01
 6.10907440e-01 6.11162960e-01 6.11904978e-01 6.12444185e-01
 6.15593381e-01 6.15599956e-01 6.16225410e-01 6.17465789e-01
 6.17927543e-01 6.18886009e-01 6.19081402e-01 6.19757216e-01
 6.19918919e-01 6.20563122e-01 6.20604555e-01 6.21246637e-01
 6.22532939e-01 6.23485182e-01 6.23765703e-01 6.24211998e-01
 6.24444671e-01 6.25198703e-01 6.25382970e-01 6.25682879e-01
 6.26801894e-01 6.26850576e-01 6.27353287e-01 6.27734935e-01
 6.28144244e-01 6.28729971e-01 6.29578410e-01 6.29826140e-01
 6.30008485e-01 6.30403339e-01 6.31319973e-01 6.31585048e-01
 6.32586995e-01 6.33299640e-01 6.35814807e-01 6.36280583e-01
 6.41479601e-01 6.41518627e-01 6.41592526e-01 6.42045799e-01
 6.42234608e-01 6.43502789e-01 6.43932487e-01 6.44147484e-01
 6.45282095e-01 6.45356860e-01 6.45699781e-01 6.46949684e-01
 6.48161175e-01 6.48257603e-01 6.48661891e-01 6.48927407e-01
 6.51391669e-01 6.52069172e-01 6.52372619e-01 6.52732132e-01
 6.53241929e-01 6.53565429e-01 6.53653640e-01 6.53925533e-01
 6.54847134e-01 6.55390640e-01 6.55702219e-01 6.55840359e-01
 6.56693720e-01 6.57342676e-01 6.59050397e-01 6.59661034e-01
 6.60653284e-01 6.60877145e-01 6.61444003e-01 6.61509628e-01
 6.62099400e-01 6.62204645e-01 6.62538264e-01 6.62737944e-01
 6.64610726e-01 6.65110978e-01 6.65617399e-01 6.65669523e-01
 6.66138769e-01 6.66155830e-01 6.66306671e-01 6.68971492e-01
 6.71052600e-01 6.71381520e-01 6.71907382e-01 6.72596080e-01
 6.72612306e-01 6.72977588e-01 6.73670462e-01 6.74303295e-01
 6.74905410e-01 6.75593009e-01 6.76008261e-01 6.76955905e-01
 6.77434238e-01 6.78523398e-01 6.79673600e-01 6.80105778e-01
 6.80544102e-01 6.80658199e-01 6.81069454e-01 6.81318203e-01
 6.82427417e-01 6.84472510e-01 6.84603415e-01 6.85262945e-01
 6.85369058e-01 6.85452070e-01 6.85653576e-01 6.85845593e-01
 6.86012172e-01 6.86424611e-01 6.86498784e-01 6.86659547e-01
 6.86771884e-01 6.88875363e-01 6.89221603e-01 6.89776386e-01
 6.90270118e-01 6.90310901e-01 6.90474923e-01 6.90529037e-01
 6.91377988e-01 6.91658995e-01 6.92050048e-01 6.92521281e-01
 6.92980863e-01 6.93441828e-01 6.93540550e-01 6.94067349e-01
 6.96033953e-01 6.97287099e-01 6.97461587e-01 6.97545398e-01
 6.98325040e-01 6.98979109e-01 6.99281288e-01 7.00951679e-01
 7.01039678e-01 7.01061298e-01 7.02578217e-01 7.02585616e-01
 7.03251039e-01 7.03264491e-01 7.03288003e-01 7.04031742e-01
 7.04156792e-01 7.04468497e-01 7.05405734e-01 7.06174452e-01
 7.08467538e-01 7.08875182e-01 7.09894488e-01 7.09957959e-01
 7.10069369e-01 7.10784342e-01 7.11276464e-01 7.13035498e-01
 7.13425256e-01 7.13643238e-01 7.13673728e-01 7.13790674e-01
 7.14708601e-01 7.15240326e-01 7.16636662e-01 7.16893441e-01
 7.17231090e-01 7.17590941e-01 7.18785313e-01 7.18809278e-01
 7.19234948e-01 7.19740305e-01 7.21205599e-01 7.21401404e-01
 7.22058423e-01 7.22188421e-01 7.22703505e-01 7.23045131e-01
 7.23051395e-01 7.23672798e-01 7.23793817e-01 7.23987974e-01
 7.24095992e-01 7.24204200e-01 7.24982382e-01 7.26611494e-01
 7.26705820e-01 7.28249505e-01 7.28250761e-01 7.30911506e-01
 7.32767142e-01 7.32948382e-01 7.33197491e-01 7.33320851e-01
 7.33449849e-01 7.33552832e-01 7.33693279e-01 7.33759911e-01
 7.33920977e-01 7.34471585e-01 7.34536268e-01 7.34809340e-01
 7.34961316e-01 7.35640914e-01 7.36050136e-01 7.36392321e-01
 7.38082985e-01 7.38393958e-01 7.39245611e-01 7.40705142e-01
 7.40992877e-01 7.42317836e-01 7.42578487e-01 7.44938072e-01
 7.45066844e-01 7.45141386e-01 7.45618859e-01 7.46195839e-01
 7.53558623e-01 7.53877626e-01 7.54286998e-01 7.54505757e-01
 7.54616630e-01 7.55077288e-01 7.56400253e-01 7.56480058e-01
 7.57085758e-01 7.57366975e-01 7.57513527e-01 7.57724378e-01
 7.57789253e-01 7.59922376e-01 7.61119025e-01 7.62081626e-01
 7.62858525e-01 7.62864967e-01 7.64181852e-01 7.64482809e-01
 7.65731785e-01 7.66229502e-01 7.66605747e-01 7.67454845e-01
 7.69925363e-01 7.70460639e-01 7.70880455e-01 7.72211072e-01
 7.72344766e-01 7.73454921e-01 7.73639046e-01 7.74681500e-01
 7.75818391e-01 7.76847640e-01 7.79179221e-01 7.79276257e-01
 7.81242126e-01 7.83412333e-01 7.84507681e-01 7.85052235e-01
 7.87538115e-01 7.88102405e-01 7.88881208e-01 7.89033595e-01
 7.89302624e-01 7.91372718e-01 7.92882995e-01 7.93691506e-01
 7.95602758e-01 7.96128979e-01 7.96367995e-01 7.97391547e-01
 8.03603145e-01 8.04823046e-01 8.06148726e-01 8.06470183e-01
 8.08877665e-01 8.12593112e-01 8.13123502e-01 8.13989979e-01
 8.15046792e-01 8.21277711e-01 8.21970333e-01 8.23343974e-01
 8.23348010e-01 8.23652227e-01 8.24479624e-01 8.25447588e-01
 8.27664674e-01 8.28100731e-01 8.28306863e-01 8.28487155e-01
 8.31802018e-01 8.34231861e-01 8.34690406e-01 8.36522118e-01
 8.39607264e-01 8.39940859e-01 8.40832772e-01 8.41415042e-01
 8.41881927e-01 8.43263177e-01 8.43539508e-01 8.44852925e-01
 8.47739322e-01 8.48814277e-01 8.49413169e-01 8.49742941e-01
 8.49982202e-01 8.50486842e-01 8.51672223e-01 8.52323974e-01
 8.57876460e-01 8.59115246e-01 8.59887051e-01 8.62419838e-01
 8.67467892e-01 8.67546534e-01 8.67606844e-01 8.67921234e-01
 8.71131810e-01 8.72747628e-01 8.74002818e-01 8.74538327e-01
 8.75224829e-01 8.79668483e-01 8.79673346e-01 8.82568589e-01
 8.83689298e-01 8.84776694e-01 8.86924148e-01 8.87020051e-01
 8.88703179e-01 8.89886823e-01 8.90428209e-01 8.90800688e-01
 8.91764604e-01 8.91997712e-01 8.92546187e-01 8.92860068e-01
 8.94730755e-01 8.97395388e-01 8.99620301e-01 9.02226955e-01
 9.05622868e-01 9.09926597e-01 9.12140610e-01 9.12524003e-01
 9.13399044e-01 9.13719919e-01 9.18751489e-01 9.20290624e-01
 9.22102395e-01 9.22620639e-01 9.22964854e-01 9.23465846e-01
 9.24284229e-01 9.25282804e-01 9.27038492e-01 9.27536845e-01
 9.27899037e-01 9.28042856e-01 9.28698582e-01 9.29973667e-01
 9.30791529e-01 9.32704224e-01 9.35402398e-01 9.36522227e-01
 9.36976223e-01 9.39629098e-01 9.39809292e-01 9.39897365e-01
 9.40743365e-01 9.41047127e-01 9.42031849e-01 9.42403143e-01
 9.45110691e-01 9.45398631e-01 9.46948194e-01 9.48106251e-01
 9.48685424e-01 9.50437823e-01 9.50565896e-01 9.52460312e-01
 9.53376994e-01 9.53679752e-01 9.54930992e-01 9.55735931e-01
 9.57781940e-01 9.60229720e-01 9.61012645e-01 9.61131983e-01
 9.61559354e-01 9.66111802e-01 9.67096653e-01 9.67260713e-01
 9.70008204e-01 9.71163008e-01 9.72037057e-01]"
Hyperledger,is_change_text_num_words_10,XGboost,"BERT_10_instability                       2.084421e-01
BERT_20_instability                       1.225626e-01
BERT_15_instability                       9.777806e-02
BERT_5_instability                        5.448514e-02
num_words                                 3.213955e-02
num_stopwords                             2.973364e-02
12                                        2.260056e-02
14                                        2.217800e-02
2                                         2.194217e-02
ratio_unusable_issues_text_by_previous    2.161307e-02
num_issues_cretor_prev                    2.152366e-02
avg_word_len                              2.147154e-02
11                                        2.003004e-02
10                                        1.992097e-02
9                                         1.901525e-02
5                                         1.883516e-02
avg_num_word_in_sentence                  1.883050e-02
1                                         1.861370e-02
len_description                           1.853762e-02
len_sum_desc                              1.838253e-02
4                                         1.816191e-02
6                                         1.805941e-02
8                                         1.781060e-02
13                                        1.759142e-02
0                                         1.697992e-02
7                                         1.585760e-02
3                                         1.422425e-02
num_sentences                             1.260801e-02
original_story_points_sprint              1.206881e-02
time_until_add_sprint                     1.135832e-02
num_headlines                             4.936567e-03
has_acceptance_criteria                   4.487037e-03
dominant_topic_1                          1.911503e-03
num_changes_text_before_sprint            1.210776e-03
block_by                                  1.114157e-03
relates                                   1.108047e-03
num_question_marks                        6.015008e-04
block                                     5.798687e-04
has_url                                   5.151013e-04
duplicate                                 1.205482e-04
has_please                                3.331867e-05
duplicate_by                              2.260739e-05
num_changes_story_point_before_sprint     2.919713e-06
has_tbd                                   1.224038e-11
has_template                              0.000000e+00
if_acceptance_empty_tbd                   0.000000e+00
len_acceptance                            0.000000e+00
priority                                  0.000000e+00
if_description_empty_tbd                  0.000000e+00
num_comments_before_sprint                0.000000e+00
noun_count                                0.000000e+00
verb_count                                0.000000e+00
adj_count                                 0.000000e+00
has_code                                  0.000000e+00
pron_count                                0.000000e+00
adv_count                                 0.000000e+00
dtype: float64",0.8205394190871369,"[[457.37226277  24.62773723]
 [444.66197183  37.33802817]]","              precision    recall  f1-score   support

           0       0.51      0.95      0.66 482.00000000000455
           1       0.60      0.08      0.14 482.00000000000057

    accuracy                           0.51 964.0000000000051
   macro avg       0.55      0.51      0.40 964.0000000000051
weighted avg       0.55      0.51      0.40 964.0000000000051
",0.6090910369068275,0.6162129344316248,0.6711387546691341,"[0 0 0 0 0 0 0 0 0 0 0 0 0 0 0 0 0 0 0 0 0 0 0 0 0 0 0 0 0 0 0 0 0 0 0 0 0
 1 0 0 0 0 0 0 0 0 0 0 0 0 0 0 0 0 0 0 0 0 0 0 0 0 0 0 0 0 0 0 0 0 0 0 0 1
 0 1 0 0 0 0 0 0 0 0 0 0 0 0 0 0 1 0 0 0 0 0 0 0 0 0 0 0 0 0 1 0 0 0 0 0 0
 0 0 0 1 0 1 0 0 0 0 0 0 0 0 0 0 0 0 0 0 0 0 0 0 0 0 0 0 0 0 0 0 0 0 0 0 0
 0 0 0 0 0 0 0 0 0 0 0 0 0 0 0 0 0 0 0 0 0 0 0 0 0 0 0 0 0 0 0 0 0 0 0 0 0
 0 0 0 0 0 0 0 0 0 0 0 1 0 0 0 0 0 0 0 0 0 0 0 0 0 0 0 0 0 0 0 1 0 0 0 0 0
 0 0 0 0 0 0 0 0 0 0 0 0 0 0 0 0 0 0 0 0 0 0 0 0 0 0 0 0 0 0 0 0 0 0 0 0 0
 0 0 0 0 0 0 0 0 0 0 0 0 0 0 1 0 0 0 0 0 0 0 0 0 0 0 0 0 0 0 0 0 0 0 0 0 0
 0 1 0 0 0 0 0 0 0 0 0 0 0 0 0 0 0 0 0 0 0 0 0 0 0 0 0 0 0 0 0 0 0 0 0 0 0
 0 0 0 0 0 0 1 0 1 0 0 0 0 0 0 0 0 0 0 1 0 0 0 0 0 0 0 0 0 0 0 0 0 0 0 0 0
 0 0 0 0 1 0 0 1 0 0 0 0 0 0 0 0 0 0 0 0 0 0 0 0 0 0 0 0 0 0 0 0 0 0 0 0 0
 0 1 0 0 0 0 0 0 0 0 0 0 0 0 0 0 0 0 0 0 0 0 1 0 0 0 0 0 0 0 0 0 0 0 0 0 0
 0 1 0 0 0 0 0 1 0 0 0 1 0 0 0 0 0 0 0 0 0 0 0 0 0 0 0 0 0 0 0 0 0 0 0 0 0
 0 0 0 0 0 0 0 0 0 0 0 0 0 1 0 0 0 0 0 0 0 0 0 0 0 0 0 0 1 0 0 0 0 0 0 0 0
 0 0 0 0 0 0 0 0 0 0 0 0 0 0 0 0 0 0 0 0 1 0 0 0 0 0 0 0 0 0 0 0 1 0 0 0 0
 0 0 0 0 0 0 1 0 0 0 0 0 1 0 0 0 0 0 0 0 0 0 0 0 0 1 1 0 0 1 0 1 1 1 1 1 1
 0 1 1 0 0 0 0 0 0 0 0 0 0 0 0 0 0 0 0 0 0 0 0 0 0 0 0 0 0 0 0 0 0 0 0 0 0
 0 1 0 0 0 0 0 0 0 0 0 0 0 0 0 0 0 0 0 0 0 0 0 0 0 0 0 0 0 0 0 1 0 0 0 0 0
 0 0 0 0 0 0 0 0 0 0 0 0 0 0 0 0 0 0 0 0 1 0 0 0 0 0 1 1 0 0 0 0 0 0 0 0 0
 0 0 0 0 0 0 0 0 0 0 0 0 0 0 0 0 0 0 0 0 0 0 0 0 0 0 0 0 0 0 0 0 0 0 0 0 0
 0 0 0 0 0 0 0 0 0 1 0 0 0 0 0 0 0 0 0 0 0 0 0 0 0 0 0 0 0 0 1 0 0 0 0 0 0
 0 0 0 0 0 0 0 0 0 1 0 0 0 0 0 0 0 0 0 0 0 0 0 0 0 0 0 0 0 0 0 0 0 0 0 0 0
 0 0 0 0 0 0 0 0 0 0 0 0 0 0 0 0 0 0 0 0 0 0 0 0 0 0 0 0 0 0 0 0 0 0 0 0 0
 0 0 0 1 0 0 0 0 0 0 0 0 0 0 0 0 0 0 0 0 0 0 0 0 0 0 0 0 0 0 0 0 0 0 0 0 0
 0 0 0 0 0 0 0 0 0 0 0 0 0 0 0 0 0 0 0 1 0 0 1 0 0 0 0 0 0 0 0 0 0 0 0 0 0
 0 1 1 0 0 0 0 0 0 0 0 0 0 0 0 0 0 0 0 0 0 0 0 0 0 0 0 1 0 0 0 0 0 0 0 0 1
 0 0]","[0.5        0.50030432 0.50060901 0.50091408 0.50121951 0.50152532
 0.5018315  0.50213806 0.50244499 0.50275229 0.50305998 0.50336803
 0.50367647 0.50398529 0.50429448 0.50460405 0.50283736 0.50314733
 0.50345768 0.50376842 0.50407954 0.50439104 0.50470293 0.50501521
 0.50532787 0.50564092 0.50595436 0.50626818 0.5065824  0.506897
 0.507212   0.50752739 0.50784317 0.50815935 0.50847591 0.50879288
 0.50911024 0.50942799 0.50974614 0.51006469 0.51038364 0.51070299
 0.51102273 0.51134288 0.51166343 0.51198438 0.51230573 0.51262749
 0.51294965 0.51327222 0.51359519 0.51391857 0.51424236 0.51456656
 0.51489116 0.51521617 0.5155416  0.51586743 0.51619368 0.51652034
 0.51684742 0.51506987 0.51539743 0.51572541 0.51605381 0.51638263
 0.51671187 0.51704152 0.5173716  0.5177021  0.51803302 0.51836437
 0.51869614 0.51902833 0.51936095 0.519694   0.52002747 0.52036138
 0.52069571 0.52103047 0.52136566 0.52170129 0.52203734 0.52237383
 0.52271076 0.52304811 0.52338591 0.52372414 0.52406281 0.52440191
 0.52474146 0.52508145 0.52542187 0.52576274 0.52610405 0.5264458
 0.526788   0.52713065 0.52747374 0.52781727 0.52816126 0.52850569
 0.52885057 0.52919591 0.52954169 0.52988793 0.53023462 0.53058176
 0.53092936 0.53127741 0.53162592 0.53197489 0.53232432 0.5326742
 0.53088932 0.53123983 0.5315908  0.53194223 0.53229413 0.5326465
 0.53299933 0.53335263 0.5337064  0.53406063 0.53441534 0.53477052
 0.53512617 0.5354823  0.5358389  0.53619597 0.53655352 0.53691155
 0.53727006 0.53762905 0.53798851 0.53834846 0.53870889 0.5390698
 0.53943119 0.53979307 0.54015544 0.54051829 0.54088163 0.54124546
 0.54160978 0.54197459 0.5423399  0.54270569 0.54307198 0.54343876
 0.54380604 0.54417382 0.54454209 0.54491087 0.54528014 0.54564991
 0.54602019 0.54639096 0.54676225 0.54713403 0.54750633 0.54787912
 0.54825243 0.54862625 0.54900058 0.54937541 0.54975077 0.55012663
 0.55050301 0.5508799  0.55125731 0.55163524 0.55201368 0.55239265
 0.55277213 0.55315214 0.55353267 0.55391373 0.55429531 0.55467741
 0.55506004 0.55544321 0.5558269  0.55621112 0.55659587 0.55698115
 0.55736697 0.55775333 0.55814022 0.55852764 0.55891561 0.55930411
 0.55969316 0.56008274 0.55830298 0.55869345 0.55908446 0.55947602
 0.55986812 0.56026078 0.56065399 0.56104775 0.56144206 0.56183693
 0.56223236 0.56262834 0.56083787 0.56123476 0.56163222 0.55982773
 0.56022611 0.56062506 0.56102457 0.56142465 0.55960666 0.56000767
 0.56040926 0.56081143 0.56121417 0.56161749 0.56202139 0.56242588
 0.56283094 0.56323659 0.56364283 0.56404965 0.56445706 0.56486506
 0.56527365 0.56568283 0.5660926  0.56650297 0.56691393 0.56732549
 0.56773764 0.5681504  0.56856376 0.56897772 0.56939228 0.5675684
 0.56798399 0.56840019 0.568817   0.56923443 0.56965246 0.57007111
 0.57049038 0.57091026 0.57133076 0.57175188 0.57217362 0.57259599
 0.57301898 0.57118525 0.57160933 0.57203403 0.57245937 0.57288533
 0.57331194 0.57373918 0.57416705 0.57459557 0.57502472 0.57545452
 0.57588496 0.57631604 0.57674777 0.57718015 0.57761317 0.57804685
 0.57620494 0.57663978 0.57707527 0.57521821 0.57334478 0.57378193
 0.57421976 0.57465825 0.57509741 0.57553724 0.57597775 0.57641893
 0.57686079 0.57730332 0.57774654 0.57819044 0.57863501 0.57908028
 0.57952623 0.57997286 0.58042019 0.5808682  0.58131691 0.58176631
 0.58221641 0.5826672  0.5831187  0.58357089 0.58402379 0.58447738
 0.58260076 0.58070712 0.58116259 0.58161878 0.58207568 0.5825333
 0.58299164 0.58345071 0.5839105  0.58200368 0.58246479 0.58292664
 0.58338922 0.58385253 0.58431658 0.58478137 0.58524689 0.58332676
 0.58379366 0.5842613  0.58472969 0.58519883 0.58566872 0.58613938
 0.58661078 0.58708295 0.58755588 0.58802957 0.58850402 0.58897924
 0.58945523 0.58993199 0.59040952 0.59088783 0.59136691 0.59184676
 0.58992054 0.59040188 0.590884   0.59136691 0.59185061 0.5923351
 0.59282038 0.59330646 0.59379334 0.59428102 0.59234292 0.59283213
 0.59332216 0.59381299 0.59430464 0.59235087 0.59284408 0.59087213
 0.59136691 0.59186251 0.59235895 0.59285621 0.59335432 0.59136691
 0.59186661 0.59236716 0.59286855 0.5933708  0.5938739  0.59437785
 0.59488265 0.59538832 0.59589484 0.59640223 0.59691048 0.5974196
 0.59792959 0.59844045 0.59895219 0.59695712 0.59747056 0.59798489
 0.59850011 0.59901621 0.59953321 0.6000511  0.60056988 0.60108957
 0.60161015 0.60213163 0.60265402 0.60317732 0.60370153 0.60422665
 0.60222375 0.6027507  0.60327857 0.60380736 0.60433708 0.60486773
 0.60539932 0.60593184 0.60391503 0.60444943 0.60498478 0.60294911
 0.60348636 0.60402457 0.60456374 0.60510388 0.60564498 0.60618705
 0.60673009 0.6072741  0.6078191  0.60836507 0.60891202 0.60945996
 0.61000888 0.61055879 0.6111097  0.6116616  0.6122145  0.6127684
 0.6133233  0.61387921 0.61443612 0.61499405 0.615553   0.61611295
 0.61408073 0.61464282 0.61520595 0.6157701  0.61371958 0.6142859
 0.61485326 0.61542167 0.61599114 0.61656166 0.61449481 0.61506754
 0.61564134 0.61621622 0.61679216 0.61736919 0.6179473  0.61852649
 0.61910677 0.61968813 0.61760951 0.61819319 0.61877798 0.61667895
 0.61726607 0.61514502 0.61573449 0.6163251  0.61418286 0.61477583
 0.61536996 0.61596523 0.61656166 0.61440033 0.61499918 0.6128146
 0.61341588 0.61401834 0.61462199 0.61522682 0.61583285 0.61644007
 0.61704849 0.61765811 0.6154589  0.61607105 0.61668443 0.61729903
 0.61791485 0.61853191 0.61631394 0.61407004 0.61179973 0.61242209
 0.61304572 0.61367062 0.6142968  0.61492426 0.615553   0.61326399
 0.61389541 0.61452814 0.61516217 0.61284994 0.61050975 0.61114792
 0.61178742 0.61242826 0.61307045 0.61371398 0.61435887 0.61199875
 0.60960956 0.61025872 0.61090925 0.61156118 0.6122145  0.61286921
 0.61352533 0.61418286 0.61484179 0.61550214 0.61616391 0.61682711
 0.61749173 0.61509094 0.61575858 0.61642766 0.61399969 0.61467183
 0.61534543 0.61602052 0.61669709 0.61737515 0.61805469 0.61873574
 0.61628815 0.61697237 0.61449481 0.61518221 0.61587116 0.61656166
 0.6172537  0.61475058 0.61544589 0.61614277 0.61684123 0.61754128
 0.61824292 0.61571546 0.61315431 0.61386106 0.61456945 0.61527947
 0.61268921 0.61340265 0.61411776 0.61483454 0.615553   0.61627313
 0.61699495 0.61438039 0.61510576 0.61583285 0.61656166 0.61729219
 0.61802446 0.61538332 0.61611925 0.61685695 0.61759641 0.61833764
 0.61908066 0.61982547 0.62057207 0.62132047 0.62207068 0.6228227
 0.62357654 0.62092053 0.61822677 0.61898662 0.61625636 0.61702016
 0.61778586 0.61502033 0.61579003 0.61656166 0.61733522 0.61811072
 0.61888818 0.61966759 0.61687453 0.61765811 0.61844368 0.61561366
 0.61640345 0.61719527 0.61798913 0.61878503 0.61958299 0.620383
 0.61752419 0.61832859 0.6191351  0.61994371 0.62075444 0.61786158
 0.61867683 0.61949422 0.62031378 0.62113551 0.62195942 0.62278552
 0.62361382 0.62444432 0.62527704 0.62236187 0.61940099 0.62024107
 0.62108344 0.62192809 0.6189281  0.61588012 0.61673228 0.6136377
 0.61449481 0.61135241 0.60815837 0.60902301 0.60989011 0.61075968
 0.61163174 0.61250629 0.61338335 0.61426292 0.61103417 0.61191899
 0.60863842 0.60952852 0.61042122 0.61131655 0.6122145  0.61311509
 0.61401834 0.61492426 0.61583285 0.61674413 0.61765811 0.6185748
 0.61949422 0.62041638 0.62134128 0.61804511 0.6189759  0.6199095
 0.62084592 0.62178517 0.62272727 0.61938901 0.62033723 0.62128836
 0.61789698 0.61444432 0.61540494 0.61636857 0.61733522 0.6183049
 0.61927764 0.61577853 0.61675775 0.61774009 0.61872557 0.61971419
 0.62070598 0.62170095 0.62269911 0.62370048 0.62470508 0.62571292
 0.62672402 0.62773839 0.62875605 0.62977702 0.6308013  0.63182892
 0.6328599  0.62935895 0.62579058 0.62215284 0.61844368 0.61949422
 0.62054834 0.62160605 0.62266737 0.62373232 0.62480093 0.62104263
 0.62211914 0.62319939 0.61937349 0.6204618  0.62155395 0.62264994
 0.62374981 0.62485358 0.62097099 0.6220832  0.62319939 0.61924462
 0.61520595 0.61633529 0.61746879 0.61860646 0.61974834 0.61564134
 0.61144466 0.61260014 0.61376    0.61492426 0.61609294 0.61182234
 0.61300033 0.61418286 0.61536996 0.61656166 0.61775798 0.61895896
 0.62016461 0.62137497 0.61704849 0.61826894 0.61949422 0.62072437
 0.62195942 0.62319939 0.61880007 0.62005067 0.62130633 0.62256709
 0.61808086 0.6134867  0.6147642  0.61006383 0.61135241 0.61264645
 0.61394598 0.60914673 0.61045771 0.61177436 0.61309669 0.61442475
 0.60952852 0.61086856 0.6122145  0.61356639 0.60856279 0.60342791
 0.60479846 0.60617525 0.60755833 0.60894772 0.61034349 0.61174567
 0.61315431 0.61456945 0.61599114 0.61741942 0.6122145  0.606866
 0.60831539 0.60977172 0.61123504 0.6127054  0.61418286 0.61566745
 0.61715924 0.61865827 0.62016461 0.6216783  0.62319939 0.61778586
 0.61932296 0.62086773 0.62242023 0.62398051 0.62554863 0.62712466
 0.62870864 0.63030065 0.63190074 0.63350898 0.62802881 0.6296553
 0.63129023 0.63293367 0.63458569 0.62897988 0.6306512  0.63233142
 0.63402062 0.63571887 0.63742624 0.6391428  0.63342837 0.63516594
 0.63691306 0.63866983 0.64043631 0.64221259 0.64399875 0.64579487
 0.63998243 0.6418018  0.6358085  0.63765157 0.63950536 0.64136996
 0.64324547 0.64513198 0.64702958 0.64091541 0.64283903 0.64477422
 0.6467211  0.64867978 0.65065035 0.65263293 0.64639581 0.64840703
 0.65043081 0.64399875 0.64605228 0.64811895 0.65019888 0.64357758
 0.64568894 0.64781419 0.64995349 0.65210696 0.65427474 0.64749129
 0.64969343 0.6519106  0.65414295 0.65639065 0.65865385 0.6609327
 0.65400298 0.65632018 0.65865385 0.66100417 0.65385405 0.64639581
 0.64881078 0.65124386 0.65369526 0.65616519 0.64847661 0.65099132
 0.64297687 0.63458569 0.62579058 0.62840341 0.63103815 0.63369507
 0.63637446 0.63907661 0.6418018  0.64455033 0.64732251 0.6383177
 0.64114564 0.64399875 0.64687736 0.63749758 0.64043631 0.64340226
 0.64639581 0.64941734 0.65246726 0.64275515 0.64587319 0.63564148
 0.62480093 0.61329553 0.61656166 0.61986276 0.62319939 0.62657215
 0.62998161 0.63342837 0.63691306 0.64043631 0.64399875 0.63215413
 0.6358085  0.62319939 0.62694915 0.63074431 0.63458569 0.63847415
 0.64241056 0.64639581 0.63322458 0.63732555 0.64147999 0.64568894
 0.64995349 0.65427474 0.65865385 0.64489556 0.62998161 0.63458569
 0.63925757 0.62319939 0.62802881 0.63293367 0.63791574 0.64297687
 0.64811895 0.65334393 0.65865385 0.6418018  0.62319939 0.60255898
 0.57952623 0.5853867  0.59136691 0.59747056 0.60370153 0.5782398
 0.58472969 0.59136691 0.59815653 0.60510388 0.6122145  0.5839105
 0.59136691 0.55874927 0.52047277 0.52839083 0.53655352 0.49103943
 0.49951386 0.50828593 0.5173716  0.526788   0.53655352 0.54668795
 0.55721258 0.5681504  0.51278852 0.52440191 0.53655352 0.46475688
 0.47753679 0.49103943 0.39142857 0.40512568 0.41981614 0.43561208
 0.45264317 0.47106017 0.49103943 0.51278852 0.53655352 0.56262834
 0.59136691 0.62319939 0.65865385 0.69838573 0.74321881 0.59136691
 0.65865385 0.74321881 0.8526971  0.         1.        ]","[1.         1.         1.         1.         1.         1.
 1.         1.         1.         1.         1.         1.
 1.         1.         1.         1.         0.99295775 0.99295775
 0.99295775 0.99295775 0.99295775 0.99295775 0.99295775 0.99295775
 0.99295775 0.99295775 0.99295775 0.99295775 0.99295775 0.99295775
 0.99295775 0.99295775 0.99295775 0.99295775 0.99295775 0.99295775
 0.99295775 0.99295775 0.99295775 0.99295775 0.99295775 0.99295775
 0.99295775 0.99295775 0.99295775 0.99295775 0.99295775 0.99295775
 0.99295775 0.99295775 0.99295775 0.99295775 0.99295775 0.99295775
 0.99295775 0.99295775 0.99295775 0.99295775 0.99295775 0.99295775
 0.99295775 0.98591549 0.98591549 0.98591549 0.98591549 0.98591549
 0.98591549 0.98591549 0.98591549 0.98591549 0.98591549 0.98591549
 0.98591549 0.98591549 0.98591549 0.98591549 0.98591549 0.98591549
 0.98591549 0.98591549 0.98591549 0.98591549 0.98591549 0.98591549
 0.98591549 0.98591549 0.98591549 0.98591549 0.98591549 0.98591549
 0.98591549 0.98591549 0.98591549 0.98591549 0.98591549 0.98591549
 0.98591549 0.98591549 0.98591549 0.98591549 0.98591549 0.98591549
 0.98591549 0.98591549 0.98591549 0.98591549 0.98591549 0.98591549
 0.98591549 0.98591549 0.98591549 0.98591549 0.98591549 0.98591549
 0.97887324 0.97887324 0.97887324 0.97887324 0.97887324 0.97887324
 0.97887324 0.97887324 0.97887324 0.97887324 0.97887324 0.97887324
 0.97887324 0.97887324 0.97887324 0.97887324 0.97887324 0.97887324
 0.97887324 0.97887324 0.97887324 0.97887324 0.97887324 0.97887324
 0.97887324 0.97887324 0.97887324 0.97887324 0.97887324 0.97887324
 0.97887324 0.97887324 0.97887324 0.97887324 0.97887324 0.97887324
 0.97887324 0.97887324 0.97887324 0.97887324 0.97887324 0.97887324
 0.97887324 0.97887324 0.97887324 0.97887324 0.97887324 0.97887324
 0.97887324 0.97887324 0.97887324 0.97887324 0.97887324 0.97887324
 0.97887324 0.97887324 0.97887324 0.97887324 0.97887324 0.97887324
 0.97887324 0.97887324 0.97887324 0.97887324 0.97887324 0.97887324
 0.97887324 0.97887324 0.97887324 0.97887324 0.97887324 0.97887324
 0.97887324 0.97887324 0.97887324 0.97887324 0.97887324 0.97887324
 0.97887324 0.97887324 0.97183099 0.97183099 0.97183099 0.97183099
 0.97183099 0.97183099 0.97183099 0.97183099 0.97183099 0.97183099
 0.97183099 0.97183099 0.96478873 0.96478873 0.96478873 0.95774648
 0.95774648 0.95774648 0.95774648 0.95774648 0.95070423 0.95070423
 0.95070423 0.95070423 0.95070423 0.95070423 0.95070423 0.95070423
 0.95070423 0.95070423 0.95070423 0.95070423 0.95070423 0.95070423
 0.95070423 0.95070423 0.95070423 0.95070423 0.95070423 0.95070423
 0.95070423 0.95070423 0.95070423 0.95070423 0.95070423 0.94366197
 0.94366197 0.94366197 0.94366197 0.94366197 0.94366197 0.94366197
 0.94366197 0.94366197 0.94366197 0.94366197 0.94366197 0.94366197
 0.94366197 0.93661972 0.93661972 0.93661972 0.93661972 0.93661972
 0.93661972 0.93661972 0.93661972 0.93661972 0.93661972 0.93661972
 0.93661972 0.93661972 0.93661972 0.93661972 0.93661972 0.93661972
 0.92957746 0.92957746 0.92957746 0.92253521 0.91549296 0.91549296
 0.91549296 0.91549296 0.91549296 0.91549296 0.91549296 0.91549296
 0.91549296 0.91549296 0.91549296 0.91549296 0.91549296 0.91549296
 0.91549296 0.91549296 0.91549296 0.91549296 0.91549296 0.91549296
 0.91549296 0.91549296 0.91549296 0.91549296 0.91549296 0.91549296
 0.9084507  0.90140845 0.90140845 0.90140845 0.90140845 0.90140845
 0.90140845 0.90140845 0.90140845 0.8943662  0.8943662  0.8943662
 0.8943662  0.8943662  0.8943662  0.8943662  0.8943662  0.88732394
 0.88732394 0.88732394 0.88732394 0.88732394 0.88732394 0.88732394
 0.88732394 0.88732394 0.88732394 0.88732394 0.88732394 0.88732394
 0.88732394 0.88732394 0.88732394 0.88732394 0.88732394 0.88732394
 0.88028169 0.88028169 0.88028169 0.88028169 0.88028169 0.88028169
 0.88028169 0.88028169 0.88028169 0.88028169 0.87323944 0.87323944
 0.87323944 0.87323944 0.87323944 0.86619718 0.86619718 0.85915493
 0.85915493 0.85915493 0.85915493 0.85915493 0.85915493 0.85211268
 0.85211268 0.85211268 0.85211268 0.85211268 0.85211268 0.85211268
 0.85211268 0.85211268 0.85211268 0.85211268 0.85211268 0.85211268
 0.85211268 0.85211268 0.85211268 0.84507042 0.84507042 0.84507042
 0.84507042 0.84507042 0.84507042 0.84507042 0.84507042 0.84507042
 0.84507042 0.84507042 0.84507042 0.84507042 0.84507042 0.84507042
 0.83802817 0.83802817 0.83802817 0.83802817 0.83802817 0.83802817
 0.83802817 0.83802817 0.83098592 0.83098592 0.83098592 0.82394366
 0.82394366 0.82394366 0.82394366 0.82394366 0.82394366 0.82394366
 0.82394366 0.82394366 0.82394366 0.82394366 0.82394366 0.82394366
 0.82394366 0.82394366 0.82394366 0.82394366 0.82394366 0.82394366
 0.82394366 0.82394366 0.82394366 0.82394366 0.82394366 0.82394366
 0.81690141 0.81690141 0.81690141 0.81690141 0.80985915 0.80985915
 0.80985915 0.80985915 0.80985915 0.80985915 0.8028169  0.8028169
 0.8028169  0.8028169  0.8028169  0.8028169  0.8028169  0.8028169
 0.8028169  0.8028169  0.79577465 0.79577465 0.79577465 0.78873239
 0.78873239 0.78169014 0.78169014 0.78169014 0.77464789 0.77464789
 0.77464789 0.77464789 0.77464789 0.76760563 0.76760563 0.76056338
 0.76056338 0.76056338 0.76056338 0.76056338 0.76056338 0.76056338
 0.76056338 0.76056338 0.75352113 0.75352113 0.75352113 0.75352113
 0.75352113 0.75352113 0.74647887 0.73943662 0.73239437 0.73239437
 0.73239437 0.73239437 0.73239437 0.73239437 0.73239437 0.72535211
 0.72535211 0.72535211 0.72535211 0.71830986 0.71126761 0.71126761
 0.71126761 0.71126761 0.71126761 0.71126761 0.71126761 0.70422535
 0.6971831  0.6971831  0.6971831  0.6971831  0.6971831  0.6971831
 0.6971831  0.6971831  0.6971831  0.6971831  0.6971831  0.6971831
 0.6971831  0.69014085 0.69014085 0.69014085 0.68309859 0.68309859
 0.68309859 0.68309859 0.68309859 0.68309859 0.68309859 0.68309859
 0.67605634 0.67605634 0.66901408 0.66901408 0.66901408 0.66901408
 0.66901408 0.66197183 0.66197183 0.66197183 0.66197183 0.66197183
 0.66197183 0.65492958 0.64788732 0.64788732 0.64788732 0.64788732
 0.64084507 0.64084507 0.64084507 0.64084507 0.64084507 0.64084507
 0.64084507 0.63380282 0.63380282 0.63380282 0.63380282 0.63380282
 0.63380282 0.62676056 0.62676056 0.62676056 0.62676056 0.62676056
 0.62676056 0.62676056 0.62676056 0.62676056 0.62676056 0.62676056
 0.62676056 0.61971831 0.61267606 0.61267606 0.6056338  0.6056338
 0.6056338  0.59859155 0.59859155 0.59859155 0.59859155 0.59859155
 0.59859155 0.59859155 0.5915493  0.5915493  0.5915493  0.58450704
 0.58450704 0.58450704 0.58450704 0.58450704 0.58450704 0.58450704
 0.57746479 0.57746479 0.57746479 0.57746479 0.57746479 0.57042254
 0.57042254 0.57042254 0.57042254 0.57042254 0.57042254 0.57042254
 0.57042254 0.57042254 0.57042254 0.56338028 0.55633803 0.55633803
 0.55633803 0.55633803 0.54929577 0.54225352 0.54225352 0.53521127
 0.53521127 0.52816901 0.52112676 0.52112676 0.52112676 0.52112676
 0.52112676 0.52112676 0.52112676 0.52112676 0.51408451 0.51408451
 0.50704225 0.50704225 0.50704225 0.50704225 0.50704225 0.50704225
 0.50704225 0.50704225 0.50704225 0.50704225 0.50704225 0.50704225
 0.50704225 0.50704225 0.50704225 0.5        0.5        0.5
 0.5        0.5        0.5        0.49295775 0.49295775 0.49295775
 0.48591549 0.47887324 0.47887324 0.47887324 0.47887324 0.47887324
 0.47887324 0.47183099 0.47183099 0.47183099 0.47183099 0.47183099
 0.47183099 0.47183099 0.47183099 0.47183099 0.47183099 0.47183099
 0.47183099 0.47183099 0.47183099 0.47183099 0.47183099 0.47183099
 0.47183099 0.46478873 0.45774648 0.45070423 0.44366197 0.44366197
 0.44366197 0.44366197 0.44366197 0.44366197 0.44366197 0.43661972
 0.43661972 0.43661972 0.42957746 0.42957746 0.42957746 0.42957746
 0.42957746 0.42957746 0.42253521 0.42253521 0.42253521 0.41549296
 0.4084507  0.4084507  0.4084507  0.4084507  0.4084507  0.40140845
 0.3943662  0.3943662  0.3943662  0.3943662  0.3943662  0.38732394
 0.38732394 0.38732394 0.38732394 0.38732394 0.38732394 0.38732394
 0.38732394 0.38732394 0.38028169 0.38028169 0.38028169 0.38028169
 0.38028169 0.38028169 0.37323944 0.37323944 0.37323944 0.37323944
 0.36619718 0.35915493 0.35915493 0.35211268 0.35211268 0.35211268
 0.35211268 0.34507042 0.34507042 0.34507042 0.34507042 0.34507042
 0.33802817 0.33802817 0.33802817 0.33802817 0.33098592 0.32394366
 0.32394366 0.32394366 0.32394366 0.32394366 0.32394366 0.32394366
 0.32394366 0.32394366 0.32394366 0.32394366 0.31690141 0.30985915
 0.30985915 0.30985915 0.30985915 0.30985915 0.30985915 0.30985915
 0.30985915 0.30985915 0.30985915 0.30985915 0.30985915 0.3028169
 0.3028169  0.3028169  0.3028169  0.3028169  0.3028169  0.3028169
 0.3028169  0.3028169  0.3028169  0.3028169  0.29577465 0.29577465
 0.29577465 0.29577465 0.29577465 0.28873239 0.28873239 0.28873239
 0.28873239 0.28873239 0.28873239 0.28873239 0.28169014 0.28169014
 0.28169014 0.28169014 0.28169014 0.28169014 0.28169014 0.28169014
 0.27464789 0.27464789 0.26760563 0.26760563 0.26760563 0.26760563
 0.26760563 0.26760563 0.26760563 0.26056338 0.26056338 0.26056338
 0.26056338 0.26056338 0.26056338 0.26056338 0.25352113 0.25352113
 0.25352113 0.24647887 0.24647887 0.24647887 0.24647887 0.23943662
 0.23943662 0.23943662 0.23943662 0.23943662 0.23943662 0.23239437
 0.23239437 0.23239437 0.23239437 0.23239437 0.23239437 0.23239437
 0.22535211 0.22535211 0.22535211 0.22535211 0.21830986 0.21126761
 0.21126761 0.21126761 0.21126761 0.21126761 0.20422535 0.20422535
 0.1971831  0.19014085 0.18309859 0.18309859 0.18309859 0.18309859
 0.18309859 0.18309859 0.18309859 0.18309859 0.18309859 0.17605634
 0.17605634 0.17605634 0.17605634 0.16901408 0.16901408 0.16901408
 0.16901408 0.16901408 0.16901408 0.16197183 0.16197183 0.15492958
 0.14788732 0.14084507 0.14084507 0.14084507 0.14084507 0.14084507
 0.14084507 0.14084507 0.14084507 0.14084507 0.14084507 0.13380282
 0.13380282 0.12676056 0.12676056 0.12676056 0.12676056 0.12676056
 0.12676056 0.12676056 0.11971831 0.11971831 0.11971831 0.11971831
 0.11971831 0.11971831 0.11971831 0.11267606 0.1056338  0.1056338
 0.1056338  0.09859155 0.09859155 0.09859155 0.09859155 0.09859155
 0.09859155 0.09859155 0.09859155 0.0915493  0.08450704 0.07746479
 0.07042254 0.07042254 0.07042254 0.07042254 0.07042254 0.06338028
 0.06338028 0.06338028 0.06338028 0.06338028 0.06338028 0.05633803
 0.05633803 0.04929577 0.04225352 0.04225352 0.04225352 0.03521127
 0.03521127 0.03521127 0.03521127 0.03521127 0.03521127 0.03521127
 0.03521127 0.03521127 0.02816901 0.02816901 0.02816901 0.02112676
 0.02112676 0.02112676 0.01408451 0.01408451 0.01408451 0.01408451
 0.01408451 0.01408451 0.01408451 0.01408451 0.01408451 0.01408451
 0.01408451 0.01408451 0.01408451 0.01408451 0.01408451 0.00704225
 0.00704225 0.00704225 0.00704225 0.         0.        ]","[2.45101505e-09 2.45140935e-09 2.49375201e-09 2.56640728e-09
 2.59270064e-09 2.60528067e-09 2.60807387e-09 2.62056155e-09
 2.66407445e-09 2.74442310e-09 2.77302094e-09 2.79039094e-09
 2.83781346e-09 2.88321231e-09 2.88750539e-09 2.91151144e-09
 3.00771015e-09 3.04778291e-09 3.37638887e-09 3.39732807e-09
 3.46298631e-09 3.46478601e-09 3.55455851e-09 3.57768782e-09
 3.60058187e-09 3.75112519e-09 3.84577287e-09 3.87602158e-09
 3.89988315e-09 3.90333979e-09 3.91521959e-09 3.95098218e-09
 3.96620866e-09 4.02961202e-09 4.03444048e-09 4.16440300e-09
 4.32129656e-09 4.37117762e-09 4.38485485e-09 4.39359937e-09
 4.52584497e-09 4.53087680e-09 4.54185020e-09 4.66683310e-09
 4.71687261e-09 4.82734601e-09 5.01115496e-09 5.03085707e-09
 5.03373486e-09 5.08158334e-09 5.15964482e-09 5.20212208e-09
 5.28561147e-09 5.35081705e-09 5.35428047e-09 5.46490228e-09
 5.47355264e-09 5.53610878e-09 5.63199949e-09 5.78442453e-09
 5.81075313e-09 5.86412048e-09 6.23658993e-09 6.25894512e-09
 6.46087851e-09 6.53406548e-09 6.59804334e-09 6.90673930e-09
 6.93568452e-09 7.01091601e-09 7.10411444e-09 7.15452997e-09
 7.16209325e-09 7.29574579e-09 7.32147179e-09 7.37676090e-09
 7.38130444e-09 7.41939797e-09 7.57873286e-09 7.58328048e-09
 7.59610943e-09 7.67917930e-09 7.72141432e-09 7.72606768e-09
 7.73909352e-09 7.80574387e-09 8.00317468e-09 8.02415038e-09
 8.16104034e-09 8.21058145e-09 8.32737869e-09 8.33459085e-09
 8.81445192e-09 8.97144618e-09 8.99383082e-09 9.08521887e-09
 9.08816980e-09 9.73824272e-09 1.02714437e-08 1.05526944e-08
 1.05945626e-08 1.06089994e-08 1.07410504e-08 1.08064077e-08
 1.08258504e-08 1.13147465e-08 1.13634016e-08 1.15931574e-08
 1.18481106e-08 1.20294595e-08 1.21768315e-08 1.24464666e-08
 1.24867931e-08 1.28122642e-08 1.28198162e-08 1.33434088e-08
 1.33692563e-08 1.39975871e-08 1.40264206e-08 1.42557193e-08
 1.43982453e-08 1.45518309e-08 1.45634851e-08 1.46508769e-08
 1.47217455e-08 1.53116143e-08 1.56383828e-08 1.57119848e-08
 1.62919636e-08 1.63499298e-08 1.64016740e-08 1.64645092e-08
 1.73425976e-08 1.74851806e-08 1.75654015e-08 1.78067162e-08
 1.79457227e-08 1.81064740e-08 1.84597100e-08 1.99105065e-08
 2.01171719e-08 2.01766205e-08 2.02800565e-08 2.05052276e-08
 2.07020382e-08 2.09084501e-08 2.11440181e-08 2.12348557e-08
 2.17065081e-08 2.18135545e-08 2.23351701e-08 2.25991514e-08
 2.28665666e-08 2.32261065e-08 2.33920257e-08 2.39379153e-08
 2.40302928e-08 2.40695065e-08 2.46631965e-08 2.48248061e-08
 2.48799995e-08 2.49073769e-08 2.49218261e-08 2.59150256e-08
 2.67351390e-08 2.69118939e-08 2.75303750e-08 2.78109387e-08
 2.82502538e-08 2.90952155e-08 2.96559004e-08 3.03779473e-08
 3.12887460e-08 3.20248129e-08 3.33546553e-08 3.35161562e-08
 3.38265035e-08 3.65574252e-08 3.67087914e-08 3.68108875e-08
 3.74451975e-08 3.74580678e-08 3.78666920e-08 3.85720621e-08
 3.89805395e-08 3.91581076e-08 4.04559393e-08 4.27175286e-08
 4.34962758e-08 4.37056951e-08 4.88443019e-08 4.89806666e-08
 4.90254293e-08 5.04920689e-08 5.09466757e-08 5.16076533e-08
 5.24301308e-08 5.24832913e-08 5.43720807e-08 5.87773037e-08
 6.04653308e-08 6.19591614e-08 6.24197143e-08 6.60156505e-08
 6.70915514e-08 6.76771144e-08 6.82044066e-08 6.83631116e-08
 6.88194270e-08 6.95832131e-08 7.02442041e-08 7.36924982e-08
 7.41193411e-08 7.47575770e-08 7.53460922e-08 7.60687156e-08
 8.01346798e-08 8.08795509e-08 8.19106069e-08 8.29328438e-08
 8.40717980e-08 8.58189911e-08 8.64095770e-08 8.67099440e-08
 8.81072249e-08 8.82762490e-08 9.11344783e-08 9.61054919e-08
 9.81059499e-08 9.85266342e-08 9.94728727e-08 1.01143812e-07
 1.02218439e-07 1.03825506e-07 1.17288178e-07 1.21102015e-07
 1.29662920e-07 1.30078206e-07 1.31504768e-07 1.32953687e-07
 1.39325603e-07 1.39612128e-07 1.40696699e-07 1.43628613e-07
 1.55088903e-07 1.60941303e-07 1.61821742e-07 1.63408357e-07
 1.65267585e-07 1.65558096e-07 1.69492383e-07 1.74669000e-07
 1.94489064e-07 2.01546997e-07 2.04003675e-07 2.04880739e-07
 2.26117084e-07 2.41250985e-07 2.43190184e-07 2.46660970e-07
 2.50584622e-07 2.52658291e-07 2.56389365e-07 2.56794716e-07
 2.61147302e-07 2.68996744e-07 2.70199391e-07 2.71593920e-07
 2.79568462e-07 2.88000542e-07 2.89543691e-07 2.93923237e-07
 2.96455216e-07 2.98265109e-07 2.98458140e-07 3.12105573e-07
 3.15197402e-07 3.34392250e-07 3.41319933e-07 3.51127671e-07
 3.56033759e-07 3.75055615e-07 3.85283518e-07 4.21470613e-07
 4.29812022e-07 4.42874835e-07 4.55926078e-07 4.60312062e-07
 4.84052409e-07 4.88289317e-07 5.05001318e-07 5.18638681e-07
 5.28025335e-07 5.38953987e-07 5.53813108e-07 5.60570034e-07
 5.82489572e-07 5.98851499e-07 6.19502530e-07 6.24023418e-07
 6.44212790e-07 6.47866668e-07 6.90490220e-07 6.96323055e-07
 7.02669651e-07 7.02778827e-07 7.05503593e-07 7.18787167e-07
 7.37965203e-07 7.40179975e-07 7.45498108e-07 7.51480699e-07
 7.60883180e-07 7.82397640e-07 7.96935272e-07 8.01845285e-07
 8.04801943e-07 8.05791001e-07 8.14034129e-07 8.78816140e-07
 9.00969526e-07 9.15486606e-07 9.21071808e-07 9.25810384e-07
 9.33739253e-07 9.71260331e-07 9.97839573e-07 1.02432356e-06
 1.02731275e-06 1.03458562e-06 1.04696612e-06 1.07024264e-06
 1.07357505e-06 1.07412157e-06 1.12974056e-06 1.14760223e-06
 1.23707572e-06 1.24866909e-06 1.27754103e-06 1.29386865e-06
 1.30235221e-06 1.31543926e-06 1.32928756e-06 1.36811287e-06
 1.37059373e-06 1.38153350e-06 1.38917722e-06 1.39992817e-06
 1.41595397e-06 1.44282080e-06 1.45160013e-06 1.47096199e-06
 1.47545530e-06 1.47554473e-06 1.52397003e-06 1.53746080e-06
 1.58268341e-06 1.62311579e-06 1.65545300e-06 1.70297657e-06
 1.75471739e-06 1.84766819e-06 1.86667194e-06 2.02189423e-06
 2.04853509e-06 2.07889001e-06 2.10228231e-06 2.11379663e-06
 2.22263161e-06 2.22940866e-06 2.25630230e-06 2.35457582e-06
 2.37697645e-06 2.41692682e-06 2.44229877e-06 2.50215201e-06
 2.57146686e-06 2.64167662e-06 2.64935569e-06 2.67425466e-06
 2.68029832e-06 2.70363129e-06 2.87192521e-06 2.88405662e-06
 2.89661764e-06 2.92745285e-06 3.05523316e-06 3.06063412e-06
 3.06445803e-06 3.08541517e-06 3.14980738e-06 3.16931765e-06
 3.20003217e-06 3.32808426e-06 3.42869662e-06 3.44716763e-06
 3.46438100e-06 3.49388481e-06 3.63558473e-06 3.65087288e-06
 3.68005114e-06 3.77572050e-06 3.78141930e-06 3.82259487e-06
 4.14430849e-06 4.19301499e-06 4.24383193e-06 4.25413230e-06
 4.43954154e-06 4.55368794e-06 4.61924213e-06 4.73609816e-06
 4.77396547e-06 4.80634672e-06 5.04304021e-06 5.17078806e-06
 5.17683406e-06 5.18008947e-06 5.19801520e-06 5.21303322e-06
 5.29455044e-06 5.34169651e-06 5.44979527e-06 5.81496075e-06
 6.03492286e-06 6.06929973e-06 6.10012214e-06 6.24530614e-06
 6.42065025e-06 6.54599330e-06 6.93680046e-06 7.07880164e-06
 7.23971570e-06 7.46769282e-06 7.75588730e-06 7.85034741e-06
 7.99954067e-06 8.00299817e-06 8.06041973e-06 8.14277378e-06
 8.31523176e-06 8.44412044e-06 8.47258699e-06 8.53011995e-06
 8.66060276e-06 8.67256045e-06 8.68606716e-06 8.85354258e-06
 9.00275343e-06 9.07757960e-06 9.50598610e-06 9.70639676e-06
 1.00876857e-05 1.04789407e-05 1.07182608e-05 1.07642038e-05
 1.10188035e-05 1.11227146e-05 1.12056630e-05 1.12255081e-05
 1.12518822e-05 1.16532457e-05 1.17554139e-05 1.20171566e-05
 1.23647139e-05 1.25376704e-05 1.26091375e-05 1.27181783e-05
 1.27346159e-05 1.29061194e-05 1.30199069e-05 1.32574808e-05
 1.37691497e-05 1.38750869e-05 1.39857729e-05 1.47388150e-05
 1.55219748e-05 1.55226795e-05 1.57423568e-05 1.60599883e-05
 1.60716307e-05 1.60758572e-05 1.64189116e-05 1.65675593e-05
 1.66912159e-05 1.69844678e-05 1.72423475e-05 1.72666671e-05
 1.90255516e-05 1.92189429e-05 1.93708774e-05 2.08102783e-05
 2.22140099e-05 2.24169806e-05 2.27690510e-05 2.32065481e-05
 2.32328291e-05 2.34734394e-05 2.37681141e-05 2.39200967e-05
 2.42629791e-05 2.47643830e-05 2.50407263e-05 2.51307209e-05
 2.55190884e-05 2.64408022e-05 2.64499636e-05 2.65496775e-05
 2.65820639e-05 2.68837152e-05 2.73121708e-05 2.74663600e-05
 2.75391310e-05 2.79262156e-05 2.87416984e-05 2.96233033e-05
 2.96517218e-05 2.99249588e-05 3.20870755e-05 3.25807163e-05
 3.25990620e-05 3.28216634e-05 3.52369034e-05 3.53696913e-05
 3.67053709e-05 3.70060085e-05 3.76422536e-05 3.81444178e-05
 3.90188588e-05 3.91333734e-05 4.16510844e-05 4.18297557e-05
 4.22714423e-05 4.23250339e-05 4.27798078e-05 4.33778830e-05
 4.42649023e-05 4.78538011e-05 4.85565691e-05 5.01099692e-05
 5.02714878e-05 5.13253933e-05 5.15370568e-05 5.19926785e-05
 5.22445343e-05 5.24578459e-05 5.33848435e-05 5.60813308e-05
 6.15889756e-05 6.18770395e-05 6.18798334e-05 6.28906843e-05
 6.44379771e-05 6.79414594e-05 6.88424193e-05 7.07307447e-05
 7.16441465e-05 7.21408938e-05 7.42579482e-05 7.44431814e-05
 7.46084422e-05 7.47983065e-05 7.48325425e-05 7.48500399e-05
 7.60516461e-05 7.71720341e-05 8.20960338e-05 8.56344720e-05
 8.67381186e-05 8.96953220e-05 9.53227859e-05 9.57140882e-05
 9.90618571e-05 1.00640779e-04 1.02700125e-04 1.06417567e-04
 1.07481562e-04 1.08964968e-04 1.11744729e-04 1.21119131e-04
 1.22183178e-04 1.27675689e-04 1.27678312e-04 1.28847798e-04
 1.29458719e-04 1.31417591e-04 1.31765207e-04 1.31822538e-04
 1.34734991e-04 1.34897877e-04 1.38333261e-04 1.39031362e-04
 1.41661146e-04 1.41988868e-04 1.47186157e-04 1.52781964e-04
 1.53180546e-04 1.54645306e-04 1.55326348e-04 1.56293817e-04
 1.57936867e-04 1.59164229e-04 1.60697583e-04 1.61294935e-04
 1.63955853e-04 1.65127603e-04 1.70336146e-04 1.72140081e-04
 1.74976659e-04 1.78849028e-04 1.82707041e-04 1.86921020e-04
 1.91963616e-04 1.92465283e-04 1.95168785e-04 1.98025407e-04
 2.00464190e-04 2.02160410e-04 2.06406950e-04 2.08396392e-04
 2.10107073e-04 2.17053021e-04 2.17456475e-04 2.20149987e-04
 2.20251950e-04 2.28888096e-04 2.30143795e-04 2.30585031e-04
 2.34578086e-04 2.35250327e-04 2.39269770e-04 2.44169899e-04
 2.45121925e-04 2.50844994e-04 2.51916775e-04 2.54619824e-04
 2.56301989e-04 2.58674724e-04 2.61817232e-04 2.64135581e-04
 2.72809932e-04 2.73593246e-04 2.74887746e-04 2.76708658e-04
 2.79285398e-04 2.81758712e-04 2.81810854e-04 2.83858405e-04
 2.90835581e-04 2.93879516e-04 2.94377211e-04 2.96041363e-04
 2.97977954e-04 3.01937715e-04 3.03089295e-04 3.24662871e-04
 3.26661306e-04 3.26819259e-04 3.30606190e-04 3.36658292e-04
 3.43348040e-04 3.49141181e-04 3.50925720e-04 3.68768511e-04
 4.00527516e-04 4.05926153e-04 4.11951571e-04 4.15714198e-04
 4.16741107e-04 4.16933715e-04 4.17107210e-04 4.17459736e-04
 4.41561419e-04 4.42585067e-04 4.44341441e-04 4.45588188e-04
 4.48287347e-04 4.51674273e-04 4.60342482e-04 4.65464986e-04
 4.70475056e-04 4.91450474e-04 4.96474705e-04 5.46184679e-04
 6.09967006e-04 6.12048148e-04 6.13476425e-04 6.14986655e-04
 6.19834655e-04 6.20936469e-04 6.22889637e-04 6.26135467e-04
 6.38177689e-04 6.40715206e-04 6.42412393e-04 6.77302031e-04
 6.89000982e-04 7.02326930e-04 7.04344326e-04 7.10997579e-04
 7.29060089e-04 7.29730444e-04 7.83557404e-04 7.96975706e-04
 8.16980967e-04 8.46739289e-04 8.70041949e-04 8.71384344e-04
 8.81667122e-04 8.95424017e-04 9.28922269e-04 9.41712792e-04
 9.59704546e-04 9.61512749e-04 9.91868658e-04 1.00246630e-03
 1.00848049e-03 1.01631972e-03 1.02803545e-03 1.05369769e-03
 1.05768013e-03 1.06993776e-03 1.08157149e-03 1.08322870e-03
 1.12171596e-03 1.23045955e-03 1.30699149e-03 1.34714664e-03
 1.42644964e-03 1.43361637e-03 1.59268452e-03 1.71978610e-03
 1.74464174e-03 1.74596914e-03 1.78266141e-03 1.93212126e-03
 1.93346422e-03 1.95697688e-03 1.98067660e-03 2.05049227e-03
 2.09751838e-03 2.10790537e-03 2.12452865e-03 2.16467508e-03
 2.25850461e-03 2.26191766e-03 2.30645109e-03 2.32688070e-03
 2.34103004e-03 2.35597158e-03 2.46220452e-03 2.62832499e-03
 2.64857817e-03 2.71583864e-03 2.80333187e-03 2.81813122e-03
 2.94836572e-03 3.01988201e-03 3.10871393e-03 3.17114730e-03
 3.17630294e-03 3.30938908e-03 3.33952336e-03 3.40280015e-03
 3.53991567e-03 3.62495137e-03 3.63818497e-03 3.78789903e-03
 3.82575434e-03 3.85841706e-03 3.99357605e-03 4.40790270e-03
 5.06109472e-03 5.12197194e-03 5.21658703e-03 5.62953618e-03
 5.69002557e-03 6.10558111e-03 6.20988122e-03 6.26036805e-03
 6.31734041e-03 6.84063477e-03 6.87762272e-03 7.04086333e-03
 7.23123954e-03 7.41652590e-03 8.05766415e-03 8.08459146e-03
 8.15109310e-03 8.57818409e-03 9.35107234e-03 9.69679310e-03
 1.00068514e-02 1.02863152e-02 1.03808026e-02 1.04389467e-02
 1.13619371e-02 1.14422585e-02 1.17984217e-02 1.18396437e-02
 1.24372731e-02 1.28846003e-02 1.33680371e-02 1.40864706e-02
 1.42585136e-02 1.44005103e-02 1.45560575e-02 1.45831834e-02
 1.46983956e-02 1.48121878e-02 1.52761440e-02 1.64821304e-02
 1.76937714e-02 1.81673380e-02 1.85999347e-02 1.88636811e-02
 1.90139559e-02 1.91238005e-02 2.18768940e-02 2.26000006e-02
 2.35928867e-02 2.39149993e-02 2.40503839e-02 2.42243916e-02
 2.47475012e-02 2.48398588e-02 2.48653265e-02 2.52116654e-02
 2.75432077e-02 2.90236024e-02 2.94889554e-02 3.05641645e-02
 3.13760363e-02 3.22573467e-02 3.40386519e-02 3.64739043e-02
 3.72315904e-02 3.74584184e-02 3.79098294e-02 3.84350214e-02
 4.21105781e-02 4.30420567e-02 4.43695163e-02 4.63061976e-02
 4.67314403e-02 4.76454019e-02 4.85527066e-02 4.93258509e-02
 5.56899922e-02 5.70947077e-02 5.81844784e-02 6.18493308e-02
 7.06554202e-02 7.73839984e-02 7.76185422e-02 7.89385976e-02
 8.19868193e-02 8.30684472e-02 8.33524399e-02 8.45700059e-02
 8.57435125e-02 8.60600546e-02 8.97019494e-02 9.44146154e-02
 9.54172900e-02 9.69251553e-02 1.05199397e-01 1.05949209e-01
 1.08922964e-01 1.12199579e-01 1.12497422e-01 1.16286911e-01
 1.19926112e-01 1.20987756e-01 1.23582828e-01 1.24493625e-01
 1.25223722e-01 1.39038748e-01 1.40662510e-01 1.44672575e-01
 1.47259314e-01 1.47837626e-01 1.58579913e-01 1.59474193e-01
 1.59660284e-01 1.66184522e-01 1.70284061e-01 1.72073372e-01
 1.77683827e-01 2.00857382e-01 2.08106168e-01 2.17084487e-01
 2.33682819e-01 2.37563096e-01 2.43541234e-01 2.61689228e-01
 2.90555799e-01 2.94254308e-01 2.99835920e-01 3.18940670e-01
 3.24422996e-01 3.28537232e-01 4.39748907e-01 4.48197393e-01
 4.50773915e-01 4.59134601e-01 4.60969913e-01 4.67202339e-01
 4.68198181e-01 4.87079307e-01 4.89748028e-01 5.01155383e-01
 5.30048742e-01 5.72671710e-01 5.73154621e-01 5.75230100e-01
 6.44356231e-01 6.92512708e-01 7.03813168e-01 7.11821155e-01
 7.26081360e-01 7.58823973e-01 7.82475458e-01 7.83274112e-01
 7.92679929e-01 7.93610380e-01 7.95714569e-01 8.09563215e-01
 8.53819732e-01 8.57105092e-01 8.59476356e-01 8.62106442e-01
 8.76995634e-01 8.81116651e-01 8.89616935e-01 8.91226879e-01
 9.07085173e-01 9.30296891e-01 9.31739414e-01 9.45678099e-01
 9.51430547e-01 9.56854612e-01 9.60140772e-01 9.63599311e-01
 9.72050869e-01 9.72746659e-01 9.81014105e-01 9.83068097e-01
 9.89942413e-01 9.90406118e-01 9.91331774e-01 9.94450390e-01
 9.94991835e-01 9.95763163e-01 9.95844094e-01 9.96298849e-01
 9.97382087e-01 9.97581165e-01 9.98739359e-01 9.98815237e-01
 9.99005757e-01 9.99652335e-01 9.99820518e-01 9.99877187e-01]"
Hyperledger,is_change_text_num_words_10,NN,[],0.733402489626556,"[[682 140]
 [117  25]]","              precision    recall  f1-score   support

           0       0.85      0.83      0.84       822
           1       0.15      0.18      0.16       142

    accuracy                           0.73       964
   macro avg       0.50      0.50      0.50       964
weighted avg       0.75      0.73      0.74       964
",0.15383896804526284,0.15105787181435754,0.4882714780165176,"[0 0 0 0 0 0 0 0 0 0 0 0 1 0 0 0 0 1 0 0 0 0 0 0 0 0 0 0 0 0 0 0 0 0 0 0 0
 1 0 0 0 0 0 0 0 0 0 0 0 0 0 0 0 0 0 0 0 1 0 0 0 0 0 0 0 0 1 0 0 0 0 0 0 1
 0 1 0 0 0 0 0 0 0 0 0 1 0 0 0 0 0 0 0 0 0 0 0 0 0 0 0 0 0 0 0 0 0 0 0 0 0
 0 0 0 1 0 1 0 0 0 0 0 0 0 0 0 1 0 0 0 0 0 0 0 0 0 0 1 0 1 0 1 0 0 0 0 0 0
 1 0 0 0 0 0 1 0 0 0 0 0 0 0 0 0 0 0 0 0 0 0 0 0 0 0 0 0 1 0 0 0 0 0 0 0 1
 0 0 0 0 0 0 0 0 0 0 0 0 0 0 0 0 1 0 0 0 0 0 0 1 0 0 0 0 0 0 0 0 0 0 0 0 0
 0 0 0 0 0 0 0 0 0 0 0 0 0 0 0 0 0 0 0 0 0 0 0 0 0 1 0 0 0 1 0 0 0 0 0 0 0
 0 1 0 0 0 0 0 0 0 0 0 0 0 0 1 0 0 1 0 1 0 0 0 0 0 0 0 0 0 0 0 1 0 0 0 1 1
 1 1 0 0 0 0 0 0 0 0 0 0 0 0 0 0 0 0 0 0 0 0 0 0 0 1 1 1 0 0 0 0 0 0 0 0 1
 0 0 0 0 0 0 1 1 1 0 0 0 0 0 0 0 0 1 0 0 0 1 0 0 0 0 0 0 0 0 0 1 0 0 0 0 0
 0 0 1 1 1 1 0 1 1 1 1 1 1 1 1 0 0 0 0 1 0 0 0 0 1 0 0 0 0 0 0 0 0 0 0 0 1
 0 1 0 0 0 0 1 1 0 0 0 0 0 1 0 0 0 0 0 0 0 1 1 0 0 0 0 0 0 0 0 0 0 0 0 0 0
 0 0 1 0 0 0 1 0 0 0 0 1 1 0 0 1 0 0 0 0 0 0 0 0 0 0 0 0 0 0 0 0 0 0 1 0 0
 0 1 0 0 0 0 0 0 0 1 0 0 0 1 0 0 0 0 0 0 0 0 0 0 0 0 1 0 1 0 0 0 0 0 0 0 0
 0 0 0 1 0 0 0 0 0 0 0 0 0 1 0 0 0 0 0 0 1 0 0 0 0 1 0 0 0 0 0 0 1 0 1 0 1
 0 0 0 0 0 0 1 0 0 0 0 0 1 0 0 1 0 0 0 0 0 0 1 1 1 1 1 1 0 1 0 1 1 1 1 1 1
 1 1 1 0 1 0 0 0 0 0 0 1 1 1 0 0 1 0 1 0 0 0 0 0 1 0 0 0 0 0 0 0 0 0 1 0 1
 0 1 0 0 0 0 0 0 0 1 0 0 0 0 0 0 0 1 0 0 0 1 0 0 1 0 0 0 0 1 0 0 0 1 0 0 0
 0 0 1 0 0 0 0 0 0 0 0 0 0 1 0 0 0 0 0 0 0 0 0 0 0 0 1 1 0 1 0 0 0 0 0 1 0
 0 0 1 1 0 0 0 0 0 0 1 0 0 0 0 0 0 0 0 0 1 0 0 0 0 0 0 0 0 0 0 0 0 0 0 1 1
 0 0 0 0 0 0 0 1 0 0 0 0 0 0 0 0 0 1 0 0 0 0 0 0 0 0 0 0 0 0 0 0 0 0 0 0 0
 1 0 0 1 0 0 1 1 0 0 0 0 0 0 0 0 0 0 0 0 0 0 0 0 0 1 1 0 1 0 0 0 0 0 0 0 1
 0 0 0 0 0 0 0 0 0 0 0 0 0 0 0 1 0 0 0 0 0 0 0 0 0 0 0 0 0 0 0 0 0 0 0 0 0
 1 0 0 1 0 1 0 1 0 0 0 0 0 0 0 0 0 0 0 0 0 1 0 0 1 0 0 0 1 0 0 0 0 0 0 1 0
 0 0 0 0 0 0 0 1 0 0 0 0 0 1 1 0 0 0 0 1 0 0 1 0 0 0 1 1 0 1 0 0 0 0 1 1 0
 0 0 0 0 1 0 0 1 0 0 0 0 0 0 0 0 0 1 0 0 1 0 0 0 0 1 1 1 1 0 0 0 0 0 0 0 1
 0 0]","[0.1473029  0.14745587 0.14656965 0.14568158 0.14583333 0.1459854
 0.14509395 0.14524556 0.14539749 0.14554974 0.14570231 0.14585519
 0.1460084  0.14616193 0.14526316 0.14541623 0.14556962 0.14572334
 0.14587738 0.14603175 0.14512712 0.14528102 0.14543524 0.1455898
 0.14574468 0.14483493 0.14498934 0.14407684 0.14316239 0.14331551
 0.14346895 0.14362272 0.14377682 0.14393126 0.14301075 0.14316469
 0.14331897 0.14347357 0.1425486  0.1427027  0.14285714 0.14192849
 0.14208243 0.1422367  0.1423913  0.14254625 0.14270153 0.14285714
 0.1430131  0.1431694  0.14332604 0.14348302 0.14364035 0.14379802
 0.14395604 0.14411441 0.14317181 0.14332966 0.14348786 0.14364641
 0.14269912 0.14285714 0.14301552 0.14317425 0.14333333 0.14349277
 0.14365256 0.14381271 0.14397321 0.14301676 0.14317673 0.14333707
 0.14349776 0.14365881 0.14382022 0.143982   0.14414414 0.14317926
 0.14334086 0.14350282 0.14253394 0.14269536 0.14172336 0.14188422
 0.14204545 0.1410694  0.14009112 0.14025086 0.13926941 0.13942857
 0.1395881  0.139748   0.13990826 0.14006889 0.14022989 0.14039125
 0.13940092 0.13956171 0.13972286 0.13988439 0.1400463  0.14020857
 0.14037123 0.14053426 0.13953488 0.13969732 0.13986014 0.14002334
 0.14018692 0.13918129 0.13934426 0.13950762 0.13849765 0.1386604
 0.13882353 0.13898704 0.13915094 0.13931523 0.13947991 0.13964497
 0.13981043 0.13997628 0.14014252 0.14030916 0.14047619 0.14064362
 0.14081146 0.14097969 0.14114833 0.14131737 0.14148681 0.14165666
 0.14182692 0.14199759 0.14216867 0.14234017 0.14251208 0.1426844
 0.14285714 0.1430303  0.14199029 0.14094775 0.13990268 0.14007308
 0.1402439  0.14041514 0.1405868  0.14075887 0.14093137 0.14110429
 0.14127764 0.14145141 0.14162562 0.14180025 0.14197531 0.1421508
 0.14232673 0.1425031  0.1426799  0.14285714 0.14179104 0.14196762
 0.14214464 0.14107366 0.14125    0.14142678 0.14160401 0.14178168
 0.1419598  0.14213836 0.14231738 0.14123581 0.14141414 0.14159292
 0.14177215 0.14195184 0.14213198 0.14231258 0.14249364 0.14267516
 0.14285714 0.14303959 0.14322251 0.14340589 0.14358974 0.14377407
 0.14395887 0.14414414 0.1443299  0.14451613 0.14341085 0.14359638
 0.14378238 0.14396887 0.14415584 0.1443433  0.14453125 0.14471969
 0.14360313 0.14248366 0.14267016 0.14285714 0.14304462 0.14323259
 0.14210526 0.14229249 0.14248021 0.14266843 0.14285714 0.14304636
 0.14323607 0.14342629 0.14361702 0.14380826 0.144      0.14419226
 0.14438503 0.14457831 0.14477212 0.14496644 0.14516129 0.14535666
 0.14555256 0.14574899 0.14594595 0.14614344 0.14634146 0.14654003
 0.14673913 0.14693878 0.14577657 0.14597544 0.14617486 0.14637483
 0.14657534 0.14677641 0.14697802 0.14718019 0.14738292 0.1462069
 0.14640884 0.14661134 0.14542936 0.14563107 0.14583333 0.14603616
 0.14623955 0.14644351 0.14664804 0.14685315 0.14705882 0.14726508
 0.14606742 0.14627286 0.14647887 0.14668547 0.14689266 0.145686
 0.14589235 0.14609929 0.14630682 0.14651494 0.14529915 0.14550642
 0.14428571 0.14449213 0.14469914 0.14490674 0.14511494 0.14532374
 0.14409222 0.14430014 0.14450867 0.1447178  0.14347826 0.1436865
 0.14389535 0.1441048  0.14431487 0.14452555 0.14473684 0.14494876
 0.14369501 0.14390602 0.14411765 0.1443299  0.14454277 0.14475628
 0.14497041 0.14518519 0.14540059 0.14413076 0.14434524 0.14307004
 0.14328358 0.14349776 0.14371257 0.14392804 0.14414414 0.1443609
 0.14457831 0.14479638 0.14501511 0.14523449 0.14545455 0.14567527
 0.1443769  0.14459665 0.14481707 0.14503817 0.14525994 0.14548239
 0.14570552 0.14592934 0.14615385 0.14637904 0.14660494 0.14683153
 0.14705882 0.14573643 0.14596273 0.14618974 0.14641745 0.14664587
 0.1453125  0.14553991 0.14576803 0.14599686 0.14465409 0.14488189
 0.14511041 0.14533965 0.14556962 0.14580032 0.14603175 0.14626391
 0.14649682 0.14513557 0.14376997 0.144      0.14423077 0.14446228
 0.14469453 0.14492754 0.14516129 0.1453958  0.14563107 0.1458671
 0.1461039  0.14634146 0.1465798  0.14681892 0.14705882 0.14729951
 0.14754098 0.14614122 0.14473684 0.14497529 0.14521452 0.14545455
 0.14569536 0.14593698 0.1461794  0.14475874 0.145      0.14524207
 0.14548495 0.14572864 0.14597315 0.14453782 0.14478114 0.1450253
 0.14358108 0.14382403 0.1440678  0.14431239 0.14455782 0.14480409
 0.14505119 0.14529915 0.14383562 0.14408233 0.1443299  0.14457831
 0.14482759 0.1433506  0.14359862 0.14384749 0.14409722 0.14434783
 0.1445993  0.14485166 0.1451049  0.14535902 0.14561404 0.14586995
 0.14612676 0.14462081 0.14487633 0.14513274 0.14539007 0.14564831
 0.14590747 0.14616756 0.14642857 0.14669052 0.14695341 0.1454219
 0.14568345 0.14594595 0.14620939 0.14647378 0.14673913 0.14700544
 0.14727273 0.14754098 0.14781022 0.14625229 0.14652015 0.14678899
 0.14705882 0.14732965 0.14760148 0.14787431 0.14814815 0.14842301
 0.14684015 0.14711359 0.14738806 0.14766355 0.14606742 0.14634146
 0.14661654 0.14689266 0.14716981 0.14744802 0.14583333 0.14611006
 0.14448669 0.1447619  0.14503817 0.14531549 0.14559387 0.14395393
 0.14423077 0.14450867 0.14285714 0.14313346 0.14341085 0.14368932
 0.14202335 0.14230019 0.14257812 0.14285714 0.14313725 0.14341847
 0.14370079 0.14201183 0.14229249 0.14257426 0.14285714 0.14115308
 0.14143426 0.14171657 0.142      0.14228457 0.14056225 0.14084507
 0.14112903 0.14141414 0.1417004  0.13995943 0.1402439  0.14052953
 0.13877551 0.1390593  0.13934426 0.13963039 0.1399177  0.14020619
 0.14049587 0.14078675 0.14107884 0.14137214 0.14166667 0.14196242
 0.14225941 0.14046122 0.1407563  0.13894737 0.13924051 0.13953488
 0.13983051 0.13800425 0.13829787 0.13859275 0.13888889 0.1391863
 0.13948498 0.13978495 0.14008621 0.14038877 0.14069264 0.14099783
 0.13913043 0.13943355 0.13973799 0.14004376 0.14035088 0.14065934
 0.14096916 0.13907285 0.13938053 0.13968958 0.14       0.1403118
 0.140625   0.1409396  0.14125561 0.14157303 0.13963964 0.13995485
 0.14027149 0.14058957 0.14090909 0.14123007 0.14155251 0.14187643
 0.14220183 0.14252874 0.140553   0.1408776  0.1412037  0.14153132
 0.14186047 0.14219114 0.14252336 0.14285714 0.14319249 0.14352941
 0.14150943 0.14184397 0.13981043 0.14014252 0.14047619 0.14081146
 0.14114833 0.14148681 0.14182692 0.14216867 0.14251208 0.14285714
 0.14320388 0.14355231 0.14390244 0.14425428 0.14460784 0.14250614
 0.14039409 0.14074074 0.14108911 0.14143921 0.14179104 0.14214464
 0.14       0.14035088 0.14070352 0.13853904 0.13888889 0.13924051
 0.13959391 0.13994911 0.14030612 0.14066496 0.14102564 0.14138817
 0.14175258 0.13953488 0.13989637 0.14025974 0.140625   0.14099217
 0.14136126 0.14173228 0.14210526 0.14248021 0.14285714 0.14323607
 0.14095745 0.14133333 0.14171123 0.13941019 0.13978495 0.13746631
 0.13783784 0.13821138 0.13858696 0.13896458 0.13934426 0.13972603
 0.14010989 0.14049587 0.14088398 0.14127424 0.14166667 0.14206128
 0.1424581  0.14285714 0.14325843 0.14366197 0.1440678  0.14447592
 0.14488636 0.14529915 0.14571429 0.14613181 0.14655172 0.14697406
 0.14739884 0.14782609 0.14825581 0.14577259 0.14619883 0.14369501
 0.14411765 0.14454277 0.14497041 0.14540059 0.14583333 0.14626866
 0.14670659 0.14714715 0.14457831 0.14501511 0.14545455 0.14589666
 0.14634146 0.14373089 0.14417178 0.14461538 0.14506173 0.14551084
 0.14596273 0.14641745 0.146875   0.14733542 0.14779874 0.14826498
 0.14873418 0.14920635 0.14968153 0.15015974 0.15064103 0.1511254
 0.1516129  0.15210356 0.1525974  0.15309446 0.15359477 0.15081967
 0.15131579 0.15181518 0.15231788 0.15282392 0.15       0.15050167
 0.15100671 0.15151515 0.15202703 0.15254237 0.14965986 0.15017065
 0.15068493 0.15120275 0.15172414 0.15224913 0.15277778 0.1533101
 0.15384615 0.15438596 0.15492958 0.15547703 0.15602837 0.15658363
 0.15714286 0.15412186 0.15467626 0.15523466 0.1557971  0.15636364
 0.15693431 0.15384615 0.15441176 0.15498155 0.15555556 0.15613383
 0.15671642 0.15730337 0.15789474 0.15849057 0.15909091 0.15969582
 0.15648855 0.15708812 0.15769231 0.15830116 0.15891473 0.15953307
 0.16015625 0.16078431 0.16141732 0.15810277 0.1547619  0.15537849
 0.152      0.15261044 0.14919355 0.14979757 0.1504065  0.15102041
 0.14754098 0.14814815 0.14876033 0.14937759 0.14583333 0.14644351
 0.14705882 0.14767932 0.14830508 0.14893617 0.14957265 0.15021459
 0.15086207 0.15151515 0.15217391 0.15283843 0.15350877 0.15418502
 0.15044248 0.15111111 0.15178571 0.14798206 0.14864865 0.14479638
 0.14545455 0.14155251 0.14220183 0.14285714 0.14351852 0.14418605
 0.14485981 0.14084507 0.14150943 0.14218009 0.14285714 0.13875598
 0.13942308 0.14009662 0.1407767  0.14146341 0.14215686 0.14285714
 0.14356436 0.14427861 0.145      0.14572864 0.14646465 0.14720812
 0.14795918 0.14871795 0.14948454 0.14507772 0.14583333 0.14659686
 0.14736842 0.14285714 0.14361702 0.14438503 0.13978495 0.14054054
 0.14130435 0.1420765  0.14285714 0.14364641 0.14444444 0.1452514
 0.14606742 0.14689266 0.14772727 0.14857143 0.14942529 0.15028902
 0.15116279 0.15204678 0.15294118 0.15384615 0.1547619  0.15568862
 0.15662651 0.15151515 0.15243902 0.14723926 0.14814815 0.14906832
 0.15       0.14465409 0.14556962 0.14649682 0.1474359  0.14193548
 0.14285714 0.14379085 0.14473684 0.14569536 0.14666667 0.14765101
 0.14864865 0.14965986 0.15068493 0.14482759 0.14583333 0.14685315
 0.14788732 0.14893617 0.15       0.15107914 0.15217391 0.15328467
 0.15441176 0.15555556 0.15671642 0.15789474 0.15909091 0.16030534
 0.15384615 0.15503876 0.15625    0.15748031 0.15873016 0.16
 0.15322581 0.15447154 0.1557377  0.15702479 0.15833333 0.15966387
 0.16101695 0.16239316 0.1637931  0.16521739 0.16666667 0.16814159
 0.16964286 0.17117117 0.16363636 0.16513761 0.15740741 0.1588785
 0.16037736 0.16190476 0.16346154 0.16504854 0.15686275 0.15841584
 0.16       0.16161616 0.15306122 0.15463918 0.15625    0.14736842
 0.14893617 0.13978495 0.14130435 0.14285714 0.14444444 0.14606742
 0.14772727 0.14942529 0.15116279 0.15294118 0.1547619  0.15662651
 0.15853659 0.16049383 0.1625     0.16455696 0.16666667 0.16883117
 0.17105263 0.17333333 0.17567568 0.16438356 0.15277778 0.15492958
 0.15714286 0.15942029 0.16176471 0.1641791  0.15151515 0.15384615
 0.15625    0.15873016 0.16129032 0.16393443 0.16666667 0.15254237
 0.15517241 0.15789474 0.16071429 0.16363636 0.16666667 0.16981132
 0.15384615 0.15686275 0.16       0.16326531 0.16666667 0.14893617
 0.15217391 0.15555556 0.15909091 0.1627907  0.16666667 0.17073171
 0.15       0.15384615 0.15789474 0.16216216 0.16666667 0.17142857
 0.17647059 0.18181818 0.1875     0.16129032 0.16666667 0.13793103
 0.14285714 0.11111111 0.11538462 0.12       0.125      0.13043478
 0.13636364 0.14285714 0.15       0.15789474 0.16666667 0.17647059
 0.125      0.13333333 0.14285714 0.15384615 0.16666667 0.18181818
 0.2        0.22222222 0.25       0.28571429 0.33333333 1.        ]","[1.         1.         0.99295775 0.98591549 0.98591549 0.98591549
 0.97887324 0.97887324 0.97887324 0.97887324 0.97887324 0.97887324
 0.97887324 0.97887324 0.97183099 0.97183099 0.97183099 0.97183099
 0.97183099 0.97183099 0.96478873 0.96478873 0.96478873 0.96478873
 0.96478873 0.95774648 0.95774648 0.95070423 0.94366197 0.94366197
 0.94366197 0.94366197 0.94366197 0.94366197 0.93661972 0.93661972
 0.93661972 0.93661972 0.92957746 0.92957746 0.92957746 0.92253521
 0.92253521 0.92253521 0.92253521 0.92253521 0.92253521 0.92253521
 0.92253521 0.92253521 0.92253521 0.92253521 0.92253521 0.92253521
 0.92253521 0.92253521 0.91549296 0.91549296 0.91549296 0.91549296
 0.9084507  0.9084507  0.9084507  0.9084507  0.9084507  0.9084507
 0.9084507  0.9084507  0.9084507  0.90140845 0.90140845 0.90140845
 0.90140845 0.90140845 0.90140845 0.90140845 0.90140845 0.8943662
 0.8943662  0.8943662  0.88732394 0.88732394 0.88028169 0.88028169
 0.88028169 0.87323944 0.86619718 0.86619718 0.85915493 0.85915493
 0.85915493 0.85915493 0.85915493 0.85915493 0.85915493 0.85915493
 0.85211268 0.85211268 0.85211268 0.85211268 0.85211268 0.85211268
 0.85211268 0.85211268 0.84507042 0.84507042 0.84507042 0.84507042
 0.84507042 0.83802817 0.83802817 0.83802817 0.83098592 0.83098592
 0.83098592 0.83098592 0.83098592 0.83098592 0.83098592 0.83098592
 0.83098592 0.83098592 0.83098592 0.83098592 0.83098592 0.83098592
 0.83098592 0.83098592 0.83098592 0.83098592 0.83098592 0.83098592
 0.83098592 0.83098592 0.83098592 0.83098592 0.83098592 0.83098592
 0.83098592 0.83098592 0.82394366 0.81690141 0.80985915 0.80985915
 0.80985915 0.80985915 0.80985915 0.80985915 0.80985915 0.80985915
 0.80985915 0.80985915 0.80985915 0.80985915 0.80985915 0.80985915
 0.80985915 0.80985915 0.80985915 0.80985915 0.8028169  0.8028169
 0.8028169  0.79577465 0.79577465 0.79577465 0.79577465 0.79577465
 0.79577465 0.79577465 0.79577465 0.78873239 0.78873239 0.78873239
 0.78873239 0.78873239 0.78873239 0.78873239 0.78873239 0.78873239
 0.78873239 0.78873239 0.78873239 0.78873239 0.78873239 0.78873239
 0.78873239 0.78873239 0.78873239 0.78873239 0.78169014 0.78169014
 0.78169014 0.78169014 0.78169014 0.78169014 0.78169014 0.78169014
 0.77464789 0.76760563 0.76760563 0.76760563 0.76760563 0.76760563
 0.76056338 0.76056338 0.76056338 0.76056338 0.76056338 0.76056338
 0.76056338 0.76056338 0.76056338 0.76056338 0.76056338 0.76056338
 0.76056338 0.76056338 0.76056338 0.76056338 0.76056338 0.76056338
 0.76056338 0.76056338 0.76056338 0.76056338 0.76056338 0.76056338
 0.76056338 0.76056338 0.75352113 0.75352113 0.75352113 0.75352113
 0.75352113 0.75352113 0.75352113 0.75352113 0.75352113 0.74647887
 0.74647887 0.74647887 0.73943662 0.73943662 0.73943662 0.73943662
 0.73943662 0.73943662 0.73943662 0.73943662 0.73943662 0.73943662
 0.73239437 0.73239437 0.73239437 0.73239437 0.73239437 0.72535211
 0.72535211 0.72535211 0.72535211 0.72535211 0.71830986 0.71830986
 0.71126761 0.71126761 0.71126761 0.71126761 0.71126761 0.71126761
 0.70422535 0.70422535 0.70422535 0.70422535 0.6971831  0.6971831
 0.6971831  0.6971831  0.6971831  0.6971831  0.6971831  0.6971831
 0.69014085 0.69014085 0.69014085 0.69014085 0.69014085 0.69014085
 0.69014085 0.69014085 0.69014085 0.68309859 0.68309859 0.67605634
 0.67605634 0.67605634 0.67605634 0.67605634 0.67605634 0.67605634
 0.67605634 0.67605634 0.67605634 0.67605634 0.67605634 0.67605634
 0.66901408 0.66901408 0.66901408 0.66901408 0.66901408 0.66901408
 0.66901408 0.66901408 0.66901408 0.66901408 0.66901408 0.66901408
 0.66901408 0.66197183 0.66197183 0.66197183 0.66197183 0.66197183
 0.65492958 0.65492958 0.65492958 0.65492958 0.64788732 0.64788732
 0.64788732 0.64788732 0.64788732 0.64788732 0.64788732 0.64788732
 0.64788732 0.64084507 0.63380282 0.63380282 0.63380282 0.63380282
 0.63380282 0.63380282 0.63380282 0.63380282 0.63380282 0.63380282
 0.63380282 0.63380282 0.63380282 0.63380282 0.63380282 0.63380282
 0.63380282 0.62676056 0.61971831 0.61971831 0.61971831 0.61971831
 0.61971831 0.61971831 0.61971831 0.61267606 0.61267606 0.61267606
 0.61267606 0.61267606 0.61267606 0.6056338  0.6056338  0.6056338
 0.59859155 0.59859155 0.59859155 0.59859155 0.59859155 0.59859155
 0.59859155 0.59859155 0.5915493  0.5915493  0.5915493  0.5915493
 0.5915493  0.58450704 0.58450704 0.58450704 0.58450704 0.58450704
 0.58450704 0.58450704 0.58450704 0.58450704 0.58450704 0.58450704
 0.58450704 0.57746479 0.57746479 0.57746479 0.57746479 0.57746479
 0.57746479 0.57746479 0.57746479 0.57746479 0.57746479 0.57042254
 0.57042254 0.57042254 0.57042254 0.57042254 0.57042254 0.57042254
 0.57042254 0.57042254 0.57042254 0.56338028 0.56338028 0.56338028
 0.56338028 0.56338028 0.56338028 0.56338028 0.56338028 0.56338028
 0.55633803 0.55633803 0.55633803 0.55633803 0.54929577 0.54929577
 0.54929577 0.54929577 0.54929577 0.54929577 0.54225352 0.54225352
 0.53521127 0.53521127 0.53521127 0.53521127 0.53521127 0.52816901
 0.52816901 0.52816901 0.52112676 0.52112676 0.52112676 0.52112676
 0.51408451 0.51408451 0.51408451 0.51408451 0.51408451 0.51408451
 0.51408451 0.50704225 0.50704225 0.50704225 0.50704225 0.5
 0.5        0.5        0.5        0.5        0.49295775 0.49295775
 0.49295775 0.49295775 0.49295775 0.48591549 0.48591549 0.48591549
 0.47887324 0.47887324 0.47887324 0.47887324 0.47887324 0.47887324
 0.47887324 0.47887324 0.47887324 0.47887324 0.47887324 0.47887324
 0.47887324 0.47183099 0.47183099 0.46478873 0.46478873 0.46478873
 0.46478873 0.45774648 0.45774648 0.45774648 0.45774648 0.45774648
 0.45774648 0.45774648 0.45774648 0.45774648 0.45774648 0.45774648
 0.45070423 0.45070423 0.45070423 0.45070423 0.45070423 0.45070423
 0.45070423 0.44366197 0.44366197 0.44366197 0.44366197 0.44366197
 0.44366197 0.44366197 0.44366197 0.44366197 0.43661972 0.43661972
 0.43661972 0.43661972 0.43661972 0.43661972 0.43661972 0.43661972
 0.43661972 0.43661972 0.42957746 0.42957746 0.42957746 0.42957746
 0.42957746 0.42957746 0.42957746 0.42957746 0.42957746 0.42957746
 0.42253521 0.42253521 0.41549296 0.41549296 0.41549296 0.41549296
 0.41549296 0.41549296 0.41549296 0.41549296 0.41549296 0.41549296
 0.41549296 0.41549296 0.41549296 0.41549296 0.41549296 0.4084507
 0.40140845 0.40140845 0.40140845 0.40140845 0.40140845 0.40140845
 0.3943662  0.3943662  0.3943662  0.38732394 0.38732394 0.38732394
 0.38732394 0.38732394 0.38732394 0.38732394 0.38732394 0.38732394
 0.38732394 0.38028169 0.38028169 0.38028169 0.38028169 0.38028169
 0.38028169 0.38028169 0.38028169 0.38028169 0.38028169 0.38028169
 0.37323944 0.37323944 0.37323944 0.36619718 0.36619718 0.35915493
 0.35915493 0.35915493 0.35915493 0.35915493 0.35915493 0.35915493
 0.35915493 0.35915493 0.35915493 0.35915493 0.35915493 0.35915493
 0.35915493 0.35915493 0.35915493 0.35915493 0.35915493 0.35915493
 0.35915493 0.35915493 0.35915493 0.35915493 0.35915493 0.35915493
 0.35915493 0.35915493 0.35915493 0.35211268 0.35211268 0.34507042
 0.34507042 0.34507042 0.34507042 0.34507042 0.34507042 0.34507042
 0.34507042 0.34507042 0.33802817 0.33802817 0.33802817 0.33802817
 0.33802817 0.33098592 0.33098592 0.33098592 0.33098592 0.33098592
 0.33098592 0.33098592 0.33098592 0.33098592 0.33098592 0.33098592
 0.33098592 0.33098592 0.33098592 0.33098592 0.33098592 0.33098592
 0.33098592 0.33098592 0.33098592 0.33098592 0.33098592 0.32394366
 0.32394366 0.32394366 0.32394366 0.32394366 0.31690141 0.31690141
 0.31690141 0.31690141 0.31690141 0.31690141 0.30985915 0.30985915
 0.30985915 0.30985915 0.30985915 0.30985915 0.30985915 0.30985915
 0.30985915 0.30985915 0.30985915 0.30985915 0.30985915 0.30985915
 0.30985915 0.3028169  0.3028169  0.3028169  0.3028169  0.3028169
 0.3028169  0.29577465 0.29577465 0.29577465 0.29577465 0.29577465
 0.29577465 0.29577465 0.29577465 0.29577465 0.29577465 0.29577465
 0.28873239 0.28873239 0.28873239 0.28873239 0.28873239 0.28873239
 0.28873239 0.28873239 0.28873239 0.28169014 0.27464789 0.27464789
 0.26760563 0.26760563 0.26056338 0.26056338 0.26056338 0.26056338
 0.25352113 0.25352113 0.25352113 0.25352113 0.24647887 0.24647887
 0.24647887 0.24647887 0.24647887 0.24647887 0.24647887 0.24647887
 0.24647887 0.24647887 0.24647887 0.24647887 0.24647887 0.24647887
 0.23943662 0.23943662 0.23943662 0.23239437 0.23239437 0.22535211
 0.22535211 0.21830986 0.21830986 0.21830986 0.21830986 0.21830986
 0.21830986 0.21126761 0.21126761 0.21126761 0.21126761 0.20422535
 0.20422535 0.20422535 0.20422535 0.20422535 0.20422535 0.20422535
 0.20422535 0.20422535 0.20422535 0.20422535 0.20422535 0.20422535
 0.20422535 0.20422535 0.20422535 0.1971831  0.1971831  0.1971831
 0.1971831  0.19014085 0.19014085 0.19014085 0.18309859 0.18309859
 0.18309859 0.18309859 0.18309859 0.18309859 0.18309859 0.18309859
 0.18309859 0.18309859 0.18309859 0.18309859 0.18309859 0.18309859
 0.18309859 0.18309859 0.18309859 0.18309859 0.18309859 0.18309859
 0.18309859 0.17605634 0.17605634 0.16901408 0.16901408 0.16901408
 0.16901408 0.16197183 0.16197183 0.16197183 0.16197183 0.15492958
 0.15492958 0.15492958 0.15492958 0.15492958 0.15492958 0.15492958
 0.15492958 0.15492958 0.15492958 0.14788732 0.14788732 0.14788732
 0.14788732 0.14788732 0.14788732 0.14788732 0.14788732 0.14788732
 0.14788732 0.14788732 0.14788732 0.14788732 0.14788732 0.14788732
 0.14084507 0.14084507 0.14084507 0.14084507 0.14084507 0.14084507
 0.13380282 0.13380282 0.13380282 0.13380282 0.13380282 0.13380282
 0.13380282 0.13380282 0.13380282 0.13380282 0.13380282 0.13380282
 0.13380282 0.13380282 0.12676056 0.12676056 0.11971831 0.11971831
 0.11971831 0.11971831 0.11971831 0.11971831 0.11267606 0.11267606
 0.11267606 0.11267606 0.1056338  0.1056338  0.1056338  0.09859155
 0.09859155 0.0915493  0.0915493  0.0915493  0.0915493  0.0915493
 0.0915493  0.0915493  0.0915493  0.0915493  0.0915493  0.0915493
 0.0915493  0.0915493  0.0915493  0.0915493  0.0915493  0.0915493
 0.0915493  0.0915493  0.0915493  0.08450704 0.07746479 0.07746479
 0.07746479 0.07746479 0.07746479 0.07746479 0.07042254 0.07042254
 0.07042254 0.07042254 0.07042254 0.07042254 0.07042254 0.06338028
 0.06338028 0.06338028 0.06338028 0.06338028 0.06338028 0.06338028
 0.05633803 0.05633803 0.05633803 0.05633803 0.05633803 0.04929577
 0.04929577 0.04929577 0.04929577 0.04929577 0.04929577 0.04929577
 0.04225352 0.04225352 0.04225352 0.04225352 0.04225352 0.04225352
 0.04225352 0.04225352 0.04225352 0.03521127 0.03521127 0.02816901
 0.02816901 0.02112676 0.02112676 0.02112676 0.02112676 0.02112676
 0.02112676 0.02112676 0.02112676 0.02112676 0.02112676 0.02112676
 0.01408451 0.01408451 0.01408451 0.01408451 0.01408451 0.01408451
 0.01408451 0.01408451 0.01408451 0.01408451 0.01408451 0.        ]","[3.61827581e-110 1.03184401e-064 1.81926766e-058 1.49758146e-040
 3.28675446e-040 8.91927082e-040 8.08201147e-036 3.13441218e-033
 1.65711016e-031 1.38682338e-029 4.36365284e-028 2.33945853e-027
 4.96423120e-026 5.58042238e-026 9.88904655e-026 2.97860573e-025
 4.60457806e-025 1.98621765e-024 2.41799580e-024 3.94188703e-024
 1.02826217e-023 1.25927021e-023 1.35134652e-023 2.38386469e-022
 3.24221237e-022 7.25209850e-022 1.74541572e-021 2.31088796e-021
 2.49394498e-021 2.89188015e-021 4.59421937e-021 7.61324303e-021
 9.87057562e-021 1.36351679e-020 1.68113771e-020 2.41114680e-020
 2.49866580e-020 4.60718116e-020 1.10839237e-019 1.40693430e-019
 1.51936293e-019 5.93227207e-019 7.64952326e-019 9.25079968e-019
 9.57630329e-019 1.74749487e-018 1.91762876e-018 2.04255664e-018
 2.23049039e-018 3.18598700e-018 3.24425402e-018 5.77410359e-018
 6.76099650e-018 7.73352390e-018 7.94661066e-018 9.63630939e-018
 1.02092058e-017 1.45360065e-017 1.48295854e-017 1.93827054e-017
 2.21523437e-017 2.32050800e-017 3.04305163e-017 3.09662725e-017
 3.49336705e-017 5.36498845e-017 5.77979386e-017 1.16954052e-016
 1.35471870e-016 1.69739419e-016 2.01607256e-016 2.26436341e-016
 2.92308441e-016 3.62439713e-016 3.91790516e-016 4.21031218e-016
 5.80411627e-016 6.16418800e-016 7.10059552e-016 9.03834372e-016
 9.79270142e-016 1.00196141e-015 1.12044952e-015 1.40526679e-015
 1.42360751e-015 1.48897061e-015 1.59680627e-015 1.66266346e-015
 1.94966919e-015 1.97848366e-015 1.98162884e-015 2.07092791e-015
 2.12690541e-015 2.58037375e-015 2.70142006e-015 2.70270449e-015
 3.59734934e-015 3.70336801e-015 4.17166452e-015 4.36172658e-015
 4.44001335e-015 4.95251928e-015 5.68338315e-015 1.11622619e-014
 1.12750435e-014 1.28761211e-014 1.29836935e-014 1.37713168e-014
 1.58969802e-014 1.89974704e-014 1.92522672e-014 2.08379915e-014
 2.13732511e-014 2.19823985e-014 2.39629290e-014 2.69396842e-014
 3.07954673e-014 3.25109465e-014 3.25411506e-014 4.20818934e-014
 6.35910503e-014 7.61999234e-014 7.72183126e-014 8.74323810e-014
 8.99134816e-014 9.32498932e-014 1.23432957e-013 1.28144289e-013
 1.84034742e-013 2.15361425e-013 2.18243203e-013 2.28593430e-013
 2.37167366e-013 2.96322734e-013 3.34870404e-013 3.51334496e-013
 4.23814450e-013 5.68707652e-013 5.91087611e-013 6.10993920e-013
 6.27568296e-013 6.55911253e-013 7.06468626e-013 7.18599119e-013
 7.63665750e-013 8.08947624e-013 9.05509308e-013 9.84182163e-013
 1.11711016e-012 1.29810627e-012 1.49136458e-012 1.58867240e-012
 1.61681429e-012 1.77135194e-012 2.29151898e-012 2.31082063e-012
 2.32452319e-012 2.34987908e-012 2.54475656e-012 2.62686609e-012
 2.75633562e-012 2.78043008e-012 3.26041803e-012 3.86410731e-012
 3.99747231e-012 4.24634885e-012 4.58729737e-012 4.75824675e-012
 5.13703078e-012 5.38935951e-012 5.72463105e-012 6.63687155e-012
 7.56629857e-012 8.21883407e-012 8.36318177e-012 8.87057846e-012
 9.94402598e-012 1.00249521e-011 1.04669473e-011 1.19720647e-011
 1.20505176e-011 1.21874674e-011 1.34144994e-011 1.37694848e-011
 1.38664965e-011 1.60275634e-011 1.73744699e-011 2.42825107e-011
 2.48349816e-011 2.69359525e-011 2.71007105e-011 2.83822597e-011
 3.02583462e-011 3.02782274e-011 3.05173584e-011 3.94325259e-011
 4.12032622e-011 4.55124169e-011 5.22144052e-011 6.10925921e-011
 6.21683120e-011 6.59710467e-011 6.60539285e-011 6.85862517e-011
 8.09242350e-011 8.75454598e-011 8.96434182e-011 9.55662018e-011
 1.02047314e-010 1.02430855e-010 1.14244988e-010 1.34817215e-010
 1.36765950e-010 1.45457277e-010 1.54559420e-010 1.56471003e-010
 1.56649041e-010 1.58395616e-010 1.65619002e-010 1.76575187e-010
 1.98987826e-010 1.99306115e-010 2.01666048e-010 2.04305623e-010
 2.25652770e-010 2.26199750e-010 2.42155487e-010 2.46299535e-010
 2.47789321e-010 2.48153823e-010 2.49078161e-010 2.55525609e-010
 2.68041797e-010 2.72111092e-010 2.75244860e-010 2.80191315e-010
 2.81995891e-010 2.82258548e-010 2.88234755e-010 2.93172587e-010
 3.01765248e-010 3.08557670e-010 3.13524769e-010 3.18010902e-010
 3.18445921e-010 3.29013794e-010 3.39278366e-010 3.51018602e-010
 3.89052855e-010 4.09396940e-010 4.54101632e-010 4.79545734e-010
 4.90180487e-010 4.93591427e-010 5.15430202e-010 5.16859858e-010
 5.76562699e-010 6.41132489e-010 6.53351513e-010 6.61883878e-010
 6.73388942e-010 6.75582681e-010 7.12081562e-010 7.35877611e-010
 7.99021187e-010 8.33840617e-010 8.89517548e-010 9.20868718e-010
 9.76777210e-010 9.79699883e-010 9.97227549e-010 1.07381050e-009
 1.14447133e-009 1.24759741e-009 1.26920067e-009 1.36463154e-009
 1.44556612e-009 1.51393978e-009 1.55815717e-009 1.58821696e-009
 1.61878932e-009 1.69181648e-009 1.71798793e-009 1.75347011e-009
 1.99371692e-009 2.00340451e-009 2.01168599e-009 2.08137203e-009
 2.10707408e-009 2.26166460e-009 2.34164425e-009 2.47623671e-009
 2.63701952e-009 2.81775961e-009 2.88545757e-009 2.92177986e-009
 2.95067537e-009 2.95661087e-009 3.13310678e-009 3.14428483e-009
 3.20172921e-009 3.22095134e-009 3.44399019e-009 3.75812082e-009
 3.80745441e-009 3.94493337e-009 4.12915871e-009 4.30955903e-009
 4.34884897e-009 4.54724878e-009 4.61287776e-009 5.18194130e-009
 5.23220921e-009 5.27558317e-009 5.40308749e-009 6.16262131e-009
 6.21091319e-009 6.37943124e-009 8.11742532e-009 8.30027244e-009
 8.52616834e-009 8.64076115e-009 8.97805891e-009 9.01299459e-009
 9.56029843e-009 1.01652214e-008 1.07157976e-008 1.11058508e-008
 1.18881877e-008 1.19491012e-008 1.26084850e-008 1.61917706e-008
 1.68881004e-008 1.78447878e-008 1.94294586e-008 1.97502089e-008
 2.04589083e-008 2.04887889e-008 2.07273712e-008 2.13039818e-008
 2.14368812e-008 2.24601474e-008 2.26181006e-008 2.32408915e-008
 2.49050057e-008 2.55957404e-008 2.64081354e-008 2.82880326e-008
 2.96704067e-008 3.02502283e-008 3.09466567e-008 3.10417795e-008
 3.11828457e-008 3.19366533e-008 3.22431991e-008 3.30098035e-008
 3.73005883e-008 3.94934360e-008 4.35306250e-008 4.76458205e-008
 4.76764669e-008 4.94071406e-008 4.94657893e-008 5.06643840e-008
 5.91693581e-008 5.97418145e-008 6.16805018e-008 6.18613726e-008
 6.27594431e-008 6.36612905e-008 6.44468505e-008 6.84097746e-008
 7.86239967e-008 8.24472941e-008 8.30817676e-008 8.72187285e-008
 8.86684859e-008 8.93599820e-008 9.19264633e-008 9.64869673e-008
 1.01501270e-007 1.04754097e-007 1.05359318e-007 1.11303912e-007
 1.14285411e-007 1.15148825e-007 1.24753682e-007 1.26763518e-007
 1.27480171e-007 1.28680615e-007 1.31426736e-007 1.32879391e-007
 1.40037510e-007 1.42154055e-007 1.46867763e-007 1.50706215e-007
 1.52393187e-007 1.62637485e-007 1.72434283e-007 1.75621413e-007
 1.76042919e-007 1.87665466e-007 1.87942557e-007 1.89859689e-007
 1.98596796e-007 2.09742460e-007 2.11646438e-007 2.15880903e-007
 2.17431788e-007 2.17518589e-007 2.30993898e-007 2.40374315e-007
 2.45795121e-007 2.50864745e-007 2.53607444e-007 2.76298913e-007
 2.79977199e-007 2.86655352e-007 2.92813134e-007 2.94579860e-007
 3.02835211e-007 3.08234355e-007 3.29028660e-007 3.32144360e-007
 3.33815791e-007 3.60315249e-007 3.60829652e-007 3.64646370e-007
 3.77786704e-007 3.82362205e-007 3.83094494e-007 3.88126898e-007
 4.03075811e-007 4.10671318e-007 4.29074075e-007 4.40544641e-007
 4.68582479e-007 4.82479233e-007 4.85989634e-007 4.87088029e-007
 4.94864734e-007 5.03144515e-007 5.05278492e-007 5.19052597e-007
 5.76508414e-007 5.96203271e-007 6.07830445e-007 6.21857128e-007
 6.43187822e-007 6.63860243e-007 6.68841822e-007 7.07775938e-007
 7.14737849e-007 7.47178335e-007 8.11855025e-007 8.34656895e-007
 8.72866740e-007 8.92587341e-007 1.00542862e-006 1.05828632e-006
 1.06065232e-006 1.15938452e-006 1.16942268e-006 1.16990848e-006
 1.19451782e-006 1.24849645e-006 1.25080604e-006 1.27328080e-006
 1.29176927e-006 1.30668899e-006 1.30695261e-006 1.34495996e-006
 1.37444731e-006 1.50450198e-006 1.53991080e-006 1.59120767e-006
 1.59141859e-006 1.62591059e-006 1.69404368e-006 1.70862599e-006
 1.77368161e-006 1.78016087e-006 1.78297756e-006 1.79979892e-006
 1.80196269e-006 1.95515232e-006 1.96009897e-006 2.01712204e-006
 2.02782714e-006 2.26328928e-006 2.28241725e-006 2.34267031e-006
 2.43570887e-006 2.47869922e-006 2.49885741e-006 2.55326067e-006
 2.62294542e-006 2.68977309e-006 2.72280815e-006 2.75814800e-006
 2.88448377e-006 2.96544188e-006 3.26647246e-006 3.29154643e-006
 3.37468936e-006 3.41570744e-006 4.01821727e-006 4.02705172e-006
 4.42499174e-006 4.73244204e-006 4.95846079e-006 5.04256461e-006
 5.09287952e-006 5.72989584e-006 5.73627936e-006 5.93604089e-006
 6.04250542e-006 6.12321083e-006 6.26293614e-006 6.36613533e-006
 6.40752238e-006 6.96423901e-006 7.05330384e-006 7.32216587e-006
 7.44912319e-006 7.74818095e-006 8.12700014e-006 8.68118069e-006
 9.10393187e-006 9.12891208e-006 9.13108043e-006 9.44606528e-006
 9.71096347e-006 9.85893768e-006 9.94862330e-006 1.03519175e-005
 1.03652786e-005 1.07213322e-005 1.21542944e-005 1.24244980e-005
 1.25893366e-005 1.28304821e-005 1.36210348e-005 1.39035053e-005
 1.43736679e-005 1.54778668e-005 1.67072161e-005 1.75687484e-005
 1.81491053e-005 1.87280698e-005 1.88356419e-005 2.01545026e-005
 2.10887580e-005 2.14791672e-005 2.27703520e-005 2.31421758e-005
 2.48303564e-005 2.50950491e-005 2.51879772e-005 2.58496033e-005
 2.61956495e-005 2.70018324e-005 2.81193871e-005 2.86450341e-005
 2.87313592e-005 2.96879477e-005 3.08683426e-005 3.27480648e-005
 3.29425023e-005 3.30116286e-005 3.33229413e-005 3.34516286e-005
 3.58191718e-005 3.70228116e-005 3.72610420e-005 4.10659399e-005
 4.11193848e-005 4.61848407e-005 4.66668461e-005 4.84317637e-005
 4.98793101e-005 5.39004388e-005 5.45340013e-005 5.52664482e-005
 5.68799231e-005 5.99962136e-005 6.10297948e-005 6.21307663e-005
 6.70592062e-005 6.82006398e-005 6.95071898e-005 7.13090153e-005
 7.24270448e-005 7.38620577e-005 7.83019905e-005 8.27153343e-005
 8.78984326e-005 9.20454394e-005 9.37031333e-005 9.54588458e-005
 1.00571580e-004 1.01238441e-004 1.03616281e-004 1.03640368e-004
 1.04086634e-004 1.04370127e-004 1.04430368e-004 1.07044202e-004
 1.07157609e-004 1.12554740e-004 1.13837645e-004 1.14804121e-004
 1.14883230e-004 1.19340880e-004 1.19467917e-004 1.24845431e-004
 1.27092567e-004 1.31040900e-004 1.32003539e-004 1.41350873e-004
 1.46318755e-004 1.52924045e-004 1.56080998e-004 1.59218326e-004
 1.84288654e-004 1.87266852e-004 1.99439732e-004 2.01779041e-004
 2.30154170e-004 2.35180360e-004 2.57363807e-004 2.69761550e-004
 2.75223847e-004 3.05196355e-004 3.33966300e-004 3.43937548e-004
 3.53333080e-004 3.68835428e-004 3.69628875e-004 3.77311412e-004
 3.80816404e-004 3.98104660e-004 4.01020250e-004 4.07455186e-004
 4.13761843e-004 4.29181588e-004 4.36222384e-004 4.44199266e-004
 4.86750338e-004 4.89074111e-004 4.90280637e-004 5.30657170e-004
 5.55817214e-004 5.59176221e-004 5.73727963e-004 6.02330424e-004
 6.09899869e-004 6.38096736e-004 7.40235976e-004 7.78674456e-004
 7.95555375e-004 8.44056343e-004 8.50804610e-004 8.51521195e-004
 1.12318133e-003 1.13983615e-003 1.21198111e-003 1.23500121e-003
 1.25022764e-003 1.27254929e-003 1.42545075e-003 1.46844445e-003
 1.80054016e-003 1.81105034e-003 2.04487596e-003 2.08065960e-003
 2.13184818e-003 2.19661036e-003 2.26822600e-003 2.32619996e-003
 2.36762923e-003 2.48219980e-003 2.69154364e-003 2.91540687e-003
 2.96938170e-003 2.98484329e-003 3.05245666e-003 3.10392332e-003
 3.17576002e-003 3.29587528e-003 3.42176036e-003 3.52890903e-003
 3.69387364e-003 3.72556395e-003 3.76068029e-003 3.88858749e-003
 4.20512982e-003 4.22363677e-003 4.28503675e-003 4.36471754e-003
 4.50401547e-003 4.68095824e-003 5.03213116e-003 5.04950155e-003
 5.05552942e-003 5.11199726e-003 5.38174755e-003 5.50402551e-003
 5.66515660e-003 5.72131496e-003 5.86825187e-003 6.36280443e-003
 6.57873138e-003 6.60123260e-003 6.97150290e-003 7.11091811e-003
 7.25432654e-003 7.38520492e-003 7.72166212e-003 7.73129944e-003
 7.76360445e-003 7.97764372e-003 9.05701848e-003 9.06594777e-003
 9.30167803e-003 9.87612177e-003 9.89817771e-003 1.04454903e-002
 1.05497965e-002 1.11496953e-002 1.11652003e-002 1.13604161e-002
 1.19421677e-002 1.27617759e-002 1.28314020e-002 1.31902667e-002
 1.52848738e-002 1.56980352e-002 1.65765952e-002 1.83562923e-002
 1.84480614e-002 1.98522866e-002 2.37792482e-002 2.80531401e-002
 2.98890659e-002 3.56123072e-002 3.92918104e-002 3.94250087e-002
 4.05799783e-002 4.13651491e-002 4.14017047e-002 4.35619054e-002
 4.45946015e-002 4.80533035e-002 4.89781574e-002 5.13113326e-002
 5.17716767e-002 5.24482921e-002 5.45476657e-002 5.71360381e-002
 6.14466644e-002 6.56223912e-002 7.24299504e-002 7.84260769e-002
 7.86533499e-002 8.06324339e-002 1.17056569e-001 1.18128336e-001
 1.24185885e-001 1.24505632e-001 1.42823578e-001 1.51240635e-001
 1.82196915e-001 1.95964908e-001 1.99296342e-001 2.00949418e-001
 2.02293505e-001 2.06948640e-001 2.33080937e-001 2.36971116e-001
 2.53139573e-001 2.59345228e-001 2.70632632e-001 2.86188920e-001
 2.94199986e-001 2.94655016e-001 2.98005363e-001 3.04795642e-001
 3.20963372e-001 3.29502070e-001 3.30771615e-001 3.31198925e-001
 3.32334308e-001 3.44918374e-001 3.45327349e-001 3.66016921e-001
 3.82754602e-001 3.95747500e-001 3.99853322e-001 5.10010213e-001
 5.15703822e-001 5.55589114e-001 5.65424120e-001 5.84426057e-001
 5.91909243e-001 5.97886787e-001 6.06625845e-001 6.12190453e-001
 6.12639280e-001 6.19058431e-001 6.31043585e-001 6.36336327e-001
 6.43437657e-001 6.46741355e-001 6.57366446e-001 6.63488614e-001
 6.80415263e-001 7.05281955e-001 7.06548716e-001 7.24749497e-001
 7.30542347e-001 7.34896204e-001 7.38221755e-001 7.57618866e-001
 8.00917465e-001 8.12211757e-001 8.13537104e-001 8.14706615e-001
 8.22746279e-001 8.25817902e-001 8.36328303e-001 8.39854303e-001
 8.40492791e-001 8.49233011e-001 8.51470271e-001 8.59898029e-001
 8.89245713e-001 8.95980514e-001 8.97444058e-001 8.98547294e-001
 9.10601105e-001 9.14667018e-001 9.15603223e-001 9.16700556e-001
 9.24960768e-001 9.28257345e-001 9.33164885e-001 9.43827615e-001
 9.48366114e-001 9.52056768e-001 9.56276463e-001 9.56393516e-001
 9.59705187e-001 9.61666344e-001 9.66347326e-001 9.70939133e-001
 9.71281886e-001 9.74525985e-001 9.77582581e-001 9.77956181e-001
 9.82624567e-001 9.83272735e-001 9.84905204e-001 9.87633373e-001
 9.87960079e-001 9.89439183e-001 9.90270514e-001 9.90719310e-001
 9.90778648e-001 9.91848994e-001 9.92423613e-001 9.92901227e-001
 9.93177337e-001 9.93202749e-001 9.94065604e-001 9.96975406e-001
 9.97636290e-001 9.97647405e-001 9.97961723e-001 9.97967276e-001
 9.98257261e-001 9.98276278e-001 9.98348915e-001 9.98430120e-001
 9.98725642e-001 9.99027216e-001 9.99160711e-001 9.99213688e-001
 9.99551347e-001 9.99595120e-001 9.99663555e-001 9.99751642e-001
 9.99763955e-001 9.99770506e-001 9.99816126e-001 9.99827169e-001
 9.99844057e-001 9.99890064e-001 9.99894995e-001 9.99909195e-001
 9.99947473e-001 9.99951885e-001 9.99960652e-001 9.99961502e-001
 9.99963391e-001 9.99968676e-001 9.99981100e-001 9.99983180e-001
 9.99983411e-001 9.99990965e-001 9.99991002e-001 9.99991481e-001
 9.99992238e-001 9.99994266e-001 9.99994649e-001 9.99995925e-001
 9.99997304e-001 9.99997852e-001 9.99998485e-001 9.99998671e-001
 9.99999049e-001 9.99999696e-001 9.99999728e-001 9.99999771e-001
 9.99999874e-001 9.99999948e-001 9.99999951e-001 9.99999966e-001
 9.99999968e-001 9.99999975e-001 9.99999981e-001 9.99999983e-001
 9.99999988e-001 9.99999994e-001 9.99999997e-001 9.99999999e-001
 9.99999999e-001 1.00000000e+000 1.00000000e+000 1.00000000e+000
 1.00000000e+000 1.00000000e+000 1.00000000e+000 1.00000000e+000
 1.00000000e+000 1.00000000e+000 1.00000000e+000 1.00000000e+000
 1.00000000e+000 1.00000000e+000 1.00000000e+000 1.00000000e+000
 1.00000000e+000 1.00000000e+000 1.00000000e+000 1.00000000e+000
 1.00000000e+000 1.00000000e+000 1.00000000e+000]"
Hyperledger,is_change_text_num_words_10,Empty,[],0.8526970954356846,"[[822   0]
 [142   0]]","              precision    recall  f1-score   support

           0       0.85      1.00      0.92       822
           1       0.00      0.00      0.00       142

    accuracy                           0.85       964
   macro avg       0.43      0.50      0.46       964
weighted avg       0.73      0.85      0.78       964
",0.5736514522821576,0.14730290456431536,0.5,"0      0
1      0
2      0
3      0
4      0
      ..
959    0
960    0
961    0
962    0
963    0
Name: label_is_empty, Length: 964, dtype: int64",[0.1473029 1.       ],[1. 0.],[0.]
Hyperledger,is_change_text_num_words_10,Zero,[],0.8526970954356846,"[[822   0]
 [142   0]]","              precision    recall  f1-score   support

           0       0.85      1.00      0.92       822
           1       0.00      0.00      0.00       142

    accuracy                           0.85       964
   macro avg       0.43      0.50      0.46       964
weighted avg       0.73      0.85      0.78       964
",0.5736514522821576,0.14730290456431536,0.5,"0      0
1      0
2      0
3      0
4      0
      ..
959    0
960    0
961    0
962    0
963    0
Name: all, Length: 964, dtype: int64",[0.1473029 1.       ],[1. 0.],[0.]
Hyperledger,is_change_text_num_words_10,Random,[],0.49066390041493774,"[[402 420]
 [ 71  71]]","              precision    recall  f1-score   support

           0       0.85      0.49      0.62       822
           1       0.14      0.50      0.22       142

    accuracy                           0.49       964
   macro avg       0.50      0.49      0.42       964
weighted avg       0.75      0.49      0.56       964
",0.15972364855022358,0.1616428325740782,0.5052774065316472,"0      0
1      1
2      1
3      1
4      0
      ..
959    1
960    1
961    1
962    0
963    1
Name: pred, Length: 964, dtype: int64","[0.1473029  0.14745587 0.14760915 0.14776275 0.14791667 0.14807091
 0.14822547 0.14838036 0.14853556 0.1486911  0.14884696 0.14900315
 0.14810924 0.14826498 0.14842105 0.14857745 0.14873418 0.14783527
 0.14799154 0.14814815 0.14830508 0.14846235 0.14861996 0.1477152
 0.14787234 0.14802982 0.14818763 0.14834578 0.14850427 0.1486631
 0.14882227 0.14898178 0.14914163 0.14930183 0.14946237 0.14962325
 0.14978448 0.14886731 0.14902808 0.14918919 0.14935065 0.14951246
 0.14967462 0.14983713 0.15       0.15016322 0.1503268  0.15049073
 0.15065502 0.15081967 0.15098468 0.15005476 0.1502193  0.15038419
 0.15054945 0.14961496 0.14977974 0.14994487 0.15011038 0.15027624
 0.15044248 0.15060908 0.15077605 0.1509434  0.15111111 0.1512792
 0.15144766 0.1516165  0.15178571 0.15195531 0.15212528 0.15117581
 0.15134529 0.15151515 0.15168539 0.15073116 0.1509009  0.15107103
 0.15124153 0.15141243 0.15158371 0.15175538 0.15192744 0.15209989
 0.15227273 0.15244596 0.15261959 0.15279361 0.15182648 0.152
 0.15217391 0.15234822 0.15137615 0.15154994 0.15057471 0.15074799
 0.15092166 0.15109573 0.15011547 0.15028902 0.15046296 0.14947856
 0.14965197 0.14982578 0.15       0.15017462 0.15034965 0.14935823
 0.14953271 0.1497076  0.1498829  0.15005862 0.15023474 0.15041128
 0.14941176 0.14958775 0.14976415 0.14994097 0.1501182  0.15029586
 0.15047393 0.15065243 0.15083135 0.14982164 0.15       0.15017878
 0.150358   0.14934289 0.14952153 0.1497006  0.1498801  0.15006002
 0.15024038 0.15042118 0.15060241 0.15078408 0.15096618 0.15114873
 0.15133172 0.15151515 0.15169903 0.15066829 0.15085158 0.1498173
 0.15       0.15018315 0.15036675 0.1505508  0.1495098  0.14969325
 0.14987715 0.14883149 0.14778325 0.14796547 0.14814815 0.14833127
 0.14851485 0.14869888 0.14888337 0.14906832 0.14925373 0.1494396
 0.14962594 0.14981273 0.15       0.15018773 0.15037594 0.15056462
 0.15075377 0.1509434  0.1511335  0.15132409 0.15025253 0.15044248
 0.15063291 0.15082383 0.14974619 0.14993647 0.15012723 0.14904459
 0.14923469 0.14942529 0.14961637 0.14980794 0.15       0.15019255
 0.1503856  0.15057915 0.14948454 0.14967742 0.14857881 0.14877102
 0.14766839 0.14785992 0.14805195 0.14824447 0.14713542 0.14732725
 0.14751958 0.14640523 0.14659686 0.14678899 0.14698163 0.14717477
 0.14736842 0.14756258 0.14775726 0.14795244 0.1468254  0.14701987
 0.14588859 0.14475432 0.14494681 0.14380826 0.144      0.14285714
 0.14304813 0.14323963 0.14343164 0.14362416 0.1438172  0.14401077
 0.14420485 0.14304993 0.14324324 0.1420839  0.14227642 0.14246947
 0.14266304 0.14285714 0.14168937 0.14188267 0.1420765  0.14227086
 0.14246575 0.14266118 0.14285714 0.14167813 0.14187328 0.14206897
 0.14226519 0.14246196 0.14265928 0.14285714 0.14305556 0.14325452
 0.14345404 0.14365411 0.14385475 0.14405594 0.1442577  0.14446003
 0.14466292 0.14486639 0.14507042 0.14527504 0.1440678  0.14427157
 0.14447592 0.14468085 0.14488636 0.14509246 0.14529915 0.14550642
 0.14571429 0.14592275 0.14613181 0.14634146 0.14655172 0.14676259
 0.14697406 0.14718615 0.14739884 0.14616498 0.14637681 0.14658926
 0.14680233 0.14701601 0.14723032 0.14744526 0.14766082 0.14787701
 0.14809384 0.14831131 0.14705882 0.14727541 0.14749263 0.14771049
 0.14792899 0.14814815 0.14836795 0.14858841 0.14880952 0.1490313
 0.14925373 0.14798206 0.14820359 0.14842579 0.14864865 0.14887218
 0.14909639 0.14932127 0.14954683 0.14977307 0.15       0.15022762
 0.15045593 0.15068493 0.15091463 0.15114504 0.15137615 0.15160796
 0.15184049 0.15053763 0.15076923 0.15100154 0.15123457 0.15146832
 0.15170279 0.1503876  0.14906832 0.14774495 0.14797508 0.14820593
 0.1484375  0.1486698  0.14890282 0.14913658 0.14937107 0.1496063
 0.14984227 0.15007899 0.15031646 0.15055468 0.15079365 0.15103339
 0.15127389 0.15151515 0.15175719 0.152      0.15224359 0.15248796
 0.15273312 0.15297907 0.15322581 0.15347334 0.15372168 0.15397083
 0.15422078 0.15447154 0.15309446 0.15334421 0.15359477 0.15384615
 0.15409836 0.1543514  0.15460526 0.15485997 0.15511551 0.1553719
 0.15562914 0.15588723 0.15614618 0.15640599 0.15666667 0.15692821
 0.15551839 0.15577889 0.15604027 0.15630252 0.15656566 0.15514334
 0.15540541 0.15566836 0.1559322  0.15619694 0.15646259 0.15672913
 0.15699659 0.15555556 0.15582192 0.15608919 0.15635739 0.15662651
 0.15689655 0.15544041 0.15570934 0.1559792  0.15625    0.15652174
 0.15679443 0.15706806 0.15734266 0.15761821 0.15614035 0.15641476
 0.15669014 0.15696649 0.15547703 0.15575221 0.15425532 0.15275311
 0.15124555 0.14973262 0.15       0.15026834 0.14874552 0.14901257
 0.14748201 0.14594595 0.14620939 0.14647378 0.14673913 0.14700544
 0.14727273 0.14754098 0.14781022 0.14625229 0.14468864 0.14495413
 0.14522059 0.14364641 0.14206642 0.14232902 0.14259259 0.14285714
 0.14312268 0.1433892  0.14365672 0.14392523 0.14419476 0.14446529
 0.14473684 0.14500942 0.14528302 0.14555766 0.14583333 0.14611006
 0.14448669 0.1447619  0.14503817 0.14531549 0.14559387 0.14587332
 0.14423077 0.14258189 0.14285714 0.14313346 0.14147287 0.14174757
 0.14202335 0.14230019 0.14257812 0.14285714 0.14313725 0.14341847
 0.14370079 0.14398422 0.14426877 0.14455446 0.14484127 0.14512922
 0.14541833 0.14570858 0.146      0.14629259 0.14658635 0.14486922
 0.14516129 0.14545455 0.14574899 0.14604462 0.14634146 0.14460285
 0.14489796 0.14519427 0.1454918  0.14579055 0.14609053 0.14639175
 0.14669421 0.14492754 0.14522822 0.14553015 0.14583333 0.14613779
 0.14644351 0.14675052 0.14705882 0.14736842 0.14767932 0.14799154
 0.14830508 0.14861996 0.14893617 0.14925373 0.14957265 0.14775161
 0.14806867 0.1483871  0.1487069  0.14902808 0.14935065 0.14750542
 0.14782609 0.14814815 0.14847162 0.1487965  0.14912281 0.14945055
 0.14977974 0.14790287 0.1460177  0.14634146 0.14666667 0.14476615
 0.14508929 0.14541387 0.14573991 0.14606742 0.1463964  0.14672686
 0.14705882 0.14739229 0.14772727 0.14806378 0.14840183 0.14874142
 0.14678899 0.14712644 0.14746544 0.147806   0.14814815 0.14849188
 0.14883721 0.14918415 0.14953271 0.1498829  0.15023474 0.15058824
 0.1509434  0.15130024 0.15165877 0.152019   0.15238095 0.150358
 0.14832536 0.14868106 0.14903846 0.14939759 0.14975845 0.15012107
 0.15048544 0.15085158 0.15121951 0.14914425 0.1495098  0.14987715
 0.15024631 0.15061728 0.1509901  0.15136476 0.15174129 0.1521197
 0.1525     0.15288221 0.15326633 0.15365239 0.1540404  0.15443038
 0.15482234 0.15521628 0.15561224 0.15601023 0.15641026 0.15681234
 0.15721649 0.15762274 0.15544041 0.15324675 0.15364583 0.154047
 0.15445026 0.15223097 0.15263158 0.1530343  0.15343915 0.15119363
 0.15159574 0.152      0.15240642 0.15281501 0.15322581 0.15363881
 0.15405405 0.15447154 0.1548913  0.15531335 0.1557377  0.15616438
 0.15384615 0.15426997 0.15469613 0.15512465 0.15555556 0.15598886
 0.15642458 0.15686275 0.15730337 0.15774648 0.15819209 0.15864023
 0.15909091 0.15954416 0.16       0.16045845 0.16091954 0.16138329
 0.15895954 0.15942029 0.15988372 0.16034985 0.15789474 0.15542522
 0.15588235 0.15339233 0.15384615 0.15133531 0.15178571 0.15223881
 0.15269461 0.15315315 0.15361446 0.15407855 0.15454545 0.15197568
 0.15243902 0.1529052  0.15337423 0.15384615 0.15432099 0.15479876
 0.15217391 0.15264798 0.153125   0.15360502 0.15408805 0.15457413
 0.15506329 0.15555556 0.15605096 0.15654952 0.15705128 0.15755627
 0.15806452 0.15857605 0.15909091 0.15960912 0.15686275 0.15737705
 0.15460526 0.15181518 0.15231788 0.15282392 0.15333333 0.15384615
 0.15436242 0.15488215 0.15540541 0.1559322  0.15646259 0.15699659
 0.15410959 0.15120275 0.15172414 0.15224913 0.14930556 0.14634146
 0.14685315 0.14736842 0.14788732 0.14487633 0.14539007 0.14590747
 0.14285714 0.14336918 0.14388489 0.14440433 0.14492754 0.14545455
 0.1459854  0.14652015 0.14338235 0.14391144 0.14074074 0.14126394
 0.14179104 0.13857678 0.13909774 0.13962264 0.14015152 0.14068441
 0.14122137 0.14176245 0.13846154 0.13513514 0.13565891 0.13618677
 0.13671875 0.1372549  0.13779528 0.13833992 0.13888889 0.13944223
 0.14       0.14056225 0.14112903 0.1417004  0.14227642 0.13877551
 0.13934426 0.1399177  0.13636364 0.13692946 0.1375     0.13807531
 0.13865546 0.13924051 0.13983051 0.14042553 0.13675214 0.13733906
 0.13793103 0.13852814 0.13913043 0.13973799 0.14035088 0.14096916
 0.13716814 0.13777778 0.13392857 0.13452915 0.13513514 0.13574661
 0.13636364 0.1369863  0.13761468 0.13824885 0.13888889 0.13953488
 0.13551402 0.13615023 0.13679245 0.13270142 0.13333333 0.13397129
 0.13461538 0.1352657  0.13592233 0.13658537 0.1372549  0.13793103
 0.13861386 0.13930348 0.135      0.13567839 0.13636364 0.13705584
 0.1377551  0.13846154 0.13917526 0.13989637 0.140625   0.14136126
 0.14210526 0.14285714 0.14361702 0.13903743 0.13978495 0.14054054
 0.14130435 0.1420765  0.14285714 0.13812155 0.13888889 0.1396648
 0.14044944 0.14124294 0.14204545 0.13714286 0.13793103 0.13872832
 0.13953488 0.14035088 0.14117647 0.14201183 0.14285714 0.14371257
 0.14457831 0.14545455 0.14634146 0.14723926 0.14814815 0.14285714
 0.14375    0.13836478 0.13924051 0.14012739 0.14102564 0.14193548
 0.13636364 0.13071895 0.13157895 0.13245033 0.13333333 0.13422819
 0.13513514 0.13605442 0.1369863  0.13793103 0.13888889 0.13986014
 0.13380282 0.13475177 0.12857143 0.1294964  0.13043478 0.13138686
 0.13235294 0.13333333 0.13432836 0.13533835 0.13636364 0.13740458
 0.13076923 0.13178295 0.1328125  0.13385827 0.13492063 0.136
 0.13709677 0.13821138 0.13114754 0.1322314  0.13333333 0.13445378
 0.13559322 0.13675214 0.13793103 0.13913043 0.14035088 0.14159292
 0.14285714 0.14414414 0.13636364 0.13761468 0.13888889 0.14018692
 0.14150943 0.14285714 0.14423077 0.14563107 0.14705882 0.14851485
 0.15       0.15151515 0.15306122 0.15463918 0.15625    0.15789474
 0.15957447 0.15053763 0.15217391 0.15384615 0.15555556 0.15730337
 0.15909091 0.14942529 0.15116279 0.14117647 0.14285714 0.14457831
 0.14634146 0.13580247 0.125      0.12658228 0.12820513 0.12987013
 0.11842105 0.12       0.12162162 0.12328767 0.125      0.12676056
 0.12857143 0.13043478 0.13235294 0.13432836 0.13636364 0.13846154
 0.125      0.12698413 0.11290323 0.1147541  0.11666667 0.11864407
 0.12068966 0.12280702 0.125      0.12727273 0.12962963 0.13207547
 0.13461538 0.1372549  0.14       0.14285714 0.14583333 0.14893617
 0.15217391 0.15555556 0.15909091 0.1627907  0.16666667 0.17073171
 0.175      0.17948718 0.15789474 0.16216216 0.13888889 0.14285714
 0.14705882 0.12121212 0.125      0.12903226 0.1        0.10344828
 0.10714286 0.11111111 0.11538462 0.12       0.125      0.13043478
 0.13636364 0.14285714 0.15       0.15789474 0.16666667 0.17647059
 0.1875     0.2        0.21428571 0.23076923 0.25       0.27272727
 0.3        0.22222222 0.25       0.28571429 0.33333333 0.4
 0.5        0.66666667 1.         1.         1.        ]","[1.         1.         1.         1.         1.         1.
 1.         1.         1.         1.         1.         1.
 0.99295775 0.99295775 0.99295775 0.99295775 0.99295775 0.98591549
 0.98591549 0.98591549 0.98591549 0.98591549 0.98591549 0.97887324
 0.97887324 0.97887324 0.97887324 0.97887324 0.97887324 0.97887324
 0.97887324 0.97887324 0.97887324 0.97887324 0.97887324 0.97887324
 0.97887324 0.97183099 0.97183099 0.97183099 0.97183099 0.97183099
 0.97183099 0.97183099 0.97183099 0.97183099 0.97183099 0.97183099
 0.97183099 0.97183099 0.97183099 0.96478873 0.96478873 0.96478873
 0.96478873 0.95774648 0.95774648 0.95774648 0.95774648 0.95774648
 0.95774648 0.95774648 0.95774648 0.95774648 0.95774648 0.95774648
 0.95774648 0.95774648 0.95774648 0.95774648 0.95774648 0.95070423
 0.95070423 0.95070423 0.95070423 0.94366197 0.94366197 0.94366197
 0.94366197 0.94366197 0.94366197 0.94366197 0.94366197 0.94366197
 0.94366197 0.94366197 0.94366197 0.94366197 0.93661972 0.93661972
 0.93661972 0.93661972 0.92957746 0.92957746 0.92253521 0.92253521
 0.92253521 0.92253521 0.91549296 0.91549296 0.91549296 0.9084507
 0.9084507  0.9084507  0.9084507  0.9084507  0.9084507  0.90140845
 0.90140845 0.90140845 0.90140845 0.90140845 0.90140845 0.90140845
 0.8943662  0.8943662  0.8943662  0.8943662  0.8943662  0.8943662
 0.8943662  0.8943662  0.8943662  0.88732394 0.88732394 0.88732394
 0.88732394 0.88028169 0.88028169 0.88028169 0.88028169 0.88028169
 0.88028169 0.88028169 0.88028169 0.88028169 0.88028169 0.88028169
 0.88028169 0.88028169 0.88028169 0.87323944 0.87323944 0.86619718
 0.86619718 0.86619718 0.86619718 0.86619718 0.85915493 0.85915493
 0.85915493 0.85211268 0.84507042 0.84507042 0.84507042 0.84507042
 0.84507042 0.84507042 0.84507042 0.84507042 0.84507042 0.84507042
 0.84507042 0.84507042 0.84507042 0.84507042 0.84507042 0.84507042
 0.84507042 0.84507042 0.84507042 0.84507042 0.83802817 0.83802817
 0.83802817 0.83802817 0.83098592 0.83098592 0.83098592 0.82394366
 0.82394366 0.82394366 0.82394366 0.82394366 0.82394366 0.82394366
 0.82394366 0.82394366 0.81690141 0.81690141 0.80985915 0.80985915
 0.8028169  0.8028169  0.8028169  0.8028169  0.79577465 0.79577465
 0.79577465 0.78873239 0.78873239 0.78873239 0.78873239 0.78873239
 0.78873239 0.78873239 0.78873239 0.78873239 0.78169014 0.78169014
 0.77464789 0.76760563 0.76760563 0.76056338 0.76056338 0.75352113
 0.75352113 0.75352113 0.75352113 0.75352113 0.75352113 0.75352113
 0.75352113 0.74647887 0.74647887 0.73943662 0.73943662 0.73943662
 0.73943662 0.73943662 0.73239437 0.73239437 0.73239437 0.73239437
 0.73239437 0.73239437 0.73239437 0.72535211 0.72535211 0.72535211
 0.72535211 0.72535211 0.72535211 0.72535211 0.72535211 0.72535211
 0.72535211 0.72535211 0.72535211 0.72535211 0.72535211 0.72535211
 0.72535211 0.72535211 0.72535211 0.72535211 0.71830986 0.71830986
 0.71830986 0.71830986 0.71830986 0.71830986 0.71830986 0.71830986
 0.71830986 0.71830986 0.71830986 0.71830986 0.71830986 0.71830986
 0.71830986 0.71830986 0.71830986 0.71126761 0.71126761 0.71126761
 0.71126761 0.71126761 0.71126761 0.71126761 0.71126761 0.71126761
 0.71126761 0.71126761 0.70422535 0.70422535 0.70422535 0.70422535
 0.70422535 0.70422535 0.70422535 0.70422535 0.70422535 0.70422535
 0.70422535 0.6971831  0.6971831  0.6971831  0.6971831  0.6971831
 0.6971831  0.6971831  0.6971831  0.6971831  0.6971831  0.6971831
 0.6971831  0.6971831  0.6971831  0.6971831  0.6971831  0.6971831
 0.6971831  0.69014085 0.69014085 0.69014085 0.69014085 0.69014085
 0.69014085 0.68309859 0.67605634 0.66901408 0.66901408 0.66901408
 0.66901408 0.66901408 0.66901408 0.66901408 0.66901408 0.66901408
 0.66901408 0.66901408 0.66901408 0.66901408 0.66901408 0.66901408
 0.66901408 0.66901408 0.66901408 0.66901408 0.66901408 0.66901408
 0.66901408 0.66901408 0.66901408 0.66901408 0.66901408 0.66901408
 0.66901408 0.66901408 0.66197183 0.66197183 0.66197183 0.66197183
 0.66197183 0.66197183 0.66197183 0.66197183 0.66197183 0.66197183
 0.66197183 0.66197183 0.66197183 0.66197183 0.66197183 0.66197183
 0.65492958 0.65492958 0.65492958 0.65492958 0.65492958 0.64788732
 0.64788732 0.64788732 0.64788732 0.64788732 0.64788732 0.64788732
 0.64788732 0.64084507 0.64084507 0.64084507 0.64084507 0.64084507
 0.64084507 0.63380282 0.63380282 0.63380282 0.63380282 0.63380282
 0.63380282 0.63380282 0.63380282 0.63380282 0.62676056 0.62676056
 0.62676056 0.62676056 0.61971831 0.61971831 0.61267606 0.6056338
 0.59859155 0.5915493  0.5915493  0.5915493  0.58450704 0.58450704
 0.57746479 0.57042254 0.57042254 0.57042254 0.57042254 0.57042254
 0.57042254 0.57042254 0.57042254 0.56338028 0.55633803 0.55633803
 0.55633803 0.54929577 0.54225352 0.54225352 0.54225352 0.54225352
 0.54225352 0.54225352 0.54225352 0.54225352 0.54225352 0.54225352
 0.54225352 0.54225352 0.54225352 0.54225352 0.54225352 0.54225352
 0.53521127 0.53521127 0.53521127 0.53521127 0.53521127 0.53521127
 0.52816901 0.52112676 0.52112676 0.52112676 0.51408451 0.51408451
 0.51408451 0.51408451 0.51408451 0.51408451 0.51408451 0.51408451
 0.51408451 0.51408451 0.51408451 0.51408451 0.51408451 0.51408451
 0.51408451 0.51408451 0.51408451 0.51408451 0.51408451 0.50704225
 0.50704225 0.50704225 0.50704225 0.50704225 0.50704225 0.5
 0.5        0.5        0.5        0.5        0.5        0.5
 0.5        0.49295775 0.49295775 0.49295775 0.49295775 0.49295775
 0.49295775 0.49295775 0.49295775 0.49295775 0.49295775 0.49295775
 0.49295775 0.49295775 0.49295775 0.49295775 0.49295775 0.48591549
 0.48591549 0.48591549 0.48591549 0.48591549 0.48591549 0.47887324
 0.47887324 0.47887324 0.47887324 0.47887324 0.47887324 0.47887324
 0.47887324 0.47183099 0.46478873 0.46478873 0.46478873 0.45774648
 0.45774648 0.45774648 0.45774648 0.45774648 0.45774648 0.45774648
 0.45774648 0.45774648 0.45774648 0.45774648 0.45774648 0.45774648
 0.45070423 0.45070423 0.45070423 0.45070423 0.45070423 0.45070423
 0.45070423 0.45070423 0.45070423 0.45070423 0.45070423 0.45070423
 0.45070423 0.45070423 0.45070423 0.45070423 0.45070423 0.44366197
 0.43661972 0.43661972 0.43661972 0.43661972 0.43661972 0.43661972
 0.43661972 0.43661972 0.43661972 0.42957746 0.42957746 0.42957746
 0.42957746 0.42957746 0.42957746 0.42957746 0.42957746 0.42957746
 0.42957746 0.42957746 0.42957746 0.42957746 0.42957746 0.42957746
 0.42957746 0.42957746 0.42957746 0.42957746 0.42957746 0.42957746
 0.42957746 0.42957746 0.42253521 0.41549296 0.41549296 0.41549296
 0.41549296 0.4084507  0.4084507  0.4084507  0.4084507  0.40140845
 0.40140845 0.40140845 0.40140845 0.40140845 0.40140845 0.40140845
 0.40140845 0.40140845 0.40140845 0.40140845 0.40140845 0.40140845
 0.3943662  0.3943662  0.3943662  0.3943662  0.3943662  0.3943662
 0.3943662  0.3943662  0.3943662  0.3943662  0.3943662  0.3943662
 0.3943662  0.3943662  0.3943662  0.3943662  0.3943662  0.3943662
 0.38732394 0.38732394 0.38732394 0.38732394 0.38028169 0.37323944
 0.37323944 0.36619718 0.36619718 0.35915493 0.35915493 0.35915493
 0.35915493 0.35915493 0.35915493 0.35915493 0.35915493 0.35211268
 0.35211268 0.35211268 0.35211268 0.35211268 0.35211268 0.35211268
 0.34507042 0.34507042 0.34507042 0.34507042 0.34507042 0.34507042
 0.34507042 0.34507042 0.34507042 0.34507042 0.34507042 0.34507042
 0.34507042 0.34507042 0.34507042 0.34507042 0.33802817 0.33802817
 0.33098592 0.32394366 0.32394366 0.32394366 0.32394366 0.32394366
 0.32394366 0.32394366 0.32394366 0.32394366 0.32394366 0.32394366
 0.31690141 0.30985915 0.30985915 0.30985915 0.3028169  0.29577465
 0.29577465 0.29577465 0.29577465 0.28873239 0.28873239 0.28873239
 0.28169014 0.28169014 0.28169014 0.28169014 0.28169014 0.28169014
 0.28169014 0.28169014 0.27464789 0.27464789 0.26760563 0.26760563
 0.26760563 0.26056338 0.26056338 0.26056338 0.26056338 0.26056338
 0.26056338 0.26056338 0.25352113 0.24647887 0.24647887 0.24647887
 0.24647887 0.24647887 0.24647887 0.24647887 0.24647887 0.24647887
 0.24647887 0.24647887 0.24647887 0.24647887 0.24647887 0.23943662
 0.23943662 0.23943662 0.23239437 0.23239437 0.23239437 0.23239437
 0.23239437 0.23239437 0.23239437 0.23239437 0.22535211 0.22535211
 0.22535211 0.22535211 0.22535211 0.22535211 0.22535211 0.22535211
 0.21830986 0.21830986 0.21126761 0.21126761 0.21126761 0.21126761
 0.21126761 0.21126761 0.21126761 0.21126761 0.21126761 0.21126761
 0.20422535 0.20422535 0.20422535 0.1971831  0.1971831  0.1971831
 0.1971831  0.1971831  0.1971831  0.1971831  0.1971831  0.1971831
 0.1971831  0.1971831  0.19014085 0.19014085 0.19014085 0.19014085
 0.19014085 0.19014085 0.19014085 0.19014085 0.19014085 0.19014085
 0.19014085 0.19014085 0.19014085 0.18309859 0.18309859 0.18309859
 0.18309859 0.18309859 0.18309859 0.17605634 0.17605634 0.17605634
 0.17605634 0.17605634 0.17605634 0.16901408 0.16901408 0.16901408
 0.16901408 0.16901408 0.16901408 0.16901408 0.16901408 0.16901408
 0.16901408 0.16901408 0.16901408 0.16901408 0.16901408 0.16197183
 0.16197183 0.15492958 0.15492958 0.15492958 0.15492958 0.15492958
 0.14788732 0.14084507 0.14084507 0.14084507 0.14084507 0.14084507
 0.14084507 0.14084507 0.14084507 0.14084507 0.14084507 0.14084507
 0.13380282 0.13380282 0.12676056 0.12676056 0.12676056 0.12676056
 0.12676056 0.12676056 0.12676056 0.12676056 0.12676056 0.12676056
 0.11971831 0.11971831 0.11971831 0.11971831 0.11971831 0.11971831
 0.11971831 0.11971831 0.11267606 0.11267606 0.11267606 0.11267606
 0.11267606 0.11267606 0.11267606 0.11267606 0.11267606 0.11267606
 0.11267606 0.11267606 0.1056338  0.1056338  0.1056338  0.1056338
 0.1056338  0.1056338  0.1056338  0.1056338  0.1056338  0.1056338
 0.1056338  0.1056338  0.1056338  0.1056338  0.1056338  0.1056338
 0.1056338  0.09859155 0.09859155 0.09859155 0.09859155 0.09859155
 0.09859155 0.0915493  0.0915493  0.08450704 0.08450704 0.08450704
 0.08450704 0.07746479 0.07042254 0.07042254 0.07042254 0.07042254
 0.06338028 0.06338028 0.06338028 0.06338028 0.06338028 0.06338028
 0.06338028 0.06338028 0.06338028 0.06338028 0.06338028 0.06338028
 0.05633803 0.05633803 0.04929577 0.04929577 0.04929577 0.04929577
 0.04929577 0.04929577 0.04929577 0.04929577 0.04929577 0.04929577
 0.04929577 0.04929577 0.04929577 0.04929577 0.04929577 0.04929577
 0.04929577 0.04929577 0.04929577 0.04929577 0.04929577 0.04929577
 0.04929577 0.04929577 0.04225352 0.04225352 0.03521127 0.03521127
 0.03521127 0.02816901 0.02816901 0.02816901 0.02112676 0.02112676
 0.02112676 0.02112676 0.02112676 0.02112676 0.02112676 0.02112676
 0.02112676 0.02112676 0.02112676 0.02112676 0.02112676 0.02112676
 0.02112676 0.02112676 0.02112676 0.02112676 0.02112676 0.02112676
 0.02112676 0.01408451 0.01408451 0.01408451 0.01408451 0.01408451
 0.01408451 0.01408451 0.01408451 0.00704225 0.        ]","[0.0027098  0.00310562 0.00353505 0.00372715 0.00395884 0.0053235
 0.00567708 0.00667249 0.00682198 0.0088436  0.0088749  0.01189906
 0.01413029 0.0144712  0.01570595 0.01694462 0.01926021 0.01991693
 0.02158605 0.02198778 0.02283997 0.02323448 0.02449187 0.02529786
 0.02553269 0.02583531 0.02660885 0.02676632 0.02756607 0.02872973
 0.02905187 0.02910595 0.02973152 0.03124328 0.03326968 0.03722644
 0.03846727 0.04059539 0.04212513 0.04292719 0.04338919 0.04786247
 0.05091114 0.05095531 0.0511618  0.0517544  0.05230863 0.05484166
 0.0554121  0.05741209 0.05812614 0.06085527 0.06086735 0.06248394
 0.06256595 0.06300928 0.06310416 0.06315513 0.06713548 0.06840089
 0.06901147 0.06920617 0.06966474 0.06968531 0.07018722 0.07033004
 0.07037742 0.07144395 0.07150236 0.07206462 0.07283238 0.07311626
 0.07451634 0.07595424 0.07721792 0.07851461 0.07889595 0.0789022
 0.07925448 0.08083103 0.08349662 0.08355264 0.08526008 0.08811799
 0.0884079  0.08963037 0.09108854 0.09422778 0.09486149 0.09491585
 0.09946993 0.09952496 0.10018379 0.10352668 0.10409184 0.10445363
 0.10503222 0.10626467 0.10704137 0.10734882 0.10804734 0.10805658
 0.10805958 0.11181683 0.11255784 0.11344295 0.11512536 0.11688883
 0.11698362 0.11698557 0.11705036 0.11748764 0.12083722 0.12149678
 0.12251373 0.12344864 0.1234852  0.12353576 0.12479731 0.12709594
 0.12776445 0.12783233 0.12789807 0.12796184 0.13277309 0.13283434
 0.13291452 0.13452774 0.13491602 0.13832656 0.13961982 0.14120555
 0.14275909 0.14405281 0.14444015 0.14486771 0.14521327 0.14602588
 0.14618955 0.14624112 0.14725181 0.1509011  0.15127395 0.15171753
 0.15284096 0.15456645 0.15577576 0.15734141 0.15895112 0.16160625
 0.16167494 0.1649529  0.16526968 0.16576271 0.16706202 0.1689959
 0.16913491 0.17152935 0.17279337 0.17312717 0.17411224 0.17412104
 0.17522479 0.17751275 0.17878799 0.18152505 0.1848534  0.1854059
 0.18606607 0.19068721 0.19288745 0.19334204 0.19537353 0.19565514
 0.19815124 0.19841196 0.19940338 0.20204252 0.20275528 0.20298371
 0.20520792 0.20570082 0.20634915 0.20712883 0.20745421 0.20842199
 0.20919793 0.21072222 0.21088763 0.21120428 0.21295345 0.21295657
 0.21331397 0.21403742 0.21700783 0.2170774  0.21720883 0.2173205
 0.21814433 0.21905877 0.22208157 0.22211649 0.22353723 0.22408979
 0.22490868 0.2249597  0.22637212 0.22654786 0.22683376 0.22801926
 0.22811561 0.23041265 0.23077157 0.23336553 0.23430942 0.2371825
 0.23894376 0.24005955 0.24010122 0.24084657 0.24126411 0.2429704
 0.24379383 0.24391043 0.24471198 0.24600364 0.24694753 0.24748987
 0.2484     0.2490938  0.25075739 0.25197639 0.25388716 0.25723748
 0.25732241 0.25816556 0.25856468 0.25929035 0.26191087 0.26191635
 0.26216564 0.26277582 0.26361529 0.26387014 0.26416212 0.26611678
 0.26818937 0.26853788 0.26855902 0.26881209 0.26941492 0.2707794
 0.27366723 0.27603985 0.27808392 0.27956872 0.28045646 0.28224929
 0.28357325 0.28485448 0.28687092 0.28751142 0.28975212 0.29031593
 0.29267938 0.29308632 0.29398112 0.29426342 0.2947908  0.29579624
 0.29743726 0.29894592 0.29920494 0.30023571 0.30081757 0.30222566
 0.30234912 0.30254046 0.30314573 0.30385557 0.30390993 0.30439483
 0.30619416 0.30877821 0.31120473 0.31153542 0.31191147 0.31246597
 0.31253415 0.31276093 0.31384489 0.31403413 0.31459828 0.31515106
 0.31693436 0.31795795 0.31926348 0.31972114 0.32037608 0.32082209
 0.32152613 0.32344148 0.32367233 0.32530727 0.32628884 0.32774981
 0.32910208 0.33261868 0.33263131 0.33293642 0.33530541 0.33622226
 0.33734205 0.33748703 0.33832151 0.33845343 0.33881551 0.3406135
 0.34079905 0.34129376 0.34186022 0.34248993 0.34447861 0.3450211
 0.34795096 0.3479973  0.34837468 0.34967627 0.35003485 0.35150354
 0.3538337  0.35448808 0.35510156 0.35545631 0.35582277 0.35690248
 0.3595298  0.36017035 0.36076809 0.36087371 0.36089387 0.36132275
 0.36239978 0.36291506 0.36304476 0.3632126  0.36356712 0.36372156
 0.36419253 0.3648033  0.36857592 0.3694213  0.37012838 0.37068167
 0.37235189 0.37319381 0.3733035  0.37636175 0.37671787 0.37815078
 0.37877006 0.3787711  0.37941128 0.38060935 0.38099138 0.38137515
 0.382394   0.38311889 0.38790256 0.38839377 0.38895262 0.39071511
 0.39095649 0.39144044 0.39148707 0.39358157 0.39398401 0.39431098
 0.3972778  0.40007884 0.40026483 0.4016785  0.40376294 0.40455568
 0.40477922 0.40758759 0.40771526 0.40786074 0.40870923 0.40879849
 0.40899452 0.4096333  0.40988364 0.41089156 0.4124762  0.41530434
 0.41644168 0.41829688 0.419304   0.42113574 0.42154576 0.42275721
 0.42309829 0.42548974 0.42694386 0.42860419 0.43266046 0.43278208
 0.43474849 0.43626002 0.43675809 0.43706038 0.43711044 0.43732072
 0.43845535 0.43852737 0.43873466 0.43963308 0.43968413 0.44075698
 0.4410399  0.44307373 0.44395237 0.44427433 0.44441974 0.44520089
 0.4455081  0.44596058 0.44632646 0.44685319 0.44697125 0.44755393
 0.44771116 0.44946597 0.45021571 0.4525204  0.45365098 0.45551199
 0.45552794 0.4586575  0.46096788 0.46442937 0.46592823 0.46742116
 0.46810372 0.46943186 0.47415645 0.47490657 0.4759518  0.47637328
 0.47665513 0.47714164 0.47729467 0.47913801 0.4795991  0.48049647
 0.48105974 0.4819182  0.48542471 0.48664746 0.48691136 0.48793192
 0.49028631 0.49062365 0.49247657 0.49394733 0.49408049 0.49530066
 0.49690023 0.49704498 0.49837339 0.49852883 0.49859199 0.50054588
 0.50119781 0.50253038 0.50263838 0.50321056 0.50336973 0.50425582
 0.5049636  0.50584312 0.50620671 0.50627156 0.5071802  0.50826125
 0.5093943  0.51074352 0.51300767 0.51337749 0.51372733 0.51476594
 0.51565196 0.51779605 0.51864225 0.51883529 0.51925102 0.5210202
 0.52215784 0.52262561 0.52356418 0.52416897 0.52648248 0.52793818
 0.52873376 0.52999105 0.53134073 0.53217348 0.53385959 0.53431389
 0.53462908 0.53482965 0.53494805 0.53659945 0.53979489 0.54108982
 0.5417191  0.54303034 0.54330617 0.54341364 0.54349386 0.54460454
 0.54472904 0.54615793 0.54792241 0.54794704 0.5490624  0.55005196
 0.55083299 0.55228337 0.55464704 0.55574403 0.55594315 0.55721524
 0.55737213 0.56212252 0.56246405 0.56324343 0.56352838 0.56403085
 0.56421084 0.5644939  0.56538177 0.56604654 0.56915263 0.56945238
 0.57043398 0.57092373 0.57128437 0.57506078 0.57536775 0.57550058
 0.57605943 0.57684651 0.57805385 0.57830285 0.57916502 0.58040695
 0.58151206 0.58305269 0.58728345 0.58790434 0.58867379 0.58873755
 0.59028031 0.59032246 0.59186307 0.59234532 0.59481069 0.59507142
 0.59548039 0.5967878  0.59775884 0.59796451 0.59911866 0.59982688
 0.60025905 0.60028519 0.60141034 0.60289936 0.60411219 0.60469542
 0.604806   0.60846821 0.61127972 0.61151984 0.61426473 0.61471312
 0.6177091  0.61803138 0.6187979  0.61907946 0.62225586 0.62476345
 0.62509586 0.62590094 0.62634056 0.62754032 0.6293998  0.62944939
 0.62949724 0.62961128 0.63180157 0.63512321 0.63740653 0.63874696
 0.64054673 0.64069567 0.64276613 0.64429934 0.64519494 0.64561373
 0.6470231  0.64749573 0.64768205 0.64796513 0.64799459 0.64901649
 0.64904579 0.64906784 0.65101568 0.65354701 0.65355202 0.65397659
 0.65573461 0.65599969 0.65726796 0.65833382 0.65850365 0.65888367
 0.65902251 0.65918895 0.66036769 0.66086357 0.66132896 0.66263578
 0.66358243 0.6639721  0.66503157 0.66520074 0.66585821 0.66633087
 0.66843616 0.67100564 0.67316429 0.67525802 0.67808512 0.67821357
 0.68088028 0.68180265 0.68319663 0.68412806 0.68450872 0.68679516
 0.68876465 0.68908194 0.69000401 0.69153685 0.69235137 0.69284501
 0.6934566  0.6952512  0.6983757  0.6997729  0.69983054 0.69995352
 0.70078457 0.70154185 0.70216607 0.70333904 0.70360456 0.70506501
 0.70528782 0.70531875 0.70556103 0.70566537 0.70637436 0.70787629
 0.71097711 0.71148545 0.71158526 0.71490416 0.71492865 0.71721608
 0.71799675 0.71830775 0.71898684 0.72022042 0.72207937 0.72236597
 0.72362755 0.72368898 0.72504276 0.72739932 0.72832492 0.72868021
 0.72875144 0.72885621 0.72970582 0.73041298 0.73044995 0.73338646
 0.73381542 0.73477299 0.73513906 0.73639455 0.73649478 0.73678813
 0.73719508 0.73799308 0.73858993 0.7392369  0.74184458 0.74247046
 0.74340138 0.74390227 0.7442711  0.7447929  0.74548332 0.74590353
 0.74966209 0.75231579 0.75317925 0.7564514  0.75827965 0.75838876
 0.76001602 0.76047061 0.76163781 0.76183679 0.7625668  0.76398729
 0.76670806 0.76735439 0.76818351 0.76871648 0.76991674 0.77036853
 0.77264534 0.77462196 0.77562302 0.7758992  0.77589982 0.77744466
 0.77833356 0.77844278 0.78268223 0.78294019 0.78507596 0.78585893
 0.7862801  0.78632447 0.78679123 0.7869193  0.78791534 0.78833099
 0.79175368 0.79305583 0.79445133 0.79449792 0.79644434 0.79771604
 0.79825581 0.80058604 0.80110685 0.8013377  0.80177256 0.80208211
 0.80269982 0.80319596 0.80439855 0.80464371 0.80466118 0.80500554
 0.8068423  0.80704896 0.80774533 0.80779683 0.80813172 0.80949665
 0.81058075 0.81069318 0.81081441 0.81173231 0.81183505 0.81213505
 0.8130185  0.81470254 0.81668578 0.8168937  0.81732027 0.81809355
 0.8183214  0.81837095 0.81906231 0.82173961 0.82220555 0.82327324
 0.82384137 0.82715658 0.82746938 0.830066   0.83139142 0.83252637
 0.83389014 0.8378799  0.83798244 0.83814145 0.83896714 0.83930724
 0.84003972 0.84120916 0.84334903 0.84941191 0.85010545 0.85163568
 0.85180912 0.85203878 0.85496394 0.85592411 0.85647084 0.85807783
 0.85962721 0.85966066 0.86095353 0.86560346 0.86707139 0.86772035
 0.8683302  0.86934949 0.87034096 0.87045045 0.87104044 0.87268558
 0.87369195 0.87391084 0.87628416 0.87876112 0.88009629 0.88039443
 0.88098012 0.88664676 0.89060949 0.89071271 0.8907771  0.89254311
 0.89783279 0.89838573 0.90042502 0.90123138 0.90161794 0.9027405
 0.90370859 0.90518498 0.90558026 0.90727134 0.9093532  0.91063353
 0.91127898 0.91164007 0.91188179 0.91196457 0.91400904 0.91616644
 0.91659002 0.91704524 0.91822606 0.91977267 0.91978251 0.92368947
 0.92907662 0.92961637 0.92991628 0.93044252 0.93083901 0.93128627
 0.9329274  0.93352677 0.93426677 0.93527432 0.93736225 0.93784019
 0.93797843 0.93935128 0.93969763 0.93988476 0.94008038 0.94043857
 0.94329741 0.94341867 0.94488544 0.94497165 0.94576432 0.94603326
 0.94630999 0.9467855  0.94723717 0.94817124 0.94825633 0.94947698
 0.95177121 0.95285003 0.95323574 0.95331529 0.95508598 0.95517057
 0.9555729  0.9616283  0.96218394 0.96239487 0.96516003 0.96521807
 0.96524864 0.96549199 0.96584291 0.96612229 0.96725745 0.96783309
 0.96836709 0.96843906 0.96888103 0.96950265 0.97045322 0.9707008
 0.9713674  0.97137348 0.97173996 0.97182892 0.97273495 0.97328698
 0.97418144 0.97419989 0.97539409 0.97619154 0.97648706 0.97656495
 0.97749659 0.97776675 0.97907803 0.98118978 0.98197954 0.98220507
 0.98249838 0.98254909 0.98580068 0.98594967 0.98695728 0.9870709
 0.98800261 0.98855135 0.98947579 0.98986098 0.99036466 0.99159639
 0.99318047 0.9933762  0.99423504 0.99426644 0.99572819 0.9965164
 0.99717494 0.99761999 0.99857729 0.99935017]"
