project_key,usability_label,Model,feature_importance,accuracy,confusion_matrix,classification_report,area_under_pre_recall_curve,avg_precision,area_under_roc_curve,y_pred,precision,recall,thresholds
Hyperledger,is_change_text_num_words_15,RF,"len_description                           0.123176
num_words                                 0.115329
len_sum_desc                              0.085241
num_stopwords                             0.079603
num_sentences                             0.074780
ratio_unusable_issues_text_by_previous    0.051387
avg_num_word_in_sentence                  0.046932
avg_word_len                              0.044307
8                                         0.037659
2                                         0.036210
5                                         0.034610
12                                        0.033912
14                                        0.030604
3                                         0.023745
13                                        0.023547
original_story_points_sprint              0.021533
7                                         0.017264
4                                         0.016802
6                                         0.014941
0                                         0.014720
11                                        0.014273
1                                         0.013854
9                                         0.013596
10                                        0.011962
num_issues_cretor_prev                    0.011447
time_until_add_sprint                     0.003686
dominant_topic_1                          0.003549
has_url                                   0.000495
num_headlines                             0.000436
num_changes_text_before_sprint            0.000341
relates                                   0.000059
num_comments_before_sprint                0.000000
num_question_marks                        0.000000
has_template                              0.000000
has_acceptance_criteria                   0.000000
if_acceptance_empty_tbd                   0.000000
len_acceptance                            0.000000
has_tbd                                   0.000000
has_please                                0.000000
if_description_empty_tbd                  0.000000
priority                                  0.000000
pron_count                                0.000000
block                                     0.000000
num_changes_story_point_before_sprint     0.000000
noun_count                                0.000000
has_code                                  0.000000
adj_count                                 0.000000
adv_count                                 0.000000
duplicate_by                              0.000000
duplicate                                 0.000000
block_by                                  0.000000
verb_count                                0.000000
dtype: float64",0.6473029045643154,"[[307.97624703 174.02375297]
 [142.2295082  339.7704918 ]]","              precision    recall  f1-score   support

           0       0.68      0.64      0.66 481.99999999999216
           1       0.66      0.70      0.68 482.00000000000114

    accuracy                           0.67 963.9999999999933
   macro avg       0.67      0.67      0.67 963.9999999999933
weighted avg       0.67      0.67      0.67 963.9999999999933
",0.6904564388101074,0.6971963894346473,0.7303064522409564,"[1 0 1 1 0 1 1 0 1 1 0 1 1 1 0 0 1 1 0 0 0 0 0 0 0 0 0 0 0 0 0 0 0 0 0 0 0
 0 0 0 0 0 0 0 1 0 1 0 0 0 1 0 1 0 0 0 0 1 1 0 1 0 1 0 0 0 0 0 0 1 0 0 0 1
 0 1 1 1 0 0 0 1 0 0 0 1 1 0 1 1 0 0 1 1 0 0 0 0 0 0 0 0 0 1 1 0 0 1 0 0 0
 1 1 1 1 0 0 0 0 0 1 0 0 0 1 0 0 0 0 0 0 0 0 0 1 0 0 1 0 0 0 1 0 0 0 0 0 0
 0 0 0 0 0 0 1 1 0 0 0 0 0 0 0 1 0 0 0 0 0 1 0 0 0 1 1 1 1 1 0 0 1 0 0 0 0
 1 1 1 1 0 0 0 0 0 1 1 1 1 1 0 1 1 0 0 0 0 0 1 1 0 1 1 0 0 0 1 1 1 1 1 1 1
 0 1 0 1 0 1 0 1 0 0 1 1 0 1 1 1 1 0 0 1 0 0 0 1 1 1 0 0 1 1 1 0 0 0 0 1 1
 0 1 1 1 0 0 0 1 1 0 1 0 0 0 1 1 1 1 0 0 0 0 1 0 0 1 1 1 1 0 0 0 1 0 0 1 1
 1 1 0 1 0 1 0 0 0 1 0 0 0 0 0 0 0 1 1 1 1 0 0 0 0 1 1 1 1 0 1 1 1 0 0 0 1
 0 0 0 1 0 1 1 1 1 1 0 0 1 0 1 1 1 0 0 1 1 1 0 0 1 1 1 0 0 1 0 0 1 1 1 0 0
 0 0 0 0 1 1 1 1 1 1 1 1 1 1 1 0 1 1 0 1 0 0 0 0 0 0 0 1 0 0 0 0 1 0 1 1 1
 1 1 1 0 1 1 0 0 1 1 1 0 0 1 1 1 1 1 1 0 1 1 1 0 0 0 1 0 0 1 0 1 1 1 1 1 1
 0 1 0 0 1 1 1 1 0 0 0 1 1 0 0 1 0 1 1 0 0 0 1 0 1 1 0 0 0 0 1 1 1 0 1 0 0
 0 1 1 1 0 1 1 0 1 1 0 1 1 1 1 1 0 1 0 0 1 0 0 0 1 0 1 0 1 1 0 0 0 0 0 1 1
 0 1 1 1 0 0 0 1 0 0 1 1 1 0 0 0 1 0 0 0 1 0 1 0 1 1 1 0 0 1 0 1 1 1 1 0 0
 0 0 1 1 1 0 0 0 0 0 0 0 1 0 0 0 0 1 0 1 0 0 0 0 0 1 1 1 1 1 1 1 1 1 1 1 1
 1 1 1 1 1 0 0 0 1 0 0 0 0 0 0 0 1 0 1 1 1 1 1 1 0 0 1 0 0 0 0 0 1 1 1 0 1
 0 1 0 0 0 0 0 0 1 0 0 0 1 0 1 0 0 1 1 1 1 0 1 0 1 1 0 0 0 0 1 1 0 0 0 0 0
 0 0 1 0 0 1 0 1 0 1 1 1 0 0 0 0 0 0 0 1 0 0 1 0 0 1 1 0 0 0 0 0 0 0 1 1 0
 0 1 0 1 0 0 1 0 0 0 1 1 1 1 0 0 1 0 1 0 1 0 0 0 0 0 0 0 1 1 1 0 0 0 0 1 1
 0 0 0 1 0 0 1 1 1 1 0 0 0 0 0 0 0 1 0 0 0 0 0 1 0 0 0 0 0 1 1 1 1 1 1 0 0
 1 1 0 0 0 0 0 1 0 1 1 0 0 0 1 1 0 0 0 1 0 1 1 1 1 0 0 1 0 0 0 1 1 0 0 0 1
 1 1 1 0 0 1 1 1 0 0 0 0 0 0 0 0 0 0 0 0 0 0 0 0 1 0 0 0 0 0 0 1 1 0 1 0 0
 0 0 0 0 0 0 0 0 0 0 0 0 0 0 0 0 0 0 0 1 1 1 0 0 0 0 0 0 0 1 1 0 0 1 0 0 0
 0 0 0 0 0 0 0 0 0 0 0 0 0 1 1 0 0 0 0 1 0 0 1 0 1 1 0 0 1 1 1 0 0 1 0 0 1
 0 0 0 0 1 1 0 1 0 0 0 1 0 1 0 0 0 0 0 0 0 0 0 0 1 1 0 1 0 0 1 0 0 0 0 0 0
 0 0]","[0.5        0.50029709 0.50059453 0.50089233 0.50119048 0.50148898
 0.50178784 0.50208706 0.50238663 0.50268657 0.50298686 0.50328751
 0.50358852 0.50388989 0.50419162 0.50449371 0.50479616 0.50509898
 0.50540216 0.50570571 0.50600962 0.50631389 0.50661853 0.50692354
 0.50722892 0.50753466 0.50784077 0.50814725 0.50845411 0.50876133
 0.50906892 0.50937689 0.50968523 0.50999394 0.51030303 0.51061249
 0.51092233 0.51123254 0.51154313 0.5118541  0.51216545 0.51247718
 0.51278928 0.51310177 0.51341463 0.51372788 0.51404151 0.51435553
 0.51466993 0.51498471 0.51529988 0.51561543 0.51593137 0.5162477
 0.51656442 0.51688152 0.51719902 0.5175169  0.51783518 0.51815385
 0.51847291 0.51879236 0.51911221 0.51943245 0.51975309 0.52007412
 0.52039555 0.52071738 0.5210396  0.52136223 0.52168525 0.52200868
 0.52233251 0.52265673 0.52298137 0.5233064  0.52363184 0.52395769
 0.52428394 0.52461059 0.52493766 0.52526513 0.52559301 0.5259213
 0.52625    0.52657911 0.52690864 0.52723857 0.52756892 0.52789969
 0.52823087 0.52856246 0.52889447 0.5292269  0.52955975 0.52989301
 0.5302267  0.53056081 0.53089533 0.53123028 0.53156566 0.53190145
 0.53223767 0.53257432 0.53291139 0.53324889 0.53358682 0.53392517
 0.53426396 0.53460317 0.53494282 0.5352829  0.53562341 0.53596435
 0.53630573 0.53664755 0.5369898  0.53733248 0.53767561 0.53801917
 0.53836317 0.53870761 0.5390525  0.53939782 0.53974359 0.5400898
 0.54043646 0.54078356 0.54113111 0.5414791  0.54182754 0.54217643
 0.54252577 0.54287556 0.54322581 0.5435765  0.54392765 0.54427925
 0.54463131 0.54498382 0.54533679 0.54569021 0.5460441  0.54639844
 0.54675325 0.54710851 0.54746424 0.54782043 0.54817708 0.5485342
 0.54889179 0.54924984 0.54960836 0.54996734 0.5503268  0.55068672
 0.55104712 0.55140799 0.55176933 0.55213115 0.55249344 0.5528562
 0.55321945 0.55358317 0.55394737 0.55431205 0.55467721 0.55504285
 0.55540897 0.55577558 0.55614267 0.55651024 0.55687831 0.55724686
 0.55521526 0.55558464 0.55595451 0.55632488 0.55669574 0.55706709
 0.55743894 0.55781129 0.55818413 0.55855747 0.55893131 0.55930566
 0.5596805  0.56005585 0.5604317  0.56080806 0.56118492 0.56156229
 0.56194017 0.56231855 0.56269745 0.56307686 0.56345677 0.56383721
 0.56421815 0.56459961 0.56498159 0.56536408 0.5657471  0.56613063
 0.56651468 0.56689925 0.56728435 0.56766997 0.56805611 0.56844278
 0.56882998 0.5692177  0.56960596 0.56999474 0.57038406 0.5707739
 0.57116428 0.5715552  0.57194665 0.57233863 0.57273116 0.57312422
 0.57351782 0.57391197 0.57188137 0.57227653 0.57267224 0.5730685
 0.57346531 0.57386267 0.57426058 0.57465904 0.57505805 0.57545762
 0.57585775 0.57625843 0.57665967 0.57706146 0.57501779 0.57542066
 0.5758241  0.5762281  0.57663267 0.57703781 0.57744352 0.5778498
 0.57825665 0.57866408 0.57907208 0.57948065 0.57988981 0.58029954
 0.58070985 0.58112074 0.58153221 0.58194427 0.58235691 0.58277013
 0.58071681 0.58113119 0.57905812 0.57947367 0.57988981 0.58030655
 0.58072389 0.58114183 0.58156037 0.58197951 0.58239926 0.58281962
 0.58324058 0.58366215 0.58408433 0.58450713 0.58493053 0.58535455
 0.58326964 0.58369489 0.58412076 0.58454725 0.58497437 0.58540211
 0.58583047 0.58625947 0.58415782 0.58458808 0.58501897 0.5854505
 0.58588267 0.58631547 0.58674892 0.587183   0.58761773 0.5880531
 0.58848912 0.58892579 0.5893631  0.58980106 0.59023968 0.59067895
 0.59111887 0.59155945 0.59200068 0.59244258 0.59288513 0.59332835
 0.59377223 0.59421677 0.59466198 0.59510786 0.59555441 0.59600162
 0.59644951 0.59689808 0.59734732 0.59779723 0.59569556 0.59614692
 0.59659896 0.59705169 0.59493022 0.5953844  0.59583928 0.59629486
 0.59675113 0.5972081  0.59766577 0.59812414 0.59858322 0.599043
 0.59950349 0.59996469 0.6004266  0.60088921 0.60135255 0.60181659
 0.60228136 0.60274684 0.60321304 0.60367997 0.60414762 0.60461599
 0.60248908 0.60295904 0.60342974 0.60390118 0.60437335 0.60484626
 0.60531991 0.60579431 0.60626945 0.60674533 0.60722196 0.60769935
 0.60817748 0.60603821 0.60651801 0.60699858 0.60747992 0.60796201
 0.60844487 0.6089285  0.60677131 0.60725666 0.60774278 0.60822969
 0.60871737 0.60920584 0.60969509 0.60751969 0.60801071 0.60850251
 0.60899512 0.60948852 0.60998272 0.61047772 0.61097353 0.61147015
 0.61196757 0.6124658  0.61296484 0.6134647  0.61396537 0.61446687
 0.61496918 0.61547231 0.61597627 0.61648105 0.61698666 0.6174931
 0.61800038 0.61850848 0.61901743 0.61952721 0.62003783 0.6205493
 0.62106161 0.62157476 0.62208877 0.62260362 0.62311933 0.62095243
 0.62147016 0.62198876 0.62250821 0.62302854 0.62354974 0.62407181
 0.62459476 0.62511858 0.62564328 0.62616887 0.62669534 0.62722269
 0.62775093 0.62828006 0.62610496 0.62663625 0.6244368  0.62497024
 0.6255046  0.62603987 0.62657606 0.62711317 0.6276512  0.62819015
 0.62873003 0.62651473 0.62705685 0.62759991 0.62814392 0.62590597
 0.62364091 0.62418851 0.62473707 0.62528659 0.62583709 0.62354974
 0.62410255 0.62465634 0.62521111 0.62576687 0.62632362 0.62688136
 0.62744009 0.62799982 0.62856056 0.62912229 0.62968503 0.63024877
 0.63081353 0.6285161  0.62908332 0.62675857 0.62732827 0.627899
 0.62847077 0.62612105 0.62669534 0.62727067 0.62784707 0.62547186
 0.6260508  0.62663082 0.62721192 0.62779409 0.62837735 0.62896169
 0.62656499 0.62715196 0.62774003 0.6283292  0.62891948 0.62951088
 0.62709077 0.62768485 0.62828006 0.62887641 0.62947388 0.63007249
 0.63067224 0.63127314 0.63187518 0.63247836 0.63308271 0.6336882
 0.63429486 0.63490268 0.63247201 0.63308271 0.63369458 0.63430765
 0.63492189 0.63553733 0.63615397 0.6367718  0.6343207  0.63494152
 0.63556355 0.6361868  0.63681128 0.63743698 0.63806391 0.63869208
 0.63932149 0.63995213 0.64058403 0.64121717 0.64185156 0.64248721
 0.64312413 0.6437623  0.64440175 0.64504246 0.64568445 0.64632772
 0.64697227 0.64761811 0.64826524 0.64891367 0.64956339 0.65021442
 0.64777804 0.64530748 0.64596398 0.64662181 0.64728099 0.64794152
 0.64860339 0.64926662 0.6499312  0.65059715 0.65126446 0.65193314
 0.6526032  0.65327464 0.650795   0.65147006 0.65214653 0.6528244
 0.65350368 0.65099737 0.65168037 0.6523648  0.65305067 0.65373799
 0.65442675 0.65511697 0.65580864 0.65650178 0.65719638 0.65789245
 0.65859    0.65928903 0.65998955 0.66069156 0.66139506 0.66210006
 0.65959582 0.66030487 0.66101545 0.66172757 0.66244121 0.6631564
 0.66062767 0.66134704 0.66206798 0.66279049 0.66351458 0.66424025
 0.6616866  0.66241658 0.65982651 0.66056084 0.6612968  0.66203441
 0.65941255 0.66015459 0.66089831 0.65824104 0.65898927 0.65629285
 0.65704562 0.65780012 0.65855635 0.65931433 0.66007405 0.66083552
 0.66159876 0.66236376 0.66313053 0.66389907 0.66466941 0.66544153
 0.66621544 0.66699116 0.66429341 0.66507407 0.66233539 0.66312105
 0.66390857 0.66469797 0.66548925 0.66628241 0.66707746 0.66787442
 0.66867328 0.66947406 0.67027675 0.67108137 0.67188793 0.6691435
 0.66995544 0.66716816 0.6643334  0.66515425 0.66597712 0.66680204
 0.667629   0.66845802 0.66559215 0.66642682 0.6672636  0.66435498
 0.66519751 0.66604217 0.66688899 0.66394011 0.66479282 0.66564773
 0.66650483 0.66736415 0.66822568 0.66908945 0.66995544 0.67082368
 0.67169418 0.67256694 0.67344197 0.67048316 0.67136454 0.67224824
 0.67313426 0.67402263 0.6710262  0.67192112 0.6688733  0.66977484
 0.67067882 0.67158524 0.67249412 0.67340546 0.67431927 0.67523557
 0.67615436 0.67707566 0.6740101  0.67493847 0.6758694  0.6768029
 0.67773898 0.67867766 0.67961894 0.68056283 0.67747126 0.67431927
 0.67110507 0.67206611 0.66879268 0.66545324 0.66642682 0.66740326
 0.66400563 0.66498992 0.66597712 0.66696727 0.66351458 0.66451279
 0.665514   0.66199925 0.6630087  0.66402123 0.66503686 0.6660556
 0.66707746 0.66810247 0.66913063 0.67016196 0.66661559 0.66765571
 0.66869908 0.66974572 0.67079564 0.67184886 0.67290539 0.67396525
 0.67502845 0.67609501 0.67252396 0.6736     0.67467949 0.6710411
 0.67213028 0.673223   0.67431927 0.67541913 0.67652258 0.67762964
 0.67874033 0.67506455 0.67130368 0.67243136 0.67356284 0.67469813
 0.67583725 0.67201546 0.67316539 0.67431927 0.67547712 0.67663894
 0.67275425 0.67392734 0.67510452 0.67113997 0.67232869 0.67352163
 0.67471881 0.67592025 0.67188793 0.67310141 0.67431927 0.67554156
 0.67676828 0.67799946 0.67923514 0.67514902 0.67639748 0.67765056
 0.67890829 0.68017071 0.67601285 0.67728862 0.67856921 0.67985466
 0.68114499 0.68244023 0.6782172  0.67952654 0.68084094 0.68216044
 0.68348507 0.68481485 0.68614981 0.68748999 0.68321973 0.68457511
 0.68593587 0.68156738 0.68294379 0.68432576 0.68571334 0.68710655
 0.68265658 0.68406621 0.68548168 0.68092501 0.6823574  0.68379583
 0.68524034 0.68669096 0.68814774 0.68351392 0.67874033 0.68022692
 0.68172004 0.68321973 0.68472604 0.686239   0.68775866 0.68928506
 0.69081826 0.69235829 0.69390521 0.68911127 0.68416478 0.68574567
 0.68733389 0.68892948 0.6905325  0.69214299 0.69376102 0.69538662
 0.69701987 0.6986608  0.6936838  0.69534783 0.69021913 0.69190684
 0.69360283 0.69530715 0.69701987 0.69874104 0.69351783 0.68811031
 0.68987395 0.68428932 0.68607942 0.68030746 0.68212472 0.6839517
 0.6857885  0.68763519 0.68949186 0.69135857 0.69323543 0.68737811
 0.68928506 0.69120263 0.69313089 0.69506994 0.69701987 0.69898077
 0.70095273 0.70293586 0.70493023 0.70693596 0.70895313 0.71098185
 0.71302221 0.70722342 0.70930009 0.71138898 0.71349022 0.7156039
 0.70966782 0.71182058 0.71398643 0.71616551 0.71835792 0.7122789
 0.71451347 0.71676211 0.71902495 0.72130211 0.72359375 0.72589999
 0.71973501 0.72208822 0.72445687 0.72684111 0.7292411  0.72292694
 0.71631125 0.70937191 0.71189504 0.71443619 0.71699554 0.70982116
 0.71243805 0.71507431 0.71773015 0.71030432 0.70247722 0.70523806
 0.7080207  0.71082538 0.71365237 0.71650193 0.71937434 0.71138898
 0.71433419 0.71730389 0.72029838 0.72331799 0.72636301 0.72943378
 0.73253062 0.73565388 0.73880387 0.74198097 0.7451855  0.74841783
 0.75167833 0.75496736 0.7582853  0.76163253 0.76500945 0.76841644
 0.76107261 0.7645857  0.76813137 0.77171007 0.77532228 0.77896847
 0.78264911 0.7863647  0.77912778 0.78297081 0.78685194 0.79077174
 0.79473079 0.79872969 0.80276903 0.80684943 0.81097152 0.80406285
 0.80834352 0.81267    0.81704305 0.82146341 0.82593187 0.83044921
 0.82379799 0.82850717 0.82146341 0.82638139 0.83135861 0.83639615
 0.8414951  0.84665661 0.85188183 0.85717194 0.86252817 0.8563323
 0.84955157 0.84209907 0.83386977 0.84021454 0.83135861 0.82146341
 0.82850717 0.81772001 0.82524125 0.83290215 0.82146341 0.80834352
 0.81704305 0.82593187 0.811801   0.82146341 0.83135861 0.8414951
 0.82693147 0.83808892 0.82146341 0.80103289 0.81453842 0.82850717
 0.84296339 0.85793304 0.83808892 0.811801   0.83135861 0.7977262
 0.74733728 0.77532228 0.80548469 0.83808892 0.87344398 0.82146341
 0.87344398 0.9324474  0.87344398 0.         1.        ]","[1.         1.         1.         1.         1.         1.
 1.         1.         1.         1.         1.         1.
 1.         1.         1.         1.         1.         1.
 1.         1.         1.         1.         1.         1.
 1.         1.         1.         1.         1.         1.
 1.         1.         1.         1.         1.         1.
 1.         1.         1.         1.         1.         1.
 1.         1.         1.         1.         1.         1.
 1.         1.         1.         1.         1.         1.
 1.         1.         1.         1.         1.         1.
 1.         1.         1.         1.         1.         1.
 1.         1.         1.         1.         1.         1.
 1.         1.         1.         1.         1.         1.
 1.         1.         1.         1.         1.         1.
 1.         1.         1.         1.         1.         1.
 1.         1.         1.         1.         1.         1.
 1.         1.         1.         1.         1.         1.
 1.         1.         1.         1.         1.         1.
 1.         1.         1.         1.         1.         1.
 1.         1.         1.         1.         1.         1.
 1.         1.         1.         1.         1.         1.
 1.         1.         1.         1.         1.         1.
 1.         1.         1.         1.         1.         1.
 1.         1.         1.         1.         1.         1.
 1.         1.         1.         1.         1.         1.
 1.         1.         1.         1.         1.         1.
 1.         1.         1.         1.         1.         1.
 1.         1.         1.         1.         1.         1.
 1.         1.         1.         1.         1.         1.
 0.99180328 0.99180328 0.99180328 0.99180328 0.99180328 0.99180328
 0.99180328 0.99180328 0.99180328 0.99180328 0.99180328 0.99180328
 0.99180328 0.99180328 0.99180328 0.99180328 0.99180328 0.99180328
 0.99180328 0.99180328 0.99180328 0.99180328 0.99180328 0.99180328
 0.99180328 0.99180328 0.99180328 0.99180328 0.99180328 0.99180328
 0.99180328 0.99180328 0.99180328 0.99180328 0.99180328 0.99180328
 0.99180328 0.99180328 0.99180328 0.99180328 0.99180328 0.99180328
 0.99180328 0.99180328 0.99180328 0.99180328 0.99180328 0.99180328
 0.99180328 0.99180328 0.98360656 0.98360656 0.98360656 0.98360656
 0.98360656 0.98360656 0.98360656 0.98360656 0.98360656 0.98360656
 0.98360656 0.98360656 0.98360656 0.98360656 0.97540984 0.97540984
 0.97540984 0.97540984 0.97540984 0.97540984 0.97540984 0.97540984
 0.97540984 0.97540984 0.97540984 0.97540984 0.97540984 0.97540984
 0.97540984 0.97540984 0.97540984 0.97540984 0.97540984 0.97540984
 0.96721311 0.96721311 0.95901639 0.95901639 0.95901639 0.95901639
 0.95901639 0.95901639 0.95901639 0.95901639 0.95901639 0.95901639
 0.95901639 0.95901639 0.95901639 0.95901639 0.95901639 0.95901639
 0.95081967 0.95081967 0.95081967 0.95081967 0.95081967 0.95081967
 0.95081967 0.95081967 0.94262295 0.94262295 0.94262295 0.94262295
 0.94262295 0.94262295 0.94262295 0.94262295 0.94262295 0.94262295
 0.94262295 0.94262295 0.94262295 0.94262295 0.94262295 0.94262295
 0.94262295 0.94262295 0.94262295 0.94262295 0.94262295 0.94262295
 0.94262295 0.94262295 0.94262295 0.94262295 0.94262295 0.94262295
 0.94262295 0.94262295 0.94262295 0.94262295 0.93442623 0.93442623
 0.93442623 0.93442623 0.92622951 0.92622951 0.92622951 0.92622951
 0.92622951 0.92622951 0.92622951 0.92622951 0.92622951 0.92622951
 0.92622951 0.92622951 0.92622951 0.92622951 0.92622951 0.92622951
 0.92622951 0.92622951 0.92622951 0.92622951 0.92622951 0.92622951
 0.91803279 0.91803279 0.91803279 0.91803279 0.91803279 0.91803279
 0.91803279 0.91803279 0.91803279 0.91803279 0.91803279 0.91803279
 0.91803279 0.90983607 0.90983607 0.90983607 0.90983607 0.90983607
 0.90983607 0.90983607 0.90163934 0.90163934 0.90163934 0.90163934
 0.90163934 0.90163934 0.90163934 0.89344262 0.89344262 0.89344262
 0.89344262 0.89344262 0.89344262 0.89344262 0.89344262 0.89344262
 0.89344262 0.89344262 0.89344262 0.89344262 0.89344262 0.89344262
 0.89344262 0.89344262 0.89344262 0.89344262 0.89344262 0.89344262
 0.89344262 0.89344262 0.89344262 0.89344262 0.89344262 0.89344262
 0.89344262 0.89344262 0.89344262 0.89344262 0.89344262 0.8852459
 0.8852459  0.8852459  0.8852459  0.8852459  0.8852459  0.8852459
 0.8852459  0.8852459  0.8852459  0.8852459  0.8852459  0.8852459
 0.8852459  0.8852459  0.87704918 0.87704918 0.86885246 0.86885246
 0.86885246 0.86885246 0.86885246 0.86885246 0.86885246 0.86885246
 0.86885246 0.86065574 0.86065574 0.86065574 0.86065574 0.85245902
 0.8442623  0.8442623  0.8442623  0.8442623  0.8442623  0.83606557
 0.83606557 0.83606557 0.83606557 0.83606557 0.83606557 0.83606557
 0.83606557 0.83606557 0.83606557 0.83606557 0.83606557 0.83606557
 0.83606557 0.82786885 0.82786885 0.81967213 0.81967213 0.81967213
 0.81967213 0.81147541 0.81147541 0.81147541 0.81147541 0.80327869
 0.80327869 0.80327869 0.80327869 0.80327869 0.80327869 0.80327869
 0.79508197 0.79508197 0.79508197 0.79508197 0.79508197 0.79508197
 0.78688525 0.78688525 0.78688525 0.78688525 0.78688525 0.78688525
 0.78688525 0.78688525 0.78688525 0.78688525 0.78688525 0.78688525
 0.78688525 0.78688525 0.77868852 0.77868852 0.77868852 0.77868852
 0.77868852 0.77868852 0.77868852 0.77868852 0.7704918  0.7704918
 0.7704918  0.7704918  0.7704918  0.7704918  0.7704918  0.7704918
 0.7704918  0.7704918  0.7704918  0.7704918  0.7704918  0.7704918
 0.7704918  0.7704918  0.7704918  0.7704918  0.7704918  0.7704918
 0.7704918  0.7704918  0.7704918  0.7704918  0.7704918  0.7704918
 0.76229508 0.75409836 0.75409836 0.75409836 0.75409836 0.75409836
 0.75409836 0.75409836 0.75409836 0.75409836 0.75409836 0.75409836
 0.75409836 0.75409836 0.74590164 0.74590164 0.74590164 0.74590164
 0.74590164 0.73770492 0.73770492 0.73770492 0.73770492 0.73770492
 0.73770492 0.73770492 0.73770492 0.73770492 0.73770492 0.73770492
 0.73770492 0.73770492 0.73770492 0.73770492 0.73770492 0.73770492
 0.7295082  0.7295082  0.7295082  0.7295082  0.7295082  0.7295082
 0.72131148 0.72131148 0.72131148 0.72131148 0.72131148 0.72131148
 0.71311475 0.71311475 0.70491803 0.70491803 0.70491803 0.70491803
 0.69672131 0.69672131 0.69672131 0.68852459 0.68852459 0.68032787
 0.68032787 0.68032787 0.68032787 0.68032787 0.68032787 0.68032787
 0.68032787 0.68032787 0.68032787 0.68032787 0.68032787 0.68032787
 0.68032787 0.68032787 0.67213115 0.67213115 0.66393443 0.66393443
 0.66393443 0.66393443 0.66393443 0.66393443 0.66393443 0.66393443
 0.66393443 0.66393443 0.66393443 0.66393443 0.66393443 0.6557377
 0.6557377  0.64754098 0.63934426 0.63934426 0.63934426 0.63934426
 0.63934426 0.63934426 0.63114754 0.63114754 0.63114754 0.62295082
 0.62295082 0.62295082 0.62295082 0.6147541  0.6147541  0.6147541
 0.6147541  0.6147541  0.6147541  0.6147541  0.6147541  0.6147541
 0.6147541  0.6147541  0.6147541  0.60655738 0.60655738 0.60655738
 0.60655738 0.60655738 0.59836066 0.59836066 0.59016393 0.59016393
 0.59016393 0.59016393 0.59016393 0.59016393 0.59016393 0.59016393
 0.59016393 0.59016393 0.58196721 0.58196721 0.58196721 0.58196721
 0.58196721 0.58196721 0.58196721 0.58196721 0.57377049 0.56557377
 0.55737705 0.55737705 0.54918033 0.54098361 0.54098361 0.54098361
 0.53278689 0.53278689 0.53278689 0.53278689 0.52459016 0.52459016
 0.52459016 0.51639344 0.51639344 0.51639344 0.51639344 0.51639344
 0.51639344 0.51639344 0.51639344 0.51639344 0.50819672 0.50819672
 0.50819672 0.50819672 0.50819672 0.50819672 0.50819672 0.50819672
 0.50819672 0.50819672 0.5        0.5        0.5        0.49180328
 0.49180328 0.49180328 0.49180328 0.49180328 0.49180328 0.49180328
 0.49180328 0.48360656 0.47540984 0.47540984 0.47540984 0.47540984
 0.47540984 0.46721311 0.46721311 0.46721311 0.46721311 0.46721311
 0.45901639 0.45901639 0.45901639 0.45081967 0.45081967 0.45081967
 0.45081967 0.45081967 0.44262295 0.44262295 0.44262295 0.44262295
 0.44262295 0.44262295 0.44262295 0.43442623 0.43442623 0.43442623
 0.43442623 0.43442623 0.42622951 0.42622951 0.42622951 0.42622951
 0.42622951 0.42622951 0.41803279 0.41803279 0.41803279 0.41803279
 0.41803279 0.41803279 0.41803279 0.41803279 0.40983607 0.40983607
 0.40983607 0.40163934 0.40163934 0.40163934 0.40163934 0.40163934
 0.39344262 0.39344262 0.39344262 0.3852459  0.3852459  0.3852459
 0.3852459  0.3852459  0.3852459  0.37704918 0.36885246 0.36885246
 0.36885246 0.36885246 0.36885246 0.36885246 0.36885246 0.36885246
 0.36885246 0.36885246 0.36885246 0.36065574 0.35245902 0.35245902
 0.35245902 0.35245902 0.35245902 0.35245902 0.35245902 0.35245902
 0.35245902 0.35245902 0.3442623  0.3442623  0.33606557 0.33606557
 0.33606557 0.33606557 0.33606557 0.33606557 0.32786885 0.31967213
 0.31967213 0.31147541 0.31147541 0.30327869 0.30327869 0.30327869
 0.30327869 0.30327869 0.30327869 0.30327869 0.30327869 0.29508197
 0.29508197 0.29508197 0.29508197 0.29508197 0.29508197 0.29508197
 0.29508197 0.29508197 0.29508197 0.29508197 0.29508197 0.29508197
 0.29508197 0.28688525 0.28688525 0.28688525 0.28688525 0.28688525
 0.27868852 0.27868852 0.27868852 0.27868852 0.27868852 0.2704918
 0.2704918  0.2704918  0.2704918  0.2704918  0.2704918  0.2704918
 0.26229508 0.26229508 0.26229508 0.26229508 0.26229508 0.25409836
 0.24590164 0.23770492 0.23770492 0.23770492 0.23770492 0.2295082
 0.2295082  0.2295082  0.2295082  0.22131148 0.21311475 0.21311475
 0.21311475 0.21311475 0.21311475 0.21311475 0.21311475 0.20491803
 0.20491803 0.20491803 0.20491803 0.20491803 0.20491803 0.20491803
 0.20491803 0.20491803 0.20491803 0.20491803 0.20491803 0.20491803
 0.20491803 0.20491803 0.20491803 0.20491803 0.20491803 0.20491803
 0.19672131 0.19672131 0.19672131 0.19672131 0.19672131 0.19672131
 0.19672131 0.19672131 0.18852459 0.18852459 0.18852459 0.18852459
 0.18852459 0.18852459 0.18852459 0.18852459 0.18852459 0.18032787
 0.18032787 0.18032787 0.18032787 0.18032787 0.18032787 0.18032787
 0.17213115 0.17213115 0.16393443 0.16393443 0.16393443 0.16393443
 0.16393443 0.16393443 0.16393443 0.16393443 0.16393443 0.1557377
 0.14754098 0.13934426 0.13114754 0.13114754 0.12295082 0.1147541
 0.1147541  0.10655738 0.10655738 0.10655738 0.09836066 0.09016393
 0.09016393 0.09016393 0.08196721 0.08196721 0.08196721 0.08196721
 0.07377049 0.07377049 0.06557377 0.05737705 0.05737705 0.05737705
 0.05737705 0.05737705 0.04918033 0.04098361 0.04098361 0.03278689
 0.02459016 0.02459016 0.02459016 0.02459016 0.02459016 0.01639344
 0.01639344 0.01639344 0.00819672 0.         0.        ]","[0.02701504 0.02946053 0.03230724 0.03365489 0.03384498 0.03618262
 0.03790852 0.0381555  0.03934049 0.04065039 0.04081785 0.0418048
 0.04257056 0.04358923 0.04464073 0.04483753 0.04488233 0.04572671
 0.04617699 0.04655094 0.04668623 0.04697197 0.04697584 0.04712
 0.04727865 0.04752886 0.04784353 0.04798298 0.0484628  0.04855535
 0.04915784 0.0492382  0.05002252 0.05071347 0.05088629 0.05089282
 0.05090137 0.05109383 0.05130565 0.05189282 0.05225033 0.05329015
 0.05421715 0.05498074 0.05558568 0.05571484 0.05587487 0.05596202
 0.05611297 0.0568843  0.05806778 0.05837584 0.05932097 0.05975024
 0.06057326 0.06093529 0.06106814 0.0613713  0.06142477 0.0614783
 0.0622335  0.06267941 0.06295615 0.06299556 0.06343966 0.06353084
 0.06376365 0.06377414 0.06378704 0.06403024 0.06519914 0.06594993
 0.06641267 0.0680109  0.06828225 0.06849724 0.06895768 0.06985081
 0.07021949 0.07105621 0.07132681 0.07150352 0.07153772 0.07154728
 0.07204282 0.07268432 0.07277408 0.07295154 0.07336041 0.07339708
 0.07401985 0.07425855 0.07433222 0.07477037 0.07545626 0.07566013
 0.07617127 0.07641092 0.07668007 0.07745301 0.07783947 0.07909208
 0.07931584 0.0800127  0.0803136  0.08035226 0.08076078 0.08097235
 0.08125292 0.08169731 0.08310527 0.08317099 0.08347943 0.08524479
 0.08559606 0.08640443 0.08718586 0.08742194 0.08820984 0.0883558
 0.08849074 0.08928789 0.08951877 0.09008062 0.09008593 0.09010141
 0.09030799 0.09096148 0.09107753 0.09112321 0.09243596 0.0925094
 0.09279327 0.0938488  0.09415442 0.09513813 0.09583349 0.09587602
 0.09690871 0.09690906 0.09710155 0.09819573 0.0989649  0.09938235
 0.0997932  0.10271598 0.10279457 0.10308873 0.10508054 0.10512386
 0.10542825 0.10626353 0.10631386 0.10887567 0.10920168 0.11011592
 0.110445   0.11241609 0.1127346  0.11287672 0.11335987 0.11368928
 0.11398242 0.11573456 0.11579201 0.11647686 0.1185699  0.11911243
 0.11952311 0.12182749 0.12909576 0.12971054 0.13111299 0.13211354
 0.13541156 0.13553262 0.13641814 0.13752067 0.13790642 0.13943432
 0.14001806 0.14003976 0.14148145 0.14252174 0.14252559 0.14345789
 0.14371011 0.15772508 0.15804817 0.1626706  0.16380675 0.16533264
 0.17152897 0.17739039 0.17984514 0.18059081 0.18231645 0.19234687
 0.19720676 0.20692385 0.21028045 0.2103642  0.21187384 0.21324057
 0.21994163 0.22143403 0.2220864  0.22283438 0.22568177 0.22570199
 0.22710699 0.22754692 0.22827886 0.2284527  0.23167836 0.23335108
 0.23395714 0.23466107 0.23750075 0.23922285 0.24138188 0.24449971
 0.24797052 0.24860206 0.24866968 0.24975732 0.25196997 0.25200303
 0.25474646 0.25510226 0.25539468 0.2575184  0.26234162 0.26372488
 0.26379837 0.26771045 0.2697493  0.2745224  0.27680646 0.27706571
 0.27708793 0.27719938 0.27909967 0.2889509  0.29043754 0.29258802
 0.29542646 0.29579697 0.29870995 0.2987628  0.29962379 0.31169764
 0.31283386 0.31343045 0.32142808 0.32432504 0.32485535 0.32678033
 0.33107861 0.33323371 0.33504338 0.33840054 0.33864023 0.33955982
 0.34262567 0.34572498 0.34636414 0.34792172 0.35353548 0.35385266
 0.35404877 0.35446817 0.3570412  0.3644096  0.37262151 0.37291623
 0.37324307 0.3734032  0.37353543 0.37429536 0.37484071 0.3750087
 0.37516299 0.3809001  0.38221155 0.38469372 0.38505138 0.38508627
 0.38560442 0.38615718 0.3879351  0.38819724 0.38930434 0.3917422
 0.39212058 0.39259604 0.39365172 0.39416463 0.39535461 0.39555318
 0.3956003  0.39733506 0.39769779 0.39956338 0.40037019 0.40083861
 0.40107315 0.40152884 0.40181396 0.40301185 0.40484451 0.40561539
 0.40621198 0.40989069 0.40990433 0.41129388 0.41157369 0.41199459
 0.41243383 0.41302786 0.41604835 0.41633796 0.41736637 0.4182724
 0.4188439  0.41890434 0.41927992 0.42039996 0.42119281 0.42169591
 0.42266352 0.42275833 0.42359863 0.4238601  0.42552564 0.42593262
 0.42611785 0.42753853 0.42769889 0.42837947 0.42895971 0.42970571
 0.43016924 0.43134244 0.43175422 0.43208121 0.43215209 0.43290178
 0.43310297 0.43339174 0.43339544 0.43343194 0.43360396 0.43406445
 0.43416007 0.4354642  0.43602418 0.43607718 0.43650424 0.43722577
 0.43738558 0.43769943 0.43814579 0.43919179 0.43935691 0.43998274
 0.44012258 0.44057671 0.44155892 0.44162531 0.44229283 0.44338823
 0.44397489 0.44477391 0.44509099 0.4451829  0.44530623 0.44568297
 0.44570278 0.44640283 0.44663782 0.44682358 0.44687761 0.44723509
 0.4472765  0.44803784 0.44852831 0.44879111 0.4490429  0.44928573
 0.44943267 0.44954585 0.44957681 0.44964912 0.4502411  0.45025548
 0.45049047 0.45052641 0.45133125 0.4517033  0.45190339 0.45211766
 0.45228433 0.45246727 0.45275868 0.4532999  0.45336661 0.45380399
 0.45391277 0.45427093 0.45429611 0.45429712 0.45434169 0.45501088
 0.45506106 0.45517249 0.45566883 0.45664998 0.45668756 0.45699717
 0.45710808 0.45793169 0.45900586 0.45917392 0.45957076 0.45960194
 0.45973166 0.45974817 0.4601181  0.460319   0.46061839 0.46113745
 0.46123618 0.46157425 0.46167709 0.46186786 0.4619143  0.46218957
 0.46250864 0.46263522 0.46268573 0.46269865 0.46295662 0.46296091
 0.46297253 0.46318666 0.46496638 0.46555697 0.46566522 0.4658118
 0.46616038 0.46661074 0.46669802 0.46686011 0.46720171 0.46730972
 0.46755003 0.46783135 0.46784838 0.46809126 0.46820742 0.46842062
 0.46857159 0.46904273 0.46957915 0.46959921 0.46998146 0.47015096
 0.47046423 0.47077976 0.47142915 0.47144569 0.47166728 0.47260076
 0.47282682 0.47288744 0.47312721 0.47313496 0.47323382 0.47336016
 0.4734254  0.47355742 0.47358835 0.47381132 0.47410258 0.47511197
 0.47511417 0.47536494 0.47550591 0.47589072 0.47635916 0.47653099
 0.47691419 0.47729231 0.47748499 0.47779187 0.47790556 0.47802622
 0.47805876 0.47896601 0.47948532 0.4796893  0.47983274 0.48002119
 0.48014519 0.48024382 0.48095374 0.48108962 0.48243471 0.48298156
 0.48320242 0.48346351 0.48360214 0.48395472 0.48426365 0.48508261
 0.48509101 0.48510093 0.4854326  0.48553482 0.48643995 0.48664603
 0.48722614 0.48732959 0.48756325 0.48766667 0.48796179 0.48837951
 0.48841005 0.48856889 0.48864482 0.48867393 0.48903286 0.48947954
 0.48966937 0.4898413  0.48992136 0.490084   0.49014183 0.49020699
 0.4908524  0.49092215 0.4911949  0.49136063 0.49217028 0.49267502
 0.49267533 0.49272352 0.49300879 0.49320384 0.49330254 0.49338429
 0.49343909 0.49379857 0.49408922 0.49485819 0.49535176 0.49544884
 0.49565571 0.49575452 0.49692845 0.49708151 0.49730081 0.49731403
 0.4979503  0.49826736 0.49841252 0.49855455 0.49857772 0.49886867
 0.49902779 0.49929119 0.49981774 0.49995682 0.50015311 0.50037888
 0.50082619 0.50086693 0.50089976 0.5009803  0.50107144 0.50113527
 0.50138865 0.50138875 0.50179845 0.50218777 0.50251221 0.50263193
 0.50270046 0.50325587 0.5033075  0.50518673 0.50520544 0.5052571
 0.50532316 0.50589174 0.50596497 0.5061378  0.50623987 0.50628092
 0.5063156  0.50659895 0.50682769 0.50705154 0.5070562  0.50736608
 0.50823649 0.50880353 0.50944681 0.50952725 0.5096494  0.51003825
 0.51020059 0.51024125 0.51025587 0.51057469 0.51067559 0.51088426
 0.51090013 0.51093713 0.51166082 0.51173731 0.51187849 0.51205416
 0.5123536  0.51303328 0.51421702 0.51493984 0.51510671 0.51546251
 0.51606352 0.51658183 0.51679978 0.5170264  0.51728136 0.51734036
 0.51752465 0.51784089 0.51793689 0.51810185 0.51815329 0.51825963
 0.51843227 0.51859879 0.52038767 0.52058826 0.52061749 0.52066009
 0.52070527 0.52087175 0.52087228 0.52114861 0.52144999 0.52247766
 0.5224833  0.52256635 0.52258035 0.52302274 0.52403936 0.5246749
 0.52495935 0.52504601 0.52527967 0.52582946 0.52593628 0.52611362
 0.52654185 0.52765159 0.5280317  0.52868279 0.52896477 0.5290491
 0.53008633 0.53026901 0.53034945 0.53071811 0.53189815 0.5326439
 0.53276964 0.53283039 0.53323382 0.53341935 0.53352194 0.53379265
 0.53407489 0.53453849 0.5349586  0.53602803 0.53612417 0.53622607
 0.53627272 0.53657643 0.53803588 0.53917866 0.53935541 0.53977132
 0.5399538  0.54072614 0.5417038  0.54172392 0.54250053 0.54288192
 0.54326491 0.54366697 0.54413611 0.54416858 0.54438844 0.54439543
 0.54440995 0.54463351 0.54481615 0.54505229 0.54514336 0.54553942
 0.54610858 0.54653209 0.54744299 0.54760832 0.54801704 0.54805378
 0.5482745  0.54880446 0.55056668 0.55077512 0.55101317 0.55142179
 0.55185881 0.55195925 0.55225176 0.55276791 0.55311394 0.55385479
 0.55387363 0.55408852 0.55420948 0.5544022  0.55453021 0.55473475
 0.55504999 0.55523943 0.55535962 0.55588553 0.5559965  0.5560318
 0.55605309 0.55621694 0.55647466 0.55690824 0.55710015 0.55748556
 0.5575397  0.55836832 0.55938042 0.55955241 0.55980451 0.56058042
 0.56103254 0.56135528 0.56159545 0.56177408 0.56190221 0.56216109
 0.56224603 0.56266788 0.5634046  0.56360807 0.56362687 0.56404253
 0.56408626 0.56427648 0.56450238 0.5649816  0.56588018 0.56601636
 0.56641161 0.56653212 0.56664074 0.56784517 0.56862611 0.56938433
 0.56954012 0.57004359 0.57035132 0.57040896 0.57042146 0.57088773
 0.57104459 0.57106626 0.57121784 0.5714406  0.57180046 0.57189575
 0.57300487 0.57309292 0.57375666 0.57388152 0.57433432 0.57447618
 0.57450154 0.57587987 0.57619296 0.57624425 0.57672405 0.57677465
 0.57715006 0.57810385 0.57817081 0.57828404 0.57876643 0.57998028
 0.57999043 0.58003766 0.58060627 0.58108368 0.58193494 0.58237294
 0.58301887 0.58373536 0.58394553 0.58432113 0.58453419 0.5846818
 0.58511563 0.58598095 0.58609332 0.58622997 0.5863391  0.5864852
 0.58680605 0.58690314 0.58779319 0.58907386 0.58965502 0.58983745
 0.58986588 0.59006718 0.59019059 0.59026761 0.59039667 0.59129009
 0.5926034  0.59270593 0.59273184 0.59276561 0.59297622 0.59314194
 0.59318785 0.59440106 0.59447897 0.59489329 0.59532903 0.59535097
 0.59568612 0.59617004 0.59617764 0.59622247 0.59636321 0.59644866
 0.59657338 0.59678736 0.59717173 0.59800318 0.59857337 0.59908677
 0.59919219 0.59981076 0.60038227 0.60143627 0.60163528 0.60225932
 0.60233311 0.6031144  0.60379605 0.60402988 0.60437418 0.60625107
 0.60641413 0.60697063 0.60701795 0.6077856  0.60795545 0.60851085
 0.60853644 0.6086326  0.60885777 0.60903868 0.60924249 0.60939466
 0.6106125  0.61063066 0.61070983 0.610915   0.61128236 0.61129454
 0.61225008 0.61278313 0.61390009 0.61398425 0.61415386 0.61563048
 0.61611081 0.61652797 0.61699102 0.61711891 0.61741275 0.61782697
 0.61928338 0.61942916 0.62109606 0.62163862 0.62193945 0.62195858
 0.62197327 0.62240216 0.62283094 0.62387563 0.624112   0.62462651
 0.62473843 0.62486235 0.62624233 0.62656185 0.62765212 0.62789327
 0.62964515 0.62984313 0.63088172 0.63375411 0.63403826 0.63421982
 0.63441816 0.63589863 0.63658923 0.63743278 0.63803324 0.6393786
 0.63946358 0.64020829 0.64200696 0.64240283 0.6426366  0.64340779
 0.64788981 0.64797525 0.65018343 0.65141063 0.65205014 0.65386064
 0.65730285 0.65926387 0.65930654 0.65963163 0.66681439 0.66920794
 0.67098631 0.67290363 0.67342647 0.67823534 0.682767   0.68372289
 0.68752037 0.68915047 0.69802003 0.69851725]"
Hyperledger,is_change_text_num_words_15,XGboost,"len_sum_desc                              5.806460e-02
avg_word_len                              4.860905e-02
len_description                           4.628186e-02
2                                         4.376167e-02
num_sentences                             4.150690e-02
num_words                                 4.138492e-02
8                                         4.104740e-02
14                                        4.043014e-02
5                                         4.021567e-02
13                                        4.019206e-02
7                                         3.952220e-02
ratio_unusable_issues_text_by_previous    3.902376e-02
6                                         3.879815e-02
12                                        3.850945e-02
10                                        3.827460e-02
0                                         3.804356e-02
3                                         3.646290e-02
11                                        3.536142e-02
1                                         3.519841e-02
avg_num_word_in_sentence                  3.503284e-02
4                                         3.465984e-02
9                                         3.374422e-02
num_issues_cretor_prev                    3.315019e-02
num_stopwords                             3.159289e-02
original_story_points_sprint              2.410415e-02
time_until_add_sprint                     1.425407e-02
dominant_topic_1                          4.443661e-03
block_by                                  1.748829e-03
num_changes_text_before_sprint            1.595974e-03
has_url                                   1.551545e-03
num_question_marks                        1.007440e-03
num_headlines                             9.522633e-04
relates                                   7.339657e-04
has_acceptance_criteria                   2.980208e-04
has_please                                2.005679e-04
num_changes_story_point_before_sprint     1.113088e-04
block                                     7.202344e-05
duplicate                                 5.727214e-05
duplicate_by                              2.043931e-07
has_tbd                                   1.082477e-08
has_template                              2.575829e-09
if_description_empty_tbd                  0.000000e+00
if_acceptance_empty_tbd                   0.000000e+00
len_acceptance                            0.000000e+00
num_comments_before_sprint                0.000000e+00
priority                                  0.000000e+00
noun_count                                0.000000e+00
has_code                                  0.000000e+00
adj_count                                 0.000000e+00
adv_count                                 0.000000e+00
pron_count                                0.000000e+00
verb_count                                0.000000e+00
dtype: float64",0.8703319502074689,"[[480.28266033   1.71733967]
 [482.           0.        ]]","              precision    recall  f1-score   support

           0       0.50      1.00      0.67 481.99999999999216
           1       0.00      0.00      0.00 482.00000000000114

    accuracy                           0.50 963.9999999999933
   macro avg       0.25      0.50      0.33 963.9999999999933
weighted avg       0.25      0.50      0.33 963.9999999999933
",0.6525382709837659,0.6589154096978098,0.700770998014096,"[0 0 0 0 0 0 0 0 0 0 0 0 0 0 0 0 0 0 0 0 0 0 0 0 0 0 0 0 0 0 0 0 0 0 0 0 0
 0 0 0 0 0 0 0 0 0 0 0 0 0 0 0 0 0 0 0 0 0 0 0 0 0 0 0 0 0 0 0 0 0 0 0 0 0
 0 0 0 0 0 0 0 0 0 0 0 0 0 0 0 0 0 0 0 0 0 0 0 0 0 0 0 0 0 0 1 0 0 0 0 0 0
 0 0 0 0 0 0 0 0 0 0 0 0 0 0 0 0 0 0 0 0 0 0 0 0 0 0 0 0 0 0 0 0 0 0 0 0 0
 0 0 0 0 0 0 0 0 0 0 0 0 0 0 0 0 0 0 0 0 0 0 0 0 0 0 0 0 0 0 0 0 0 0 0 0 0
 0 0 0 0 0 0 0 0 0 0 0 0 0 0 0 0 0 0 0 0 0 0 0 0 0 0 0 0 0 0 0 0 0 0 0 0 0
 0 0 0 0 0 1 0 0 0 0 0 0 0 0 0 0 0 0 0 0 0 0 0 0 0 0 0 0 0 0 0 0 0 0 0 0 0
 0 0 0 0 0 0 0 0 0 0 0 0 0 0 0 0 0 0 0 0 0 0 0 0 0 0 0 0 0 0 0 0 0 0 0 0 0
 0 0 0 0 0 0 0 0 0 0 0 0 0 0 0 0 0 0 0 0 0 0 0 0 0 0 0 0 0 0 0 0 0 0 0 0 0
 0 0 0 0 0 0 0 0 0 0 0 0 0 0 0 0 0 0 0 0 0 0 0 0 0 0 0 0 0 0 0 0 0 0 0 0 0
 0 0 0 0 0 0 0 0 0 0 0 0 0 0 0 0 0 0 0 0 0 0 0 0 0 0 0 0 0 0 0 0 0 0 0 0 0
 0 0 0 0 0 0 0 0 0 0 0 0 0 0 0 0 0 0 0 0 0 0 0 0 0 0 0 0 0 0 0 0 0 0 0 0 0
 0 0 0 0 0 0 0 0 0 0 0 0 0 0 0 0 0 0 0 0 0 0 0 0 0 0 0 0 0 0 0 0 0 0 0 0 0
 0 0 0 0 0 0 0 0 0 0 0 0 0 0 0 0 0 0 0 0 0 0 0 0 0 0 0 0 0 1 0 0 0 0 0 0 0
 0 0 0 0 0 0 0 0 0 0 0 0 0 0 0 0 0 0 0 0 0 0 0 0 0 0 0 0 0 0 0 0 0 0 0 0 0
 0 0 0 0 0 0 0 0 0 0 0 0 0 0 0 0 0 0 0 0 0 0 0 0 0 0 0 0 0 0 0 0 0 0 0 0 0
 0 0 0 0 0 0 0 0 0 0 0 0 0 0 0 0 0 0 0 0 0 0 0 0 0 0 0 0 0 0 0 0 0 0 0 0 0
 0 0 0 0 0 0 0 0 0 0 0 0 0 0 0 0 0 0 0 0 0 0 0 0 0 0 0 0 0 0 0 0 0 0 0 0 0
 0 0 0 0 0 0 0 0 0 0 0 0 0 0 0 0 0 0 0 0 0 0 0 0 0 0 0 0 0 0 0 0 0 0 0 0 0
 0 0 0 0 0 0 0 0 0 0 0 0 0 0 0 0 0 0 0 0 0 0 0 0 0 0 0 0 0 0 0 0 0 0 0 0 0
 0 0 0 0 0 0 0 0 0 0 0 0 0 0 0 0 0 0 0 0 0 0 0 0 0 0 0 0 0 0 0 0 0 0 0 0 0
 0 0 0 0 0 0 0 0 0 0 0 0 0 0 0 0 0 0 0 0 0 0 0 0 0 0 0 0 0 0 0 0 0 0 0 0 0
 0 0 0 0 0 0 0 0 0 0 0 0 0 0 0 0 0 0 0 0 0 0 0 0 0 0 0 0 0 0 0 0 0 0 0 0 0
 0 0 0 0 0 0 0 0 0 0 0 0 0 0 0 0 0 0 0 0 0 0 0 0 0 0 0 0 0 0 0 0 0 0 0 0 0
 0 0 0 0 0 0 0 0 0 0 0 0 0 0 0 0 0 0 0 0 0 0 0 0 0 0 0 0 0 0 0 0 0 0 0 0 0
 0 0 0 0 0 0 0 0 0 0 0 0 0 0 0 0 0 0 0 0 0 0 0 0 0 0 0 0 0 0 0 0 0 0 0 0 0
 0 0]","[0.5        0.50029709 0.50059453 0.50089233 0.50119048 0.50148898
 0.50178784 0.50208706 0.50238663 0.50268657 0.50298686 0.50328751
 0.50358852 0.50388989 0.50419162 0.50449371 0.50479616 0.50509898
 0.50540216 0.50570571 0.50600962 0.50631389 0.50661853 0.50692354
 0.50722892 0.50753466 0.50784077 0.50814725 0.50845411 0.50876133
 0.50906892 0.50937689 0.50968523 0.50999394 0.51030303 0.51061249
 0.51092233 0.51123254 0.51154313 0.5118541  0.51216545 0.51247718
 0.51278928 0.51310177 0.51341463 0.51372788 0.51404151 0.51435553
 0.51466993 0.51498471 0.51529988 0.51561543 0.51593137 0.5162477
 0.51656442 0.51688152 0.51719902 0.5175169  0.51783518 0.51815385
 0.51847291 0.51879236 0.51911221 0.51943245 0.51975309 0.52007412
 0.52039555 0.52071738 0.5210396  0.52136223 0.52168525 0.52200868
 0.52233251 0.52265673 0.52298137 0.5233064  0.52363184 0.52395769
 0.52428394 0.52461059 0.52493766 0.52526513 0.52559301 0.5259213
 0.52625    0.52657911 0.52690864 0.52723857 0.52756892 0.52789969
 0.52823087 0.52856246 0.52889447 0.5292269  0.52955975 0.52989301
 0.5302267  0.53056081 0.53089533 0.53123028 0.53156566 0.53190145
 0.53223767 0.53257432 0.53291139 0.53324889 0.53358682 0.53392517
 0.53426396 0.53460317 0.53494282 0.5352829  0.53562341 0.53596435
 0.53630573 0.53664755 0.5369898  0.53733248 0.53767561 0.53801917
 0.53836317 0.53870761 0.5390525  0.53939782 0.53974359 0.5400898
 0.54043646 0.54078356 0.54113111 0.5414791  0.54182754 0.54217643
 0.54252577 0.54287556 0.54322581 0.5435765  0.54392765 0.54427925
 0.54463131 0.54498382 0.54533679 0.54569021 0.5460441  0.54639844
 0.54675325 0.54710851 0.54746424 0.54782043 0.54817708 0.5485342
 0.54889179 0.54924984 0.54960836 0.54996734 0.5503268  0.55068672
 0.55104712 0.55140799 0.55176933 0.55213115 0.55249344 0.5528562
 0.55321945 0.55358317 0.55394737 0.55431205 0.55467721 0.55504285
 0.55540897 0.55577558 0.55614267 0.55651024 0.55687831 0.55724686
 0.55761589 0.55798542 0.55835544 0.55872595 0.55909695 0.55946844
 0.55984043 0.56021291 0.56058589 0.56095936 0.56133333 0.56170781
 0.56208278 0.56245825 0.56283422 0.5632107  0.56358768 0.56396517
 0.56434316 0.56472166 0.56510067 0.56548019 0.56586022 0.56624075
 0.5666218  0.56700337 0.56738544 0.56776804 0.5657471  0.56613063
 0.56651468 0.56689925 0.56728435 0.56766997 0.56805611 0.56844278
 0.56882998 0.5692177  0.56960596 0.56999474 0.56795953 0.56590496
 0.56629516 0.5666859  0.56707717 0.56746899 0.56786135 0.56825426
 0.56618267 0.56657657 0.56697101 0.567366   0.56776155 0.56815764
 0.56855429 0.5689515  0.56934926 0.56974757 0.57014644 0.57054588
 0.57094587 0.57134642 0.57174754 0.57214922 0.57255146 0.57295427
 0.57335765 0.57376159 0.57416611 0.57457119 0.57497685 0.57538308
 0.57578989 0.57619727 0.57660523 0.57701376 0.57742288 0.57783258
 0.57824285 0.57865371 0.57906516 0.57947719 0.57988981 0.58030301
 0.58071681 0.58113119 0.58154617 0.58196174 0.5823779  0.58279466
 0.58321202 0.58362998 0.58404853 0.58197951 0.58239926 0.58281962
 0.58324058 0.58366215 0.58408433 0.58450713 0.58242099 0.582845
 0.58326964 0.58369489 0.58412076 0.58454725 0.58497437 0.58540211
 0.58583047 0.58625947 0.58668909 0.58711935 0.58501897 0.58289712
 0.58332928 0.58376209 0.58419554 0.58462963 0.58506437 0.58292387
 0.5833599  0.58119785 0.58163517 0.58207315 0.5825118  0.58032909
 0.58076904 0.58120966 0.58165094 0.5820929  0.58253553 0.58297883
 0.58342281 0.58122168 0.57899717 0.57944315 0.57719552 0.57764283
 0.57809083 0.57853953 0.57898892 0.57943901 0.57988981 0.5803413
 0.57807407 0.57852694 0.57898052 0.5794348  0.57988981 0.58034553
 0.58080196 0.58125911 0.58171699 0.58217558 0.5826349  0.58309495
 0.58355572 0.58401722 0.58447945 0.58494241 0.58540611 0.58312535
 0.58359052 0.58405643 0.58452309 0.5849905  0.58545865 0.58592755
 0.5863972  0.58686761 0.58733877 0.58781069 0.58828337 0.58875681
 0.58923101 0.58970598 0.59018171 0.59065821 0.59113548 0.59161353
 0.59209234 0.59257194 0.59028149 0.59076269 0.58844717 0.58892999
 0.5894136  0.58989801 0.59038322 0.59086922 0.59135602 0.59184363
 0.5895076  0.58999687 0.59048695 0.59097785 0.59146957 0.5919621
 0.59245546 0.59294964 0.59344464 0.59394047 0.59443713 0.59493462
 0.59543295 0.59308059 0.59358067 0.5940816  0.59458337 0.59508599
 0.59558946 0.59609378 0.59659896 0.597105   0.59761189 0.59811965
 0.59862827 0.59913775 0.5996481  0.60015933 0.60067142 0.60118439
 0.60169824 0.60221297 0.60272857 0.60324507 0.60376244 0.60428071
 0.60479986 0.60244258 0.6029637  0.60348572 0.60400864 0.60453247
 0.6050572  0.60558285 0.60610942 0.6066369  0.6071653  0.60769462
 0.60822486 0.60875603 0.60928813 0.60982116 0.61035512 0.61089002
 0.61142586 0.61196264 0.60959717 0.61013608 0.61067595 0.61121677
 0.61175855 0.60936883 0.60991278 0.61045771 0.61100361 0.61155048
 0.61209834 0.61264718 0.613197   0.61374781 0.61429961 0.61485241
 0.6154062  0.61300052 0.6135566  0.61411369 0.61467179 0.61523091
 0.61579104 0.6163522  0.61691438 0.61747759 0.61505211 0.6156177
 0.61618433 0.616752   0.61429961 0.6148697  0.61544084 0.61601305
 0.61658632 0.61716066 0.61773607 0.61831255 0.61889011 0.61946876
 0.62004848 0.61757848 0.61816074 0.6187441  0.61932856 0.61683059
 0.61741762 0.61800578 0.61859505 0.61918546 0.61977698 0.62036964
 0.62096344 0.62155837 0.62215445 0.62275166 0.62335003 0.62394955
 0.62455022 0.62515205 0.62575504 0.62635919 0.62696451 0.627571
 0.62817867 0.62567717 0.62314177 0.62375393 0.62436728 0.62498185
 0.62559762 0.62621461 0.62683282 0.62427284 0.62489398 0.62230033
 0.62292441 0.62354974 0.62417633 0.62480418 0.6254333  0.62606368
 0.62669534 0.62732827 0.62796248 0.62859797 0.62923475 0.62987283
 0.6305122  0.63115287 0.62854794 0.62919179 0.62983695 0.63048343
 0.63113125 0.6317804  0.63243088 0.63308271 0.63045402 0.63110914
 0.62844446 0.6291029  0.62976272 0.62706316 0.62772634 0.62839093
 0.62905692 0.62972432 0.63039315 0.63106339 0.63173506 0.63240817
 0.63308271 0.63375869 0.63443611 0.63511499 0.63579531 0.6364771
 0.63716035 0.63784508 0.63853127 0.63921894 0.63990809 0.64059874
 0.64129087 0.6419845  0.64267964 0.64337628 0.64407443 0.6413887
 0.63866214 0.63936649 0.6400724  0.64077987 0.63801855 0.63872996
 0.63592823 0.63308271 0.63380046 0.63451984 0.63163422 0.63235764
 0.63308271 0.63015593 0.63088509 0.63161593 0.63234847 0.62938189
 0.63011859 0.63085701 0.63159717 0.63233907 0.63308271 0.6338281
 0.63082821 0.63157792 0.63232942 0.63308271 0.63383779 0.63079865
 0.63155817 0.63231952 0.63308271 0.63384774 0.63461462 0.63538336
 0.63615397 0.63692645 0.6377008  0.63847704 0.63925517 0.63619512
 0.63697801 0.63386844 0.63465613 0.63544577 0.63623739 0.63703098
 0.63782655 0.63862411 0.63942367 0.64022523 0.64102881 0.63789203
 0.63870069 0.63951141 0.64032419 0.64113904 0.64195597 0.64277498
 0.64359608 0.64441928 0.64524459 0.64607202 0.64291168 0.64374456
 0.64457959 0.6454168  0.64625618 0.64709775 0.64794152 0.64878748
 0.64963566 0.64644564 0.64729958 0.64405446 0.64491422 0.64161237
 0.64247799 0.64334596 0.64421627 0.64508894 0.64596398 0.64684139
 0.64772119 0.64860339 0.64948799 0.65037501 0.65126446 0.65215634
 0.64883731 0.64973559 0.64635655 0.64291168 0.63939904 0.64031167
 0.64122692 0.64214478 0.64306528 0.63949873 0.64042594 0.64135584
 0.64228844 0.64322376 0.64416181 0.64510259 0.64604613 0.64699244
 0.64794152 0.64889338 0.64529707 0.64625618 0.64721816 0.648183
 0.64915072 0.65012133 0.65109485 0.64745132 0.64843245 0.64941657
 0.65040367 0.65139378 0.64769231 0.64869029 0.64969136 0.64592017
 0.64692926 0.64308091 0.64409812 0.64511856 0.64614224 0.64716917
 0.64819937 0.64923286 0.65026965 0.65130975 0.65235319 0.65339997
 0.65445012 0.65550366 0.65163322 0.65269573 0.65376171 0.65483118
 0.65088966 0.65196838 0.65305067 0.64902959 0.65012133 0.65121675
 0.65231587 0.6534187  0.65452526 0.65043962 0.65155608 0.65267638
 0.64850525 0.64963566 0.65077002 0.65190835 0.65305067 0.654197
 0.65534736 0.65650178 0.65766026 0.65882285 0.65998955 0.65578251
 0.65696031 0.65814235 0.65932864 0.66051923 0.66171412 0.66291334
 0.66411691 0.66532487 0.66653722 0.667754   0.66897524 0.67020094
 0.67143115 0.67266588 0.67390516 0.67514902 0.67639748 0.67765056
 0.67890829 0.67474187 0.67601285 0.67728862 0.67856921 0.67985466
 0.67561359 0.67691289 0.6782172  0.67952654 0.68084094 0.67652258
 0.67785148 0.67342409 0.67476776 0.67022653 0.67158524 0.67294948
 0.66829911 0.66967882 0.67106423 0.66629967 0.66770101 0.66910825
 0.67052143 0.6719406  0.66707746 0.66206798 0.66351458 0.66496751
 0.66642682 0.66789255 0.66277367 0.66425715 0.66574728 0.66724411
 0.66199925 0.66351458 0.66503686 0.66656614 0.66810247 0.66273757
 0.66429341 0.65876462 0.66034037 0.66192367 0.66351458 0.66511316
 0.66671946 0.66833353 0.66995544 0.67158524 0.673223   0.67486875
 0.67652258 0.67818453 0.67985466 0.68153304 0.68321973 0.68491479
 0.68661828 0.68833027 0.69005081 0.68460993 0.67897462 0.68073699
 0.67491334 0.67670185 0.67067882 0.67249412 0.66625972 0.66810247
 0.66995544 0.66351458 0.66539606 0.66728824 0.66919121 0.67110507
 0.6730299  0.67496581 0.67691289 0.67887124 0.68084094 0.68282212
 0.67632168 0.67833602 0.67158524 0.67363368 0.66661559 0.66869908
 0.66139506 0.66351458 0.66564773 0.66779464 0.66995544 0.67213028
 0.66461622 0.66683052 0.66905962 0.67130368 0.67356284 0.67583725
 0.67812708 0.68043248 0.68275361 0.68509062 0.68744369 0.68981298
 0.69219866 0.6946009  0.68710655 0.68955835 0.69202771 0.6842232
 0.6867448  0.67856921 0.68114499 0.6837404  0.67519887 0.67785148
 0.6688733  0.67158524 0.67431927 0.67707566 0.67985466 0.68265658
 0.68548168 0.68833027 0.69120263 0.69409906 0.69701987 0.69996536
 0.70293586 0.70593167 0.70895313 0.71200056 0.71507431 0.71817471
 0.72130211 0.72445687 0.72763935 0.73084991 0.73408893 0.72569887
 0.72903177 0.72016173 0.72359375 0.72705864 0.73055687 0.72130211
 0.72490981 0.72855377 0.73223455 0.73595272 0.73970884 0.74350349
 0.73408893 0.72395692 0.72797597 0.7320399  0.73614946 0.7255146
 0.71398643 0.71835792 0.72278328 0.72726349 0.73179959 0.73639263
 0.74104369 0.74575388 0.75052433 0.7553562  0.76025069 0.76520902
 0.77023246 0.75932815 0.7645857  0.76991656 0.77532228 0.78080445
 0.7863647  0.7920047  0.7977262  0.78711205 0.79314243 0.79926592
 0.80548469 0.811801   0.80103289 0.78895776 0.79595695 0.80308144
 0.79011573 0.77532228 0.78332206 0.79148863 0.79982729 0.78413112
 0.76576395 0.77532228 0.75414241 0.72855377 0.73970884 0.75121081
 0.76307613 0.73408893 0.74733728 0.76107261 0.72636301 0.74198097
 0.69701987 0.63308271 0.65305067 0.67431927 0.69701987 0.60531991
 0.63308271 0.66351458 0.49646226 0.53494282 0.         0.
 0.         0.         0.         0.         1.        ]","[1.         1.         1.         1.         1.         1.
 1.         1.         1.         1.         1.         1.
 1.         1.         1.         1.         1.         1.
 1.         1.         1.         1.         1.         1.
 1.         1.         1.         1.         1.         1.
 1.         1.         1.         1.         1.         1.
 1.         1.         1.         1.         1.         1.
 1.         1.         1.         1.         1.         1.
 1.         1.         1.         1.         1.         1.
 1.         1.         1.         1.         1.         1.
 1.         1.         1.         1.         1.         1.
 1.         1.         1.         1.         1.         1.
 1.         1.         1.         1.         1.         1.
 1.         1.         1.         1.         1.         1.
 1.         1.         1.         1.         1.         1.
 1.         1.         1.         1.         1.         1.
 1.         1.         1.         1.         1.         1.
 1.         1.         1.         1.         1.         1.
 1.         1.         1.         1.         1.         1.
 1.         1.         1.         1.         1.         1.
 1.         1.         1.         1.         1.         1.
 1.         1.         1.         1.         1.         1.
 1.         1.         1.         1.         1.         1.
 1.         1.         1.         1.         1.         1.
 1.         1.         1.         1.         1.         1.
 1.         1.         1.         1.         1.         1.
 1.         1.         1.         1.         1.         1.
 1.         1.         1.         1.         1.         1.
 1.         1.         1.         1.         1.         1.
 1.         1.         1.         1.         1.         1.
 1.         1.         1.         1.         1.         1.
 1.         1.         1.         1.         1.         1.
 1.         1.         1.         1.         1.         1.
 1.         1.         1.         1.         0.99180328 0.99180328
 0.99180328 0.99180328 0.99180328 0.99180328 0.99180328 0.99180328
 0.99180328 0.99180328 0.99180328 0.99180328 0.98360656 0.97540984
 0.97540984 0.97540984 0.97540984 0.97540984 0.97540984 0.97540984
 0.96721311 0.96721311 0.96721311 0.96721311 0.96721311 0.96721311
 0.96721311 0.96721311 0.96721311 0.96721311 0.96721311 0.96721311
 0.96721311 0.96721311 0.96721311 0.96721311 0.96721311 0.96721311
 0.96721311 0.96721311 0.96721311 0.96721311 0.96721311 0.96721311
 0.96721311 0.96721311 0.96721311 0.96721311 0.96721311 0.96721311
 0.96721311 0.96721311 0.96721311 0.96721311 0.96721311 0.96721311
 0.96721311 0.96721311 0.96721311 0.96721311 0.96721311 0.96721311
 0.96721311 0.96721311 0.96721311 0.95901639 0.95901639 0.95901639
 0.95901639 0.95901639 0.95901639 0.95901639 0.95081967 0.95081967
 0.95081967 0.95081967 0.95081967 0.95081967 0.95081967 0.95081967
 0.95081967 0.95081967 0.95081967 0.95081967 0.94262295 0.93442623
 0.93442623 0.93442623 0.93442623 0.93442623 0.93442623 0.92622951
 0.92622951 0.91803279 0.91803279 0.91803279 0.91803279 0.90983607
 0.90983607 0.90983607 0.90983607 0.90983607 0.90983607 0.90983607
 0.90983607 0.90163934 0.89344262 0.89344262 0.8852459  0.8852459
 0.8852459  0.8852459  0.8852459  0.8852459  0.8852459  0.8852459
 0.87704918 0.87704918 0.87704918 0.87704918 0.87704918 0.87704918
 0.87704918 0.87704918 0.87704918 0.87704918 0.87704918 0.87704918
 0.87704918 0.87704918 0.87704918 0.87704918 0.87704918 0.86885246
 0.86885246 0.86885246 0.86885246 0.86885246 0.86885246 0.86885246
 0.86885246 0.86885246 0.86885246 0.86885246 0.86885246 0.86885246
 0.86885246 0.86885246 0.86885246 0.86885246 0.86885246 0.86885246
 0.86885246 0.86885246 0.86065574 0.86065574 0.85245902 0.85245902
 0.85245902 0.85245902 0.85245902 0.85245902 0.85245902 0.85245902
 0.8442623  0.8442623  0.8442623  0.8442623  0.8442623  0.8442623
 0.8442623  0.8442623  0.8442623  0.8442623  0.8442623  0.8442623
 0.8442623  0.83606557 0.83606557 0.83606557 0.83606557 0.83606557
 0.83606557 0.83606557 0.83606557 0.83606557 0.83606557 0.83606557
 0.83606557 0.83606557 0.83606557 0.83606557 0.83606557 0.83606557
 0.83606557 0.83606557 0.83606557 0.83606557 0.83606557 0.83606557
 0.83606557 0.82786885 0.82786885 0.82786885 0.82786885 0.82786885
 0.82786885 0.82786885 0.82786885 0.82786885 0.82786885 0.82786885
 0.82786885 0.82786885 0.82786885 0.82786885 0.82786885 0.82786885
 0.82786885 0.82786885 0.81967213 0.81967213 0.81967213 0.81967213
 0.81967213 0.81147541 0.81147541 0.81147541 0.81147541 0.81147541
 0.81147541 0.81147541 0.81147541 0.81147541 0.81147541 0.81147541
 0.81147541 0.80327869 0.80327869 0.80327869 0.80327869 0.80327869
 0.80327869 0.80327869 0.80327869 0.80327869 0.79508197 0.79508197
 0.79508197 0.79508197 0.78688525 0.78688525 0.78688525 0.78688525
 0.78688525 0.78688525 0.78688525 0.78688525 0.78688525 0.78688525
 0.78688525 0.77868852 0.77868852 0.77868852 0.77868852 0.7704918
 0.7704918  0.7704918  0.7704918  0.7704918  0.7704918  0.7704918
 0.7704918  0.7704918  0.7704918  0.7704918  0.7704918  0.7704918
 0.7704918  0.7704918  0.7704918  0.7704918  0.7704918  0.7704918
 0.7704918  0.76229508 0.75409836 0.75409836 0.75409836 0.75409836
 0.75409836 0.75409836 0.75409836 0.74590164 0.74590164 0.73770492
 0.73770492 0.73770492 0.73770492 0.73770492 0.73770492 0.73770492
 0.73770492 0.73770492 0.73770492 0.73770492 0.73770492 0.73770492
 0.73770492 0.73770492 0.7295082  0.7295082  0.7295082  0.7295082
 0.7295082  0.7295082  0.7295082  0.7295082  0.72131148 0.72131148
 0.71311475 0.71311475 0.71311475 0.70491803 0.70491803 0.70491803
 0.70491803 0.70491803 0.70491803 0.70491803 0.70491803 0.70491803
 0.70491803 0.70491803 0.70491803 0.70491803 0.70491803 0.70491803
 0.70491803 0.70491803 0.70491803 0.70491803 0.70491803 0.70491803
 0.70491803 0.70491803 0.70491803 0.70491803 0.70491803 0.69672131
 0.68852459 0.68852459 0.68852459 0.68852459 0.68032787 0.68032787
 0.67213115 0.66393443 0.66393443 0.66393443 0.6557377  0.6557377
 0.6557377  0.64754098 0.64754098 0.64754098 0.64754098 0.63934426
 0.63934426 0.63934426 0.63934426 0.63934426 0.63934426 0.63934426
 0.63114754 0.63114754 0.63114754 0.63114754 0.63114754 0.62295082
 0.62295082 0.62295082 0.62295082 0.62295082 0.62295082 0.62295082
 0.62295082 0.62295082 0.62295082 0.62295082 0.62295082 0.6147541
 0.6147541  0.60655738 0.60655738 0.60655738 0.60655738 0.60655738
 0.60655738 0.60655738 0.60655738 0.60655738 0.60655738 0.59836066
 0.59836066 0.59836066 0.59836066 0.59836066 0.59836066 0.59836066
 0.59836066 0.59836066 0.59836066 0.59836066 0.59016393 0.59016393
 0.59016393 0.59016393 0.59016393 0.59016393 0.59016393 0.59016393
 0.59016393 0.58196721 0.58196721 0.57377049 0.57377049 0.56557377
 0.56557377 0.56557377 0.56557377 0.56557377 0.56557377 0.56557377
 0.56557377 0.56557377 0.56557377 0.56557377 0.56557377 0.56557377
 0.55737705 0.55737705 0.54918033 0.54098361 0.53278689 0.53278689
 0.53278689 0.53278689 0.53278689 0.52459016 0.52459016 0.52459016
 0.52459016 0.52459016 0.52459016 0.52459016 0.52459016 0.52459016
 0.52459016 0.52459016 0.51639344 0.51639344 0.51639344 0.51639344
 0.51639344 0.51639344 0.51639344 0.50819672 0.50819672 0.50819672
 0.50819672 0.50819672 0.5        0.5        0.5        0.49180328
 0.49180328 0.48360656 0.48360656 0.48360656 0.48360656 0.48360656
 0.48360656 0.48360656 0.48360656 0.48360656 0.48360656 0.48360656
 0.48360656 0.48360656 0.47540984 0.47540984 0.47540984 0.47540984
 0.46721311 0.46721311 0.46721311 0.45901639 0.45901639 0.45901639
 0.45901639 0.45901639 0.45901639 0.45081967 0.45081967 0.45081967
 0.44262295 0.44262295 0.44262295 0.44262295 0.44262295 0.44262295
 0.44262295 0.44262295 0.44262295 0.44262295 0.44262295 0.43442623
 0.43442623 0.43442623 0.43442623 0.43442623 0.43442623 0.43442623
 0.43442623 0.43442623 0.43442623 0.43442623 0.43442623 0.43442623
 0.43442623 0.43442623 0.43442623 0.43442623 0.43442623 0.43442623
 0.43442623 0.42622951 0.42622951 0.42622951 0.42622951 0.42622951
 0.41803279 0.41803279 0.41803279 0.41803279 0.41803279 0.40983607
 0.40983607 0.40163934 0.40163934 0.39344262 0.39344262 0.39344262
 0.3852459  0.3852459  0.3852459  0.37704918 0.37704918 0.37704918
 0.37704918 0.37704918 0.36885246 0.36065574 0.36065574 0.36065574
 0.36065574 0.36065574 0.35245902 0.35245902 0.35245902 0.35245902
 0.3442623  0.3442623  0.3442623  0.3442623  0.3442623  0.33606557
 0.33606557 0.32786885 0.32786885 0.32786885 0.32786885 0.32786885
 0.32786885 0.32786885 0.32786885 0.32786885 0.32786885 0.32786885
 0.32786885 0.32786885 0.32786885 0.32786885 0.32786885 0.32786885
 0.32786885 0.32786885 0.32786885 0.31967213 0.31147541 0.31147541
 0.30327869 0.30327869 0.29508197 0.29508197 0.28688525 0.28688525
 0.28688525 0.27868852 0.27868852 0.27868852 0.27868852 0.27868852
 0.27868852 0.27868852 0.27868852 0.27868852 0.27868852 0.27868852
 0.2704918  0.2704918  0.26229508 0.26229508 0.25409836 0.25409836
 0.24590164 0.24590164 0.24590164 0.24590164 0.24590164 0.24590164
 0.23770492 0.23770492 0.23770492 0.23770492 0.23770492 0.23770492
 0.23770492 0.23770492 0.23770492 0.23770492 0.23770492 0.23770492
 0.23770492 0.23770492 0.2295082  0.2295082  0.2295082  0.22131148
 0.22131148 0.21311475 0.21311475 0.21311475 0.20491803 0.20491803
 0.19672131 0.19672131 0.19672131 0.19672131 0.19672131 0.19672131
 0.19672131 0.19672131 0.19672131 0.19672131 0.19672131 0.19672131
 0.19672131 0.19672131 0.19672131 0.19672131 0.19672131 0.19672131
 0.19672131 0.19672131 0.19672131 0.19672131 0.19672131 0.18852459
 0.18852459 0.18032787 0.18032787 0.18032787 0.18032787 0.17213115
 0.17213115 0.17213115 0.17213115 0.17213115 0.17213115 0.17213115
 0.16393443 0.1557377  0.1557377  0.1557377  0.1557377  0.14754098
 0.13934426 0.13934426 0.13934426 0.13934426 0.13934426 0.13934426
 0.13934426 0.13934426 0.13934426 0.13934426 0.13934426 0.13934426
 0.13934426 0.13114754 0.13114754 0.13114754 0.13114754 0.13114754
 0.13114754 0.13114754 0.13114754 0.12295082 0.12295082 0.12295082
 0.12295082 0.12295082 0.1147541  0.10655738 0.10655738 0.10655738
 0.09836066 0.09016393 0.09016393 0.09016393 0.09016393 0.08196721
 0.07377049 0.07377049 0.06557377 0.05737705 0.05737705 0.05737705
 0.05737705 0.04918033 0.04918033 0.04918033 0.04098361 0.04098361
 0.03278689 0.02459016 0.02459016 0.02459016 0.02459016 0.01639344
 0.01639344 0.01639344 0.00819672 0.00819672 0.         0.
 0.         0.         0.         0.         0.        ]","[1.85391711e-08 1.85626911e-08 1.90050267e-08 2.01219325e-08
 2.03341921e-08 2.12414357e-08 2.13160882e-08 2.13591616e-08
 2.14115236e-08 2.14319085e-08 2.17789242e-08 2.19292685e-08
 2.21077502e-08 2.30068846e-08 2.30937515e-08 2.35487550e-08
 2.37272932e-08 2.44228482e-08 2.55999219e-08 2.60881243e-08
 2.62101671e-08 2.62495211e-08 2.73482161e-08 2.87592497e-08
 2.88442802e-08 2.91344724e-08 2.91970410e-08 2.93276255e-08
 3.00273681e-08 3.02359961e-08 3.07695173e-08 3.09301871e-08
 3.14252529e-08 3.15005881e-08 3.21378836e-08 3.29787379e-08
 3.56525141e-08 3.56856348e-08 3.59442172e-08 3.61647737e-08
 3.63517781e-08 3.65955390e-08 3.70756531e-08 3.82810117e-08
 4.00447361e-08 4.02575847e-08 4.05270690e-08 4.09747118e-08
 4.10142425e-08 4.15494392e-08 4.21324959e-08 4.27115721e-08
 4.35573174e-08 4.45014723e-08 4.45517148e-08 4.54454430e-08
 4.76891038e-08 4.80959758e-08 4.82305190e-08 5.01023739e-08
 5.01431349e-08 5.11695438e-08 5.20299385e-08 5.36541737e-08
 5.40508707e-08 5.53020111e-08 5.54029373e-08 5.56047194e-08
 5.59692590e-08 5.64966072e-08 5.77896354e-08 5.81883073e-08
 5.85145269e-08 6.15515716e-08 6.29376252e-08 6.41068839e-08
 6.70069004e-08 6.70486024e-08 6.75709875e-08 6.84271367e-08
 6.91970025e-08 7.02813824e-08 7.17705266e-08 7.18069218e-08
 8.45860920e-08 8.52080651e-08 8.64740592e-08 8.73097859e-08
 8.78786248e-08 9.15061748e-08 9.18229300e-08 9.18980463e-08
 9.39121990e-08 1.00678672e-07 1.01598895e-07 1.02908861e-07
 1.04085354e-07 1.07809722e-07 1.10602088e-07 1.11615636e-07
 1.13457676e-07 1.16765599e-07 1.17243580e-07 1.19457257e-07
 1.23388503e-07 1.26527850e-07 1.29518947e-07 1.33956418e-07
 1.35998431e-07 1.38068228e-07 1.39781190e-07 1.41059711e-07
 1.42724079e-07 1.44224685e-07 1.56752008e-07 1.59427457e-07
 1.62614545e-07 1.68333912e-07 1.72453450e-07 1.76212905e-07
 1.82163778e-07 1.85650668e-07 1.87321170e-07 1.87432390e-07
 1.95957579e-07 1.99728797e-07 2.01125916e-07 2.13105313e-07
 2.14802919e-07 2.19180419e-07 2.22190164e-07 2.24343817e-07
 2.27436995e-07 2.33140333e-07 2.33522985e-07 2.34075609e-07
 2.40477017e-07 2.42332375e-07 2.66006602e-07 2.79452863e-07
 2.82268548e-07 2.93569578e-07 2.96393114e-07 2.99408521e-07
 3.34281559e-07 3.45139226e-07 3.46233255e-07 3.66575983e-07
 3.70950150e-07 3.77705001e-07 3.80512306e-07 3.83327949e-07
 4.42198579e-07 4.50719749e-07 4.51511646e-07 4.56526162e-07
 4.68093856e-07 4.96733955e-07 5.08702893e-07 5.12087426e-07
 5.80774115e-07 6.09561020e-07 6.33192283e-07 6.56288964e-07
 7.06459622e-07 7.15567034e-07 7.22843372e-07 7.33790549e-07
 7.48661967e-07 7.82406642e-07 7.82732698e-07 7.86786299e-07
 7.97741776e-07 8.03410664e-07 8.05554106e-07 8.29912155e-07
 8.34405751e-07 8.78612529e-07 9.40282633e-07 9.47543411e-07
 9.65321799e-07 9.97947158e-07 1.03427699e-06 1.03494583e-06
 1.05509285e-06 1.06125879e-06 1.09771246e-06 1.20146798e-06
 1.31878272e-06 1.34526153e-06 1.34573879e-06 1.46914812e-06
 1.50011942e-06 1.53461515e-06 1.55333768e-06 1.56328717e-06
 1.56825192e-06 1.65165333e-06 1.79094216e-06 1.79359541e-06
 1.94929198e-06 1.96137429e-06 2.03743399e-06 2.07672622e-06
 2.09274857e-06 2.21695550e-06 2.31259533e-06 2.34277768e-06
 2.34620727e-06 2.43761316e-06 2.47706791e-06 2.49020497e-06
 2.55619417e-06 2.63808289e-06 2.68389755e-06 2.69712505e-06
 2.70476748e-06 2.99460380e-06 3.04629822e-06 3.05125867e-06
 3.10016437e-06 3.21185898e-06 3.33598854e-06 3.38162719e-06
 3.43850073e-06 3.57985985e-06 3.92076099e-06 3.95134749e-06
 4.34081962e-06 4.39904654e-06 4.77705503e-06 4.81915620e-06
 4.86376489e-06 5.38458499e-06 5.66173631e-06 5.80768305e-06
 5.86481837e-06 6.04809314e-06 6.26303703e-06 6.36098589e-06
 6.77026693e-06 6.81192304e-06 7.13120380e-06 7.13946330e-06
 7.27765371e-06 7.34335177e-06 7.57193105e-06 7.63029769e-06
 7.63046173e-06 7.65748163e-06 7.81500725e-06 7.86575570e-06
 7.95374380e-06 8.00442029e-06 8.06003430e-06 8.19570132e-06
 8.22681083e-06 8.24385645e-06 8.66869029e-06 9.34657089e-06
 9.69123854e-06 9.89575870e-06 1.03212665e-05 1.03814084e-05
 1.06109810e-05 1.09406994e-05 1.09735318e-05 1.10852682e-05
 1.11820766e-05 1.17026418e-05 1.20630456e-05 1.24217726e-05
 1.27115379e-05 1.29280366e-05 1.30550068e-05 1.32733490e-05
 1.37906294e-05 1.39239749e-05 1.47530013e-05 1.51615462e-05
 1.57092377e-05 1.59064438e-05 1.68083537e-05 1.75308928e-05
 1.76051895e-05 1.80427560e-05 1.83195412e-05 1.86031731e-05
 1.90921883e-05 1.96212073e-05 1.98555079e-05 2.03445206e-05
 2.03660609e-05 2.05463660e-05 2.05712466e-05 2.10193729e-05
 2.10608213e-05 2.17912511e-05 2.21377545e-05 2.24094444e-05
 2.24886442e-05 2.26256110e-05 2.28868649e-05 2.44465934e-05
 2.47717222e-05 2.49081347e-05 2.66154722e-05 2.66937845e-05
 2.68473308e-05 2.72464285e-05 2.73917776e-05 2.77742448e-05
 2.79856530e-05 2.82002606e-05 2.92657485e-05 2.94272324e-05
 2.94303706e-05 3.00128087e-05 3.04072668e-05 3.05040265e-05
 3.05054046e-05 3.09946324e-05 3.22086606e-05 3.34241510e-05
 3.34274847e-05 3.38189093e-05 3.39937391e-05 3.57982250e-05
 3.61655913e-05 3.64809092e-05 3.78401794e-05 3.87616929e-05
 3.89038464e-05 3.90583499e-05 3.94530120e-05 3.94936623e-05
 3.99553646e-05 4.12711394e-05 4.15478849e-05 4.16206077e-05
 4.32321978e-05 4.38230395e-05 4.38358562e-05 4.46289788e-05
 4.47454933e-05 4.51091049e-05 4.54293732e-05 4.60096974e-05
 4.60191461e-05 4.73614905e-05 4.76525672e-05 4.80553673e-05
 4.81362422e-05 4.91305918e-05 4.99664048e-05 5.12860162e-05
 5.38041967e-05 5.50816886e-05 5.73945856e-05 5.75564982e-05
 5.78563256e-05 5.80786872e-05 5.82730129e-05 5.93097084e-05
 6.17483056e-05 6.18033570e-05 6.27400974e-05 6.27955375e-05
 6.31150618e-05 6.50251660e-05 6.64869338e-05 6.74401967e-05
 6.74418738e-05 6.76563359e-05 6.82905735e-05 7.02676891e-05
 7.31979930e-05 7.33706477e-05 7.37631251e-05 7.41763986e-05
 7.41943846e-05 7.62853952e-05 7.64740220e-05 7.94939163e-05
 7.99622952e-05 8.02072920e-05 8.18030649e-05 8.51811983e-05
 8.54031653e-05 8.57126469e-05 8.73327046e-05 8.74422055e-05
 8.75184329e-05 8.75749136e-05 8.81378053e-05 8.81734881e-05
 8.91377480e-05 9.08188152e-05 9.57094778e-05 9.59570902e-05
 9.63233051e-05 9.65886460e-05 9.66324334e-05 9.72049650e-05
 9.74565630e-05 9.78190852e-05 9.82719147e-05 9.88515548e-05
 9.98378814e-05 9.99112870e-05 1.00364585e-04 1.01075737e-04
 1.01201535e-04 1.02176925e-04 1.02460521e-04 1.05953551e-04
 1.07740114e-04 1.07893243e-04 1.08311886e-04 1.08696082e-04
 1.09453585e-04 1.10446045e-04 1.10853462e-04 1.13580848e-04
 1.14233205e-04 1.16239985e-04 1.19848942e-04 1.20707086e-04
 1.20886270e-04 1.20892178e-04 1.21269052e-04 1.22782598e-04
 1.22877201e-04 1.24469785e-04 1.24913504e-04 1.25174424e-04
 1.25660093e-04 1.26677553e-04 1.27995304e-04 1.29009966e-04
 1.31866341e-04 1.32530351e-04 1.33720787e-04 1.35346994e-04
 1.35841433e-04 1.36189161e-04 1.40966565e-04 1.41188826e-04
 1.41452909e-04 1.42324508e-04 1.44996318e-04 1.48087899e-04
 1.48165411e-04 1.50224142e-04 1.50514210e-04 1.55073327e-04
 1.55323581e-04 1.56512724e-04 1.58531884e-04 1.58977200e-04
 1.59046744e-04 1.59175577e-04 1.63960507e-04 1.65901681e-04
 1.69979459e-04 1.72984732e-04 1.77005580e-04 1.78106627e-04
 1.79477524e-04 1.82365854e-04 1.83291493e-04 1.86338119e-04
 1.88234210e-04 1.88552703e-04 1.92038059e-04 1.93139220e-04
 1.99699763e-04 2.01393634e-04 2.04247717e-04 2.05013911e-04
 2.05945333e-04 2.07528098e-04 2.12683288e-04 2.16599992e-04
 2.16808360e-04 2.16864057e-04 2.21391287e-04 2.24392400e-04
 2.25502918e-04 2.27770755e-04 2.28863769e-04 2.31945883e-04
 2.34634083e-04 2.38662882e-04 2.43847264e-04 2.44776490e-04
 2.46967559e-04 2.47108612e-04 2.47295114e-04 2.47562679e-04
 2.49740001e-04 2.57308165e-04 2.57656945e-04 2.58836032e-04
 2.59082976e-04 2.64178346e-04 2.67760829e-04 2.70412369e-04
 2.72396507e-04 2.74602509e-04 2.76607456e-04 2.81875399e-04
 2.83954867e-04 2.84234442e-04 2.85270999e-04 2.87555500e-04
 2.90035548e-04 2.94479707e-04 3.00464206e-04 3.03937951e-04
 3.04481187e-04 3.04902535e-04 3.06552657e-04 3.06815028e-04
 3.08385728e-04 3.09147142e-04 3.12236660e-04 3.13561104e-04
 3.17705692e-04 3.19026685e-04 3.19759630e-04 3.20319361e-04
 3.21021537e-04 3.23369587e-04 3.25659674e-04 3.37518624e-04
 3.39761966e-04 3.41830564e-04 3.44756883e-04 3.58876608e-04
 3.63257332e-04 3.64707961e-04 3.70148869e-04 3.71134974e-04
 3.73429897e-04 3.78563825e-04 3.78873038e-04 3.86246779e-04
 3.88464762e-04 4.02117924e-04 4.03755576e-04 4.04139294e-04
 4.05317385e-04 4.13491657e-04 4.18463581e-04 4.20687801e-04
 4.26438778e-04 4.28777800e-04 4.32898798e-04 4.34535331e-04
 4.38410330e-04 4.40909449e-04 4.42632535e-04 4.47617915e-04
 4.53521384e-04 4.57457057e-04 4.63663422e-04 4.64635679e-04
 4.77746992e-04 4.81258008e-04 4.85625838e-04 4.87576008e-04
 4.88868314e-04 5.04405957e-04 5.06388735e-04 5.23785877e-04
 5.31200610e-04 5.35301624e-04 5.36783790e-04 5.36812205e-04
 5.38215265e-04 5.53287150e-04 5.54586870e-04 5.59394123e-04
 5.61639011e-04 5.62724309e-04 5.70487304e-04 5.75064701e-04
 5.78220864e-04 5.82034839e-04 5.84752425e-04 5.91929607e-04
 5.94982450e-04 6.04689399e-04 6.07645129e-04 6.19112130e-04
 6.24066659e-04 6.26220418e-04 6.33859053e-04 6.34909565e-04
 6.51658894e-04 6.61336382e-04 6.64219368e-04 6.75199086e-04
 6.76744160e-04 6.89249061e-04 6.97217180e-04 6.99441905e-04
 7.17020831e-04 7.17514370e-04 7.25560328e-04 7.36688795e-04
 7.39382630e-04 7.40226354e-04 7.53552621e-04 7.54422143e-04
 7.55874952e-04 7.71518928e-04 7.72237072e-04 7.72736286e-04
 7.77852400e-04 7.81313482e-04 7.84459911e-04 7.86956373e-04
 7.98406525e-04 8.16048267e-04 8.20910929e-04 8.34896018e-04
 8.35479640e-04 8.38892253e-04 8.45599226e-04 8.46068998e-04
 8.70914679e-04 8.74828505e-04 8.79638558e-04 8.92659177e-04
 8.98947535e-04 9.01243509e-04 9.09721412e-04 9.10998733e-04
 9.11577124e-04 9.18026275e-04 9.19682419e-04 9.19894213e-04
 9.32671309e-04 9.39726922e-04 9.43384297e-04 9.72535817e-04
 9.77812044e-04 9.94962007e-04 1.01436677e-03 1.01568417e-03
 1.04583750e-03 1.05789567e-03 1.06462300e-03 1.07330649e-03
 1.07720381e-03 1.09297250e-03 1.11042255e-03 1.11585821e-03
 1.15340204e-03 1.16945321e-03 1.18616151e-03 1.20127873e-03
 1.20808197e-03 1.23418993e-03 1.24358522e-03 1.24501327e-03
 1.25931525e-03 1.26234471e-03 1.26399213e-03 1.27178585e-03
 1.27393368e-03 1.30056384e-03 1.32910090e-03 1.33804868e-03
 1.38766344e-03 1.42357754e-03 1.42723196e-03 1.46839819e-03
 1.50431432e-03 1.51883439e-03 1.53091916e-03 1.53696185e-03
 1.62899099e-03 1.63899147e-03 1.64454950e-03 1.64493230e-03
 1.65153579e-03 1.67746576e-03 1.69538770e-03 1.72292221e-03
 1.72583974e-03 1.75658587e-03 1.80226071e-03 1.81453609e-03
 1.83946855e-03 1.84282984e-03 1.85035583e-03 1.86557334e-03
 1.87470044e-03 1.90171646e-03 1.90459745e-03 1.91576947e-03
 1.93118185e-03 1.97632107e-03 1.97665568e-03 1.97856105e-03
 2.00278133e-03 2.08171803e-03 2.10453950e-03 2.11405394e-03
 2.12918165e-03 2.13201713e-03 2.16789397e-03 2.22840777e-03
 2.24381335e-03 2.26667003e-03 2.28736504e-03 2.29361091e-03
 2.31614088e-03 2.31695389e-03 2.36178277e-03 2.40553843e-03
 2.41252936e-03 2.46398650e-03 2.47666540e-03 2.50350249e-03
 2.52155962e-03 2.52845913e-03 2.55490575e-03 2.55995705e-03
 2.57680172e-03 2.62589102e-03 2.63938413e-03 2.69082404e-03
 2.70844433e-03 2.71781833e-03 2.75042919e-03 2.76684346e-03
 2.79046033e-03 2.84835721e-03 2.92520316e-03 2.95509608e-03
 3.04956500e-03 3.05894588e-03 3.05926082e-03 3.07153350e-03
 3.08043689e-03 3.08299085e-03 3.10165491e-03 3.11492636e-03
 3.11685222e-03 3.14952124e-03 3.16815156e-03 3.20565321e-03
 3.23131918e-03 3.26580913e-03 3.26849649e-03 3.27088238e-03
 3.32756187e-03 3.49827883e-03 3.53889873e-03 3.62734534e-03
 3.72512256e-03 3.73114409e-03 3.86782735e-03 3.92945183e-03
 3.97102117e-03 4.17274694e-03 4.34433456e-03 4.46969229e-03
 4.49275454e-03 4.56933221e-03 4.75692809e-03 4.79514219e-03
 5.00762413e-03 5.19854994e-03 5.20451613e-03 5.20985152e-03
 5.22257340e-03 5.27428414e-03 5.39969914e-03 5.45261407e-03
 5.61272563e-03 5.61702298e-03 5.97900813e-03 6.01454650e-03
 6.08378468e-03 6.25744583e-03 6.42877908e-03 6.44459682e-03
 6.76920415e-03 6.79095000e-03 6.82536004e-03 6.97068223e-03
 7.00421501e-03 7.09777112e-03 7.13273230e-03 7.55260074e-03
 7.56144845e-03 7.57202781e-03 7.60696079e-03 7.71988729e-03
 7.75506758e-03 8.03547279e-03 8.10518351e-03 8.31233879e-03
 8.51448821e-03 8.76734127e-03 8.98736696e-03 9.24427631e-03
 9.36149619e-03 9.39230825e-03 9.60440703e-03 9.70611279e-03
 9.73359575e-03 9.83064909e-03 1.01033203e-02 1.01442720e-02
 1.03665381e-02 1.05682609e-02 1.09447493e-02 1.09636690e-02
 1.09969523e-02 1.10434445e-02 1.13780645e-02 1.19479125e-02
 1.20813780e-02 1.22176383e-02 1.27380854e-02 1.28195374e-02
 1.31876887e-02 1.32574322e-02 1.37302277e-02 1.41534190e-02
 1.43270890e-02 1.46066455e-02 1.47820945e-02 1.53644904e-02
 1.53769041e-02 1.55755380e-02 1.56184149e-02 1.57196333e-02
 1.58098113e-02 1.59734896e-02 1.64506811e-02 1.65121514e-02
 1.65303654e-02 1.72161380e-02 1.75263291e-02 1.75318587e-02
 1.80830928e-02 1.85532648e-02 1.97492872e-02 1.99143645e-02
 2.01983912e-02 2.02392523e-02 2.05022122e-02 2.13961997e-02
 2.16186821e-02 2.17345442e-02 2.19902951e-02 2.33018742e-02
 2.37870576e-02 2.47821225e-02 2.48059246e-02 2.49011876e-02
 2.55150190e-02 2.65429261e-02 2.67075544e-02 2.68062585e-02
 2.68560888e-02 2.77789883e-02 2.77834353e-02 2.87106696e-02
 2.87213336e-02 2.88015821e-02 2.91350451e-02 2.92899040e-02
 3.05528419e-02 3.31124851e-02 3.36603142e-02 3.46857987e-02
 3.51822325e-02 3.59068586e-02 3.76763869e-02 3.77104104e-02
 3.81861792e-02 3.87704940e-02 3.91015036e-02 3.91722686e-02
 3.99140359e-02 4.15529850e-02 4.32289890e-02 4.35205828e-02
 4.48125484e-02 4.57315401e-02 4.63000994e-02 4.66382599e-02
 4.80139884e-02 4.83122235e-02 5.10381572e-02 5.27820809e-02
 5.32381779e-02 5.34820851e-02 5.37924974e-02 5.45950847e-02
 5.50506498e-02 5.52145440e-02 5.58684692e-02 5.59187203e-02
 5.64127312e-02 5.77112179e-02 5.89829671e-02 6.16806717e-02
 6.67416990e-02 6.77767246e-02 6.82909632e-02 6.88472038e-02
 7.21537829e-02 7.42812127e-02 7.51688881e-02 7.96794282e-02
 8.18148157e-02 8.36947677e-02 8.47172336e-02 8.95518558e-02
 9.15334763e-02 9.55509824e-02 9.58303987e-02 9.70305719e-02
 9.77725102e-02 9.98193420e-02 1.04773434e-01 1.11104262e-01
 1.13863074e-01 1.14043050e-01 1.14874615e-01 1.17812979e-01
 1.28922631e-01 1.29898622e-01 1.36252467e-01 1.48587638e-01
 1.60907474e-01 1.77153174e-01 1.81901995e-01 2.03638634e-01
 2.51552908e-01 2.65568313e-01 2.73982077e-01 2.77670647e-01
 2.85858225e-01 2.93827329e-01 2.96917114e-01 3.28257074e-01
 3.58578635e-01 3.82446401e-01 4.21961411e-01 4.72756190e-01
 4.90446892e-01 6.98389675e-01 9.10554030e-01 9.20887940e-01]"
Hyperledger,is_change_text_num_words_15,NN,[],0.7738589211618258,"[[721 121]
 [ 97  25]]","              precision    recall  f1-score   support

           0       0.88      0.86      0.87       842
           1       0.17      0.20      0.19       122

    accuracy                           0.77       964
   macro avg       0.53      0.53      0.53       964
weighted avg       0.79      0.77      0.78       964
",0.1459545490172775,0.14928010936115793,0.5328842334800047,"[0 0 0 0 0 0 0 0 1 0 0 0 0 0 1 1 0 0 0 0 0 0 0 0 0 0 0 0 0 0 0 0 0 1 0 0 0
 1 0 0 0 0 0 0 0 0 0 0 0 0 0 0 0 0 0 0 0 1 1 0 1 0 0 0 0 0 0 0 0 0 0 0 0 1
 0 1 0 0 0 0 0 0 0 0 0 1 0 0 0 0 0 0 0 1 0 0 0 1 0 0 0 0 0 0 1 0 0 0 0 0 0
 0 0 0 0 1 0 0 0 0 0 0 0 0 1 0 0 0 0 0 0 0 0 0 0 0 0 0 0 0 0 0 0 0 0 0 0 0
 0 0 1 0 0 0 0 0 0 0 0 0 0 0 0 1 0 0 0 0 0 0 0 0 0 0 0 0 0 1 0 0 0 0 0 0 0
 0 0 0 0 0 0 0 0 0 0 1 0 0 0 0 1 0 0 0 0 0 0 0 1 0 0 0 0 0 0 0 1 0 0 0 1 0
 0 0 0 0 0 1 0 0 0 0 0 1 0 0 0 0 0 0 0 0 0 0 0 0 1 0 0 0 0 0 0 0 0 0 1 0 0
 0 0 0 0 0 0 1 0 0 1 0 0 0 0 0 0 1 1 1 0 0 0 1 0 0 0 0 0 0 0 0 0 1 0 1 0 0
 0 1 0 0 0 0 1 0 0 0 0 0 1 0 0 0 0 0 0 0 0 0 0 0 0 0 0 0 1 0 0 1 0 0 0 1 0
 1 0 0 0 0 0 0 1 0 1 0 0 0 0 0 0 0 0 0 0 0 0 0 0 0 0 0 0 0 0 0 0 1 0 1 0 0
 0 0 0 0 0 0 0 0 1 0 0 0 0 0 0 0 0 1 0 0 0 0 0 0 0 0 0 0 0 0 0 0 0 0 0 0 1
 0 0 0 0 0 0 0 0 1 0 1 0 0 1 0 1 0 1 0 0 0 0 1 0 0 0 0 0 0 0 0 0 0 0 0 0 0
 0 1 0 0 0 0 0 1 0 1 0 1 0 0 0 0 0 1 0 1 0 0 1 0 0 0 0 0 0 0 1 0 0 0 1 0 0
 0 0 0 0 0 1 1 0 1 1 1 0 1 0 0 1 0 0 0 0 0 0 0 0 0 0 0 0 0 0 0 0 0 0 0 0 0
 0 0 0 0 0 1 0 1 0 0 1 0 0 0 0 0 0 0 0 1 1 0 0 0 0 1 0 0 0 0 0 0 1 0 0 0 0
 0 0 0 0 1 1 0 0 0 0 0 0 0 0 0 0 0 0 0 0 0 0 0 0 0 1 1 0 0 1 0 0 0 0 1 0 0
 0 0 1 0 0 0 0 0 1 1 0 1 0 0 0 0 1 0 0 0 0 0 0 0 1 0 0 0 0 0 0 0 0 1 0 1 0
 0 0 1 0 0 0 0 1 0 1 0 0 0 1 0 0 1 1 0 0 1 0 0 0 0 0 0 0 0 0 0 1 0 0 0 0 0
 0 0 0 0 0 0 0 0 0 0 1 1 0 0 0 0 0 1 0 1 0 0 0 0 0 0 0 0 0 0 0 0 1 1 1 1 0
 0 0 1 0 0 0 0 0 0 0 1 0 0 0 0 0 0 1 0 1 0 0 0 0 0 0 0 0 0 0 0 0 0 0 0 0 0
 0 0 0 0 0 0 1 0 0 0 0 0 0 0 0 0 0 1 0 1 0 0 0 0 0 0 0 0 1 1 0 0 0 0 0 0 0
 0 0 0 0 0 0 0 0 0 0 0 0 0 0 0 0 0 0 1 0 1 0 1 1 0 0 0 0 0 1 0 0 0 1 0 0 0
 1 1 1 0 0 1 0 1 0 0 0 0 0 0 1 0 0 0 0 0 0 0 0 0 0 0 0 0 0 0 0 0 1 0 1 0 1
 0 0 0 0 0 0 0 0 0 0 0 0 0 0 1 0 0 0 0 1 0 0 0 0 0 0 0 0 0 1 1 0 0 0 1 0 0
 0 0 0 0 0 0 0 0 0 0 0 0 0 0 0 0 1 0 0 1 0 0 0 0 0 0 0 0 1 1 0 0 0 0 0 0 0
 0 0 0 0 1 0 0 0 0 0 0 1 0 0 0 0 0 0 0 0 0 0 0 1 0 0 0 0 0 0 1 0 0 0 0 0 0
 0 0]","[0.12655602 0.12668744 0.12577963 0.12591051 0.12604167 0.1261731
 0.12526096 0.12539185 0.12447699 0.12460733 0.12473795 0.12486884
 0.12394958 0.12407992 0.12421053 0.12328767 0.12236287 0.12249208
 0.12262156 0.12275132 0.12288136 0.12301166 0.12314225 0.12327311
 0.12340426 0.12353568 0.12260128 0.12273212 0.12286325 0.12192513
 0.12205567 0.1221865  0.1223176  0.12244898 0.12258065 0.12271259
 0.12284483 0.12297735 0.12311015 0.12216216 0.12229437 0.12242687
 0.12147505 0.12160695 0.12173913 0.1218716  0.12200436 0.1221374
 0.12227074 0.12240437 0.12253829 0.12267251 0.12280702 0.12294182
 0.12307692 0.12321232 0.12334802 0.12348401 0.12251656 0.12265193
 0.12278761 0.12292359 0.12305987 0.12319645 0.12333333 0.12347052
 0.12360802 0.12374582 0.12388393 0.12402235 0.12416107 0.12430011
 0.12443946 0.12457912 0.1247191  0.12485939 0.125      0.12514092
 0.12528217 0.12542373 0.12443439 0.12457531 0.12471655 0.12485812
 0.125      0.12514221 0.12528474 0.12542759 0.12557078 0.12571429
 0.12585812 0.12600229 0.12614679 0.12629162 0.12643678 0.12658228
 0.12672811 0.12687428 0.12702079 0.12716763 0.12615741 0.12630359
 0.12645012 0.12659698 0.12674419 0.12689173 0.12703963 0.12718786
 0.12733645 0.12748538 0.12763466 0.12778429 0.12793427 0.12808461
 0.12823529 0.12838634 0.12853774 0.12868949 0.12884161 0.12899408
 0.12914692 0.12930012 0.12945368 0.12960761 0.1297619  0.12991657
 0.12887828 0.12903226 0.1291866  0.12814371 0.12829736 0.12845138
 0.12860577 0.12876053 0.12891566 0.12907117 0.12922705 0.12938331
 0.12953995 0.12969697 0.12985437 0.13001215 0.13017032 0.13032887
 0.12926829 0.12942613 0.12958435 0.12974296 0.12990196 0.13006135
 0.12899263 0.12915129 0.12931034 0.12946979 0.12962963 0.12855377
 0.12747525 0.12763321 0.12779156 0.12795031 0.12810945 0.12826899
 0.12842893 0.12858926 0.12875    0.12891114 0.12907268 0.12923463
 0.12939698 0.12955975 0.12846348 0.12862547 0.12878788 0.1289507
 0.12911392 0.12927757 0.12944162 0.1296061  0.12977099 0.12993631
 0.13010204 0.1302682  0.13043478 0.13060179 0.13076923 0.1296534
 0.12982005 0.12998713 0.13015464 0.13032258 0.13049096 0.13065977
 0.13082902 0.1309987  0.13116883 0.1313394  0.13151042 0.13168188
 0.13185379 0.13202614 0.13219895 0.13237221 0.13254593 0.13272011
 0.13289474 0.13306983 0.13324538 0.1321004  0.13227513 0.13245033
 0.13262599 0.13280212 0.13297872 0.13315579 0.13333333 0.13351135
 0.13368984 0.13386881 0.13404826 0.13422819 0.1344086  0.1345895
 0.13477089 0.13360324 0.13378378 0.13396482 0.13414634 0.13432836
 0.13451087 0.13469388 0.13487738 0.13506139 0.1352459  0.13543092
 0.13561644 0.13580247 0.13598901 0.13480055 0.13360882 0.1337931
 0.1339779  0.13416321 0.13434903 0.13453537 0.13472222 0.1349096
 0.13509749 0.13528591 0.13547486 0.13566434 0.13445378 0.13464236
 0.13342697 0.13361463 0.13380282 0.13399154 0.13418079 0.13437058
 0.13456091 0.13333333 0.13352273 0.13371266 0.13390313 0.13409415
 0.13428571 0.13304721 0.13323782 0.13342898 0.13362069 0.13381295
 0.13400576 0.13419913 0.13439306 0.13458755 0.13478261 0.13497823
 0.13517442 0.13537118 0.13556851 0.13576642 0.13596491 0.13616398
 0.13636364 0.13656388 0.13676471 0.13696613 0.13716814 0.13737075
 0.13757396 0.13777778 0.1379822  0.13818722 0.13839286 0.13859911
 0.13880597 0.13901345 0.13922156 0.13943028 0.13963964 0.13984962
 0.14006024 0.14027149 0.14048338 0.13918306 0.13787879 0.13657056
 0.13525836 0.13546423 0.13414634 0.13282443 0.13302752 0.13323124
 0.13343558 0.13210445 0.13230769 0.13251156 0.13117284 0.13137558
 0.13157895 0.13178295 0.13043478 0.13063764 0.13084112 0.13104524
 0.13125    0.1314554  0.13166144 0.13186813 0.13050314 0.13070866
 0.12933754 0.12954186 0.12974684 0.12995246 0.13015873 0.13036566
 0.12898089 0.1291866  0.12939297 0.1296     0.12980769 0.13001605
 0.12861736 0.12721417 0.12741935 0.1276252  0.12783172 0.1280389
 0.12824675 0.12845528 0.1286645  0.12887439 0.12908497 0.12929624
 0.1295082  0.12972085 0.12993421 0.13014827 0.13036304 0.13057851
 0.1307947  0.13101161 0.13122924 0.13144759 0.13166667 0.13188648
 0.13043478 0.13065327 0.13087248 0.13109244 0.13131313 0.13153457
 0.13175676 0.1319797  0.13220339 0.13242784 0.13265306 0.13287905
 0.1331058  0.13333333 0.13356164 0.13379074 0.13402062 0.13425129
 0.13448276 0.13471503 0.1349481  0.13518198 0.13541667 0.13565217
 0.1358885  0.13438045 0.13286713 0.13309982 0.13333333 0.13356766
 0.13204225 0.13227513 0.13074205 0.12920354 0.12943262 0.12966252
 0.12989324 0.13012478 0.13035714 0.12880143 0.12724014 0.12746858
 0.12769784 0.12792793 0.12815884 0.12658228 0.12681159 0.12704174
 0.12727273 0.12750455 0.12773723 0.12797075 0.12820513 0.12844037
 0.12683824 0.12707182 0.12730627 0.12754159 0.12777778 0.12801484
 0.12825279 0.12849162 0.12873134 0.12897196 0.12921348 0.12945591
 0.12969925 0.1299435  0.13018868 0.12854442 0.12878788 0.12903226
 0.12927757 0.12952381 0.12977099 0.13001912 0.1302682  0.13051823
 0.13076923 0.13102119 0.13127413 0.13152805 0.13178295 0.13203883
 0.13229572 0.13255361 0.1328125  0.13307241 0.13333333 0.13359528
 0.13385827 0.13412229 0.13241107 0.13267327 0.13293651 0.1332008
 0.13346614 0.13373253 0.132      0.13226453 0.13253012 0.13279678
 0.13306452 0.13333333 0.13360324 0.13387424 0.13414634 0.13441955
 0.13469388 0.13496933 0.1352459  0.13552361 0.13374486 0.13195876
 0.1322314  0.13250518 0.13278008 0.13305613 0.13333333 0.13361169
 0.13389121 0.13207547 0.13235294 0.13263158 0.13291139 0.13319239
 0.13135593 0.13163482 0.13191489 0.13219616 0.13247863 0.13276231
 0.13304721 0.13333333 0.13362069 0.13390929 0.13419913 0.13449024
 0.13478261 0.13507625 0.13537118 0.1356674  0.13596491 0.13626374
 0.13656388 0.13686534 0.13716814 0.13747228 0.13777778 0.13808463
 0.13616071 0.13646532 0.1367713  0.13707865 0.13738739 0.13544018
 0.13574661 0.13378685 0.13409091 0.13439636 0.1347032  0.13501144
 0.1353211  0.13563218 0.1359447  0.13625866 0.13657407 0.13457077
 0.13488372 0.13519814 0.13551402 0.13348946 0.13380282 0.13411765
 0.13443396 0.13475177 0.13507109 0.13539192 0.13571429 0.13603819
 0.13636364 0.13669065 0.13701923 0.13493976 0.1352657  0.13559322
 0.13592233 0.13625304 0.13658537 0.13691932 0.1372549  0.13759214
 0.13793103 0.1382716  0.13861386 0.13895782 0.13930348 0.13965087
 0.14       0.14035088 0.14070352 0.13853904 0.13888889 0.13924051
 0.13959391 0.13994911 0.14030612 0.14066496 0.14102564 0.13881748
 0.13917526 0.13953488 0.13989637 0.14025974 0.140625   0.14099217
 0.14136126 0.14173228 0.14210526 0.14248021 0.14285714 0.14323607
 0.14361702 0.144      0.14438503 0.14209115 0.14247312 0.14285714
 0.14324324 0.14363144 0.14130435 0.14168937 0.1420765  0.13972603
 0.14010989 0.14049587 0.14088398 0.14127424 0.14166667 0.14206128
 0.1424581  0.14285714 0.14325843 0.14366197 0.1440678  0.14164306
 0.14204545 0.14245014 0.14285714 0.14326648 0.14367816 0.14409222
 0.14450867 0.14492754 0.14534884 0.14577259 0.14619883 0.14662757
 0.14705882 0.14749263 0.14792899 0.14836795 0.14880952 0.14925373
 0.1497006  0.15015015 0.15060241 0.1510574  0.15151515 0.14893617
 0.14939024 0.14678899 0.14723926 0.14769231 0.14814815 0.14860681
 0.14906832 0.14641745 0.14375    0.14420063 0.14465409 0.14511041
 0.14556962 0.14603175 0.14649682 0.14696486 0.14423077 0.14469453
 0.14516129 0.14563107 0.1461039  0.1465798  0.14705882 0.14754098
 0.14802632 0.14851485 0.14900662 0.14950166 0.15       0.15050167
 0.14765101 0.14814815 0.14527027 0.14576271 0.14285714 0.14334471
 0.14041096 0.14089347 0.14137931 0.14186851 0.14236111 0.14285714
 0.13986014 0.14035088 0.14084507 0.13780919 0.13829787 0.13523132
 0.13571429 0.13620072 0.13669065 0.13718412 0.13768116 0.13818182
 0.13868613 0.13919414 0.13970588 0.1402214  0.14074074 0.14126394
 0.14179104 0.1423221  0.14285714 0.14339623 0.14393939 0.14448669
 0.14503817 0.14559387 0.14615385 0.14285714 0.14341085 0.14396887
 0.14453125 0.14509804 0.14566929 0.14624506 0.1468254  0.14741036
 0.148      0.14859438 0.14516129 0.14574899 0.14634146 0.14693878
 0.14754098 0.14814815 0.1446281  0.14522822 0.14583333 0.14644351
 0.14705882 0.14767932 0.14830508 0.14893617 0.14957265 0.15021459
 0.15086207 0.15151515 0.15217391 0.15283843 0.14912281 0.14537445
 0.1460177  0.14666667 0.14732143 0.14798206 0.14864865 0.14932127
 0.15       0.15068493 0.15137615 0.14746544 0.14814815 0.14883721
 0.14953271 0.15023474 0.1509434  0.14691943 0.14761905 0.14832536
 0.14903846 0.14975845 0.15048544 0.14634146 0.14705882 0.14778325
 0.14851485 0.14925373 0.15       0.15075377 0.15151515 0.15228426
 0.15306122 0.15384615 0.15463918 0.15544041 0.15625    0.15706806
 0.15789474 0.15873016 0.15957447 0.16042781 0.16129032 0.16216216
 0.16304348 0.15846995 0.15934066 0.16022099 0.16111111 0.16201117
 0.16292135 0.16384181 0.15909091 0.16       0.16091954 0.16184971
 0.1627907  0.15789474 0.15882353 0.15976331 0.16071429 0.16167665
 0.1626506  0.16363636 0.16463415 0.16564417 0.16666667 0.16770186
 0.16875    0.16981132 0.17088608 0.1656051  0.16666667 0.16774194
 0.16233766 0.16339869 0.16447368 0.16556291 0.16666667 0.16778523
 0.16891892 0.17006803 0.17123288 0.17241379 0.17361111 0.17482517
 0.17605634 0.17730496 0.17857143 0.17266187 0.17391304 0.16788321
 0.16911765 0.17037037 0.17164179 0.16541353 0.16666667 0.16793893
 0.16923077 0.17054264 0.171875   0.17322835 0.17460317 0.176
 0.17741935 0.17886179 0.17213115 0.16528926 0.16666667 0.16806723
 0.16949153 0.17094017 0.17241379 0.17391304 0.1754386  0.17699115
 0.17857143 0.18018018 0.18181818 0.17431193 0.16666667 0.1682243
 0.16981132 0.17142857 0.17307692 0.17475728 0.17647059 0.16831683
 0.17       0.17171717 0.17346939 0.17525773 0.17708333 0.17894737
 0.18085106 0.1827957  0.18478261 0.18681319 0.18888889 0.19101124
 0.19318182 0.1954023  0.19767442 0.2        0.20238095 0.20481928
 0.20731707 0.20987654 0.2125     0.21518987 0.20512821 0.20779221
 0.21052632 0.21333333 0.2027027  0.19178082 0.19444444 0.18309859
 0.18571429 0.1884058  0.19117647 0.19402985 0.1969697  0.2
 0.203125   0.20634921 0.20967742 0.21311475 0.21666667 0.20338983
 0.20689655 0.21052632 0.21428571 0.21818182 0.22222222 0.20754717
 0.21153846 0.21568627 0.22       0.20408163 0.20833333 0.21276596
 0.2173913  0.22222222 0.22727273 0.23255814 0.21428571 0.2195122
 0.225      0.23076923 0.21052632 0.21621622 0.22222222 0.22857143
 0.23529412 0.21212121 0.1875     0.19354839 0.2        0.20689655
 0.17857143 0.18518519 0.19230769 0.2        0.20833333 0.2173913
 0.18181818 0.14285714 0.15       0.15789474 0.11111111 0.11764706
 0.125      0.13333333 0.14285714 0.15384615 0.16666667 0.09090909
 0.1        0.11111111 0.125      0.14285714 0.16666667 0.
 0.         0.         0.         0.         1.        ]","[1.         1.         0.99180328 0.99180328 0.99180328 0.99180328
 0.98360656 0.98360656 0.97540984 0.97540984 0.97540984 0.97540984
 0.96721311 0.96721311 0.96721311 0.95901639 0.95081967 0.95081967
 0.95081967 0.95081967 0.95081967 0.95081967 0.95081967 0.95081967
 0.95081967 0.95081967 0.94262295 0.94262295 0.94262295 0.93442623
 0.93442623 0.93442623 0.93442623 0.93442623 0.93442623 0.93442623
 0.93442623 0.93442623 0.93442623 0.92622951 0.92622951 0.92622951
 0.91803279 0.91803279 0.91803279 0.91803279 0.91803279 0.91803279
 0.91803279 0.91803279 0.91803279 0.91803279 0.91803279 0.91803279
 0.91803279 0.91803279 0.91803279 0.91803279 0.90983607 0.90983607
 0.90983607 0.90983607 0.90983607 0.90983607 0.90983607 0.90983607
 0.90983607 0.90983607 0.90983607 0.90983607 0.90983607 0.90983607
 0.90983607 0.90983607 0.90983607 0.90983607 0.90983607 0.90983607
 0.90983607 0.90983607 0.90163934 0.90163934 0.90163934 0.90163934
 0.90163934 0.90163934 0.90163934 0.90163934 0.90163934 0.90163934
 0.90163934 0.90163934 0.90163934 0.90163934 0.90163934 0.90163934
 0.90163934 0.90163934 0.90163934 0.90163934 0.89344262 0.89344262
 0.89344262 0.89344262 0.89344262 0.89344262 0.89344262 0.89344262
 0.89344262 0.89344262 0.89344262 0.89344262 0.89344262 0.89344262
 0.89344262 0.89344262 0.89344262 0.89344262 0.89344262 0.89344262
 0.89344262 0.89344262 0.89344262 0.89344262 0.89344262 0.89344262
 0.8852459  0.8852459  0.8852459  0.87704918 0.87704918 0.87704918
 0.87704918 0.87704918 0.87704918 0.87704918 0.87704918 0.87704918
 0.87704918 0.87704918 0.87704918 0.87704918 0.87704918 0.87704918
 0.86885246 0.86885246 0.86885246 0.86885246 0.86885246 0.86885246
 0.86065574 0.86065574 0.86065574 0.86065574 0.86065574 0.85245902
 0.8442623  0.8442623  0.8442623  0.8442623  0.8442623  0.8442623
 0.8442623  0.8442623  0.8442623  0.8442623  0.8442623  0.8442623
 0.8442623  0.8442623  0.83606557 0.83606557 0.83606557 0.83606557
 0.83606557 0.83606557 0.83606557 0.83606557 0.83606557 0.83606557
 0.83606557 0.83606557 0.83606557 0.83606557 0.83606557 0.82786885
 0.82786885 0.82786885 0.82786885 0.82786885 0.82786885 0.82786885
 0.82786885 0.82786885 0.82786885 0.82786885 0.82786885 0.82786885
 0.82786885 0.82786885 0.82786885 0.82786885 0.82786885 0.82786885
 0.82786885 0.82786885 0.82786885 0.81967213 0.81967213 0.81967213
 0.81967213 0.81967213 0.81967213 0.81967213 0.81967213 0.81967213
 0.81967213 0.81967213 0.81967213 0.81967213 0.81967213 0.81967213
 0.81967213 0.81147541 0.81147541 0.81147541 0.81147541 0.81147541
 0.81147541 0.81147541 0.81147541 0.81147541 0.81147541 0.81147541
 0.81147541 0.81147541 0.81147541 0.80327869 0.79508197 0.79508197
 0.79508197 0.79508197 0.79508197 0.79508197 0.79508197 0.79508197
 0.79508197 0.79508197 0.79508197 0.79508197 0.78688525 0.78688525
 0.77868852 0.77868852 0.77868852 0.77868852 0.77868852 0.77868852
 0.77868852 0.7704918  0.7704918  0.7704918  0.7704918  0.7704918
 0.7704918  0.76229508 0.76229508 0.76229508 0.76229508 0.76229508
 0.76229508 0.76229508 0.76229508 0.76229508 0.76229508 0.76229508
 0.76229508 0.76229508 0.76229508 0.76229508 0.76229508 0.76229508
 0.76229508 0.76229508 0.76229508 0.76229508 0.76229508 0.76229508
 0.76229508 0.76229508 0.76229508 0.76229508 0.76229508 0.76229508
 0.76229508 0.76229508 0.76229508 0.76229508 0.76229508 0.76229508
 0.76229508 0.76229508 0.76229508 0.75409836 0.74590164 0.73770492
 0.7295082  0.7295082  0.72131148 0.71311475 0.71311475 0.71311475
 0.71311475 0.70491803 0.70491803 0.70491803 0.69672131 0.69672131
 0.69672131 0.69672131 0.68852459 0.68852459 0.68852459 0.68852459
 0.68852459 0.68852459 0.68852459 0.68852459 0.68032787 0.68032787
 0.67213115 0.67213115 0.67213115 0.67213115 0.67213115 0.67213115
 0.66393443 0.66393443 0.66393443 0.66393443 0.66393443 0.66393443
 0.6557377  0.64754098 0.64754098 0.64754098 0.64754098 0.64754098
 0.64754098 0.64754098 0.64754098 0.64754098 0.64754098 0.64754098
 0.64754098 0.64754098 0.64754098 0.64754098 0.64754098 0.64754098
 0.64754098 0.64754098 0.64754098 0.64754098 0.64754098 0.64754098
 0.63934426 0.63934426 0.63934426 0.63934426 0.63934426 0.63934426
 0.63934426 0.63934426 0.63934426 0.63934426 0.63934426 0.63934426
 0.63934426 0.63934426 0.63934426 0.63934426 0.63934426 0.63934426
 0.63934426 0.63934426 0.63934426 0.63934426 0.63934426 0.63934426
 0.63934426 0.63114754 0.62295082 0.62295082 0.62295082 0.62295082
 0.6147541  0.6147541  0.60655738 0.59836066 0.59836066 0.59836066
 0.59836066 0.59836066 0.59836066 0.59016393 0.58196721 0.58196721
 0.58196721 0.58196721 0.58196721 0.57377049 0.57377049 0.57377049
 0.57377049 0.57377049 0.57377049 0.57377049 0.57377049 0.57377049
 0.56557377 0.56557377 0.56557377 0.56557377 0.56557377 0.56557377
 0.56557377 0.56557377 0.56557377 0.56557377 0.56557377 0.56557377
 0.56557377 0.56557377 0.56557377 0.55737705 0.55737705 0.55737705
 0.55737705 0.55737705 0.55737705 0.55737705 0.55737705 0.55737705
 0.55737705 0.55737705 0.55737705 0.55737705 0.55737705 0.55737705
 0.55737705 0.55737705 0.55737705 0.55737705 0.55737705 0.55737705
 0.55737705 0.55737705 0.54918033 0.54918033 0.54918033 0.54918033
 0.54918033 0.54918033 0.54098361 0.54098361 0.54098361 0.54098361
 0.54098361 0.54098361 0.54098361 0.54098361 0.54098361 0.54098361
 0.54098361 0.54098361 0.54098361 0.54098361 0.53278689 0.52459016
 0.52459016 0.52459016 0.52459016 0.52459016 0.52459016 0.52459016
 0.52459016 0.51639344 0.51639344 0.51639344 0.51639344 0.51639344
 0.50819672 0.50819672 0.50819672 0.50819672 0.50819672 0.50819672
 0.50819672 0.50819672 0.50819672 0.50819672 0.50819672 0.50819672
 0.50819672 0.50819672 0.50819672 0.50819672 0.50819672 0.50819672
 0.50819672 0.50819672 0.50819672 0.50819672 0.50819672 0.50819672
 0.5        0.5        0.5        0.5        0.5        0.49180328
 0.49180328 0.48360656 0.48360656 0.48360656 0.48360656 0.48360656
 0.48360656 0.48360656 0.48360656 0.48360656 0.48360656 0.47540984
 0.47540984 0.47540984 0.47540984 0.46721311 0.46721311 0.46721311
 0.46721311 0.46721311 0.46721311 0.46721311 0.46721311 0.46721311
 0.46721311 0.46721311 0.46721311 0.45901639 0.45901639 0.45901639
 0.45901639 0.45901639 0.45901639 0.45901639 0.45901639 0.45901639
 0.45901639 0.45901639 0.45901639 0.45901639 0.45901639 0.45901639
 0.45901639 0.45901639 0.45901639 0.45081967 0.45081967 0.45081967
 0.45081967 0.45081967 0.45081967 0.45081967 0.45081967 0.44262295
 0.44262295 0.44262295 0.44262295 0.44262295 0.44262295 0.44262295
 0.44262295 0.44262295 0.44262295 0.44262295 0.44262295 0.44262295
 0.44262295 0.44262295 0.44262295 0.43442623 0.43442623 0.43442623
 0.43442623 0.43442623 0.42622951 0.42622951 0.42622951 0.41803279
 0.41803279 0.41803279 0.41803279 0.41803279 0.41803279 0.41803279
 0.41803279 0.41803279 0.41803279 0.41803279 0.41803279 0.40983607
 0.40983607 0.40983607 0.40983607 0.40983607 0.40983607 0.40983607
 0.40983607 0.40983607 0.40983607 0.40983607 0.40983607 0.40983607
 0.40983607 0.40983607 0.40983607 0.40983607 0.40983607 0.40983607
 0.40983607 0.40983607 0.40983607 0.40983607 0.40983607 0.40163934
 0.40163934 0.39344262 0.39344262 0.39344262 0.39344262 0.39344262
 0.39344262 0.3852459  0.37704918 0.37704918 0.37704918 0.37704918
 0.37704918 0.37704918 0.37704918 0.37704918 0.36885246 0.36885246
 0.36885246 0.36885246 0.36885246 0.36885246 0.36885246 0.36885246
 0.36885246 0.36885246 0.36885246 0.36885246 0.36885246 0.36885246
 0.36065574 0.36065574 0.35245902 0.35245902 0.3442623  0.3442623
 0.33606557 0.33606557 0.33606557 0.33606557 0.33606557 0.33606557
 0.32786885 0.32786885 0.32786885 0.31967213 0.31967213 0.31147541
 0.31147541 0.31147541 0.31147541 0.31147541 0.31147541 0.31147541
 0.31147541 0.31147541 0.31147541 0.31147541 0.31147541 0.31147541
 0.31147541 0.31147541 0.31147541 0.31147541 0.31147541 0.31147541
 0.31147541 0.31147541 0.31147541 0.30327869 0.30327869 0.30327869
 0.30327869 0.30327869 0.30327869 0.30327869 0.30327869 0.30327869
 0.30327869 0.30327869 0.29508197 0.29508197 0.29508197 0.29508197
 0.29508197 0.29508197 0.28688525 0.28688525 0.28688525 0.28688525
 0.28688525 0.28688525 0.28688525 0.28688525 0.28688525 0.28688525
 0.28688525 0.28688525 0.28688525 0.28688525 0.27868852 0.2704918
 0.2704918  0.2704918  0.2704918  0.2704918  0.2704918  0.2704918
 0.2704918  0.2704918  0.2704918  0.26229508 0.26229508 0.26229508
 0.26229508 0.26229508 0.26229508 0.25409836 0.25409836 0.25409836
 0.25409836 0.25409836 0.25409836 0.24590164 0.24590164 0.24590164
 0.24590164 0.24590164 0.24590164 0.24590164 0.24590164 0.24590164
 0.24590164 0.24590164 0.24590164 0.24590164 0.24590164 0.24590164
 0.24590164 0.24590164 0.24590164 0.24590164 0.24590164 0.24590164
 0.24590164 0.23770492 0.23770492 0.23770492 0.23770492 0.23770492
 0.23770492 0.23770492 0.2295082  0.2295082  0.2295082  0.2295082
 0.2295082  0.22131148 0.22131148 0.22131148 0.22131148 0.22131148
 0.22131148 0.22131148 0.22131148 0.22131148 0.22131148 0.22131148
 0.22131148 0.22131148 0.22131148 0.21311475 0.21311475 0.21311475
 0.20491803 0.20491803 0.20491803 0.20491803 0.20491803 0.20491803
 0.20491803 0.20491803 0.20491803 0.20491803 0.20491803 0.20491803
 0.20491803 0.20491803 0.20491803 0.19672131 0.19672131 0.18852459
 0.18852459 0.18852459 0.18852459 0.18032787 0.18032787 0.18032787
 0.18032787 0.18032787 0.18032787 0.18032787 0.18032787 0.18032787
 0.18032787 0.18032787 0.17213115 0.16393443 0.16393443 0.16393443
 0.16393443 0.16393443 0.16393443 0.16393443 0.16393443 0.16393443
 0.16393443 0.16393443 0.16393443 0.1557377  0.14754098 0.14754098
 0.14754098 0.14754098 0.14754098 0.14754098 0.14754098 0.13934426
 0.13934426 0.13934426 0.13934426 0.13934426 0.13934426 0.13934426
 0.13934426 0.13934426 0.13934426 0.13934426 0.13934426 0.13934426
 0.13934426 0.13934426 0.13934426 0.13934426 0.13934426 0.13934426
 0.13934426 0.13934426 0.13934426 0.13934426 0.13114754 0.13114754
 0.13114754 0.13114754 0.12295082 0.1147541  0.1147541  0.10655738
 0.10655738 0.10655738 0.10655738 0.10655738 0.10655738 0.10655738
 0.10655738 0.10655738 0.10655738 0.10655738 0.10655738 0.09836066
 0.09836066 0.09836066 0.09836066 0.09836066 0.09836066 0.09016393
 0.09016393 0.09016393 0.09016393 0.08196721 0.08196721 0.08196721
 0.08196721 0.08196721 0.08196721 0.08196721 0.07377049 0.07377049
 0.07377049 0.07377049 0.06557377 0.06557377 0.06557377 0.06557377
 0.06557377 0.05737705 0.04918033 0.04918033 0.04918033 0.04918033
 0.04098361 0.04098361 0.04098361 0.04098361 0.04098361 0.04098361
 0.03278689 0.02459016 0.02459016 0.02459016 0.01639344 0.01639344
 0.01639344 0.01639344 0.01639344 0.01639344 0.01639344 0.00819672
 0.00819672 0.00819672 0.00819672 0.00819672 0.00819672 0.
 0.         0.         0.         0.         0.        ]","[4.24177701e-10 3.10679254e-08 3.78951827e-08 6.09296476e-08
 1.29234758e-07 4.98824329e-07 8.33838670e-07 1.17235895e-06
 1.27353442e-06 2.58248550e-06 2.84638117e-06 2.86914142e-06
 3.54035676e-06 5.97064967e-06 6.03874071e-06 7.21640608e-06
 7.75559631e-06 9.11408782e-06 1.13397192e-05 1.23611502e-05
 1.55632217e-05 1.70079415e-05 1.76628130e-05 2.00486719e-05
 2.12671722e-05 2.26949004e-05 2.57047309e-05 2.76182027e-05
 3.31618441e-05 3.32295310e-05 3.33358612e-05 3.43110335e-05
 3.45930487e-05 3.52112263e-05 3.83642630e-05 3.84803583e-05
 4.16155492e-05 4.36105736e-05 5.15776044e-05 5.49955842e-05
 5.51837604e-05 6.05476038e-05 6.46053347e-05 6.72231667e-05
 6.74916500e-05 6.78267715e-05 7.31821192e-05 7.65008228e-05
 8.12998602e-05 8.32012806e-05 8.34050907e-05 8.46709524e-05
 8.66280938e-05 9.03028685e-05 9.30644064e-05 9.53642629e-05
 9.67638486e-05 1.03358241e-04 1.05475287e-04 1.07002754e-04
 1.09143536e-04 1.15137040e-04 1.15552005e-04 1.19429774e-04
 1.26164289e-04 1.33224569e-04 1.33573180e-04 1.36159216e-04
 1.38110603e-04 1.38580260e-04 1.39481426e-04 1.43516728e-04
 1.44727501e-04 1.52836794e-04 1.56006537e-04 1.58762365e-04
 1.60777017e-04 1.62675852e-04 1.65913363e-04 1.67531391e-04
 1.69347153e-04 1.76423541e-04 1.84297337e-04 1.86481861e-04
 1.95752392e-04 1.96730116e-04 2.00258459e-04 2.02624538e-04
 2.11545977e-04 2.16371832e-04 2.17187673e-04 2.21197944e-04
 2.21931625e-04 2.23537739e-04 2.27091832e-04 2.28710101e-04
 2.33408495e-04 2.36980689e-04 2.38787086e-04 2.41706444e-04
 2.48287457e-04 2.52343869e-04 2.53978328e-04 2.59735505e-04
 2.61357224e-04 2.63197353e-04 2.64142097e-04 2.64400260e-04
 2.70216141e-04 2.81655906e-04 2.88854392e-04 2.89151161e-04
 3.08203420e-04 3.15010457e-04 3.17773905e-04 3.20075218e-04
 3.22711815e-04 3.32188800e-04 3.68653142e-04 3.82873975e-04
 3.84627244e-04 3.85988724e-04 3.88072931e-04 3.99825714e-04
 4.04959753e-04 4.05188306e-04 4.05478036e-04 4.16786927e-04
 4.17848093e-04 4.19839705e-04 4.20772674e-04 4.25536574e-04
 4.28972260e-04 4.47544244e-04 4.50131036e-04 4.58778116e-04
 4.77802439e-04 4.87426423e-04 4.90838078e-04 4.91768896e-04
 4.97765653e-04 5.02388177e-04 5.05134579e-04 5.07519628e-04
 5.15111441e-04 5.21623596e-04 5.32583431e-04 5.32706662e-04
 5.37443511e-04 5.48596726e-04 5.55974098e-04 5.65778959e-04
 5.77903946e-04 5.94202939e-04 6.04906763e-04 6.07340357e-04
 6.13431807e-04 6.25395988e-04 6.38360242e-04 6.47918897e-04
 6.48044074e-04 6.50220882e-04 6.61159863e-04 6.87134936e-04
 6.88399353e-04 6.89902745e-04 6.98202158e-04 7.01940856e-04
 7.06089681e-04 7.09690353e-04 7.10777956e-04 7.15045682e-04
 7.39280969e-04 7.51230539e-04 7.87169123e-04 7.89448364e-04
 8.09695572e-04 8.19739877e-04 8.23067737e-04 8.37025842e-04
 8.78067479e-04 8.96227449e-04 9.03959187e-04 9.13372301e-04
 9.45724951e-04 9.54290228e-04 9.64204000e-04 9.64370315e-04
 9.94690580e-04 1.00999448e-03 1.02362661e-03 1.04950961e-03
 1.06693499e-03 1.07196211e-03 1.07792363e-03 1.07831608e-03
 1.08089804e-03 1.08884414e-03 1.12390521e-03 1.13231369e-03
 1.13819867e-03 1.14204586e-03 1.15421679e-03 1.17859991e-03
 1.18273108e-03 1.19868534e-03 1.20919863e-03 1.21265191e-03
 1.22074227e-03 1.22384795e-03 1.24849596e-03 1.26890553e-03
 1.27775709e-03 1.27960990e-03 1.30684275e-03 1.33340597e-03
 1.35295612e-03 1.36884963e-03 1.42468845e-03 1.44402977e-03
 1.49198751e-03 1.49430436e-03 1.51484401e-03 1.54532000e-03
 1.62634711e-03 1.63103517e-03 1.64664384e-03 1.64911874e-03
 1.64963394e-03 1.68300064e-03 1.69004319e-03 1.70505060e-03
 1.74904536e-03 1.75007720e-03 1.76257504e-03 1.78590916e-03
 1.78797024e-03 1.79248419e-03 1.79945346e-03 1.80469544e-03
 1.80643274e-03 1.80895508e-03 1.81871671e-03 1.82198203e-03
 1.89669381e-03 1.91706793e-03 1.93770025e-03 1.93841905e-03
 1.93916864e-03 1.94742008e-03 1.94878516e-03 1.95039467e-03
 1.99301776e-03 2.01149710e-03 2.01779677e-03 2.04262219e-03
 2.06680355e-03 2.08490190e-03 2.12123389e-03 2.13146026e-03
 2.18177304e-03 2.19398584e-03 2.21085080e-03 2.23087691e-03
 2.23173676e-03 2.23671663e-03 2.24661561e-03 2.27740990e-03
 2.31555557e-03 2.34047426e-03 2.34540215e-03 2.36383462e-03
 2.37317408e-03 2.37498398e-03 2.41696056e-03 2.44158270e-03
 2.45664124e-03 2.50283994e-03 2.51107196e-03 2.51934997e-03
 2.52078046e-03 2.53012205e-03 2.61737651e-03 2.61864365e-03
 2.64168132e-03 2.68672151e-03 2.69020299e-03 2.75673644e-03
 2.78324126e-03 2.81263954e-03 2.85255267e-03 2.85650474e-03
 2.86696976e-03 2.87783648e-03 2.90669725e-03 2.99937232e-03
 3.00690016e-03 3.03383741e-03 3.06293502e-03 3.09583107e-03
 3.20589500e-03 3.20832328e-03 3.26548430e-03 3.28646209e-03
 3.30444481e-03 3.34527280e-03 3.39756733e-03 3.49501570e-03
 3.54899748e-03 3.57180815e-03 3.64442465e-03 3.73166584e-03
 3.86964506e-03 3.90465941e-03 3.99482045e-03 4.01245746e-03
 4.02254492e-03 4.07055602e-03 4.08617153e-03 4.10518311e-03
 4.10680800e-03 4.12415608e-03 4.16205490e-03 4.24271363e-03
 4.26207183e-03 4.28032209e-03 4.41795538e-03 4.46162140e-03
 4.46939028e-03 4.53796575e-03 4.69002287e-03 4.70607075e-03
 4.78864894e-03 4.92042351e-03 4.93725182e-03 4.95047631e-03
 5.00515577e-03 5.04372076e-03 5.14451934e-03 5.21158720e-03
 5.22296133e-03 5.25799143e-03 5.27369763e-03 5.31268393e-03
 5.45772643e-03 5.46140839e-03 5.51425535e-03 5.53153368e-03
 5.55793698e-03 5.56052571e-03 5.59423148e-03 5.63333063e-03
 5.67381961e-03 5.70360540e-03 5.81193969e-03 5.88386530e-03
 5.96163131e-03 5.96200349e-03 5.98635096e-03 6.01985515e-03
 6.05614034e-03 6.07895403e-03 6.12759591e-03 6.19540101e-03
 6.22658954e-03 6.35584864e-03 6.65302627e-03 6.65398164e-03
 6.84614367e-03 6.99509674e-03 7.01381758e-03 7.01888914e-03
 7.02349711e-03 7.13072084e-03 7.14675780e-03 7.16165869e-03
 7.19121488e-03 7.28884331e-03 7.47154729e-03 7.59413812e-03
 7.65308968e-03 7.66203588e-03 7.81693862e-03 7.83422708e-03
 7.83882303e-03 7.90324962e-03 8.05966375e-03 8.06524217e-03
 8.13422578e-03 8.36864830e-03 8.43296008e-03 8.47372397e-03
 8.64770813e-03 8.65063599e-03 8.65980680e-03 8.73918297e-03
 8.79770809e-03 9.13067163e-03 9.13200380e-03 9.22614168e-03
 9.22663264e-03 9.29062530e-03 9.41546523e-03 9.52096179e-03
 9.55523198e-03 9.68421293e-03 9.73876676e-03 9.79511251e-03
 9.85617131e-03 9.94129204e-03 1.00165142e-02 1.00528560e-02
 1.00913328e-02 1.01251325e-02 1.02033506e-02 1.04482062e-02
 1.04557321e-02 1.04587512e-02 1.04700497e-02 1.05050837e-02
 1.05058326e-02 1.05652306e-02 1.06059341e-02 1.07292134e-02
 1.08655515e-02 1.09452630e-02 1.10953288e-02 1.13492388e-02
 1.13522010e-02 1.15020323e-02 1.16052451e-02 1.17905684e-02
 1.19598157e-02 1.22403559e-02 1.24358223e-02 1.24491119e-02
 1.24978288e-02 1.25029148e-02 1.25068655e-02 1.25098343e-02
 1.26466404e-02 1.28186926e-02 1.30026359e-02 1.30168398e-02
 1.31185253e-02 1.31329044e-02 1.32952520e-02 1.33901021e-02
 1.36471580e-02 1.37178722e-02 1.37639389e-02 1.38584487e-02
 1.43411031e-02 1.49581461e-02 1.50406694e-02 1.51356497e-02
 1.51517612e-02 1.55505293e-02 1.56922001e-02 1.58454739e-02
 1.59096296e-02 1.61411688e-02 1.61519292e-02 1.61632190e-02
 1.63105031e-02 1.63546251e-02 1.64348575e-02 1.65375353e-02
 1.66516727e-02 1.68395524e-02 1.68518472e-02 1.74531168e-02
 1.78343667e-02 1.84155473e-02 1.85119697e-02 1.85183604e-02
 1.87820453e-02 1.88009208e-02 1.96924055e-02 1.97047382e-02
 1.97379516e-02 1.97800675e-02 2.02120412e-02 2.04497895e-02
 2.06134577e-02 2.09742488e-02 2.13452684e-02 2.14092307e-02
 2.15196445e-02 2.16062689e-02 2.16875089e-02 2.18317212e-02
 2.18440372e-02 2.19336671e-02 2.22794370e-02 2.23888703e-02
 2.24959075e-02 2.33496908e-02 2.33970507e-02 2.34686736e-02
 2.37348827e-02 2.38083133e-02 2.38232907e-02 2.47166718e-02
 2.47790620e-02 2.50657190e-02 2.51575530e-02 2.51953971e-02
 2.53616650e-02 2.54769582e-02 2.57569386e-02 2.57755580e-02
 2.67010754e-02 2.68167757e-02 2.74751044e-02 2.85022369e-02
 2.93293099e-02 2.93883096e-02 2.96897462e-02 2.97604387e-02
 3.02840186e-02 3.17605785e-02 3.18203634e-02 3.21687188e-02
 3.22144793e-02 3.22466746e-02 3.22907368e-02 3.26631922e-02
 3.31817517e-02 3.32616024e-02 3.33706973e-02 3.36754576e-02
 3.38380416e-02 3.40578776e-02 3.48826894e-02 3.51488859e-02
 3.52504009e-02 3.68368299e-02 3.70609785e-02 3.72557060e-02
 3.73234871e-02 3.88651840e-02 3.92877502e-02 3.94925580e-02
 4.00835501e-02 4.10174109e-02 4.13313883e-02 4.15532030e-02
 4.22870626e-02 4.35838212e-02 4.39139780e-02 4.48105268e-02
 4.48456310e-02 4.48489465e-02 4.49709703e-02 4.52140413e-02
 4.52681578e-02 4.58487912e-02 4.73042066e-02 4.83261950e-02
 4.86556048e-02 4.95291644e-02 4.98377676e-02 5.09489836e-02
 5.11094671e-02 5.20186989e-02 5.25446366e-02 5.31377729e-02
 5.39664593e-02 5.44051263e-02 5.45097157e-02 5.46406412e-02
 5.50493269e-02 5.56489610e-02 5.68790499e-02 5.68912272e-02
 5.70135031e-02 5.70450557e-02 5.78395179e-02 5.95931169e-02
 5.96619293e-02 5.97349518e-02 5.99031881e-02 6.11723536e-02
 6.15966968e-02 6.36462747e-02 6.36503281e-02 6.43003093e-02
 6.44115600e-02 6.51002755e-02 6.61441998e-02 6.61561226e-02
 6.65629733e-02 6.68178431e-02 6.80358093e-02 6.87220563e-02
 6.90369667e-02 6.98719934e-02 7.06471950e-02 7.34501697e-02
 7.38332494e-02 7.42868038e-02 7.56670746e-02 7.57655212e-02
 7.65841404e-02 7.66731561e-02 7.67658840e-02 7.69572923e-02
 7.79020113e-02 7.87580031e-02 7.92399571e-02 8.01864960e-02
 8.11890101e-02 8.18710171e-02 8.30432043e-02 8.32158994e-02
 8.34327904e-02 8.41043712e-02 8.43771161e-02 8.46697541e-02
 8.48743653e-02 8.52430300e-02 8.56691144e-02 8.65791515e-02
 8.69238916e-02 8.70363219e-02 8.87924156e-02 8.93497633e-02
 9.04559602e-02 9.06418421e-02 9.15015402e-02 9.28175638e-02
 9.28404060e-02 9.29870550e-02 9.34311077e-02 9.38017438e-02
 9.50075870e-02 9.53027432e-02 9.66956214e-02 9.89501573e-02
 1.00161600e-01 1.01121971e-01 1.02116869e-01 1.06295802e-01
 1.06588740e-01 1.07002603e-01 1.08685213e-01 1.08770754e-01
 1.09334550e-01 1.09699493e-01 1.09755116e-01 1.10841434e-01
 1.11372196e-01 1.13148208e-01 1.13557153e-01 1.14665255e-01
 1.14789641e-01 1.15637382e-01 1.15927365e-01 1.16386425e-01
 1.16557143e-01 1.17776542e-01 1.19064215e-01 1.19188231e-01
 1.24130521e-01 1.24327214e-01 1.27245665e-01 1.31123089e-01
 1.34851796e-01 1.35217297e-01 1.36821228e-01 1.37700620e-01
 1.39701916e-01 1.40457518e-01 1.41975847e-01 1.43204202e-01
 1.49845516e-01 1.54013942e-01 1.54328460e-01 1.58467794e-01
 1.58960381e-01 1.59319307e-01 1.59857351e-01 1.59870308e-01
 1.61836719e-01 1.65242601e-01 1.66036323e-01 1.68097358e-01
 1.68778957e-01 1.68882793e-01 1.69782121e-01 1.77589359e-01
 1.78620588e-01 1.84097882e-01 1.85795691e-01 1.86414215e-01
 1.88312886e-01 1.91560359e-01 1.91929026e-01 1.91968269e-01
 1.93722407e-01 1.93970123e-01 1.94252852e-01 1.94264351e-01
 1.96938780e-01 1.97295367e-01 1.98714042e-01 2.02075647e-01
 2.04049895e-01 2.04058852e-01 2.05131388e-01 2.06504165e-01
 2.09582441e-01 2.14019325e-01 2.14746856e-01 2.14827718e-01
 2.15963695e-01 2.18789725e-01 2.19199319e-01 2.19979709e-01
 2.21934955e-01 2.23500066e-01 2.24036803e-01 2.25264942e-01
 2.27243603e-01 2.28045893e-01 2.28201290e-01 2.29449643e-01
 2.30732725e-01 2.31521843e-01 2.35970586e-01 2.42897936e-01
 2.45112784e-01 2.47783950e-01 2.50099784e-01 2.50297540e-01
 2.53436047e-01 2.59464841e-01 2.63484789e-01 2.66502816e-01
 2.66688786e-01 2.67094226e-01 2.68241810e-01 2.69008429e-01
 2.77934975e-01 2.78571364e-01 2.81387003e-01 2.81852998e-01
 2.90346379e-01 2.90846631e-01 2.91047974e-01 3.01626669e-01
 3.02557764e-01 3.03884464e-01 3.15688314e-01 3.16619447e-01
 3.17152067e-01 3.18864705e-01 3.19871030e-01 3.22717672e-01
 3.27239052e-01 3.31848955e-01 3.34146748e-01 3.37428213e-01
 3.41015658e-01 3.42942461e-01 3.47822429e-01 3.50120120e-01
 3.53868868e-01 3.60530595e-01 3.60577868e-01 3.63064297e-01
 3.63441550e-01 3.64698935e-01 3.74376507e-01 3.78451289e-01
 3.79672256e-01 3.82022367e-01 3.87440855e-01 3.92929736e-01
 3.94803291e-01 3.94813263e-01 4.03145595e-01 4.12927200e-01
 4.15459295e-01 4.24536142e-01 4.24891361e-01 4.25559121e-01
 4.30224757e-01 4.31884495e-01 4.33416626e-01 4.34058587e-01
 4.39060894e-01 4.44177331e-01 4.45782682e-01 4.47020250e-01
 4.49855061e-01 4.55708775e-01 4.57783762e-01 4.57801085e-01
 4.58350822e-01 4.58672060e-01 4.61447340e-01 4.62801117e-01
 4.63019055e-01 4.63591763e-01 4.71494672e-01 4.76088167e-01
 4.78088595e-01 4.78545055e-01 4.79036971e-01 4.79845414e-01
 4.81331541e-01 4.81629948e-01 4.82206406e-01 4.90091421e-01
 4.91130304e-01 4.93564849e-01 5.03536026e-01 5.04607985e-01
 5.11466502e-01 5.13301951e-01 5.18546936e-01 5.21902768e-01
 5.22512301e-01 5.26586414e-01 5.26813451e-01 5.31367575e-01
 5.32965976e-01 5.33422968e-01 5.37385153e-01 5.38028274e-01
 5.38785078e-01 5.50373673e-01 5.50958217e-01 5.60999520e-01
 5.63433810e-01 5.64840397e-01 5.68372829e-01 5.72738608e-01
 5.75471699e-01 5.75642942e-01 5.79884100e-01 5.85510467e-01
 5.90068661e-01 5.90362635e-01 5.90760140e-01 6.00443683e-01
 6.02556365e-01 6.07572050e-01 6.09416695e-01 6.10326408e-01
 6.13799208e-01 6.17353402e-01 6.22990022e-01 6.23864307e-01
 6.29275046e-01 6.33948670e-01 6.38610747e-01 6.48627127e-01
 6.56780892e-01 6.63359672e-01 6.64394294e-01 6.64522101e-01
 6.66491158e-01 6.85521385e-01 6.87067833e-01 6.92161215e-01
 6.94856095e-01 6.97713513e-01 7.02094373e-01 7.08152883e-01
 7.21785206e-01 7.26818691e-01 7.29441636e-01 7.36715564e-01
 7.54945946e-01 7.57285773e-01 7.61014570e-01 7.63126293e-01
 7.76302074e-01 7.78807646e-01 7.79973325e-01 7.94148693e-01
 7.99237000e-01 8.17022392e-01 8.18048969e-01 8.18345680e-01
 8.19262923e-01 8.21119839e-01 8.21989469e-01 8.29443531e-01
 8.38677883e-01 8.48979541e-01 8.55492021e-01 8.55705642e-01
 8.58298616e-01 8.64112040e-01 8.66799668e-01 8.66965425e-01
 8.71107038e-01 8.75085788e-01 8.75097180e-01 8.75746542e-01
 8.77624436e-01 8.87823845e-01 8.89071235e-01 8.89483130e-01
 8.95972976e-01 9.00830557e-01 9.01178428e-01 9.02005696e-01
 9.02962878e-01 9.03670498e-01 9.05177238e-01 9.05632740e-01
 9.06073434e-01 9.06346829e-01 9.11336327e-01 9.11515102e-01
 9.11614035e-01 9.15110844e-01 9.16479096e-01 9.18484288e-01
 9.22638962e-01 9.25040829e-01 9.25449587e-01 9.28517125e-01
 9.35734960e-01 9.38571288e-01 9.41673135e-01 9.45155315e-01
 9.49077812e-01 9.53853020e-01 9.56305661e-01 9.62047677e-01
 9.67901057e-01 9.69126696e-01 9.69194177e-01 9.70114133e-01
 9.75957853e-01 9.79532804e-01 9.79560955e-01 9.81482952e-01
 9.84565441e-01 9.86393594e-01 9.87976865e-01 9.89847306e-01
 9.93462729e-01 9.96334817e-01 9.96659152e-01 9.96677435e-01
 9.96888399e-01 9.97386332e-01 9.97876755e-01 9.98452774e-01
 9.98768387e-01 9.99609496e-01 9.99798854e-01 9.99854496e-01
 9.99878992e-01 9.99909852e-01 9.99971716e-01 9.99996530e-01]"
Hyperledger,is_change_text_num_words_15,Empty,[],0.8734439834024896,"[[842   0]
 [122   0]]","              precision    recall  f1-score   support

           0       0.87      1.00      0.93       842
           1       0.00      0.00      0.00       122

    accuracy                           0.87       964
   macro avg       0.44      0.50      0.47       964
weighted avg       0.76      0.87      0.81       964
",0.5632780082987552,0.12655601659751037,0.5,"0      0
1      0
2      0
3      0
4      0
      ..
959    0
960    0
961    0
962    0
963    0
Name: label_is_empty, Length: 964, dtype: int64",[0.12655602 1.        ],[1. 0.],[0.]
Hyperledger,is_change_text_num_words_15,Zero,[],0.8734439834024896,"[[842   0]
 [122   0]]","              precision    recall  f1-score   support

           0       0.87      1.00      0.93       842
           1       0.00      0.00      0.00       122

    accuracy                           0.87       964
   macro avg       0.44      0.50      0.47       964
weighted avg       0.76      0.87      0.81       964
",0.5632780082987552,0.12655601659751037,0.5,"0      0
1      0
2      0
3      0
4      0
      ..
959    0
960    0
961    0
962    0
963    0
Name: all, Length: 964, dtype: int64",[0.12655602 1.        ],[1. 0.],[0.]
Hyperledger,is_change_text_num_words_15,Random,[],0.49896265560165975,"[[420 422]
 [ 61  61]]","              precision    recall  f1-score   support

           0       0.87      0.50      0.63       842
           1       0.13      0.50      0.20       122

    accuracy                           0.50       964
   macro avg       0.50      0.50      0.42       964
weighted avg       0.78      0.50      0.58       964
",0.11607535137050976,0.11784780265789618,0.4851835987695183,"0      0
1      1
2      1
3      0
4      1
      ..
959    0
960    1
961    0
962    1
963    0
Name: pred, Length: 964, dtype: int64","[0.12655602 0.12668744 0.12681913 0.12695109 0.12708333 0.1261731
 0.1263048  0.12643678 0.12656904 0.12670157 0.12683438 0.12696747
 0.12710084 0.12723449 0.12736842 0.12750263 0.12763713 0.12777191
 0.12790698 0.12698413 0.12605932 0.126193   0.12632696 0.12646121
 0.12659574 0.12673056 0.12686567 0.12700107 0.12606838 0.12513369
 0.124197   0.12433012 0.12446352 0.12459721 0.12473118 0.12486545
 0.125      0.12513484 0.12526998 0.12540541 0.12554113 0.12567714
 0.12581345 0.12595005 0.12608696 0.12622416 0.12636166 0.12649945
 0.12663755 0.12677596 0.12691466 0.12705367 0.12719298 0.1273326
 0.12747253 0.12761276 0.1277533  0.12789416 0.12693157 0.12707182
 0.12721239 0.12735327 0.12749446 0.12763596 0.12777778 0.12791991
 0.12806236 0.12820513 0.12834821 0.12849162 0.12863535 0.1287794
 0.12892377 0.12906846 0.12921348 0.12935883 0.1295045  0.12965051
 0.12866817 0.12881356 0.12895928 0.12910532 0.1292517  0.12939841
 0.12840909 0.12855518 0.12870159 0.12884835 0.12785388 0.128
 0.12814645 0.12829324 0.12729358 0.12629162 0.12643678 0.12658228
 0.12672811 0.12687428 0.12586605 0.12601156 0.12615741 0.12630359
 0.12645012 0.12659698 0.12674419 0.12689173 0.12703963 0.12718786
 0.12733645 0.12748538 0.12763466 0.12778429 0.12793427 0.12808461
 0.12705882 0.12720848 0.12735849 0.12750885 0.12647754 0.12662722
 0.12677725 0.12692764 0.12707838 0.12722949 0.12738095 0.12634088
 0.12649165 0.12664277 0.12679426 0.12694611 0.12709832 0.1272509
 0.12620192 0.12635379 0.12650602 0.12665862 0.12681159 0.12696493
 0.12711864 0.12727273 0.12621359 0.12515188 0.12530414 0.12545676
 0.12560976 0.12576313 0.12591687 0.12607099 0.12622549 0.12638037
 0.12653563 0.12669127 0.12561576 0.12577065 0.12592593 0.12484549
 0.125      0.12515489 0.12531017 0.12546584 0.12562189 0.12577833
 0.12593516 0.12609238 0.125      0.12515645 0.12531328 0.12547051
 0.12562814 0.12578616 0.12594458 0.1261034  0.125      0.12515803
 0.12531646 0.12547529 0.12563452 0.12579416 0.1259542  0.12484076
 0.12372449 0.1238825  0.12404092 0.12419974 0.12435897 0.12451861
 0.12467866 0.12483912 0.125      0.12516129 0.125323   0.12548512
 0.12564767 0.12581064 0.12597403 0.12613784 0.12630208 0.12646675
 0.12663185 0.12679739 0.12696335 0.12712975 0.12729659 0.12746386
 0.12763158 0.12779974 0.12796834 0.12813738 0.12830688 0.12847682
 0.12864721 0.12881806 0.12898936 0.12916112 0.12933333 0.12817089
 0.12700535 0.12583668 0.12600536 0.1261745  0.12634409 0.12651413
 0.12668464 0.1268556  0.12702703 0.12719892 0.12737127 0.1275441
 0.12771739 0.12789116 0.1280654  0.12824011 0.1284153  0.12859097
 0.12739726 0.12620027 0.12637363 0.12654746 0.12672176 0.12689655
 0.12707182 0.12724758 0.12742382 0.12760055 0.12777778 0.12795549
 0.1281337  0.12831241 0.12849162 0.12867133 0.12885154 0.12762973
 0.12780899 0.12798875 0.12816901 0.12834979 0.12853107 0.12871287
 0.12889518 0.12907801 0.12926136 0.12944523 0.12962963 0.12981455
 0.13       0.13018598 0.13037249 0.13055954 0.13074713 0.13093525
 0.13112392 0.12987013 0.1300578  0.13024602 0.13043478 0.13062409
 0.13081395 0.13100437 0.13119534 0.13138686 0.13157895 0.1317716
 0.13196481 0.13215859 0.13235294 0.13254786 0.13274336 0.13293944
 0.1316568  0.13037037 0.1305638  0.1307578  0.13095238 0.12965723
 0.12985075 0.13004484 0.13023952 0.13043478 0.13063063 0.13082707
 0.1310241  0.13122172 0.13141994 0.13161876 0.13030303 0.13050076
 0.13069909 0.13089802 0.13109756 0.13129771 0.13149847 0.13016845
 0.1303681  0.13056836 0.12923077 0.12942989 0.12962963 0.12828439
 0.12848297 0.12868217 0.12888199 0.12908243 0.12772586 0.12792512
 0.128125   0.12832551 0.12852665 0.12872841 0.12893082 0.12913386
 0.12933754 0.12954186 0.12974684 0.12995246 0.12857143 0.12718601
 0.12738854 0.12759171 0.12779553 0.128      0.12820513 0.12841091
 0.12700965 0.12721417 0.12741935 0.1276252  0.12783172 0.1280389
 0.12824675 0.12845528 0.1286645  0.12887439 0.12745098 0.12765957
 0.12786885 0.12807882 0.12828947 0.12850082 0.12871287 0.12727273
 0.12748344 0.12603648 0.12624585 0.12645591 0.12666667 0.12687813
 0.1270903  0.12730318 0.12751678 0.12773109 0.12626263 0.12647555
 0.12668919 0.12690355 0.12711864 0.12563667 0.12585034 0.12606474
 0.12627986 0.12649573 0.12671233 0.12692967 0.12542955 0.12564544
 0.12586207 0.12435233 0.12283737 0.12305026 0.12326389 0.12347826
 0.12369338 0.12390925 0.12412587 0.12434326 0.1245614  0.12478032
 0.125      0.12522046 0.1254417  0.12566372 0.12588652 0.12611012
 0.12633452 0.12477718 0.125      0.12522361 0.12544803 0.12567325
 0.12589928 0.12612613 0.12635379 0.12658228 0.12681159 0.12704174
 0.12727273 0.12568306 0.12408759 0.12431444 0.12271062 0.12293578
 0.12316176 0.12338858 0.12177122 0.1219963  0.12222222 0.12244898
 0.12267658 0.12290503 0.12313433 0.12336449 0.12359551 0.12382739
 0.12406015 0.12429379 0.12264151 0.12287335 0.12121212 0.12144213
 0.121673   0.12190476 0.1221374  0.12237094 0.12068966 0.12092131
 0.12115385 0.12138728 0.12162162 0.12185687 0.12209302 0.1223301
 0.12256809 0.12280702 0.12304688 0.12328767 0.12352941 0.1237721
 0.12401575 0.12426036 0.12450593 0.12475248 0.12301587 0.12326044
 0.12350598 0.1237525  0.124      0.1242485  0.12449799 0.12474849
 0.125      0.12525253 0.12550607 0.12373225 0.12398374 0.12423625
 0.1244898  0.12474438 0.125      0.12525667 0.1255144  0.1257732
 0.12603306 0.126294   0.12655602 0.12681913 0.12708333 0.12734864
 0.12761506 0.1278826  0.12815126 0.12842105 0.12658228 0.12684989
 0.12711864 0.12738854 0.12765957 0.12793177 0.12606838 0.12633833
 0.12660944 0.12688172 0.12715517 0.12742981 0.12770563 0.12798265
 0.12826087 0.12854031 0.12882096 0.12910284 0.12719298 0.12747253
 0.1277533  0.12582781 0.12389381 0.12416851 0.12222222 0.12249443
 0.12053571 0.12080537 0.12107623 0.12134831 0.12162162 0.12189616
 0.1199095  0.12018141 0.12045455 0.12072893 0.12100457 0.12128146
 0.12155963 0.12183908 0.12211982 0.12240185 0.12268519 0.12296984
 0.12325581 0.12354312 0.12383178 0.12412178 0.12441315 0.12470588
 0.12264151 0.12056738 0.12085308 0.12114014 0.12142857 0.12171838
 0.12200957 0.11990408 0.12019231 0.12048193 0.12077295 0.12106538
 0.12135922 0.1216545  0.1195122  0.1198044  0.12009804 0.11793612
 0.1182266  0.11851852 0.11881188 0.1191067  0.11940299 0.11970075
 0.12       0.12030075 0.12060302 0.1209068  0.12121212 0.12151899
 0.12182741 0.1221374  0.12244898 0.1202046  0.12051282 0.11825193
 0.1185567  0.11627907 0.11658031 0.11688312 0.1171875  0.11749347
 0.11780105 0.11811024 0.11842105 0.11873351 0.11904762 0.1193634
 0.11968085 0.12       0.12032086 0.12064343 0.12096774 0.1212938
 0.11891892 0.11924119 0.11956522 0.11989101 0.12021858 0.12054795
 0.12087912 0.12121212 0.12154696 0.12188366 0.11944444 0.11699164
 0.11731844 0.11484594 0.11516854 0.11267606 0.11299435 0.11331445
 0.11363636 0.11396011 0.11428571 0.11461318 0.11206897 0.11239193
 0.11271676 0.11014493 0.11046512 0.11078717 0.11111111 0.1085044
 0.10882353 0.10914454 0.10946746 0.10979228 0.11011905 0.11044776
 0.11077844 0.11111111 0.11144578 0.11178248 0.10909091 0.10942249
 0.1097561  0.11009174 0.11042945 0.11076923 0.11111111 0.11145511
 0.11180124 0.11214953 0.1125     0.11285266 0.11320755 0.11356467
 0.11075949 0.11111111 0.11146497 0.11182109 0.11217949 0.11254019
 0.11290323 0.11326861 0.11363636 0.11400651 0.11437908 0.1147541
 0.11513158 0.11551155 0.11589404 0.11627907 0.11333333 0.11371237
 0.11409396 0.11447811 0.11486486 0.11525424 0.11564626 0.11604096
 0.11643836 0.11683849 0.11724138 0.11418685 0.11111111 0.11149826
 0.11188811 0.1122807  0.11267606 0.1130742  0.11347518 0.113879
 0.11071429 0.11111111 0.10791367 0.10830325 0.10869565 0.10909091
 0.10583942 0.10622711 0.10661765 0.10701107 0.1037037  0.10408922
 0.10074627 0.1011236  0.09774436 0.09811321 0.09848485 0.09885932
 0.09923664 0.09961686 0.1        0.1003861  0.10077519 0.10116732
 0.1015625  0.10196078 0.1023622  0.1027668  0.09920635 0.09960159
 0.1        0.10040161 0.10080645 0.10121457 0.10162602 0.09795918
 0.09836066 0.09876543 0.09917355 0.09958506 0.1        0.10041841
 0.10084034 0.10126582 0.09745763 0.09787234 0.0982906  0.09871245
 0.09913793 0.0995671  0.1        0.10043668 0.10087719 0.10132159
 0.10176991 0.10222222 0.10267857 0.10313901 0.1036036  0.09954751
 0.1        0.10045662 0.10091743 0.10138249 0.10185185 0.10232558
 0.10280374 0.09859155 0.0990566  0.09952607 0.1        0.10047847
 0.09615385 0.09661836 0.09708738 0.09756098 0.09803922 0.09852217
 0.0990099  0.09950249 0.1        0.10050251 0.1010101  0.10152284
 0.10204082 0.1025641  0.10309278 0.10362694 0.10416667 0.10471204
 0.10526316 0.10582011 0.10638298 0.10695187 0.10752688 0.10810811
 0.10869565 0.10928962 0.10989011 0.11049724 0.11111111 0.10614525
 0.10674157 0.10734463 0.10795455 0.10857143 0.1091954  0.10982659
 0.11046512 0.11111111 0.11176471 0.11242604 0.10714286 0.10778443
 0.10843373 0.1030303  0.10365854 0.10429448 0.10493827 0.10559006
 0.10625    0.10062893 0.10126582 0.10191083 0.1025641  0.10322581
 0.1038961  0.10457516 0.10526316 0.10596026 0.10666667 0.10738255
 0.10810811 0.10884354 0.10958904 0.11034483 0.11111111 0.11188811
 0.11267606 0.11347518 0.11428571 0.11510791 0.11594203 0.11678832
 0.11764706 0.11851852 0.11940299 0.11278195 0.11363636 0.11450382
 0.11538462 0.11627907 0.109375   0.11023622 0.11111111 0.112
 0.11290323 0.11382114 0.1147541  0.11570248 0.10833333 0.1092437
 0.11016949 0.11111111 0.11206897 0.11304348 0.11403509 0.11504425
 0.11607143 0.11711712 0.10909091 0.11009174 0.11111111 0.11214953
 0.10377358 0.1047619  0.10576923 0.10679612 0.09803922 0.0990099
 0.09       0.09090909 0.09183673 0.09278351 0.09375    0.08421053
 0.08510638 0.08602151 0.08695652 0.08791209 0.08888889 0.08988764
 0.09090909 0.08045977 0.08139535 0.07058824 0.07142857 0.07228916
 0.07317073 0.07407407 0.0625     0.06329114 0.06410256 0.06493506
 0.06578947 0.05333333 0.05405405 0.04109589 0.04166667 0.04225352
 0.04285714 0.04347826 0.04411765 0.04477612 0.04545455 0.04615385
 0.046875   0.04761905 0.0483871  0.04918033 0.05       0.05084746
 0.03448276 0.03508772 0.03571429 0.03636364 0.03703704 0.03773585
 0.03846154 0.03921569 0.04       0.04081633 0.04166667 0.04255319
 0.04347826 0.04444444 0.04545455 0.04651163 0.04761905 0.04878049
 0.05       0.05128205 0.05263158 0.05405405 0.05555556 0.05714286
 0.05882353 0.06060606 0.0625     0.06451613 0.06666667 0.03448276
 0.03571429 0.03703704 0.03846154 0.04       0.04166667 0.04347826
 0.04545455 0.04761905 0.05       0.05263158 0.         0.
 0.         0.         0.         0.         0.         0.
 0.         0.         0.         0.         0.         0.
 0.         0.         0.         0.         1.        ]","[1.         1.         1.         1.         1.         0.99180328
 0.99180328 0.99180328 0.99180328 0.99180328 0.99180328 0.99180328
 0.99180328 0.99180328 0.99180328 0.99180328 0.99180328 0.99180328
 0.99180328 0.98360656 0.97540984 0.97540984 0.97540984 0.97540984
 0.97540984 0.97540984 0.97540984 0.97540984 0.96721311 0.95901639
 0.95081967 0.95081967 0.95081967 0.95081967 0.95081967 0.95081967
 0.95081967 0.95081967 0.95081967 0.95081967 0.95081967 0.95081967
 0.95081967 0.95081967 0.95081967 0.95081967 0.95081967 0.95081967
 0.95081967 0.95081967 0.95081967 0.95081967 0.95081967 0.95081967
 0.95081967 0.95081967 0.95081967 0.95081967 0.94262295 0.94262295
 0.94262295 0.94262295 0.94262295 0.94262295 0.94262295 0.94262295
 0.94262295 0.94262295 0.94262295 0.94262295 0.94262295 0.94262295
 0.94262295 0.94262295 0.94262295 0.94262295 0.94262295 0.94262295
 0.93442623 0.93442623 0.93442623 0.93442623 0.93442623 0.93442623
 0.92622951 0.92622951 0.92622951 0.92622951 0.91803279 0.91803279
 0.91803279 0.91803279 0.90983607 0.90163934 0.90163934 0.90163934
 0.90163934 0.90163934 0.89344262 0.89344262 0.89344262 0.89344262
 0.89344262 0.89344262 0.89344262 0.89344262 0.89344262 0.89344262
 0.89344262 0.89344262 0.89344262 0.89344262 0.89344262 0.89344262
 0.8852459  0.8852459  0.8852459  0.8852459  0.87704918 0.87704918
 0.87704918 0.87704918 0.87704918 0.87704918 0.87704918 0.86885246
 0.86885246 0.86885246 0.86885246 0.86885246 0.86885246 0.86885246
 0.86065574 0.86065574 0.86065574 0.86065574 0.86065574 0.86065574
 0.86065574 0.86065574 0.85245902 0.8442623  0.8442623  0.8442623
 0.8442623  0.8442623  0.8442623  0.8442623  0.8442623  0.8442623
 0.8442623  0.8442623  0.83606557 0.83606557 0.83606557 0.82786885
 0.82786885 0.82786885 0.82786885 0.82786885 0.82786885 0.82786885
 0.82786885 0.82786885 0.81967213 0.81967213 0.81967213 0.81967213
 0.81967213 0.81967213 0.81967213 0.81967213 0.81147541 0.81147541
 0.81147541 0.81147541 0.81147541 0.81147541 0.81147541 0.80327869
 0.79508197 0.79508197 0.79508197 0.79508197 0.79508197 0.79508197
 0.79508197 0.79508197 0.79508197 0.79508197 0.79508197 0.79508197
 0.79508197 0.79508197 0.79508197 0.79508197 0.79508197 0.79508197
 0.79508197 0.79508197 0.79508197 0.79508197 0.79508197 0.79508197
 0.79508197 0.79508197 0.79508197 0.79508197 0.79508197 0.79508197
 0.79508197 0.79508197 0.79508197 0.79508197 0.79508197 0.78688525
 0.77868852 0.7704918  0.7704918  0.7704918  0.7704918  0.7704918
 0.7704918  0.7704918  0.7704918  0.7704918  0.7704918  0.7704918
 0.7704918  0.7704918  0.7704918  0.7704918  0.7704918  0.7704918
 0.76229508 0.75409836 0.75409836 0.75409836 0.75409836 0.75409836
 0.75409836 0.75409836 0.75409836 0.75409836 0.75409836 0.75409836
 0.75409836 0.75409836 0.75409836 0.75409836 0.75409836 0.74590164
 0.74590164 0.74590164 0.74590164 0.74590164 0.74590164 0.74590164
 0.74590164 0.74590164 0.74590164 0.74590164 0.74590164 0.74590164
 0.74590164 0.74590164 0.74590164 0.74590164 0.74590164 0.74590164
 0.74590164 0.73770492 0.73770492 0.73770492 0.73770492 0.73770492
 0.73770492 0.73770492 0.73770492 0.73770492 0.73770492 0.73770492
 0.73770492 0.73770492 0.73770492 0.73770492 0.73770492 0.73770492
 0.7295082  0.72131148 0.72131148 0.72131148 0.72131148 0.71311475
 0.71311475 0.71311475 0.71311475 0.71311475 0.71311475 0.71311475
 0.71311475 0.71311475 0.71311475 0.71311475 0.70491803 0.70491803
 0.70491803 0.70491803 0.70491803 0.70491803 0.70491803 0.69672131
 0.69672131 0.69672131 0.68852459 0.68852459 0.68852459 0.68032787
 0.68032787 0.68032787 0.68032787 0.68032787 0.67213115 0.67213115
 0.67213115 0.67213115 0.67213115 0.67213115 0.67213115 0.67213115
 0.67213115 0.67213115 0.67213115 0.67213115 0.66393443 0.6557377
 0.6557377  0.6557377  0.6557377  0.6557377  0.6557377  0.6557377
 0.64754098 0.64754098 0.64754098 0.64754098 0.64754098 0.64754098
 0.64754098 0.64754098 0.64754098 0.64754098 0.63934426 0.63934426
 0.63934426 0.63934426 0.63934426 0.63934426 0.63934426 0.63114754
 0.63114754 0.62295082 0.62295082 0.62295082 0.62295082 0.62295082
 0.62295082 0.62295082 0.62295082 0.62295082 0.6147541  0.6147541
 0.6147541  0.6147541  0.6147541  0.60655738 0.60655738 0.60655738
 0.60655738 0.60655738 0.60655738 0.60655738 0.59836066 0.59836066
 0.59836066 0.59016393 0.58196721 0.58196721 0.58196721 0.58196721
 0.58196721 0.58196721 0.58196721 0.58196721 0.58196721 0.58196721
 0.58196721 0.58196721 0.58196721 0.58196721 0.58196721 0.58196721
 0.58196721 0.57377049 0.57377049 0.57377049 0.57377049 0.57377049
 0.57377049 0.57377049 0.57377049 0.57377049 0.57377049 0.57377049
 0.57377049 0.56557377 0.55737705 0.55737705 0.54918033 0.54918033
 0.54918033 0.54918033 0.54098361 0.54098361 0.54098361 0.54098361
 0.54098361 0.54098361 0.54098361 0.54098361 0.54098361 0.54098361
 0.54098361 0.54098361 0.53278689 0.53278689 0.52459016 0.52459016
 0.52459016 0.52459016 0.52459016 0.52459016 0.51639344 0.51639344
 0.51639344 0.51639344 0.51639344 0.51639344 0.51639344 0.51639344
 0.51639344 0.51639344 0.51639344 0.51639344 0.51639344 0.51639344
 0.51639344 0.51639344 0.51639344 0.51639344 0.50819672 0.50819672
 0.50819672 0.50819672 0.50819672 0.50819672 0.50819672 0.50819672
 0.50819672 0.50819672 0.50819672 0.5        0.5        0.5
 0.5        0.5        0.5        0.5        0.5        0.5
 0.5        0.5        0.5        0.5        0.5        0.5
 0.5        0.5        0.5        0.5        0.49180328 0.49180328
 0.49180328 0.49180328 0.49180328 0.49180328 0.48360656 0.48360656
 0.48360656 0.48360656 0.48360656 0.48360656 0.48360656 0.48360656
 0.48360656 0.48360656 0.48360656 0.48360656 0.47540984 0.47540984
 0.47540984 0.46721311 0.45901639 0.45901639 0.45081967 0.45081967
 0.44262295 0.44262295 0.44262295 0.44262295 0.44262295 0.44262295
 0.43442623 0.43442623 0.43442623 0.43442623 0.43442623 0.43442623
 0.43442623 0.43442623 0.43442623 0.43442623 0.43442623 0.43442623
 0.43442623 0.43442623 0.43442623 0.43442623 0.43442623 0.43442623
 0.42622951 0.41803279 0.41803279 0.41803279 0.41803279 0.41803279
 0.41803279 0.40983607 0.40983607 0.40983607 0.40983607 0.40983607
 0.40983607 0.40983607 0.40163934 0.40163934 0.40163934 0.39344262
 0.39344262 0.39344262 0.39344262 0.39344262 0.39344262 0.39344262
 0.39344262 0.39344262 0.39344262 0.39344262 0.39344262 0.39344262
 0.39344262 0.39344262 0.39344262 0.3852459  0.3852459  0.37704918
 0.37704918 0.36885246 0.36885246 0.36885246 0.36885246 0.36885246
 0.36885246 0.36885246 0.36885246 0.36885246 0.36885246 0.36885246
 0.36885246 0.36885246 0.36885246 0.36885246 0.36885246 0.36885246
 0.36065574 0.36065574 0.36065574 0.36065574 0.36065574 0.36065574
 0.36065574 0.36065574 0.36065574 0.36065574 0.35245902 0.3442623
 0.3442623  0.33606557 0.33606557 0.32786885 0.32786885 0.32786885
 0.32786885 0.32786885 0.32786885 0.32786885 0.31967213 0.31967213
 0.31967213 0.31147541 0.31147541 0.31147541 0.31147541 0.30327869
 0.30327869 0.30327869 0.30327869 0.30327869 0.30327869 0.30327869
 0.30327869 0.30327869 0.30327869 0.30327869 0.29508197 0.29508197
 0.29508197 0.29508197 0.29508197 0.29508197 0.29508197 0.29508197
 0.29508197 0.29508197 0.29508197 0.29508197 0.29508197 0.29508197
 0.28688525 0.28688525 0.28688525 0.28688525 0.28688525 0.28688525
 0.28688525 0.28688525 0.28688525 0.28688525 0.28688525 0.28688525
 0.28688525 0.28688525 0.28688525 0.28688525 0.27868852 0.27868852
 0.27868852 0.27868852 0.27868852 0.27868852 0.27868852 0.27868852
 0.27868852 0.27868852 0.27868852 0.2704918  0.26229508 0.26229508
 0.26229508 0.26229508 0.26229508 0.26229508 0.26229508 0.26229508
 0.25409836 0.25409836 0.24590164 0.24590164 0.24590164 0.24590164
 0.23770492 0.23770492 0.23770492 0.23770492 0.2295082  0.2295082
 0.22131148 0.22131148 0.21311475 0.21311475 0.21311475 0.21311475
 0.21311475 0.21311475 0.21311475 0.21311475 0.21311475 0.21311475
 0.21311475 0.21311475 0.21311475 0.21311475 0.20491803 0.20491803
 0.20491803 0.20491803 0.20491803 0.20491803 0.20491803 0.19672131
 0.19672131 0.19672131 0.19672131 0.19672131 0.19672131 0.19672131
 0.19672131 0.19672131 0.18852459 0.18852459 0.18852459 0.18852459
 0.18852459 0.18852459 0.18852459 0.18852459 0.18852459 0.18852459
 0.18852459 0.18852459 0.18852459 0.18852459 0.18852459 0.18032787
 0.18032787 0.18032787 0.18032787 0.18032787 0.18032787 0.18032787
 0.18032787 0.17213115 0.17213115 0.17213115 0.17213115 0.17213115
 0.16393443 0.16393443 0.16393443 0.16393443 0.16393443 0.16393443
 0.16393443 0.16393443 0.16393443 0.16393443 0.16393443 0.16393443
 0.16393443 0.16393443 0.16393443 0.16393443 0.16393443 0.16393443
 0.16393443 0.16393443 0.16393443 0.16393443 0.16393443 0.16393443
 0.16393443 0.16393443 0.16393443 0.16393443 0.16393443 0.1557377
 0.1557377  0.1557377  0.1557377  0.1557377  0.1557377  0.1557377
 0.1557377  0.1557377  0.1557377  0.1557377  0.14754098 0.14754098
 0.14754098 0.13934426 0.13934426 0.13934426 0.13934426 0.13934426
 0.13934426 0.13114754 0.13114754 0.13114754 0.13114754 0.13114754
 0.13114754 0.13114754 0.13114754 0.13114754 0.13114754 0.13114754
 0.13114754 0.13114754 0.13114754 0.13114754 0.13114754 0.13114754
 0.13114754 0.13114754 0.13114754 0.13114754 0.13114754 0.13114754
 0.13114754 0.13114754 0.13114754 0.12295082 0.12295082 0.12295082
 0.12295082 0.12295082 0.1147541  0.1147541  0.1147541  0.1147541
 0.1147541  0.1147541  0.1147541  0.1147541  0.10655738 0.10655738
 0.10655738 0.10655738 0.10655738 0.10655738 0.10655738 0.10655738
 0.10655738 0.10655738 0.09836066 0.09836066 0.09836066 0.09836066
 0.09016393 0.09016393 0.09016393 0.09016393 0.08196721 0.08196721
 0.07377049 0.07377049 0.07377049 0.07377049 0.07377049 0.06557377
 0.06557377 0.06557377 0.06557377 0.06557377 0.06557377 0.06557377
 0.06557377 0.05737705 0.05737705 0.04918033 0.04918033 0.04918033
 0.04918033 0.04918033 0.04098361 0.04098361 0.04098361 0.04098361
 0.04098361 0.03278689 0.03278689 0.02459016 0.02459016 0.02459016
 0.02459016 0.02459016 0.02459016 0.02459016 0.02459016 0.02459016
 0.02459016 0.02459016 0.02459016 0.02459016 0.02459016 0.02459016
 0.01639344 0.01639344 0.01639344 0.01639344 0.01639344 0.01639344
 0.01639344 0.01639344 0.01639344 0.01639344 0.01639344 0.01639344
 0.01639344 0.01639344 0.01639344 0.01639344 0.01639344 0.01639344
 0.01639344 0.01639344 0.01639344 0.01639344 0.01639344 0.01639344
 0.01639344 0.01639344 0.01639344 0.01639344 0.01639344 0.00819672
 0.00819672 0.00819672 0.00819672 0.00819672 0.00819672 0.00819672
 0.00819672 0.00819672 0.00819672 0.00819672 0.         0.
 0.         0.         0.         0.         0.         0.
 0.         0.         0.         0.         0.         0.
 0.         0.         0.         0.         0.        ]","[4.87016068e-04 8.14938854e-04 2.39498787e-03 3.49103372e-03
 4.56705864e-03 5.28880996e-03 6.72780123e-03 9.10591414e-03
 1.00539472e-02 1.17220102e-02 1.18973705e-02 1.31197913e-02
 1.41387922e-02 1.64709614e-02 1.66557250e-02 1.67044267e-02
 1.91300972e-02 2.04849885e-02 2.22747361e-02 2.46200083e-02
 2.46796230e-02 2.57879133e-02 2.77541917e-02 2.88517953e-02
 2.96927107e-02 3.11591624e-02 3.19537706e-02 3.55702755e-02
 3.69185381e-02 3.88237427e-02 3.93197163e-02 3.95614335e-02
 4.06393459e-02 4.21743350e-02 4.40950790e-02 4.41949879e-02
 4.51454328e-02 4.68376341e-02 4.73084968e-02 4.93462317e-02
 5.06606704e-02 5.11873079e-02 5.13006028e-02 5.14814732e-02
 5.22276119e-02 5.28922067e-02 5.39284050e-02 5.63273864e-02
 5.63354150e-02 5.66816168e-02 5.73750548e-02 5.89438274e-02
 6.21538049e-02 6.39798110e-02 6.61072825e-02 6.74008136e-02
 6.90166592e-02 6.93441646e-02 6.96176993e-02 6.96578187e-02
 7.01147685e-02 7.06582259e-02 7.15182021e-02 7.16912541e-02
 7.37187912e-02 7.50844143e-02 7.61338567e-02 7.76928270e-02
 7.93688093e-02 7.95853471e-02 8.10890052e-02 8.15522514e-02
 8.20850669e-02 8.28170876e-02 8.29150592e-02 8.47293547e-02
 8.49172437e-02 8.49476304e-02 8.49888585e-02 8.65496672e-02
 9.09779840e-02 9.14811837e-02 9.16716352e-02 9.21485153e-02
 9.44016202e-02 9.50146357e-02 9.54947862e-02 9.80761097e-02
 9.90536177e-02 9.93724163e-02 9.97157458e-02 1.00924666e-01
 1.00963543e-01 1.01172442e-01 1.01718303e-01 1.02759350e-01
 1.04082436e-01 1.04977664e-01 1.06603384e-01 1.07949398e-01
 1.10132278e-01 1.10963826e-01 1.13590535e-01 1.16302106e-01
 1.17537925e-01 1.17676127e-01 1.18375896e-01 1.19030780e-01
 1.19678443e-01 1.22146108e-01 1.22275253e-01 1.22901859e-01
 1.23987924e-01 1.24301569e-01 1.24983894e-01 1.28834991e-01
 1.29714090e-01 1.29801107e-01 1.30287440e-01 1.32735243e-01
 1.34055919e-01 1.35490726e-01 1.37123032e-01 1.38148396e-01
 1.39191431e-01 1.40472583e-01 1.44492755e-01 1.45062396e-01
 1.46271233e-01 1.46532205e-01 1.47136021e-01 1.47895279e-01
 1.49416431e-01 1.50703100e-01 1.50873812e-01 1.51141605e-01
 1.53909786e-01 1.54023890e-01 1.58240533e-01 1.60343458e-01
 1.60385116e-01 1.60972671e-01 1.61133391e-01 1.61138814e-01
 1.64383847e-01 1.64977829e-01 1.65438840e-01 1.66670589e-01
 1.68012344e-01 1.69118256e-01 1.69400738e-01 1.71081797e-01
 1.71817481e-01 1.72567489e-01 1.73228092e-01 1.73307191e-01
 1.73475230e-01 1.74210833e-01 1.74812776e-01 1.75748115e-01
 1.75912145e-01 1.76212720e-01 1.76335454e-01 1.77383549e-01
 1.78164524e-01 1.81156279e-01 1.81179080e-01 1.81351214e-01
 1.82472166e-01 1.83667357e-01 1.83779384e-01 1.84868879e-01
 1.86684825e-01 1.89240856e-01 1.92766330e-01 1.93229852e-01
 1.95294643e-01 1.95806682e-01 1.96451769e-01 1.97642220e-01
 1.97779128e-01 1.97779131e-01 1.97914849e-01 1.98383704e-01
 1.99023236e-01 2.00660996e-01 2.01800388e-01 2.02031609e-01
 2.02692812e-01 2.04990866e-01 2.05011461e-01 2.07111122e-01
 2.08075030e-01 2.08391072e-01 2.08417243e-01 2.08672924e-01
 2.09666012e-01 2.11317576e-01 2.11324905e-01 2.11533799e-01
 2.11803249e-01 2.13415573e-01 2.15195465e-01 2.15346925e-01
 2.16572077e-01 2.18516897e-01 2.20453230e-01 2.20753357e-01
 2.21832083e-01 2.22226034e-01 2.22663163e-01 2.22855782e-01
 2.23471895e-01 2.23609824e-01 2.25598209e-01 2.26305349e-01
 2.26807517e-01 2.27653192e-01 2.28447407e-01 2.31802540e-01
 2.35803842e-01 2.36743793e-01 2.37840099e-01 2.40456569e-01
 2.40569802e-01 2.42428256e-01 2.42801952e-01 2.43147185e-01
 2.43681497e-01 2.44001621e-01 2.45367672e-01 2.47105951e-01
 2.50097791e-01 2.50127906e-01 2.50877951e-01 2.51297178e-01
 2.51549140e-01 2.52316746e-01 2.52855781e-01 2.54130058e-01
 2.54296363e-01 2.54386381e-01 2.57858080e-01 2.58363395e-01
 2.59100650e-01 2.61137055e-01 2.61483731e-01 2.62491448e-01
 2.62812045e-01 2.63475156e-01 2.64256944e-01 2.64762449e-01
 2.65645552e-01 2.67016023e-01 2.67517580e-01 2.69701899e-01
 2.72092771e-01 2.73324372e-01 2.74065259e-01 2.74629687e-01
 2.75429175e-01 2.76914927e-01 2.77880285e-01 2.85551771e-01
 2.86847064e-01 2.87712548e-01 2.88210362e-01 2.88635017e-01
 2.89942631e-01 2.90337973e-01 2.90997551e-01 2.92483905e-01
 2.92718333e-01 2.92990619e-01 2.93692846e-01 2.93874419e-01
 2.94708579e-01 2.94711071e-01 2.95175876e-01 2.95937683e-01
 2.96627035e-01 2.96890405e-01 2.98165982e-01 2.98520376e-01
 2.98757874e-01 3.02758143e-01 3.03626936e-01 3.04587546e-01
 3.04860316e-01 3.05148556e-01 3.05759289e-01 3.06059996e-01
 3.06448442e-01 3.06990311e-01 3.08990698e-01 3.09711701e-01
 3.10330107e-01 3.11550444e-01 3.12053815e-01 3.14304984e-01
 3.15369410e-01 3.17209524e-01 3.18161109e-01 3.18771627e-01
 3.20568825e-01 3.20926763e-01 3.22358032e-01 3.23764832e-01
 3.23827157e-01 3.24552576e-01 3.24803214e-01 3.25095592e-01
 3.26464784e-01 3.29011157e-01 3.29660933e-01 3.30918383e-01
 3.31682939e-01 3.31687783e-01 3.32254484e-01 3.34070327e-01
 3.34132280e-01 3.34557139e-01 3.35252180e-01 3.36374554e-01
 3.36424870e-01 3.37592111e-01 3.37638956e-01 3.39342135e-01
 3.40499943e-01 3.41125653e-01 3.42334211e-01 3.42942255e-01
 3.43580586e-01 3.44086055e-01 3.47071348e-01 3.47916418e-01
 3.49575053e-01 3.51653929e-01 3.53235758e-01 3.55561429e-01
 3.56941045e-01 3.56966574e-01 3.57658577e-01 3.58505714e-01
 3.60563352e-01 3.62947043e-01 3.63751818e-01 3.64048322e-01
 3.65657863e-01 3.65892762e-01 3.66378180e-01 3.67254334e-01
 3.67383362e-01 3.67888732e-01 3.69011867e-01 3.69595870e-01
 3.72050922e-01 3.72565929e-01 3.72630350e-01 3.75269520e-01
 3.76671759e-01 3.77500814e-01 3.79694503e-01 3.85274095e-01
 3.85829645e-01 3.86128670e-01 3.86513475e-01 3.86999375e-01
 3.87341958e-01 3.87604672e-01 3.88268994e-01 3.89635134e-01
 3.89690573e-01 3.90478098e-01 3.90870578e-01 3.92409710e-01
 3.92857367e-01 3.93319688e-01 3.94563803e-01 3.94616528e-01
 3.95079047e-01 3.96310450e-01 3.96322317e-01 3.97536670e-01
 3.97565150e-01 3.97840851e-01 4.03032475e-01 4.04172058e-01
 4.05138754e-01 4.06062007e-01 4.07443245e-01 4.08274002e-01
 4.08381606e-01 4.08464737e-01 4.08775301e-01 4.11443310e-01
 4.11477427e-01 4.12065074e-01 4.13218205e-01 4.14169307e-01
 4.15173305e-01 4.15405103e-01 4.16394650e-01 4.17631655e-01
 4.19747610e-01 4.20401396e-01 4.20619976e-01 4.22099414e-01
 4.22620308e-01 4.23903837e-01 4.25466400e-01 4.26860791e-01
 4.27218678e-01 4.28473543e-01 4.28507912e-01 4.28722674e-01
 4.28942566e-01 4.29316590e-01 4.30194973e-01 4.30695271e-01
 4.31032866e-01 4.31078191e-01 4.31462147e-01 4.34199785e-01
 4.35631888e-01 4.36354402e-01 4.41320119e-01 4.43310134e-01
 4.44400430e-01 4.46346157e-01 4.46548343e-01 4.47665969e-01
 4.50099398e-01 4.50402430e-01 4.50500506e-01 4.50715740e-01
 4.50838106e-01 4.51443222e-01 4.51544422e-01 4.51557067e-01
 4.51895450e-01 4.53560805e-01 4.54435814e-01 4.54720183e-01
 4.54868377e-01 4.54872875e-01 4.58170637e-01 4.61319166e-01
 4.62842024e-01 4.65930557e-01 4.65986712e-01 4.67609176e-01
 4.69401375e-01 4.69919355e-01 4.71324246e-01 4.71871893e-01
 4.73169359e-01 4.73195030e-01 4.74769980e-01 4.75459421e-01
 4.76484486e-01 4.76978641e-01 4.77055770e-01 4.77339676e-01
 4.78032932e-01 4.80646391e-01 4.80836235e-01 4.83869122e-01
 4.84207279e-01 4.87342317e-01 4.87652953e-01 4.88886531e-01
 4.91192070e-01 4.91919374e-01 4.95406038e-01 4.96004539e-01
 4.97106101e-01 4.97968262e-01 4.98070717e-01 4.98120562e-01
 4.99142118e-01 5.01302270e-01 5.04583922e-01 5.06801146e-01
 5.09975571e-01 5.10602661e-01 5.10768054e-01 5.15178380e-01
 5.17257403e-01 5.17816843e-01 5.18571703e-01 5.19487236e-01
 5.19969043e-01 5.20182052e-01 5.20537602e-01 5.21176412e-01
 5.24598160e-01 5.24598588e-01 5.24809659e-01 5.25646530e-01
 5.25961597e-01 5.28629760e-01 5.28720435e-01 5.28852626e-01
 5.29682266e-01 5.31520818e-01 5.31866279e-01 5.34187849e-01
 5.34341190e-01 5.34496111e-01 5.35011012e-01 5.36207019e-01
 5.36535854e-01 5.37500421e-01 5.38739900e-01 5.39262003e-01
 5.39484339e-01 5.40233937e-01 5.40348280e-01 5.40355680e-01
 5.41265359e-01 5.42185081e-01 5.44997593e-01 5.46031139e-01
 5.46113416e-01 5.48659454e-01 5.50563192e-01 5.50631354e-01
 5.51066061e-01 5.51610986e-01 5.54918625e-01 5.55118761e-01
 5.55683850e-01 5.56679504e-01 5.58099735e-01 5.60814648e-01
 5.61180469e-01 5.71654642e-01 5.72832249e-01 5.73088377e-01
 5.74524803e-01 5.75241490e-01 5.76089769e-01 5.76623678e-01
 5.77384766e-01 5.80551799e-01 5.81774957e-01 5.81991977e-01
 5.83751068e-01 5.84698361e-01 5.85493642e-01 5.87193646e-01
 5.88930739e-01 5.89204145e-01 5.89658517e-01 5.89705820e-01
 5.90584632e-01 5.90744377e-01 5.92466795e-01 5.94100495e-01
 5.94325310e-01 5.98382910e-01 5.98982487e-01 5.99970332e-01
 6.01484612e-01 6.02079135e-01 6.02178040e-01 6.02397153e-01
 6.02492242e-01 6.02759207e-01 6.03457035e-01 6.03821081e-01
 6.04490388e-01 6.05940659e-01 6.06648839e-01 6.06671631e-01
 6.06719786e-01 6.09115235e-01 6.11498215e-01 6.11845459e-01
 6.11882631e-01 6.13312988e-01 6.14926260e-01 6.15456012e-01
 6.15871803e-01 6.17607619e-01 6.17995523e-01 6.22257011e-01
 6.22995586e-01 6.23369177e-01 6.23849486e-01 6.24563990e-01
 6.24936656e-01 6.27036584e-01 6.27617848e-01 6.27963203e-01
 6.28962694e-01 6.34089423e-01 6.34256220e-01 6.34528857e-01
 6.35881362e-01 6.35895578e-01 6.36612014e-01 6.36807698e-01
 6.37544087e-01 6.38356571e-01 6.39872834e-01 6.40509013e-01
 6.40814416e-01 6.41317780e-01 6.41471456e-01 6.43500669e-01
 6.44705267e-01 6.46347931e-01 6.47579099e-01 6.50587301e-01
 6.50850079e-01 6.51337947e-01 6.53136399e-01 6.53684205e-01
 6.54044417e-01 6.55615382e-01 6.55966122e-01 6.57022186e-01
 6.59217249e-01 6.59765566e-01 6.60054337e-01 6.62852360e-01
 6.63395539e-01 6.64267998e-01 6.65149974e-01 6.65427987e-01
 6.66282179e-01 6.67959929e-01 6.68621556e-01 6.70414182e-01
 6.70905851e-01 6.71198572e-01 6.72171598e-01 6.75362116e-01
 6.75491678e-01 6.77268267e-01 6.77915715e-01 6.79286431e-01
 6.81179581e-01 6.81949429e-01 6.85400594e-01 6.86628821e-01
 6.87283289e-01 6.87464723e-01 6.89663464e-01 6.90326973e-01
 6.91620392e-01 6.91750973e-01 6.91914420e-01 6.95542282e-01
 6.96219692e-01 6.96401944e-01 6.96816695e-01 6.97422786e-01
 6.98705672e-01 6.98976803e-01 6.99566874e-01 6.99949401e-01
 7.00397159e-01 7.00453572e-01 7.02511019e-01 7.02711476e-01
 7.04589065e-01 7.04960232e-01 7.05629530e-01 7.06167055e-01
 7.06957830e-01 7.07701451e-01 7.08599331e-01 7.09259973e-01
 7.09444434e-01 7.09905523e-01 7.13630540e-01 7.15669813e-01
 7.15778599e-01 7.16271203e-01 7.19483488e-01 7.23185543e-01
 7.25111637e-01 7.25712820e-01 7.26044220e-01 7.26103679e-01
 7.26379327e-01 7.27687187e-01 7.27710437e-01 7.28064777e-01
 7.28184592e-01 7.28547427e-01 7.30267549e-01 7.31580700e-01
 7.31750854e-01 7.32414344e-01 7.33596323e-01 7.33817317e-01
 7.36352202e-01 7.37477283e-01 7.37923243e-01 7.40666924e-01
 7.41058000e-01 7.44793039e-01 7.45721876e-01 7.46062089e-01
 7.46874923e-01 7.48147307e-01 7.50141299e-01 7.53190382e-01
 7.55116436e-01 7.56094914e-01 7.56384088e-01 7.56826027e-01
 7.57538492e-01 7.58207104e-01 7.63111916e-01 7.64423037e-01
 7.64728263e-01 7.64953307e-01 7.68196553e-01 7.69145193e-01
 7.72701663e-01 7.73256610e-01 7.74899152e-01 7.75233162e-01
 7.75765075e-01 7.75973922e-01 7.79573553e-01 7.80506935e-01
 7.81004371e-01 7.81307521e-01 7.82140280e-01 7.82245452e-01
 7.82272629e-01 7.82358571e-01 7.82836670e-01 7.82935688e-01
 7.83914395e-01 7.84155948e-01 7.84541763e-01 7.85678124e-01
 7.90817198e-01 7.91928270e-01 7.93962447e-01 7.94273238e-01
 7.94422538e-01 7.95604265e-01 7.96385063e-01 7.96623519e-01
 7.96715147e-01 7.96732041e-01 7.98843917e-01 8.02862066e-01
 8.03008246e-01 8.04414757e-01 8.04986728e-01 8.05715281e-01
 8.06112077e-01 8.06228352e-01 8.06282360e-01 8.08273373e-01
 8.08817472e-01 8.12005143e-01 8.13568639e-01 8.13982878e-01
 8.17090725e-01 8.17664295e-01 8.18357468e-01 8.20251260e-01
 8.20312076e-01 8.21596387e-01 8.21781466e-01 8.22358376e-01
 8.22448196e-01 8.23123987e-01 8.23203541e-01 8.24603861e-01
 8.25127270e-01 8.26689301e-01 8.27578582e-01 8.27603607e-01
 8.27657627e-01 8.27865812e-01 8.28948952e-01 8.29054389e-01
 8.29909411e-01 8.31847166e-01 8.31857820e-01 8.32905430e-01
 8.34568696e-01 8.35511181e-01 8.37527896e-01 8.38662384e-01
 8.38670421e-01 8.39208615e-01 8.39338361e-01 8.41856852e-01
 8.41953063e-01 8.42044142e-01 8.42843403e-01 8.43327058e-01
 8.43836499e-01 8.44487740e-01 8.44923974e-01 8.45945734e-01
 8.46485878e-01 8.46806046e-01 8.47902363e-01 8.48603496e-01
 8.48673837e-01 8.50493031e-01 8.50606766e-01 8.51313165e-01
 8.52606470e-01 8.56142778e-01 8.56481264e-01 8.56503005e-01
 8.56509752e-01 8.60140501e-01 8.62104924e-01 8.62483840e-01
 8.64889853e-01 8.67925436e-01 8.69341637e-01 8.71589602e-01
 8.72634616e-01 8.73205034e-01 8.73447392e-01 8.73790819e-01
 8.74102761e-01 8.74201279e-01 8.74761312e-01 8.75418220e-01
 8.75916190e-01 8.76181212e-01 8.78317657e-01 8.80838373e-01
 8.81652224e-01 8.81998408e-01 8.86624042e-01 8.86648894e-01
 8.87176043e-01 8.87553523e-01 8.88961178e-01 8.92418915e-01
 8.95880119e-01 8.97878813e-01 8.99481545e-01 9.00221230e-01
 9.01315253e-01 9.02254408e-01 9.02304906e-01 9.02608473e-01
 9.04180778e-01 9.04476946e-01 9.05214927e-01 9.05542290e-01
 9.06238296e-01 9.07738971e-01 9.13129474e-01 9.13554308e-01
 9.13831863e-01 9.13963827e-01 9.14124497e-01 9.15812404e-01
 9.16168963e-01 9.16675118e-01 9.18287400e-01 9.19159697e-01
 9.19168251e-01 9.20520978e-01 9.20701435e-01 9.22537065e-01
 9.23493980e-01 9.24211248e-01 9.25611727e-01 9.25777618e-01
 9.26086467e-01 9.28544990e-01 9.29801539e-01 9.30804584e-01
 9.31500802e-01 9.31789940e-01 9.32718435e-01 9.33031428e-01
 9.34756804e-01 9.36396054e-01 9.36434524e-01 9.36547458e-01
 9.37253967e-01 9.37352968e-01 9.38583918e-01 9.38619906e-01
 9.39629427e-01 9.39778517e-01 9.39787000e-01 9.40086353e-01
 9.41016668e-01 9.41195707e-01 9.42172130e-01 9.42172986e-01
 9.42777176e-01 9.44102694e-01 9.44932788e-01 9.45655425e-01
 9.46831380e-01 9.48385849e-01 9.49233036e-01 9.51597300e-01
 9.51857920e-01 9.52083886e-01 9.54558792e-01 9.55317718e-01
 9.55484857e-01 9.55636160e-01 9.59491023e-01 9.60961169e-01
 9.62272902e-01 9.62330442e-01 9.63074858e-01 9.64674918e-01
 9.66000434e-01 9.66545302e-01 9.66573622e-01 9.72023426e-01
 9.72079456e-01 9.72614512e-01 9.72774480e-01 9.73419730e-01
 9.75043657e-01 9.75081169e-01 9.75091463e-01 9.75761496e-01
 9.77028618e-01 9.79978905e-01 9.80102384e-01 9.81352788e-01
 9.81562500e-01 9.82526707e-01 9.83297560e-01 9.83912641e-01
 9.84034367e-01 9.84208287e-01 9.84400774e-01 9.84679917e-01
 9.86973474e-01 9.88064216e-01 9.88232169e-01 9.89017757e-01
 9.89148160e-01 9.89414465e-01 9.91304318e-01 9.91340836e-01
 9.92580525e-01 9.94383077e-01 9.94493994e-01 9.94642773e-01
 9.95000000e-01 9.95298142e-01 9.96449102e-01 9.98240137e-01]"
