project_key,usability_label,Model,feature_importance,accuracy,confusion_matrix,classification_report,area_under_pre_recall_curve,avg_precision,area_under_roc_curve,y_pred,precision,recall,thresholds
Hyperledger,is_change_text_num_words_5,RF,"len_description                           0.118943
num_words                                 0.091509
len_sum_desc                              0.085284
num_sentences                             0.083091
ratio_unusable_issues_text_by_previous    0.075681
num_stopwords                             0.071045
2                                         0.042037
avg_num_word_in_sentence                  0.039512
avg_word_len                              0.037081
12                                        0.035452
7                                         0.033950
14                                        0.030488
5                                         0.028344
13                                        0.026205
3                                         0.024478
4                                         0.020866
8                                         0.019439
6                                         0.018824
9                                         0.017857
1                                         0.017574
original_story_points_sprint              0.016234
num_issues_cretor_prev                    0.015773
11                                        0.015756
0                                         0.014504
10                                        0.011827
time_until_add_sprint                     0.004593
dominant_topic_1                          0.002012
has_url                                   0.000640
num_changes_text_before_sprint            0.000452
num_headlines                             0.000390
relates                                   0.000135
has_acceptance_criteria                   0.000023
block                                     0.000000
priority                                  0.000000
num_question_marks                        0.000000
has_template                              0.000000
if_acceptance_empty_tbd                   0.000000
len_acceptance                            0.000000
has_tbd                                   0.000000
has_please                                0.000000
if_description_empty_tbd                  0.000000
num_comments_before_sprint                0.000000
block_by                                  0.000000
num_changes_story_point_before_sprint     0.000000
noun_count                                0.000000
has_code                                  0.000000
adj_count                                 0.000000
adv_count                                 0.000000
pron_count                                0.000000
duplicate_by                              0.000000
duplicate                                 0.000000
verb_count                                0.000000
dtype: float64",0.6255186721991701,"[[288.7106599  193.2893401 ]
 [123.23863636 358.76136364]]","              precision    recall  f1-score   support

           0       0.70      0.60      0.65 481.99999999999716
           1       0.65      0.74      0.69 482.00000000000125

    accuracy                           0.67 963.9999999999984
   macro avg       0.68      0.67      0.67 963.9999999999984
weighted avg       0.68      0.67      0.67 963.9999999999984
",0.665733225232592,0.6686647948049612,0.7096360175357638,"[1 0 1 1 0 1 1 0 1 1 0 1 1 1 0 0 1 1 1 0 0 0 0 0 0 0 0 0 0 0 0 0 0 0 0 0 0
 0 0 0 0 0 0 0 1 0 1 0 0 0 1 0 1 0 0 0 0 1 0 0 1 0 1 0 0 0 0 0 0 1 0 0 0 1
 0 1 1 1 0 0 0 1 0 0 1 1 1 1 1 1 0 0 1 1 1 0 0 0 0 0 0 0 0 1 1 0 0 1 0 0 0
 1 1 1 1 0 0 0 0 0 1 1 0 0 1 0 1 0 0 0 0 0 0 0 1 0 0 0 0 0 0 1 0 0 0 1 1 0
 1 0 0 0 0 0 1 1 1 1 0 0 0 0 0 1 0 0 0 0 0 1 0 0 0 1 1 1 1 1 0 0 1 0 0 0 0
 1 1 1 1 0 0 0 0 0 1 1 1 1 1 1 1 1 0 1 0 0 0 1 1 0 1 1 0 0 0 1 1 1 1 1 0 1
 0 1 0 1 0 1 0 1 0 0 1 1 0 1 1 0 1 0 0 1 0 0 0 1 1 1 0 0 1 1 1 0 0 0 1 1 1
 0 1 1 1 1 0 0 1 1 1 1 0 0 1 1 1 1 1 1 1 0 0 1 0 0 1 1 1 1 0 0 0 1 0 0 1 1
 1 1 0 1 1 1 0 1 0 1 0 0 0 0 0 0 0 1 1 1 1 0 0 0 0 1 1 1 1 0 1 1 1 0 0 0 0
 1 1 0 1 0 1 1 1 1 1 1 0 1 0 1 1 1 0 1 1 1 1 0 0 1 1 1 0 0 1 0 0 1 1 1 0 0
 0 0 0 0 1 1 1 1 1 1 1 1 1 1 1 0 1 1 0 1 0 0 0 0 0 0 0 1 1 0 0 0 1 0 1 1 1
 1 1 0 0 1 1 0 0 1 1 1 1 1 1 1 1 1 1 1 0 1 0 1 0 0 1 1 0 0 1 1 1 1 1 1 1 1
 1 1 0 1 1 1 1 1 1 0 1 1 1 0 0 1 0 1 1 1 0 0 1 0 1 1 0 0 0 0 1 1 1 0 1 0 0
 0 1 1 1 1 1 1 1 1 1 0 1 1 1 1 1 1 1 0 1 1 0 1 1 1 0 1 0 1 1 0 0 0 0 0 1 1
 0 1 1 1 0 1 0 1 0 0 1 1 1 0 0 0 1 0 0 1 1 0 1 0 1 1 1 0 0 1 0 1 1 1 1 0 0
 0 1 1 1 1 0 1 0 0 0 0 0 1 0 0 0 0 1 0 1 0 0 0 0 0 1 1 1 1 1 1 1 1 1 1 1 1
 1 1 1 1 1 0 0 0 1 0 0 0 0 1 0 0 1 0 1 1 1 1 1 1 1 0 1 0 0 0 0 1 1 1 1 1 1
 0 1 0 0 0 0 0 0 1 0 0 0 1 0 1 0 1 1 1 1 1 1 1 0 1 1 0 0 0 0 1 1 0 1 0 0 0
 1 0 1 1 1 1 1 1 0 0 1 1 0 0 0 0 0 0 0 1 0 0 1 1 0 0 1 1 0 0 0 0 0 0 1 1 0
 0 1 0 1 0 1 1 0 1 0 1 1 1 1 0 1 1 0 1 0 1 0 0 0 0 0 0 0 1 1 1 0 0 0 0 0 1
 0 0 0 1 0 0 1 1 1 1 0 0 0 0 0 0 0 1 0 0 1 0 0 1 0 0 0 0 0 1 1 1 1 1 0 0 0
 1 1 0 0 0 0 0 1 0 1 1 0 0 0 1 0 1 0 0 1 0 1 1 1 1 0 0 1 1 0 0 1 1 0 0 0 1
 1 1 1 0 0 1 1 1 0 0 0 0 0 0 0 0 0 0 0 0 0 0 0 0 1 0 0 0 0 0 0 1 1 0 0 0 0
 0 0 0 1 0 0 0 0 0 0 0 0 1 0 0 0 0 0 0 0 1 1 0 0 0 0 0 0 0 1 1 0 0 1 0 0 0
 0 1 0 0 0 0 0 0 0 1 0 0 1 1 1 0 0 0 0 1 0 0 1 0 1 1 0 0 1 1 1 0 0 0 1 0 1
 1 0 1 0 1 1 0 1 0 0 0 1 0 1 0 0 0 0 0 0 0 0 0 0 1 1 0 1 0 0 1 0 0 0 0 0 0
 0 0]","[0.5        0.50031746 0.50063532 0.50095359 0.50127226 0.50159134
 0.50191083 0.50223072 0.50255102 0.50287173 0.50319285 0.50351438
 0.50383632 0.50415867 0.50448143 0.50480461 0.50512821 0.50545221
 0.50577664 0.50610148 0.50642674 0.50675241 0.50532812 0.50565423
 0.50598077 0.50630774 0.50663512 0.50696293 0.50729116 0.50761982
 0.5079489  0.50827841 0.50860835 0.50893872 0.50926952 0.50960075
 0.5099324  0.51026449 0.51059702 0.51092997 0.51126337 0.51159719
 0.51193146 0.51226616 0.51260129 0.51293687 0.51327289 0.51360934
 0.51394624 0.51428358 0.51462137 0.51495959 0.51529827 0.51563739
 0.51597695 0.51631696 0.51665743 0.51699834 0.5173397  0.51768151
 0.51802377 0.51836649 0.51870966 0.51905328 0.51939736 0.5197419
 0.52008689 0.52043235 0.52077826 0.52112463 0.52147146 0.52181876
 0.52216652 0.52251474 0.52286343 0.52321258 0.5235622  0.52391228
 0.52426284 0.52461386 0.52496536 0.52531732 0.52566976 0.52602267
 0.52637606 0.52494717 0.52530113 0.52565557 0.5260105  0.5263659
 0.52672178 0.52707814 0.52743499 0.52779232 0.52815013 0.52850843
 0.52886722 0.52922649 0.52958626 0.52994651 0.53030725 0.53066848
 0.53103021 0.52959458 0.52995693 0.53031977 0.53068311 0.53104695
 0.53141129 0.53177612 0.53214146 0.5325073  0.53287365 0.5332405
 0.53360785 0.53397571 0.53434408 0.53471296 0.53508235 0.53545225
 0.53582266 0.53619358 0.53656501 0.53693697 0.53730943 0.53768242
 0.53624106 0.53661472 0.53698891 0.53736361 0.53773884 0.5381146
 0.53849088 0.53886768 0.53924502 0.53962288 0.54000127 0.5403802
 0.54075966 0.54113964 0.54152017 0.54190123 0.54228282 0.54266496
 0.54304763 0.54343084 0.5438146  0.5441989  0.54458374 0.54496912
 0.54352281 0.54390894 0.54429562 0.54468285 0.54507063 0.54545896
 0.54584785 0.54623729 0.54662729 0.54517337 0.54556414 0.54595546
 0.54634735 0.5467398  0.54713282 0.5475264  0.54792055 0.54831527
 0.54871055 0.54910641 0.54950284 0.54989984 0.54843917 0.54883698
 0.54923536 0.54963433 0.54816483 0.54856461 0.54896497 0.54936591
 0.54976744 0.55016956 0.55057227 0.55097556 0.55137945 0.55178393
 0.552189   0.55259467 0.55300094 0.5534078  0.55381526 0.55422332
 0.55463199 0.55504126 0.55545113 0.55586161 0.55627269 0.55668438
 0.55709669 0.5575096  0.55792313 0.55833727 0.55875203 0.5591674
 0.55958339 0.56       0.56041723 0.56083508 0.56125356 0.56167266
 0.56209239 0.56251275 0.56293373 0.56335535 0.5637776  0.56420048
 0.56462399 0.56504815 0.56547294 0.56589837 0.56632444 0.56675115
 0.5671785  0.5676065  0.56803515 0.56846445 0.56889439 0.56932498
 0.56975623 0.57018813 0.57062069 0.5710539  0.57148777 0.57192231
 0.5723575  0.57279335 0.57322987 0.57366706 0.57220628 0.57264451
 0.57308342 0.57161335 0.57205332 0.57249396 0.57293528 0.5714562
 0.57189859 0.57234166 0.57278542 0.57322987 0.57367501 0.57412085
 0.57456737 0.57501459 0.57546251 0.57591113 0.57636044 0.57681046
 0.57726118 0.57771261 0.57816474 0.57861758 0.57907113 0.5795254
 0.57998037 0.58043606 0.58089247 0.5813496  0.58180744 0.58226601
 0.5827253  0.5812464  0.58170688 0.58021791 0.58067958 0.57918043
 0.57964329 0.58010688 0.57859788 0.57906268 0.57952822 0.57999451
 0.58046156 0.58092936 0.58139791 0.58186721 0.58233728 0.58280811
 0.58129242 0.58176449 0.58223733 0.58271094 0.58118564 0.58166051
 0.58213615 0.58060063 0.58107755 0.58155525 0.58203373 0.58251301
 0.58299307 0.58144869 0.58193005 0.5824122  0.58289516 0.58337892
 0.58386348 0.58434884 0.58483502 0.585322   0.5858098  0.58629841
 0.58678784 0.58523766 0.58572844 0.58622005 0.58671249 0.58720575
 0.58769984 0.58819476 0.58869052 0.58918712 0.58968455 0.59018282
 0.59068194 0.5911819  0.59168271 0.59218437 0.59268688 0.59319024
 0.59369446 0.59419954 0.59470547 0.59521227 0.59571993 0.59622847
 0.59673786 0.59724813 0.59775928 0.59621205 0.59672471 0.59516616
 0.59568035 0.59619542 0.59671138 0.59722824 0.59774599 0.59826464
 0.59878419 0.59930465 0.59982601 0.60034828 0.60087146 0.60139555
 0.60192056 0.60035853 0.60088515 0.60141269 0.60194117 0.60247057
 0.6030009  0.60143006 0.60196205 0.60249497 0.60302884 0.60356365
 0.60409942 0.60463614 0.60517381 0.60571244 0.60625202 0.60679258
 0.60733409 0.60787657 0.60842003 0.60896445 0.60950985 0.61005623
 0.61060359 0.61115193 0.60958216 0.61013229 0.61068342 0.61123554
 0.61178866 0.61234278 0.61289791 0.61132029 0.61187725 0.61243523
 0.61299423 0.61355425 0.6141153  0.61467737 0.61524047 0.61580461
 0.61422085 0.61478689 0.61535398 0.61592211 0.61649129 0.61706153
 0.61546905 0.61604124 0.6166145  0.61718882 0.61776422 0.61834069
 0.61891823 0.61949686 0.62007656 0.62065736 0.62123924 0.62182221
 0.62240628 0.62299145 0.62357772 0.6241651  0.62475358 0.62534317
 0.62593388 0.6265257  0.62711864 0.62771271 0.6283079  0.62890423
 0.62950168 0.63010028 0.63070001 0.63130088 0.6319029  0.63032453
 0.63092878 0.62933788 0.62994437 0.63055202 0.63116085 0.63177086
 0.63238204 0.63299441 0.63360797 0.63422271 0.63483865 0.63324392
 0.6338622  0.63448169 0.63510239 0.6357243  0.63634743 0.63697179
 0.63537001 0.63599677 0.63662478 0.63725402 0.63788451 0.63851625
 0.63914924 0.63978349 0.640419   0.64105577 0.63945069 0.63783118
 0.63847172 0.63911355 0.63748193 0.63812631 0.63877199 0.63941898
 0.64006729 0.64071691 0.64136785 0.64202011 0.64038265 0.64103756
 0.63938637 0.64004394 0.64070287 0.64136316 0.64202481 0.64268782
 0.64335221 0.64401797 0.64236095 0.64302947 0.64369939 0.6443707
 0.64270236 0.64337648 0.64405202 0.64472898 0.64540737 0.64608719
 0.64676843 0.64745112 0.64577709 0.6464627  0.64477417 0.64546271
 0.64375945 0.64445095 0.64514395 0.64583843 0.64653441 0.64723189
 0.64551972 0.64622025 0.6469223  0.64762587 0.64833098 0.64903763
 0.64974582 0.65045555 0.65116684 0.65187968 0.65259409 0.65088106
 0.65159868 0.64987031 0.65059117 0.65131363 0.6520377  0.65276337
 0.65102445 0.64926803 0.64749384 0.64822622 0.64896026 0.64969597
 0.65043335 0.64864795 0.64938874 0.65013123 0.65087541 0.6516213
 0.65236891 0.65311823 0.65386927 0.65207797 0.65283257 0.65102445
 0.65178264 0.6525426  0.65071923 0.64887663 0.64964208 0.65040934
 0.65117841 0.65194931 0.65272203 0.65349659 0.65427299 0.65242413
 0.65320433 0.65398639 0.65477034 0.65555616 0.65369532 0.65448505
 0.65527669 0.65607024 0.65686572 0.65766313 0.65846247 0.65926377
 0.66006701 0.66087222 0.66167939 0.65981914 0.65793831 0.65875179
 0.65685222 0.65766989 0.65575123 0.65381094 0.65463504 0.65546122
 0.65628949 0.65711985 0.65795232 0.6587869  0.6596236  0.66046243
 0.66130339 0.6621465  0.66299176 0.66383918 0.66468877 0.66275634
 0.66361053 0.66446693 0.66532554 0.66618637 0.66704944 0.66791474
 0.66597473 0.66684482 0.66488456 0.66575949 0.66377858 0.66177405
 0.66265644 0.66354119 0.6615178  0.66240753 0.66329966 0.6641942
 0.66509115 0.66599053 0.66395597 0.66189647 0.66280374 0.66072156
 0.66163408 0.65952877 0.66044658 0.65831769 0.65924085 0.65708788
 0.65801644 0.65894764 0.65988147 0.66081796 0.66175711 0.66269893
 0.66053582 0.66148329 0.66243348 0.66338641 0.66120434 0.66216305
 0.66312455 0.66408884 0.66505593 0.66602585 0.66699861 0.6679742
 0.66895266 0.66993399 0.6709182  0.6719053  0.67289532 0.67388826
 0.67488413 0.67588295 0.67688473 0.67472617 0.67573442 0.67674569
 0.67775999 0.67558299 0.67660393 0.67440091 0.67542857 0.67319897
 0.67093852 0.66864658 0.66968839 0.67073344 0.67178176 0.67283336
 0.67388826 0.67494647 0.67264493 0.67371036 0.67477916 0.67585136
 0.67352877 0.67460838 0.67225627 0.6698699  0.67096105 0.67205577
 0.66964252 0.6671935  0.66830004 0.66941025 0.66693294 0.66441821
 0.66186522 0.66299176 0.66040384 0.65777586 0.65891473 0.66005755
 0.66120434 0.66235513 0.66350993 0.66466876 0.66583164 0.66699861
 0.66816967 0.66554054 0.66286942 0.66405393 0.66524269 0.6664357
 0.66763301 0.66493784 0.66614433 0.6673552  0.66462577 0.66584603
 0.66307641 0.66430619 0.66554054 0.66677949 0.66802306 0.66927128
 0.66648109 0.66773931 0.66490697 0.66617532 0.66744853 0.66457831
 0.66165812 0.65868664 0.65998124 0.66128094 0.66258577 0.66389575
 0.66521093 0.66653133 0.66785698 0.66487275 0.66620967 0.66755197
 0.6688997  0.67025287 0.67161154 0.66860384 0.66554054 0.66242008
 0.66380333 0.66519237 0.66658724 0.66342731 0.66483464 0.66624795
 0.66766728 0.66909267 0.67052417 0.66733762 0.66878229 0.67023322
 0.67169047 0.66846307 0.66993399 0.66664983 0.66813465 0.6647919
 0.66629087 0.66779661 0.66440098 0.66592126 0.66744853 0.66399831
 0.66554054 0.66202592 0.65843666 0.65477034 0.65102445 0.65260601
 0.65419526 0.6503833  0.65198856 0.65360175 0.65522296 0.65685222
 0.6584896  0.66013517 0.66178899 0.65795232 0.6596236  0.66130339
 0.66299176 0.66468877 0.66080151 0.66251696 0.66424135 0.66597473
 0.66771719 0.66946879 0.6712296  0.6729997  0.66909267 0.670883
 0.67268293 0.67449254 0.67631192 0.67814114 0.67998028 0.68182942
 0.67790778 0.67388826 0.66976714 0.67166291 0.67356945 0.66936749
 0.67129751 0.6732387  0.66895266 0.66455269 0.66653133 0.66852179
 0.67052417 0.67253858 0.67456513 0.67011454 0.66554054 0.66760802
 0.66968839 0.67178176 0.67388826 0.66924467 0.66446693 0.65954914
 0.66171531 0.65666667 0.65886288 0.66107383 0.66329966 0.66554054
 0.66040384 0.65510689 0.65739711 0.6597034  0.65427299 0.65661328
 0.65897038 0.65339967 0.65579228 0.650055   0.65248408 0.64657108
 0.64903763 0.65152306 0.65402761 0.65655148 0.65909491 0.65307768
 0.64684422 0.64945055 0.65207797 0.65472674 0.65739711 0.66008935
 0.66280374 0.66554054 0.66830004 0.67108251 0.67388826 0.66766728
 0.67052417 0.67340561 0.66699861 0.66993399 0.67289532 0.67588295
 0.67889722 0.68193851 0.68500716 0.68810355 0.6816609  0.68482039
 0.68800931 0.69122807 0.69447709 0.68790921 0.69122807 0.69457911
 0.6979628  0.69122807 0.69468775 0.69818223 0.70171205 0.70527775
 0.69841645 0.702067   0.69492762 0.69866699 0.70244682 0.70626777
 0.71013052 0.71403575 0.71798416 0.71082474 0.71487818 0.7189781
 0.72312533 0.72732068 0.73156499 0.73585912 0.74020397 0.73314955
 0.73762308 0.74215153 0.74673593 0.75137731 0.75607676 0.76083536
 0.7539005  0.74655146 0.75156417 0.75664465 0.76179428 0.76701448
 0.77230673 0.76504854 0.77053455 0.7760998  0.78174603 0.78747502
 0.7802652  0.78622245 0.79227138 0.78486056 0.79116466 0.79757085
 0.78995608 0.78174603 0.77286806 0.76323719 0.75275343 0.76027242
 0.76794313 0.75696446 0.76504854 0.75325006 0.74020397 0.74904943
 0.7348637  0.74426039 0.7539005  0.76379362 0.77394983 0.78437979
 0.77053455 0.78174603 0.76653696 0.77865613 0.76179428 0.74215153
 0.75607676 0.73370577 0.74904943 0.76504854 0.74020397 0.75810885
 0.77690141 0.79664934 0.81742739 0.79328859 0.81742739 0.7886309
 0.74904943 0.78174603 0.81742739 0.77053455 0.69122807 0.74904943
 0.59878419 0.69122807 0.81742739 1.         1.        ]","[1.         1.         1.         1.         1.         1.
 1.         1.         1.         1.         1.         1.
 1.         1.         1.         1.         1.         1.
 1.         1.         1.         1.         0.99431818 0.99431818
 0.99431818 0.99431818 0.99431818 0.99431818 0.99431818 0.99431818
 0.99431818 0.99431818 0.99431818 0.99431818 0.99431818 0.99431818
 0.99431818 0.99431818 0.99431818 0.99431818 0.99431818 0.99431818
 0.99431818 0.99431818 0.99431818 0.99431818 0.99431818 0.99431818
 0.99431818 0.99431818 0.99431818 0.99431818 0.99431818 0.99431818
 0.99431818 0.99431818 0.99431818 0.99431818 0.99431818 0.99431818
 0.99431818 0.99431818 0.99431818 0.99431818 0.99431818 0.99431818
 0.99431818 0.99431818 0.99431818 0.99431818 0.99431818 0.99431818
 0.99431818 0.99431818 0.99431818 0.99431818 0.99431818 0.99431818
 0.99431818 0.99431818 0.99431818 0.99431818 0.99431818 0.99431818
 0.99431818 0.98863636 0.98863636 0.98863636 0.98863636 0.98863636
 0.98863636 0.98863636 0.98863636 0.98863636 0.98863636 0.98863636
 0.98863636 0.98863636 0.98863636 0.98863636 0.98863636 0.98863636
 0.98863636 0.98295455 0.98295455 0.98295455 0.98295455 0.98295455
 0.98295455 0.98295455 0.98295455 0.98295455 0.98295455 0.98295455
 0.98295455 0.98295455 0.98295455 0.98295455 0.98295455 0.98295455
 0.98295455 0.98295455 0.98295455 0.98295455 0.98295455 0.98295455
 0.97727273 0.97727273 0.97727273 0.97727273 0.97727273 0.97727273
 0.97727273 0.97727273 0.97727273 0.97727273 0.97727273 0.97727273
 0.97727273 0.97727273 0.97727273 0.97727273 0.97727273 0.97727273
 0.97727273 0.97727273 0.97727273 0.97727273 0.97727273 0.97727273
 0.97159091 0.97159091 0.97159091 0.97159091 0.97159091 0.97159091
 0.97159091 0.97159091 0.97159091 0.96590909 0.96590909 0.96590909
 0.96590909 0.96590909 0.96590909 0.96590909 0.96590909 0.96590909
 0.96590909 0.96590909 0.96590909 0.96590909 0.96022727 0.96022727
 0.96022727 0.96022727 0.95454545 0.95454545 0.95454545 0.95454545
 0.95454545 0.95454545 0.95454545 0.95454545 0.95454545 0.95454545
 0.95454545 0.95454545 0.95454545 0.95454545 0.95454545 0.95454545
 0.95454545 0.95454545 0.95454545 0.95454545 0.95454545 0.95454545
 0.95454545 0.95454545 0.95454545 0.95454545 0.95454545 0.95454545
 0.95454545 0.95454545 0.95454545 0.95454545 0.95454545 0.95454545
 0.95454545 0.95454545 0.95454545 0.95454545 0.95454545 0.95454545
 0.95454545 0.95454545 0.95454545 0.95454545 0.95454545 0.95454545
 0.95454545 0.95454545 0.95454545 0.95454545 0.95454545 0.95454545
 0.95454545 0.95454545 0.95454545 0.95454545 0.95454545 0.95454545
 0.95454545 0.95454545 0.95454545 0.95454545 0.94886364 0.94886364
 0.94886364 0.94318182 0.94318182 0.94318182 0.94318182 0.9375
 0.9375     0.9375     0.9375     0.9375     0.9375     0.9375
 0.9375     0.9375     0.9375     0.9375     0.9375     0.9375
 0.9375     0.9375     0.9375     0.9375     0.9375     0.9375
 0.9375     0.9375     0.9375     0.9375     0.9375     0.9375
 0.9375     0.93181818 0.93181818 0.92613636 0.92613636 0.92045455
 0.92045455 0.92045455 0.91477273 0.91477273 0.91477273 0.91477273
 0.91477273 0.91477273 0.91477273 0.91477273 0.91477273 0.91477273
 0.90909091 0.90909091 0.90909091 0.90909091 0.90340909 0.90340909
 0.90340909 0.89772727 0.89772727 0.89772727 0.89772727 0.89772727
 0.89772727 0.89204545 0.89204545 0.89204545 0.89204545 0.89204545
 0.89204545 0.89204545 0.89204545 0.89204545 0.89204545 0.89204545
 0.89204545 0.88636364 0.88636364 0.88636364 0.88636364 0.88636364
 0.88636364 0.88636364 0.88636364 0.88636364 0.88636364 0.88636364
 0.88636364 0.88636364 0.88636364 0.88636364 0.88636364 0.88636364
 0.88636364 0.88636364 0.88636364 0.88636364 0.88636364 0.88636364
 0.88636364 0.88636364 0.88636364 0.88068182 0.88068182 0.875
 0.875      0.875      0.875      0.875      0.875      0.875
 0.875      0.875      0.875      0.875      0.875      0.875
 0.875      0.86931818 0.86931818 0.86931818 0.86931818 0.86931818
 0.86931818 0.86363636 0.86363636 0.86363636 0.86363636 0.86363636
 0.86363636 0.86363636 0.86363636 0.86363636 0.86363636 0.86363636
 0.86363636 0.86363636 0.86363636 0.86363636 0.86363636 0.86363636
 0.86363636 0.86363636 0.85795455 0.85795455 0.85795455 0.85795455
 0.85795455 0.85795455 0.85795455 0.85227273 0.85227273 0.85227273
 0.85227273 0.85227273 0.85227273 0.85227273 0.85227273 0.85227273
 0.84659091 0.84659091 0.84659091 0.84659091 0.84659091 0.84659091
 0.84090909 0.84090909 0.84090909 0.84090909 0.84090909 0.84090909
 0.84090909 0.84090909 0.84090909 0.84090909 0.84090909 0.84090909
 0.84090909 0.84090909 0.84090909 0.84090909 0.84090909 0.84090909
 0.84090909 0.84090909 0.84090909 0.84090909 0.84090909 0.84090909
 0.84090909 0.84090909 0.84090909 0.84090909 0.84090909 0.83522727
 0.83522727 0.82954545 0.82954545 0.82954545 0.82954545 0.82954545
 0.82954545 0.82954545 0.82954545 0.82954545 0.82954545 0.82386364
 0.82386364 0.82386364 0.82386364 0.82386364 0.82386364 0.82386364
 0.81818182 0.81818182 0.81818182 0.81818182 0.81818182 0.81818182
 0.81818182 0.81818182 0.81818182 0.81818182 0.8125     0.80681818
 0.80681818 0.80681818 0.80113636 0.80113636 0.80113636 0.80113636
 0.80113636 0.80113636 0.80113636 0.80113636 0.79545455 0.79545455
 0.78977273 0.78977273 0.78977273 0.78977273 0.78977273 0.78977273
 0.78977273 0.78977273 0.78409091 0.78409091 0.78409091 0.78409091
 0.77840909 0.77840909 0.77840909 0.77840909 0.77840909 0.77840909
 0.77840909 0.77840909 0.77272727 0.77272727 0.76704545 0.76704545
 0.76136364 0.76136364 0.76136364 0.76136364 0.76136364 0.76136364
 0.75568182 0.75568182 0.75568182 0.75568182 0.75568182 0.75568182
 0.75568182 0.75568182 0.75568182 0.75568182 0.75568182 0.75
 0.75       0.74431818 0.74431818 0.74431818 0.74431818 0.74431818
 0.73863636 0.73295455 0.72727273 0.72727273 0.72727273 0.72727273
 0.72727273 0.72159091 0.72159091 0.72159091 0.72159091 0.72159091
 0.72159091 0.72159091 0.72159091 0.71590909 0.71590909 0.71022727
 0.71022727 0.71022727 0.70454545 0.69886364 0.69886364 0.69886364
 0.69886364 0.69886364 0.69886364 0.69886364 0.69886364 0.69318182
 0.69318182 0.69318182 0.69318182 0.69318182 0.6875     0.6875
 0.6875     0.6875     0.6875     0.6875     0.6875     0.6875
 0.6875     0.6875     0.6875     0.68181818 0.67613636 0.67613636
 0.67045455 0.67045455 0.66477273 0.65909091 0.65909091 0.65909091
 0.65909091 0.65909091 0.65909091 0.65909091 0.65909091 0.65909091
 0.65909091 0.65909091 0.65909091 0.65909091 0.65909091 0.65340909
 0.65340909 0.65340909 0.65340909 0.65340909 0.65340909 0.65340909
 0.64772727 0.64772727 0.64204545 0.64204545 0.63636364 0.63068182
 0.63068182 0.63068182 0.625      0.625      0.625      0.625
 0.625      0.625      0.61931818 0.61363636 0.61363636 0.60795455
 0.60795455 0.60227273 0.60227273 0.59659091 0.59659091 0.59090909
 0.59090909 0.59090909 0.59090909 0.59090909 0.59090909 0.59090909
 0.58522727 0.58522727 0.58522727 0.58522727 0.57954545 0.57954545
 0.57954545 0.57954545 0.57954545 0.57954545 0.57954545 0.57954545
 0.57954545 0.57954545 0.57954545 0.57954545 0.57954545 0.57954545
 0.57954545 0.57954545 0.57954545 0.57386364 0.57386364 0.57386364
 0.57386364 0.56818182 0.56818182 0.5625     0.5625     0.55681818
 0.55113636 0.54545455 0.54545455 0.54545455 0.54545455 0.54545455
 0.54545455 0.54545455 0.53977273 0.53977273 0.53977273 0.53977273
 0.53409091 0.53409091 0.52840909 0.52272727 0.52272727 0.52272727
 0.51704545 0.51136364 0.51136364 0.51136364 0.50568182 0.5
 0.49431818 0.49431818 0.48863636 0.48295455 0.48295455 0.48295455
 0.48295455 0.48295455 0.48295455 0.48295455 0.48295455 0.48295455
 0.48295455 0.47727273 0.47159091 0.47159091 0.47159091 0.47159091
 0.47159091 0.46590909 0.46590909 0.46590909 0.46022727 0.46022727
 0.45454545 0.45454545 0.45454545 0.45454545 0.45454545 0.45454545
 0.44886364 0.44886364 0.44318182 0.44318182 0.44318182 0.4375
 0.43181818 0.42613636 0.42613636 0.42613636 0.42613636 0.42613636
 0.42613636 0.42613636 0.42613636 0.42045455 0.42045455 0.42045455
 0.42045455 0.42045455 0.42045455 0.41477273 0.40909091 0.40340909
 0.40340909 0.40340909 0.40340909 0.39772727 0.39772727 0.39772727
 0.39772727 0.39772727 0.39772727 0.39204545 0.39204545 0.39204545
 0.39204545 0.38636364 0.38636364 0.38068182 0.38068182 0.375
 0.375      0.375      0.36931818 0.36931818 0.36931818 0.36363636
 0.36363636 0.35795455 0.35227273 0.34659091 0.34090909 0.34090909
 0.34090909 0.33522727 0.33522727 0.33522727 0.33522727 0.33522727
 0.33522727 0.33522727 0.33522727 0.32954545 0.32954545 0.32954545
 0.32954545 0.32954545 0.32386364 0.32386364 0.32386364 0.32386364
 0.32386364 0.32386364 0.32386364 0.32386364 0.31818182 0.31818182
 0.31818182 0.31818182 0.31818182 0.31818182 0.31818182 0.31818182
 0.3125     0.30681818 0.30113636 0.30113636 0.30113636 0.29545455
 0.29545455 0.29545455 0.28977273 0.28409091 0.28409091 0.28409091
 0.28409091 0.28409091 0.28409091 0.27840909 0.27272727 0.27272727
 0.27272727 0.27272727 0.27272727 0.26704545 0.26136364 0.25568182
 0.25568182 0.25       0.25       0.25       0.25       0.25
 0.24431818 0.23863636 0.23863636 0.23863636 0.23295455 0.23295455
 0.23295455 0.22727273 0.22727273 0.22159091 0.22159091 0.21590909
 0.21590909 0.21590909 0.21590909 0.21590909 0.21590909 0.21022727
 0.20454545 0.20454545 0.20454545 0.20454545 0.20454545 0.20454545
 0.20454545 0.20454545 0.20454545 0.20454545 0.20454545 0.19886364
 0.19886364 0.19886364 0.19318182 0.19318182 0.19318182 0.19318182
 0.19318182 0.19318182 0.19318182 0.19318182 0.1875     0.1875
 0.1875     0.1875     0.1875     0.18181818 0.18181818 0.18181818
 0.18181818 0.17613636 0.17613636 0.17613636 0.17613636 0.17613636
 0.17045455 0.17045455 0.16477273 0.16477273 0.16477273 0.16477273
 0.16477273 0.16477273 0.16477273 0.15909091 0.15909091 0.15909091
 0.15909091 0.15909091 0.15909091 0.15909091 0.15909091 0.15340909
 0.15340909 0.15340909 0.15340909 0.15340909 0.15340909 0.15340909
 0.14772727 0.14204545 0.14204545 0.14204545 0.14204545 0.14204545
 0.14204545 0.13636364 0.13636364 0.13636364 0.13636364 0.13636364
 0.13068182 0.13068182 0.13068182 0.125      0.125      0.125
 0.11931818 0.11363636 0.10795455 0.10227273 0.09659091 0.09659091
 0.09659091 0.09090909 0.09090909 0.08522727 0.07954545 0.07954545
 0.07386364 0.07386364 0.07386364 0.07386364 0.07386364 0.07386364
 0.06818182 0.06818182 0.0625     0.0625     0.05681818 0.05113636
 0.05113636 0.04545455 0.04545455 0.04545455 0.03977273 0.03977273
 0.03977273 0.03977273 0.03977273 0.03409091 0.03409091 0.02840909
 0.02272727 0.02272727 0.02272727 0.01704545 0.01136364 0.01136364
 0.00568182 0.00568182 0.00568182 0.00568182 0.        ]","[0.08187543 0.08424878 0.09178694 0.0922602  0.09551997 0.10008628
 0.10199886 0.10339375 0.10484914 0.1058758  0.1064881  0.10688893
 0.10802815 0.10828047 0.11113695 0.11136936 0.11252086 0.11534966
 0.11557788 0.11582541 0.11597753 0.11663186 0.11787869 0.11847056
 0.1208524  0.1210621  0.12154923 0.12284151 0.12336779 0.12350135
 0.12352786 0.12467644 0.12469786 0.12558648 0.12583064 0.12636177
 0.12765105 0.1277862  0.12926728 0.13041741 0.1310557  0.1311402
 0.131451   0.1326367  0.13266209 0.13279384 0.13408534 0.13413585
 0.13453325 0.13471971 0.13533313 0.13687468 0.13695914 0.13777211
 0.13834004 0.13921638 0.14015538 0.14032784 0.14137234 0.14190811
 0.14195155 0.14220961 0.14441643 0.14531651 0.14602325 0.14700978
 0.14796451 0.14843708 0.14870339 0.14971521 0.15073622 0.15158479
 0.15183574 0.15280364 0.15292436 0.15313526 0.1531986  0.15390476
 0.15412954 0.15460229 0.15518591 0.15585912 0.1560461  0.15716516
 0.15731516 0.15762586 0.15833905 0.15874692 0.15895276 0.16016392
 0.16057516 0.16117136 0.16208752 0.16238062 0.16399878 0.16696538
 0.16893    0.17048642 0.17061802 0.17402517 0.17463236 0.17511232
 0.17564056 0.17659516 0.17670267 0.17715575 0.17730513 0.17824672
 0.17843385 0.1787755  0.17918089 0.18047013 0.18089195 0.18216532
 0.18286599 0.18353172 0.18418694 0.18497529 0.18501053 0.18599275
 0.18599442 0.18634551 0.18861418 0.18867947 0.18900605 0.18922244
 0.19027193 0.19055058 0.19084301 0.19180561 0.19292039 0.19305034
 0.19350209 0.19377743 0.19515674 0.19646264 0.19677451 0.19706319
 0.19715573 0.19747301 0.19804859 0.19876328 0.20079045 0.20105323
 0.20135918 0.20153187 0.2018943  0.20197754 0.20254132 0.20275955
 0.20454324 0.20504658 0.20636786 0.2069839  0.21094515 0.2116106
 0.21180781 0.21240928 0.21485243 0.21509192 0.21934925 0.2194306
 0.22027037 0.22107496 0.2304022  0.23061665 0.23079018 0.23153858
 0.23270175 0.23314211 0.23337043 0.23535985 0.2359244  0.23843987
 0.23995719 0.24127751 0.24203529 0.24204823 0.24326151 0.24533166
 0.24833316 0.25130283 0.25323596 0.25636184 0.25730841 0.25745373
 0.26200756 0.26301303 0.26425019 0.27310159 0.27806987 0.27854682
 0.27955649 0.28013181 0.2801859  0.28102415 0.28235102 0.28247912
 0.28369017 0.28546986 0.28587805 0.28885909 0.29059755 0.29107588
 0.29444453 0.29593268 0.29699257 0.29785924 0.29806511 0.29878828
 0.30243798 0.30358995 0.30387388 0.30454818 0.30486153 0.30516682
 0.3065279  0.30664491 0.30861086 0.31029333 0.31217273 0.31446826
 0.31877868 0.32639454 0.32735643 0.3289289  0.33141209 0.33254313
 0.33569003 0.33599429 0.33611065 0.33614817 0.33774378 0.34056298
 0.34076155 0.34078555 0.34419703 0.34449071 0.34537416 0.35039623
 0.35067276 0.35226272 0.3564599  0.35719149 0.3574269  0.36087608
 0.36407597 0.36896592 0.37359364 0.38137725 0.38241753 0.38282736
 0.38343473 0.38446065 0.38703561 0.38782175 0.38943984 0.3954016
 0.39741839 0.40011132 0.40056128 0.4044674  0.40506624 0.40595235
 0.40726218 0.40866235 0.40941971 0.40964602 0.40984686 0.41078007
 0.4110564  0.413001   0.41378466 0.41406615 0.41415842 0.4149094
 0.41687082 0.41990941 0.42112425 0.42248725 0.42270083 0.42287248
 0.42311118 0.42412132 0.42413856 0.42460039 0.4251074  0.42581937
 0.42652906 0.42673757 0.42873732 0.42899675 0.42918507 0.42974176
 0.43000994 0.43004833 0.43193783 0.4322079  0.43427284 0.43482248
 0.43486742 0.43683673 0.43749444 0.43790412 0.43823498 0.43839588
 0.43848685 0.43899104 0.43911871 0.44158304 0.44201233 0.44209108
 0.44299332 0.44401305 0.44464069 0.44533374 0.44562247 0.44574231
 0.44661787 0.4487874  0.44903684 0.44919611 0.44923327 0.44933791
 0.44956262 0.45004448 0.45024331 0.45060668 0.45141278 0.45182406
 0.45211172 0.45243573 0.45268762 0.45295174 0.4533063  0.45374143
 0.45398994 0.4541145  0.454201   0.4542696  0.45437194 0.45446399
 0.45471242 0.4547456  0.45535997 0.45569921 0.45581509 0.45603095
 0.45672387 0.45685629 0.4570825  0.45710805 0.45850478 0.45862828
 0.45886041 0.45917492 0.45937277 0.45986593 0.45989016 0.45999009
 0.46038756 0.4605589  0.46070252 0.46088811 0.46092437 0.46099433
 0.4610301  0.46108829 0.46118149 0.46121937 0.46162267 0.46230265
 0.46285496 0.46317517 0.46342531 0.46344522 0.46355332 0.46366146
 0.46369399 0.46455594 0.46491528 0.46551182 0.46593658 0.46617392
 0.46636777 0.46653384 0.4677612  0.46781752 0.46801566 0.46864426
 0.46906875 0.46928416 0.46960228 0.469857   0.469969   0.46998468
 0.47003195 0.47071566 0.47076699 0.47095363 0.47115544 0.47137055
 0.47162789 0.47183628 0.47217886 0.47219605 0.47247439 0.47315541
 0.47316985 0.47344712 0.4738432  0.47419122 0.47429233 0.47429496
 0.4744675  0.47455968 0.47458556 0.47518206 0.47528428 0.47534937
 0.47535801 0.47555534 0.47603892 0.47638873 0.47697491 0.4770482
 0.47733276 0.47741046 0.47791843 0.47837504 0.47867655 0.47890603
 0.47983796 0.48015699 0.48025693 0.48140096 0.48153957 0.48155731
 0.4819238  0.48204093 0.48219622 0.48254668 0.48314074 0.48336425
 0.48342872 0.48359861 0.48497739 0.4850407  0.4850826  0.48545692
 0.48559143 0.48560293 0.48582166 0.48592131 0.48605677 0.48617858
 0.4863396  0.48653808 0.48671792 0.48690186 0.48704507 0.48736383
 0.48786019 0.48826682 0.48844594 0.48957699 0.48971532 0.49038877
 0.4906248  0.49073826 0.49094694 0.49096601 0.49106746 0.49114858
 0.49133142 0.49133357 0.49141124 0.49185616 0.49222392 0.49230599
 0.49233963 0.49242942 0.49250938 0.49311716 0.49369688 0.49400732
 0.49409708 0.49418806 0.49421319 0.49476129 0.49487867 0.49488306
 0.49500222 0.49505728 0.49531242 0.49533826 0.49576129 0.49615869
 0.49622757 0.49637711 0.49644259 0.49702978 0.49704606 0.49724776
 0.49731243 0.49776645 0.49800931 0.49852636 0.49866164 0.49904473
 0.49905081 0.49911847 0.49920063 0.49944026 0.49944378 0.4994445
 0.49953464 0.50121434 0.5016734  0.50168271 0.501759   0.50184884
 0.50238186 0.50246611 0.5024686  0.50249215 0.50255541 0.50263593
 0.50323878 0.50339055 0.50339299 0.50370538 0.50380376 0.50389367
 0.50390748 0.50392106 0.504003   0.50444374 0.50498612 0.5051628
 0.50544892 0.50579146 0.50588685 0.50703664 0.5071382  0.5071572
 0.50735505 0.50750147 0.50761391 0.50777678 0.50805547 0.50813189
 0.508255   0.50842558 0.50894179 0.50929317 0.50975057 0.50987564
 0.51012445 0.51083881 0.51104374 0.51124312 0.51158301 0.51158486
 0.51204403 0.51210117 0.51265579 0.51269153 0.51282871 0.51330894
 0.51407    0.51432949 0.51443305 0.51468626 0.51531079 0.51562588
 0.51564664 0.51581196 0.51590778 0.51671597 0.51705541 0.51755271
 0.51756975 0.51780828 0.5183742  0.51858574 0.51870542 0.51959573
 0.51960929 0.51964926 0.51969086 0.5199625  0.51998914 0.52004301
 0.52006926 0.52026569 0.52029573 0.5203928  0.52062078 0.52075858
 0.52099534 0.52102074 0.52111507 0.52113046 0.52132211 0.52133105
 0.52133684 0.52134145 0.52148908 0.52193877 0.52229211 0.52243385
 0.52260535 0.52309713 0.52314471 0.52327139 0.52335837 0.52390034
 0.52458007 0.52468096 0.52476922 0.5251631  0.52529307 0.52531788
 0.52561099 0.5259894  0.52609983 0.52666062 0.52697324 0.52703056
 0.52703388 0.52708425 0.52719863 0.52792117 0.52812128 0.52812632
 0.52916817 0.52921452 0.52941168 0.52945751 0.53031816 0.53036856
 0.53043494 0.53067296 0.53083411 0.53127956 0.53132556 0.53191054
 0.53223215 0.53234131 0.53257448 0.53259217 0.53270398 0.5328506
 0.53303421 0.53310372 0.53329285 0.53347056 0.53369989 0.53424888
 0.53438906 0.5344486  0.53470264 0.53487066 0.53488719 0.53515076
 0.53530145 0.5359256  0.5359606  0.53619422 0.53638696 0.53668068
 0.53681424 0.53701973 0.5374014  0.53905968 0.53980245 0.53987123
 0.54049185 0.54082856 0.54145838 0.5415458  0.54167008 0.54182037
 0.54194845 0.54208643 0.54258223 0.542663   0.54293281 0.54317522
 0.54329843 0.54342699 0.54430729 0.54439202 0.54439432 0.54450988
 0.54481548 0.54481959 0.54513692 0.54571079 0.54580657 0.5459643
 0.54633987 0.54646839 0.54651733 0.54672563 0.54731041 0.54742058
 0.54743834 0.54751206 0.54777467 0.54791345 0.54841306 0.54920189
 0.54969499 0.55056088 0.55068393 0.55079708 0.55152246 0.55155803
 0.55224717 0.5525593  0.5525889  0.55268836 0.55271562 0.55279062
 0.5528093  0.55331214 0.55337014 0.55342114 0.55374463 0.55399813
 0.55416583 0.55473861 0.55500219 0.55531729 0.5554978  0.55559375
 0.55612882 0.55614469 0.55646691 0.55661486 0.55755521 0.55805435
 0.55874909 0.55943706 0.56001253 0.56012035 0.56041342 0.56083965
 0.56246976 0.56266683 0.56297411 0.56340008 0.56381039 0.56444087
 0.56461178 0.56469993 0.56483272 0.56534252 0.5654995  0.56558382
 0.56581563 0.56589994 0.56590207 0.56673568 0.56681533 0.56711063
 0.56724251 0.56726412 0.56732492 0.56738739 0.56740766 0.56795946
 0.56813572 0.56892923 0.56900368 0.56931063 0.56932841 0.56953948
 0.56983789 0.56988898 0.57015027 0.57048163 0.57111071 0.57162548
 0.57163296 0.571826   0.57190033 0.57267894 0.57274282 0.57281768
 0.57314371 0.57337778 0.57345326 0.57366928 0.57381431 0.57422056
 0.5751028  0.57534635 0.57555061 0.57658174 0.57722633 0.5778726
 0.57836081 0.57861845 0.57871227 0.57899573 0.57952411 0.57955037
 0.57965228 0.58044962 0.58080272 0.58095499 0.58100796 0.58267545
 0.58270917 0.58286484 0.58328987 0.58450834 0.58533307 0.58557348
 0.58565865 0.58689519 0.58749328 0.58762784 0.58792873 0.58804285
 0.58818801 0.58894263 0.58897102 0.5894727  0.58954679 0.59000194
 0.59028059 0.59052834 0.59198118 0.59282327 0.59348573 0.59350835
 0.59363086 0.59430573 0.59440726 0.5944168  0.59462723 0.59467483
 0.5950124  0.59569482 0.59657266 0.59722491 0.59795422 0.59812964
 0.59845358 0.59848737 0.59852293 0.59908871 0.59916069 0.59936243
 0.5996574  0.60034044 0.60102902 0.60115263 0.60118905 0.6013441
 0.60148006 0.60169433 0.60192892 0.60196938 0.60207415 0.60243308
 0.60260661 0.60264888 0.60281664 0.60297102 0.60354377 0.60417895
 0.60433768 0.60440105 0.6046453  0.60467003 0.60714243 0.60729045
 0.6075397  0.60793235 0.60809607 0.60870494 0.60881829 0.60933593
 0.60941225 0.60961484 0.60977278 0.61002265 0.61058296 0.611054
 0.61129708 0.61188241 0.61302441 0.6134664  0.61430434 0.61499049
 0.61597178 0.61640617 0.61720369 0.61738845 0.61773537 0.61803078
 0.6181355  0.61825048 0.61828128 0.61833142 0.61856334 0.61860931
 0.61868073 0.61887412 0.62017899 0.62064863 0.62142139 0.6214571
 0.62279581 0.62440913 0.62471479 0.62505844 0.62513788 0.62521622
 0.62575544 0.62791668 0.62791775 0.63058439 0.6306072  0.63142851
 0.6315774  0.63187629 0.63205665 0.63270596 0.6334819  0.63368451
 0.63481757 0.63636275 0.63667237 0.63732364 0.63801137 0.63812804
 0.63920045 0.64037424 0.64148557 0.64441409 0.64528803 0.64601364
 0.64923642 0.64971795 0.65335806 0.65369826 0.65602066 0.65612834
 0.65838488 0.65894986 0.66085869 0.66420645 0.66469318 0.66621114
 0.668739   0.67142335 0.67487693 0.69372477]"
Hyperledger,is_change_text_num_words_5,XGboost,"ratio_unusable_issues_text_by_previous    5.465491e-02
len_sum_desc                              5.436457e-02
1                                         4.971574e-02
avg_word_len                              4.504601e-02
len_description                           4.462254e-02
2                                         4.352337e-02
7                                         4.349752e-02
5                                         4.228014e-02
4                                         4.092202e-02
13                                        3.965073e-02
3                                         3.885029e-02
14                                        3.863490e-02
8                                         3.856893e-02
0                                         3.853847e-02
10                                        3.841988e-02
num_words                                 3.627111e-02
12                                        3.621352e-02
9                                         3.604979e-02
num_issues_cretor_prev                    3.548292e-02
6                                         3.496845e-02
avg_num_word_in_sentence                  3.384618e-02
11                                        3.103316e-02
num_sentences                             2.981131e-02
num_stopwords                             2.668347e-02
time_until_add_sprint                     1.838527e-02
original_story_points_sprint              1.799053e-02
dominant_topic_1                          4.103779e-03
has_url                                   2.438981e-03
num_changes_text_before_sprint            1.580165e-03
relates                                   8.190471e-04
block_by                                  7.683357e-04
block                                     6.175683e-04
num_headlines                             5.485340e-04
num_question_marks                        4.904969e-04
duplicate                                 2.293344e-04
has_acceptance_criteria                   2.029892e-04
num_changes_story_point_before_sprint     1.488414e-04
duplicate_by                              1.400179e-05
has_please                                1.214398e-05
has_tbd                                   4.514289e-08
has_template                              9.263020e-09
if_acceptance_empty_tbd                   0.000000e+00
len_acceptance                            0.000000e+00
priority                                  0.000000e+00
if_description_empty_tbd                  0.000000e+00
num_comments_before_sprint                0.000000e+00
noun_count                                0.000000e+00
has_code                                  0.000000e+00
adj_count                                 0.000000e+00
adv_count                                 0.000000e+00
pron_count                                0.000000e+00
verb_count                                0.000000e+00
dtype: float64",0.8132780082987552,"[[474.65989848   7.34010152]
 [460.09090909  21.90909091]]","              precision    recall  f1-score   support

           0       0.51      0.98      0.67 481.99999999999716
           1       0.75      0.05      0.09 482.00000000000125

    accuracy                           0.52 963.9999999999984
   macro avg       0.63      0.52      0.38 963.9999999999984
weighted avg       0.63      0.52      0.38 963.9999999999984
",0.6199111122284824,0.6252203840406629,0.6413676742039686,"[0 0 0 0 0 0 0 0 0 0 0 0 0 0 0 0 0 0 0 0 0 0 0 0 0 0 0 0 0 0 0 0 0 0 0 0 0
 0 0 0 0 0 0 0 0 0 0 0 0 0 0 0 0 0 0 0 0 0 0 0 0 0 0 0 0 0 0 0 0 0 0 0 0 0
 0 1 0 0 0 0 0 0 0 0 0 0 0 0 0 0 0 0 0 1 0 0 0 0 0 0 0 0 0 0 1 0 0 0 0 0 0
 0 0 0 0 0 0 0 0 0 0 0 0 0 0 0 0 0 0 0 0 0 0 0 0 0 0 0 0 0 0 0 0 0 0 0 0 0
 0 0 0 0 0 0 0 0 0 0 0 0 0 0 0 0 0 0 0 0 0 0 0 0 0 0 0 0 0 0 0 0 0 0 0 0 0
 0 0 0 0 0 0 0 0 0 0 0 0 0 0 0 0 0 0 0 0 0 0 0 0 0 0 0 0 0 0 1 0 0 1 0 0 0
 0 0 0 0 0 1 0 0 0 0 0 1 0 0 0 0 0 0 0 0 0 0 0 0 0 0 0 0 0 1 0 0 0 0 0 0 0
 0 0 0 0 0 0 0 0 0 0 0 0 0 0 0 0 0 0 0 0 0 0 1 0 0 0 0 0 0 0 0 0 0 0 0 0 0
 0 0 0 0 0 0 0 0 0 0 0 0 0 0 0 0 0 0 0 0 0 0 0 0 0 0 0 0 0 0 0 0 0 0 0 0 0
 0 0 0 0 0 0 0 0 0 0 0 0 0 0 0 0 0 0 0 0 0 0 0 0 0 0 0 0 0 0 0 0 0 0 0 0 0
 0 0 0 0 0 0 0 0 0 0 0 0 1 0 0 0 0 0 0 0 0 0 0 0 0 0 0 0 0 0 0 0 0 0 0 0 0
 0 0 0 0 0 0 0 0 0 0 0 0 0 0 0 0 0 1 0 0 0 0 0 0 0 0 0 0 0 0 0 0 0 0 0 0 0
 0 1 0 0 0 0 0 0 0 0 0 0 0 0 0 0 0 0 0 0 0 0 0 0 0 0 0 0 0 0 0 0 0 0 0 0 0
 0 0 0 0 0 0 0 0 0 0 0 0 0 1 0 0 0 0 0 0 0 0 0 0 0 0 0 0 0 1 0 0 0 0 0 0 0
 0 0 0 0 0 0 0 1 0 0 0 0 0 0 0 0 0 0 0 0 0 0 0 0 0 0 0 0 0 0 0 0 1 1 0 0 0
 0 0 0 0 0 0 0 0 0 0 0 0 0 0 0 0 0 0 0 0 0 0 0 0 0 0 0 0 0 0 0 0 0 0 0 0 0
 0 0 0 0 0 0 0 0 0 0 0 0 0 0 0 0 0 0 0 0 0 0 0 0 0 0 0 0 0 0 0 0 0 0 0 0 0
 0 0 0 0 0 0 0 0 0 0 0 0 0 0 0 0 0 0 0 0 0 0 0 0 0 0 0 0 0 0 0 0 0 0 0 0 0
 0 0 0 0 0 0 0 0 0 0 0 0 0 0 0 0 0 0 0 0 0 0 0 0 0 0 0 0 0 0 0 0 0 0 0 0 0
 0 0 0 0 0 0 0 0 0 0 0 0 0 0 0 0 0 0 0 0 0 0 0 0 0 0 0 0 0 0 0 0 0 0 0 0 0
 0 0 0 0 0 0 0 0 0 0 0 0 0 0 0 0 0 0 0 0 0 0 0 0 0 0 0 0 0 0 0 0 0 0 0 0 0
 0 1 0 0 0 0 0 0 0 0 1 0 0 0 0 0 0 0 0 0 0 0 0 0 0 0 0 0 0 0 0 0 0 0 0 0 0
 0 0 0 0 0 0 0 0 0 0 0 0 0 0 0 0 0 0 0 0 0 0 0 0 0 0 0 0 0 0 0 0 0 0 0 0 0
 0 0 0 0 0 0 0 0 0 0 0 0 0 0 0 0 0 0 0 0 0 0 0 0 0 0 0 0 0 0 1 0 0 0 0 0 0
 0 0 0 0 0 0 0 0 0 0 0 0 0 0 0 0 0 0 0 0 0 0 0 0 0 0 0 0 0 0 0 0 0 0 0 0 0
 0 0 0 0 0 0 0 0 0 0 0 0 0 0 0 0 0 0 0 0 0 0 0 0 0 0 0 0 0 0 0 0 0 0 0 0 0
 0 0]","[0.5        0.50031746 0.50063532 0.50095359 0.50127226 0.50159134
 0.50191083 0.50223072 0.50255102 0.50287173 0.50319285 0.50351438
 0.50383632 0.50415867 0.50448143 0.50480461 0.50512821 0.50545221
 0.50577664 0.50610148 0.50642674 0.50500242 0.50532812 0.50565423
 0.50422171 0.50454826 0.50487525 0.50520265 0.50553048 0.50585874
 0.50618742 0.50651654 0.50684607 0.50717604 0.50750644 0.50783727
 0.50816853 0.50850022 0.50883235 0.50916491 0.5094979  0.50983134
 0.5101652  0.51049951 0.51083425 0.51116944 0.51150506 0.51184112
 0.51217763 0.51251458 0.51285197 0.51318981 0.51352809 0.51386682
 0.51420599 0.51454562 0.51488569 0.51522621 0.51556719 0.51590861
 0.51625049 0.51659282 0.51693561 0.51727885 0.51762254 0.5179667
 0.51831131 0.51865638 0.51900191 0.51756291 0.51790897 0.5182555
 0.51860249 0.51894995 0.51929787 0.51785059 0.51819906 0.51854799
 0.5188974  0.51744159 0.51779154 0.51814197 0.51849287 0.51884424
 0.51919609 0.51954842 0.51990123 0.52025451 0.52060828 0.52096253
 0.52131726 0.52167247 0.52202817 0.52238436 0.52274103 0.52309818
 0.52345583 0.52381397 0.52417259 0.52453171 0.52489132 0.52525142
 0.52561202 0.52597311 0.5263347  0.52669679 0.52705938 0.52742246
 0.52778605 0.52632406 0.52668826 0.52705297 0.52741819 0.52778391
 0.52815013 0.52851687 0.52888412 0.52925187 0.52962014 0.52998892
 0.53035822 0.53072803 0.53109835 0.5314692  0.53184056 0.53221244
 0.53258484 0.53295776 0.53148896 0.53186255 0.53223666 0.5326113
 0.53298647 0.53336217 0.5337384  0.53411516 0.53449245 0.53487027
 0.53524863 0.53562752 0.53600696 0.53638692 0.53676743 0.53714848
 0.53753007 0.5379122  0.53829488 0.5386781  0.53906187 0.53944618
 0.53983104 0.54021646 0.54060242 0.54098893 0.541376   0.54176362
 0.5421518  0.54254054 0.54292983 0.54331968 0.54184676 0.54036431
 0.54075511 0.54114648 0.53965477 0.5400469  0.53854565 0.53893854
 0.53933199 0.53972603 0.54012064 0.5386103  0.53900567 0.53940163
 0.53979817 0.54019529 0.540593   0.54099129 0.54139017 0.53987122
 0.53834216 0.53874202 0.53914248 0.53760361 0.53800485 0.5384067
 0.53880914 0.53921219 0.53961584 0.54002009 0.54042495 0.53887711
 0.53928278 0.53968906 0.54009596 0.54050346 0.54091159 0.54132033
 0.54172969 0.54213966 0.54058299 0.5409938  0.54140524 0.5418173
 0.54222999 0.54264331 0.54305727 0.54347185 0.54388707 0.54430292
 0.54471941 0.54315429 0.54357165 0.54398965 0.5444083  0.54482759
 0.54524752 0.5456681  0.54608934 0.54651122 0.54693376 0.54735694
 0.54778079 0.54820529 0.54863045 0.54705768 0.54748376 0.5479105
 0.54833791 0.54876599 0.54919474 0.54962415 0.55005424 0.550485
 0.55091644 0.55134856 0.55178135 0.55020052 0.55063427 0.55106871
 0.55150384 0.55193966 0.55034876 0.55078555 0.55122303 0.55166122
 0.5521001  0.55253967 0.55297995 0.55342093 0.55386262 0.55430501
 0.55474811 0.55519191 0.55563643 0.55608166 0.55448331 0.55492958
 0.55537656 0.55582426 0.55627269 0.55672184 0.55717172 0.55762232
 0.55807365 0.55852572 0.55897852 0.55943205 0.55988632 0.56034132
 0.55873575 0.55919185 0.5596487  0.56010629 0.56056464 0.56102373
 0.56148358 0.56194418 0.56240554 0.56079107 0.55916465 0.55752613
 0.55798935 0.55845334 0.5589181  0.55938364 0.55984995 0.56031704
 0.56078491 0.56125356 0.561723   0.56007556 0.56054617 0.56101756
 0.55935845 0.55983103 0.5603044  0.56077858 0.56125356 0.55958339
 0.56005957 0.56053655 0.55885439 0.55933258 0.55981159 0.56029142
 0.56077208 0.55907854 0.55956042 0.55785417 0.55833727 0.55882121
 0.55930599 0.55979162 0.56027809 0.5607654  0.56125356 0.56174257
 0.56002624 0.56051652 0.5587871  0.55704402 0.55753598 0.55802881
 0.55852251 0.55901709 0.55951254 0.56000887 0.56050608 0.56100418
 0.56150316 0.55974996 0.56025026 0.56075146 0.56125356 0.56175656
 0.559991   0.56049534 0.56100059 0.56150676 0.56201383 0.56252183
 0.56074419 0.56125356 0.56176386 0.56227508 0.56048429 0.5609969
 0.56151045 0.56202495 0.56254038 0.56305677 0.5635741  0.56409238
 0.56461162 0.56513181 0.56333053 0.56151426 0.55968282 0.56020542
 0.560729   0.55888313 0.55940816 0.55993418 0.55807365 0.55860113
 0.55912961 0.55725422 0.55778417 0.55831512 0.55884709 0.55938008
 0.55991408 0.56044911 0.56098515 0.56152223 0.56206033 0.56259946
 0.56313963 0.56125356 0.56179529 0.56233806 0.56288188 0.56342676
 0.56152639 0.56207286 0.56015639 0.56070444 0.56125356 0.56180376
 0.56235504 0.5629074  0.56346085 0.56401539 0.56457102 0.56512775
 0.56568557 0.5662445  0.56680453 0.56736567 0.56543946 0.56600231
 0.56656627 0.56713136 0.56769758 0.56826493 0.56883341 0.56940304
 0.5699738  0.57054571 0.57111877 0.57169298 0.57226835 0.57284488
 0.57342257 0.57400142 0.57458145 0.57516265 0.57322987 0.57381294
 0.57186317 0.5724481  0.57303423 0.57362156 0.5742101  0.57479984
 0.5753908  0.57598297 0.57402011 0.57461423 0.57263382 0.57322987
 0.57382717 0.57442572 0.57502551 0.57562656 0.57622886 0.57683243
 0.57743727 0.57804337 0.57865075 0.5792594  0.57986934 0.58048056
 0.57849131 0.57910462 0.5770972  0.57507055 0.57568673 0.57364132
 0.57425961 0.57487923 0.57550018 0.57612248 0.57674613 0.57737113
 0.57799749 0.5786252  0.57925428 0.57988473 0.58051655 0.58114976
 0.58178434 0.58242031 0.58305768 0.58100475 0.5816444  0.58228546
 0.58292793 0.58357182 0.58421714 0.58486389 0.58551206 0.58616168
 0.58409569 0.5847477  0.58540116 0.58605609 0.58671249 0.58737035
 0.5880297  0.58869052 0.58935283 0.59001664 0.59068194 0.58860499
 0.58927282 0.58994217 0.59061305 0.59128545 0.59195938 0.58986643
 0.59054297 0.59122107 0.59190072 0.59258194 0.59326472 0.59394909
 0.59463503 0.59532256 0.59601168 0.5967024  0.59459889 0.59529237
 0.59598747 0.5966842  0.59738256 0.59526165 0.59596284 0.59666568
 0.59737019 0.59807635 0.59878419 0.59949371 0.60020491 0.6009178
 0.60163239 0.60234868 0.60021763 0.60093692 0.60165794 0.60238069
 0.60310518 0.60095639 0.60168396 0.60241329 0.60314439 0.60387727
 0.60171045 0.60244648 0.60318432 0.60392397 0.60173742 0.60248029
 0.60027085 0.60101695 0.60176491 0.60251473 0.60028478 0.60103789
 0.6017929  0.59954063 0.60029897 0.60105924 0.59878419 0.59954784
 0.60031343 0.60108099 0.6018505  0.602622   0.60339547 0.60417093
 0.60494838 0.60572784 0.60344015 0.60422319 0.60500827 0.60579539
 0.60658456 0.60427648 0.60194117 0.60273562 0.60353217 0.60117231
 0.60197259 0.602775   0.60357955 0.60438626 0.60519512 0.60600615
 0.6036279  0.60444281 0.60203735 0.60285617 0.60367722 0.60450051
 0.60532605 0.60615385 0.60698391 0.60781625 0.60865088 0.60622998
 0.60706874 0.60461952 0.60546244 0.60630771 0.60715534 0.60468091
 0.60553279 0.60638707 0.60724377 0.60810289 0.60560463 0.60646813
 0.60393973 0.60480763 0.60224845 0.60312078 0.60399565 0.60487306
 0.60575302 0.60663554 0.60752064 0.60493992 0.60582966 0.6032168
 0.6041112  0.60500827 0.605908   0.60326642 0.60417093 0.60507815
 0.60598811 0.6069008  0.604232   0.60152672 0.59878419 0.59970608
 0.6006308  0.60155839 0.60248884 0.60342217 0.6043584  0.6015908
 0.59878419 0.5997278  0.60067439 0.60162397 0.60257656 0.60353217
 0.60449081 0.60165794 0.602622   0.59975058 0.60072009 0.60169273
 0.60266853 0.59976238 0.60074377 0.60172838 0.60271622 0.6037073
 0.60470165 0.60569929 0.60670022 0.60770446 0.60871204 0.60972296
 0.61073724 0.60781625 0.60883666 0.6098605  0.61088779 0.61191855
 0.60896445 0.60596504 0.60291925 0.60396195 0.60087146 0.60192056
 0.60297333 0.59983974 0.60089902 0.59771835 0.59878419 0.59555519
 0.59662765 0.59770398 0.59878419 0.59986832 0.60095639 0.6020484
 0.60314439 0.60424438 0.60534839 0.60645644 0.60756856 0.60868476
 0.60980507 0.61092951 0.61205811 0.61319088 0.61432786 0.61546905
 0.6166145  0.61776422 0.61891823 0.62007656 0.62123924 0.62240628
 0.62357772 0.62475358 0.62155854 0.62274282 0.62393162 0.62512497
 0.6263229  0.62752542 0.62873257 0.62994437 0.62672322 0.62794404
 0.62467063 0.62590057 0.62713536 0.62837504 0.62961963 0.63086915
 0.62755984 0.62881897 0.63008316 0.62672322 0.62799723 0.62927642
 0.63056084 0.62715356 0.62844811 0.62974803 0.63105333 0.63236405
 0.62891314 0.63023445 0.63156132 0.63289379 0.6342319  0.63557567
 0.63208556 0.63344051 0.62988834 0.62626664 0.62763839 0.62901616
 0.6304     0.63178994 0.63318602 0.63458828 0.63599677 0.63741153
 0.63883259 0.64026    0.64169381 0.64313405 0.63951152 0.64096473
 0.64242456 0.64389105 0.64021386 0.64169381 0.63794659 0.63944022
 0.63562056 0.63712807 0.63864275 0.64016464 0.63628401 0.63782034
 0.6393641  0.64091536 0.64247416 0.64404056 0.64561462 0.64719639
 0.64878593 0.6503833  0.64648636 0.64809983 0.64972137 0.65135104
 0.65298891 0.65463504 0.65628949 0.65795232 0.6596236  0.66130339
 0.66299176 0.66468877 0.66080151 0.65682305 0.65854823 0.6602825
 0.66202592 0.66377858 0.66554054 0.66731188 0.66909267 0.66509115
 0.66689235 0.66870333 0.67052417 0.67235495 0.67419576 0.67604667
 0.67790778 0.67977916 0.6816609  0.68355309 0.67957072 0.68148623
 0.68341257 0.67935454 0.68130506 0.6832668  0.6791302  0.68111702
 0.6831155  0.68512574 0.68092172 0.68295833 0.68500716 0.68706832
 0.68279495 0.68488388 0.68698563 0.68910032 0.69122807 0.68689959
 0.68244804 0.68462207 0.68005876 0.67536145 0.67758337 0.67981995
 0.68207135 0.68433771 0.68661918 0.68891592 0.69122807 0.69355579
 0.69589925 0.69825859 0.6936077  0.69600377 0.69841645 0.70084592
 0.70329234 0.70575591 0.70106762 0.70357143 0.70609319 0.70863309
 0.71119134 0.7064465  0.70154316 0.70417021 0.69912577 0.70179859
 0.70449193 0.69932552 0.702067   0.69674435 0.69953565 0.70234939
 0.69689071 0.69975696 0.70264689 0.69704504 0.69122807 0.69420517
 0.69720802 0.70023697 0.70329234 0.7063745  0.70948379 0.71262058
 0.70681702 0.70077422 0.69447709 0.69775679 0.69122807 0.69457911
 0.68780268 0.68071873 0.68418615 0.68768909 0.68036203 0.68394589
 0.6875677  0.69122807 0.69492762 0.68743769 0.69122807 0.68341257
 0.67519114 0.6791302  0.6831155  0.68714784 0.69122807 0.69535705
 0.68698563 0.67814114 0.66878229 0.65886288 0.66329966 0.66779661
 0.65739711 0.66202592 0.66672039 0.6714819  0.66063045 0.66554054
 0.67052417 0.67558299 0.68071873 0.68593315 0.69122807 0.69660537
 0.702067   0.69122807 0.69689071 0.70264689 0.70849896 0.69720802
 0.70329234 0.69122807 0.69756301 0.70401514 0.69122807 0.67728627
 0.68418615 0.69122807 0.69841645 0.70575591 0.71325127 0.72090754
 0.70681702 0.69122807 0.67388826 0.68244804 0.69122807 0.70023697
 0.70948379 0.7189781  0.72872996 0.73875    0.74904943 0.7596401
 0.77053455 0.78174603 0.76653696 0.74904943 0.72872996 0.74215153
 0.75607676 0.77053455 0.74904943 0.76504854 0.78174603 0.75810885
 0.72872996 0.69122807 0.71325127 0.73672401 0.69122807 0.7189781
 0.74904943 0.69122807 0.72872996 0.77053455 0.81742739 0.87039764
 0.81742739 0.69122807 0.81742739 0.         1.        ]","[1.         1.         1.         1.         1.         1.
 1.         1.         1.         1.         1.         1.
 1.         1.         1.         1.         1.         1.
 1.         1.         1.         0.99431818 0.99431818 0.99431818
 0.98863636 0.98863636 0.98863636 0.98863636 0.98863636 0.98863636
 0.98863636 0.98863636 0.98863636 0.98863636 0.98863636 0.98863636
 0.98863636 0.98863636 0.98863636 0.98863636 0.98863636 0.98863636
 0.98863636 0.98863636 0.98863636 0.98863636 0.98863636 0.98863636
 0.98863636 0.98863636 0.98863636 0.98863636 0.98863636 0.98863636
 0.98863636 0.98863636 0.98863636 0.98863636 0.98863636 0.98863636
 0.98863636 0.98863636 0.98863636 0.98863636 0.98863636 0.98863636
 0.98863636 0.98863636 0.98863636 0.98295455 0.98295455 0.98295455
 0.98295455 0.98295455 0.98295455 0.97727273 0.97727273 0.97727273
 0.97727273 0.97159091 0.97159091 0.97159091 0.97159091 0.97159091
 0.97159091 0.97159091 0.97159091 0.97159091 0.97159091 0.97159091
 0.97159091 0.97159091 0.97159091 0.97159091 0.97159091 0.97159091
 0.97159091 0.97159091 0.97159091 0.97159091 0.97159091 0.97159091
 0.97159091 0.97159091 0.97159091 0.97159091 0.97159091 0.97159091
 0.97159091 0.96590909 0.96590909 0.96590909 0.96590909 0.96590909
 0.96590909 0.96590909 0.96590909 0.96590909 0.96590909 0.96590909
 0.96590909 0.96590909 0.96590909 0.96590909 0.96590909 0.96590909
 0.96590909 0.96590909 0.96022727 0.96022727 0.96022727 0.96022727
 0.96022727 0.96022727 0.96022727 0.96022727 0.96022727 0.96022727
 0.96022727 0.96022727 0.96022727 0.96022727 0.96022727 0.96022727
 0.96022727 0.96022727 0.96022727 0.96022727 0.96022727 0.96022727
 0.96022727 0.96022727 0.96022727 0.96022727 0.96022727 0.96022727
 0.96022727 0.96022727 0.96022727 0.96022727 0.95454545 0.94886364
 0.94886364 0.94886364 0.94318182 0.94318182 0.9375     0.9375
 0.9375     0.9375     0.9375     0.93181818 0.93181818 0.93181818
 0.93181818 0.93181818 0.93181818 0.93181818 0.93181818 0.92613636
 0.92045455 0.92045455 0.92045455 0.91477273 0.91477273 0.91477273
 0.91477273 0.91477273 0.91477273 0.91477273 0.91477273 0.90909091
 0.90909091 0.90909091 0.90909091 0.90909091 0.90909091 0.90909091
 0.90909091 0.90909091 0.90340909 0.90340909 0.90340909 0.90340909
 0.90340909 0.90340909 0.90340909 0.90340909 0.90340909 0.90340909
 0.90340909 0.89772727 0.89772727 0.89772727 0.89772727 0.89772727
 0.89772727 0.89772727 0.89772727 0.89772727 0.89772727 0.89772727
 0.89772727 0.89772727 0.89772727 0.89204545 0.89204545 0.89204545
 0.89204545 0.89204545 0.89204545 0.89204545 0.89204545 0.89204545
 0.89204545 0.89204545 0.89204545 0.88636364 0.88636364 0.88636364
 0.88636364 0.88636364 0.88068182 0.88068182 0.88068182 0.88068182
 0.88068182 0.88068182 0.88068182 0.88068182 0.88068182 0.88068182
 0.88068182 0.88068182 0.88068182 0.88068182 0.875      0.875
 0.875      0.875      0.875      0.875      0.875      0.875
 0.875      0.875      0.875      0.875      0.875      0.875
 0.86931818 0.86931818 0.86931818 0.86931818 0.86931818 0.86931818
 0.86931818 0.86931818 0.86931818 0.86363636 0.85795455 0.85227273
 0.85227273 0.85227273 0.85227273 0.85227273 0.85227273 0.85227273
 0.85227273 0.85227273 0.85227273 0.84659091 0.84659091 0.84659091
 0.84090909 0.84090909 0.84090909 0.84090909 0.84090909 0.83522727
 0.83522727 0.83522727 0.82954545 0.82954545 0.82954545 0.82954545
 0.82954545 0.82386364 0.82386364 0.81818182 0.81818182 0.81818182
 0.81818182 0.81818182 0.81818182 0.81818182 0.81818182 0.81818182
 0.8125     0.8125     0.80681818 0.80113636 0.80113636 0.80113636
 0.80113636 0.80113636 0.80113636 0.80113636 0.80113636 0.80113636
 0.80113636 0.79545455 0.79545455 0.79545455 0.79545455 0.79545455
 0.78977273 0.78977273 0.78977273 0.78977273 0.78977273 0.78977273
 0.78409091 0.78409091 0.78409091 0.78409091 0.77840909 0.77840909
 0.77840909 0.77840909 0.77840909 0.77840909 0.77840909 0.77840909
 0.77840909 0.77840909 0.77272727 0.76704545 0.76136364 0.76136364
 0.76136364 0.75568182 0.75568182 0.75568182 0.75       0.75
 0.75       0.74431818 0.74431818 0.74431818 0.74431818 0.74431818
 0.74431818 0.74431818 0.74431818 0.74431818 0.74431818 0.74431818
 0.74431818 0.73863636 0.73863636 0.73863636 0.73863636 0.73863636
 0.73295455 0.73295455 0.72727273 0.72727273 0.72727273 0.72727273
 0.72727273 0.72727273 0.72727273 0.72727273 0.72727273 0.72727273
 0.72727273 0.72727273 0.72727273 0.72727273 0.72159091 0.72159091
 0.72159091 0.72159091 0.72159091 0.72159091 0.72159091 0.72159091
 0.72159091 0.72159091 0.72159091 0.72159091 0.72159091 0.72159091
 0.72159091 0.72159091 0.72159091 0.72159091 0.71590909 0.71590909
 0.71022727 0.71022727 0.71022727 0.71022727 0.71022727 0.71022727
 0.71022727 0.71022727 0.70454545 0.70454545 0.69886364 0.69886364
 0.69886364 0.69886364 0.69886364 0.69886364 0.69886364 0.69886364
 0.69886364 0.69886364 0.69886364 0.69886364 0.69886364 0.69886364
 0.69318182 0.69318182 0.6875     0.68181818 0.68181818 0.67613636
 0.67613636 0.67613636 0.67613636 0.67613636 0.67613636 0.67613636
 0.67613636 0.67613636 0.67613636 0.67613636 0.67613636 0.67613636
 0.67613636 0.67613636 0.67613636 0.67045455 0.67045455 0.67045455
 0.67045455 0.67045455 0.67045455 0.67045455 0.67045455 0.67045455
 0.66477273 0.66477273 0.66477273 0.66477273 0.66477273 0.66477273
 0.66477273 0.66477273 0.66477273 0.66477273 0.66477273 0.65909091
 0.65909091 0.65909091 0.65909091 0.65909091 0.65909091 0.65340909
 0.65340909 0.65340909 0.65340909 0.65340909 0.65340909 0.65340909
 0.65340909 0.65340909 0.65340909 0.65340909 0.64772727 0.64772727
 0.64772727 0.64772727 0.64772727 0.64204545 0.64204545 0.64204545
 0.64204545 0.64204545 0.64204545 0.64204545 0.64204545 0.64204545
 0.64204545 0.64204545 0.63636364 0.63636364 0.63636364 0.63636364
 0.63636364 0.63068182 0.63068182 0.63068182 0.63068182 0.63068182
 0.625      0.625      0.625      0.625      0.61931818 0.61931818
 0.61363636 0.61363636 0.61363636 0.61363636 0.60795455 0.60795455
 0.60795455 0.60227273 0.60227273 0.60227273 0.59659091 0.59659091
 0.59659091 0.59659091 0.59659091 0.59659091 0.59659091 0.59659091
 0.59659091 0.59659091 0.59090909 0.59090909 0.59090909 0.59090909
 0.59090909 0.58522727 0.57954545 0.57954545 0.57954545 0.57386364
 0.57386364 0.57386364 0.57386364 0.57386364 0.57386364 0.57386364
 0.56818182 0.56818182 0.5625     0.5625     0.5625     0.5625
 0.5625     0.5625     0.5625     0.5625     0.5625     0.55681818
 0.55681818 0.55113636 0.55113636 0.55113636 0.55113636 0.54545455
 0.54545455 0.54545455 0.54545455 0.54545455 0.53977273 0.53977273
 0.53409091 0.53409091 0.52840909 0.52840909 0.52840909 0.52840909
 0.52840909 0.52840909 0.52840909 0.52272727 0.52272727 0.51704545
 0.51704545 0.51704545 0.51704545 0.51136364 0.51136364 0.51136364
 0.51136364 0.51136364 0.50568182 0.5        0.49431818 0.49431818
 0.49431818 0.49431818 0.49431818 0.49431818 0.49431818 0.48863636
 0.48295455 0.48295455 0.48295455 0.48295455 0.48295455 0.48295455
 0.48295455 0.47727273 0.47727273 0.47159091 0.47159091 0.47159091
 0.47159091 0.46590909 0.46590909 0.46590909 0.46590909 0.46590909
 0.46590909 0.46590909 0.46590909 0.46590909 0.46590909 0.46590909
 0.46590909 0.46022727 0.46022727 0.46022727 0.46022727 0.46022727
 0.45454545 0.44886364 0.44318182 0.44318182 0.4375     0.4375
 0.4375     0.43181818 0.43181818 0.42613636 0.42613636 0.42045455
 0.42045455 0.42045455 0.42045455 0.42045455 0.42045455 0.42045455
 0.42045455 0.42045455 0.42045455 0.42045455 0.42045455 0.42045455
 0.42045455 0.42045455 0.42045455 0.42045455 0.42045455 0.42045455
 0.42045455 0.42045455 0.42045455 0.42045455 0.42045455 0.42045455
 0.42045455 0.42045455 0.41477273 0.41477273 0.41477273 0.41477273
 0.41477273 0.41477273 0.41477273 0.41477273 0.40909091 0.40909091
 0.40340909 0.40340909 0.40340909 0.40340909 0.40340909 0.40340909
 0.39772727 0.39772727 0.39772727 0.39204545 0.39204545 0.39204545
 0.39204545 0.38636364 0.38636364 0.38636364 0.38636364 0.38636364
 0.38068182 0.38068182 0.38068182 0.38068182 0.38068182 0.38068182
 0.375      0.375      0.36931818 0.36363636 0.36363636 0.36363636
 0.36363636 0.36363636 0.36363636 0.36363636 0.36363636 0.36363636
 0.36363636 0.36363636 0.36363636 0.36363636 0.35795455 0.35795455
 0.35795455 0.35795455 0.35227273 0.35227273 0.34659091 0.34659091
 0.34090909 0.34090909 0.34090909 0.34090909 0.33522727 0.33522727
 0.33522727 0.33522727 0.33522727 0.33522727 0.33522727 0.33522727
 0.33522727 0.33522727 0.32954545 0.32954545 0.32954545 0.32954545
 0.32954545 0.32954545 0.32954545 0.32954545 0.32954545 0.32954545
 0.32954545 0.32954545 0.32386364 0.31818182 0.31818182 0.31818182
 0.31818182 0.31818182 0.31818182 0.31818182 0.31818182 0.3125
 0.3125     0.3125     0.3125     0.3125     0.3125     0.3125
 0.3125     0.3125     0.3125     0.3125     0.30681818 0.30681818
 0.30681818 0.30113636 0.30113636 0.30113636 0.29545455 0.29545455
 0.29545455 0.29545455 0.28977273 0.28977273 0.28977273 0.28977273
 0.28409091 0.28409091 0.28409091 0.28409091 0.28409091 0.27840909
 0.27272727 0.27272727 0.26704545 0.26136364 0.26136364 0.26136364
 0.26136364 0.26136364 0.26136364 0.26136364 0.26136364 0.26136364
 0.26136364 0.26136364 0.25568182 0.25568182 0.25568182 0.25568182
 0.25568182 0.25568182 0.25       0.25       0.25       0.25
 0.25       0.24431818 0.23863636 0.23863636 0.23295455 0.23295455
 0.23295455 0.22727273 0.22727273 0.22159091 0.22159091 0.22159091
 0.21590909 0.21590909 0.21590909 0.21022727 0.20454545 0.20454545
 0.20454545 0.20454545 0.20454545 0.20454545 0.20454545 0.20454545
 0.19886364 0.19318182 0.1875     0.1875     0.18181818 0.18181818
 0.17613636 0.17045455 0.17045455 0.17045455 0.16477273 0.16477273
 0.16477273 0.16477273 0.16477273 0.15909091 0.15909091 0.15340909
 0.14772727 0.14772727 0.14772727 0.14772727 0.14772727 0.14772727
 0.14204545 0.13636364 0.13068182 0.125      0.125      0.125
 0.11931818 0.11931818 0.11931818 0.11931818 0.11363636 0.11363636
 0.11363636 0.11363636 0.11363636 0.11363636 0.11363636 0.11363636
 0.11363636 0.10795455 0.10795455 0.10795455 0.10795455 0.10227273
 0.10227273 0.09659091 0.09659091 0.09659091 0.09090909 0.08522727
 0.08522727 0.08522727 0.08522727 0.08522727 0.08522727 0.08522727
 0.07954545 0.07386364 0.06818182 0.06818182 0.06818182 0.06818182
 0.06818182 0.06818182 0.06818182 0.06818182 0.06818182 0.06818182
 0.06818182 0.06818182 0.0625     0.05681818 0.05113636 0.05113636
 0.05113636 0.05113636 0.04545455 0.04545455 0.04545455 0.03977273
 0.03409091 0.02840909 0.02840909 0.02840909 0.02272727 0.02272727
 0.02272727 0.01704545 0.01704545 0.01704545 0.01704545 0.01704545
 0.01136364 0.00568182 0.00568182 0.         0.        ]","[3.32441089e-07 3.68592184e-07 3.72154590e-07 5.46116246e-07
 6.12151914e-07 6.66842772e-07 6.94868431e-07 7.05790479e-07
 7.61056302e-07 7.84205784e-07 7.93022705e-07 8.45128848e-07
 9.29303314e-07 9.71348630e-07 9.79259213e-07 9.81243949e-07
 9.85847772e-07 9.86917051e-07 1.03338370e-06 1.03964751e-06
 1.04254034e-06 1.05785155e-06 1.06740207e-06 1.08189709e-06
 1.11540549e-06 1.13684593e-06 1.15249791e-06 1.15256781e-06
 1.17090453e-06 1.17097287e-06 1.17478311e-06 1.22523913e-06
 1.23912975e-06 1.26025414e-06 1.28673346e-06 1.30689494e-06
 1.32900982e-06 1.42531748e-06 1.49172887e-06 1.51792690e-06
 1.52636746e-06 1.54390655e-06 1.57357295e-06 1.60763852e-06
 1.61069499e-06 1.63229708e-06 1.68431632e-06 1.68706206e-06
 1.71573075e-06 1.87100887e-06 1.88948137e-06 2.03865217e-06
 2.15941366e-06 2.20355037e-06 2.25016097e-06 2.33677475e-06
 2.42301664e-06 2.52298269e-06 2.52864691e-06 2.57373294e-06
 2.61688288e-06 2.65206051e-06 2.66668121e-06 2.79360118e-06
 2.89899898e-06 2.96512174e-06 3.02597786e-06 3.12526826e-06
 3.32747953e-06 3.55479595e-06 3.56902480e-06 3.65648090e-06
 3.97475790e-06 4.27847340e-06 4.32405174e-06 4.36035478e-06
 4.38164637e-06 4.42448354e-06 4.47749507e-06 4.47779342e-06
 4.59894074e-06 4.60572535e-06 4.63267423e-06 4.66971637e-06
 4.72717955e-06 4.85764398e-06 4.87770267e-06 5.10831102e-06
 5.51683831e-06 5.62753502e-06 5.63874011e-06 5.68139521e-06
 5.86545823e-06 5.87436719e-06 6.24772695e-06 6.25847816e-06
 6.30512207e-06 6.31852176e-06 6.34564013e-06 6.36500557e-06
 6.44480638e-06 7.05190926e-06 7.10379225e-06 7.23951766e-06
 7.84930726e-06 8.21776274e-06 8.49214464e-06 8.84256596e-06
 8.95128786e-06 8.96061842e-06 9.15593817e-06 9.17936082e-06
 9.77651589e-06 9.92953803e-06 1.02564161e-05 1.09399425e-05
 1.10211883e-05 1.12131899e-05 1.12791114e-05 1.14113396e-05
 1.16633110e-05 1.22361354e-05 1.24058665e-05 1.27548990e-05
 1.29893707e-05 1.35811904e-05 1.39184186e-05 1.39683908e-05
 1.46314080e-05 1.46863159e-05 1.48868980e-05 1.56195475e-05
 1.58529008e-05 1.59787385e-05 1.60773500e-05 1.62510483e-05
 1.69754518e-05 1.71546792e-05 1.77453748e-05 1.79239682e-05
 1.81368437e-05 1.81947170e-05 1.87141245e-05 1.88888540e-05
 1.94664314e-05 1.97153679e-05 2.01479903e-05 2.05859497e-05
 2.06396348e-05 2.29486922e-05 2.33236622e-05 2.42446592e-05
 2.47989295e-05 2.48837663e-05 2.52201126e-05 2.58324986e-05
 2.58677113e-05 2.63342242e-05 2.67171658e-05 2.68898391e-05
 2.77640384e-05 2.79540388e-05 2.89172501e-05 3.02110613e-05
 3.04431787e-05 3.18407506e-05 3.25282896e-05 3.33585829e-05
 3.45496655e-05 3.48293544e-05 3.49161353e-05 3.57811752e-05
 3.61011406e-05 3.65717519e-05 3.67215295e-05 3.71591984e-05
 3.74302462e-05 3.77877721e-05 3.97222120e-05 4.22146756e-05
 4.27396640e-05 4.38449280e-05 4.38771634e-05 4.49859297e-05
 4.50621668e-05 4.50739071e-05 4.52702792e-05 4.70694288e-05
 4.71444371e-05 4.73148883e-05 4.74794906e-05 4.76690485e-05
 4.77283942e-05 4.88886677e-05 4.93245365e-05 4.93704249e-05
 4.99081202e-05 5.02458035e-05 5.21325968e-05 5.21489609e-05
 5.27738943e-05 5.35563256e-05 5.42334753e-05 5.48757765e-05
 5.49540925e-05 5.52381068e-05 5.67023565e-05 5.79130815e-05
 5.88139955e-05 6.01120008e-05 6.17991108e-05 6.43497597e-05
 6.78799474e-05 6.82342007e-05 6.85737496e-05 7.00544399e-05
 7.06570486e-05 7.12569892e-05 7.38942059e-05 7.61804411e-05
 7.73735778e-05 7.85832208e-05 8.04377528e-05 8.06332508e-05
 8.26899974e-05 8.29769176e-05 8.33902587e-05 8.50472297e-05
 8.52518792e-05 8.56700394e-05 8.58718630e-05 8.93905962e-05
 9.25947113e-05 9.33336287e-05 9.43066040e-05 9.46100428e-05
 9.71515277e-05 1.06513768e-04 1.08531920e-04 1.11511644e-04
 1.18211385e-04 1.18615990e-04 1.21152534e-04 1.25790952e-04
 1.26162445e-04 1.27141579e-04 1.29876345e-04 1.30712378e-04
 1.34037571e-04 1.35581895e-04 1.38969628e-04 1.41072577e-04
 1.44310275e-04 1.45834855e-04 1.46876482e-04 1.47403822e-04
 1.48536899e-04 1.50124425e-04 1.50213985e-04 1.54893810e-04
 1.55014772e-04 1.55260290e-04 1.57514017e-04 1.58166151e-04
 1.62182389e-04 1.62921731e-04 1.63906490e-04 1.64159371e-04
 1.64214191e-04 1.64925151e-04 1.68064737e-04 1.69683103e-04
 1.69787115e-04 1.72205023e-04 1.72251457e-04 1.72263878e-04
 1.72397442e-04 1.73813802e-04 1.74287297e-04 1.78076691e-04
 1.78226596e-04 1.79122785e-04 1.80063514e-04 1.83698269e-04
 1.88732006e-04 1.89901976e-04 1.89965136e-04 1.93210930e-04
 1.94121518e-04 1.95785395e-04 1.96025916e-04 1.98270205e-04
 1.99534477e-04 2.00253603e-04 2.00992675e-04 2.01213614e-04
 2.15640587e-04 2.15815087e-04 2.26207087e-04 2.28941028e-04
 2.30131014e-04 2.31831410e-04 2.37842693e-04 2.38458588e-04
 2.42579228e-04 2.42988499e-04 2.44278283e-04 2.44733122e-04
 2.49846572e-04 2.60741753e-04 2.64269412e-04 2.66916205e-04
 2.78256869e-04 2.81987987e-04 2.86412546e-04 2.87608712e-04
 2.97707906e-04 3.11169330e-04 3.11214876e-04 3.11503211e-04
 3.11818416e-04 3.12061254e-04 3.15327614e-04 3.16695209e-04
 3.23920675e-04 3.24285636e-04 3.27754057e-04 3.29084210e-04
 3.38039875e-04 3.44876797e-04 3.46934729e-04 3.58002076e-04
 3.58949709e-04 3.64560375e-04 3.80336060e-04 3.83881055e-04
 3.88629371e-04 3.94035822e-04 3.96045272e-04 3.96739551e-04
 3.96855052e-04 3.97217644e-04 4.05221943e-04 4.19584063e-04
 4.21580746e-04 4.21785932e-04 4.22258345e-04 4.28077120e-04
 4.36267878e-04 4.37253363e-04 4.43046928e-04 4.45672491e-04
 4.46158840e-04 4.48200384e-04 4.48357978e-04 4.48702295e-04
 4.51194620e-04 4.58052502e-04 4.58662953e-04 4.65707225e-04
 4.66690076e-04 4.68240988e-04 4.74170557e-04 4.74389827e-04
 4.75603157e-04 4.86716952e-04 4.89704307e-04 4.94160452e-04
 5.04166963e-04 5.06836117e-04 5.06959474e-04 5.09393619e-04
 5.10062355e-04 5.11206406e-04 5.14142408e-04 5.17753711e-04
 5.18082324e-04 5.18198443e-04 5.20120204e-04 5.25453158e-04
 5.29360075e-04 5.33836274e-04 5.36574230e-04 5.41140877e-04
 5.55028453e-04 5.65807049e-04 5.78487304e-04 5.79886736e-04
 5.82381978e-04 5.85192591e-04 5.87451990e-04 5.89166015e-04
 6.03679191e-04 6.03869498e-04 6.08475606e-04 6.08963292e-04
 6.09146905e-04 6.09585037e-04 6.10971984e-04 6.23489777e-04
 6.37642328e-04 6.41557318e-04 6.51810561e-04 6.54908147e-04
 6.57052880e-04 6.60665619e-04 6.69308091e-04 6.83354400e-04
 6.88562725e-04 6.91087386e-04 6.93689800e-04 6.95470185e-04
 7.18073518e-04 7.25861195e-04 7.29011777e-04 7.29338788e-04
 7.36355008e-04 7.46562560e-04 7.52584633e-04 7.56220112e-04
 7.60987695e-04 7.66594053e-04 7.72216682e-04 7.85145250e-04
 7.85990423e-04 7.88663129e-04 7.99567902e-04 8.05378225e-04
 8.05886106e-04 8.09429544e-04 8.09573606e-04 8.17309142e-04
 8.27268566e-04 8.47654744e-04 8.54358369e-04 8.55313015e-04
 8.55572847e-04 8.59170673e-04 8.60911885e-04 8.62326046e-04
 8.74947410e-04 8.75702080e-04 8.90202631e-04 8.95734227e-04
 8.99032123e-04 9.03981956e-04 9.06452838e-04 9.09899111e-04
 9.23206014e-04 9.33447697e-04 9.38638018e-04 9.44160358e-04
 9.55365756e-04 9.59548533e-04 9.61803527e-04 9.68551893e-04
 9.76565483e-04 9.86296321e-04 9.88300497e-04 9.95644482e-04
 9.98892376e-04 1.01357237e-03 1.02271508e-03 1.02320179e-03
 1.02908643e-03 1.03293927e-03 1.03580803e-03 1.03847989e-03
 1.04164380e-03 1.04687306e-03 1.05591388e-03 1.06229965e-03
 1.07572920e-03 1.08409500e-03 1.08472512e-03 1.09030096e-03
 1.09559297e-03 1.09790404e-03 1.09991684e-03 1.10029017e-03
 1.10427664e-03 1.10681568e-03 1.11348255e-03 1.11948039e-03
 1.12930670e-03 1.14169850e-03 1.14209588e-03 1.14932783e-03
 1.18332382e-03 1.19699433e-03 1.20063395e-03 1.21062060e-03
 1.21221388e-03 1.21328954e-03 1.24230365e-03 1.26356094e-03
 1.27703352e-03 1.27725231e-03 1.30091574e-03 1.30548580e-03
 1.32662481e-03 1.35261233e-03 1.35570492e-03 1.35669406e-03
 1.37695150e-03 1.37777369e-03 1.38954180e-03 1.39381326e-03
 1.39819001e-03 1.42693951e-03 1.42748871e-03 1.42812715e-03
 1.43040422e-03 1.43744374e-03 1.43974584e-03 1.44517871e-03
 1.46672035e-03 1.46678502e-03 1.47139179e-03 1.47872391e-03
 1.48417317e-03 1.48455591e-03 1.49759917e-03 1.59517471e-03
 1.60094273e-03 1.61995387e-03 1.63528107e-03 1.65843525e-03
 1.70434124e-03 1.76736206e-03 1.78888912e-03 1.85333703e-03
 1.87164835e-03 1.89635668e-03 1.89736247e-03 1.90588711e-03
 1.92068081e-03 1.92642363e-03 1.92778275e-03 1.94541789e-03
 2.00702501e-03 2.02060304e-03 2.02572325e-03 2.04112749e-03
 2.04763573e-03 2.05968994e-03 2.08217094e-03 2.09081059e-03
 2.09436925e-03 2.12263664e-03 2.12400736e-03 2.12781284e-03
 2.13741068e-03 2.18688226e-03 2.20838427e-03 2.22524908e-03
 2.25341007e-03 2.25555289e-03 2.26013928e-03 2.31689634e-03
 2.31926955e-03 2.33304862e-03 2.36658402e-03 2.36907268e-03
 2.43608323e-03 2.45012916e-03 2.46303041e-03 2.46376180e-03
 2.47330003e-03 2.48582524e-03 2.48961374e-03 2.50885702e-03
 2.66321968e-03 2.66372007e-03 2.70283981e-03 2.70995795e-03
 2.75271517e-03 2.75374678e-03 2.76562887e-03 2.81276518e-03
 2.82778939e-03 2.83198260e-03 2.83820147e-03 2.84533620e-03
 2.84860518e-03 2.86072475e-03 2.87981974e-03 2.88091579e-03
 2.90814119e-03 3.02293229e-03 3.03020220e-03 3.06010251e-03
 3.11977272e-03 3.14287471e-03 3.15823846e-03 3.23802034e-03
 3.26405959e-03 3.27054626e-03 3.27802109e-03 3.29133438e-03
 3.42680087e-03 3.45786945e-03 3.49645636e-03 3.52808727e-03
 3.54866557e-03 3.61406663e-03 3.67359793e-03 3.69661715e-03
 3.84381445e-03 3.85493860e-03 3.86090354e-03 3.93074924e-03
 4.00048367e-03 4.01968312e-03 4.01972462e-03 4.02858066e-03
 4.07639799e-03 4.11116192e-03 4.20342141e-03 4.21763307e-03
 4.23708588e-03 4.28552624e-03 4.30893380e-03 4.35897161e-03
 4.37116190e-03 4.38162363e-03 4.48564225e-03 4.53903084e-03
 4.66740965e-03 4.72713595e-03 4.73183956e-03 4.78126458e-03
 4.85935625e-03 4.86858445e-03 4.90645823e-03 4.92339280e-03
 5.07004785e-03 5.07281449e-03 5.09284927e-03 5.10338203e-03
 5.38778678e-03 5.44280443e-03 5.46932635e-03 5.48466679e-03
 5.50313316e-03 5.55614986e-03 5.58447199e-03 5.64208402e-03
 5.75479299e-03 5.83587838e-03 5.84102164e-03 5.86170677e-03
 5.89074977e-03 6.01369081e-03 6.01656661e-03 6.05032451e-03
 6.05103514e-03 6.05354601e-03 6.07805038e-03 6.08618149e-03
 6.10507322e-03 6.22371902e-03 6.32330213e-03 6.42068128e-03
 6.43295800e-03 6.45368667e-03 6.46042270e-03 6.46716117e-03
 6.51044536e-03 6.56637501e-03 6.61131166e-03 6.69714465e-03
 6.86836571e-03 6.89952822e-03 6.93366322e-03 6.96799234e-03
 6.97992990e-03 6.99450709e-03 7.00501569e-03 7.08875387e-03
 7.15298085e-03 7.16404174e-03 7.29158995e-03 7.30888675e-03
 7.32037763e-03 7.32796666e-03 7.33820997e-03 7.52677194e-03
 7.52970791e-03 7.53088248e-03 7.77621378e-03 7.78158126e-03
 8.18097900e-03 8.23859003e-03 8.36953912e-03 8.47682903e-03
 8.49397876e-03 8.55366788e-03 8.55799804e-03 8.62405358e-03
 8.69374353e-03 8.70272365e-03 8.79116880e-03 8.84431758e-03
 9.05064897e-03 9.09427612e-03 9.17514576e-03 9.23318881e-03
 9.38676422e-03 9.43227006e-03 9.44593164e-03 9.69495717e-03
 9.95002049e-03 1.01210075e-02 1.01539629e-02 1.01933339e-02
 1.02125371e-02 1.02723949e-02 1.03853065e-02 1.04815635e-02
 1.05723021e-02 1.05883142e-02 1.05980599e-02 1.06858667e-02
 1.08044476e-02 1.08311132e-02 1.09515473e-02 1.09860282e-02
 1.11832654e-02 1.12955105e-02 1.22665937e-02 1.24983847e-02
 1.25541752e-02 1.26025829e-02 1.28166116e-02 1.29495333e-02
 1.30063219e-02 1.30372976e-02 1.30632928e-02 1.31740665e-02
 1.32369438e-02 1.32369834e-02 1.38437831e-02 1.39683355e-02
 1.41375279e-02 1.45375070e-02 1.45567503e-02 1.49700699e-02
 1.51934148e-02 1.53219344e-02 1.54386725e-02 1.55299137e-02
 1.56532875e-02 1.56654475e-02 1.57178249e-02 1.63252882e-02
 1.63768354e-02 1.63897886e-02 1.65234948e-02 1.69130443e-02
 1.70873690e-02 1.71183915e-02 1.72814889e-02 1.77126150e-02
 1.81020939e-02 1.85208223e-02 1.85532910e-02 1.89094686e-02
 1.89579011e-02 1.90436511e-02 1.94087239e-02 1.94915798e-02
 1.96236227e-02 1.97455195e-02 1.99209562e-02 1.99653986e-02
 2.02866043e-02 2.06165037e-02 2.06486620e-02 2.07850392e-02
 2.10212577e-02 2.12982985e-02 2.13287692e-02 2.17384761e-02
 2.25351414e-02 2.31437816e-02 2.32075975e-02 2.34540726e-02
 2.35532918e-02 2.45610959e-02 2.61699368e-02 2.62067879e-02
 2.63150237e-02 2.72152577e-02 2.75296656e-02 2.81437396e-02
 2.82926460e-02 2.91813992e-02 2.92372299e-02 2.96236457e-02
 3.04949718e-02 3.05562204e-02 3.10713461e-02 3.11276109e-02
 3.12136837e-02 3.13430918e-02 3.15034609e-02 3.18706985e-02
 3.21758912e-02 3.26469836e-02 3.30865847e-02 3.36016419e-02
 3.36510782e-02 3.38967543e-02 3.39320864e-02 3.39813258e-02
 3.62108359e-02 3.70500685e-02 3.71966914e-02 3.74915595e-02
 3.94407232e-02 3.97345229e-02 4.04061956e-02 4.11983455e-02
 4.12498722e-02 4.22031975e-02 4.22318339e-02 4.32331938e-02
 4.37728371e-02 4.41316937e-02 4.42486352e-02 4.45269939e-02
 4.48757553e-02 4.52440186e-02 4.60152605e-02 4.72059620e-02
 4.74250385e-02 4.78695204e-02 4.83348882e-02 4.84948044e-02
 5.03728495e-02 5.23625411e-02 5.28001421e-02 5.51163690e-02
 5.60119820e-02 5.80496807e-02 5.97285880e-02 6.06706939e-02
 6.14631721e-02 6.35963794e-02 6.39687897e-02 6.40501221e-02
 6.42546199e-02 6.59340454e-02 6.66818854e-02 6.76074271e-02
 7.07865731e-02 7.15778598e-02 7.16473240e-02 7.17941691e-02
 7.45650850e-02 7.51834413e-02 7.89634279e-02 7.92578024e-02
 8.17698528e-02 8.48528625e-02 8.57733685e-02 8.59483087e-02
 8.75150541e-02 8.77613671e-02 8.88828014e-02 9.01155997e-02
 9.32014225e-02 9.47107739e-02 9.79971134e-02 9.81597471e-02
 1.00360522e-01 1.00423482e-01 1.02054914e-01 1.02856535e-01
 1.06386863e-01 1.09805971e-01 1.11810885e-01 1.12004793e-01
 1.12483025e-01 1.15297764e-01 1.19205544e-01 1.20012248e-01
 1.20454822e-01 1.23279348e-01 1.23745136e-01 1.25216992e-01
 1.26016267e-01 1.29989121e-01 1.32972249e-01 1.33827533e-01
 1.38988811e-01 1.39867202e-01 1.40288390e-01 1.55218684e-01
 1.55531285e-01 1.56831981e-01 1.68804515e-01 1.69519523e-01
 1.69593147e-01 1.75831079e-01 1.77507791e-01 1.78911509e-01
 1.81267274e-01 1.82857000e-01 1.95746542e-01 2.04972274e-01
 2.10541829e-01 2.26169497e-01 2.42228635e-01 2.54665752e-01
 2.57105689e-01 2.67545280e-01 2.67610189e-01 2.71900950e-01
 2.82034009e-01 2.95966048e-01 2.98667891e-01 3.00607844e-01
 3.02949383e-01 3.03103801e-01 3.04022199e-01 3.05835005e-01
 3.11311571e-01 3.19491646e-01 3.41345959e-01 3.42739280e-01
 3.50281907e-01 3.59670174e-01 3.62032427e-01 3.63479295e-01
 3.76844182e-01 3.85400220e-01 4.05947357e-01 4.19886266e-01
 4.49261278e-01 4.52438823e-01 4.65255212e-01 4.90217982e-01
 5.46913854e-01 5.60047825e-01 6.22034264e-01 6.61036174e-01
 6.96389355e-01 7.01614870e-01 8.17260420e-01 8.23763276e-01
 8.64664149e-01 8.90982165e-01 8.91417516e-01 9.06239278e-01
 9.29149356e-01 9.31442857e-01 9.42381187e-01 9.55868724e-01
 9.70617471e-01 9.82640417e-01 9.83781879e-01 9.85580465e-01]"
Hyperledger,is_change_text_num_words_5,NN,[],0.671161825726141,"[[606 182]
 [135  41]]","              precision    recall  f1-score   support

           0       0.82      0.77      0.79       788
           1       0.18      0.23      0.21       176

    accuracy                           0.67       964
   macro avg       0.50      0.50      0.50       964
weighted avg       0.70      0.67      0.69       964
",0.2088046561864144,0.21088442764589566,0.500086525149977,"[0 0 1 0 0 1 0 0 0 0 0 0 1 0 1 0 1 0 0 0 0 0 0 0 0 0 0 0 0 0 0 0 0 0 0 0 0
 0 0 0 0 0 0 0 0 0 0 0 0 0 0 0 0 0 0 0 0 1 1 0 1 1 1 1 0 0 1 0 0 1 0 0 0 1
 1 1 0 0 0 0 0 0 0 0 0 0 0 0 0 0 0 0 0 0 0 0 0 0 0 0 0 0 0 1 0 0 0 0 0 0 0
 1 0 0 0 0 0 0 0 0 0 0 0 0 0 0 0 0 0 0 0 1 0 0 0 0 0 0 0 0 0 1 0 0 0 0 0 0
 0 0 0 1 0 0 0 1 1 0 0 0 0 1 0 0 0 0 0 0 0 0 0 0 0 0 0 1 0 1 0 0 0 0 0 0 0
 1 1 0 0 0 0 0 0 0 1 1 0 0 0 0 1 0 0 0 0 0 1 0 1 0 1 0 1 0 0 1 0 0 0 0 0 0
 0 1 0 0 0 1 1 0 0 0 0 0 0 1 0 0 0 0 0 0 0 0 0 0 0 0 0 0 1 1 0 0 0 0 1 0 0
 0 0 0 0 0 0 0 0 0 0 0 0 1 0 0 0 0 0 0 0 0 0 1 0 0 1 0 0 0 0 0 0 0 0 0 0 0
 0 0 0 0 0 0 1 0 1 1 0 0 1 0 0 0 0 0 0 1 1 0 0 0 0 0 0 0 1 0 0 1 0 0 0 1 0
 0 0 0 1 0 0 0 1 1 1 1 0 1 0 0 0 0 0 1 0 1 0 0 0 1 0 1 0 0 0 0 0 1 0 0 0 0
 0 0 0 0 1 0 1 0 1 0 0 0 0 0 0 0 1 1 1 0 0 0 0 0 0 0 0 1 0 0 1 1 0 0 1 0 1
 1 1 0 0 0 0 0 0 0 0 0 0 0 0 0 0 0 1 0 0 0 0 1 0 0 0 0 1 0 0 0 0 1 0 0 0 0
 0 1 0 0 0 1 0 0 0 0 1 1 1 0 0 0 0 1 0 1 0 0 0 0 1 0 0 0 0 0 1 1 0 0 1 0 0
 0 1 1 0 0 0 0 0 1 0 0 0 1 1 1 0 0 0 0 0 1 0 0 0 0 0 0 0 1 1 0 0 0 0 0 0 1
 0 0 0 1 0 0 0 1 0 1 0 1 0 0 0 0 0 0 0 0 0 0 0 1 0 1 1 0 0 0 0 0 0 0 0 0 0
 0 0 1 0 1 0 0 0 0 0 0 0 0 0 0 1 0 0 0 1 1 1 1 1 0 1 1 1 1 1 0 0 1 0 0 0 1
 1 0 0 0 1 0 0 0 0 1 0 1 0 1 0 0 0 1 1 1 0 1 1 0 1 1 0 0 0 1 1 0 0 1 0 0 0
 0 0 1 0 0 1 0 1 0 1 0 0 1 1 0 0 1 1 1 0 1 0 0 0 0 0 0 0 0 0 0 0 0 0 0 0 0
 0 0 0 0 0 0 0 0 0 0 0 0 0 0 0 0 0 1 0 1 0 0 1 0 0 0 0 0 0 0 0 0 1 1 1 1 0
 0 0 1 1 0 0 1 0 1 0 1 0 0 0 0 1 0 0 1 1 0 0 0 0 0 0 0 0 0 0 0 0 0 0 1 1 1
 0 1 0 0 0 0 1 0 1 0 0 0 0 0 0 0 0 1 0 0 1 0 0 1 0 0 0 0 1 1 0 0 0 0 0 0 0
 0 1 0 0 0 0 0 0 0 0 1 0 0 0 1 0 1 0 0 1 1 0 0 1 0 0 0 0 0 1 0 0 0 1 0 0 0
 1 0 1 0 0 1 1 0 0 0 0 0 0 0 0 1 0 0 0 0 0 0 0 0 1 0 0 0 0 0 0 1 0 0 0 1 1
 0 0 0 0 1 1 0 0 0 0 0 1 0 0 1 1 0 0 1 0 0 1 1 1 0 0 0 0 1 0 1 0 0 0 1 0 0
 0 0 0 0 0 0 0 1 0 0 0 0 0 0 0 0 0 1 0 1 0 0 1 0 0 0 0 0 1 0 0 0 0 0 1 1 1
 0 0 1 1 1 1 0 0 0 0 0 0 0 0 0 0 0 1 0 0 0 0 0 1 1 0 1 0 0 0 0 0 0 0 0 0 0
 0 0]","[0.18257261 0.1827622  0.18295218 0.18314256 0.18229167 0.18248175
 0.18162839 0.18181818 0.18200837 0.18219895 0.18238994 0.181532
 0.18172269 0.18191377 0.18210526 0.18124341 0.1814346  0.18162619
 0.1807611  0.17989418 0.18008475 0.18027572 0.17940552 0.17959617
 0.17978723 0.17891374 0.17910448 0.17929562 0.17948718 0.17860963
 0.17773019 0.17684887 0.17596567 0.17508056 0.17526882 0.17438105
 0.17456897 0.17475728 0.17386609 0.17405405 0.17316017 0.17334778
 0.17353579 0.17372421 0.17391304 0.17301415 0.17320261 0.17339149
 0.17358079 0.17377049 0.17396061 0.17415115 0.17434211 0.17453348
 0.17472527 0.17381738 0.17290749 0.17309813 0.17328918 0.17348066
 0.17367257 0.17386489 0.17405765 0.17425083 0.17444444 0.17352614
 0.17371938 0.17391304 0.17410714 0.17430168 0.17449664 0.17469205
 0.17376682 0.17396184 0.1741573  0.17435321 0.17454955 0.17474634
 0.17494357 0.17514124 0.17533937 0.17553794 0.17573696 0.17480136
 0.175      0.17519909 0.17539863 0.17445838 0.17465753 0.17371429
 0.17391304 0.17411226 0.17431193 0.17451206 0.17471264 0.17376295
 0.17396313 0.17416378 0.1743649  0.17456647 0.17476852 0.17497103
 0.17401392 0.17421603 0.1744186  0.17462165 0.17482517 0.17502917
 0.17523364 0.1754386  0.17564403 0.17584994 0.17605634 0.17626322
 0.17647059 0.17667845 0.17688679 0.17709563 0.17730496 0.17751479
 0.17654028 0.1767497  0.17577197 0.17479191 0.175      0.17520858
 0.17422434 0.1744325  0.17464115 0.1748503  0.17505995 0.17527011
 0.17548077 0.17569194 0.17590361 0.17490953 0.17512077 0.17533253
 0.17554479 0.17575758 0.17597087 0.17618469 0.17639903 0.17539586
 0.17560976 0.17582418 0.17603912 0.1750306  0.1752451  0.17546012
 0.17567568 0.17466175 0.17487685 0.17509248 0.17407407 0.17428925
 0.17450495 0.17472119 0.17493797 0.17515528 0.17537313 0.17559153
 0.17581047 0.17602996 0.17625    0.17647059 0.17669173 0.17691343
 0.17713568 0.17735849 0.17758186 0.1778058  0.17676768 0.17699115
 0.17721519 0.1774398  0.17766497 0.17662008 0.17557252 0.17579618
 0.17602041 0.17624521 0.17647059 0.17541613 0.17564103 0.1758665
 0.17609254 0.17503218 0.17525773 0.17548387 0.17571059 0.1759379
 0.1761658  0.17639429 0.17662338 0.17685306 0.17708333 0.17731421
 0.17754569 0.17777778 0.17801047 0.17824377 0.17716535 0.1760841
 0.17631579 0.17523057 0.17546174 0.17569353 0.17592593 0.17483444
 0.17374005 0.17397078 0.17420213 0.17443409 0.17466667 0.17489987
 0.17513369 0.17536814 0.17560322 0.17583893 0.17607527 0.17496635
 0.17520216 0.1754386  0.17567568 0.1759134  0.17615176 0.17639077
 0.17663043 0.17687075 0.17711172 0.17735334 0.17759563 0.17783858
 0.17808219 0.17695473 0.1771978  0.17744154 0.17768595 0.17655172
 0.17679558 0.17704011 0.17728532 0.17753121 0.17777778 0.17802503
 0.17827298 0.17852162 0.1773743  0.17762238 0.17647059 0.17671809
 0.17696629 0.17580872 0.17605634 0.17630465 0.17655367 0.17680339
 0.17705382 0.17588652 0.17471591 0.17354196 0.17378917 0.17261056
 0.17285714 0.17310443 0.17335244 0.17360115 0.17385057 0.17410072
 0.17435159 0.17460317 0.17485549 0.17510854 0.17391304 0.17416546
 0.17296512 0.17321689 0.17346939 0.17372263 0.17397661 0.17423133
 0.1744868  0.17474302 0.17352941 0.17378498 0.1740413  0.17429838
 0.17455621 0.17481481 0.17507418 0.17533432 0.17410714 0.17436662
 0.17462687 0.17339312 0.17365269 0.17391304 0.17417417 0.17443609
 0.1746988  0.17496229 0.17522659 0.17397882 0.17272727 0.17298938
 0.17325228 0.17351598 0.17378049 0.1740458  0.17431193 0.17457887
 0.17484663 0.17357911 0.17384615 0.17411402 0.17438272 0.17465224
 0.1749226  0.17364341 0.17391304 0.17418351 0.1728972  0.17316693
 0.1734375  0.17370892 0.17398119 0.17425432 0.1745283  0.17480315
 0.17507886 0.17535545 0.17563291 0.17591125 0.17460317 0.17488076
 0.17515924 0.1754386  0.17571885 0.176      0.17628205 0.17656501
 0.17684887 0.17552335 0.17580645 0.17609047 0.1763754  0.17666126
 0.17694805 0.17723577 0.17752443 0.17781403 0.17810458 0.17839607
 0.17868852 0.17898194 0.17763158 0.17792422 0.17656766 0.1768595
 0.17715232 0.1774461  0.17774086 0.17803661 0.17666667 0.1769616
 0.17725753 0.17755444 0.17785235 0.17815126 0.17845118 0.17875211
 0.17905405 0.17935702 0.17966102 0.17826825 0.17857143 0.17887564
 0.17918089 0.17948718 0.17979452 0.18010292 0.18041237 0.18072289
 0.18103448 0.18134715 0.1816609  0.18197574 0.18229167 0.1826087
 0.18292683 0.18324607 0.18181818 0.1821366  0.18245614 0.1827768
 0.18309859 0.18342152 0.1819788  0.18230088 0.18262411 0.18294849
 0.18327402 0.18360071 0.18392857 0.1842576  0.18458781 0.18491921
 0.1852518  0.18558559 0.18592058 0.18625678 0.18478261 0.18330309
 0.18363636 0.18397086 0.18248175 0.18281536 0.18315018 0.18348624
 0.18382353 0.18416206 0.18450185 0.18484288 0.18518519 0.18552876
 0.18401487 0.18435754 0.18470149 0.18317757 0.1835206  0.18386492
 0.18421053 0.18455744 0.18490566 0.1852552  0.18560606 0.18595825
 0.18631179 0.18666667 0.1851145  0.18546845 0.18582375 0.18618042
 0.18653846 0.18689788 0.18725869 0.18762089 0.1879845  0.18834951
 0.18871595 0.18908382 0.18945312 0.18982387 0.19019608 0.19056974
 0.18897638 0.18934911 0.18972332 0.19009901 0.19047619 0.19085487
 0.19123506 0.19161677 0.19       0.19038076 0.19076305 0.18913481
 0.1875     0.18585859 0.18623482 0.18661258 0.18699187 0.18737271
 0.1877551  0.18813906 0.18647541 0.18685832 0.1872428  0.18762887
 0.18801653 0.1884058  0.18879668 0.18918919 0.18958333 0.18997912
 0.19037657 0.19077568 0.19117647 0.19157895 0.18987342 0.19027484
 0.19067797 0.1910828  0.19148936 0.18976546 0.19017094 0.19057816
 0.19098712 0.19139785 0.19181034 0.19222462 0.19264069 0.19305857
 0.19347826 0.19389978 0.19432314 0.19256018 0.19298246 0.19340659
 0.1938326  0.19426049 0.19469027 0.19512195 0.19555556 0.19376392
 0.19419643 0.19463087 0.19506726 0.19550562 0.19594595 0.19413093
 0.19457014 0.19501134 0.19545455 0.19589977 0.19634703 0.19450801
 0.19495413 0.1954023  0.19585253 0.19630485 0.19675926 0.19721578
 0.19767442 0.1981352  0.19859813 0.19906323 0.19953052 0.2
 0.2004717  0.20094563 0.2014218  0.20190024 0.2        0.20047733
 0.20095694 0.20143885 0.20192308 0.20240964 0.20048309 0.20096852
 0.20145631 0.19951338 0.2        0.200489   0.19852941 0.1990172
 0.19950739 0.2        0.20049505 0.20099256 0.19900498 0.19950125
 0.2        0.20050125 0.20100503 0.20151134 0.2020202  0.20253165
 0.20304569 0.20356234 0.20408163 0.20460358 0.20512821 0.20565553
 0.20618557 0.20671835 0.20725389 0.20519481 0.20572917 0.20626632
 0.20680628 0.20472441 0.20263158 0.2005277  0.2010582  0.20159151
 0.20212766 0.2        0.19786096 0.19839142 0.19892473 0.19946092
 0.1972973  0.19783198 0.19836957 0.19891008 0.19672131 0.19726027
 0.1978022  0.19559229 0.1961326  0.1966759  0.19722222 0.19777159
 0.19832402 0.19887955 0.1994382  0.2        0.20056497 0.20113314
 0.20170455 0.2022792  0.20285714 0.2034384  0.20114943 0.20172911
 0.20231214 0.20289855 0.20348837 0.20408163 0.20467836 0.20527859
 0.20588235 0.20648968 0.20710059 0.20771513 0.20833333 0.20895522
 0.20958084 0.21021021 0.21084337 0.20845921 0.20909091 0.20972644
 0.21036585 0.20795107 0.20858896 0.20923077 0.20987654 0.21052632
 0.21118012 0.21183801 0.2125     0.21316614 0.21383648 0.21451104
 0.21518987 0.21587302 0.21656051 0.2172524  0.21794872 0.21864952
 0.21612903 0.21682848 0.21428571 0.21498371 0.21568627 0.21639344
 0.21381579 0.21122112 0.21192053 0.20930233 0.20666667 0.20735786
 0.20805369 0.20875421 0.20945946 0.20677966 0.20408163 0.20477816
 0.20547945 0.20618557 0.20689655 0.20415225 0.20486111 0.20557491
 0.20629371 0.20701754 0.20422535 0.204947   0.20567376 0.20640569
 0.20357143 0.20430108 0.20503597 0.20577617 0.20289855 0.2
 0.20072993 0.1978022  0.19852941 0.19557196 0.1962963  0.19702602
 0.19402985 0.19101124 0.18796992 0.18490566 0.18560606 0.18631179
 0.1870229  0.18773946 0.18846154 0.18918919 0.18604651 0.18677043
 0.18359375 0.18431373 0.18503937 0.18577075 0.18253968 0.18326693
 0.184      0.18072289 0.18145161 0.17813765 0.17886179 0.17959184
 0.18032787 0.18106996 0.18181818 0.18257261 0.18333333 0.18410042
 0.18487395 0.18565401 0.18220339 0.18297872 0.18376068 0.18025751
 0.17672414 0.17748918 0.17826087 0.1790393  0.17982456 0.18061674
 0.18141593 0.18222222 0.18303571 0.1838565  0.18468468 0.18552036
 0.18181818 0.1826484  0.18348624 0.1843318  0.18518519 0.18139535
 0.18224299 0.18309859 0.18396226 0.18009479 0.18095238 0.18181818
 0.18269231 0.18357488 0.18446602 0.18536585 0.18627451 0.18719212
 0.18811881 0.18905473 0.19       0.18592965 0.18181818 0.17766497
 0.17857143 0.17948718 0.18041237 0.18134715 0.17708333 0.17801047
 0.17894737 0.17989418 0.18085106 0.18181818 0.1827957  0.17837838
 0.17934783 0.18032787 0.18131868 0.18232044 0.18333333 0.17877095
 0.17977528 0.18079096 0.18181818 0.17714286 0.17816092 0.17919075
 0.18023256 0.18128655 0.18235294 0.18343195 0.18452381 0.18562874
 0.18674699 0.18787879 0.18902439 0.19018405 0.19135802 0.19254658
 0.19375    0.19496855 0.19620253 0.19745223 0.19871795 0.2
 0.2012987  0.20261438 0.20394737 0.20529801 0.20666667 0.20134228
 0.2027027  0.19727891 0.19863014 0.2        0.20138889 0.1958042
 0.1971831  0.19148936 0.19285714 0.18705036 0.1884058  0.18978102
 0.19117647 0.19259259 0.18656716 0.18796992 0.18181818 0.18320611
 0.18461538 0.18604651 0.1875     0.18897638 0.19047619 0.192
 0.19354839 0.18699187 0.18852459 0.19008264 0.19166667 0.19327731
 0.19491525 0.1965812  0.19827586 0.2        0.20175439 0.20353982
 0.20535714 0.20720721 0.2        0.20183486 0.19444444 0.19626168
 0.18867925 0.19047619 0.19230769 0.19417476 0.19607843 0.1980198
 0.2        0.19191919 0.18367347 0.18556701 0.1875     0.17894737
 0.18085106 0.1827957  0.18478261 0.18681319 0.18888889 0.19101124
 0.18181818 0.18390805 0.18604651 0.18823529 0.19047619 0.19277108
 0.19512195 0.19753086 0.2        0.20253165 0.20512821 0.19480519
 0.19736842 0.2        0.2027027  0.20547945 0.19444444 0.1971831
 0.2        0.20289855 0.20588235 0.20895522 0.21212121 0.21538462
 0.203125   0.20634921 0.20967742 0.21311475 0.21666667 0.22033898
 0.22413793 0.22807018 0.23214286 0.23636364 0.24074074 0.24528302
 0.25       0.25490196 0.24       0.24489796 0.25       0.25531915
 0.26086957 0.26666667 0.27272727 0.27906977 0.28571429 0.29268293
 0.3        0.30769231 0.28947368 0.2972973  0.30555556 0.31428571
 0.32352941 0.3030303  0.3125     0.29032258 0.3        0.31034483
 0.32142857 0.33333333 0.30769231 0.32       0.33333333 0.34782609
 0.36363636 0.38095238 0.35       0.31578947 0.33333333 0.35294118
 0.375      0.4        0.42857143 0.46153846 0.41666667 0.36363636
 0.4        0.33333333 0.375      0.42857143 0.5        0.6
 0.75       1.         1.         1.         1.        ]","[1.         1.         1.         1.         0.99431818 0.99431818
 0.98863636 0.98863636 0.98863636 0.98863636 0.98863636 0.98295455
 0.98295455 0.98295455 0.98295455 0.97727273 0.97727273 0.97727273
 0.97159091 0.96590909 0.96590909 0.96590909 0.96022727 0.96022727
 0.96022727 0.95454545 0.95454545 0.95454545 0.95454545 0.94886364
 0.94318182 0.9375     0.93181818 0.92613636 0.92613636 0.92045455
 0.92045455 0.92045455 0.91477273 0.91477273 0.90909091 0.90909091
 0.90909091 0.90909091 0.90909091 0.90340909 0.90340909 0.90340909
 0.90340909 0.90340909 0.90340909 0.90340909 0.90340909 0.90340909
 0.90340909 0.89772727 0.89204545 0.89204545 0.89204545 0.89204545
 0.89204545 0.89204545 0.89204545 0.89204545 0.89204545 0.88636364
 0.88636364 0.88636364 0.88636364 0.88636364 0.88636364 0.88636364
 0.88068182 0.88068182 0.88068182 0.88068182 0.88068182 0.88068182
 0.88068182 0.88068182 0.88068182 0.88068182 0.88068182 0.875
 0.875      0.875      0.875      0.86931818 0.86931818 0.86363636
 0.86363636 0.86363636 0.86363636 0.86363636 0.86363636 0.85795455
 0.85795455 0.85795455 0.85795455 0.85795455 0.85795455 0.85795455
 0.85227273 0.85227273 0.85227273 0.85227273 0.85227273 0.85227273
 0.85227273 0.85227273 0.85227273 0.85227273 0.85227273 0.85227273
 0.85227273 0.85227273 0.85227273 0.85227273 0.85227273 0.85227273
 0.84659091 0.84659091 0.84090909 0.83522727 0.83522727 0.83522727
 0.82954545 0.82954545 0.82954545 0.82954545 0.82954545 0.82954545
 0.82954545 0.82954545 0.82954545 0.82386364 0.82386364 0.82386364
 0.82386364 0.82386364 0.82386364 0.82386364 0.82386364 0.81818182
 0.81818182 0.81818182 0.81818182 0.8125     0.8125     0.8125
 0.8125     0.80681818 0.80681818 0.80681818 0.80113636 0.80113636
 0.80113636 0.80113636 0.80113636 0.80113636 0.80113636 0.80113636
 0.80113636 0.80113636 0.80113636 0.80113636 0.80113636 0.80113636
 0.80113636 0.80113636 0.80113636 0.80113636 0.79545455 0.79545455
 0.79545455 0.79545455 0.79545455 0.78977273 0.78409091 0.78409091
 0.78409091 0.78409091 0.78409091 0.77840909 0.77840909 0.77840909
 0.77840909 0.77272727 0.77272727 0.77272727 0.77272727 0.77272727
 0.77272727 0.77272727 0.77272727 0.77272727 0.77272727 0.77272727
 0.77272727 0.77272727 0.77272727 0.77272727 0.76704545 0.76136364
 0.76136364 0.75568182 0.75568182 0.75568182 0.75568182 0.75
 0.74431818 0.74431818 0.74431818 0.74431818 0.74431818 0.74431818
 0.74431818 0.74431818 0.74431818 0.74431818 0.74431818 0.73863636
 0.73863636 0.73863636 0.73863636 0.73863636 0.73863636 0.73863636
 0.73863636 0.73863636 0.73863636 0.73863636 0.73863636 0.73863636
 0.73863636 0.73295455 0.73295455 0.73295455 0.73295455 0.72727273
 0.72727273 0.72727273 0.72727273 0.72727273 0.72727273 0.72727273
 0.72727273 0.72727273 0.72159091 0.72159091 0.71590909 0.71590909
 0.71590909 0.71022727 0.71022727 0.71022727 0.71022727 0.71022727
 0.71022727 0.70454545 0.69886364 0.69318182 0.69318182 0.6875
 0.6875     0.6875     0.6875     0.6875     0.6875     0.6875
 0.6875     0.6875     0.6875     0.6875     0.68181818 0.68181818
 0.67613636 0.67613636 0.67613636 0.67613636 0.67613636 0.67613636
 0.67613636 0.67613636 0.67045455 0.67045455 0.67045455 0.67045455
 0.67045455 0.67045455 0.67045455 0.67045455 0.66477273 0.66477273
 0.66477273 0.65909091 0.65909091 0.65909091 0.65909091 0.65909091
 0.65909091 0.65909091 0.65909091 0.65340909 0.64772727 0.64772727
 0.64772727 0.64772727 0.64772727 0.64772727 0.64772727 0.64772727
 0.64772727 0.64204545 0.64204545 0.64204545 0.64204545 0.64204545
 0.64204545 0.63636364 0.63636364 0.63636364 0.63068182 0.63068182
 0.63068182 0.63068182 0.63068182 0.63068182 0.63068182 0.63068182
 0.63068182 0.63068182 0.63068182 0.63068182 0.625      0.625
 0.625      0.625      0.625      0.625      0.625      0.625
 0.625      0.61931818 0.61931818 0.61931818 0.61931818 0.61931818
 0.61931818 0.61931818 0.61931818 0.61931818 0.61931818 0.61931818
 0.61931818 0.61931818 0.61363636 0.61363636 0.60795455 0.60795455
 0.60795455 0.60795455 0.60795455 0.60795455 0.60227273 0.60227273
 0.60227273 0.60227273 0.60227273 0.60227273 0.60227273 0.60227273
 0.60227273 0.60227273 0.60227273 0.59659091 0.59659091 0.59659091
 0.59659091 0.59659091 0.59659091 0.59659091 0.59659091 0.59659091
 0.59659091 0.59659091 0.59659091 0.59659091 0.59659091 0.59659091
 0.59659091 0.59659091 0.59090909 0.59090909 0.59090909 0.59090909
 0.59090909 0.59090909 0.58522727 0.58522727 0.58522727 0.58522727
 0.58522727 0.58522727 0.58522727 0.58522727 0.58522727 0.58522727
 0.58522727 0.58522727 0.58522727 0.58522727 0.57954545 0.57386364
 0.57386364 0.57386364 0.56818182 0.56818182 0.56818182 0.56818182
 0.56818182 0.56818182 0.56818182 0.56818182 0.56818182 0.56818182
 0.5625     0.5625     0.5625     0.55681818 0.55681818 0.55681818
 0.55681818 0.55681818 0.55681818 0.55681818 0.55681818 0.55681818
 0.55681818 0.55681818 0.55113636 0.55113636 0.55113636 0.55113636
 0.55113636 0.55113636 0.55113636 0.55113636 0.55113636 0.55113636
 0.55113636 0.55113636 0.55113636 0.55113636 0.55113636 0.55113636
 0.54545455 0.54545455 0.54545455 0.54545455 0.54545455 0.54545455
 0.54545455 0.54545455 0.53977273 0.53977273 0.53977273 0.53409091
 0.52840909 0.52272727 0.52272727 0.52272727 0.52272727 0.52272727
 0.52272727 0.52272727 0.51704545 0.51704545 0.51704545 0.51704545
 0.51704545 0.51704545 0.51704545 0.51704545 0.51704545 0.51704545
 0.51704545 0.51704545 0.51704545 0.51704545 0.51136364 0.51136364
 0.51136364 0.51136364 0.51136364 0.50568182 0.50568182 0.50568182
 0.50568182 0.50568182 0.50568182 0.50568182 0.50568182 0.50568182
 0.50568182 0.50568182 0.50568182 0.5        0.5        0.5
 0.5        0.5        0.5        0.5        0.5        0.49431818
 0.49431818 0.49431818 0.49431818 0.49431818 0.49431818 0.48863636
 0.48863636 0.48863636 0.48863636 0.48863636 0.48863636 0.48295455
 0.48295455 0.48295455 0.48295455 0.48295455 0.48295455 0.48295455
 0.48295455 0.48295455 0.48295455 0.48295455 0.48295455 0.48295455
 0.48295455 0.48295455 0.48295455 0.48295455 0.47727273 0.47727273
 0.47727273 0.47727273 0.47727273 0.47727273 0.47159091 0.47159091
 0.47159091 0.46590909 0.46590909 0.46590909 0.46022727 0.46022727
 0.46022727 0.46022727 0.46022727 0.46022727 0.45454545 0.45454545
 0.45454545 0.45454545 0.45454545 0.45454545 0.45454545 0.45454545
 0.45454545 0.45454545 0.45454545 0.45454545 0.45454545 0.45454545
 0.45454545 0.45454545 0.45454545 0.44886364 0.44886364 0.44886364
 0.44886364 0.44318182 0.4375     0.43181818 0.43181818 0.43181818
 0.43181818 0.42613636 0.42045455 0.42045455 0.42045455 0.42045455
 0.41477273 0.41477273 0.41477273 0.41477273 0.40909091 0.40909091
 0.40909091 0.40340909 0.40340909 0.40340909 0.40340909 0.40340909
 0.40340909 0.40340909 0.40340909 0.40340909 0.40340909 0.40340909
 0.40340909 0.40340909 0.40340909 0.40340909 0.39772727 0.39772727
 0.39772727 0.39772727 0.39772727 0.39772727 0.39772727 0.39772727
 0.39772727 0.39772727 0.39772727 0.39772727 0.39772727 0.39772727
 0.39772727 0.39772727 0.39772727 0.39204545 0.39204545 0.39204545
 0.39204545 0.38636364 0.38636364 0.38636364 0.38636364 0.38636364
 0.38636364 0.38636364 0.38636364 0.38636364 0.38636364 0.38636364
 0.38636364 0.38636364 0.38636364 0.38636364 0.38636364 0.38636364
 0.38068182 0.38068182 0.375      0.375      0.375      0.375
 0.36931818 0.36363636 0.36363636 0.35795455 0.35227273 0.35227273
 0.35227273 0.35227273 0.35227273 0.34659091 0.34090909 0.34090909
 0.34090909 0.34090909 0.34090909 0.33522727 0.33522727 0.33522727
 0.33522727 0.33522727 0.32954545 0.32954545 0.32954545 0.32954545
 0.32386364 0.32386364 0.32386364 0.32386364 0.31818182 0.3125
 0.3125     0.30681818 0.30681818 0.30113636 0.30113636 0.30113636
 0.29545455 0.28977273 0.28409091 0.27840909 0.27840909 0.27840909
 0.27840909 0.27840909 0.27840909 0.27840909 0.27272727 0.27272727
 0.26704545 0.26704545 0.26704545 0.26704545 0.26136364 0.26136364
 0.26136364 0.25568182 0.25568182 0.25       0.25       0.25
 0.25       0.25       0.25       0.25       0.25       0.25
 0.25       0.25       0.24431818 0.24431818 0.24431818 0.23863636
 0.23295455 0.23295455 0.23295455 0.23295455 0.23295455 0.23295455
 0.23295455 0.23295455 0.23295455 0.23295455 0.23295455 0.23295455
 0.22727273 0.22727273 0.22727273 0.22727273 0.22727273 0.22159091
 0.22159091 0.22159091 0.22159091 0.21590909 0.21590909 0.21590909
 0.21590909 0.21590909 0.21590909 0.21590909 0.21590909 0.21590909
 0.21590909 0.21590909 0.21590909 0.21022727 0.20454545 0.19886364
 0.19886364 0.19886364 0.19886364 0.19886364 0.19318182 0.19318182
 0.19318182 0.19318182 0.19318182 0.19318182 0.19318182 0.1875
 0.1875     0.1875     0.1875     0.1875     0.1875     0.18181818
 0.18181818 0.18181818 0.18181818 0.17613636 0.17613636 0.17613636
 0.17613636 0.17613636 0.17613636 0.17613636 0.17613636 0.17613636
 0.17613636 0.17613636 0.17613636 0.17613636 0.17613636 0.17613636
 0.17613636 0.17613636 0.17613636 0.17613636 0.17613636 0.17613636
 0.17613636 0.17613636 0.17613636 0.17613636 0.17613636 0.17045455
 0.17045455 0.16477273 0.16477273 0.16477273 0.16477273 0.15909091
 0.15909091 0.15340909 0.15340909 0.14772727 0.14772727 0.14772727
 0.14772727 0.14772727 0.14204545 0.14204545 0.13636364 0.13636364
 0.13636364 0.13636364 0.13636364 0.13636364 0.13636364 0.13636364
 0.13636364 0.13068182 0.13068182 0.13068182 0.13068182 0.13068182
 0.13068182 0.13068182 0.13068182 0.13068182 0.13068182 0.13068182
 0.13068182 0.13068182 0.125      0.125      0.11931818 0.11931818
 0.11363636 0.11363636 0.11363636 0.11363636 0.11363636 0.11363636
 0.11363636 0.10795455 0.10227273 0.10227273 0.10227273 0.09659091
 0.09659091 0.09659091 0.09659091 0.09659091 0.09659091 0.09659091
 0.09090909 0.09090909 0.09090909 0.09090909 0.09090909 0.09090909
 0.09090909 0.09090909 0.09090909 0.09090909 0.09090909 0.08522727
 0.08522727 0.08522727 0.08522727 0.08522727 0.07954545 0.07954545
 0.07954545 0.07954545 0.07954545 0.07954545 0.07954545 0.07954545
 0.07386364 0.07386364 0.07386364 0.07386364 0.07386364 0.07386364
 0.07386364 0.07386364 0.07386364 0.07386364 0.07386364 0.07386364
 0.07386364 0.07386364 0.06818182 0.06818182 0.06818182 0.06818182
 0.06818182 0.06818182 0.06818182 0.06818182 0.06818182 0.06818182
 0.06818182 0.06818182 0.0625     0.0625     0.0625     0.0625
 0.0625     0.05681818 0.05681818 0.05113636 0.05113636 0.05113636
 0.05113636 0.05113636 0.04545455 0.04545455 0.04545455 0.04545455
 0.04545455 0.04545455 0.03977273 0.03409091 0.03409091 0.03409091
 0.03409091 0.03409091 0.03409091 0.03409091 0.02840909 0.02272727
 0.02272727 0.01704545 0.01704545 0.01704545 0.01704545 0.01704545
 0.01704545 0.01704545 0.01136364 0.00568182 0.        ]","[5.55073164e-14 1.60156199e-08 1.97247639e-08 6.75985314e-08
 7.93886132e-08 1.04438666e-07 1.15312257e-07 1.94209602e-07
 1.96189998e-07 3.12994714e-07 5.54161421e-07 6.38821515e-07
 6.92309299e-07 7.02313008e-07 1.20127978e-06 1.53021151e-06
 2.17917744e-06 2.65983632e-06 2.69095549e-06 3.55530540e-06
 4.58744141e-06 4.81263616e-06 6.51777001e-06 7.65736188e-06
 1.10089076e-05 1.19808875e-05 1.52663234e-05 1.62088954e-05
 1.67867070e-05 1.69740889e-05 1.79593586e-05 1.94516126e-05
 2.09198236e-05 2.13808675e-05 2.18636356e-05 2.39188260e-05
 2.78974722e-05 2.89913800e-05 3.09387772e-05 3.11028083e-05
 3.28360625e-05 3.36516266e-05 3.71990340e-05 3.82485071e-05
 4.33664819e-05 4.43080126e-05 4.52405555e-05 4.65214327e-05
 4.66157027e-05 4.70464435e-05 4.94751957e-05 5.12463564e-05
 5.14736083e-05 5.41855414e-05 5.64563393e-05 5.80707098e-05
 6.03969961e-05 6.71301196e-05 6.99376717e-05 6.99584544e-05
 7.54673327e-05 7.66334762e-05 7.71573958e-05 8.59481763e-05
 8.65722331e-05 8.83665551e-05 9.33981256e-05 9.61402585e-05
 9.72766567e-05 1.04341212e-04 1.18637578e-04 1.30109270e-04
 1.50561504e-04 1.55982295e-04 1.69123427e-04 1.93158987e-04
 1.93413352e-04 1.95646817e-04 1.96755500e-04 1.98845614e-04
 2.17515591e-04 2.18810987e-04 2.29301546e-04 2.30790727e-04
 2.31966038e-04 2.54299398e-04 2.57346604e-04 2.63744615e-04
 2.68347149e-04 2.76750207e-04 2.77446896e-04 2.79545128e-04
 2.89701503e-04 2.93297606e-04 3.00631558e-04 3.06552823e-04
 3.11476939e-04 3.12938298e-04 3.20115776e-04 3.23739394e-04
 3.39947694e-04 3.40343794e-04 3.43703881e-04 3.65144018e-04
 3.71002049e-04 3.78658904e-04 3.82863611e-04 3.97790374e-04
 3.97889710e-04 4.03060399e-04 4.12151191e-04 4.21598860e-04
 4.29200032e-04 4.32251342e-04 4.36748999e-04 4.43205049e-04
 4.57400526e-04 4.63833262e-04 4.90668967e-04 5.00863436e-04
 5.17658257e-04 5.18894942e-04 5.27454826e-04 5.56636547e-04
 5.61313178e-04 5.67007878e-04 5.75296620e-04 5.83704806e-04
 5.85246400e-04 5.88219090e-04 6.20521531e-04 6.29563793e-04
 6.42052208e-04 6.55939303e-04 6.74723235e-04 6.76419678e-04
 6.94696217e-04 7.33633769e-04 7.47760747e-04 7.81825590e-04
 7.92104025e-04 8.17822569e-04 8.24974208e-04 8.31510965e-04
 8.37664375e-04 8.50648334e-04 8.73785923e-04 8.89301350e-04
 9.22348409e-04 9.40739133e-04 9.53770460e-04 9.54233812e-04
 9.71168244e-04 9.89037815e-04 1.00211323e-03 1.04399689e-03
 1.05554056e-03 1.09228868e-03 1.09926525e-03 1.10383874e-03
 1.17753172e-03 1.19441625e-03 1.19661197e-03 1.24292492e-03
 1.25931891e-03 1.27844392e-03 1.32521558e-03 1.34315724e-03
 1.37071930e-03 1.42196898e-03 1.42440638e-03 1.47382208e-03
 1.55159037e-03 1.55846995e-03 1.56774034e-03 1.59917371e-03
 1.60507224e-03 1.64902196e-03 1.70437736e-03 1.71048406e-03
 1.73764043e-03 1.76263804e-03 1.77662728e-03 1.79086026e-03
 1.79992204e-03 1.84991674e-03 1.86370368e-03 1.90794213e-03
 1.91485832e-03 1.91598361e-03 1.95928781e-03 2.00406449e-03
 2.01807051e-03 2.02219212e-03 2.15699231e-03 2.16208671e-03
 2.16528653e-03 2.21234581e-03 2.21309281e-03 2.25681096e-03
 2.30758355e-03 2.46858832e-03 2.48487149e-03 2.49355139e-03
 2.54117873e-03 2.60601936e-03 2.60921021e-03 2.63609136e-03
 2.68436068e-03 2.68482330e-03 2.69863747e-03 2.70372317e-03
 2.70842123e-03 2.72056526e-03 2.73487257e-03 2.76675459e-03
 2.76864486e-03 2.82903847e-03 2.82982518e-03 2.83741620e-03
 2.85982971e-03 3.03731346e-03 3.12018424e-03 3.13342117e-03
 3.15543010e-03 3.16905271e-03 3.30290589e-03 3.33931232e-03
 3.45148358e-03 3.46922652e-03 3.64354917e-03 3.64651449e-03
 3.83091502e-03 3.94429614e-03 3.98373731e-03 4.04296896e-03
 4.04452047e-03 4.10142946e-03 4.13398254e-03 4.17542118e-03
 4.22269035e-03 4.33315998e-03 4.40153445e-03 4.49392740e-03
 4.57819620e-03 4.61249442e-03 4.65040401e-03 4.68629553e-03
 4.84716020e-03 4.93060883e-03 4.94258471e-03 5.06371993e-03
 5.06969582e-03 5.29846155e-03 5.33089807e-03 5.36298600e-03
 5.72037886e-03 5.75597684e-03 5.76674851e-03 5.83721915e-03
 5.87168638e-03 6.01560964e-03 6.02030975e-03 6.05380971e-03
 6.05459172e-03 6.17005534e-03 6.34130226e-03 6.50102407e-03
 6.59525467e-03 6.91535052e-03 6.96750276e-03 7.02330370e-03
 7.03201487e-03 7.04285180e-03 7.10819704e-03 7.15031306e-03
 7.22524617e-03 7.27074678e-03 7.34599880e-03 7.35814863e-03
 7.41170162e-03 7.78067981e-03 8.02428113e-03 8.09586286e-03
 8.20380196e-03 8.23179287e-03 8.35147297e-03 8.41271860e-03
 8.51420645e-03 8.63399665e-03 8.68369042e-03 8.72924316e-03
 8.92242362e-03 8.97506481e-03 9.05615041e-03 9.07765950e-03
 9.16906404e-03 9.36271014e-03 9.62178394e-03 9.63407592e-03
 9.70790077e-03 9.75607814e-03 9.75871110e-03 1.00796850e-02
 1.03176707e-02 1.03420967e-02 1.03841572e-02 1.04096498e-02
 1.04735781e-02 1.05717349e-02 1.07072570e-02 1.08343255e-02
 1.09633195e-02 1.09932980e-02 1.15449001e-02 1.15973671e-02
 1.16634192e-02 1.17679138e-02 1.18557082e-02 1.19177794e-02
 1.19765824e-02 1.20064682e-02 1.20131870e-02 1.21064689e-02
 1.21497585e-02 1.22223114e-02 1.22620476e-02 1.32881693e-02
 1.36531118e-02 1.38943568e-02 1.39480443e-02 1.39483044e-02
 1.40528819e-02 1.40869388e-02 1.41751108e-02 1.42658034e-02
 1.45890923e-02 1.46248903e-02 1.47351323e-02 1.47585802e-02
 1.48632538e-02 1.56584186e-02 1.58900529e-02 1.59520045e-02
 1.60637866e-02 1.60975971e-02 1.62764933e-02 1.63065610e-02
 1.63914802e-02 1.64319287e-02 1.64999951e-02 1.68050329e-02
 1.68582019e-02 1.70791662e-02 1.71122991e-02 1.76817854e-02
 1.77131526e-02 1.79587161e-02 1.80138690e-02 1.81469457e-02
 1.84084283e-02 1.86327440e-02 1.86727487e-02 1.87703573e-02
 1.93764244e-02 1.97267170e-02 1.98390302e-02 1.98737345e-02
 1.99347184e-02 2.01255339e-02 2.02331050e-02 2.05451779e-02
 2.06030310e-02 2.06995998e-02 2.12364628e-02 2.17002421e-02
 2.19187597e-02 2.24082542e-02 2.26963849e-02 2.28328077e-02
 2.31116269e-02 2.31157641e-02 2.33052264e-02 2.33429133e-02
 2.38343736e-02 2.39031394e-02 2.40724041e-02 2.41799223e-02
 2.42553475e-02 2.45208949e-02 2.51062180e-02 2.55581393e-02
 2.58292533e-02 2.58385538e-02 2.59439001e-02 2.64192406e-02
 2.65787527e-02 2.68643636e-02 2.70068720e-02 2.71058876e-02
 2.71931831e-02 2.72573515e-02 2.75078848e-02 2.75453671e-02
 2.83358575e-02 2.85370193e-02 2.86251071e-02 2.86680968e-02
 2.91027410e-02 2.92315438e-02 2.93792048e-02 2.94403709e-02
 2.96353301e-02 2.97538845e-02 3.00819696e-02 3.01104014e-02
 3.05489371e-02 3.06477569e-02 3.08283395e-02 3.13696972e-02
 3.20511775e-02 3.22547014e-02 3.39701170e-02 3.40275376e-02
 3.40554306e-02 3.43670093e-02 3.45380057e-02 3.46233286e-02
 3.47496220e-02 3.50177157e-02 3.57102719e-02 3.59185616e-02
 3.66816560e-02 3.70520920e-02 3.77845607e-02 3.84482105e-02
 3.94340796e-02 4.03184826e-02 4.06023797e-02 4.07991908e-02
 4.24397422e-02 4.27577860e-02 4.47532811e-02 4.55847065e-02
 4.63389483e-02 4.67493891e-02 4.68486643e-02 4.70617836e-02
 4.71592644e-02 4.84118020e-02 4.88444914e-02 4.89542584e-02
 4.90219426e-02 5.03368249e-02 5.07057408e-02 5.10853251e-02
 5.14557412e-02 5.20255602e-02 5.25731666e-02 5.28560908e-02
 5.43408513e-02 5.46587913e-02 5.48129787e-02 5.50363898e-02
 5.55444246e-02 5.64021418e-02 5.67019430e-02 5.67123092e-02
 5.68894722e-02 5.69356442e-02 5.70974989e-02 5.72521668e-02
 5.74915322e-02 5.76049160e-02 5.77072179e-02 5.86372438e-02
 6.01381666e-02 6.04937390e-02 6.05669252e-02 6.06214368e-02
 6.16620812e-02 6.19487850e-02 6.20303074e-02 6.23316548e-02
 6.29324816e-02 6.31593240e-02 6.34036100e-02 6.34287029e-02
 6.59383355e-02 6.77379292e-02 6.83452769e-02 6.89686216e-02
 6.96878355e-02 6.97787744e-02 7.00825388e-02 7.03220763e-02
 7.08044322e-02 7.08937678e-02 7.09038363e-02 7.09612209e-02
 7.23537819e-02 7.25814722e-02 7.35356139e-02 7.38521816e-02
 7.41515144e-02 7.43047221e-02 7.52079711e-02 7.54885669e-02
 7.55322494e-02 7.58628349e-02 7.58631042e-02 7.60973848e-02
 7.62611001e-02 7.75619402e-02 7.80860476e-02 7.81384548e-02
 7.81778563e-02 7.92090822e-02 7.92916587e-02 8.01421706e-02
 8.04986976e-02 8.05924971e-02 8.06363643e-02 8.11465701e-02
 8.14933904e-02 8.26854523e-02 8.27412744e-02 8.29079149e-02
 8.48551492e-02 8.53723989e-02 8.58495294e-02 8.67295178e-02
 8.78794033e-02 8.83799001e-02 8.87613205e-02 9.12702095e-02
 9.54595017e-02 9.59712107e-02 9.76985929e-02 9.92681122e-02
 1.01293945e-01 1.02135161e-01 1.03553080e-01 1.03758302e-01
 1.04336063e-01 1.04380394e-01 1.05996953e-01 1.08366977e-01
 1.09310859e-01 1.09489491e-01 1.09917953e-01 1.11444593e-01
 1.12080744e-01 1.14138276e-01 1.14591182e-01 1.15548142e-01
 1.15900301e-01 1.16279555e-01 1.17062612e-01 1.18065318e-01
 1.18238855e-01 1.18251775e-01 1.18878263e-01 1.19141888e-01
 1.19776209e-01 1.21753074e-01 1.23157145e-01 1.23260529e-01
 1.26523167e-01 1.26936760e-01 1.27723530e-01 1.29991177e-01
 1.31891759e-01 1.32171200e-01 1.32408137e-01 1.36546659e-01
 1.36714062e-01 1.37389340e-01 1.39327744e-01 1.41745607e-01
 1.42288112e-01 1.43926128e-01 1.44090761e-01 1.45979712e-01
 1.46109441e-01 1.48358697e-01 1.48856348e-01 1.51296753e-01
 1.51481535e-01 1.52285756e-01 1.54292131e-01 1.57859010e-01
 1.57935916e-01 1.58500485e-01 1.58540846e-01 1.61940338e-01
 1.62830529e-01 1.64745945e-01 1.66356334e-01 1.67230671e-01
 1.67546044e-01 1.68455243e-01 1.69258264e-01 1.72517686e-01
 1.72808547e-01 1.73473492e-01 1.73802448e-01 1.73866648e-01
 1.73935319e-01 1.76990727e-01 1.79070373e-01 1.79992854e-01
 1.80027824e-01 1.82064784e-01 1.82421077e-01 1.87690437e-01
 1.87714258e-01 1.91312682e-01 1.91655363e-01 1.95322360e-01
 1.96360975e-01 1.99701837e-01 1.99722017e-01 2.03128195e-01
 2.03451891e-01 2.05989718e-01 2.07878838e-01 2.08157286e-01
 2.08589189e-01 2.09626446e-01 2.09733258e-01 2.09776428e-01
 2.13177441e-01 2.13575700e-01 2.13984034e-01 2.14258220e-01
 2.14542342e-01 2.16437272e-01 2.18706546e-01 2.19215882e-01
 2.23147018e-01 2.24436648e-01 2.24967404e-01 2.26392283e-01
 2.28630778e-01 2.30783004e-01 2.36684187e-01 2.36851717e-01
 2.38832056e-01 2.42224340e-01 2.42332141e-01 2.44452010e-01
 2.47394339e-01 2.50478086e-01 2.51850133e-01 2.54676546e-01
 2.55117039e-01 2.58849047e-01 2.63660563e-01 2.65910778e-01
 2.66692481e-01 2.67803515e-01 2.69423768e-01 2.75286592e-01
 2.76467919e-01 2.82804462e-01 2.85731351e-01 2.89011556e-01
 2.89027171e-01 2.91007115e-01 3.01820398e-01 3.04817575e-01
 3.10667920e-01 3.10811140e-01 3.14711195e-01 3.16314005e-01
 3.17131844e-01 3.18610970e-01 3.18625274e-01 3.22003699e-01
 3.22102020e-01 3.24343536e-01 3.25092857e-01 3.26304604e-01
 3.27230792e-01 3.28099027e-01 3.31686137e-01 3.33791966e-01
 3.40259646e-01 3.40282971e-01 3.43076871e-01 3.53129703e-01
 3.59032357e-01 3.62100005e-01 3.66092271e-01 3.69108974e-01
 3.70979544e-01 3.75321320e-01 3.76136880e-01 3.77618286e-01
 3.83112146e-01 3.87780270e-01 3.87962866e-01 3.90354293e-01
 3.92855066e-01 3.98736466e-01 3.99754416e-01 4.01344931e-01
 4.03093207e-01 4.03596368e-01 4.03926899e-01 4.04974030e-01
 4.09296327e-01 4.09663244e-01 4.20874836e-01 4.22140039e-01
 4.23799189e-01 4.24097179e-01 4.24235771e-01 4.27373562e-01
 4.30984237e-01 4.38820083e-01 4.39692632e-01 4.48021814e-01
 4.50940075e-01 4.54528141e-01 4.56557941e-01 4.59746531e-01
 4.60794025e-01 4.61235613e-01 4.61288094e-01 4.61621699e-01
 4.63602732e-01 4.66271772e-01 4.70963981e-01 4.73495357e-01
 4.74325685e-01 4.77173855e-01 4.82690598e-01 4.90866005e-01
 4.94469018e-01 5.02064081e-01 5.12132393e-01 5.14993468e-01
 5.18268663e-01 5.22208680e-01 5.22416113e-01 5.24867071e-01
 5.25626481e-01 5.28400432e-01 5.33798797e-01 5.35533085e-01
 5.35847032e-01 5.35965448e-01 5.36221045e-01 5.36976704e-01
 5.37975705e-01 5.38817023e-01 5.39808190e-01 5.41847539e-01
 5.50284626e-01 5.52631990e-01 5.53270385e-01 5.55948732e-01
 5.61790099e-01 5.67459778e-01 5.72174933e-01 5.72677086e-01
 5.76665323e-01 5.79216894e-01 5.79759395e-01 5.85346328e-01
 5.86227888e-01 5.86389501e-01 5.92264094e-01 5.93607945e-01
 5.94813694e-01 5.94824402e-01 5.98486269e-01 5.99652300e-01
 6.01736090e-01 6.02436585e-01 6.05086742e-01 6.09367199e-01
 6.29914170e-01 6.36946829e-01 6.38352076e-01 6.46635994e-01
 6.51694189e-01 6.56891811e-01 6.61807872e-01 6.64460854e-01
 6.65840471e-01 6.68032130e-01 6.84252941e-01 6.91316089e-01
 6.97479337e-01 6.98270218e-01 7.02188182e-01 7.09963912e-01
 7.14689714e-01 7.17333963e-01 7.17696715e-01 7.19734144e-01
 7.26623294e-01 7.33312966e-01 7.35961910e-01 7.38550816e-01
 7.39671905e-01 7.43451505e-01 7.55058369e-01 7.67487720e-01
 7.70206166e-01 7.70250387e-01 7.80823930e-01 7.81862143e-01
 7.89977618e-01 7.91532462e-01 7.99480587e-01 8.01332665e-01
 8.05184039e-01 8.10590983e-01 8.12371853e-01 8.16864802e-01
 8.17275523e-01 8.19861184e-01 8.24033297e-01 8.26143151e-01
 8.26746538e-01 8.29411767e-01 8.31300053e-01 8.39535657e-01
 8.43650827e-01 8.45160200e-01 8.50891782e-01 8.51642182e-01
 8.61738793e-01 8.63088637e-01 8.63952327e-01 8.66511487e-01
 8.67578838e-01 8.69238820e-01 8.69343641e-01 8.72464096e-01
 8.73301400e-01 8.79411077e-01 8.86539275e-01 8.87439013e-01
 8.88277273e-01 8.90278091e-01 8.90855620e-01 8.91030216e-01
 8.96254592e-01 8.96732443e-01 8.97585984e-01 9.03222076e-01
 9.03233202e-01 9.03594630e-01 9.04537846e-01 9.06332846e-01
 9.06841159e-01 9.07483247e-01 9.10052680e-01 9.10110353e-01
 9.13656625e-01 9.14457252e-01 9.15423709e-01 9.15797678e-01
 9.19334763e-01 9.20636048e-01 9.20896253e-01 9.22894529e-01
 9.22996494e-01 9.23810708e-01 9.25664971e-01 9.26449516e-01
 9.26638095e-01 9.34025958e-01 9.35650403e-01 9.38340880e-01
 9.40126525e-01 9.41172520e-01 9.41365694e-01 9.41889023e-01
 9.43541146e-01 9.45292680e-01 9.46248194e-01 9.49114518e-01
 9.49609478e-01 9.50913738e-01 9.51143655e-01 9.51989358e-01
 9.53781311e-01 9.54026267e-01 9.54684340e-01 9.60130638e-01
 9.61869390e-01 9.66713838e-01 9.67084089e-01 9.68413954e-01
 9.69140352e-01 9.71960722e-01 9.72582765e-01 9.74597234e-01
 9.76124404e-01 9.76671017e-01 9.78246728e-01 9.78720153e-01
 9.79315710e-01 9.80584249e-01 9.81942213e-01 9.82847596e-01
 9.82872484e-01 9.83412087e-01 9.83536583e-01 9.85502960e-01
 9.85767894e-01 9.85886457e-01 9.86410876e-01 9.87934049e-01
 9.88329153e-01 9.88566196e-01 9.89533765e-01 9.89613359e-01
 9.89924543e-01 9.90279822e-01 9.90977550e-01 9.92151839e-01
 9.92513615e-01 9.92916090e-01 9.93140399e-01 9.93447647e-01
 9.93622695e-01 9.93728714e-01 9.93933144e-01 9.94781093e-01
 9.96113235e-01 9.96131364e-01 9.96630049e-01 9.97592855e-01
 9.97597394e-01 9.97866710e-01 9.97903604e-01 9.97974823e-01
 9.97993082e-01 9.98286622e-01 9.98332062e-01 9.98836200e-01
 9.98884032e-01 9.98971969e-01 9.99147553e-01 9.99349935e-01
 9.99543095e-01 9.99594056e-01 9.99648845e-01 9.99697044e-01
 9.99732852e-01 9.99776266e-01 9.99808774e-01 9.99835057e-01
 9.99975482e-01 9.99997961e-01 9.99998597e-01 9.99999119e-01]"
Hyperledger,is_change_text_num_words_5,Empty,[],0.8174273858921162,"[[788   0]
 [176   0]]","              precision    recall  f1-score   support

           0       0.82      1.00      0.90       788
           1       0.00      0.00      0.00       176

    accuracy                           0.82       964
   macro avg       0.41      0.50      0.45       964
weighted avg       0.67      0.82      0.74       964
",0.5912863070539419,0.1825726141078838,0.5,"0      0
1      0
2      0
3      0
4      0
      ..
959    0
960    0
961    0
962    0
963    0
Name: label_is_empty, Length: 964, dtype: int64",[0.18257261 1.        ],[1. 0.],[0.]
Hyperledger,is_change_text_num_words_5,Zero,[],0.8174273858921162,"[[788   0]
 [176   0]]","              precision    recall  f1-score   support

           0       0.82      1.00      0.90       788
           1       0.00      0.00      0.00       176

    accuracy                           0.82       964
   macro avg       0.41      0.50      0.45       964
weighted avg       0.67      0.82      0.74       964
",0.5912863070539419,0.1825726141078838,0.5,"0      0
1      0
2      0
3      0
4      0
      ..
959    0
960    0
961    0
962    0
963    0
Name: all, Length: 964, dtype: int64",[0.18257261 1.        ],[1. 0.],[0.]
Hyperledger,is_change_text_num_words_5,Random,[],0.4854771784232365,"[[382 406]
 [ 90  86]]","              precision    recall  f1-score   support

           0       0.81      0.48      0.61       788
           1       0.17      0.49      0.26       176

    accuracy                           0.49       964
   macro avg       0.49      0.49      0.43       964
weighted avg       0.69      0.49      0.54       964
",0.1950821594433289,0.198717588337482,0.4936259806183665,"0      1
1      1
2      0
3      1
4      1
      ..
959    0
960    0
961    0
962    1
963    1
Name: pred, Length: 964, dtype: int64","[0.18257261 0.1827622  0.18295218 0.18314256 0.18229167 0.18248175
 0.18267223 0.18286311 0.18305439 0.18324607 0.18343816 0.18258132
 0.18277311 0.1829653  0.18315789 0.1833509  0.18248945 0.18268215
 0.18181818 0.18201058 0.18114407 0.18133616 0.18152866 0.18172157
 0.18085106 0.18104366 0.18123667 0.1814301  0.18162393 0.18181818
 0.18201285 0.18220793 0.18240343 0.18259936 0.1827957  0.18299247
 0.18318966 0.18230852 0.1825054  0.1827027  0.18290043 0.18309859
 0.18329718 0.1834962  0.18369565 0.1828074  0.18191721 0.18211559
 0.18122271 0.18142077 0.18161926 0.18181818 0.18201754 0.18111965
 0.18131868 0.18151815 0.18171806 0.18191841 0.18101545 0.18121547
 0.18141593 0.18161683 0.18181818 0.18201998 0.18222222 0.18242492
 0.18262806 0.18283166 0.18191964 0.18212291 0.18120805 0.18141097
 0.18161435 0.18181818 0.18202247 0.18222722 0.18243243 0.18151071
 0.18171558 0.1819209  0.1821267  0.18233296 0.18253968 0.18274688
 0.18295455 0.18316268 0.1833713  0.18358039 0.18378995 0.184
 0.18421053 0.18442153 0.18348624 0.1836969  0.18275862 0.18296893
 0.18317972 0.183391   0.18360277 0.18381503 0.18402778 0.18424102
 0.18329466 0.18234611 0.18255814 0.18277066 0.18298368 0.1831972
 0.18341121 0.18362573 0.18384075 0.18405627 0.18309859 0.18331375
 0.18235294 0.18138987 0.18160377 0.18181818 0.1820331  0.18106509
 0.18009479 0.17912218 0.17814727 0.17717004 0.17738095 0.17759237
 0.1778043  0.17801673 0.17822967 0.17844311 0.17865707 0.17767107
 0.17788462 0.17809868 0.17831325 0.17852835 0.17874396 0.1789601
 0.17917676 0.17939394 0.17961165 0.17982989 0.18004866 0.18026797
 0.1804878  0.18070818 0.1809291  0.18115055 0.18137255 0.18159509
 0.18181818 0.18204182 0.18103448 0.18125771 0.18148148 0.18170581
 0.18193069 0.18091698 0.18114144 0.18136646 0.18159204 0.18057285
 0.180798   0.18102372 0.18125    0.18147685 0.18170426 0.18193225
 0.1821608  0.18238994 0.18261965 0.18284994 0.18308081 0.18204804
 0.18227848 0.18124208 0.18020305 0.18043202 0.17938931 0.17961783
 0.17857143 0.17879949 0.17902813 0.17925736 0.17948718 0.17971759
 0.17994859 0.18018018 0.18041237 0.17935484 0.17958656 0.17981889
 0.18005181 0.18028534 0.18051948 0.18075423 0.1796875  0.17992177
 0.18015666 0.17908497 0.17801047 0.17693316 0.17716535 0.17739816
 0.17763158 0.17654809 0.176781   0.17701453 0.17724868 0.17748344
 0.17771883 0.17795485 0.1768617  0.1770972  0.17733333 0.17757009
 0.17647059 0.17670683 0.1769437  0.17718121 0.17741935 0.17765814
 0.17789757 0.17678812 0.17702703 0.17726658 0.17750678 0.17774763
 0.17663043 0.17687075 0.17711172 0.17735334 0.17622951 0.17647059
 0.17671233 0.17558299 0.17582418 0.17606602 0.17630854 0.17655172
 0.17679558 0.17565698 0.17451524 0.17475728 0.175      0.17524339
 0.17548747 0.17573222 0.17597765 0.17622378 0.17647059 0.17671809
 0.17696629 0.17721519 0.17746479 0.17630465 0.17514124 0.17538897
 0.17563739 0.17446809 0.17329545 0.17354196 0.17378917 0.17403709
 0.17428571 0.17453505 0.1747851  0.17503587 0.17528736 0.17553957
 0.17579251 0.17604618 0.17630058 0.17655572 0.17681159 0.17706821
 0.17732558 0.1775837  0.17784257 0.17810219 0.17836257 0.17715959
 0.17595308 0.17621145 0.17647059 0.17673049 0.17699115 0.17725258
 0.17751479 0.1762963  0.17507418 0.17533432 0.17559524 0.17585693
 0.1761194  0.17638266 0.17664671 0.17691154 0.17717718 0.17744361
 0.17771084 0.17647059 0.17522659 0.17549168 0.17424242 0.17450683
 0.17477204 0.17503805 0.17530488 0.17557252 0.17584098 0.17457887
 0.17484663 0.17511521 0.17384615 0.17411402 0.17438272 0.17465224
 0.17337461 0.17364341 0.17391304 0.1726283  0.17133956 0.17160686
 0.171875   0.17214397 0.17241379 0.17268446 0.17295597 0.17322835
 0.17350158 0.17377567 0.17405063 0.17432647 0.17301587 0.17170111
 0.17038217 0.17065391 0.17092652 0.1712     0.17147436 0.1717496
 0.17202572 0.17230274 0.17258065 0.17124394 0.16990291 0.16855754
 0.16883117 0.16747967 0.16612378 0.16639478 0.16666667 0.16693944
 0.16721311 0.16584565 0.16611842 0.16639209 0.16666667 0.16528926
 0.16390728 0.1641791  0.16445183 0.16472546 0.165      0.16527546
 0.16555184 0.16582915 0.16442953 0.16470588 0.16498316 0.16357504
 0.16385135 0.1641286  0.16440678 0.16468591 0.16496599 0.16524702
 0.16552901 0.16410256 0.16438356 0.16466552 0.16494845 0.16523236
 0.16551724 0.16580311 0.16608997 0.16637782 0.16666667 0.16695652
 0.16724739 0.16753927 0.16783217 0.16812609 0.16842105 0.16871705
 0.16901408 0.16931217 0.16784452 0.16814159 0.16843972 0.1687389
 0.16903915 0.16934046 0.16964286 0.16994633 0.1702509  0.17055655
 0.17086331 0.16936937 0.16967509 0.16998192 0.17028986 0.17059891
 0.17090909 0.1712204  0.17153285 0.17001828 0.17032967 0.1706422
 0.17095588 0.17127072 0.1697417  0.17005545 0.16851852 0.16883117
 0.16914498 0.16945996 0.16977612 0.17009346 0.17041199 0.16885553
 0.16917293 0.16949153 0.16981132 0.17013233 0.16856061 0.16888046
 0.16920152 0.16952381 0.16984733 0.17017208 0.17049808 0.17082534
 0.17115385 0.17148362 0.16988417 0.17021277 0.17054264 0.17087379
 0.17120623 0.16959064 0.16992188 0.16829746 0.16862745 0.16895874
 0.16929134 0.16962525 0.16996047 0.17029703 0.17063492 0.17097416
 0.17131474 0.17165669 0.172      0.17234469 0.17269076 0.17303823
 0.1733871  0.17373737 0.17408907 0.17444219 0.17479675 0.17515275
 0.1755102  0.17586912 0.17622951 0.17659138 0.17695473 0.17525773
 0.17561983 0.17598344 0.17634855 0.17671518 0.17708333 0.17745303
 0.17782427 0.17819706 0.17857143 0.17894737 0.17932489 0.17758985
 0.1779661  0.17834395 0.17659574 0.17697228 0.17735043 0.17773019
 0.17811159 0.17849462 0.17887931 0.17926566 0.17748918 0.17787419
 0.17826087 0.17864924 0.1790393  0.17943107 0.17982456 0.18021978
 0.18061674 0.17880795 0.17699115 0.17738359 0.17777778 0.17817372
 0.17857143 0.17673378 0.17713004 0.1752809  0.17342342 0.17155756
 0.1719457  0.17006803 0.17045455 0.17084282 0.17123288 0.17162471
 0.17201835 0.17241379 0.17281106 0.17321016 0.17361111 0.17401392
 0.1744186  0.17482517 0.17523364 0.17564403 0.17605634 0.17647059
 0.17688679 0.17730496 0.17772512 0.17814727 0.17857143 0.17661098
 0.17703349 0.17745803 0.17788462 0.17831325 0.17874396 0.17917676
 0.17961165 0.18004866 0.1804878  0.17848411 0.17892157 0.17936118
 0.17980296 0.18024691 0.18069307 0.18114144 0.17910448 0.17705736
 0.1775     0.17794486 0.17839196 0.17884131 0.17929293 0.17974684
 0.18020305 0.18066158 0.18112245 0.18158568 0.18205128 0.18251928
 0.18298969 0.18346253 0.18393782 0.18181818 0.18229167 0.18276762
 0.18324607 0.18372703 0.18421053 0.18469657 0.18253968 0.18302387
 0.18351064 0.184      0.18449198 0.1849866  0.18548387 0.18598383
 0.18648649 0.18699187 0.1875     0.1880109  0.18852459 0.18630137
 0.18681319 0.18732782 0.1878453  0.18559557 0.18611111 0.18662953
 0.18715084 0.18767507 0.18539326 0.18591549 0.18644068 0.18413598
 0.18465909 0.18518519 0.18571429 0.18624642 0.18678161 0.18731988
 0.18786127 0.1884058  0.18895349 0.18658892 0.1871345  0.18768328
 0.18823529 0.18879056 0.18934911 0.18991098 0.19047619 0.19104478
 0.19161677 0.19219219 0.19277108 0.19335347 0.19393939 0.19452888
 0.19207317 0.18960245 0.19018405 0.19076923 0.19135802 0.18885449
 0.18944099 0.19003115 0.190625   0.19122257 0.18867925 0.18611987
 0.18670886 0.18730159 0.18789809 0.18530351 0.18589744 0.18649518
 0.18709677 0.18446602 0.18506494 0.18566775 0.18627451 0.18688525
 0.1875     0.18811881 0.18874172 0.18936877 0.18666667 0.18729097
 0.18791946 0.18855219 0.18918919 0.18983051 0.19047619 0.19112628
 0.19178082 0.19243986 0.19310345 0.19377163 0.19444444 0.19512195
 0.19230769 0.19298246 0.19366197 0.19081272 0.19148936 0.19217082
 0.19285714 0.19354839 0.1942446  0.19494585 0.19565217 0.19636364
 0.19708029 0.1978022  0.19852941 0.19926199 0.2        0.20074349
 0.20149254 0.19850187 0.19548872 0.19245283 0.19318182 0.19391635
 0.19465649 0.1954023  0.19615385 0.1969112  0.19767442 0.19844358
 0.19921875 0.2        0.2007874  0.19762846 0.19444444 0.19521912
 0.196      0.19678715 0.19354839 0.19433198 0.19105691 0.19183673
 0.18852459 0.18930041 0.19008264 0.19087137 0.19166667 0.19246862
 0.19327731 0.19409283 0.19067797 0.19148936 0.19230769 0.19313305
 0.19396552 0.19480519 0.19565217 0.19650655 0.19298246 0.1938326
 0.19469027 0.19555556 0.19642857 0.19730942 0.1981982  0.19909502
 0.2        0.19634703 0.19724771 0.19815668 0.19444444 0.19534884
 0.19626168 0.1971831  0.19811321 0.19905213 0.2        0.20095694
 0.20192308 0.20289855 0.2038835  0.20487805 0.20588235 0.20689655
 0.2029703  0.2039801  0.205      0.20603015 0.20707071 0.20812183
 0.20918367 0.21025641 0.20618557 0.20725389 0.203125   0.20418848
 0.20526316 0.2010582  0.19680851 0.19786096 0.19892473 0.2
 0.20108696 0.20218579 0.2032967  0.19889503 0.2        0.20111732
 0.20224719 0.20338983 0.19886364 0.19428571 0.1954023  0.19653179
 0.19767442 0.19883041 0.19411765 0.19526627 0.19047619 0.19161677
 0.19277108 0.19393939 0.18902439 0.19018405 0.19135802 0.19254658
 0.19375    0.19496855 0.19620253 0.19745223 0.19871795 0.2
 0.2012987  0.20261438 0.20394737 0.20529801 0.20666667 0.20134228
 0.2027027  0.20408163 0.20547945 0.20689655 0.20833333 0.2027972
 0.20422535 0.20567376 0.20714286 0.20143885 0.20289855 0.20437956
 0.20588235 0.20740741 0.20149254 0.20300752 0.20454545 0.20610687
 0.20769231 0.20930233 0.203125   0.20472441 0.20634921 0.208
 0.20967742 0.21138211 0.21311475 0.21487603 0.21666667 0.21848739
 0.22033898 0.22222222 0.22413793 0.2173913  0.21929825 0.22123894
 0.22321429 0.22522523 0.22727273 0.22018349 0.22222222 0.22429907
 0.22641509 0.22857143 0.23076923 0.23300971 0.23529412 0.23762376
 0.24       0.24242424 0.24489796 0.24742268 0.23958333 0.24210526
 0.24468085 0.24731183 0.25       0.25274725 0.25555556 0.25842697
 0.26136364 0.26436782 0.26744186 0.27058824 0.27380952 0.27710843
 0.26829268 0.25925926 0.2625     0.25316456 0.25641026 0.24675325
 0.25       0.24       0.24324324 0.24657534 0.25       0.25352113
 0.25714286 0.26086957 0.26470588 0.26865672 0.27272727 0.27692308
 0.28125    0.28571429 0.29032258 0.29508197 0.28333333 0.28813559
 0.29310345 0.29824561 0.30357143 0.30909091 0.2962963  0.30188679
 0.30769231 0.31372549 0.32       0.32653061 0.3125     0.31914894
 0.32608696 0.31111111 0.31818182 0.3255814  0.33333333 0.31707317
 0.3        0.30769231 0.28947368 0.27027027 0.25       0.25714286
 0.23529412 0.24242424 0.25       0.25806452 0.26666667 0.27586207
 0.28571429 0.2962963  0.26923077 0.28       0.25       0.26086957
 0.27272727 0.23809524 0.25       0.26315789 0.27777778 0.23529412
 0.25       0.26666667 0.21428571 0.23076923 0.25       0.18181818
 0.2        0.22222222 0.25       0.28571429 0.33333333 0.4
 0.5        0.33333333 0.         0.         1.        ]","[1.         1.         1.         1.         0.99431818 0.99431818
 0.99431818 0.99431818 0.99431818 0.99431818 0.99431818 0.98863636
 0.98863636 0.98863636 0.98863636 0.98863636 0.98295455 0.98295455
 0.97727273 0.97727273 0.97159091 0.97159091 0.97159091 0.97159091
 0.96590909 0.96590909 0.96590909 0.96590909 0.96590909 0.96590909
 0.96590909 0.96590909 0.96590909 0.96590909 0.96590909 0.96590909
 0.96590909 0.96022727 0.96022727 0.96022727 0.96022727 0.96022727
 0.96022727 0.96022727 0.96022727 0.95454545 0.94886364 0.94886364
 0.94318182 0.94318182 0.94318182 0.94318182 0.94318182 0.9375
 0.9375     0.9375     0.9375     0.9375     0.93181818 0.93181818
 0.93181818 0.93181818 0.93181818 0.93181818 0.93181818 0.93181818
 0.93181818 0.93181818 0.92613636 0.92613636 0.92045455 0.92045455
 0.92045455 0.92045455 0.92045455 0.92045455 0.92045455 0.91477273
 0.91477273 0.91477273 0.91477273 0.91477273 0.91477273 0.91477273
 0.91477273 0.91477273 0.91477273 0.91477273 0.91477273 0.91477273
 0.91477273 0.91477273 0.90909091 0.90909091 0.90340909 0.90340909
 0.90340909 0.90340909 0.90340909 0.90340909 0.90340909 0.90340909
 0.89772727 0.89204545 0.89204545 0.89204545 0.89204545 0.89204545
 0.89204545 0.89204545 0.89204545 0.89204545 0.88636364 0.88636364
 0.88068182 0.875      0.875      0.875      0.875      0.86931818
 0.86363636 0.85795455 0.85227273 0.84659091 0.84659091 0.84659091
 0.84659091 0.84659091 0.84659091 0.84659091 0.84659091 0.84090909
 0.84090909 0.84090909 0.84090909 0.84090909 0.84090909 0.84090909
 0.84090909 0.84090909 0.84090909 0.84090909 0.84090909 0.84090909
 0.84090909 0.84090909 0.84090909 0.84090909 0.84090909 0.84090909
 0.84090909 0.84090909 0.83522727 0.83522727 0.83522727 0.83522727
 0.83522727 0.82954545 0.82954545 0.82954545 0.82954545 0.82386364
 0.82386364 0.82386364 0.82386364 0.82386364 0.82386364 0.82386364
 0.82386364 0.82386364 0.82386364 0.82386364 0.82386364 0.81818182
 0.81818182 0.8125     0.80681818 0.80681818 0.80113636 0.80113636
 0.79545455 0.79545455 0.79545455 0.79545455 0.79545455 0.79545455
 0.79545455 0.79545455 0.79545455 0.78977273 0.78977273 0.78977273
 0.78977273 0.78977273 0.78977273 0.78977273 0.78409091 0.78409091
 0.78409091 0.77840909 0.77272727 0.76704545 0.76704545 0.76704545
 0.76704545 0.76136364 0.76136364 0.76136364 0.76136364 0.76136364
 0.76136364 0.76136364 0.75568182 0.75568182 0.75568182 0.75568182
 0.75       0.75       0.75       0.75       0.75       0.75
 0.75       0.74431818 0.74431818 0.74431818 0.74431818 0.74431818
 0.73863636 0.73863636 0.73863636 0.73863636 0.73295455 0.73295455
 0.73295455 0.72727273 0.72727273 0.72727273 0.72727273 0.72727273
 0.72727273 0.72159091 0.71590909 0.71590909 0.71590909 0.71590909
 0.71590909 0.71590909 0.71590909 0.71590909 0.71590909 0.71590909
 0.71590909 0.71590909 0.71590909 0.71022727 0.70454545 0.70454545
 0.70454545 0.69886364 0.69318182 0.69318182 0.69318182 0.69318182
 0.69318182 0.69318182 0.69318182 0.69318182 0.69318182 0.69318182
 0.69318182 0.69318182 0.69318182 0.69318182 0.69318182 0.69318182
 0.69318182 0.69318182 0.69318182 0.69318182 0.69318182 0.6875
 0.68181818 0.68181818 0.68181818 0.68181818 0.68181818 0.68181818
 0.68181818 0.67613636 0.67045455 0.67045455 0.67045455 0.67045455
 0.67045455 0.67045455 0.67045455 0.67045455 0.67045455 0.67045455
 0.67045455 0.66477273 0.65909091 0.65909091 0.65340909 0.65340909
 0.65340909 0.65340909 0.65340909 0.65340909 0.65340909 0.64772727
 0.64772727 0.64772727 0.64204545 0.64204545 0.64204545 0.64204545
 0.63636364 0.63636364 0.63636364 0.63068182 0.625      0.625
 0.625      0.625      0.625      0.625      0.625      0.625
 0.625      0.625      0.625      0.625      0.61931818 0.61363636
 0.60795455 0.60795455 0.60795455 0.60795455 0.60795455 0.60795455
 0.60795455 0.60795455 0.60795455 0.60227273 0.59659091 0.59090909
 0.59090909 0.58522727 0.57954545 0.57954545 0.57954545 0.57954545
 0.57954545 0.57386364 0.57386364 0.57386364 0.57386364 0.56818182
 0.5625     0.5625     0.5625     0.5625     0.5625     0.5625
 0.5625     0.5625     0.55681818 0.55681818 0.55681818 0.55113636
 0.55113636 0.55113636 0.55113636 0.55113636 0.55113636 0.55113636
 0.55113636 0.54545455 0.54545455 0.54545455 0.54545455 0.54545455
 0.54545455 0.54545455 0.54545455 0.54545455 0.54545455 0.54545455
 0.54545455 0.54545455 0.54545455 0.54545455 0.54545455 0.54545455
 0.54545455 0.54545455 0.53977273 0.53977273 0.53977273 0.53977273
 0.53977273 0.53977273 0.53977273 0.53977273 0.53977273 0.53977273
 0.53977273 0.53409091 0.53409091 0.53409091 0.53409091 0.53409091
 0.53409091 0.53409091 0.53409091 0.52840909 0.52840909 0.52840909
 0.52840909 0.52840909 0.52272727 0.52272727 0.51704545 0.51704545
 0.51704545 0.51704545 0.51704545 0.51704545 0.51704545 0.51136364
 0.51136364 0.51136364 0.51136364 0.51136364 0.50568182 0.50568182
 0.50568182 0.50568182 0.50568182 0.50568182 0.50568182 0.50568182
 0.50568182 0.50568182 0.5        0.5        0.5        0.5
 0.5        0.49431818 0.49431818 0.48863636 0.48863636 0.48863636
 0.48863636 0.48863636 0.48863636 0.48863636 0.48863636 0.48863636
 0.48863636 0.48863636 0.48863636 0.48863636 0.48863636 0.48863636
 0.48863636 0.48863636 0.48863636 0.48863636 0.48863636 0.48863636
 0.48863636 0.48863636 0.48863636 0.48863636 0.48863636 0.48295455
 0.48295455 0.48295455 0.48295455 0.48295455 0.48295455 0.48295455
 0.48295455 0.48295455 0.48295455 0.48295455 0.48295455 0.47727273
 0.47727273 0.47727273 0.47159091 0.47159091 0.47159091 0.47159091
 0.47159091 0.47159091 0.47159091 0.47159091 0.46590909 0.46590909
 0.46590909 0.46590909 0.46590909 0.46590909 0.46590909 0.46590909
 0.46590909 0.46022727 0.45454545 0.45454545 0.45454545 0.45454545
 0.45454545 0.44886364 0.44886364 0.44318182 0.4375     0.43181818
 0.43181818 0.42613636 0.42613636 0.42613636 0.42613636 0.42613636
 0.42613636 0.42613636 0.42613636 0.42613636 0.42613636 0.42613636
 0.42613636 0.42613636 0.42613636 0.42613636 0.42613636 0.42613636
 0.42613636 0.42613636 0.42613636 0.42613636 0.42613636 0.42045455
 0.42045455 0.42045455 0.42045455 0.42045455 0.42045455 0.42045455
 0.42045455 0.42045455 0.42045455 0.41477273 0.41477273 0.41477273
 0.41477273 0.41477273 0.41477273 0.41477273 0.40909091 0.40340909
 0.40340909 0.40340909 0.40340909 0.40340909 0.40340909 0.40340909
 0.40340909 0.40340909 0.40340909 0.40340909 0.40340909 0.40340909
 0.40340909 0.40340909 0.40340909 0.39772727 0.39772727 0.39772727
 0.39772727 0.39772727 0.39772727 0.39772727 0.39204545 0.39204545
 0.39204545 0.39204545 0.39204545 0.39204545 0.39204545 0.39204545
 0.39204545 0.39204545 0.39204545 0.39204545 0.39204545 0.38636364
 0.38636364 0.38636364 0.38636364 0.38068182 0.38068182 0.38068182
 0.38068182 0.38068182 0.375      0.375      0.375      0.36931818
 0.36931818 0.36931818 0.36931818 0.36931818 0.36931818 0.36931818
 0.36931818 0.36931818 0.36931818 0.36363636 0.36363636 0.36363636
 0.36363636 0.36363636 0.36363636 0.36363636 0.36363636 0.36363636
 0.36363636 0.36363636 0.36363636 0.36363636 0.36363636 0.36363636
 0.35795455 0.35227273 0.35227273 0.35227273 0.35227273 0.34659091
 0.34659091 0.34659091 0.34659091 0.34659091 0.34090909 0.33522727
 0.33522727 0.33522727 0.33522727 0.32954545 0.32954545 0.32954545
 0.32954545 0.32386364 0.32386364 0.32386364 0.32386364 0.32386364
 0.32386364 0.32386364 0.32386364 0.32386364 0.31818182 0.31818182
 0.31818182 0.31818182 0.31818182 0.31818182 0.31818182 0.31818182
 0.31818182 0.31818182 0.31818182 0.31818182 0.31818182 0.31818182
 0.3125     0.3125     0.3125     0.30681818 0.30681818 0.30681818
 0.30681818 0.30681818 0.30681818 0.30681818 0.30681818 0.30681818
 0.30681818 0.30681818 0.30681818 0.30681818 0.30681818 0.30681818
 0.30681818 0.30113636 0.29545455 0.28977273 0.28977273 0.28977273
 0.28977273 0.28977273 0.28977273 0.28977273 0.28977273 0.28977273
 0.28977273 0.28977273 0.28977273 0.28409091 0.27840909 0.27840909
 0.27840909 0.27840909 0.27272727 0.27272727 0.26704545 0.26704545
 0.26136364 0.26136364 0.26136364 0.26136364 0.26136364 0.26136364
 0.26136364 0.26136364 0.25568182 0.25568182 0.25568182 0.25568182
 0.25568182 0.25568182 0.25568182 0.25568182 0.25       0.25
 0.25       0.25       0.25       0.25       0.25       0.25
 0.25       0.24431818 0.24431818 0.24431818 0.23863636 0.23863636
 0.23863636 0.23863636 0.23863636 0.23863636 0.23863636 0.23863636
 0.23863636 0.23863636 0.23863636 0.23863636 0.23863636 0.23863636
 0.23295455 0.23295455 0.23295455 0.23295455 0.23295455 0.23295455
 0.23295455 0.23295455 0.22727273 0.22727273 0.22159091 0.22159091
 0.22159091 0.21590909 0.21022727 0.21022727 0.21022727 0.21022727
 0.21022727 0.21022727 0.21022727 0.20454545 0.20454545 0.20454545
 0.20454545 0.20454545 0.19886364 0.19318182 0.19318182 0.19318182
 0.19318182 0.19318182 0.1875     0.1875     0.18181818 0.18181818
 0.18181818 0.18181818 0.17613636 0.17613636 0.17613636 0.17613636
 0.17613636 0.17613636 0.17613636 0.17613636 0.17613636 0.17613636
 0.17613636 0.17613636 0.17613636 0.17613636 0.17613636 0.17045455
 0.17045455 0.17045455 0.17045455 0.17045455 0.17045455 0.16477273
 0.16477273 0.16477273 0.16477273 0.15909091 0.15909091 0.15909091
 0.15909091 0.15909091 0.15340909 0.15340909 0.15340909 0.15340909
 0.15340909 0.15340909 0.14772727 0.14772727 0.14772727 0.14772727
 0.14772727 0.14772727 0.14772727 0.14772727 0.14772727 0.14772727
 0.14772727 0.14772727 0.14772727 0.14204545 0.14204545 0.14204545
 0.14204545 0.14204545 0.14204545 0.13636364 0.13636364 0.13636364
 0.13636364 0.13636364 0.13636364 0.13636364 0.13636364 0.13636364
 0.13636364 0.13636364 0.13636364 0.13636364 0.13068182 0.13068182
 0.13068182 0.13068182 0.13068182 0.13068182 0.13068182 0.13068182
 0.13068182 0.13068182 0.13068182 0.13068182 0.13068182 0.13068182
 0.125      0.11931818 0.11931818 0.11363636 0.11363636 0.10795455
 0.10795455 0.10227273 0.10227273 0.10227273 0.10227273 0.10227273
 0.10227273 0.10227273 0.10227273 0.10227273 0.10227273 0.10227273
 0.10227273 0.10227273 0.10227273 0.10227273 0.09659091 0.09659091
 0.09659091 0.09659091 0.09659091 0.09659091 0.09090909 0.09090909
 0.09090909 0.09090909 0.09090909 0.09090909 0.08522727 0.08522727
 0.08522727 0.07954545 0.07954545 0.07954545 0.07954545 0.07386364
 0.06818182 0.06818182 0.0625     0.05681818 0.05113636 0.05113636
 0.04545455 0.04545455 0.04545455 0.04545455 0.04545455 0.04545455
 0.04545455 0.04545455 0.03977273 0.03977273 0.03409091 0.03409091
 0.03409091 0.02840909 0.02840909 0.02840909 0.02840909 0.02272727
 0.02272727 0.02272727 0.01704545 0.01704545 0.01704545 0.01136364
 0.01136364 0.01136364 0.01136364 0.01136364 0.01136364 0.01136364
 0.01136364 0.00568182 0.         0.         0.        ]","[5.88747272e-04 7.91680803e-04 9.98048323e-04 2.00045616e-03
 2.18471364e-03 4.41141981e-03 4.91048577e-03 4.96456246e-03
 6.00624582e-03 8.60620495e-03 8.89728191e-03 9.33707394e-03
 1.09790386e-02 1.27369461e-02 1.33030513e-02 1.35579287e-02
 1.36234392e-02 1.64942927e-02 1.92777624e-02 2.01822824e-02
 2.23928864e-02 2.33591608e-02 2.61743601e-02 2.68869033e-02
 2.87719702e-02 2.87821099e-02 2.88181402e-02 2.92022410e-02
 3.08826437e-02 3.17959531e-02 3.21762326e-02 3.23075125e-02
 3.24508094e-02 3.26412803e-02 3.26452218e-02 3.29645941e-02
 3.48871169e-02 3.56833302e-02 3.63415430e-02 3.76657052e-02
 3.77091427e-02 3.90461282e-02 4.17900443e-02 4.28687817e-02
 4.31769318e-02 4.42884911e-02 4.52976488e-02 4.58208461e-02
 4.93297211e-02 5.06904644e-02 5.07710471e-02 5.32482894e-02
 5.33680501e-02 5.38406471e-02 5.40393129e-02 5.44603359e-02
 5.67860096e-02 5.70587637e-02 5.97943022e-02 6.05674675e-02
 6.29334474e-02 6.34464113e-02 6.47250371e-02 6.72476403e-02
 6.74029952e-02 6.84152779e-02 6.89088719e-02 6.90548948e-02
 6.93895503e-02 7.10119112e-02 7.11983031e-02 7.35994090e-02
 7.71617056e-02 7.74187269e-02 7.94572020e-02 7.94661470e-02
 8.01338788e-02 8.36557340e-02 8.62225687e-02 8.67336888e-02
 8.85228154e-02 8.92089345e-02 8.95482060e-02 8.98415118e-02
 9.09773931e-02 9.30244326e-02 9.38740657e-02 9.41592083e-02
 9.62959714e-02 9.73699394e-02 9.79879840e-02 9.89521399e-02
 9.94668759e-02 1.00704869e-01 1.01513393e-01 1.03366401e-01
 1.05223383e-01 1.06258271e-01 1.08276316e-01 1.08667136e-01
 1.09437910e-01 1.11462183e-01 1.11552673e-01 1.12011204e-01
 1.13041034e-01 1.14159826e-01 1.15109343e-01 1.15895943e-01
 1.16999331e-01 1.20486951e-01 1.20536229e-01 1.20989630e-01
 1.22551961e-01 1.23193528e-01 1.25414265e-01 1.25469111e-01
 1.27817783e-01 1.29459965e-01 1.29561953e-01 1.31096565e-01
 1.32255645e-01 1.32788936e-01 1.33014527e-01 1.35532325e-01
 1.36397373e-01 1.36834404e-01 1.38941194e-01 1.41607428e-01
 1.42599259e-01 1.44525885e-01 1.44716690e-01 1.49336298e-01
 1.51422060e-01 1.51740254e-01 1.52683019e-01 1.53375356e-01
 1.54588702e-01 1.58166831e-01 1.58613308e-01 1.58615799e-01
 1.58678343e-01 1.59071254e-01 1.59986412e-01 1.60477625e-01
 1.61269555e-01 1.61817685e-01 1.62424277e-01 1.65405510e-01
 1.68712909e-01 1.68964657e-01 1.70030201e-01 1.70220467e-01
 1.71074687e-01 1.72485200e-01 1.72493037e-01 1.72650974e-01
 1.73139368e-01 1.74624375e-01 1.74966582e-01 1.75221169e-01
 1.75383950e-01 1.75526353e-01 1.77498223e-01 1.77513498e-01
 1.78022373e-01 1.78128149e-01 1.78454463e-01 1.81589059e-01
 1.83190733e-01 1.84267092e-01 1.85208034e-01 1.86637641e-01
 1.86920197e-01 1.87209980e-01 1.91413997e-01 1.91985600e-01
 1.92196762e-01 1.92208665e-01 1.93062672e-01 1.93150876e-01
 1.93275461e-01 1.93814757e-01 1.97763360e-01 1.98283251e-01
 1.98953334e-01 1.99272585e-01 1.99443234e-01 2.01246101e-01
 2.02034007e-01 2.02494792e-01 2.03955470e-01 2.06262648e-01
 2.07430235e-01 2.09562918e-01 2.11475236e-01 2.12671636e-01
 2.13999235e-01 2.14122828e-01 2.15684814e-01 2.18104457e-01
 2.18545743e-01 2.22827487e-01 2.22903501e-01 2.23542166e-01
 2.23722314e-01 2.24250819e-01 2.24494930e-01 2.26268369e-01
 2.26626930e-01 2.26641429e-01 2.27712830e-01 2.29516852e-01
 2.29558837e-01 2.31587246e-01 2.31612553e-01 2.33249855e-01
 2.36572460e-01 2.37418522e-01 2.37546843e-01 2.37723231e-01
 2.38820658e-01 2.39547534e-01 2.40688579e-01 2.41058667e-01
 2.41776893e-01 2.43236211e-01 2.49242548e-01 2.51083119e-01
 2.52243989e-01 2.52908943e-01 2.53832096e-01 2.54192159e-01
 2.54591328e-01 2.55318220e-01 2.57849868e-01 2.58097561e-01
 2.58876492e-01 2.59212706e-01 2.59516646e-01 2.60374520e-01
 2.63178707e-01 2.63642421e-01 2.64307755e-01 2.66924297e-01
 2.67423575e-01 2.67599783e-01 2.67731695e-01 2.68087222e-01
 2.68203783e-01 2.69167234e-01 2.70801157e-01 2.71140105e-01
 2.72670351e-01 2.74359196e-01 2.76107723e-01 2.77967585e-01
 2.79425533e-01 2.79873636e-01 2.80423758e-01 2.80641559e-01
 2.85283195e-01 2.85532518e-01 2.86373750e-01 2.86693167e-01
 2.88414452e-01 2.89715206e-01 2.91208858e-01 2.91773980e-01
 2.92052916e-01 2.93540151e-01 2.93759946e-01 2.94608304e-01
 2.94854165e-01 2.95195107e-01 2.98218708e-01 2.99023629e-01
 2.99043221e-01 2.99752707e-01 3.01025792e-01 3.01130084e-01
 3.01177232e-01 3.03100803e-01 3.04452509e-01 3.04486801e-01
 3.06013488e-01 3.06546036e-01 3.07521120e-01 3.08909073e-01
 3.08922089e-01 3.10395749e-01 3.10803009e-01 3.12030281e-01
 3.13091634e-01 3.15186990e-01 3.15988267e-01 3.17470285e-01
 3.18814330e-01 3.19601387e-01 3.24613648e-01 3.24872026e-01
 3.24942114e-01 3.26507051e-01 3.26633985e-01 3.26899602e-01
 3.27088034e-01 3.29453614e-01 3.29467502e-01 3.29491202e-01
 3.29720535e-01 3.30130456e-01 3.30178787e-01 3.30247859e-01
 3.30403574e-01 3.30567671e-01 3.30687043e-01 3.31026722e-01
 3.31367441e-01 3.33813583e-01 3.34082566e-01 3.34840427e-01
 3.35116682e-01 3.35232618e-01 3.36155601e-01 3.37288318e-01
 3.38754497e-01 3.38831583e-01 3.39598791e-01 3.41180320e-01
 3.42419687e-01 3.42487496e-01 3.43358752e-01 3.43383237e-01
 3.43534303e-01 3.44745600e-01 3.44843045e-01 3.46317504e-01
 3.47855169e-01 3.49456736e-01 3.49930938e-01 3.50523306e-01
 3.52134485e-01 3.52540676e-01 3.53816409e-01 3.56538691e-01
 3.56670011e-01 3.57257590e-01 3.58715762e-01 3.59051126e-01
 3.60336962e-01 3.60569435e-01 3.60917432e-01 3.62232611e-01
 3.65582294e-01 3.66741496e-01 3.66844215e-01 3.67286780e-01
 3.67830083e-01 3.68139027e-01 3.68343013e-01 3.70171476e-01
 3.73150240e-01 3.74427003e-01 3.75313927e-01 3.75400319e-01
 3.76326864e-01 3.79436597e-01 3.79964041e-01 3.80028764e-01
 3.82013208e-01 3.82846582e-01 3.82925818e-01 3.83133864e-01
 3.83187209e-01 3.85553314e-01 3.87622451e-01 3.88052101e-01
 3.88476144e-01 3.89074123e-01 3.89631263e-01 3.89679701e-01
 3.93862522e-01 3.94507388e-01 3.94730659e-01 3.94760810e-01
 3.95128502e-01 3.95350861e-01 3.95492810e-01 3.95966394e-01
 3.95973065e-01 3.97738321e-01 3.98162828e-01 3.98904493e-01
 4.02569868e-01 4.03809389e-01 4.04291873e-01 4.04585609e-01
 4.04745627e-01 4.06040539e-01 4.06160350e-01 4.08862249e-01
 4.09167099e-01 4.09508367e-01 4.10530075e-01 4.11291389e-01
 4.11629030e-01 4.12507668e-01 4.12864949e-01 4.16308065e-01
 4.17570512e-01 4.18468368e-01 4.20668566e-01 4.21862324e-01
 4.24576821e-01 4.26188160e-01 4.26361956e-01 4.26973583e-01
 4.27309199e-01 4.27631925e-01 4.28396097e-01 4.29406204e-01
 4.29653330e-01 4.31479965e-01 4.31892794e-01 4.35452194e-01
 4.36624957e-01 4.37759663e-01 4.40011392e-01 4.43019215e-01
 4.44053397e-01 4.44450010e-01 4.45237430e-01 4.46353286e-01
 4.49697636e-01 4.51488612e-01 4.52200570e-01 4.52548258e-01
 4.53012140e-01 4.53243110e-01 4.53704623e-01 4.54566969e-01
 4.55078759e-01 4.55671391e-01 4.55741230e-01 4.59064910e-01
 4.60606873e-01 4.61249659e-01 4.65925288e-01 4.66165336e-01
 4.67383424e-01 4.67916537e-01 4.68711470e-01 4.70052639e-01
 4.71120105e-01 4.72446986e-01 4.73506726e-01 4.74719144e-01
 4.76907944e-01 4.78421562e-01 4.79224503e-01 4.82165758e-01
 4.83078462e-01 4.84749242e-01 4.85418976e-01 4.85887706e-01
 4.86614524e-01 4.87633253e-01 4.88776995e-01 4.88821825e-01
 4.94304373e-01 4.94504258e-01 4.96345857e-01 4.99648587e-01
 5.00468406e-01 5.01329220e-01 5.01728921e-01 5.02030593e-01
 5.02333565e-01 5.02654546e-01 5.02660968e-01 5.03239551e-01
 5.03918798e-01 5.04057615e-01 5.04734717e-01 5.04775086e-01
 5.04944046e-01 5.05724827e-01 5.09801299e-01 5.12520041e-01
 5.15683287e-01 5.15722523e-01 5.15861073e-01 5.16010361e-01
 5.16805867e-01 5.18153123e-01 5.18216648e-01 5.19401669e-01
 5.19941692e-01 5.21232295e-01 5.22310010e-01 5.22451369e-01
 5.23052381e-01 5.23849850e-01 5.24258947e-01 5.24891602e-01
 5.26945711e-01 5.27460896e-01 5.28121822e-01 5.28559687e-01
 5.29951200e-01 5.30905180e-01 5.32316120e-01 5.36239039e-01
 5.36998946e-01 5.41083036e-01 5.41308434e-01 5.42234618e-01
 5.42764829e-01 5.42802708e-01 5.42965272e-01 5.44532689e-01
 5.47222474e-01 5.47528031e-01 5.47874619e-01 5.48955385e-01
 5.49759500e-01 5.50032607e-01 5.50512919e-01 5.52193610e-01
 5.54076799e-01 5.54132272e-01 5.54333575e-01 5.55148278e-01
 5.55662828e-01 5.56485133e-01 5.57550724e-01 5.58460980e-01
 5.59095245e-01 5.59274609e-01 5.60622163e-01 5.62031801e-01
 5.62708135e-01 5.62986501e-01 5.62995760e-01 5.63382235e-01
 5.66841117e-01 5.68179689e-01 5.68894667e-01 5.69416805e-01
 5.69713250e-01 5.69804113e-01 5.70195313e-01 5.70848944e-01
 5.71245319e-01 5.72183114e-01 5.72940459e-01 5.73717026e-01
 5.73881637e-01 5.74401392e-01 5.74706099e-01 5.75041682e-01
 5.77799484e-01 5.79054277e-01 5.80480545e-01 5.80867777e-01
 5.81625874e-01 5.81918473e-01 5.83102701e-01 5.83348102e-01
 5.86286787e-01 5.86606768e-01 5.88960125e-01 5.89717946e-01
 5.90264710e-01 5.91932546e-01 5.93309901e-01 5.93552202e-01
 5.93700475e-01 5.94555891e-01 5.95511012e-01 5.96031376e-01
 5.96236302e-01 5.99230712e-01 6.00289683e-01 6.02995945e-01
 6.03533859e-01 6.07575489e-01 6.09095821e-01 6.10752491e-01
 6.11774711e-01 6.12873731e-01 6.12919819e-01 6.17266507e-01
 6.18050963e-01 6.19952045e-01 6.20699309e-01 6.21312348e-01
 6.24043852e-01 6.24568265e-01 6.27988772e-01 6.28185910e-01
 6.29117729e-01 6.29210363e-01 6.29963542e-01 6.30463156e-01
 6.31239631e-01 6.32740774e-01 6.33249453e-01 6.34677940e-01
 6.36026595e-01 6.36521645e-01 6.37778828e-01 6.38709099e-01
 6.39170344e-01 6.40009455e-01 6.40354860e-01 6.42004098e-01
 6.42710670e-01 6.43723673e-01 6.45251531e-01 6.45722186e-01
 6.46242283e-01 6.48448219e-01 6.50335043e-01 6.50528669e-01
 6.51113883e-01 6.51711756e-01 6.51719349e-01 6.52746273e-01
 6.52760674e-01 6.56615409e-01 6.57436218e-01 6.57977659e-01
 6.59261002e-01 6.59939065e-01 6.62929964e-01 6.64733862e-01
 6.65013180e-01 6.65371646e-01 6.66452244e-01 6.67319383e-01
 6.67878613e-01 6.71367144e-01 6.71607253e-01 6.73435564e-01
 6.73881153e-01 6.73965679e-01 6.74626377e-01 6.75703103e-01
 6.76316018e-01 6.76351789e-01 6.78979540e-01 6.79038556e-01
 6.79078230e-01 6.79559281e-01 6.80013258e-01 6.80614686e-01
 6.85755625e-01 6.88235899e-01 6.88852141e-01 6.90039410e-01
 6.90340297e-01 6.90782511e-01 6.95865287e-01 6.96176468e-01
 6.96264791e-01 6.97322517e-01 6.98203330e-01 6.98270071e-01
 6.98950921e-01 6.99105720e-01 6.99230752e-01 7.00100239e-01
 7.01019198e-01 7.01282517e-01 7.01851631e-01 7.01876527e-01
 7.02008773e-01 7.04373877e-01 7.05314214e-01 7.07324705e-01
 7.09719136e-01 7.10090811e-01 7.10608319e-01 7.12011990e-01
 7.12270472e-01 7.13062448e-01 7.13192649e-01 7.13294897e-01
 7.13620045e-01 7.15005582e-01 7.17261534e-01 7.17614356e-01
 7.18920328e-01 7.19070237e-01 7.19389249e-01 7.21533157e-01
 7.21608722e-01 7.21714962e-01 7.22292594e-01 7.23017772e-01
 7.23067596e-01 7.26504863e-01 7.26849221e-01 7.27389499e-01
 7.28441095e-01 7.31217147e-01 7.31995968e-01 7.33422477e-01
 7.33578061e-01 7.34545484e-01 7.35025300e-01 7.37253426e-01
 7.37914573e-01 7.38773807e-01 7.40411065e-01 7.40413735e-01
 7.40533054e-01 7.41946459e-01 7.42840537e-01 7.44080342e-01
 7.46451156e-01 7.46909185e-01 7.47842732e-01 7.49329507e-01
 7.50486998e-01 7.51725163e-01 7.52182020e-01 7.52324937e-01
 7.53536491e-01 7.54880085e-01 7.55423299e-01 7.55638063e-01
 7.56426800e-01 7.61232276e-01 7.63650767e-01 7.64108401e-01
 7.65555107e-01 7.66923789e-01 7.67062882e-01 7.68283479e-01
 7.69462460e-01 7.69498155e-01 7.70168198e-01 7.75411600e-01
 7.75618492e-01 7.76063960e-01 7.76542912e-01 7.76975606e-01
 7.79992329e-01 7.82425795e-01 7.84460513e-01 7.85417043e-01
 7.85529324e-01 7.88847418e-01 7.89375415e-01 7.89686104e-01
 7.91049088e-01 7.91623874e-01 7.91827178e-01 7.92389637e-01
 7.92598059e-01 7.93074386e-01 7.93182546e-01 7.95504975e-01
 7.96183486e-01 7.96661094e-01 7.96939838e-01 7.99790696e-01
 7.99846669e-01 7.99922262e-01 8.00882083e-01 8.01808814e-01
 8.05096379e-01 8.05159920e-01 8.05248878e-01 8.06227614e-01
 8.06392820e-01 8.06830458e-01 8.06858869e-01 8.07743546e-01
 8.08099980e-01 8.08870669e-01 8.09014776e-01 8.09022507e-01
 8.09220000e-01 8.09438206e-01 8.09754375e-01 8.09838356e-01
 8.10223673e-01 8.10969351e-01 8.11624805e-01 8.15221743e-01
 8.15269931e-01 8.16652300e-01 8.17845814e-01 8.20430959e-01
 8.22036577e-01 8.22663206e-01 8.22857946e-01 8.24179669e-01
 8.24993729e-01 8.25803750e-01 8.26327875e-01 8.26496156e-01
 8.27079522e-01 8.27404984e-01 8.27934084e-01 8.28595853e-01
 8.28864863e-01 8.29335350e-01 8.29413915e-01 8.30035036e-01
 8.31740545e-01 8.32535234e-01 8.32939599e-01 8.32942940e-01
 8.33902311e-01 8.35206233e-01 8.36379545e-01 8.37633120e-01
 8.39641389e-01 8.40668830e-01 8.40691399e-01 8.44252156e-01
 8.44938912e-01 8.44993313e-01 8.46561590e-01 8.48412731e-01
 8.48991184e-01 8.50166271e-01 8.50227720e-01 8.50355128e-01
 8.51107279e-01 8.52115449e-01 8.54233738e-01 8.54629507e-01
 8.55499076e-01 8.56967709e-01 8.58758029e-01 8.59349676e-01
 8.59487744e-01 8.64563341e-01 8.65539629e-01 8.65566017e-01
 8.65629705e-01 8.65887429e-01 8.66292916e-01 8.66936392e-01
 8.68096285e-01 8.68641352e-01 8.69175096e-01 8.69344797e-01
 8.69961394e-01 8.71241310e-01 8.71611306e-01 8.72173261e-01
 8.78342752e-01 8.79839386e-01 8.80212454e-01 8.83286383e-01
 8.84943830e-01 8.85177425e-01 8.86552250e-01 8.87356661e-01
 8.87628817e-01 8.88325151e-01 8.88452010e-01 8.89576224e-01
 8.90119286e-01 8.91067906e-01 8.91107512e-01 8.91279601e-01
 8.91499729e-01 8.91647782e-01 8.93361429e-01 8.94530225e-01
 8.97100632e-01 8.99499596e-01 9.00302402e-01 9.01995179e-01
 9.03885299e-01 9.04471598e-01 9.05247350e-01 9.07650863e-01
 9.07869976e-01 9.08442012e-01 9.14559935e-01 9.14944886e-01
 9.15479538e-01 9.15886211e-01 9.16513993e-01 9.16818518e-01
 9.16861155e-01 9.17304222e-01 9.17345815e-01 9.19798346e-01
 9.20153036e-01 9.20535890e-01 9.21338220e-01 9.22627973e-01
 9.22826155e-01 9.25153884e-01 9.25959732e-01 9.26702389e-01
 9.27884926e-01 9.28391033e-01 9.28524574e-01 9.28787626e-01
 9.31323695e-01 9.33968299e-01 9.34133390e-01 9.34344318e-01
 9.34372022e-01 9.35248666e-01 9.38672089e-01 9.40733285e-01
 9.43154015e-01 9.43971412e-01 9.46310120e-01 9.49246512e-01
 9.49554225e-01 9.49970906e-01 9.53028579e-01 9.55476960e-01
 9.56262152e-01 9.56288432e-01 9.56648415e-01 9.57112626e-01
 9.58592210e-01 9.64216558e-01 9.65155460e-01 9.66263491e-01
 9.67083791e-01 9.67089636e-01 9.68179571e-01 9.69475636e-01
 9.71890172e-01 9.72630521e-01 9.73075759e-01 9.73229097e-01
 9.74027002e-01 9.74551099e-01 9.74950117e-01 9.75502558e-01
 9.76614433e-01 9.76653095e-01 9.77022984e-01 9.78843263e-01
 9.78922225e-01 9.79833860e-01 9.80407002e-01 9.83720938e-01
 9.83800362e-01 9.84084754e-01 9.85313477e-01 9.87764653e-01
 9.89875133e-01 9.91601486e-01 9.93004742e-01 9.93107257e-01
 9.93506305e-01 9.93892442e-01 9.97668680e-01 9.99440957e-01]"
