project_key,usability_label,Model,feature_importance,accuracy,confusion_matrix,classification_report,area_under_pre_recall_curve,avg_precision,area_under_roc_curve,y_pred,precision,recall,thresholds
Hyperledger,is_change_text_num_words_5,RF,"BERT_10_instability                       0.160448
BERT_5_instability                        0.159780
BERT_15_instability                       0.090370
BERT_20_instability                       0.059699
len_sum_desc                              0.030245
len_description                           0.028382
num_words                                 0.026927
6                                         0.025809
avg_word_len                              0.023525
ratio_unusable_issues_text_by_previous    0.023108
14                                        0.022937
8                                         0.022826
avg_num_word_in_sentence                  0.022375
2                                         0.021920
1                                         0.021432
3                                         0.021278
7                                         0.019979
num_sentences                             0.019306
4                                         0.019154
10                                        0.018897
11                                        0.018493
0                                         0.018181
9                                         0.017306
num_stopwords                             0.017214
5                                         0.016634
num_issues_cretor_prev                    0.016524
12                                        0.016240
13                                        0.015883
time_until_add_sprint                     0.007995
original_story_points_sprint              0.007211
dominant_topic_1                          0.002748
relates                                   0.001314
has_acceptance_criteria                   0.001174
num_headlines                             0.001124
block_by                                  0.000864
num_changes_text_before_sprint            0.000581
has_url                                   0.000575
block                                     0.000495
num_question_marks                        0.000451
num_changes_story_point_before_sprint     0.000376
duplicate                                 0.000099
has_please                                0.000068
duplicate_by                              0.000051
has_template                              0.000000
if_acceptance_empty_tbd                   0.000000
len_acceptance                            0.000000
has_tbd                                   0.000000
num_comments_before_sprint                0.000000
if_description_empty_tbd                  0.000000
priority                                  0.000000
noun_count                                0.000000
verb_count                                0.000000
adj_count                                 0.000000
has_code                                  0.000000
pron_count                                0.000000
adv_count                                 0.000000
dtype: float64",0.5591286307053942,"[[243.44670051 238.55329949]
 [ 95.85227273 386.14772727]]","              precision    recall  f1-score   support

           0       0.72      0.51      0.59 481.99999999999716
           1       0.62      0.80      0.70 482.00000000000125

    accuracy                           0.65 963.9999999999984
   macro avg       0.67      0.65      0.65 963.9999999999984
weighted avg       0.67      0.65      0.65 963.9999999999984
",0.5917340598083684,0.5965959614272514,0.654447392708814,"[1 1 1 1 0 1 0 0 1 1 1 1 1 0 1 0 1 1 1 0 0 0 0 0 0 0 0 1 0 0 0 0 0 0 0 0 0
 1 0 0 0 0 0 0 1 1 0 0 0 0 1 0 1 0 0 0 0 1 1 0 1 0 1 0 0 0 1 0 0 0 0 0 1 1
 0 1 1 1 0 0 0 1 0 0 1 1 1 0 1 1 1 0 1 1 0 0 0 0 0 0 0 1 0 1 1 0 0 1 0 0 0
 1 1 0 1 1 1 0 0 0 1 1 0 0 1 0 0 0 0 0 0 1 0 0 1 1 0 1 0 1 0 1 1 0 1 1 0 0
 1 0 0 0 0 0 1 1 1 1 1 0 0 0 0 1 0 0 0 0 0 0 0 0 0 1 1 1 1 1 0 0 1 0 0 1 0
 1 1 1 1 0 0 0 0 0 1 1 1 1 0 1 1 1 0 0 0 0 1 1 1 1 1 1 1 0 0 1 1 0 0 0 0 0
 0 1 1 0 0 1 0 1 0 0 1 1 0 1 1 1 1 0 1 0 1 0 1 1 1 1 1 1 1 1 1 0 1 0 1 0 1
 0 1 1 1 1 1 1 1 1 1 1 0 0 1 1 0 1 1 1 1 1 0 1 0 1 1 1 1 0 0 0 1 1 1 1 1 1
 1 1 0 1 0 0 1 1 1 0 0 0 1 0 0 1 0 0 0 0 1 0 0 0 0 1 1 1 1 0 1 0 0 0 0 1 1
 1 0 0 1 0 1 1 1 1 1 1 1 0 1 1 1 1 1 1 1 1 1 0 1 0 1 1 1 1 1 0 1 1 0 1 1 0
 0 0 0 0 1 1 1 1 1 1 1 0 1 1 1 0 1 1 0 1 0 0 0 0 1 0 0 1 0 0 0 0 1 1 1 1 1
 1 1 1 1 1 1 1 1 1 1 1 1 0 1 1 1 0 1 1 1 1 0 1 1 0 0 0 0 1 1 0 1 1 0 1 0 0
 0 1 1 1 1 1 1 1 0 0 1 1 1 1 0 1 0 1 1 1 0 1 1 1 1 1 0 0 0 0 1 1 0 0 1 1 0
 1 1 1 1 1 1 1 0 1 1 0 0 1 1 0 1 1 1 0 0 0 0 1 0 1 0 1 0 1 1 0 0 0 0 0 1 1
 0 1 1 1 0 1 0 1 0 1 1 1 1 0 0 1 1 0 0 0 1 0 1 0 0 1 0 1 0 1 1 0 1 1 1 0 1
 0 0 1 1 1 0 1 0 0 1 0 0 1 1 1 1 0 1 0 1 1 1 1 1 1 1 1 1 1 1 1 1 1 1 1 1 1
 1 1 1 1 1 1 1 0 1 0 0 1 1 1 0 0 1 0 1 1 1 1 0 1 1 0 1 0 0 1 1 1 0 0 1 1 0
 0 1 1 0 0 0 0 1 0 1 0 0 1 0 1 0 1 1 0 1 0 1 1 1 1 1 0 1 0 1 1 1 1 1 0 1 1
 1 0 1 0 1 0 1 1 0 0 1 1 0 1 0 0 0 1 0 1 1 0 1 1 0 1 1 1 0 1 0 0 0 1 1 1 1
 1 1 1 1 1 0 1 1 1 0 1 1 1 1 1 1 0 0 1 0 1 0 0 0 0 0 0 0 1 1 1 0 0 0 1 1 1
 1 1 1 0 0 1 1 1 1 1 0 0 0 0 0 1 0 1 1 0 1 0 0 1 0 1 0 0 0 1 1 1 1 1 1 0 0
 1 1 0 1 0 1 1 1 1 1 1 0 0 1 1 0 0 0 0 0 1 0 1 0 1 1 0 1 1 1 0 1 0 0 0 0 1
 1 0 0 0 0 1 0 0 0 0 0 0 1 0 1 0 0 1 0 0 1 0 0 0 1 0 0 0 0 0 0 1 1 0 0 1 1
 1 1 0 1 1 1 1 1 1 0 0 1 1 0 0 0 0 0 1 1 1 1 0 0 0 0 0 0 1 1 1 0 0 1 1 1 0
 0 0 1 1 0 0 0 1 0 0 0 0 1 1 1 0 1 0 1 1 0 1 1 1 1 1 0 0 1 1 1 1 0 0 1 1 1
 1 1 1 0 1 0 1 1 0 0 0 1 0 0 0 0 1 1 1 1 0 0 1 1 1 1 0 1 1 1 1 0 0 0 0 0 1
 0 0]","[0.5        0.50031746 0.50063532 0.50095359 0.50127226 0.50159134
 0.50191083 0.50223072 0.50255102 0.50287173 0.50319285 0.50351438
 0.50383632 0.50415867 0.50448143 0.50480461 0.50512821 0.50545221
 0.50577664 0.50610148 0.50642674 0.50675241 0.50707851 0.50740502
 0.50773196 0.50805932 0.5083871  0.5087153  0.50904393 0.50937298
 0.50970246 0.51003236 0.51036269 0.51069345 0.51102464 0.51135626
 0.51168831 0.51202079 0.51235371 0.51268705 0.51302083 0.51335505
 0.5136897  0.51402479 0.51436031 0.51469628 0.51503268 0.51536952
 0.51570681 0.51604453 0.5163827  0.51672131 0.51706037 0.51739987
 0.51773982 0.51808021 0.51842105 0.51876234 0.51910408 0.51944628
 0.51978892 0.52013201 0.52047556 0.52081956 0.52116402 0.52150893
 0.5218543  0.52043235 0.52077826 0.52112463 0.52147146 0.52181876
 0.52216652 0.52251474 0.52286343 0.52321258 0.5235622  0.52391228
 0.52426284 0.52461386 0.52496536 0.52531732 0.52566976 0.52424066
 0.52459368 0.52494717 0.52530113 0.52565557 0.5260105  0.52457326
 0.52492876 0.52528475 0.52564122 0.52599818 0.52635562 0.52671355
 0.52707196 0.52743086 0.52779025 0.52815013 0.52851051 0.52887137
 0.52923273 0.52959458 0.52995693 0.53031977 0.53068311 0.52923904
 0.529603   0.52996747 0.53033244 0.53069791 0.53106388 0.53143036
 0.53179735 0.53216484 0.53253285 0.53290136 0.53327038 0.53363991
 0.53400996 0.53438052 0.53475159 0.53512318 0.53367235 0.53404461
 0.53441739 0.53479068 0.5351645  0.53553885 0.53591371 0.5362891
 0.53666502 0.53704147 0.53741844 0.53779594 0.53817398 0.53671592
 0.53709465 0.53747392 0.53785372 0.53823407 0.53861494 0.53899636
 0.53937832 0.53976082 0.54014387 0.54052745 0.54091159 0.54129627
 0.54168149 0.54206727 0.54245359 0.54284047 0.5432279  0.54361588
 0.54400442 0.54439351 0.54478316 0.54517337 0.54556414 0.54595546
 0.54634735 0.5467398  0.54713282 0.5475264  0.54792055 0.54831527
 0.5468537  0.54724921 0.54764529 0.54804194 0.54843917 0.54883698
 0.54923536 0.54776564 0.5462863  0.54668572 0.54708572 0.54748631
 0.54788749 0.54828925 0.54869161 0.54909455 0.54949809 0.54990222
 0.55030694 0.55071227 0.55111818 0.5515247  0.55193182 0.55233954
 0.55274786 0.55315679 0.55356632 0.55397646 0.55438721 0.55479856
 0.55521053 0.55562311 0.5541397  0.55455316 0.55496725 0.55538195
 0.55579727 0.55621322 0.55662979 0.55513808 0.55555556 0.55597366
 0.55639239 0.55681176 0.55723176 0.55765239 0.55807365 0.55657387
 0.55699607 0.55741891 0.55784239 0.55633327 0.55675769 0.55718277
 0.55760849 0.55803486 0.55846189 0.55888957 0.5593179  0.55974689
 0.56017654 0.56060685 0.56103783 0.56146946 0.56190176 0.56233473
 0.56276836 0.56320267 0.56363764 0.56212351 0.56255949 0.56103515
 0.56147215 0.56190982 0.56234819 0.56278723 0.56322696 0.56366738
 0.56410849 0.56455029 0.56301801 0.56346085 0.56390439 0.56434864
 0.56479358 0.56523922 0.56568557 0.56613262 0.56658039 0.56702886
 0.56548898 0.56593853 0.5663888  0.56683979 0.56529004 0.56574212
 0.56619493 0.56664846 0.56710272 0.56755771 0.56599872 0.56645483
 0.56691167 0.56736925 0.56782757 0.56828663 0.56874644 0.56920699
 0.56966828 0.57013032 0.57059312 0.57105666 0.57152096 0.57198602
 0.57042097 0.5708872  0.57135421 0.57182197 0.5722905  0.5727598
 0.57322987 0.57370072 0.57417233 0.57464473 0.57307209 0.57354571
 0.57402011 0.5724367  0.57291234 0.57338877 0.573866   0.57434402
 0.57482284 0.57530246 0.57578288 0.5762641  0.57674613 0.57722897
 0.57771261 0.57819706 0.57868233 0.57916842 0.57965532 0.58014304
 0.58063158 0.58112094 0.58161113 0.58210215 0.582594   0.58100892
 0.58150213 0.58199618 0.58249106 0.58298679 0.58348336 0.58398078
 0.58447905 0.58497817 0.58547814 0.58597896 0.58648065 0.58698319
 0.58539256 0.58589653 0.58640138 0.5869071  0.58741368 0.58792115
 0.58842949 0.58893871 0.58944882 0.58995981 0.59047168 0.59098445
 0.5914981  0.59201265 0.5925281  0.59304444 0.59356169 0.59407983
 0.59459889 0.59511885 0.59563972 0.5961615  0.59457137 0.59509472
 0.59561901 0.59614421 0.59667034 0.59719741 0.5977254  0.59825433
 0.59878419 0.599315   0.59984675 0.60037944 0.59878419 0.59931854
 0.59985384 0.6003901  0.60092732 0.6014655  0.59986103 0.60040091
 0.60094175 0.60148358 0.60202638 0.60257016 0.60311492 0.60366067
 0.60420741 0.60475514 0.60530386 0.60585358 0.60424438 0.602622
 0.60317427 0.60372756 0.60428187 0.60264845 0.60320456 0.60155839
 0.60211631 0.60267527 0.60323528 0.60157774 0.60213958 0.60270247
 0.60326642 0.60383142 0.60439748 0.6049646  0.60553279 0.60610204
 0.60667237 0.60724377 0.60781625 0.60838981 0.60896445 0.60954018
 0.610117   0.61069491 0.61127392 0.61185402 0.61243523 0.61301755
 0.61360097 0.6141855  0.61477115 0.61535792 0.61594581 0.61653482
 0.61712496 0.61771623 0.61830863 0.61890217 0.61725717 0.61785283
 0.61844965 0.61679234 0.6173913  0.61572052 0.61632164 0.61692393
 0.6175274  0.61813205 0.61873789 0.61934491 0.61995313 0.62056254
 0.6188852  0.61949686 0.62010972 0.6207238  0.6190347  0.61965106
 0.62026865 0.61856655 0.61918644 0.61980758 0.62042996 0.62105359
 0.62167848 0.62230463 0.62293204 0.62356071 0.62419066 0.62482188
 0.62545438 0.6237491  0.62438404 0.62502026 0.62330169 0.6215673
 0.62220715 0.62045786 0.62110018 0.62174384 0.62238883 0.62062676
 0.62127428 0.61949686 0.6201469  0.6183539  0.6190065  0.61719767
 0.61537158 0.61602793 0.61668568 0.61734483 0.6180054  0.61866738
 0.61682975 0.61749437 0.61564015 0.61630743 0.61697615 0.61510631
 0.61577772 0.61389076 0.61456488 0.61524047 0.61591756 0.61659614
 0.61727621 0.61537686 0.61605972 0.61414269 0.61482835 0.61551553
 0.61620426 0.61427184 0.61231986 0.61301273 0.61370717 0.61440318
 0.61510077 0.61579994 0.61650071 0.61720308 0.61790704 0.61861262
 0.61931981 0.62002861 0.61807153 0.61609419 0.61680743 0.61752232
 0.61823888 0.6189571  0.61967698 0.62039855 0.6211218  0.62184673
 0.61986027 0.62058839 0.62131822 0.61931375 0.62004681 0.6207816
 0.62151813 0.62225642 0.62299646 0.62097826 0.62172162 0.61968325
 0.61762279 0.61553989 0.61628969 0.61704133 0.6177948  0.61855011
 0.6164506  0.61720935 0.61796998 0.61873247 0.6166145  0.6173805
 0.61814841 0.61601001 0.61678147 0.61755486 0.61833019 0.61617263
 0.61399053 0.61477115 0.61256575 0.61335002 0.61413629 0.61190881
 0.61269879 0.6134908  0.61428487 0.615081   0.6158792  0.61667946
 0.61748181 0.61828626 0.6190928  0.61685504 0.6176655  0.6154031
 0.61621752 0.61703409 0.61785283 0.61556897 0.61325765 0.61408227
 0.61490911 0.61573819 0.6165695  0.61423764 0.61507311 0.61591085
 0.61675088 0.61439621 0.61524047 0.61608707 0.61370717 0.61455806
 0.61541132 0.61626694 0.61386328 0.6147233  0.61229133 0.61315578
 0.61069491 0.60820253 0.60907345 0.60994688 0.61082281 0.61170126
 0.61258224 0.61346576 0.61095348 0.60840833 0.60929861 0.61019151
 0.61108702 0.60851464 0.60941493 0.60681041 0.60417093 0.60507815
 0.60598811 0.6069008  0.60781625 0.60873446 0.60965546 0.60699325
 0.60429448 0.60522273 0.60615385 0.60708783 0.60802469 0.60896445
 0.60990712 0.60718461 0.60813256 0.60908348 0.61003737 0.61099426
 0.60824298 0.60545251 0.60641727 0.60738511 0.6045594  0.60553279
 0.60650931 0.60748899 0.60462966 0.60172838 0.60271622 0.59977448
 0.59678885 0.59778486 0.59878419 0.59978688 0.60079292 0.60180235
 0.60281518 0.60383142 0.60081844 0.59775928 0.59878419 0.59981263
 0.59671138 0.59774599 0.59878419 0.59982601 0.60087146 0.60192056
 0.60297333 0.59983974 0.60089902 0.60196205 0.60302884 0.59985384
 0.59662765 0.59770398 0.59878419 0.5955112  0.59218437 0.59327422
 0.59436809 0.59546599 0.59656797 0.59767403 0.59430635 0.59541952
 0.59653687 0.59765842 0.59878419 0.59991422 0.60104852 0.60218711
 0.59878419 0.59993039 0.59647198 0.59295326 0.59411034 0.59527195
 0.59643811 0.59760885 0.59404114 0.59521984 0.59640324 0.59277834
 0.58908773 0.59028258 0.58652773 0.58773075 0.58390967 0.5800171
 0.58123156 0.58245112 0.58367581 0.58490566 0.5861407  0.58738098
 0.58343448 0.5846835  0.58593788 0.58719765 0.58846286 0.58973352
 0.59100969 0.59229139 0.58829385 0.589585   0.59088182 0.58681274
 0.58811921 0.5839722  0.58528839 0.58661053 0.58793866 0.58927282
 0.59061305 0.59195938 0.5877519  0.58345674 0.58481764 0.58618491
 0.58755859 0.58893871 0.58456973 0.58596074 0.58735838 0.58290411
 0.58431286 0.57976567 0.58118564 0.5765421  0.57797337 0.57322987
 0.57467254 0.57612248 0.57757976 0.57274102 0.5742101  0.57568673
 0.57717098 0.57866291 0.58016256 0.58167001 0.57674613 0.57170496
 0.56654225 0.56807166 0.56960935 0.56432931 0.5589181  0.56047291
 0.55492958 0.55649718 0.55807365 0.55965909 0.56125356 0.56285714
 0.56446991 0.56609195 0.56772334 0.56936416 0.57101449 0.56537409
 0.56703929 0.56871433 0.56293373 0.56462399 0.55869129 0.56039686
 0.56211288 0.56383944 0.56557664 0.56732458 0.56908335 0.57085306
 0.56479358 0.55856052 0.55214633 0.55394406 0.55575353 0.55757485
 0.55940816 0.56125356 0.56311118 0.56498113 0.56686355 0.5603044
 0.55354355 0.55545113 0.5573719  0.55041111 0.5432279  0.54517337
 0.54713282 0.54910641 0.54170486 0.54369825 0.54570637 0.54772938
 0.54976744 0.55182073 0.5441989  0.54627383 0.54836465 0.55047153
 0.55259467 0.55473425 0.55689046 0.5590635  0.55122303 0.55342093
 0.54530356 0.5475264  0.54976744 0.5520269  0.55430501 0.556602
 0.5589181  0.56125356 0.56360862 0.56598353 0.55763787 0.56004313
 0.56246923 0.56491644 0.56738504 0.56987531 0.56125356 0.5637776
 0.56632444 0.56889439 0.57148777 0.57410491 0.57674613 0.57941176
 0.58210215 0.57322987 0.57596102 0.57871831 0.58150213 0.58431286
 0.5871509  0.59001664 0.59291049 0.58377023 0.58671249 0.58968455
 0.59268688 0.59571993 0.59878419 0.60188014 0.60500827 0.59559802
 0.59878419 0.60200464 0.59218437 0.59546599 0.59878419 0.60213958
 0.59190072 0.59532256 0.59878419 0.60228632 0.60582966 0.60941493
 0.61304289 0.61671431 0.62042996 0.62419066 0.62799723 0.63185051
 0.63575137 0.63970069 0.64369939 0.63344051 0.63754045 0.64169381
 0.64590164 0.63519116 0.63951152 0.62818878 0.63262685 0.63712807
 0.64169381 0.64632546 0.63451432 0.63928266 0.62672322 0.6316352
 0.61823888 0.62330169 0.60896445 0.59349267 0.59878419 0.58210215
 0.58755859 0.59311828 0.59878419 0.6045594  0.58671249 0.59268688
 0.57322987 0.57941176 0.58572844 0.59218437 0.59878419 0.57771261
 0.58456973 0.59159159 0.59878419 0.60615385 0.61370717 0.59088182
 0.59878419 0.57322987 0.58150213 0.59001664 0.59878419 0.60781625
 0.61712496 0.62672322 0.63662478 0.64684422 0.65739711 0.6304
 0.64169381 0.6104471  0.57322987 0.58572844 0.59878419 0.61243523
 0.56837853 0.58318532 0.59878419 0.61524047 0.63262685 0.65102445
 0.67052417 0.69122807 0.64169381 0.66554054 0.69122807 0.62672322
 0.52815013 0.56125356 0.39009901 0.42733189 0.47242206 0.
 0.         0.         0.         0.         1.        ]","[1.         1.         1.         1.         1.         1.
 1.         1.         1.         1.         1.         1.
 1.         1.         1.         1.         1.         1.
 1.         1.         1.         1.         1.         1.
 1.         1.         1.         1.         1.         1.
 1.         1.         1.         1.         1.         1.
 1.         1.         1.         1.         1.         1.
 1.         1.         1.         1.         1.         1.
 1.         1.         1.         1.         1.         1.
 1.         1.         1.         1.         1.         1.
 1.         1.         1.         1.         1.         1.
 1.         0.99431818 0.99431818 0.99431818 0.99431818 0.99431818
 0.99431818 0.99431818 0.99431818 0.99431818 0.99431818 0.99431818
 0.99431818 0.99431818 0.99431818 0.99431818 0.99431818 0.98863636
 0.98863636 0.98863636 0.98863636 0.98863636 0.98863636 0.98295455
 0.98295455 0.98295455 0.98295455 0.98295455 0.98295455 0.98295455
 0.98295455 0.98295455 0.98295455 0.98295455 0.98295455 0.98295455
 0.98295455 0.98295455 0.98295455 0.98295455 0.98295455 0.97727273
 0.97727273 0.97727273 0.97727273 0.97727273 0.97727273 0.97727273
 0.97727273 0.97727273 0.97727273 0.97727273 0.97727273 0.97727273
 0.97727273 0.97727273 0.97727273 0.97727273 0.97159091 0.97159091
 0.97159091 0.97159091 0.97159091 0.97159091 0.97159091 0.97159091
 0.97159091 0.97159091 0.97159091 0.97159091 0.97159091 0.96590909
 0.96590909 0.96590909 0.96590909 0.96590909 0.96590909 0.96590909
 0.96590909 0.96590909 0.96590909 0.96590909 0.96590909 0.96590909
 0.96590909 0.96590909 0.96590909 0.96590909 0.96590909 0.96590909
 0.96590909 0.96590909 0.96590909 0.96590909 0.96590909 0.96590909
 0.96590909 0.96590909 0.96590909 0.96590909 0.96590909 0.96590909
 0.96022727 0.96022727 0.96022727 0.96022727 0.96022727 0.96022727
 0.96022727 0.95454545 0.94886364 0.94886364 0.94886364 0.94886364
 0.94886364 0.94886364 0.94886364 0.94886364 0.94886364 0.94886364
 0.94886364 0.94886364 0.94886364 0.94886364 0.94886364 0.94886364
 0.94886364 0.94886364 0.94886364 0.94886364 0.94886364 0.94886364
 0.94886364 0.94886364 0.94318182 0.94318182 0.94318182 0.94318182
 0.94318182 0.94318182 0.94318182 0.9375     0.9375     0.9375
 0.9375     0.9375     0.9375     0.9375     0.9375     0.93181818
 0.93181818 0.93181818 0.93181818 0.92613636 0.92613636 0.92613636
 0.92613636 0.92613636 0.92613636 0.92613636 0.92613636 0.92613636
 0.92613636 0.92613636 0.92613636 0.92613636 0.92613636 0.92613636
 0.92613636 0.92613636 0.92613636 0.92045455 0.92045455 0.91477273
 0.91477273 0.91477273 0.91477273 0.91477273 0.91477273 0.91477273
 0.91477273 0.91477273 0.90909091 0.90909091 0.90909091 0.90909091
 0.90909091 0.90909091 0.90909091 0.90909091 0.90909091 0.90909091
 0.90340909 0.90340909 0.90340909 0.90340909 0.89772727 0.89772727
 0.89772727 0.89772727 0.89772727 0.89772727 0.89204545 0.89204545
 0.89204545 0.89204545 0.89204545 0.89204545 0.89204545 0.89204545
 0.89204545 0.89204545 0.89204545 0.89204545 0.89204545 0.89204545
 0.88636364 0.88636364 0.88636364 0.88636364 0.88636364 0.88636364
 0.88636364 0.88636364 0.88636364 0.88636364 0.88068182 0.88068182
 0.88068182 0.875      0.875      0.875      0.875      0.875
 0.875      0.875      0.875      0.875      0.875      0.875
 0.875      0.875      0.875      0.875      0.875      0.875
 0.875      0.875      0.875      0.875      0.875      0.86931818
 0.86931818 0.86931818 0.86931818 0.86931818 0.86931818 0.86931818
 0.86931818 0.86931818 0.86931818 0.86931818 0.86931818 0.86931818
 0.86363636 0.86363636 0.86363636 0.86363636 0.86363636 0.86363636
 0.86363636 0.86363636 0.86363636 0.86363636 0.86363636 0.86363636
 0.86363636 0.86363636 0.86363636 0.86363636 0.86363636 0.86363636
 0.86363636 0.86363636 0.86363636 0.86363636 0.85795455 0.85795455
 0.85795455 0.85795455 0.85795455 0.85795455 0.85795455 0.85795455
 0.85795455 0.85795455 0.85795455 0.85795455 0.85227273 0.85227273
 0.85227273 0.85227273 0.85227273 0.85227273 0.84659091 0.84659091
 0.84659091 0.84659091 0.84659091 0.84659091 0.84659091 0.84659091
 0.84659091 0.84659091 0.84659091 0.84659091 0.84090909 0.83522727
 0.83522727 0.83522727 0.83522727 0.82954545 0.82954545 0.82386364
 0.82386364 0.82386364 0.82386364 0.81818182 0.81818182 0.81818182
 0.81818182 0.81818182 0.81818182 0.81818182 0.81818182 0.81818182
 0.81818182 0.81818182 0.81818182 0.81818182 0.81818182 0.81818182
 0.81818182 0.81818182 0.81818182 0.81818182 0.81818182 0.81818182
 0.81818182 0.81818182 0.81818182 0.81818182 0.81818182 0.81818182
 0.81818182 0.81818182 0.81818182 0.81818182 0.8125     0.8125
 0.8125     0.80681818 0.80681818 0.80113636 0.80113636 0.80113636
 0.80113636 0.80113636 0.80113636 0.80113636 0.80113636 0.80113636
 0.79545455 0.79545455 0.79545455 0.79545455 0.78977273 0.78977273
 0.78977273 0.78409091 0.78409091 0.78409091 0.78409091 0.78409091
 0.78409091 0.78409091 0.78409091 0.78409091 0.78409091 0.78409091
 0.78409091 0.77840909 0.77840909 0.77840909 0.77272727 0.76704545
 0.76704545 0.76136364 0.76136364 0.76136364 0.76136364 0.75568182
 0.75568182 0.75       0.75       0.74431818 0.74431818 0.73863636
 0.73295455 0.73295455 0.73295455 0.73295455 0.73295455 0.73295455
 0.72727273 0.72727273 0.72159091 0.72159091 0.72159091 0.71590909
 0.71590909 0.71022727 0.71022727 0.71022727 0.71022727 0.71022727
 0.71022727 0.70454545 0.70454545 0.69886364 0.69886364 0.69886364
 0.69886364 0.69318182 0.6875     0.6875     0.6875     0.6875
 0.6875     0.6875     0.6875     0.6875     0.6875     0.6875
 0.6875     0.6875     0.68181818 0.67613636 0.67613636 0.67613636
 0.67613636 0.67613636 0.67613636 0.67613636 0.67613636 0.67613636
 0.67045455 0.67045455 0.67045455 0.66477273 0.66477273 0.66477273
 0.66477273 0.66477273 0.66477273 0.65909091 0.65909091 0.65340909
 0.64772727 0.64204545 0.64204545 0.64204545 0.64204545 0.64204545
 0.63636364 0.63636364 0.63636364 0.63636364 0.63068182 0.63068182
 0.63068182 0.625      0.625      0.625      0.625      0.61931818
 0.61363636 0.61363636 0.60795455 0.60795455 0.60795455 0.60227273
 0.60227273 0.60227273 0.60227273 0.60227273 0.60227273 0.60227273
 0.60227273 0.60227273 0.60227273 0.59659091 0.59659091 0.59090909
 0.59090909 0.59090909 0.59090909 0.58522727 0.57954545 0.57954545
 0.57954545 0.57954545 0.57954545 0.57386364 0.57386364 0.57386364
 0.57386364 0.56818182 0.56818182 0.56818182 0.5625     0.5625
 0.5625     0.5625     0.55681818 0.55681818 0.55113636 0.55113636
 0.54545455 0.53977273 0.53977273 0.53977273 0.53977273 0.53977273
 0.53977273 0.53977273 0.53409091 0.52840909 0.52840909 0.52840909
 0.52840909 0.52272727 0.52272727 0.51704545 0.51136364 0.51136364
 0.51136364 0.51136364 0.51136364 0.51136364 0.51136364 0.50568182
 0.5        0.5        0.5        0.5        0.5        0.5
 0.5        0.49431818 0.49431818 0.49431818 0.49431818 0.49431818
 0.48863636 0.48295455 0.48295455 0.48295455 0.47727273 0.47727273
 0.47727273 0.47727273 0.47159091 0.46590909 0.46590909 0.46022727
 0.45454545 0.45454545 0.45454545 0.45454545 0.45454545 0.45454545
 0.45454545 0.45454545 0.44886364 0.44318182 0.44318182 0.44318182
 0.4375     0.4375     0.4375     0.4375     0.4375     0.4375
 0.4375     0.43181818 0.43181818 0.43181818 0.43181818 0.42613636
 0.42045455 0.42045455 0.42045455 0.41477273 0.40909091 0.40909091
 0.40909091 0.40909091 0.40909091 0.40909091 0.40340909 0.40340909
 0.40340909 0.40340909 0.40340909 0.40340909 0.40340909 0.40340909
 0.39772727 0.39772727 0.39204545 0.38636364 0.38636364 0.38636364
 0.38636364 0.38636364 0.38068182 0.38068182 0.38068182 0.375
 0.36931818 0.36931818 0.36363636 0.36363636 0.35795455 0.35227273
 0.35227273 0.35227273 0.35227273 0.35227273 0.35227273 0.35227273
 0.34659091 0.34659091 0.34659091 0.34659091 0.34659091 0.34659091
 0.34659091 0.34659091 0.34090909 0.34090909 0.34090909 0.33522727
 0.33522727 0.32954545 0.32954545 0.32954545 0.32954545 0.32954545
 0.32954545 0.32954545 0.32386364 0.31818182 0.31818182 0.31818182
 0.31818182 0.31818182 0.3125     0.3125     0.3125     0.30681818
 0.30681818 0.30113636 0.30113636 0.29545455 0.29545455 0.28977273
 0.28977273 0.28977273 0.28977273 0.28409091 0.28409091 0.28409091
 0.28409091 0.28409091 0.28409091 0.28409091 0.27840909 0.27272727
 0.26704545 0.26704545 0.26704545 0.26136364 0.25568182 0.25568182
 0.25       0.25       0.25       0.25       0.25       0.25
 0.25       0.25       0.25       0.25       0.25       0.24431818
 0.24431818 0.24431818 0.23863636 0.23863636 0.23295455 0.23295455
 0.23295455 0.23295455 0.23295455 0.23295455 0.23295455 0.23295455
 0.22727273 0.22159091 0.21590909 0.21590909 0.21590909 0.21590909
 0.21590909 0.21590909 0.21590909 0.21590909 0.21590909 0.21022727
 0.20454545 0.20454545 0.20454545 0.19886364 0.19318182 0.19318182
 0.19318182 0.19318182 0.1875     0.1875     0.1875     0.1875
 0.1875     0.1875     0.18181818 0.18181818 0.18181818 0.18181818
 0.18181818 0.18181818 0.18181818 0.18181818 0.17613636 0.17613636
 0.17045455 0.17045455 0.17045455 0.17045455 0.17045455 0.17045455
 0.17045455 0.17045455 0.17045455 0.17045455 0.16477273 0.16477273
 0.16477273 0.16477273 0.16477273 0.16477273 0.15909091 0.15909091
 0.15909091 0.15909091 0.15909091 0.15909091 0.15909091 0.15909091
 0.15909091 0.15340909 0.15340909 0.15340909 0.15340909 0.15340909
 0.15340909 0.15340909 0.15340909 0.14772727 0.14772727 0.14772727
 0.14772727 0.14772727 0.14772727 0.14772727 0.14772727 0.14204545
 0.14204545 0.14204545 0.13636364 0.13636364 0.13636364 0.13636364
 0.13068182 0.13068182 0.13068182 0.13068182 0.13068182 0.13068182
 0.13068182 0.13068182 0.13068182 0.13068182 0.13068182 0.13068182
 0.13068182 0.13068182 0.13068182 0.125      0.125      0.125
 0.125      0.11931818 0.11931818 0.11363636 0.11363636 0.11363636
 0.11363636 0.11363636 0.10795455 0.10795455 0.10227273 0.10227273
 0.09659091 0.09659091 0.09090909 0.08522727 0.08522727 0.07954545
 0.07954545 0.07954545 0.07954545 0.07954545 0.07386364 0.07386364
 0.06818182 0.06818182 0.06818182 0.06818182 0.06818182 0.0625
 0.0625     0.0625     0.0625     0.0625     0.0625     0.05681818
 0.05681818 0.05113636 0.05113636 0.05113636 0.05113636 0.05113636
 0.05113636 0.05113636 0.05113636 0.05113636 0.05113636 0.04545455
 0.04545455 0.03977273 0.03409091 0.03409091 0.03409091 0.03409091
 0.02840909 0.02840909 0.02840909 0.02840909 0.02840909 0.02840909
 0.02840909 0.02840909 0.02272727 0.02272727 0.02272727 0.01704545
 0.01136364 0.01136364 0.00568182 0.00568182 0.00568182 0.
 0.         0.         0.         0.         0.        ]","[0.01679974 0.02432369 0.02688699 0.0312411  0.03197496 0.0336386
 0.03645216 0.0371362  0.03804141 0.0384306  0.04099839 0.04302884
 0.04990571 0.05204243 0.05273026 0.05399622 0.05617806 0.05636007
 0.0622837  0.06266554 0.06312846 0.06433839 0.06566599 0.067845
 0.0709294  0.07177925 0.07292377 0.07332936 0.07494257 0.08337796
 0.08376789 0.08542635 0.08688495 0.08701331 0.08721154 0.08724886
 0.0880972  0.09185128 0.09375346 0.09392292 0.09576225 0.09689021
 0.09819292 0.1008606  0.10122724 0.10367085 0.10589188 0.10736597
 0.10762127 0.10986248 0.11107212 0.1112368  0.11140168 0.11226556
 0.11291706 0.1174643  0.11804141 0.12127692 0.12142855 0.12152437
 0.12296561 0.12828336 0.12905986 0.12941679 0.1299693  0.13164845
 0.13194432 0.13271403 0.13276203 0.13303689 0.13411335 0.13520186
 0.13574456 0.13798527 0.13887819 0.14007976 0.14118501 0.14285375
 0.14369789 0.14536665 0.14552655 0.14590951 0.14599161 0.14651547
 0.14759397 0.14830216 0.14839636 0.15038313 0.15203732 0.15562034
 0.15608335 0.15867261 0.15870156 0.15914432 0.16056131 0.16140005
 0.16259094 0.16284737 0.16293352 0.16333993 0.16374917 0.16417947
 0.16437025 0.16464012 0.16487406 0.16540871 0.16616061 0.16617025
 0.17037484 0.17066434 0.17150157 0.17334012 0.17380333 0.17568916
 0.17708641 0.17823424 0.17855284 0.17980113 0.18010821 0.181002
 0.18313761 0.18444548 0.18503801 0.18556271 0.18560656 0.18728549
 0.18853037 0.18876754 0.19074281 0.19084302 0.19113327 0.1913308
 0.19225679 0.19283492 0.19312834 0.19483379 0.19533529 0.19587826
 0.19622744 0.19738141 0.19746156 0.19798494 0.1981404  0.19978655
 0.20132577 0.20297494 0.20298257 0.20338176 0.20441778 0.20466796
 0.20601561 0.20667566 0.20809508 0.20871829 0.20943014 0.21003806
 0.2116537  0.21300916 0.21412243 0.2141363  0.21524647 0.21531153
 0.21540633 0.21794852 0.21926463 0.21980031 0.22010955 0.22034983
 0.22231417 0.22346529 0.2235975  0.22448666 0.22475059 0.22574463
 0.22671679 0.22925829 0.22926144 0.229407   0.22967723 0.23109218
 0.23133763 0.23188531 0.23226171 0.2337889  0.23415262 0.23472794
 0.23551824 0.23565852 0.23666498 0.23673341 0.23821344 0.23851647
 0.23884097 0.23884437 0.23942251 0.23966534 0.24015264 0.2402563
 0.24190257 0.24373307 0.24416825 0.24548067 0.24581642 0.24600819
 0.24679446 0.24681459 0.24696245 0.24902199 0.24914378 0.25173962
 0.25219426 0.25300075 0.25347694 0.25358015 0.2546139  0.25543017
 0.2560662  0.25657748 0.25724317 0.25795524 0.2581451  0.25858449
 0.25922105 0.25959576 0.26021857 0.26045765 0.2622534  0.26260504
 0.26295265 0.26363257 0.26422725 0.2643967  0.26709469 0.26736924
 0.26768606 0.26796685 0.26812531 0.26861935 0.2715627  0.27218404
 0.27500302 0.27560862 0.27679138 0.27733086 0.27772526 0.27833642
 0.27980971 0.28044717 0.28082279 0.28184498 0.28279594 0.28386305
 0.28461569 0.28569712 0.2869884  0.28781524 0.28782566 0.29035797
 0.29072867 0.29437313 0.29470859 0.2948432  0.29492747 0.29502596
 0.29565108 0.29608978 0.29630733 0.29662178 0.2969155  0.29825148
 0.29832565 0.29921106 0.30009215 0.30107333 0.30161406 0.30180108
 0.30259583 0.30280435 0.30343435 0.30372275 0.30385305 0.30677721
 0.30685783 0.30790572 0.3099473  0.31079053 0.3115287  0.31204417
 0.31237604 0.31279533 0.31284406 0.31365686 0.3144098  0.31446625
 0.31564094 0.31584062 0.31655155 0.31748374 0.31921442 0.32029115
 0.3211096  0.32127291 0.32164906 0.32251655 0.32467434 0.32561573
 0.32839782 0.32935799 0.33028013 0.33107441 0.331198   0.33265636
 0.3358044  0.33831101 0.33895026 0.34062914 0.34367662 0.34399828
 0.34402147 0.34452766 0.34476161 0.34688743 0.34812832 0.349218
 0.35567859 0.35595339 0.3564734  0.35792045 0.35864846 0.358844
 0.3599678  0.36012664 0.36028572 0.36057603 0.36277185 0.36319445
 0.36561088 0.36672239 0.36912701 0.36948159 0.37069519 0.37192132
 0.37287659 0.37382884 0.37388086 0.37391591 0.3745531  0.37604403
 0.3769941  0.37885192 0.37961558 0.37963739 0.3808373  0.38087018
 0.38141493 0.38241323 0.38384037 0.38628188 0.38856806 0.38857682
 0.38898518 0.3892663  0.39030083 0.39050772 0.39374243 0.39448657
 0.39476838 0.39508843 0.3971138  0.39763294 0.40061172 0.40132958
 0.40339431 0.40410551 0.40442532 0.40554552 0.40573525 0.40626338
 0.40665112 0.41022796 0.41062535 0.41090351 0.41699087 0.42425951
 0.42463794 0.42815715 0.42855473 0.42926373 0.429445   0.43318413
 0.43326067 0.44264605 0.44345021 0.44491633 0.44530988 0.44561673
 0.44735958 0.44947979 0.45487456 0.45542146 0.45666352 0.45694171
 0.46021115 0.46197781 0.46217456 0.46254186 0.46453236 0.46480807
 0.46536832 0.4690735  0.47067789 0.47255456 0.47324235 0.47386295
 0.47578441 0.47730165 0.47782451 0.47881582 0.48136243 0.48168288
 0.48200874 0.48439128 0.48965047 0.48998098 0.49025308 0.49141797
 0.49217755 0.49518146 0.49662439 0.49681422 0.49705142 0.49801287
 0.49922265 0.50451312 0.50454345 0.50559665 0.50618804 0.50908049
 0.51169593 0.51212558 0.51218369 0.51237397 0.51338601 0.51490189
 0.51585731 0.51632176 0.5177026  0.51995603 0.52208327 0.52267774
 0.52297299 0.52381693 0.52385553 0.52417326 0.52447442 0.52517541
 0.52548129 0.52554017 0.52657429 0.52790507 0.52833618 0.52854969
 0.5286815  0.5321383  0.5333331  0.53403827 0.53479548 0.53659604
 0.53781811 0.54261347 0.5440682  0.54429825 0.54456606 0.54465342
 0.54504846 0.54579006 0.54694019 0.54763697 0.5487582  0.55012734
 0.55129537 0.55218592 0.55226072 0.55249354 0.55306701 0.55358355
 0.55450949 0.55684186 0.56102181 0.56411559 0.56462094 0.5656786
 0.56589685 0.56682116 0.5680776  0.57069215 0.5725515  0.57271413
 0.57283722 0.57346331 0.57625345 0.57741216 0.57750848 0.57751988
 0.5777427  0.57839161 0.57909701 0.57992569 0.58041992 0.58275675
 0.58320635 0.58401559 0.58426476 0.58561916 0.58639649 0.58686486
 0.58706962 0.58742469 0.58812185 0.58967278 0.58990439 0.5906823
 0.59150472 0.59264662 0.59379332 0.59515094 0.59559994 0.59588707
 0.59627233 0.59802095 0.60079606 0.60132081 0.60273289 0.60360511
 0.60398371 0.60532301 0.60540295 0.60568368 0.60646035 0.60671852
 0.60712901 0.60721431 0.60728386 0.60779819 0.6085536  0.60958883
 0.61042839 0.61108102 0.61334796 0.61436201 0.61506287 0.61510742
 0.61581565 0.61634392 0.61653233 0.61667214 0.61744543 0.61751666
 0.61838752 0.61863539 0.61939088 0.62030744 0.62400735 0.6240278
 0.62415396 0.62450611 0.62460251 0.62508897 0.62585445 0.62621437
 0.6276387  0.6281139  0.62852392 0.62943894 0.62957391 0.63041232
 0.63142458 0.63314372 0.63366301 0.63415453 0.63475069 0.63523304
 0.63610994 0.63616106 0.63699048 0.637691   0.63770244 0.63774537
 0.63789001 0.63837111 0.63841355 0.63862469 0.63994618 0.64015926
 0.64293841 0.64339669 0.64454994 0.64481464 0.64586747 0.64650903
 0.64727177 0.65180706 0.65283035 0.653043   0.65427431 0.65472315
 0.65492174 0.65506597 0.65546171 0.65637899 0.65667672 0.65865463
 0.65870846 0.65875227 0.65920484 0.65960505 0.65963345 0.66040027
 0.66058423 0.6612101  0.66197633 0.66443443 0.66443787 0.66455134
 0.66482326 0.66572431 0.66637889 0.66666001 0.66684821 0.66733442
 0.66735607 0.66772589 0.66882418 0.66886536 0.67012112 0.67136107
 0.67185926 0.67200044 0.67206659 0.67229088 0.67474774 0.67559596
 0.67565762 0.675971   0.67642033 0.67654806 0.67668321 0.67754552
 0.67811589 0.67826792 0.67877547 0.68075665 0.68078716 0.68191485
 0.68290752 0.68327521 0.68406613 0.68406638 0.68520435 0.6855481
 0.68570979 0.68702939 0.68718684 0.68733061 0.68761355 0.68814954
 0.68935471 0.68987699 0.68999055 0.69061318 0.69086189 0.69091253
 0.691798   0.69182858 0.69251622 0.6931037  0.69395095 0.69450311
 0.69512008 0.69556896 0.695666   0.69579389 0.69679559 0.69686905
 0.69831247 0.70036274 0.7020424  0.70325832 0.70467481 0.70711252
 0.70756917 0.70831353 0.70904715 0.70933161 0.71018058 0.71113145
 0.71272345 0.71313684 0.71406865 0.71505369 0.71526374 0.71556346
 0.71572475 0.71639211 0.7177148  0.71926166 0.71981072 0.71996443
 0.7206452  0.72097382 0.72111897 0.72222013 0.72368445 0.72419807
 0.72451603 0.72545797 0.72642674 0.72670985 0.72778116 0.72860069
 0.72889839 0.72953837 0.7301117  0.73043414 0.73131576 0.73142639
 0.73243555 0.73272211 0.73343829 0.73449743 0.73546644 0.73554138
 0.73556331 0.73581524 0.73683792 0.74231756 0.74292552 0.74339377
 0.74371915 0.74377627 0.74379727 0.74482564 0.74631771 0.74720278
 0.74729753 0.74845815 0.748688   0.74937261 0.74951143 0.74995409
 0.74998864 0.75146665 0.75385829 0.75449083 0.75652285 0.75754651
 0.75772417 0.75912079 0.75974528 0.75981794 0.75991093 0.76074649
 0.76087486 0.76177903 0.76207374 0.76223293 0.76309121 0.76318796
 0.76531925 0.76577538 0.76654173 0.76669478 0.76725714 0.76771577
 0.76813102 0.76838168 0.76838304 0.76874421 0.76926647 0.76979968
 0.76981693 0.77028985 0.7704768  0.77053189 0.77088258 0.77092558
 0.7714607  0.7715052  0.77237114 0.77284086 0.77311254 0.77391294
 0.7749514  0.77578808 0.77588731 0.77653924 0.77886843 0.77916205
 0.7805046  0.78087412 0.78101197 0.7812172  0.7815197  0.78263465
 0.78302655 0.7850686  0.78545462 0.78606798 0.7879677  0.78842085
 0.78869421 0.79009919 0.79074948 0.7908028  0.79270969 0.79363461
 0.79568493 0.79605149 0.79657269 0.79785778 0.79966003 0.80060709
 0.80089116 0.80250897 0.80269232 0.80278696 0.80380453 0.80461106
 0.80482435 0.8055913  0.80731898 0.80876166 0.81107724 0.81139539
 0.81472856 0.81473843 0.81546568 0.82027447 0.82044951 0.8211952
 0.82126602 0.82225407 0.82383965 0.82446398 0.82528548 0.82528781
 0.82589094 0.82592625 0.82620005 0.82641119 0.82685294 0.82894905
 0.8300455  0.83070519 0.83258912 0.83394848 0.83520579 0.83521124
 0.83554969 0.83642358 0.83696476 0.83771777 0.83788248 0.83847011
 0.83910868 0.83946362 0.84170347 0.84257337 0.84284911 0.84389563
 0.84515226 0.84688414 0.8469745  0.8490793  0.85120438 0.85182277
 0.85226544 0.8532224  0.85348018 0.85425464 0.85567636 0.85690712
 0.85746562 0.8592839  0.86191592 0.86377038 0.86423834 0.86436959
 0.86469162 0.86510639 0.86550864 0.87005928 0.87056737 0.87425351
 0.87426919 0.8781039  0.87878134 0.88053219 0.88199896 0.88288739
 0.88465802 0.88971605 0.89054181 0.89090598 0.89117165 0.89158268
 0.89626163 0.89684103 0.90046984 0.90080689 0.90137301 0.902482
 0.90402724 0.90472026 0.90520281 0.90728608 0.90780882 0.9080031
 0.90926853 0.91045584 0.91051962 0.91214181 0.9154855  0.91822405
 0.91962189 0.92203152 0.92260485 0.92301739 0.92490747 0.92573261
 0.92593427 0.92618242 0.92736318 0.92743613 0.92862485 0.93175077
 0.93310926 0.93372653 0.93450554 0.93472664 0.93473783 0.93480191
 0.93564397 0.93590074 0.93664445 0.93669419 0.9383885  0.94120815
 0.9417905  0.94321773 0.94414654 0.94455463 0.94665553 0.94804714
 0.9506099  0.95561177 0.95740972 0.95814481 0.96044525 0.96197378
 0.9648546  0.96814759 0.96914663 0.97044786]"
Hyperledger,is_change_text_num_words_5,XGboost,"BERT_10_instability                       1.620955e-01
BERT_5_instability                        1.149064e-01
BERT_20_instability                       9.396006e-02
BERT_15_instability                       7.031508e-02
2                                         3.062501e-02
num_words                                 3.038586e-02
14                                        2.632251e-02
ratio_unusable_issues_text_by_previous    2.580483e-02
num_stopwords                             2.535875e-02
8                                         2.439148e-02
6                                         2.430324e-02
11                                        2.408190e-02
1                                         2.343361e-02
13                                        2.271173e-02
12                                        2.227987e-02
avg_word_len                              2.201194e-02
num_issues_cretor_prev                    2.126892e-02
len_sum_desc                              2.057240e-02
7                                         2.051147e-02
4                                         1.980017e-02
len_description                           1.957269e-02
avg_num_word_in_sentence                  1.906522e-02
10                                        1.892536e-02
9                                         1.878236e-02
5                                         1.813373e-02
3                                         1.806349e-02
0                                         1.756644e-02
time_until_add_sprint                     1.215248e-02
num_sentences                             1.116444e-02
original_story_points_sprint              8.274451e-03
num_headlines                             3.653553e-03
dominant_topic_1                          2.934973e-03
relates                                   1.280262e-03
has_acceptance_criteria                   1.251354e-03
has_url                                   1.216077e-03
block_by                                  6.963422e-04
duplicate                                 5.110720e-04
block                                     4.831849e-04
num_changes_story_point_before_sprint     4.496501e-04
num_changes_text_before_sprint            3.616894e-04
num_question_marks                        1.883221e-04
duplicate_by                              1.060842e-04
has_please                                2.600938e-05
has_tbd                                   1.137843e-08
has_template                              7.355804e-11
if_acceptance_empty_tbd                   0.000000e+00
len_acceptance                            0.000000e+00
num_comments_before_sprint                0.000000e+00
if_description_empty_tbd                  0.000000e+00
priority                                  0.000000e+00
noun_count                                0.000000e+00
verb_count                                0.000000e+00
adj_count                                 0.000000e+00
has_code                                  0.000000e+00
pron_count                                0.000000e+00
adv_count                                 0.000000e+00
dtype: float64",0.7914937759336099,"[[455.08629442  26.91370558]
 [429.96590909  52.03409091]]","              precision    recall  f1-score   support

           0       0.51      0.94      0.67 481.99999999999716
           1       0.66      0.11      0.19 482.00000000000125

    accuracy                           0.53 963.9999999999984
   macro avg       0.59      0.53      0.43 963.9999999999984
weighted avg       0.59      0.53      0.43 963.9999999999984
",0.596814658995283,0.6020281355338076,0.6531927780341487,"[0 0 0 0 0 1 0 0 0 0 0 0 0 0 0 0 0 0 0 0 0 0 0 0 0 0 0 0 0 0 0 0 0 0 0 0 0
 1 0 0 0 0 0 0 0 0 0 0 0 0 0 0 0 0 0 0 0 0 0 0 0 0 0 0 0 0 0 0 0 0 0 0 0 1
 0 1 0 0 0 0 0 0 0 0 0 0 0 0 0 0 1 0 0 0 0 0 0 0 0 0 0 0 0 0 0 0 0 0 0 0 0
 0 0 0 1 0 1 0 0 0 0 0 0 0 0 0 0 0 0 0 0 0 0 0 0 0 0 0 0 0 0 0 0 0 0 0 0 0
 0 0 0 0 0 0 0 0 0 0 0 0 0 0 0 0 0 0 0 0 0 0 0 0 0 0 0 0 0 0 0 0 0 0 0 0 0
 0 0 0 0 0 0 0 0 0 0 0 1 0 0 0 0 0 0 0 0 0 0 0 0 0 0 0 0 0 0 0 1 0 0 0 0 0
 0 0 0 0 0 0 0 0 0 0 0 1 0 0 0 0 0 0 0 0 0 0 0 0 0 0 0 0 0 1 0 0 0 0 0 0 0
 0 0 0 0 0 0 0 0 0 0 0 0 0 0 1 0 0 0 0 0 0 0 1 0 0 0 0 0 0 0 0 0 0 0 0 0 0
 0 1 0 0 0 0 0 0 0 0 0 0 0 0 0 0 0 0 0 0 0 0 0 0 0 0 0 0 0 0 0 0 0 0 0 0 0
 0 0 0 0 0 0 1 0 0 0 0 0 0 0 0 0 0 0 0 1 0 0 0 0 0 0 0 0 0 0 0 0 0 0 0 0 0
 0 0 0 0 1 0 1 1 0 0 0 0 0 0 0 0 0 0 0 0 0 0 0 0 0 0 0 0 0 0 0 0 0 0 0 0 0
 0 1 0 0 0 0 0 0 0 0 0 0 0 0 0 0 0 1 0 0 0 0 1 0 0 0 0 0 0 0 0 0 0 0 0 0 0
 0 1 0 0 0 0 0 1 0 0 0 1 0 0 0 0 0 0 0 0 0 0 0 0 0 0 0 0 0 0 0 0 0 0 1 0 0
 0 0 0 0 0 0 0 0 0 0 0 0 0 1 0 0 0 0 0 0 0 0 0 0 0 0 0 0 1 0 0 0 0 0 0 0 0
 0 0 0 0 0 0 0 1 0 0 0 0 0 0 0 0 0 0 0 0 1 0 0 0 0 0 0 0 0 0 0 0 1 0 0 0 0
 0 0 0 0 0 0 1 0 0 0 0 0 1 0 0 0 0 0 0 0 0 0 0 0 0 1 1 0 0 1 0 1 0 1 1 1 1
 0 1 1 0 0 0 0 0 0 0 0 0 0 0 0 0 0 0 0 0 0 0 0 0 0 0 0 0 0 0 0 0 0 0 0 0 0
 0 1 0 0 0 0 0 0 0 0 0 0 0 0 0 0 0 0 0 0 0 0 0 0 0 0 0 0 0 0 0 0 0 0 0 0 0
 0 0 0 0 0 0 0 0 0 0 0 0 0 0 0 0 0 0 0 0 1 0 0 0 0 0 1 1 0 0 0 0 0 0 0 0 0
 0 0 1 1 0 0 0 0 0 0 0 0 0 0 0 0 0 0 0 0 0 0 0 0 0 0 0 0 0 0 0 0 0 0 0 0 0
 0 0 0 0 0 0 0 0 0 1 0 0 0 0 0 0 0 0 0 0 0 0 0 0 0 0 0 0 0 0 1 0 0 0 0 0 0
 0 0 0 0 0 0 0 1 0 1 0 0 0 0 0 0 0 0 0 0 0 0 0 0 0 0 0 0 0 0 0 0 0 0 0 0 0
 0 0 0 0 0 0 0 0 0 0 0 0 0 0 0 0 0 0 0 0 0 0 0 0 0 0 0 0 0 0 0 0 0 0 0 0 0
 0 0 0 1 0 0 0 0 0 0 0 0 0 0 0 0 0 0 0 0 0 0 0 0 0 0 0 0 1 0 1 0 0 0 0 0 0
 0 0 0 0 0 0 0 0 0 0 0 0 0 0 1 0 0 0 0 1 0 0 1 0 0 0 0 0 0 0 0 0 0 0 0 0 0
 0 1 1 0 0 0 0 0 0 0 0 0 0 0 0 0 0 0 0 0 0 0 0 0 0 0 0 1 0 0 0 0 0 0 0 0 1
 0 0]","[0.5        0.50031746 0.50063532 0.50095359 0.50127226 0.50159134
 0.50191083 0.50223072 0.50080623 0.50112654 0.50144725 0.50176838
 0.50208992 0.50241187 0.50273423 0.50305701 0.5033802  0.50370381
 0.50402784 0.50435228 0.50467714 0.50500242 0.50532812 0.50565423
 0.50598077 0.50630774 0.50663512 0.50696293 0.50729116 0.50761982
 0.5079489  0.50827841 0.50860835 0.50893872 0.50926952 0.50960075
 0.5099324  0.51026449 0.51059702 0.51092997 0.51126337 0.51159719
 0.51193146 0.51226616 0.51260129 0.51293687 0.51327289 0.51360934
 0.51394624 0.51428358 0.51462137 0.51495959 0.51529827 0.51563739
 0.51597695 0.51631696 0.51665743 0.51699834 0.51556719 0.51590861
 0.51625049 0.51659282 0.51693561 0.51727885 0.51762254 0.5179667
 0.51831131 0.51865638 0.51900191 0.51756291 0.51790897 0.5182555
 0.51860249 0.51894995 0.51929787 0.51964626 0.51999512 0.52034444
 0.52069424 0.5210445  0.52139524 0.52174645 0.52209814 0.52245029
 0.52280293 0.52315604 0.52350962 0.52386369 0.52421823 0.52457326
 0.52492876 0.52528475 0.52564122 0.52599818 0.5245526  0.52491015
 0.52526818 0.52562671 0.52598572 0.52634522 0.52670522 0.5270657
 0.52742669 0.52778816 0.52815013 0.5285126  0.52887557 0.52923904
 0.529603   0.52996747 0.53033244 0.53069791 0.52924542 0.52961152
 0.52997813 0.53034525 0.53071288 0.53108102 0.53144967 0.53181883
 0.5321885  0.53255869 0.5329294  0.53330062 0.53367235 0.53404461
 0.53441739 0.53479068 0.5351645  0.53553885 0.53407967 0.53445469
 0.53483024 0.53520632 0.53558292 0.53596006 0.53633772 0.53671592
 0.53709465 0.53747392 0.53600696 0.53638692 0.53676743 0.53714848
 0.53753007 0.5379122  0.53829488 0.53681957 0.53720296 0.5375869
 0.53797139 0.53835643 0.53874202 0.53912817 0.53951487 0.53990212
 0.54028993 0.53880673 0.53919528 0.53958439 0.53997407 0.54036431
 0.54075511 0.54114648 0.53965477 0.5400469  0.5404396  0.54083286
 0.54122671 0.54162112 0.54201611 0.54051582 0.54091159 0.54130793
 0.54170486 0.54210237 0.54250046 0.54289914 0.5432984  0.54369825
 0.54409869 0.54449972 0.5429916  0.54339343 0.54379587 0.5441989
 0.54460252 0.54500675 0.54541157 0.545817   0.54622303 0.54662967
 0.54703691 0.54744476 0.54785322 0.54826229 0.54867197 0.54908226
 0.54756748 0.54797863 0.5483904  0.54880279 0.5492158  0.54962943
 0.55004368 0.55045856 0.55087406 0.5512902  0.55170696 0.55212435
 0.55254237 0.55296103 0.55338032 0.55380025 0.55422082 0.55464202
 0.55506387 0.55548636 0.55590949 0.55633327 0.55675769 0.55718277
 0.55760849 0.55803486 0.55846189 0.55888957 0.5593179  0.55974689
 0.56017654 0.56060685 0.56103783 0.56146946 0.56190176 0.56233473
 0.56276836 0.56320267 0.56363764 0.56407329 0.56450961 0.5649466
 0.56343349 0.56387151 0.56431022 0.5647496  0.56518967 0.56563043
 0.56410849 0.56455029 0.56499279 0.56543597 0.56587986 0.56632444
 0.56676971 0.56721569 0.56766238 0.56810976 0.56855786 0.56900666
 0.56945616 0.56990638 0.56837853 0.56882986 0.5692819  0.56973465
 0.57018813 0.57064233 0.57109726 0.57155291 0.57200929 0.5724664
 0.57292424 0.57338281 0.57384212 0.57430216 0.57476295 0.57522447
 0.57568673 0.57614974 0.57661349 0.57707799 0.57754324 0.57800924
 0.57847599 0.5789435  0.57941176 0.57988079 0.58035057 0.58082111
 0.58129242 0.58176449 0.58223733 0.58271094 0.58318532 0.58166051
 0.5801245  0.58060063 0.58107755 0.58155525 0.58000938 0.58048835
 0.58096812 0.58144869 0.58193005 0.5824122  0.58289516 0.58337892
 0.58386348 0.58434884 0.58483502 0.585322   0.58377023 0.58425856
 0.5847477  0.58523766 0.58572844 0.58622005 0.58465928 0.58515225
 0.58564606 0.5861407  0.58663618 0.5871325  0.58556263 0.58606035
 0.58447905 0.58288562 0.58338529 0.58388581 0.5843872  0.58488944
 0.58539256 0.58589653 0.58429416 0.58479958 0.58530587 0.58369217
 0.58419991 0.58470854 0.58521805 0.58572844 0.58623973 0.5846163
 0.58512907 0.58564274 0.58615732 0.5866728  0.58718918 0.58770648
 0.58822468 0.58874381 0.58926385 0.58978481 0.59030669 0.59082949
 0.59135322 0.59187789 0.59240348 0.59293001 0.59345747 0.59398588
 0.59451522 0.59289084 0.59125339 0.59178502 0.59013501 0.59066825
 0.59120247 0.59173765 0.59227379 0.59281092 0.59334901 0.59388809
 0.59442814 0.59496918 0.5955112  0.59605421 0.59659822 0.59714321
 0.59768921 0.5982362  0.59878419 0.59933319 0.5998832  0.59823242
 0.59656797 0.59488966 0.59544292 0.59599721 0.59655253 0.59486242
 0.59541952 0.59371593 0.59427483 0.59483479 0.59539579 0.59595786
 0.59652099 0.59708519 0.59537173 0.59593777 0.59650489 0.59707309
 0.59534732 0.59591739 0.59648855 0.59706081 0.59763417 0.59820863
 0.59878419 0.59936087 0.59993865 0.60051756 0.60109757 0.59936505
 0.59994704 0.60053015 0.59878419 0.5993693  0.59995554 0.60054293
 0.60113148 0.60172118 0.60231204 0.60290405 0.60349724 0.60409159
 0.60468711 0.60528381 0.60588169 0.60648075 0.607081   0.60533213
 0.6059345  0.60653808 0.60714286 0.60774884 0.60835604 0.60659626
 0.60720564 0.60781625 0.60842808 0.60904115 0.60726938 0.60548148
 0.60609776 0.60671529 0.60733409 0.60553279 0.60615385 0.60677618
 0.60739979 0.60802469 0.60865088 0.60927835 0.60990712 0.61053719
 0.60872744 0.6069008  0.60753428 0.60569154 0.60632739 0.60696458
 0.60760311 0.60824298 0.6088842  0.60952678 0.61017071 0.61081601
 0.60896445 0.60961222 0.61026137 0.61091191 0.61156383 0.61221715
 0.61287186 0.61352798 0.6141855  0.61232531 0.61298542 0.61364695
 0.61430992 0.61243523 0.61310082 0.61120901 0.61187725 0.61254695
 0.61063894 0.60871204 0.60938561 0.60744073 0.60547639 0.60615385
 0.60683282 0.60751332 0.60553279 0.60353217 0.6042166  0.60219678
 0.60015623 0.60084461 0.59878419 0.5967024  0.59739472 0.59808865
 0.59598747 0.5966842  0.59738256 0.59808256 0.59878419 0.59666568
 0.59737019 0.59807635 0.59878419 0.59949371 0.60020491 0.6009178
 0.60163239 0.60234868 0.60306667 0.60378638 0.60165794 0.60238069
 0.60310518 0.60383142 0.6045594  0.60241329 0.60314439 0.60097621
 0.60171045 0.60244648 0.60318432 0.60392397 0.60466544 0.60540873
 0.60615385 0.60397154 0.60471993 0.60547018 0.6062223  0.60697628
 0.60773215 0.6084899  0.60924954 0.61001108 0.60781625 0.60858124
 0.60934815 0.610117   0.61088779 0.61166053 0.61243523 0.6132119
 0.61399053 0.61178349 0.61256575 0.61335002 0.61413629 0.61492459
 0.61571491 0.61650727 0.61730167 0.61809811 0.6158792  0.61667946
 0.61443636 0.61524047 0.6160467  0.61685504 0.6176655  0.6154031
 0.61621752 0.61392999 0.61474839 0.61556897 0.61639175 0.61721673
 0.61804392 0.61573819 0.6165695  0.61740306 0.61823888 0.61907696
 0.61991732 0.6175932  0.61524047 0.61285862 0.6104471  0.60800535
 0.60885773 0.60971252 0.60724377 0.60810289 0.60560463 0.60646813
 0.60733409 0.60820253 0.60907345 0.60994688 0.60742636 0.60830432
 0.60918481 0.61006787 0.60752064 0.60840833 0.60582966 0.6032168
 0.6041112  0.60500827 0.605908   0.60681041 0.60771552 0.60862332
 0.60598811 0.6069008  0.60781625 0.60873446 0.60607003 0.60699325
 0.60429448 0.60522273 0.60615385 0.60708783 0.60802469 0.60896445
 0.60990712 0.60718461 0.60813256 0.60908348 0.61003737 0.61099426
 0.61195415 0.61291707 0.61388302 0.61485202 0.61582408 0.61679922
 0.61777746 0.6187588  0.61974327 0.62073087 0.62172162 0.6189989
 0.61999561 0.62099553 0.62199868 0.62300507 0.62401473 0.62126665
 0.62228251 0.62330169 0.62432422 0.62535011 0.62637938 0.62360567
 0.6246414  0.62182925 0.62287151 0.62391727 0.62496656 0.62212124
 0.61923241 0.62029155 0.62135431 0.61842725 0.61949686 0.62057017
 0.62164721 0.61868416 0.61567433 0.61261661 0.61370717 0.6148016
 0.61170126 0.61280288 0.61390848 0.61076433 0.61187725 0.60868476
 0.60980507 0.61092951 0.61205811 0.61319088 0.60995886 0.61109931
 0.61224403 0.60896445 0.60562892 0.60678496 0.60794541 0.60911031
 0.61027968 0.6069008  0.60807831 0.6092604  0.6104471  0.61163843
 0.61283441 0.61403509 0.61524047 0.6164506  0.61304289 0.60957408
 0.61079701 0.61202485 0.61325765 0.61449541 0.61097996 0.60739979
 0.60865088 0.60990712 0.60626864 0.60753428 0.60383142 0.60005802
 0.60133727 0.602622   0.59878419 0.59487154 0.59088182 0.59218437
 0.58811921 0.5839722  0.58528839 0.58661053 0.58238681 0.57807588
 0.57941176 0.58075384 0.57636044 0.57771261 0.57322987 0.56865094
 0.57001692 0.57138948 0.57276867 0.57415452 0.5755471  0.57694646
 0.57835263 0.57976567 0.58118564 0.58261258 0.57797337 0.57941176
 0.58085734 0.58231014 0.57757976 0.57274102 0.5742101  0.57568673
 0.57717098 0.57223309 0.57372957 0.5752339  0.57674613 0.57826634
 0.57322987 0.57476295 0.57630424 0.57785383 0.57941176 0.58097813
 0.58255298 0.5841364  0.58572844 0.58732919 0.58893871 0.59055708
 0.59218437 0.59382065 0.59546599 0.59712048 0.59878419 0.6004572
 0.60213958 0.60383142 0.60553279 0.60724377 0.60221138 0.59704836
 0.59174955 0.59349267 0.59524609 0.5970099  0.59159159 0.59337349
 0.59516616 0.5969697  0.59878419 0.60060976 0.60244648 0.60429448
 0.60615385 0.60065234 0.60253219 0.60442383 0.59878419 0.60069697
 0.602622   0.6045594  0.60650931 0.60847183 0.6104471  0.61243523
 0.61443636 0.6164506  0.6184781  0.61277597 0.6069008  0.60896445
 0.61104218 0.61313414 0.61524047 0.61736133 0.61136309 0.61351114
 0.61567433 0.60950985 0.61170126 0.61390848 0.61613169 0.60980507
 0.61205811 0.61432786 0.60781625 0.610117   0.61243523 0.61477115
 0.61712496 0.61949686 0.62188706 0.62429577 0.62672322 0.62916962
 0.6316352  0.63412017 0.63662478 0.63008316 0.62330169 0.61626694
 0.61884817 0.6214511  0.6141855  0.61682975 0.61949686 0.62218713
 0.62490087 0.62763839 0.6304     0.62297256 0.61524047 0.60718461
 0.61003737 0.61291707 0.61582408 0.6187588  0.62172162 0.61343416
 0.6164506  0.61949686 0.62257336 0.62568058 0.61712496 0.62029155
 0.6234908  0.62672322 0.62998934 0.62114965 0.62448183 0.62784996
 0.63125462 0.62207907 0.6255557  0.6290714  0.63262685 0.63622271
 0.63985969 0.64353848 0.63412017 0.62419066 0.62799723 0.63185051
 0.6214511  0.62539683 0.61443636 0.6184781  0.62257336 0.62672322
 0.61524047 0.60302884 0.60733409 0.61170126 0.61613169 0.62062676
 0.62518791 0.62981659 0.63451432 0.63928266 0.64412321 0.64903763
 0.65402761 0.65909491 0.66424135 0.66946879 0.65739711 0.66280374
 0.66830004 0.67388826 0.66120434 0.64749384 0.65339967 0.65941423
 0.64477417 0.65102445 0.65739711 0.64169381 0.64833098 0.65510689
 0.63817593 0.61949686 0.62672322 0.63412017 0.61370717 0.59088182
 0.59878419 0.6069008  0.61524047 0.62381254 0.63262685 0.60781625
 0.61712496 0.62672322 0.63662478 0.60896445 0.57674613 0.58755859
 0.54976744 0.56125356 0.51597695 0.46028037 0.47242206 0.40176751
 0.41415557 0.42733189 0.44137416 0.45637066 0.47242206 0.48964374
 0.50816853 0.52815013 0.54976744 0.57322987 0.47242206 0.49873418
 0.52815013 0.56125356 0.59878419 0.64169381 0.69122807 0.52815013
 0.59878419 0.         0.         0.         1.        ]","[1.         1.         1.         1.         1.         1.
 1.         1.         0.99431818 0.99431818 0.99431818 0.99431818
 0.99431818 0.99431818 0.99431818 0.99431818 0.99431818 0.99431818
 0.99431818 0.99431818 0.99431818 0.99431818 0.99431818 0.99431818
 0.99431818 0.99431818 0.99431818 0.99431818 0.99431818 0.99431818
 0.99431818 0.99431818 0.99431818 0.99431818 0.99431818 0.99431818
 0.99431818 0.99431818 0.99431818 0.99431818 0.99431818 0.99431818
 0.99431818 0.99431818 0.99431818 0.99431818 0.99431818 0.99431818
 0.99431818 0.99431818 0.99431818 0.99431818 0.99431818 0.99431818
 0.99431818 0.99431818 0.99431818 0.99431818 0.98863636 0.98863636
 0.98863636 0.98863636 0.98863636 0.98863636 0.98863636 0.98863636
 0.98863636 0.98863636 0.98863636 0.98295455 0.98295455 0.98295455
 0.98295455 0.98295455 0.98295455 0.98295455 0.98295455 0.98295455
 0.98295455 0.98295455 0.98295455 0.98295455 0.98295455 0.98295455
 0.98295455 0.98295455 0.98295455 0.98295455 0.98295455 0.98295455
 0.98295455 0.98295455 0.98295455 0.98295455 0.97727273 0.97727273
 0.97727273 0.97727273 0.97727273 0.97727273 0.97727273 0.97727273
 0.97727273 0.97727273 0.97727273 0.97727273 0.97727273 0.97727273
 0.97727273 0.97727273 0.97727273 0.97727273 0.97159091 0.97159091
 0.97159091 0.97159091 0.97159091 0.97159091 0.97159091 0.97159091
 0.97159091 0.97159091 0.97159091 0.97159091 0.97159091 0.97159091
 0.97159091 0.97159091 0.97159091 0.97159091 0.96590909 0.96590909
 0.96590909 0.96590909 0.96590909 0.96590909 0.96590909 0.96590909
 0.96590909 0.96590909 0.96022727 0.96022727 0.96022727 0.96022727
 0.96022727 0.96022727 0.96022727 0.95454545 0.95454545 0.95454545
 0.95454545 0.95454545 0.95454545 0.95454545 0.95454545 0.95454545
 0.95454545 0.94886364 0.94886364 0.94886364 0.94886364 0.94886364
 0.94886364 0.94886364 0.94318182 0.94318182 0.94318182 0.94318182
 0.94318182 0.94318182 0.94318182 0.9375     0.9375     0.9375
 0.9375     0.9375     0.9375     0.9375     0.9375     0.9375
 0.9375     0.9375     0.93181818 0.93181818 0.93181818 0.93181818
 0.93181818 0.93181818 0.93181818 0.93181818 0.93181818 0.93181818
 0.93181818 0.93181818 0.93181818 0.93181818 0.93181818 0.93181818
 0.92613636 0.92613636 0.92613636 0.92613636 0.92613636 0.92613636
 0.92613636 0.92613636 0.92613636 0.92613636 0.92613636 0.92613636
 0.92613636 0.92613636 0.92613636 0.92613636 0.92613636 0.92613636
 0.92613636 0.92613636 0.92613636 0.92613636 0.92613636 0.92613636
 0.92613636 0.92613636 0.92613636 0.92613636 0.92613636 0.92613636
 0.92613636 0.92613636 0.92613636 0.92613636 0.92613636 0.92613636
 0.92613636 0.92613636 0.92613636 0.92613636 0.92613636 0.92613636
 0.92045455 0.92045455 0.92045455 0.92045455 0.92045455 0.92045455
 0.91477273 0.91477273 0.91477273 0.91477273 0.91477273 0.91477273
 0.91477273 0.91477273 0.91477273 0.91477273 0.91477273 0.91477273
 0.91477273 0.91477273 0.90909091 0.90909091 0.90909091 0.90909091
 0.90909091 0.90909091 0.90909091 0.90909091 0.90909091 0.90909091
 0.90909091 0.90909091 0.90909091 0.90909091 0.90909091 0.90909091
 0.90909091 0.90909091 0.90909091 0.90909091 0.90909091 0.90909091
 0.90909091 0.90909091 0.90909091 0.90909091 0.90909091 0.90909091
 0.90909091 0.90909091 0.90909091 0.90909091 0.90909091 0.90340909
 0.89772727 0.89772727 0.89772727 0.89772727 0.89204545 0.89204545
 0.89204545 0.89204545 0.89204545 0.89204545 0.89204545 0.89204545
 0.89204545 0.89204545 0.89204545 0.89204545 0.88636364 0.88636364
 0.88636364 0.88636364 0.88636364 0.88636364 0.88068182 0.88068182
 0.88068182 0.88068182 0.88068182 0.88068182 0.875      0.875
 0.86931818 0.86363636 0.86363636 0.86363636 0.86363636 0.86363636
 0.86363636 0.86363636 0.85795455 0.85795455 0.85795455 0.85227273
 0.85227273 0.85227273 0.85227273 0.85227273 0.85227273 0.84659091
 0.84659091 0.84659091 0.84659091 0.84659091 0.84659091 0.84659091
 0.84659091 0.84659091 0.84659091 0.84659091 0.84659091 0.84659091
 0.84659091 0.84659091 0.84659091 0.84659091 0.84659091 0.84659091
 0.84659091 0.84090909 0.83522727 0.83522727 0.82954545 0.82954545
 0.82954545 0.82954545 0.82954545 0.82954545 0.82954545 0.82954545
 0.82954545 0.82954545 0.82954545 0.82954545 0.82954545 0.82954545
 0.82954545 0.82954545 0.82954545 0.82954545 0.82954545 0.82386364
 0.81818182 0.8125     0.8125     0.8125     0.8125     0.80681818
 0.80681818 0.80113636 0.80113636 0.80113636 0.80113636 0.80113636
 0.80113636 0.80113636 0.79545455 0.79545455 0.79545455 0.79545455
 0.78977273 0.78977273 0.78977273 0.78977273 0.78977273 0.78977273
 0.78977273 0.78977273 0.78977273 0.78977273 0.78977273 0.78409091
 0.78409091 0.78409091 0.77840909 0.77840909 0.77840909 0.77840909
 0.77840909 0.77840909 0.77840909 0.77840909 0.77840909 0.77840909
 0.77840909 0.77840909 0.77840909 0.77840909 0.77840909 0.77272727
 0.77272727 0.77272727 0.77272727 0.77272727 0.77272727 0.76704545
 0.76704545 0.76704545 0.76704545 0.76704545 0.76136364 0.75568182
 0.75568182 0.75568182 0.75568182 0.75       0.75       0.75
 0.75       0.75       0.75       0.75       0.75       0.75
 0.74431818 0.73863636 0.73863636 0.73295455 0.73295455 0.73295455
 0.73295455 0.73295455 0.73295455 0.73295455 0.73295455 0.73295455
 0.72727273 0.72727273 0.72727273 0.72727273 0.72727273 0.72727273
 0.72727273 0.72727273 0.72727273 0.72159091 0.72159091 0.72159091
 0.72159091 0.71590909 0.71590909 0.71022727 0.71022727 0.71022727
 0.70454545 0.69886364 0.69886364 0.69318182 0.6875     0.6875
 0.6875     0.6875     0.68181818 0.67613636 0.67613636 0.67045455
 0.66477273 0.66477273 0.65909091 0.65340909 0.65340909 0.65340909
 0.64772727 0.64772727 0.64772727 0.64772727 0.64772727 0.64204545
 0.64204545 0.64204545 0.64204545 0.64204545 0.64204545 0.64204545
 0.64204545 0.64204545 0.64204545 0.64204545 0.63636364 0.63636364
 0.63636364 0.63636364 0.63636364 0.63068182 0.63068182 0.625
 0.625      0.625      0.625      0.625      0.625      0.625
 0.625      0.61931818 0.61931818 0.61931818 0.61931818 0.61931818
 0.61931818 0.61931818 0.61931818 0.61931818 0.61363636 0.61363636
 0.61363636 0.61363636 0.61363636 0.61363636 0.61363636 0.61363636
 0.61363636 0.60795455 0.60795455 0.60795455 0.60795455 0.60795455
 0.60795455 0.60795455 0.60795455 0.60795455 0.60227273 0.60227273
 0.59659091 0.59659091 0.59659091 0.59659091 0.59659091 0.59090909
 0.59090909 0.58522727 0.58522727 0.58522727 0.58522727 0.58522727
 0.58522727 0.57954545 0.57954545 0.57954545 0.57954545 0.57954545
 0.57954545 0.57386364 0.56818182 0.5625     0.55681818 0.55113636
 0.55113636 0.55113636 0.54545455 0.54545455 0.53977273 0.53977273
 0.53977273 0.53977273 0.53977273 0.53977273 0.53409091 0.53409091
 0.53409091 0.53409091 0.52840909 0.52840909 0.52272727 0.51704545
 0.51704545 0.51704545 0.51704545 0.51704545 0.51704545 0.51704545
 0.51136364 0.51136364 0.51136364 0.51136364 0.50568182 0.50568182
 0.5        0.5        0.5        0.5        0.5        0.5
 0.5        0.49431818 0.49431818 0.49431818 0.49431818 0.49431818
 0.49431818 0.49431818 0.49431818 0.49431818 0.49431818 0.49431818
 0.49431818 0.49431818 0.49431818 0.49431818 0.49431818 0.48863636
 0.48863636 0.48863636 0.48863636 0.48863636 0.48863636 0.48295455
 0.48295455 0.48295455 0.48295455 0.48295455 0.48295455 0.47727273
 0.47727273 0.47159091 0.47159091 0.47159091 0.47159091 0.46590909
 0.46022727 0.46022727 0.46022727 0.45454545 0.45454545 0.45454545
 0.45454545 0.44886364 0.44318182 0.4375     0.4375     0.4375
 0.43181818 0.43181818 0.43181818 0.42613636 0.42613636 0.42045455
 0.42045455 0.42045455 0.42045455 0.42045455 0.41477273 0.41477273
 0.41477273 0.40909091 0.40340909 0.40340909 0.40340909 0.40340909
 0.40340909 0.39772727 0.39772727 0.39772727 0.39772727 0.39772727
 0.39772727 0.39772727 0.39772727 0.39772727 0.39204545 0.38636364
 0.38636364 0.38636364 0.38636364 0.38636364 0.38068182 0.375
 0.375      0.375      0.36931818 0.36931818 0.36363636 0.35795455
 0.35795455 0.35795455 0.35227273 0.34659091 0.34090909 0.34090909
 0.33522727 0.32954545 0.32954545 0.32954545 0.32386364 0.31818182
 0.31818182 0.31818182 0.3125     0.3125     0.30681818 0.30113636
 0.30113636 0.30113636 0.30113636 0.30113636 0.30113636 0.30113636
 0.30113636 0.30113636 0.30113636 0.30113636 0.29545455 0.29545455
 0.29545455 0.29545455 0.28977273 0.28409091 0.28409091 0.28409091
 0.28409091 0.27840909 0.27840909 0.27840909 0.27840909 0.27840909
 0.27272727 0.27272727 0.27272727 0.27272727 0.27272727 0.27272727
 0.27272727 0.27272727 0.27272727 0.27272727 0.27272727 0.27272727
 0.27272727 0.27272727 0.27272727 0.27272727 0.27272727 0.27272727
 0.27272727 0.27272727 0.27272727 0.27272727 0.26704545 0.26136364
 0.25568182 0.25568182 0.25568182 0.25568182 0.25       0.25
 0.25       0.25       0.25       0.25       0.25       0.25
 0.25       0.24431818 0.24431818 0.24431818 0.23863636 0.23863636
 0.23863636 0.23863636 0.23863636 0.23863636 0.23863636 0.23863636
 0.23863636 0.23863636 0.23863636 0.23295455 0.22727273 0.22727273
 0.22727273 0.22727273 0.22727273 0.22727273 0.22159091 0.22159091
 0.22159091 0.21590909 0.21590909 0.21590909 0.21590909 0.21022727
 0.21022727 0.21022727 0.20454545 0.20454545 0.20454545 0.20454545
 0.20454545 0.20454545 0.20454545 0.20454545 0.20454545 0.20454545
 0.20454545 0.20454545 0.20454545 0.19886364 0.19318182 0.1875
 0.1875     0.1875     0.18181818 0.18181818 0.18181818 0.18181818
 0.18181818 0.18181818 0.18181818 0.17613636 0.17045455 0.16477273
 0.16477273 0.16477273 0.16477273 0.16477273 0.16477273 0.15909091
 0.15909091 0.15909091 0.15909091 0.15909091 0.15340909 0.15340909
 0.15340909 0.15340909 0.15340909 0.14772727 0.14772727 0.14772727
 0.14772727 0.14204545 0.14204545 0.14204545 0.14204545 0.14204545
 0.14204545 0.14204545 0.13636364 0.13068182 0.13068182 0.13068182
 0.125      0.125      0.11931818 0.11931818 0.11931818 0.11931818
 0.11363636 0.10795455 0.10795455 0.10795455 0.10795455 0.10795455
 0.10795455 0.10795455 0.10795455 0.10795455 0.10795455 0.10795455
 0.10795455 0.10795455 0.10795455 0.10795455 0.10227273 0.10227273
 0.10227273 0.10227273 0.09659091 0.09090909 0.09090909 0.09090909
 0.08522727 0.08522727 0.08522727 0.07954545 0.07954545 0.07954545
 0.07386364 0.06818182 0.06818182 0.06818182 0.0625     0.05681818
 0.05681818 0.05681818 0.05681818 0.05681818 0.05681818 0.05113636
 0.05113636 0.05113636 0.05113636 0.04545455 0.03977273 0.03977273
 0.03409091 0.03409091 0.02840909 0.02272727 0.02272727 0.01704545
 0.01704545 0.01704545 0.01704545 0.01704545 0.01704545 0.01704545
 0.01704545 0.01704545 0.01704545 0.01704545 0.01136364 0.01136364
 0.01136364 0.01136364 0.01136364 0.01136364 0.01136364 0.00568182
 0.00568182 0.         0.         0.         0.        ]","[2.47077291e-08 2.93191363e-08 3.14803266e-08 3.24574819e-08
 3.29553406e-08 3.33363407e-08 3.36682399e-08 3.83127978e-08
 3.97168282e-08 4.02405152e-08 4.22855981e-08 4.33067542e-08
 4.85156121e-08 4.91887554e-08 4.95702004e-08 5.49329435e-08
 5.56264521e-08 5.84900353e-08 6.06381402e-08 6.18469377e-08
 6.45196676e-08 6.56534185e-08 6.60991098e-08 6.84322400e-08
 6.95871291e-08 7.22676123e-08 7.33044333e-08 7.61335466e-08
 7.79926997e-08 8.29134729e-08 8.38090907e-08 8.40520410e-08
 8.45819579e-08 8.66840469e-08 8.68587513e-08 9.12393050e-08
 9.63009187e-08 9.67454917e-08 9.85385179e-08 9.93989517e-08
 1.00100983e-07 1.06145408e-07 1.08388182e-07 1.14224019e-07
 1.19369686e-07 1.26014850e-07 1.26378852e-07 1.36459903e-07
 1.37015465e-07 1.42642278e-07 1.42785765e-07 1.42960597e-07
 1.43219038e-07 1.43783808e-07 1.45190685e-07 1.53566125e-07
 1.54212513e-07 1.54865920e-07 1.55684581e-07 1.60167042e-07
 1.60186293e-07 1.62456693e-07 1.62534711e-07 1.69755771e-07
 1.69981989e-07 1.71463233e-07 1.74938605e-07 1.76282191e-07
 1.77872039e-07 1.89110744e-07 1.89212238e-07 1.93425998e-07
 1.93475087e-07 1.93965724e-07 2.02056711e-07 2.06484724e-07
 2.08067873e-07 2.10064974e-07 2.10527327e-07 2.17091800e-07
 2.17449773e-07 2.20340471e-07 2.26064794e-07 2.30527299e-07
 2.33631489e-07 2.35756593e-07 2.36133947e-07 2.38927760e-07
 2.44567299e-07 2.52753718e-07 2.55546289e-07 2.56081398e-07
 2.57298246e-07 2.68969302e-07 2.75807970e-07 2.93624592e-07
 2.96818408e-07 3.05740266e-07 3.05781372e-07 3.10280488e-07
 3.10651758e-07 3.16291970e-07 3.30097287e-07 3.30469144e-07
 3.31007211e-07 3.35127651e-07 3.35143140e-07 3.38202004e-07
 3.43847346e-07 3.48809368e-07 3.57457624e-07 3.58198982e-07
 3.63765391e-07 3.67243141e-07 3.78069691e-07 3.80773438e-07
 3.84700270e-07 4.03382813e-07 4.21612803e-07 4.41956669e-07
 4.52235009e-07 4.58480506e-07 4.67873877e-07 4.94441775e-07
 5.06432513e-07 5.09673757e-07 5.11180837e-07 5.39986908e-07
 5.42412121e-07 5.45359780e-07 5.51471018e-07 5.51952899e-07
 5.55066222e-07 5.62283848e-07 5.65150216e-07 5.69538652e-07
 5.70016699e-07 5.79426042e-07 5.86156699e-07 5.91787618e-07
 6.06073431e-07 6.10712223e-07 6.13278885e-07 6.15099039e-07
 6.18678597e-07 6.35200767e-07 6.35470931e-07 6.78354887e-07
 6.79695598e-07 6.90151904e-07 7.10180260e-07 7.10733138e-07
 7.63691316e-07 7.65706885e-07 7.90653314e-07 8.00599467e-07
 8.00913799e-07 8.36291359e-07 8.49489382e-07 8.66468967e-07
 8.72103904e-07 8.87166901e-07 8.95542200e-07 8.96528447e-07
 9.11370995e-07 9.11883680e-07 9.24429335e-07 9.41641139e-07
 9.99179024e-07 1.01845910e-06 1.03353203e-06 1.04321189e-06
 1.06953938e-06 1.07772792e-06 1.09223737e-06 1.10013369e-06
 1.13102990e-06 1.14114985e-06 1.17284424e-06 1.20099213e-06
 1.20861605e-06 1.21181120e-06 1.23488713e-06 1.23878434e-06
 1.27009559e-06 1.29783970e-06 1.30103493e-06 1.30549927e-06
 1.34265655e-06 1.35668344e-06 1.36934179e-06 1.38172430e-06
 1.40233804e-06 1.42213332e-06 1.43157361e-06 1.43460184e-06
 1.47082696e-06 1.47705933e-06 1.63915726e-06 1.67315951e-06
 1.68083590e-06 1.71422293e-06 1.71668336e-06 1.76925538e-06
 1.76936079e-06 1.82553432e-06 1.85839621e-06 1.90938584e-06
 1.92644748e-06 1.93788515e-06 1.96119347e-06 1.98164741e-06
 1.98608847e-06 2.04488072e-06 2.09272301e-06 2.20254593e-06
 2.21634010e-06 2.21880152e-06 2.34445794e-06 2.39680768e-06
 2.42608227e-06 2.43188791e-06 2.43816026e-06 2.44064248e-06
 2.51831928e-06 2.52726792e-06 2.56135754e-06 2.59345772e-06
 2.61328552e-06 2.65959753e-06 2.66170522e-06 2.76038619e-06
 2.78010194e-06 2.79550974e-06 2.84526919e-06 2.89470051e-06
 2.94131530e-06 3.05331742e-06 3.09530594e-06 3.18553234e-06
 3.23604871e-06 3.25167580e-06 3.27389693e-06 3.36687338e-06
 3.45172691e-06 3.48744114e-06 3.49640448e-06 3.55584664e-06
 3.60595742e-06 3.69781434e-06 3.72150341e-06 3.76044757e-06
 3.76720309e-06 3.76954215e-06 3.84179448e-06 3.96921801e-06
 3.97373976e-06 4.08296983e-06 4.09769873e-06 4.10040743e-06
 4.18510028e-06 4.23427639e-06 4.23556179e-06 4.24953113e-06
 4.33095352e-06 4.35406275e-06 4.39330941e-06 4.42561891e-06
 4.50484021e-06 4.60714516e-06 4.63041703e-06 4.85750641e-06
 4.90079664e-06 4.90575739e-06 4.96423624e-06 4.99324627e-06
 5.09933014e-06 5.15782824e-06 5.21767376e-06 5.31394992e-06
 5.31877437e-06 5.40381302e-06 5.51077702e-06 5.53232998e-06
 5.58119897e-06 5.69181031e-06 5.70434028e-06 6.02648655e-06
 6.06536929e-06 6.13807701e-06 6.51556447e-06 6.55741714e-06
 6.63347944e-06 6.65614122e-06 6.76169894e-06 6.84046305e-06
 6.84671672e-06 7.25372758e-06 7.35519192e-06 7.35849832e-06
 7.46132196e-06 7.51896539e-06 7.53172272e-06 7.66313004e-06
 7.78621055e-06 7.98100504e-06 8.04917962e-06 8.06004922e-06
 8.20788996e-06 8.31819680e-06 8.74306062e-06 8.84820129e-06
 9.16542919e-06 9.21437243e-06 9.41026969e-06 9.64720785e-06
 1.00066121e-05 1.02577466e-05 1.03353050e-05 1.03449460e-05
 1.04152014e-05 1.04212608e-05 1.05875923e-05 1.09442450e-05
 1.12594636e-05 1.13002120e-05 1.13463917e-05 1.15147188e-05
 1.15294081e-05 1.15885042e-05 1.16449206e-05 1.17287427e-05
 1.17470902e-05 1.19917270e-05 1.21068302e-05 1.24062191e-05
 1.26091162e-05 1.30588485e-05 1.31067394e-05 1.33661354e-05
 1.34711914e-05 1.36511233e-05 1.38849721e-05 1.40612450e-05
 1.41011980e-05 1.43472200e-05 1.43677874e-05 1.49203097e-05
 1.49458282e-05 1.51203250e-05 1.54497665e-05 1.55192517e-05
 1.59182614e-05 1.59498925e-05 1.60157233e-05 1.64116845e-05
 1.64982881e-05 1.66736325e-05 1.72078034e-05 1.75343420e-05
 1.76435939e-05 1.77202503e-05 1.78707981e-05 1.81482143e-05
 1.83572039e-05 1.83779943e-05 1.87835573e-05 1.88669923e-05
 1.88716854e-05 1.93640731e-05 1.94558912e-05 1.99896635e-05
 2.01123424e-05 2.10395338e-05 2.16466011e-05 2.16884215e-05
 2.18756458e-05 2.21698952e-05 2.23062545e-05 2.24308349e-05
 2.28910304e-05 2.33645308e-05 2.39380872e-05 2.40141248e-05
 2.44989403e-05 2.50971034e-05 2.51762198e-05 2.52505413e-05
 2.54333004e-05 2.61064272e-05 2.72983118e-05 2.74366875e-05
 2.90109671e-05 2.92932431e-05 3.22667707e-05 3.24745838e-05
 3.26258688e-05 3.30568430e-05 3.35801815e-05 3.36433201e-05
 3.37179239e-05 3.42134521e-05 3.42516205e-05 3.46847877e-05
 3.48120522e-05 3.61936564e-05 3.70409681e-05 3.81240650e-05
 3.82287211e-05 3.85780004e-05 3.91989802e-05 3.98903514e-05
 4.01260823e-05 4.09941848e-05 4.13356710e-05 4.16916572e-05
 4.19880696e-05 4.22304510e-05 4.30309379e-05 4.40440212e-05
 4.46325738e-05 4.53388184e-05 4.66942420e-05 4.80006382e-05
 5.03404685e-05 5.10822653e-05 5.15160211e-05 5.17843847e-05
 5.18399981e-05 5.18591194e-05 5.24105431e-05 5.30860845e-05
 5.35093203e-05 5.51243488e-05 5.53240775e-05 5.61310985e-05
 5.65217395e-05 5.67140270e-05 5.71479599e-05 5.80918110e-05
 5.82108654e-05 5.87439746e-05 5.92277208e-05 6.08526180e-05
 6.39203691e-05 6.62509722e-05 6.64763734e-05 7.05144007e-05
 7.52212581e-05 7.74962661e-05 7.86248722e-05 7.89056750e-05
 8.65603020e-05 8.68639443e-05 8.80068159e-05 8.91884550e-05
 9.08311064e-05 9.14153957e-05 9.38964018e-05 9.41363151e-05
 9.79094523e-05 9.79212928e-05 9.80596164e-05 9.90271225e-05
 1.00280467e-04 1.03004215e-04 1.05000902e-04 1.07194481e-04
 1.09611920e-04 1.11918811e-04 1.12012753e-04 1.13053450e-04
 1.13799870e-04 1.14422818e-04 1.15217117e-04 1.15369061e-04
 1.15940392e-04 1.16266120e-04 1.17320253e-04 1.17875444e-04
 1.19232559e-04 1.19577001e-04 1.21222159e-04 1.23165412e-04
 1.25984145e-04 1.26023839e-04 1.27082638e-04 1.27324439e-04
 1.27510738e-04 1.27529999e-04 1.28846184e-04 1.29882366e-04
 1.32156791e-04 1.36495993e-04 1.38384799e-04 1.38396293e-04
 1.38863847e-04 1.39041832e-04 1.40430468e-04 1.41247929e-04
 1.42285770e-04 1.43499025e-04 1.44947123e-04 1.45867596e-04
 1.48587279e-04 1.49380156e-04 1.50298280e-04 1.51216809e-04
 1.51268993e-04 1.52411214e-04 1.52590371e-04 1.55379185e-04
 1.58476294e-04 1.65537261e-04 1.68938810e-04 1.74679119e-04
 1.78470541e-04 1.78812231e-04 1.81053214e-04 1.83697590e-04
 1.83801470e-04 1.84635865e-04 1.85364148e-04 1.89829925e-04
 1.90250462e-04 1.92000259e-04 1.96566334e-04 2.04852591e-04
 2.06387349e-04 2.06958638e-04 2.08271599e-04 2.09736179e-04
 2.09860187e-04 2.12509017e-04 2.20012245e-04 2.20387404e-04
 2.24387656e-04 2.27899573e-04 2.35676393e-04 2.39400728e-04
 2.39902924e-04 2.40536137e-04 2.44536863e-04 2.45121315e-04
 2.45551654e-04 2.49426471e-04 2.70308049e-04 2.70910790e-04
 2.71799461e-04 2.77179496e-04 2.79401800e-04 2.81631859e-04
 3.00762484e-04 3.04980153e-04 3.07698017e-04 3.09953405e-04
 3.11457626e-04 3.18490236e-04 3.19503004e-04 3.21592847e-04
 3.25632807e-04 3.29891558e-04 3.39300853e-04 3.40498578e-04
 3.47514702e-04 3.51339198e-04 3.55052686e-04 3.62919028e-04
 3.74912422e-04 4.00752923e-04 4.03156521e-04 4.04131549e-04
 4.10036491e-04 4.17017832e-04 4.22573182e-04 4.23675139e-04
 4.23984872e-04 4.24245643e-04 4.24865743e-04 4.30967731e-04
 4.39204890e-04 4.52648932e-04 4.55710278e-04 4.55887394e-04
 4.56116546e-04 4.58985164e-04 4.60335093e-04 4.67760607e-04
 4.69504623e-04 4.74685714e-04 4.85035238e-04 4.86757323e-04
 5.20830706e-04 5.27330319e-04 5.31145127e-04 5.56055498e-04
 5.76113358e-04 5.95632591e-04 6.01155824e-04 6.03540892e-04
 6.27332938e-04 6.45377894e-04 6.52341261e-04 6.54953790e-04
 6.60887772e-04 6.69766434e-04 6.79375958e-04 6.83789609e-04
 6.85548939e-04 6.85847007e-04 7.04105457e-04 7.09340122e-04
 7.13027614e-04 7.13032454e-04 7.17743140e-04 7.42031757e-04
 7.48675861e-04 7.62025864e-04 7.74696917e-04 7.97867455e-04
 8.21290235e-04 8.27161570e-04 8.49488943e-04 8.50572461e-04
 8.65802931e-04 8.73392076e-04 9.04034865e-04 9.06155811e-04
 9.24103931e-04 9.58153435e-04 9.63171418e-04 9.68805458e-04
 9.71236700e-04 1.00276699e-03 1.01501773e-03 1.02323244e-03
 1.02812211e-03 1.03619248e-03 1.03695567e-03 1.05559959e-03
 1.10424338e-03 1.13961433e-03 1.14851879e-03 1.16236283e-03
 1.17532306e-03 1.18573677e-03 1.21644273e-03 1.21723719e-03
 1.22752586e-03 1.33620197e-03 1.42022065e-03 1.42896227e-03
 1.47750925e-03 1.48463273e-03 1.50486801e-03 1.56883444e-03
 1.57814130e-03 1.61159653e-03 1.62670823e-03 1.65681965e-03
 1.71229263e-03 1.81255553e-03 1.84608374e-03 1.86597764e-03
 1.90490745e-03 1.91452046e-03 1.92111969e-03 1.92260486e-03
 2.03320948e-03 2.03555475e-03 2.06282651e-03 2.13262502e-03
 2.29707627e-03 2.31182455e-03 2.40777257e-03 2.42409892e-03
 2.46334677e-03 2.48953898e-03 2.52888548e-03 2.53240677e-03
 2.53285997e-03 2.56243626e-03 2.72400415e-03 2.76917128e-03
 2.92885718e-03 2.99318526e-03 3.05239787e-03 3.28331162e-03
 3.36143564e-03 3.41284200e-03 3.47163568e-03 3.49134996e-03
 3.50328094e-03 3.52124861e-03 3.54172986e-03 3.58073901e-03
 3.60707122e-03 3.65579793e-03 3.71865681e-03 3.75917465e-03
 3.88904579e-03 3.96839597e-03 4.34814059e-03 4.63907568e-03
 4.67651491e-03 4.78743755e-03 4.91923545e-03 4.95723346e-03
 5.21915202e-03 5.24644994e-03 5.45095087e-03 5.55371396e-03
 5.62343443e-03 5.85494598e-03 5.86901867e-03 5.96449562e-03
 6.23561826e-03 6.37297060e-03 6.42980385e-03 6.46766155e-03
 6.82660428e-03 6.83489713e-03 6.84522679e-03 6.93876135e-03
 6.98087144e-03 7.08404546e-03 7.27086812e-03 7.34135184e-03
 7.35680713e-03 7.50160173e-03 7.74911062e-03 7.79895074e-03
 7.94152012e-03 7.96075605e-03 8.25378817e-03 8.29180336e-03
 8.79820087e-03 8.88597877e-03 8.98510810e-03 9.01478950e-03
 9.26815461e-03 9.73933951e-03 9.82850694e-03 1.04414534e-02
 1.06403712e-02 1.08441385e-02 1.08949481e-02 1.09146484e-02
 1.09581428e-02 1.12550436e-02 1.13003842e-02 1.14087967e-02
 1.14674884e-02 1.16319206e-02 1.22209198e-02 1.31583784e-02
 1.35557414e-02 1.37871330e-02 1.39731952e-02 1.49514401e-02
 1.52016998e-02 1.54096093e-02 1.58332181e-02 1.59825868e-02
 1.62012035e-02 1.63400739e-02 1.63428905e-02 1.63707451e-02
 1.67446863e-02 1.69939377e-02 1.69970816e-02 1.70496833e-02
 1.74951590e-02 1.77183037e-02 1.83563729e-02 1.88324740e-02
 1.91277773e-02 1.93642500e-02 1.99021341e-02 2.08668948e-02
 2.12069283e-02 2.16193786e-02 2.25633178e-02 2.28070974e-02
 2.29649007e-02 2.33563393e-02 2.37199853e-02 2.43598848e-02
 2.52479224e-02 2.54858299e-02 2.64701659e-02 2.71559981e-02
 2.79862400e-02 2.80312067e-02 2.80736478e-02 2.80860943e-02
 2.81068539e-02 2.93163149e-02 3.01574949e-02 3.01606149e-02
 3.02870918e-02 3.04620308e-02 3.04930551e-02 3.09827754e-02
 3.20977343e-02 3.24201702e-02 3.26327067e-02 3.41865684e-02
 3.47416579e-02 3.50534095e-02 3.84850007e-02 4.00667293e-02
 4.15607945e-02 4.51498214e-02 4.60600270e-02 4.62591447e-02
 4.70321731e-02 4.70662313e-02 4.76964448e-02 4.88767381e-02
 4.94830781e-02 5.01421084e-02 5.08155872e-02 5.25779512e-02
 5.29131125e-02 5.38320431e-02 5.38910554e-02 5.39376862e-02
 5.41225683e-02 5.54430507e-02 5.58203931e-02 5.69911191e-02
 5.75278114e-02 6.00051749e-02 6.30286049e-02 6.38758842e-02
 6.52844175e-02 6.70629333e-02 6.71541508e-02 6.80794938e-02
 7.61281789e-02 7.74502216e-02 8.06668888e-02 8.14617736e-02
 8.16397125e-02 8.25577773e-02 8.82473245e-02 9.07600109e-02
 9.09746056e-02 9.72752902e-02 1.02150476e-01 1.02882399e-01
 1.04438574e-01 1.08260773e-01 1.12224757e-01 1.25208064e-01
 1.34619654e-01 1.35838818e-01 1.38131186e-01 1.39243461e-01
 1.42820408e-01 1.46088462e-01 1.59394286e-01 1.59629342e-01
 1.64967196e-01 1.80313664e-01 1.80377451e-01 1.90031129e-01
 2.01119361e-01 2.10735239e-01 2.27240590e-01 2.39405978e-01
 2.40915112e-01 2.51257459e-01 2.55845134e-01 2.65055615e-01
 2.70672427e-01 2.71832129e-01 2.73206292e-01 2.84401688e-01
 2.85646367e-01 2.87938883e-01 2.89414568e-01 2.91954136e-01
 3.25476847e-01 3.42369113e-01 3.45630678e-01 3.61362062e-01
 3.62480455e-01 3.76964562e-01 4.01809764e-01 4.11278311e-01
 4.13229728e-01 4.18759628e-01 4.23729896e-01 4.24921179e-01
 4.47348673e-01 4.60019451e-01 4.69343884e-01 4.78203427e-01
 4.79597625e-01 5.23038821e-01 5.34789262e-01 5.50058339e-01
 5.53556954e-01 5.87802754e-01 6.27814413e-01 6.29250996e-01
 6.32948091e-01 6.35600709e-01 6.46988668e-01 6.66878209e-01
 6.81060291e-01 6.90425339e-01 6.91133222e-01 6.94745320e-01
 6.96746299e-01 6.99046976e-01 7.05459610e-01 7.57801253e-01
 7.81233826e-01 7.92324339e-01 7.93422697e-01 8.01757202e-01
 8.05595598e-01 8.10050923e-01 8.44758445e-01 8.62426073e-01
 8.66387178e-01 8.69345092e-01 8.72313386e-01 8.85260620e-01
 8.87092921e-01 8.94902018e-01 9.08704114e-01 9.20462358e-01
 9.34789115e-01 9.35290982e-01 9.37226823e-01 9.54417180e-01
 9.57422706e-01 9.62764713e-01 9.66471134e-01 9.68439868e-01
 9.71106476e-01 9.85321716e-01 9.86583116e-01 9.87329269e-01
 9.87697005e-01 9.87939154e-01 9.88176403e-01 9.88770186e-01
 9.90440414e-01 9.92082946e-01 9.96171015e-01 9.98541299e-01
 9.99192761e-01 9.99325307e-01 9.99409980e-01 9.99432661e-01
 9.99782674e-01 9.99835523e-01 9.99926904e-01 9.99985778e-01]"
Hyperledger,is_change_text_num_words_5,NN,[],0.733402489626556,"[[676 112]
 [145  31]]","              precision    recall  f1-score   support

           0       0.82      0.86      0.84       788
           1       0.22      0.18      0.19       176

    accuracy                           0.73       964
   macro avg       0.52      0.52      0.52       964
weighted avg       0.71      0.73      0.72       964
",0.1950876816962967,0.19874839638743316,0.48449036686663594,"[0 0 0 0 0 1 0 0 0 0 0 0 0 0 0 0 0 0 0 0 0 0 0 0 0 0 0 0 0 0 0 0 0 0 0 0 0
 1 0 0 0 0 0 0 0 0 0 0 0 0 0 0 0 0 0 0 0 0 0 0 0 0 1 0 0 0 0 0 0 0 0 0 0 1
 0 1 0 0 0 0 0 0 0 0 0 1 0 0 0 0 0 0 0 1 0 0 0 0 0 0 0 0 0 0 1 0 0 0 0 0 0
 0 0 0 1 0 1 0 0 0 0 0 0 0 1 0 1 0 0 0 0 0 0 0 0 0 0 0 0 1 0 0 0 0 0 0 0 0
 0 0 0 0 0 0 0 1 1 0 0 0 0 0 0 0 0 0 0 0 0 1 0 0 0 0 0 0 0 0 0 0 0 0 0 0 0
 0 0 0 0 0 0 0 0 0 0 0 0 0 0 0 0 0 0 0 0 0 0 0 1 0 0 0 0 0 0 0 1 0 0 0 0 0
 0 0 0 0 0 0 0 0 0 0 0 0 0 0 0 0 0 0 0 0 0 0 0 0 0 1 0 0 0 1 1 0 0 0 0 0 0
 0 0 0 0 0 0 0 0 0 0 0 0 0 0 1 0 0 0 0 0 0 0 0 0 0 0 1 0 0 0 0 0 0 0 0 1 1
 1 1 0 0 0 0 0 0 0 0 0 0 0 0 0 0 0 0 0 0 0 0 0 0 0 0 0 0 1 0 0 0 0 0 0 0 0
 0 0 0 0 0 0 1 0 1 0 0 1 0 0 0 0 0 0 1 0 0 1 0 0 0 0 0 0 0 0 0 0 0 0 0 0 0
 0 0 0 0 1 1 1 1 0 1 1 0 0 0 1 0 0 0 0 0 0 0 0 0 0 0 0 0 0 1 0 1 0 0 1 0 0
 0 1 0 0 0 0 0 1 0 0 0 0 0 0 0 0 0 0 0 0 0 0 1 0 0 0 0 1 0 1 0 0 0 0 0 0 0
 0 0 0 1 0 0 0 0 0 0 1 1 0 0 0 0 0 0 0 0 0 0 1 0 0 0 0 0 0 0 0 0 0 0 1 0 0
 0 0 0 0 0 1 1 0 0 0 0 0 0 1 0 0 0 0 0 0 0 0 0 0 0 0 0 0 0 0 0 0 0 0 0 0 0
 0 0 0 0 0 0 0 0 0 1 0 0 0 0 0 0 1 0 0 0 0 0 0 0 0 0 0 0 0 0 0 0 0 0 0 0 0
 0 0 0 0 0 0 1 0 0 0 0 0 1 0 0 1 0 1 0 0 1 1 1 1 0 1 1 1 0 1 1 1 1 1 1 1 1
 0 1 0 0 0 0 1 0 0 0 0 1 0 0 0 0 0 0 1 1 0 0 0 0 1 0 0 0 0 0 1 0 0 0 0 0 0
 0 0 1 0 0 0 0 0 0 1 0 0 0 0 1 0 0 0 0 0 0 0 0 0 0 0 0 0 0 1 0 0 1 1 0 0 0
 0 0 0 0 0 0 1 1 0 0 1 1 0 0 0 0 0 1 0 0 1 0 0 0 0 0 1 1 0 0 0 0 0 0 0 0 1
 1 0 1 1 0 0 0 0 0 0 1 1 0 0 0 0 0 0 1 0 1 0 0 0 0 0 0 0 0 0 0 0 0 0 0 0 0
 1 0 0 0 0 0 0 1 0 1 0 0 0 0 0 0 0 1 0 0 0 0 0 0 0 0 0 0 0 0 1 0 0 1 0 0 0
 0 1 0 0 0 0 0 0 0 0 0 0 0 0 1 0 0 0 0 0 0 0 0 0 0 1 0 0 1 1 0 0 0 0 0 0 0
 0 0 0 0 0 0 0 0 0 0 0 0 0 0 0 1 0 0 0 0 0 0 0 0 1 0 0 0 0 0 0 0 1 0 0 1 0
 1 1 0 1 0 1 0 1 0 0 0 0 0 0 0 0 0 0 0 0 0 1 1 0 0 0 0 0 0 0 1 0 0 0 1 0 0
 0 0 1 0 0 0 0 0 0 0 0 0 0 0 1 0 0 0 0 1 0 0 0 0 0 0 0 0 0 0 0 1 0 0 1 0 0
 0 1 1 0 0 0 0 1 0 0 0 0 0 0 0 0 0 1 0 0 0 0 0 0 1 0 1 1 0 0 0 0 0 0 0 0 1
 0 0]","[0.18257261 0.18172378 0.18191268 0.18210198 0.18229167 0.18248175
 0.18267223 0.18286311 0.18305439 0.18324607 0.18238994 0.18258132
 0.18277311 0.1829653  0.18315789 0.18229715 0.1814346  0.18162619
 0.18181818 0.18201058 0.18220339 0.18239661 0.18259023 0.18172157
 0.18191489 0.18210863 0.18230277 0.18249733 0.18269231 0.1828877
 0.18308351 0.18327974 0.18347639 0.18367347 0.18387097 0.18406889
 0.18426724 0.18446602 0.18466523 0.18486486 0.18506494 0.18526544
 0.18438178 0.18458198 0.18478261 0.18498368 0.18518519 0.18538713
 0.18558952 0.18579235 0.18599562 0.18510405 0.18530702 0.18551043
 0.18571429 0.18481848 0.1839207  0.18412348 0.18432671 0.18453039
 0.18473451 0.18493909 0.18514412 0.18423973 0.18333333 0.18242492
 0.18151448 0.18171683 0.18191964 0.18212291 0.18232662 0.1825308
 0.18273543 0.18181818 0.18202247 0.18222722 0.18243243 0.18263811
 0.18284424 0.1819209  0.18099548 0.18120045 0.1814059  0.18047673
 0.18068182 0.17974972 0.17995444 0.18015964 0.1803653  0.18057143
 0.18077803 0.18098511 0.18119266 0.18025258 0.18045977 0.18066743
 0.1797235  0.17877739 0.17898383 0.17803468 0.17708333 0.17612978
 0.17633411 0.17653891 0.17674419 0.17694994 0.17715618 0.17619603
 0.17640187 0.17660819 0.17681499 0.17584994 0.17488263 0.17508813
 0.17529412 0.17550059 0.17570755 0.17591499 0.1749409  0.17514793
 0.17417062 0.17319098 0.17339667 0.17360285 0.17380952 0.17282479
 0.17303103 0.17323775 0.17344498 0.17365269 0.17386091 0.17406963
 0.17427885 0.17448857 0.1746988  0.17490953 0.17512077 0.17533253
 0.17554479 0.17575758 0.17597087 0.17618469 0.17518248 0.17539586
 0.17560976 0.17582418 0.17603912 0.17625459 0.17647059 0.17668712
 0.17690418 0.17589176 0.17610837 0.17632552 0.17530864 0.17552534
 0.17574257 0.17472119 0.17369727 0.17391304 0.17412935 0.1743462
 0.17456359 0.17478152 0.175      0.17521902 0.1754386  0.17565872
 0.1758794  0.17484277 0.17506297 0.17528373 0.17550505 0.17572693
 0.17468354 0.17490494 0.1751269  0.17534943 0.17557252 0.17579618
 0.17602041 0.17624521 0.17647059 0.17669654 0.17692308 0.1758665
 0.1748072  0.17503218 0.17525773 0.17548387 0.1744186  0.17464424
 0.17487047 0.17509728 0.17532468 0.17555267 0.17578125 0.17601043
 0.17624021 0.1751634  0.17408377 0.17431193 0.17454068 0.17477004
 0.175      0.17523057 0.17546174 0.17569353 0.17592593 0.17615894
 0.17639257 0.1752988  0.17553191 0.17576565 0.176      0.17623498
 0.17647059 0.17536814 0.17560322 0.17583893 0.17607527 0.17631225
 0.17654987 0.17678812 0.17702703 0.17726658 0.17615176 0.17503392
 0.17391304 0.17278912 0.17302452 0.17326057 0.17349727 0.17236662
 0.17260274 0.17283951 0.1717033  0.17193948 0.17217631 0.17241379
 0.17265193 0.17289073 0.17313019 0.17337032 0.17361111 0.17385257
 0.17409471 0.17294282 0.17318436 0.17202797 0.17086835 0.17110799
 0.17134831 0.17158931 0.17042254 0.17066291 0.17090395 0.17114569
 0.1713881  0.17163121 0.171875   0.17211949 0.17236467 0.17261056
 0.17285714 0.17167382 0.17191977 0.17216643 0.17241379 0.17266187
 0.17291066 0.17316017 0.1734104  0.17366136 0.17391304 0.17416546
 0.1744186  0.17321689 0.17201166 0.17226277 0.17251462 0.1727672
 0.17302053 0.1732746  0.17205882 0.17083947 0.17109145 0.17134417
 0.17011834 0.17037037 0.17062315 0.17087667 0.17113095 0.17138599
 0.17014925 0.16890882 0.16916168 0.16941529 0.16816817 0.16842105
 0.16716867 0.16591252 0.16616314 0.16490166 0.16515152 0.16540212
 0.1656535  0.16590563 0.16615854 0.16641221 0.16666667 0.1669219
 0.16717791 0.16743472 0.16769231 0.16795069 0.16820988 0.16846986
 0.16718266 0.16744186 0.16614907 0.16640747 0.16666667 0.16692668
 0.165625   0.16588419 0.1661442  0.16483516 0.16509434 0.16535433
 0.16561514 0.16587678 0.16613924 0.16481775 0.16349206 0.16375199
 0.16401274 0.16267943 0.1629393  0.1632     0.16346154 0.16372392
 0.16237942 0.1626409  0.16290323 0.1631664  0.16343042 0.1636953
 0.16396104 0.16422764 0.16286645 0.16313214 0.16339869 0.16366612
 0.16229508 0.16256158 0.16282895 0.1630972  0.16171617 0.16198347
 0.16225166 0.16252073 0.1627907  0.16306156 0.16333333 0.16360601
 0.16220736 0.16247906 0.16275168 0.16302521 0.16329966 0.16357504
 0.16385135 0.1641286  0.16440678 0.16468591 0.16496599 0.16524702
 0.16552901 0.16581197 0.16438356 0.16295026 0.16151203 0.16179002
 0.16206897 0.16234888 0.16262976 0.16291161 0.16319444 0.16347826
 0.16376307 0.16404887 0.16433566 0.16462347 0.16491228 0.16520211
 0.16549296 0.16578483 0.16431095 0.16460177 0.16312057 0.1634103
 0.16192171 0.16221034 0.1625     0.1627907  0.16308244 0.16157989
 0.1618705  0.16036036 0.15884477 0.15913201 0.15942029 0.15970962
 0.16       0.16029144 0.15875912 0.15904936 0.15934066 0.15963303
 0.15992647 0.16022099 0.16051661 0.16081331 0.16111111 0.15955473
 0.1598513  0.16014898 0.16044776 0.16074766 0.16104869 0.16135084
 0.16165414 0.16007533 0.16037736 0.16068053 0.15909091 0.15939279
 0.15969582 0.16       0.16030534 0.15869981 0.15900383 0.15930902
 0.15769231 0.15799615 0.15830116 0.15860735 0.15891473 0.1592233
 0.15953307 0.15984405 0.15820312 0.15851272 0.15882353 0.15913556
 0.15944882 0.15976331 0.16007905 0.16039604 0.16071429 0.1610338
 0.16135458 0.16167665 0.16       0.15831663 0.15863454 0.15895372
 0.15927419 0.15959596 0.15991903 0.16024341 0.16056911 0.16089613
 0.16122449 0.16155419 0.16188525 0.16221766 0.16255144 0.16082474
 0.16115702 0.16149068 0.16182573 0.16216216 0.1625     0.16283925
 0.16317992 0.16352201 0.16386555 0.16421053 0.16455696 0.16490486
 0.16525424 0.1656051  0.16595745 0.1663113  0.16666667 0.16702355
 0.16738197 0.16774194 0.16810345 0.16846652 0.16883117 0.1691974
 0.16956522 0.16993464 0.17030568 0.17067834 0.17105263 0.17142857
 0.17180617 0.17218543 0.17256637 0.172949   0.17333333 0.17371938
 0.17410714 0.17449664 0.17488789 0.1752809  0.17567568 0.17607223
 0.17647059 0.17460317 0.175      0.17539863 0.17579909 0.17620137
 0.1766055  0.17471264 0.17281106 0.17321016 0.17361111 0.17401392
 0.1744186  0.17482517 0.17523364 0.17564403 0.17605634 0.17647059
 0.17688679 0.1749409  0.17535545 0.17577197 0.17380952 0.17422434
 0.1722488  0.17266187 0.17307692 0.17349398 0.17391304 0.17433414
 0.17475728 0.17518248 0.17560976 0.17603912 0.17647059 0.17690418
 0.1773399  0.17777778 0.17821782 0.17866005 0.17910448 0.17955112
 0.18       0.18045113 0.18090452 0.1813602  0.17929293 0.17974684
 0.18020305 0.18066158 0.17857143 0.17902813 0.17948718 0.17994859
 0.18041237 0.17829457 0.1761658  0.17662338 0.17708333 0.17754569
 0.17801047 0.17847769 0.17894737 0.176781   0.17724868 0.17771883
 0.17819149 0.17866667 0.17914439 0.17962466 0.18010753 0.18059299
 0.18108108 0.18157182 0.18206522 0.18256131 0.18306011 0.18356164
 0.18406593 0.184573   0.18508287 0.18559557 0.18611111 0.18662953
 0.18715084 0.18487395 0.18539326 0.18591549 0.18644068 0.18696884
 0.1875     0.18803419 0.18857143 0.18911175 0.18965517 0.19020173
 0.18786127 0.1884058  0.18604651 0.18658892 0.1871345  0.18768328
 0.18823529 0.18584071 0.18343195 0.18397626 0.18452381 0.18507463
 0.18562874 0.18618619 0.18674699 0.18429003 0.18484848 0.18541033
 0.18597561 0.18654434 0.18711656 0.18769231 0.1882716  0.18575851
 0.1863354  0.18691589 0.1875     0.18808777 0.18867925 0.18611987
 0.18670886 0.18730159 0.18789809 0.1884984  0.18910256 0.18971061
 0.19032258 0.19093851 0.19155844 0.19218241 0.19281046 0.19344262
 0.19407895 0.19141914 0.19205298 0.19269103 0.19333333 0.19397993
 0.19463087 0.1952862  0.19594595 0.19322034 0.19387755 0.19453925
 0.19520548 0.19587629 0.19655172 0.19723183 0.19791667 0.19512195
 0.1958042  0.19649123 0.1971831  0.19787986 0.19858156 0.19928826
 0.2        0.20071685 0.20143885 0.20216606 0.19927536 0.2
 0.20072993 0.2014652  0.20220588 0.20295203 0.2037037  0.20446097
 0.20522388 0.20599251 0.20676692 0.20754717 0.20833333 0.20912548
 0.20992366 0.20689655 0.20384615 0.2046332  0.20542636 0.20622568
 0.20703125 0.20784314 0.20866142 0.20948617 0.21031746 0.21115538
 0.212      0.21285141 0.21370968 0.2145749  0.21544715 0.21632653
 0.21311475 0.21399177 0.21487603 0.21576763 0.21666667 0.21757322
 0.21848739 0.21518987 0.21610169 0.21702128 0.21794872 0.21888412
 0.21982759 0.22077922 0.22173913 0.22270742 0.22368421 0.2246696
 0.22566372 0.22666667 0.22321429 0.21973094 0.22072072 0.22171946
 0.22272727 0.22374429 0.22018349 0.21658986 0.21759259 0.21395349
 0.21028037 0.21126761 0.21226415 0.21327014 0.20952381 0.21052632
 0.21153846 0.21256039 0.21359223 0.21463415 0.21078431 0.21182266
 0.20792079 0.2039801  0.205      0.20603015 0.20707071 0.20812183
 0.20918367 0.21025641 0.21134021 0.21243523 0.21354167 0.21465969
 0.21578947 0.21693122 0.21808511 0.21925134 0.22043011 0.22162162
 0.22282609 0.22404372 0.21978022 0.21546961 0.21111111 0.20670391
 0.20786517 0.20903955 0.21022727 0.21142857 0.20689655 0.20809249
 0.20930233 0.21052632 0.20588235 0.20710059 0.20833333 0.20958084
 0.21084337 0.20606061 0.20731707 0.20858896 0.20987654 0.20496894
 0.20625    0.20754717 0.20886076 0.21019108 0.21153846 0.21290323
 0.21428571 0.20915033 0.21052632 0.21192053 0.21333333 0.2147651
 0.20945946 0.21088435 0.21232877 0.2137931  0.21527778 0.21678322
 0.21126761 0.21276596 0.21428571 0.21582734 0.21014493 0.21167883
 0.21323529 0.21481481 0.21641791 0.21052632 0.21212121 0.21374046
 0.21538462 0.21705426 0.2109375  0.21259843 0.21428571 0.216
 0.21774194 0.2195122  0.22131148 0.2231405  0.225      0.22689076
 0.22033898 0.22222222 0.22413793 0.2173913  0.21929825 0.22123894
 0.22321429 0.22522523 0.21818182 0.21100917 0.21296296 0.21495327
 0.21698113 0.21904762 0.22115385 0.22330097 0.2254902  0.22772277
 0.22       0.21212121 0.21428571 0.21649485 0.21875    0.22105263
 0.21276596 0.20430108 0.20652174 0.20879121 0.21111111 0.20224719
 0.20454545 0.20689655 0.20930233 0.21176471 0.21428571 0.21686747
 0.2195122  0.22222222 0.225      0.2278481  0.23076923 0.23376623
 0.23684211 0.24       0.24324324 0.24657534 0.25       0.25352113
 0.25714286 0.26086957 0.26470588 0.26865672 0.27272727 0.27692308
 0.28125    0.28571429 0.29032258 0.29508197 0.28333333 0.28813559
 0.29310345 0.29824561 0.30357143 0.30909091 0.2962963  0.30188679
 0.30769231 0.31372549 0.3        0.30612245 0.3125     0.31914894
 0.32608696 0.33333333 0.34090909 0.34883721 0.33333333 0.34146341
 0.35       0.35897436 0.34210526 0.35135135 0.33333333 0.31428571
 0.29411765 0.3030303  0.28125    0.29032258 0.26666667 0.27586207
 0.28571429 0.2962963  0.26923077 0.28       0.29166667 0.30434783
 0.27272727 0.28571429 0.3        0.26315789 0.27777778 0.29411765
 0.3125     0.33333333 0.28571429 0.30769231 0.33333333 0.27272727
 0.2        0.22222222 0.25       0.28571429 0.33333333 0.4
 0.25       0.33333333 0.         0.         1.        ]","[1.         0.99431818 0.99431818 0.99431818 0.99431818 0.99431818
 0.99431818 0.99431818 0.99431818 0.99431818 0.98863636 0.98863636
 0.98863636 0.98863636 0.98863636 0.98295455 0.97727273 0.97727273
 0.97727273 0.97727273 0.97727273 0.97727273 0.97727273 0.97159091
 0.97159091 0.97159091 0.97159091 0.97159091 0.97159091 0.97159091
 0.97159091 0.97159091 0.97159091 0.97159091 0.97159091 0.97159091
 0.97159091 0.97159091 0.97159091 0.97159091 0.97159091 0.97159091
 0.96590909 0.96590909 0.96590909 0.96590909 0.96590909 0.96590909
 0.96590909 0.96590909 0.96590909 0.96022727 0.96022727 0.96022727
 0.96022727 0.95454545 0.94886364 0.94886364 0.94886364 0.94886364
 0.94886364 0.94886364 0.94886364 0.94318182 0.9375     0.93181818
 0.92613636 0.92613636 0.92613636 0.92613636 0.92613636 0.92613636
 0.92613636 0.92045455 0.92045455 0.92045455 0.92045455 0.92045455
 0.92045455 0.91477273 0.90909091 0.90909091 0.90909091 0.90340909
 0.90340909 0.89772727 0.89772727 0.89772727 0.89772727 0.89772727
 0.89772727 0.89772727 0.89772727 0.89204545 0.89204545 0.89204545
 0.88636364 0.88068182 0.88068182 0.875      0.86931818 0.86363636
 0.86363636 0.86363636 0.86363636 0.86363636 0.86363636 0.85795455
 0.85795455 0.85795455 0.85795455 0.85227273 0.84659091 0.84659091
 0.84659091 0.84659091 0.84659091 0.84659091 0.84090909 0.84090909
 0.83522727 0.82954545 0.82954545 0.82954545 0.82954545 0.82386364
 0.82386364 0.82386364 0.82386364 0.82386364 0.82386364 0.82386364
 0.82386364 0.82386364 0.82386364 0.82386364 0.82386364 0.82386364
 0.82386364 0.82386364 0.82386364 0.82386364 0.81818182 0.81818182
 0.81818182 0.81818182 0.81818182 0.81818182 0.81818182 0.81818182
 0.81818182 0.8125     0.8125     0.8125     0.80681818 0.80681818
 0.80681818 0.80113636 0.79545455 0.79545455 0.79545455 0.79545455
 0.79545455 0.79545455 0.79545455 0.79545455 0.79545455 0.79545455
 0.79545455 0.78977273 0.78977273 0.78977273 0.78977273 0.78977273
 0.78409091 0.78409091 0.78409091 0.78409091 0.78409091 0.78409091
 0.78409091 0.78409091 0.78409091 0.78409091 0.78409091 0.77840909
 0.77272727 0.77272727 0.77272727 0.77272727 0.76704545 0.76704545
 0.76704545 0.76704545 0.76704545 0.76704545 0.76704545 0.76704545
 0.76704545 0.76136364 0.75568182 0.75568182 0.75568182 0.75568182
 0.75568182 0.75568182 0.75568182 0.75568182 0.75568182 0.75568182
 0.75568182 0.75       0.75       0.75       0.75       0.75
 0.75       0.74431818 0.74431818 0.74431818 0.74431818 0.74431818
 0.74431818 0.74431818 0.74431818 0.74431818 0.73863636 0.73295455
 0.72727273 0.72159091 0.72159091 0.72159091 0.72159091 0.71590909
 0.71590909 0.71590909 0.71022727 0.71022727 0.71022727 0.71022727
 0.71022727 0.71022727 0.71022727 0.71022727 0.71022727 0.71022727
 0.71022727 0.70454545 0.70454545 0.69886364 0.69318182 0.69318182
 0.69318182 0.69318182 0.6875     0.6875     0.6875     0.6875
 0.6875     0.6875     0.6875     0.6875     0.6875     0.6875
 0.6875     0.68181818 0.68181818 0.68181818 0.68181818 0.68181818
 0.68181818 0.68181818 0.68181818 0.68181818 0.68181818 0.68181818
 0.68181818 0.67613636 0.67045455 0.67045455 0.67045455 0.67045455
 0.67045455 0.67045455 0.66477273 0.65909091 0.65909091 0.65909091
 0.65340909 0.65340909 0.65340909 0.65340909 0.65340909 0.65340909
 0.64772727 0.64204545 0.64204545 0.64204545 0.63636364 0.63636364
 0.63068182 0.625      0.625      0.61931818 0.61931818 0.61931818
 0.61931818 0.61931818 0.61931818 0.61931818 0.61931818 0.61931818
 0.61931818 0.61931818 0.61931818 0.61931818 0.61931818 0.61931818
 0.61363636 0.61363636 0.60795455 0.60795455 0.60795455 0.60795455
 0.60227273 0.60227273 0.60227273 0.59659091 0.59659091 0.59659091
 0.59659091 0.59659091 0.59659091 0.59090909 0.58522727 0.58522727
 0.58522727 0.57954545 0.57954545 0.57954545 0.57954545 0.57954545
 0.57386364 0.57386364 0.57386364 0.57386364 0.57386364 0.57386364
 0.57386364 0.57386364 0.56818182 0.56818182 0.56818182 0.56818182
 0.5625     0.5625     0.5625     0.5625     0.55681818 0.55681818
 0.55681818 0.55681818 0.55681818 0.55681818 0.55681818 0.55681818
 0.55113636 0.55113636 0.55113636 0.55113636 0.55113636 0.55113636
 0.55113636 0.55113636 0.55113636 0.55113636 0.55113636 0.55113636
 0.55113636 0.55113636 0.54545455 0.53977273 0.53409091 0.53409091
 0.53409091 0.53409091 0.53409091 0.53409091 0.53409091 0.53409091
 0.53409091 0.53409091 0.53409091 0.53409091 0.53409091 0.53409091
 0.53409091 0.53409091 0.52840909 0.52840909 0.52272727 0.52272727
 0.51704545 0.51704545 0.51704545 0.51704545 0.51704545 0.51136364
 0.51136364 0.50568182 0.5        0.5        0.5        0.5
 0.5        0.5        0.49431818 0.49431818 0.49431818 0.49431818
 0.49431818 0.49431818 0.49431818 0.49431818 0.49431818 0.48863636
 0.48863636 0.48863636 0.48863636 0.48863636 0.48863636 0.48863636
 0.48863636 0.48295455 0.48295455 0.48295455 0.47727273 0.47727273
 0.47727273 0.47727273 0.47727273 0.47159091 0.47159091 0.47159091
 0.46590909 0.46590909 0.46590909 0.46590909 0.46590909 0.46590909
 0.46590909 0.46590909 0.46022727 0.46022727 0.46022727 0.46022727
 0.46022727 0.46022727 0.46022727 0.46022727 0.46022727 0.46022727
 0.46022727 0.46022727 0.45454545 0.44886364 0.44886364 0.44886364
 0.44886364 0.44886364 0.44886364 0.44886364 0.44886364 0.44886364
 0.44886364 0.44886364 0.44886364 0.44886364 0.44886364 0.44318182
 0.44318182 0.44318182 0.44318182 0.44318182 0.44318182 0.44318182
 0.44318182 0.44318182 0.44318182 0.44318182 0.44318182 0.44318182
 0.44318182 0.44318182 0.44318182 0.44318182 0.44318182 0.44318182
 0.44318182 0.44318182 0.44318182 0.44318182 0.44318182 0.44318182
 0.44318182 0.44318182 0.44318182 0.44318182 0.44318182 0.44318182
 0.44318182 0.44318182 0.44318182 0.44318182 0.44318182 0.44318182
 0.44318182 0.44318182 0.44318182 0.44318182 0.44318182 0.44318182
 0.44318182 0.4375     0.4375     0.4375     0.4375     0.4375
 0.4375     0.43181818 0.42613636 0.42613636 0.42613636 0.42613636
 0.42613636 0.42613636 0.42613636 0.42613636 0.42613636 0.42613636
 0.42613636 0.42045455 0.42045455 0.42045455 0.41477273 0.41477273
 0.40909091 0.40909091 0.40909091 0.40909091 0.40909091 0.40909091
 0.40909091 0.40909091 0.40909091 0.40909091 0.40909091 0.40909091
 0.40909091 0.40909091 0.40909091 0.40909091 0.40909091 0.40909091
 0.40909091 0.40909091 0.40909091 0.40909091 0.40340909 0.40340909
 0.40340909 0.40340909 0.39772727 0.39772727 0.39772727 0.39772727
 0.39772727 0.39204545 0.38636364 0.38636364 0.38636364 0.38636364
 0.38636364 0.38636364 0.38636364 0.38068182 0.38068182 0.38068182
 0.38068182 0.38068182 0.38068182 0.38068182 0.38068182 0.38068182
 0.38068182 0.38068182 0.38068182 0.38068182 0.38068182 0.38068182
 0.38068182 0.38068182 0.38068182 0.38068182 0.38068182 0.38068182
 0.38068182 0.375      0.375      0.375      0.375      0.375
 0.375      0.375      0.375      0.375      0.375      0.375
 0.36931818 0.36931818 0.36363636 0.36363636 0.36363636 0.36363636
 0.36363636 0.35795455 0.35227273 0.35227273 0.35227273 0.35227273
 0.35227273 0.35227273 0.35227273 0.34659091 0.34659091 0.34659091
 0.34659091 0.34659091 0.34659091 0.34659091 0.34659091 0.34090909
 0.34090909 0.34090909 0.34090909 0.34090909 0.34090909 0.33522727
 0.33522727 0.33522727 0.33522727 0.33522727 0.33522727 0.33522727
 0.33522727 0.33522727 0.33522727 0.33522727 0.33522727 0.33522727
 0.33522727 0.32954545 0.32954545 0.32954545 0.32954545 0.32954545
 0.32954545 0.32954545 0.32954545 0.32386364 0.32386364 0.32386364
 0.32386364 0.32386364 0.32386364 0.32386364 0.32386364 0.31818182
 0.31818182 0.31818182 0.31818182 0.31818182 0.31818182 0.31818182
 0.31818182 0.31818182 0.31818182 0.31818182 0.3125     0.3125
 0.3125     0.3125     0.3125     0.3125     0.3125     0.3125
 0.3125     0.3125     0.3125     0.3125     0.3125     0.3125
 0.3125     0.30681818 0.30113636 0.30113636 0.30113636 0.30113636
 0.30113636 0.30113636 0.30113636 0.30113636 0.30113636 0.30113636
 0.30113636 0.30113636 0.30113636 0.30113636 0.30113636 0.30113636
 0.29545455 0.29545455 0.29545455 0.29545455 0.29545455 0.29545455
 0.29545455 0.28977273 0.28977273 0.28977273 0.28977273 0.28977273
 0.28977273 0.28977273 0.28977273 0.28977273 0.28977273 0.28977273
 0.28977273 0.28977273 0.28409091 0.27840909 0.27840909 0.27840909
 0.27840909 0.27840909 0.27272727 0.26704545 0.26704545 0.26136364
 0.25568182 0.25568182 0.25568182 0.25568182 0.25       0.25
 0.25       0.25       0.25       0.25       0.24431818 0.24431818
 0.23863636 0.23295455 0.23295455 0.23295455 0.23295455 0.23295455
 0.23295455 0.23295455 0.23295455 0.23295455 0.23295455 0.23295455
 0.23295455 0.23295455 0.23295455 0.23295455 0.23295455 0.23295455
 0.23295455 0.23295455 0.22727273 0.22159091 0.21590909 0.21022727
 0.21022727 0.21022727 0.21022727 0.21022727 0.20454545 0.20454545
 0.20454545 0.20454545 0.19886364 0.19886364 0.19886364 0.19886364
 0.19886364 0.19318182 0.19318182 0.19318182 0.19318182 0.1875
 0.1875     0.1875     0.1875     0.1875     0.1875     0.1875
 0.1875     0.18181818 0.18181818 0.18181818 0.18181818 0.18181818
 0.17613636 0.17613636 0.17613636 0.17613636 0.17613636 0.17613636
 0.17045455 0.17045455 0.17045455 0.17045455 0.16477273 0.16477273
 0.16477273 0.16477273 0.16477273 0.15909091 0.15909091 0.15909091
 0.15909091 0.15909091 0.15340909 0.15340909 0.15340909 0.15340909
 0.15340909 0.15340909 0.15340909 0.15340909 0.15340909 0.15340909
 0.14772727 0.14772727 0.14772727 0.14204545 0.14204545 0.14204545
 0.14204545 0.14204545 0.13636364 0.13068182 0.13068182 0.13068182
 0.13068182 0.13068182 0.13068182 0.13068182 0.13068182 0.13068182
 0.125      0.11931818 0.11931818 0.11931818 0.11931818 0.11931818
 0.11363636 0.10795455 0.10795455 0.10795455 0.10795455 0.10227273
 0.10227273 0.10227273 0.10227273 0.10227273 0.10227273 0.10227273
 0.10227273 0.10227273 0.10227273 0.10227273 0.10227273 0.10227273
 0.10227273 0.10227273 0.10227273 0.10227273 0.10227273 0.10227273
 0.10227273 0.10227273 0.10227273 0.10227273 0.10227273 0.10227273
 0.10227273 0.10227273 0.10227273 0.10227273 0.09659091 0.09659091
 0.09659091 0.09659091 0.09659091 0.09659091 0.09090909 0.09090909
 0.09090909 0.09090909 0.08522727 0.08522727 0.08522727 0.08522727
 0.08522727 0.08522727 0.08522727 0.08522727 0.07954545 0.07954545
 0.07954545 0.07954545 0.07386364 0.07386364 0.06818182 0.0625
 0.05681818 0.05681818 0.05113636 0.05113636 0.04545455 0.04545455
 0.04545455 0.04545455 0.03977273 0.03977273 0.03977273 0.03977273
 0.03409091 0.03409091 0.03409091 0.02840909 0.02840909 0.02840909
 0.02840909 0.02840909 0.02272727 0.02272727 0.02272727 0.01704545
 0.01136364 0.01136364 0.01136364 0.01136364 0.01136364 0.01136364
 0.00568182 0.00568182 0.         0.         0.        ]","[9.40692844e-11 1.62431655e-08 6.01733562e-08 7.04126784e-08
 1.68454040e-07 2.16913420e-07 2.25205988e-07 2.32043095e-07
 2.66579014e-07 3.37987728e-07 3.99800329e-07 4.78011000e-07
 6.65957373e-07 6.76834604e-07 8.90301217e-07 2.61244293e-06
 3.07059969e-06 3.14536170e-06 3.24437987e-06 3.77083693e-06
 3.88434548e-06 3.91097029e-06 4.14678413e-06 4.35648048e-06
 4.40932767e-06 4.74705167e-06 5.65063797e-06 5.65106910e-06
 6.53716003e-06 7.05690266e-06 7.05757762e-06 7.09144327e-06
 7.96035374e-06 8.35317895e-06 8.70338746e-06 8.81832228e-06
 9.06909566e-06 1.03537748e-05 1.11871268e-05 1.59384510e-05
 1.66264930e-05 1.81438044e-05 2.46432663e-05 2.47404354e-05
 2.54401535e-05 2.81989860e-05 2.87804605e-05 2.88695146e-05
 2.93476227e-05 2.99840639e-05 3.49233360e-05 3.77558402e-05
 3.77588407e-05 4.14164270e-05 4.57827488e-05 4.60284001e-05
 4.84670229e-05 5.20259630e-05 5.29663281e-05 5.86251141e-05
 5.88208964e-05 5.99222348e-05 6.07781312e-05 6.09703131e-05
 6.11807648e-05 6.33012290e-05 6.38807897e-05 6.74324417e-05
 7.16802044e-05 7.50319805e-05 7.63043584e-05 7.78934300e-05
 7.98311871e-05 9.13179099e-05 9.23413674e-05 9.92291938e-05
 1.00587555e-04 1.10624795e-04 1.15451350e-04 1.16011910e-04
 1.19414854e-04 1.30570212e-04 1.33361851e-04 1.40520284e-04
 1.42311183e-04 1.45759297e-04 1.47468093e-04 1.50757132e-04
 1.52508234e-04 1.55664517e-04 1.65263478e-04 1.65780543e-04
 1.67119825e-04 1.69237237e-04 1.75003452e-04 1.77776459e-04
 1.96261347e-04 2.04855496e-04 2.05948738e-04 2.07786007e-04
 2.08936344e-04 2.09386881e-04 2.21653716e-04 2.33283827e-04
 2.36769001e-04 2.53589243e-04 2.53629229e-04 2.60667580e-04
 2.67580385e-04 2.69670524e-04 2.89172013e-04 3.06226845e-04
 3.10475419e-04 3.15856117e-04 3.21445528e-04 3.26199230e-04
 3.27590313e-04 3.40495999e-04 3.46399423e-04 3.47852957e-04
 3.49170336e-04 3.54950337e-04 3.56745049e-04 3.74090441e-04
 3.92943791e-04 3.95337952e-04 4.06749351e-04 4.10771245e-04
 4.12487634e-04 4.14657288e-04 4.23762141e-04 4.27461399e-04
 4.35311457e-04 4.48306193e-04 4.51284315e-04 4.76033967e-04
 4.83326578e-04 4.95214137e-04 5.12359843e-04 5.24664644e-04
 5.30462627e-04 5.35456350e-04 5.36473657e-04 5.38750286e-04
 5.51314168e-04 5.58347200e-04 5.83697963e-04 6.01414206e-04
 6.02487876e-04 6.08869706e-04 6.17138040e-04 6.19645253e-04
 6.36841132e-04 6.50829438e-04 6.59398208e-04 6.59444050e-04
 6.69509755e-04 6.70468068e-04 6.77195011e-04 6.88571007e-04
 6.91314031e-04 7.03796934e-04 7.07609754e-04 7.14666977e-04
 7.22448037e-04 7.73828193e-04 7.87033436e-04 8.15776269e-04
 8.46124331e-04 8.68300621e-04 8.87748491e-04 9.00339358e-04
 9.09451998e-04 9.12154818e-04 9.26224733e-04 9.29937626e-04
 9.78772371e-04 9.85498891e-04 1.01000696e-03 1.02422986e-03
 1.03256094e-03 1.09747355e-03 1.15857246e-03 1.16325822e-03
 1.17097194e-03 1.17823086e-03 1.23275694e-03 1.25667389e-03
 1.25926732e-03 1.27380186e-03 1.27624617e-03 1.32067949e-03
 1.32126558e-03 1.35719580e-03 1.38212586e-03 1.39398665e-03
 1.39810035e-03 1.42072519e-03 1.47801491e-03 1.51240211e-03
 1.51301241e-03 1.53056021e-03 1.54377909e-03 1.55098069e-03
 1.56558953e-03 1.56756401e-03 1.58093725e-03 1.62215855e-03
 1.63804054e-03 1.64383597e-03 1.66671445e-03 1.74537403e-03
 1.75804216e-03 1.77636596e-03 1.77898003e-03 1.79885136e-03
 1.80347398e-03 1.80791640e-03 1.81240427e-03 1.81344878e-03
 1.83087821e-03 1.83367295e-03 1.83661587e-03 1.84728714e-03
 1.88202706e-03 1.92730024e-03 1.95028636e-03 1.98796134e-03
 2.01314127e-03 2.02004187e-03 2.02237199e-03 2.02984508e-03
 2.03380110e-03 2.04397305e-03 2.06216526e-03 2.07586308e-03
 2.08053379e-03 2.10704614e-03 2.12910160e-03 2.13187321e-03
 2.13400831e-03 2.18606590e-03 2.23502220e-03 2.30872443e-03
 2.34275457e-03 2.41384522e-03 2.42651596e-03 2.43361511e-03
 2.48056271e-03 2.48156623e-03 2.48403032e-03 2.49573403e-03
 2.70611029e-03 2.74058578e-03 2.79766393e-03 2.85061322e-03
 2.89432211e-03 2.96242562e-03 3.02625980e-03 3.03050008e-03
 3.04750462e-03 3.07736240e-03 3.14256288e-03 3.23777331e-03
 3.24120708e-03 3.28741551e-03 3.30238110e-03 3.32649640e-03
 3.38789229e-03 3.38929551e-03 3.41708247e-03 3.41889296e-03
 3.63584919e-03 3.67099606e-03 3.68342574e-03 3.74450569e-03
 3.78543414e-03 3.81475634e-03 3.85315831e-03 3.87226032e-03
 3.92926725e-03 4.10804898e-03 4.14550080e-03 4.21460119e-03
 4.25177537e-03 4.30330587e-03 4.32834917e-03 4.36936792e-03
 4.37429247e-03 4.40983111e-03 4.44854892e-03 4.51631880e-03
 4.52084621e-03 4.54116457e-03 4.56834237e-03 4.65775665e-03
 4.66181764e-03 4.70909155e-03 4.72185879e-03 4.73517364e-03
 4.74790835e-03 4.77952011e-03 4.82308093e-03 4.83382617e-03
 4.83487660e-03 4.93260124e-03 5.07705192e-03 5.12453240e-03
 5.28209020e-03 5.28468386e-03 5.33690178e-03 5.37921184e-03
 5.48502645e-03 5.52028032e-03 5.52458178e-03 5.57761391e-03
 5.61155511e-03 5.61555043e-03 5.61567800e-03 5.66277827e-03
 5.66784020e-03 5.67611229e-03 5.75459811e-03 5.77514822e-03
 5.92667255e-03 6.00257833e-03 6.05394023e-03 6.07376824e-03
 6.26866709e-03 6.31069924e-03 6.42093740e-03 6.45101726e-03
 6.45490682e-03 6.51800593e-03 6.55412621e-03 6.63470873e-03
 6.65260812e-03 6.65792806e-03 6.67072101e-03 6.86085139e-03
 6.87098512e-03 6.88334450e-03 6.90441917e-03 6.92139585e-03
 6.94066781e-03 6.95333258e-03 7.00752106e-03 7.01492388e-03
 7.03042383e-03 7.03122915e-03 7.05784584e-03 7.07351376e-03
 7.10444781e-03 7.39703829e-03 7.47073759e-03 7.51644798e-03
 7.55907089e-03 7.69108776e-03 7.69197920e-03 7.75200065e-03
 7.80294697e-03 7.92233373e-03 7.98643116e-03 7.99591297e-03
 8.22458154e-03 8.29794766e-03 8.29839538e-03 8.34472462e-03
 8.36464130e-03 8.37922972e-03 8.38187532e-03 8.72374544e-03
 8.76641620e-03 8.86492845e-03 8.89593362e-03 9.16147648e-03
 9.24110175e-03 9.31763338e-03 9.32208198e-03 9.34265023e-03
 9.43916714e-03 9.50816350e-03 9.77389805e-03 9.97322631e-03
 1.00544789e-02 1.00585911e-02 1.01588654e-02 1.03424433e-02
 1.04291479e-02 1.05419283e-02 1.05855605e-02 1.06245141e-02
 1.07760497e-02 1.08188894e-02 1.08493817e-02 1.10562775e-02
 1.10587187e-02 1.12790560e-02 1.13922976e-02 1.14334051e-02
 1.15047254e-02 1.15470273e-02 1.15728730e-02 1.17525084e-02
 1.17929123e-02 1.18376503e-02 1.18931742e-02 1.20043089e-02
 1.20080102e-02 1.20306343e-02 1.20471949e-02 1.21198944e-02
 1.21525867e-02 1.22588523e-02 1.22911146e-02 1.22914477e-02
 1.23543731e-02 1.25458601e-02 1.26017484e-02 1.26610793e-02
 1.26849006e-02 1.29058233e-02 1.30095962e-02 1.31209577e-02
 1.31577711e-02 1.32387208e-02 1.32738851e-02 1.34118550e-02
 1.35626141e-02 1.36418321e-02 1.38243857e-02 1.41294286e-02
 1.41781001e-02 1.41832083e-02 1.43663898e-02 1.44275619e-02
 1.45870451e-02 1.46849271e-02 1.47759218e-02 1.47865151e-02
 1.49603953e-02 1.50342535e-02 1.50375414e-02 1.50433541e-02
 1.50543584e-02 1.50855845e-02 1.51853063e-02 1.53260826e-02
 1.54234153e-02 1.54847331e-02 1.56234794e-02 1.56242870e-02
 1.56673106e-02 1.63677696e-02 1.64154755e-02 1.67267163e-02
 1.69068507e-02 1.71477333e-02 1.72307945e-02 1.72670561e-02
 1.72716377e-02 1.74241812e-02 1.79077762e-02 1.79157358e-02
 1.79861046e-02 1.80254469e-02 1.81525470e-02 1.81872512e-02
 1.82658685e-02 1.82772680e-02 1.84186211e-02 1.84303688e-02
 1.86287491e-02 1.86430189e-02 1.89182360e-02 1.92922013e-02
 1.92990997e-02 1.93026451e-02 1.93412722e-02 1.94487533e-02
 1.98092619e-02 2.02244219e-02 2.03911907e-02 2.07274495e-02
 2.07762607e-02 2.09275151e-02 2.09836187e-02 2.09957355e-02
 2.12618595e-02 2.14249439e-02 2.14398010e-02 2.15407292e-02
 2.16300885e-02 2.16814367e-02 2.19792453e-02 2.25866487e-02
 2.31288502e-02 2.31453721e-02 2.32049358e-02 2.36181534e-02
 2.38273951e-02 2.42131201e-02 2.42583083e-02 2.43260988e-02
 2.43991955e-02 2.46459926e-02 2.47252881e-02 2.50791603e-02
 2.52213045e-02 2.57998915e-02 2.60665434e-02 2.72590067e-02
 2.73042287e-02 2.75831170e-02 2.77652622e-02 2.77799240e-02
 2.78142389e-02 2.79013515e-02 2.80758738e-02 2.81227462e-02
 2.83109442e-02 2.85695886e-02 2.88109014e-02 2.88670540e-02
 2.88893573e-02 2.92145144e-02 2.93141425e-02 2.94257688e-02
 2.95925155e-02 3.02234831e-02 3.03031735e-02 3.03691428e-02
 3.07843268e-02 3.15694910e-02 3.16325080e-02 3.16413279e-02
 3.17159299e-02 3.17743771e-02 3.17889449e-02 3.20726493e-02
 3.20778466e-02 3.25037370e-02 3.25802298e-02 3.28380018e-02
 3.33099058e-02 3.34523429e-02 3.36713131e-02 3.44244563e-02
 3.45750070e-02 3.46480876e-02 3.48768474e-02 3.52011688e-02
 3.53474019e-02 3.58109370e-02 3.63756682e-02 3.67606527e-02
 3.69609231e-02 3.71084366e-02 3.71153095e-02 3.71487943e-02
 3.72277079e-02 3.74613167e-02 3.79863441e-02 3.81668718e-02
 3.83109066e-02 3.83578706e-02 4.00929946e-02 4.06042300e-02
 4.07147461e-02 4.07308066e-02 4.08103749e-02 4.22317579e-02
 4.27202068e-02 4.33137725e-02 4.36721156e-02 4.39881586e-02
 4.43331377e-02 4.51402313e-02 4.63796779e-02 4.65927349e-02
 4.66668041e-02 4.76203871e-02 4.76292752e-02 4.78151994e-02
 4.79681676e-02 4.84469888e-02 4.87877226e-02 4.88521100e-02
 4.92636402e-02 4.93220354e-02 5.08339294e-02 5.11297862e-02
 5.12474843e-02 5.13390764e-02 5.14232284e-02 5.17018085e-02
 5.18133940e-02 5.18530377e-02 5.22966290e-02 5.24804469e-02
 5.27864074e-02 5.28479714e-02 5.29829448e-02 5.32494731e-02
 5.33401126e-02 5.49749147e-02 5.54781313e-02 5.56719834e-02
 5.63537537e-02 5.77052153e-02 5.77699637e-02 5.78478094e-02
 5.87452589e-02 5.88731653e-02 5.90276514e-02 5.96667919e-02
 5.98962311e-02 6.04063415e-02 6.11680089e-02 6.16256024e-02
 6.17774996e-02 6.19621929e-02 6.20502237e-02 6.27354816e-02
 6.36550780e-02 6.37688576e-02 6.52769338e-02 6.53175744e-02
 6.56760622e-02 6.58317073e-02 6.61187073e-02 6.64609458e-02
 6.69006416e-02 6.73874595e-02 6.84121012e-02 6.84541749e-02
 7.03405831e-02 7.17180041e-02 7.25743130e-02 7.26424491e-02
 7.28019304e-02 7.32006936e-02 7.40290079e-02 7.63208867e-02
 7.69839627e-02 8.02051426e-02 8.07050751e-02 8.25849587e-02
 8.26459612e-02 8.30067290e-02 8.30311799e-02 8.37246634e-02
 8.45973796e-02 8.55367055e-02 8.60273493e-02 8.63811449e-02
 8.71605219e-02 8.72759125e-02 8.76827068e-02 9.09771793e-02
 9.15922220e-02 9.24201936e-02 9.24276123e-02 9.30473716e-02
 9.30580543e-02 9.31799695e-02 9.60081104e-02 9.60991497e-02
 9.75886590e-02 9.90916914e-02 1.02251521e-01 1.03959750e-01
 1.04707955e-01 1.05584101e-01 1.07309550e-01 1.08138415e-01
 1.08385361e-01 1.09342078e-01 1.14638104e-01 1.16248492e-01
 1.17439301e-01 1.17699381e-01 1.19405220e-01 1.19882252e-01
 1.20443345e-01 1.20677959e-01 1.22486400e-01 1.23769633e-01
 1.25290539e-01 1.28186986e-01 1.29049313e-01 1.29762070e-01
 1.30619824e-01 1.32269674e-01 1.34447958e-01 1.35346993e-01
 1.41081205e-01 1.42670277e-01 1.42676067e-01 1.42947005e-01
 1.43567210e-01 1.44527623e-01 1.45134472e-01 1.50325343e-01
 1.52141425e-01 1.53206642e-01 1.54976789e-01 1.55201609e-01
 1.57571957e-01 1.58702019e-01 1.60722764e-01 1.61392038e-01
 1.64933049e-01 1.65267469e-01 1.67535821e-01 1.68104381e-01
 1.68898759e-01 1.69150720e-01 1.73463225e-01 1.76164194e-01
 1.76475443e-01 1.76670829e-01 1.77707819e-01 1.79461039e-01
 1.81368540e-01 1.84822805e-01 1.85393992e-01 1.85785875e-01
 1.90290474e-01 1.90962997e-01 1.92854085e-01 1.94173117e-01
 1.95097925e-01 1.97721587e-01 1.98227358e-01 2.01250557e-01
 2.08787776e-01 2.11474457e-01 2.12222992e-01 2.12937484e-01
 2.13060584e-01 2.14273970e-01 2.15420962e-01 2.18807121e-01
 2.19812342e-01 2.19932971e-01 2.24529369e-01 2.24929336e-01
 2.27135269e-01 2.27781678e-01 2.28501246e-01 2.30410697e-01
 2.31607219e-01 2.40975236e-01 2.44193119e-01 2.45765402e-01
 2.46906887e-01 2.50347232e-01 2.60000743e-01 2.62676330e-01
 2.69556804e-01 2.74956964e-01 2.75138817e-01 2.83502493e-01
 2.92372649e-01 2.96482628e-01 2.99807815e-01 3.03273237e-01
 3.04508235e-01 3.06208495e-01 3.10932604e-01 3.13442490e-01
 3.15952978e-01 3.17315572e-01 3.18515857e-01 3.21944211e-01
 3.25085323e-01 3.28420260e-01 3.31150655e-01 3.40341382e-01
 3.40451584e-01 3.43039184e-01 3.45747395e-01 3.50946219e-01
 3.51873915e-01 3.52921021e-01 3.60280792e-01 3.61971381e-01
 3.63250930e-01 3.65472544e-01 3.66725127e-01 3.67402540e-01
 3.68261848e-01 3.71261109e-01 3.77619183e-01 3.84973864e-01
 3.86612385e-01 3.88584711e-01 3.91659448e-01 3.95930211e-01
 3.99403487e-01 4.00653124e-01 4.11791614e-01 4.13673640e-01
 4.13821082e-01 4.18989689e-01 4.30796235e-01 4.33380998e-01
 4.36849497e-01 4.40144341e-01 4.42204494e-01 4.46317184e-01
 4.50411228e-01 4.58392222e-01 4.60836390e-01 4.62068318e-01
 4.66389859e-01 4.73276145e-01 4.73824539e-01 4.82193127e-01
 4.92482128e-01 5.04139647e-01 5.07961446e-01 5.11847000e-01
 5.23388608e-01 5.23508251e-01 5.24423143e-01 5.33687928e-01
 5.37047975e-01 5.44113034e-01 5.49046389e-01 5.56614637e-01
 5.58278851e-01 5.61087963e-01 5.67995721e-01 5.72722876e-01
 5.77219755e-01 5.82176544e-01 5.83058878e-01 5.85118768e-01
 5.88049850e-01 5.89199177e-01 5.92524870e-01 6.01820361e-01
 6.07050400e-01 6.14189495e-01 6.16251670e-01 6.16259707e-01
 6.16707106e-01 6.23910797e-01 6.24545820e-01 6.45013786e-01
 6.45545062e-01 6.46062085e-01 6.49520460e-01 6.61669171e-01
 6.64529255e-01 6.75638972e-01 7.05186984e-01 7.05645070e-01
 7.06351726e-01 7.09108744e-01 7.09251649e-01 7.09904490e-01
 7.14148904e-01 7.22859059e-01 7.27896317e-01 7.31226259e-01
 7.45734031e-01 7.49323888e-01 7.57067856e-01 7.62592977e-01
 7.68111285e-01 7.69785950e-01 7.75546812e-01 7.75623133e-01
 7.84797426e-01 7.87619761e-01 7.92484168e-01 8.02247549e-01
 8.10586233e-01 8.16424403e-01 8.21467778e-01 8.28867301e-01
 8.31390186e-01 8.37710697e-01 8.37967218e-01 8.39177161e-01
 8.49304380e-01 8.57955800e-01 8.63217516e-01 8.64918150e-01
 8.67729939e-01 8.86748583e-01 8.87027566e-01 8.93825083e-01
 8.95284328e-01 8.99138794e-01 9.01534310e-01 9.03462701e-01
 9.03506321e-01 9.03813209e-01 9.05516539e-01 9.08264008e-01
 9.18683365e-01 9.18691361e-01 9.18974279e-01 9.20891517e-01
 9.21779448e-01 9.23934281e-01 9.29548036e-01 9.36767540e-01
 9.40062472e-01 9.41085344e-01 9.48234401e-01 9.55860188e-01
 9.60839451e-01 9.61194877e-01 9.63431014e-01 9.64798161e-01
 9.65141339e-01 9.65415238e-01 9.67133427e-01 9.70082035e-01
 9.71731770e-01 9.72002789e-01 9.74158594e-01 9.75078367e-01
 9.75243290e-01 9.75355660e-01 9.76513992e-01 9.77337413e-01
 9.79910055e-01 9.82386825e-01 9.83321667e-01 9.84225039e-01
 9.86912117e-01 9.87180173e-01 9.87770477e-01 9.89711534e-01
 9.89986475e-01 9.92538578e-01 9.92681613e-01 9.93096912e-01
 9.94182031e-01 9.95411354e-01 9.96062138e-01 9.96219545e-01
 9.96827152e-01 9.97117812e-01 9.97495288e-01 9.98207347e-01
 9.98676434e-01 9.98702587e-01 9.99150540e-01 9.99650468e-01
 9.99734213e-01 9.99870312e-01 9.99877860e-01 9.99924449e-01
 9.99939346e-01 9.99957203e-01 9.99995291e-01 9.99997299e-01]"
Hyperledger,is_change_text_num_words_5,Empty,[],0.8174273858921162,"[[788   0]
 [176   0]]","              precision    recall  f1-score   support

           0       0.82      1.00      0.90       788
           1       0.00      0.00      0.00       176

    accuracy                           0.82       964
   macro avg       0.41      0.50      0.45       964
weighted avg       0.67      0.82      0.74       964
",0.5912863070539419,0.1825726141078838,0.5,"0      0
1      0
2      0
3      0
4      0
      ..
959    0
960    0
961    0
962    0
963    0
Name: label_is_empty, Length: 964, dtype: int64",[0.18257261 1.        ],[1. 0.],[0.]
Hyperledger,is_change_text_num_words_5,Zero,[],0.8174273858921162,"[[788   0]
 [176   0]]","              precision    recall  f1-score   support

           0       0.82      1.00      0.90       788
           1       0.00      0.00      0.00       176

    accuracy                           0.82       964
   macro avg       0.41      0.50      0.45       964
weighted avg       0.67      0.82      0.74       964
",0.5912863070539419,0.1825726141078838,0.5,"0      0
1      0
2      0
3      0
4      0
      ..
959    0
960    0
961    0
962    0
963    0
Name: all, Length: 964, dtype: int64",[0.18257261 1.        ],[1. 0.],[0.]
Hyperledger,is_change_text_num_words_5,Random,[],0.504149377593361,"[[402 386]
 [ 92  84]]","              precision    recall  f1-score   support

           0       0.81      0.51      0.63       788
           1       0.18      0.48      0.26       176

    accuracy                           0.50       964
   macro avg       0.50      0.49      0.44       964
weighted avg       0.70      0.50      0.56       964
",0.20630789562398355,0.20858252061831706,0.5038936317489617,"0      0
1      1
2      0
3      1
4      0
      ..
959    1
960    0
961    0
962    0
963    1
Name: pred, Length: 964, dtype: int64","[0.18257261 0.1827622  0.18295218 0.18314256 0.18229167 0.18248175
 0.18267223 0.18286311 0.18200837 0.18115183 0.18134172 0.181532
 0.18172269 0.18086225 0.18       0.18018967 0.18037975 0.18057022
 0.1807611  0.18095238 0.18114407 0.18133616 0.18152866 0.18172157
 0.18191489 0.18104366 0.18017058 0.18036286 0.18055556 0.18074866
 0.18094218 0.18113612 0.18133047 0.18152524 0.18172043 0.18191604
 0.18211207 0.18230852 0.1825054  0.1827027  0.18290043 0.18309859
 0.18329718 0.1834962  0.18369565 0.18389554 0.18409586 0.18429662
 0.18449782 0.18469945 0.18380744 0.18400876 0.18311404 0.18331504
 0.18351648 0.18371837 0.1839207  0.18412348 0.18322296 0.18342541
 0.18362832 0.18383167 0.18403548 0.18423973 0.18444444 0.18464961
 0.18485523 0.18394649 0.18415179 0.18324022 0.18232662 0.1825308
 0.18161435 0.18069585 0.18089888 0.18110236 0.18130631 0.18038331
 0.17945824 0.17966102 0.17986425 0.18006795 0.17913832 0.17934166
 0.17954545 0.17974972 0.17995444 0.18015964 0.1803653  0.18057143
 0.18077803 0.17983963 0.18004587 0.18025258 0.18045977 0.18066743
 0.18087558 0.1810842  0.18013857 0.18034682 0.18055556 0.18076477
 0.18097448 0.18118467 0.18139535 0.18044237 0.18065268 0.18086348
 0.17990654 0.18011696 0.18032787 0.18053927 0.18075117 0.17978848
 0.18       0.18021201 0.18042453 0.18063754 0.18085106 0.18106509
 0.18127962 0.18149466 0.18171021 0.18192628 0.18095238 0.17997616
 0.18019093 0.18040621 0.18062201 0.18083832 0.17985612 0.18007203
 0.18028846 0.18050542 0.18072289 0.17973462 0.17874396 0.1789601
 0.1779661  0.17818182 0.17839806 0.17739976 0.17761557 0.17783191
 0.17804878 0.17826618 0.17726161 0.17747858 0.17769608 0.17668712
 0.17690418 0.17712177 0.1773399  0.17755857 0.17777778 0.17799753
 0.17821782 0.17843866 0.17866005 0.17763975 0.17661692 0.17683686
 0.17705736 0.1772784  0.1775     0.17772215 0.17794486 0.17816813
 0.17839196 0.17861635 0.17884131 0.17906683 0.17929293 0.1795196
 0.17974684 0.17997465 0.18020305 0.18043202 0.18066158 0.18089172
 0.18112245 0.18135377 0.18158568 0.18053777 0.18076923 0.18100128
 0.18123393 0.18146718 0.18170103 0.18193548 0.18087855 0.18111255
 0.18134715 0.18158236 0.18181818 0.18205462 0.18229167 0.18122555
 0.18146214 0.18039216 0.18062827 0.17955439 0.17979003 0.17871222
 0.17894737 0.17786561 0.17810026 0.17833554 0.17857143 0.17880795
 0.17771883 0.17795485 0.17819149 0.17842876 0.17733333 0.17623498
 0.17647059 0.17670683 0.1769437  0.17718121 0.17607527 0.17631225
 0.17654987 0.1754386  0.17567568 0.1759134  0.17615176 0.17639077
 0.17663043 0.17687075 0.17711172 0.17735334 0.17759563 0.17783858
 0.17808219 0.17832647 0.17857143 0.17881706 0.17906336 0.17931034
 0.1781768  0.17842324 0.17867036 0.17891817 0.17777778 0.17802503
 0.17827298 0.17852162 0.1773743  0.17762238 0.17787115 0.17671809
 0.17696629 0.17721519 0.17605634 0.17630465 0.17655367 0.17680339
 0.17705382 0.17730496 0.17755682 0.17638691 0.17663818 0.17689016
 0.17571429 0.17453505 0.1747851  0.17503587 0.17528736 0.17410072
 0.17435159 0.17460317 0.17485549 0.17366136 0.17391304 0.17416546
 0.1744186  0.17467249 0.17492711 0.17518248 0.1754386  0.17569546
 0.17595308 0.17621145 0.17647059 0.17673049 0.17699115 0.17725258
 0.1760355  0.1762963  0.17655786 0.17682021 0.17708333 0.17734724
 0.17761194 0.17787743 0.17814371 0.17841079 0.17867868 0.17894737
 0.17921687 0.17948718 0.17824773 0.1785174  0.17878788 0.17905918
 0.17933131 0.17808219 0.17835366 0.17862595 0.17889908 0.17917305
 0.17944785 0.1797235  0.18       0.17873652 0.17746914 0.17774343
 0.17801858 0.17829457 0.17857143 0.17884914 0.17912773 0.17940718
 0.1796875  0.1799687  0.18025078 0.18053375 0.18081761 0.18110236
 0.18138801 0.18167457 0.18196203 0.1822504  0.18253968 0.18282989
 0.18312102 0.18341308 0.18370607 0.184      0.18429487 0.18459069
 0.18488746 0.18518519 0.18548387 0.18578352 0.18608414 0.18638574
 0.18668831 0.18536585 0.18566775 0.18597064 0.18627451 0.18657938
 0.18688525 0.18719212 0.1875     0.18616145 0.18646865 0.18512397
 0.18543046 0.18573798 0.18604651 0.18635607 0.18666667 0.1869783
 0.18729097 0.18760469 0.18791946 0.18823529 0.18686869 0.18718381
 0.1875     0.18781726 0.18813559 0.18675722 0.18707483 0.18739353
 0.18771331 0.18803419 0.18835616 0.18867925 0.18728522 0.1858864
 0.1862069  0.18480138 0.18512111 0.18370884 0.18229167 0.18086957
 0.18118467 0.18150087 0.18181818 0.1821366  0.18245614 0.1827768
 0.18133803 0.18165785 0.18021201 0.18053097 0.18085106 0.18117229
 0.1797153  0.18003565 0.18035714 0.18067979 0.17921147 0.17953321
 0.17985612 0.18018018 0.18050542 0.18083183 0.18115942 0.1814882
 0.18181818 0.18214936 0.18248175 0.18281536 0.18315018 0.18348624
 0.18382353 0.18416206 0.18450185 0.18299445 0.18333333 0.18367347
 0.18401487 0.18249534 0.18283582 0.18130841 0.18164794 0.18198874
 0.18233083 0.1826742  0.18301887 0.18336484 0.18371212 0.18406072
 0.18250951 0.18095238 0.18129771 0.18164436 0.18199234 0.18234165
 0.18269231 0.18304432 0.18339768 0.18375242 0.18217054 0.18252427
 0.18287938 0.18323587 0.18164062 0.18199609 0.18235294 0.18074656
 0.17913386 0.17948718 0.1798419  0.17821782 0.17857143 0.17892644
 0.17928287 0.17964072 0.18       0.18036072 0.18072289 0.18108652
 0.18145161 0.18181818 0.18218623 0.18255578 0.18292683 0.18126273
 0.18163265 0.18200409 0.18237705 0.18275154 0.18312757 0.1814433
 0.18181818 0.18219462 0.18049793 0.18087318 0.18125    0.17954071
 0.17991632 0.1802935  0.18067227 0.18105263 0.1814346  0.17970402
 0.1779661  0.17834395 0.1787234  0.17910448 0.17948718 0.17987152
 0.18025751 0.18064516 0.18103448 0.18142549 0.18181818 0.18221258
 0.1826087  0.18300654 0.18340611 0.18380744 0.18421053 0.18461538
 0.18502203 0.18543046 0.18584071 0.18625277 0.18666667 0.18708241
 0.1875     0.18791946 0.18834081 0.18876404 0.18918919 0.18735892
 0.18778281 0.18820862 0.18636364 0.18678815 0.18721461 0.18764302
 0.18807339 0.1862069  0.18663594 0.18706697 0.1875     0.18793503
 0.18837209 0.18881119 0.18925234 0.18969555 0.19014085 0.18823529
 0.18867925 0.18676123 0.18483412 0.18289786 0.18333333 0.18377088
 0.18421053 0.18465228 0.18509615 0.18554217 0.18599034 0.18644068
 0.1868932  0.18734793 0.18536585 0.18581907 0.18627451 0.18673219
 0.18719212 0.18765432 0.18811881 0.18858561 0.18905473 0.18703242
 0.1875     0.18796992 0.18592965 0.18639798 0.18686869 0.18734177
 0.18781726 0.18829517 0.18877551 0.18925831 0.18974359 0.19023136
 0.19072165 0.19121447 0.19170984 0.19220779 0.19010417 0.19060052
 0.19109948 0.19160105 0.18947368 0.18733509 0.18783069 0.18832891
 0.18882979 0.18933333 0.18716578 0.1849866  0.18548387 0.18598383
 0.18378378 0.18428184 0.18478261 0.1852861  0.18579235 0.18356164
 0.18406593 0.184573   0.18508287 0.18559557 0.18611111 0.18662953
 0.18715084 0.18767507 0.18820225 0.18873239 0.18644068 0.18696884
 0.1875     0.18803419 0.18857143 0.18911175 0.18965517 0.19020173
 0.19075145 0.19130435 0.19186047 0.19241983 0.19298246 0.19354839
 0.19411765 0.19174041 0.19230769 0.19287834 0.19345238 0.19402985
 0.19461078 0.19219219 0.19277108 0.19033233 0.19090909 0.19148936
 0.19207317 0.19266055 0.19325153 0.19076923 0.19135802 0.18885449
 0.1863354  0.18691589 0.184375   0.18495298 0.18553459 0.18611987
 0.18670886 0.18730159 0.18789809 0.1884984  0.18910256 0.18971061
 0.19032258 0.19093851 0.19155844 0.18892508 0.18954248 0.18688525
 0.1875     0.18811881 0.18874172 0.18936877 0.18666667 0.18729097
 0.18791946 0.18855219 0.18918919 0.18644068 0.18707483 0.18430034
 0.18493151 0.18556701 0.1862069  0.18685121 0.1875     0.18815331
 0.18881119 0.18947368 0.19014085 0.19081272 0.19148936 0.1886121
 0.18928571 0.18996416 0.19064748 0.19133574 0.19202899 0.19272727
 0.19343066 0.19413919 0.19485294 0.19557196 0.19259259 0.19330855
 0.19402985 0.19101124 0.19172932 0.19245283 0.18939394 0.19011407
 0.19083969 0.19157088 0.18846154 0.18918919 0.18604651 0.18677043
 0.18359375 0.18039216 0.18110236 0.17786561 0.17857143 0.17928287
 0.18       0.18072289 0.18145161 0.17813765 0.17886179 0.17959184
 0.18032787 0.18106996 0.18181818 0.17842324 0.17916667 0.17991632
 0.18067227 0.1814346  0.18220339 0.18297872 0.18376068 0.18454936
 0.18534483 0.18614719 0.18695652 0.18777293 0.18859649 0.18942731
 0.19026549 0.18666667 0.1875     0.18834081 0.18918919 0.19004525
 0.19090909 0.19178082 0.18807339 0.18894009 0.18981481 0.19069767
 0.19158879 0.19248826 0.18867925 0.18957346 0.19047619 0.19138756
 0.1875     0.1884058  0.18932039 0.1902439  0.19117647 0.18719212
 0.18811881 0.18905473 0.19       0.19095477 0.19191919 0.18781726
 0.18877551 0.18974359 0.19072165 0.19170984 0.19270833 0.19371728
 0.19473684 0.1957672  0.19680851 0.19251337 0.18817204 0.18918919
 0.19021739 0.19125683 0.19230769 0.19337017 0.19444444 0.19553073
 0.19662921 0.19774011 0.19886364 0.2        0.20114943 0.20231214
 0.20348837 0.20467836 0.20588235 0.20710059 0.20833333 0.20958084
 0.21084337 0.21212121 0.21341463 0.21472393 0.21604938 0.21118012
 0.2125     0.21383648 0.21518987 0.21019108 0.21153846 0.21290323
 0.21428571 0.21568627 0.21710526 0.21854305 0.22       0.22147651
 0.22297297 0.2244898  0.2260274  0.22758621 0.22222222 0.22377622
 0.21830986 0.21985816 0.22142857 0.22302158 0.22463768 0.2189781
 0.22058824 0.22222222 0.2238806  0.22556391 0.21969697 0.22137405
 0.22307692 0.21705426 0.21875    0.21259843 0.21428571 0.208
 0.20967742 0.21138211 0.21311475 0.20661157 0.20833333 0.21008403
 0.21186441 0.21367521 0.21551724 0.2173913  0.21052632 0.20353982
 0.20535714 0.20720721 0.20909091 0.21100917 0.21296296 0.21495327
 0.20754717 0.20952381 0.21153846 0.21359223 0.21568627 0.21782178
 0.22       0.22222222 0.2244898  0.22680412 0.22916667 0.23157895
 0.23404255 0.23655914 0.23913043 0.24175824 0.24444444 0.24719101
 0.25       0.25287356 0.24418605 0.24705882 0.25       0.25301205
 0.25609756 0.25925926 0.2625     0.26582278 0.26923077 0.27272727
 0.26315789 0.26666667 0.25675676 0.24657534 0.25       0.25352113
 0.25714286 0.26086957 0.26470588 0.26865672 0.27272727 0.27692308
 0.28125    0.28571429 0.29032258 0.29508197 0.3        0.30508475
 0.29310345 0.29824561 0.28571429 0.29090909 0.27777778 0.28301887
 0.28846154 0.29411765 0.3        0.30612245 0.3125     0.31914894
 0.32608696 0.33333333 0.31818182 0.3255814  0.30952381 0.29268293
 0.275      0.28205128 0.28947368 0.2972973  0.30555556 0.28571429
 0.29411765 0.27272727 0.28125    0.29032258 0.3        0.31034483
 0.28571429 0.2962963  0.26923077 0.28       0.29166667 0.30434783
 0.27272727 0.28571429 0.3        0.26315789 0.27777778 0.23529412
 0.25       0.26666667 0.28571429 0.30769231 0.33333333 0.27272727
 0.2        0.22222222 0.25       0.28571429 0.33333333 0.4
 0.5        0.66666667 1.         1.         1.        ]","[1.         1.         1.         1.         0.99431818 0.99431818
 0.99431818 0.99431818 0.98863636 0.98295455 0.98295455 0.98295455
 0.98295455 0.97727273 0.97159091 0.97159091 0.97159091 0.97159091
 0.97159091 0.97159091 0.97159091 0.97159091 0.97159091 0.97159091
 0.97159091 0.96590909 0.96022727 0.96022727 0.96022727 0.96022727
 0.96022727 0.96022727 0.96022727 0.96022727 0.96022727 0.96022727
 0.96022727 0.96022727 0.96022727 0.96022727 0.96022727 0.96022727
 0.96022727 0.96022727 0.96022727 0.96022727 0.96022727 0.96022727
 0.96022727 0.96022727 0.95454545 0.95454545 0.94886364 0.94886364
 0.94886364 0.94886364 0.94886364 0.94886364 0.94318182 0.94318182
 0.94318182 0.94318182 0.94318182 0.94318182 0.94318182 0.94318182
 0.94318182 0.9375     0.9375     0.93181818 0.92613636 0.92613636
 0.92045455 0.91477273 0.91477273 0.91477273 0.91477273 0.90909091
 0.90340909 0.90340909 0.90340909 0.90340909 0.89772727 0.89772727
 0.89772727 0.89772727 0.89772727 0.89772727 0.89772727 0.89772727
 0.89772727 0.89204545 0.89204545 0.89204545 0.89204545 0.89204545
 0.89204545 0.89204545 0.88636364 0.88636364 0.88636364 0.88636364
 0.88636364 0.88636364 0.88636364 0.88068182 0.88068182 0.88068182
 0.875      0.875      0.875      0.875      0.875      0.86931818
 0.86931818 0.86931818 0.86931818 0.86931818 0.86931818 0.86931818
 0.86931818 0.86931818 0.86931818 0.86931818 0.86363636 0.85795455
 0.85795455 0.85795455 0.85795455 0.85795455 0.85227273 0.85227273
 0.85227273 0.85227273 0.85227273 0.84659091 0.84090909 0.84090909
 0.83522727 0.83522727 0.83522727 0.82954545 0.82954545 0.82954545
 0.82954545 0.82954545 0.82386364 0.82386364 0.82386364 0.81818182
 0.81818182 0.81818182 0.81818182 0.81818182 0.81818182 0.81818182
 0.81818182 0.81818182 0.81818182 0.8125     0.80681818 0.80681818
 0.80681818 0.80681818 0.80681818 0.80681818 0.80681818 0.80681818
 0.80681818 0.80681818 0.80681818 0.80681818 0.80681818 0.80681818
 0.80681818 0.80681818 0.80681818 0.80681818 0.80681818 0.80681818
 0.80681818 0.80681818 0.80681818 0.80113636 0.80113636 0.80113636
 0.80113636 0.80113636 0.80113636 0.80113636 0.79545455 0.79545455
 0.79545455 0.79545455 0.79545455 0.79545455 0.79545455 0.78977273
 0.78977273 0.78409091 0.78409091 0.77840909 0.77840909 0.77272727
 0.77272727 0.76704545 0.76704545 0.76704545 0.76704545 0.76704545
 0.76136364 0.76136364 0.76136364 0.76136364 0.75568182 0.75
 0.75       0.75       0.75       0.75       0.74431818 0.74431818
 0.74431818 0.73863636 0.73863636 0.73863636 0.73863636 0.73863636
 0.73863636 0.73863636 0.73863636 0.73863636 0.73863636 0.73863636
 0.73863636 0.73863636 0.73863636 0.73863636 0.73863636 0.73863636
 0.73295455 0.73295455 0.73295455 0.73295455 0.72727273 0.72727273
 0.72727273 0.72727273 0.72159091 0.72159091 0.72159091 0.71590909
 0.71590909 0.71590909 0.71022727 0.71022727 0.71022727 0.71022727
 0.71022727 0.71022727 0.71022727 0.70454545 0.70454545 0.70454545
 0.69886364 0.69318182 0.69318182 0.69318182 0.69318182 0.6875
 0.6875     0.6875     0.6875     0.68181818 0.68181818 0.68181818
 0.68181818 0.68181818 0.68181818 0.68181818 0.68181818 0.68181818
 0.68181818 0.68181818 0.68181818 0.68181818 0.68181818 0.68181818
 0.67613636 0.67613636 0.67613636 0.67613636 0.67613636 0.67613636
 0.67613636 0.67613636 0.67613636 0.67613636 0.67613636 0.67613636
 0.67613636 0.67613636 0.67045455 0.67045455 0.67045455 0.67045455
 0.67045455 0.66477273 0.66477273 0.66477273 0.66477273 0.66477273
 0.66477273 0.66477273 0.66477273 0.65909091 0.65340909 0.65340909
 0.65340909 0.65340909 0.65340909 0.65340909 0.65340909 0.65340909
 0.65340909 0.65340909 0.65340909 0.65340909 0.65340909 0.65340909
 0.65340909 0.65340909 0.65340909 0.65340909 0.65340909 0.65340909
 0.65340909 0.65340909 0.65340909 0.65340909 0.65340909 0.65340909
 0.65340909 0.65340909 0.65340909 0.65340909 0.65340909 0.65340909
 0.65340909 0.64772727 0.64772727 0.64772727 0.64772727 0.64772727
 0.64772727 0.64772727 0.64772727 0.64204545 0.64204545 0.63636364
 0.63636364 0.63636364 0.63636364 0.63636364 0.63636364 0.63636364
 0.63636364 0.63636364 0.63636364 0.63636364 0.63068182 0.63068182
 0.63068182 0.63068182 0.63068182 0.625      0.625      0.625
 0.625      0.625      0.625      0.625      0.61931818 0.61363636
 0.61363636 0.60795455 0.60795455 0.60227273 0.59659091 0.59090909
 0.59090909 0.59090909 0.59090909 0.59090909 0.59090909 0.59090909
 0.58522727 0.58522727 0.57954545 0.57954545 0.57954545 0.57954545
 0.57386364 0.57386364 0.57386364 0.57386364 0.56818182 0.56818182
 0.56818182 0.56818182 0.56818182 0.56818182 0.56818182 0.56818182
 0.56818182 0.56818182 0.56818182 0.56818182 0.56818182 0.56818182
 0.56818182 0.56818182 0.56818182 0.5625     0.5625     0.5625
 0.5625     0.55681818 0.55681818 0.55113636 0.55113636 0.55113636
 0.55113636 0.55113636 0.55113636 0.55113636 0.55113636 0.55113636
 0.54545455 0.53977273 0.53977273 0.53977273 0.53977273 0.53977273
 0.53977273 0.53977273 0.53977273 0.53977273 0.53409091 0.53409091
 0.53409091 0.53409091 0.52840909 0.52840909 0.52840909 0.52272727
 0.51704545 0.51704545 0.51704545 0.51136364 0.51136364 0.51136364
 0.51136364 0.51136364 0.51136364 0.51136364 0.51136364 0.51136364
 0.51136364 0.51136364 0.51136364 0.51136364 0.51136364 0.50568182
 0.50568182 0.50568182 0.50568182 0.50568182 0.50568182 0.5
 0.5        0.5        0.49431818 0.49431818 0.49431818 0.48863636
 0.48863636 0.48863636 0.48863636 0.48863636 0.48863636 0.48295455
 0.47727273 0.47727273 0.47727273 0.47727273 0.47727273 0.47727273
 0.47727273 0.47727273 0.47727273 0.47727273 0.47727273 0.47727273
 0.47727273 0.47727273 0.47727273 0.47727273 0.47727273 0.47727273
 0.47727273 0.47727273 0.47727273 0.47727273 0.47727273 0.47727273
 0.47727273 0.47727273 0.47727273 0.47727273 0.47727273 0.47159091
 0.47159091 0.47159091 0.46590909 0.46590909 0.46590909 0.46590909
 0.46590909 0.46022727 0.46022727 0.46022727 0.46022727 0.46022727
 0.46022727 0.46022727 0.46022727 0.46022727 0.46022727 0.45454545
 0.45454545 0.44886364 0.44318182 0.4375     0.4375     0.4375
 0.4375     0.4375     0.4375     0.4375     0.4375     0.4375
 0.4375     0.4375     0.43181818 0.43181818 0.43181818 0.43181818
 0.43181818 0.43181818 0.43181818 0.43181818 0.43181818 0.42613636
 0.42613636 0.42613636 0.42045455 0.42045455 0.42045455 0.42045455
 0.42045455 0.42045455 0.42045455 0.42045455 0.42045455 0.42045455
 0.42045455 0.42045455 0.42045455 0.42045455 0.41477273 0.41477273
 0.41477273 0.41477273 0.40909091 0.40340909 0.40340909 0.40340909
 0.40340909 0.40340909 0.39772727 0.39204545 0.39204545 0.39204545
 0.38636364 0.38636364 0.38636364 0.38636364 0.38636364 0.38068182
 0.38068182 0.38068182 0.38068182 0.38068182 0.38068182 0.38068182
 0.38068182 0.38068182 0.38068182 0.38068182 0.375      0.375
 0.375      0.375      0.375      0.375      0.375      0.375
 0.375      0.375      0.375      0.375      0.375      0.375
 0.375      0.36931818 0.36931818 0.36931818 0.36931818 0.36931818
 0.36931818 0.36363636 0.36363636 0.35795455 0.35795455 0.35795455
 0.35795455 0.35795455 0.35795455 0.35227273 0.35227273 0.34659091
 0.34090909 0.34090909 0.33522727 0.33522727 0.33522727 0.33522727
 0.33522727 0.33522727 0.33522727 0.33522727 0.33522727 0.33522727
 0.33522727 0.33522727 0.33522727 0.32954545 0.32954545 0.32386364
 0.32386364 0.32386364 0.32386364 0.32386364 0.31818182 0.31818182
 0.31818182 0.31818182 0.31818182 0.3125     0.3125     0.30681818
 0.30681818 0.30681818 0.30681818 0.30681818 0.30681818 0.30681818
 0.30681818 0.30681818 0.30681818 0.30681818 0.30681818 0.30113636
 0.30113636 0.30113636 0.30113636 0.30113636 0.30113636 0.30113636
 0.30113636 0.30113636 0.30113636 0.30113636 0.29545455 0.29545455
 0.29545455 0.28977273 0.28977273 0.28977273 0.28409091 0.28409091
 0.28409091 0.28409091 0.27840909 0.27840909 0.27272727 0.27272727
 0.26704545 0.26136364 0.26136364 0.25568182 0.25568182 0.25568182
 0.25568182 0.25568182 0.25568182 0.25       0.25       0.25
 0.25       0.25       0.25       0.24431818 0.24431818 0.24431818
 0.24431818 0.24431818 0.24431818 0.24431818 0.24431818 0.24431818
 0.24431818 0.24431818 0.24431818 0.24431818 0.24431818 0.24431818
 0.24431818 0.23863636 0.23863636 0.23863636 0.23863636 0.23863636
 0.23863636 0.23863636 0.23295455 0.23295455 0.23295455 0.23295455
 0.23295455 0.23295455 0.22727273 0.22727273 0.22727273 0.22727273
 0.22159091 0.22159091 0.22159091 0.22159091 0.22159091 0.21590909
 0.21590909 0.21590909 0.21590909 0.21590909 0.21590909 0.21022727
 0.21022727 0.21022727 0.21022727 0.21022727 0.21022727 0.21022727
 0.21022727 0.21022727 0.21022727 0.20454545 0.19886364 0.19886364
 0.19886364 0.19886364 0.19886364 0.19886364 0.19886364 0.19886364
 0.19886364 0.19886364 0.19886364 0.19886364 0.19886364 0.19886364
 0.19886364 0.19886364 0.19886364 0.19886364 0.19886364 0.19886364
 0.19886364 0.19886364 0.19886364 0.19886364 0.19886364 0.19318182
 0.19318182 0.19318182 0.19318182 0.1875     0.1875     0.1875
 0.1875     0.1875     0.1875     0.1875     0.1875     0.1875
 0.1875     0.1875     0.1875     0.1875     0.18181818 0.18181818
 0.17613636 0.17613636 0.17613636 0.17613636 0.17613636 0.17045455
 0.17045455 0.17045455 0.17045455 0.17045455 0.16477273 0.16477273
 0.16477273 0.15909091 0.15909091 0.15340909 0.15340909 0.14772727
 0.14772727 0.14772727 0.14772727 0.14204545 0.14204545 0.14204545
 0.14204545 0.14204545 0.14204545 0.14204545 0.13636364 0.13068182
 0.13068182 0.13068182 0.13068182 0.13068182 0.13068182 0.13068182
 0.125      0.125      0.125      0.125      0.125      0.125
 0.125      0.125      0.125      0.125      0.125      0.125
 0.125      0.125      0.125      0.125      0.125      0.125
 0.125      0.125      0.11931818 0.11931818 0.11931818 0.11931818
 0.11931818 0.11931818 0.11931818 0.11931818 0.11931818 0.11931818
 0.11363636 0.11363636 0.10795455 0.10227273 0.10227273 0.10227273
 0.10227273 0.10227273 0.10227273 0.10227273 0.10227273 0.10227273
 0.10227273 0.10227273 0.10227273 0.10227273 0.10227273 0.10227273
 0.09659091 0.09659091 0.09090909 0.09090909 0.08522727 0.08522727
 0.08522727 0.08522727 0.08522727 0.08522727 0.08522727 0.08522727
 0.08522727 0.08522727 0.07954545 0.07954545 0.07386364 0.06818182
 0.0625     0.0625     0.0625     0.0625     0.0625     0.05681818
 0.05681818 0.05113636 0.05113636 0.05113636 0.05113636 0.05113636
 0.04545455 0.04545455 0.03977273 0.03977273 0.03977273 0.03977273
 0.03409091 0.03409091 0.03409091 0.02840909 0.02840909 0.02272727
 0.02272727 0.02272727 0.02272727 0.02272727 0.02272727 0.01704545
 0.01136364 0.01136364 0.01136364 0.01136364 0.01136364 0.01136364
 0.01136364 0.01136364 0.01136364 0.00568182 0.        ]","[3.56298270e-04 4.91614289e-04 1.21171206e-03 3.39867668e-03
 3.52728321e-03 3.82584250e-03 3.89571495e-03 6.21961678e-03
 7.72944963e-03 1.00822863e-02 1.04841604e-02 1.25982398e-02
 1.31297246e-02 1.44793954e-02 1.48513372e-02 1.59374258e-02
 1.61063367e-02 1.64894740e-02 1.76664361e-02 1.80132261e-02
 1.95743138e-02 2.04085192e-02 2.09694082e-02 2.09794730e-02
 2.33307796e-02 2.41747629e-02 2.41768995e-02 2.56871590e-02
 2.62315374e-02 2.64159707e-02 2.65819789e-02 2.67605613e-02
 2.99253588e-02 3.04188992e-02 3.11359385e-02 3.37226127e-02
 3.57578409e-02 3.68469094e-02 3.68508998e-02 3.69848420e-02
 3.71591840e-02 3.75686027e-02 3.80864392e-02 3.81418647e-02
 3.88817925e-02 3.93090087e-02 4.01910988e-02 4.05611194e-02
 4.08249274e-02 4.10555837e-02 4.28412467e-02 4.44127480e-02
 4.46384176e-02 4.55533317e-02 4.72449107e-02 4.74161513e-02
 4.85030695e-02 4.89155080e-02 4.98304827e-02 4.98661776e-02
 4.99442780e-02 5.10918707e-02 5.14923221e-02 5.15660979e-02
 5.22438955e-02 5.28191444e-02 5.37475785e-02 5.39265647e-02
 5.54366709e-02 5.60686386e-02 5.84798374e-02 5.87633618e-02
 5.92929645e-02 5.98961649e-02 6.05679771e-02 6.11632539e-02
 6.14894452e-02 6.39212390e-02 6.52446867e-02 6.54577890e-02
 6.61219579e-02 6.83927010e-02 6.88101627e-02 6.93506828e-02
 7.13962719e-02 7.17536008e-02 7.27604033e-02 7.28394140e-02
 7.85657311e-02 8.14315536e-02 8.18788716e-02 8.29050415e-02
 8.35121551e-02 8.36840470e-02 8.62202072e-02 8.65412988e-02
 8.73028291e-02 8.76183705e-02 8.83921630e-02 8.85278054e-02
 8.87534033e-02 9.31253630e-02 9.33254094e-02 9.54007884e-02
 9.64149088e-02 9.69596772e-02 9.86467075e-02 9.89276539e-02
 9.91430615e-02 9.97996015e-02 1.00559421e-01 1.01916328e-01
 1.04129647e-01 1.04159214e-01 1.04583527e-01 1.05370032e-01
 1.05403183e-01 1.05954735e-01 1.07190836e-01 1.08733561e-01
 1.08744550e-01 1.12565390e-01 1.15649814e-01 1.16081377e-01
 1.16938541e-01 1.17174115e-01 1.17189653e-01 1.17892156e-01
 1.18180922e-01 1.18478601e-01 1.18694435e-01 1.19955028e-01
 1.21465205e-01 1.21692298e-01 1.22137015e-01 1.22936314e-01
 1.23152461e-01 1.25975548e-01 1.26522411e-01 1.30107367e-01
 1.30902426e-01 1.33887394e-01 1.34756067e-01 1.35691567e-01
 1.36367264e-01 1.36724031e-01 1.38324949e-01 1.38683693e-01
 1.39197246e-01 1.39466939e-01 1.39663731e-01 1.40919534e-01
 1.41048425e-01 1.42398736e-01 1.42840073e-01 1.45556653e-01
 1.46046433e-01 1.47167929e-01 1.49084714e-01 1.49540309e-01
 1.50571492e-01 1.53433023e-01 1.54973760e-01 1.59578286e-01
 1.61509624e-01 1.61926299e-01 1.62509032e-01 1.62738096e-01
 1.63109699e-01 1.63537788e-01 1.64062062e-01 1.65290220e-01
 1.66334952e-01 1.66817243e-01 1.67537318e-01 1.71942650e-01
 1.72576726e-01 1.72711642e-01 1.73072409e-01 1.73883997e-01
 1.76099689e-01 1.76162087e-01 1.76834843e-01 1.77565836e-01
 1.79208940e-01 1.80482215e-01 1.82501705e-01 1.83245988e-01
 1.85562711e-01 1.86575407e-01 1.86668259e-01 1.87349054e-01
 1.87898815e-01 1.92030662e-01 1.95167858e-01 1.96524405e-01
 1.96674095e-01 1.97883083e-01 1.98177807e-01 1.98413142e-01
 2.01840251e-01 2.02193518e-01 2.02325613e-01 2.03150135e-01
 2.03214818e-01 2.03335923e-01 2.03677894e-01 2.03779921e-01
 2.05832361e-01 2.05885765e-01 2.06964857e-01 2.09127084e-01
 2.10602092e-01 2.10701339e-01 2.10976020e-01 2.11034676e-01
 2.15029699e-01 2.17617593e-01 2.24532647e-01 2.25207585e-01
 2.25310020e-01 2.27387877e-01 2.28832553e-01 2.29279997e-01
 2.29474383e-01 2.31317274e-01 2.31867909e-01 2.34199053e-01
 2.34349281e-01 2.34454368e-01 2.37423097e-01 2.39801251e-01
 2.40338107e-01 2.40449826e-01 2.40982959e-01 2.41864695e-01
 2.42107567e-01 2.43083611e-01 2.45214398e-01 2.46174686e-01
 2.46654623e-01 2.52613710e-01 2.53102860e-01 2.55315999e-01
 2.56086189e-01 2.57042527e-01 2.60395509e-01 2.61531907e-01
 2.62342934e-01 2.62515763e-01 2.64309785e-01 2.65319042e-01
 2.66171036e-01 2.66581593e-01 2.66647641e-01 2.66769809e-01
 2.68732467e-01 2.69892962e-01 2.69914925e-01 2.70069935e-01
 2.70571132e-01 2.70845897e-01 2.70912906e-01 2.71453476e-01
 2.72824712e-01 2.72919748e-01 2.73433356e-01 2.73895146e-01
 2.74689586e-01 2.76014739e-01 2.76494889e-01 2.78248668e-01
 2.78455804e-01 2.78941731e-01 2.79809628e-01 2.81029923e-01
 2.81901734e-01 2.82555897e-01 2.83323790e-01 2.83461556e-01
 2.84780580e-01 2.87070821e-01 2.88956082e-01 2.89439264e-01
 2.92793997e-01 2.93653780e-01 2.94089838e-01 2.94242693e-01
 2.94283819e-01 2.94826865e-01 2.95516755e-01 2.95847167e-01
 2.96431294e-01 3.00376929e-01 3.00747580e-01 3.01282446e-01
 3.04244241e-01 3.06362083e-01 3.08364776e-01 3.08953082e-01
 3.10212546e-01 3.11413961e-01 3.13073277e-01 3.13222638e-01
 3.14013057e-01 3.14268833e-01 3.14992470e-01 3.16832203e-01
 3.17172211e-01 3.17566857e-01 3.21508427e-01 3.23099088e-01
 3.25386251e-01 3.27026788e-01 3.27716526e-01 3.28522664e-01
 3.28953744e-01 3.29906959e-01 3.31729772e-01 3.34036293e-01
 3.34600163e-01 3.34624786e-01 3.34635983e-01 3.34667562e-01
 3.35008377e-01 3.35517849e-01 3.35708507e-01 3.35973338e-01
 3.36173103e-01 3.36648597e-01 3.37624699e-01 3.37722775e-01
 3.38239531e-01 3.41476051e-01 3.42939388e-01 3.44911094e-01
 3.45649866e-01 3.45986531e-01 3.46309196e-01 3.47426547e-01
 3.49763233e-01 3.49859238e-01 3.50195222e-01 3.51128174e-01
 3.52392070e-01 3.52998120e-01 3.53849977e-01 3.55227623e-01
 3.55499932e-01 3.55890793e-01 3.56354732e-01 3.56418941e-01
 3.56476049e-01 3.57047127e-01 3.58035325e-01 3.58557725e-01
 3.63119010e-01 3.63135370e-01 3.64821049e-01 3.64881535e-01
 3.66652235e-01 3.67569151e-01 3.68176891e-01 3.69375186e-01
 3.69473274e-01 3.70594034e-01 3.70836493e-01 3.72021106e-01
 3.73291535e-01 3.73580641e-01 3.74730879e-01 3.75073486e-01
 3.76292657e-01 3.76547677e-01 3.77864042e-01 3.78361269e-01
 3.78506651e-01 3.80158889e-01 3.80830349e-01 3.82668093e-01
 3.82986515e-01 3.83753199e-01 3.83931090e-01 3.84260820e-01
 3.84766505e-01 3.85097816e-01 3.85843636e-01 3.85864587e-01
 3.87402274e-01 3.87751654e-01 3.89231704e-01 3.89519898e-01
 3.89598435e-01 3.89702554e-01 3.89856854e-01 3.92413448e-01
 3.92938014e-01 3.94333600e-01 3.95680851e-01 3.96448255e-01
 3.98074242e-01 3.98196318e-01 3.99123677e-01 4.00002231e-01
 4.00125497e-01 4.02408508e-01 4.02546623e-01 4.04024885e-01
 4.04719716e-01 4.06590815e-01 4.06781050e-01 4.07444189e-01
 4.10123228e-01 4.10566173e-01 4.12062388e-01 4.12750374e-01
 4.13500376e-01 4.14536943e-01 4.15127831e-01 4.15905139e-01
 4.20445689e-01 4.21335167e-01 4.21488688e-01 4.22073231e-01
 4.25317094e-01 4.25398105e-01 4.25406804e-01 4.30371345e-01
 4.31215468e-01 4.32019960e-01 4.32743571e-01 4.32864745e-01
 4.33130904e-01 4.33160292e-01 4.33922063e-01 4.38243753e-01
 4.39011558e-01 4.39310117e-01 4.40299931e-01 4.41055096e-01
 4.41845942e-01 4.42595180e-01 4.43357234e-01 4.43661192e-01
 4.44038899e-01 4.44645734e-01 4.46322989e-01 4.47995606e-01
 4.48565253e-01 4.50244258e-01 4.51471730e-01 4.52253999e-01
 4.54319174e-01 4.54655005e-01 4.54932923e-01 4.55283523e-01
 4.55302095e-01 4.55836356e-01 4.56643190e-01 4.58525188e-01
 4.61339884e-01 4.64197987e-01 4.67046451e-01 4.67230023e-01
 4.67850390e-01 4.68786695e-01 4.69463797e-01 4.69848251e-01
 4.70104003e-01 4.73924208e-01 4.79201787e-01 4.79545094e-01
 4.81319410e-01 4.81324948e-01 4.81637350e-01 4.82561134e-01
 4.84413513e-01 4.84662349e-01 4.86218663e-01 4.86878535e-01
 4.87154002e-01 4.87918014e-01 4.88167328e-01 4.88783253e-01
 4.88868613e-01 4.90543362e-01 4.93244205e-01 4.94326808e-01
 4.95234213e-01 4.95901450e-01 4.96618166e-01 4.97425723e-01
 4.98149164e-01 4.99061736e-01 5.02049481e-01 5.03402293e-01
 5.03471483e-01 5.04551907e-01 5.05630383e-01 5.05875761e-01
 5.06595308e-01 5.07522066e-01 5.08634042e-01 5.10844105e-01
 5.10971304e-01 5.12524737e-01 5.13250493e-01 5.13385954e-01
 5.14580227e-01 5.15530115e-01 5.15625967e-01 5.15703779e-01
 5.16244676e-01 5.18096761e-01 5.19881781e-01 5.20365656e-01
 5.22855594e-01 5.24412861e-01 5.26500393e-01 5.29782934e-01
 5.30844908e-01 5.31867226e-01 5.32222815e-01 5.35815301e-01
 5.37390690e-01 5.37907976e-01 5.38383768e-01 5.38532375e-01
 5.40383843e-01 5.40703802e-01 5.42072653e-01 5.42475131e-01
 5.43550297e-01 5.43554496e-01 5.44825680e-01 5.45981267e-01
 5.46050976e-01 5.46162107e-01 5.47377688e-01 5.47702299e-01
 5.48139886e-01 5.49104457e-01 5.49842925e-01 5.50979939e-01
 5.52133714e-01 5.52308468e-01 5.54629550e-01 5.54741466e-01
 5.59209468e-01 5.60530417e-01 5.60546772e-01 5.61169857e-01
 5.61683925e-01 5.62293913e-01 5.64198043e-01 5.64623450e-01
 5.67265065e-01 5.70032581e-01 5.71064447e-01 5.71128484e-01
 5.71304848e-01 5.72416536e-01 5.73925992e-01 5.74730487e-01
 5.75030747e-01 5.75155399e-01 5.77443114e-01 5.77629543e-01
 5.77933105e-01 5.79403297e-01 5.79816948e-01 5.79966772e-01
 5.80978174e-01 5.82526977e-01 5.84365405e-01 5.86708084e-01
 5.88048341e-01 5.89225412e-01 5.90782157e-01 5.91009593e-01
 5.95794431e-01 5.97277308e-01 5.98932170e-01 5.99741186e-01
 6.00143228e-01 6.00808605e-01 6.01263639e-01 6.01569967e-01
 6.02397067e-01 6.03324121e-01 6.03952392e-01 6.04058885e-01
 6.04834140e-01 6.07004547e-01 6.07734444e-01 6.09006325e-01
 6.09607565e-01 6.10576008e-01 6.10889463e-01 6.11166733e-01
 6.11541520e-01 6.11748870e-01 6.11760812e-01 6.13053182e-01
 6.13497317e-01 6.15650658e-01 6.16964997e-01 6.17338916e-01
 6.17779543e-01 6.20604106e-01 6.20845864e-01 6.23039554e-01
 6.24193208e-01 6.24240989e-01 6.24393504e-01 6.24606338e-01
 6.25325766e-01 6.25664300e-01 6.27578081e-01 6.28644481e-01
 6.28758845e-01 6.29149773e-01 6.29497667e-01 6.31637527e-01
 6.32704060e-01 6.34484071e-01 6.34632572e-01 6.34748584e-01
 6.35067951e-01 6.37501134e-01 6.38262287e-01 6.38484955e-01
 6.38838078e-01 6.38892671e-01 6.39598931e-01 6.41110332e-01
 6.42526050e-01 6.43846902e-01 6.44577793e-01 6.44881276e-01
 6.45529260e-01 6.46512650e-01 6.47988749e-01 6.48363771e-01
 6.48739186e-01 6.48877340e-01 6.50842058e-01 6.51644974e-01
 6.52033566e-01 6.54673409e-01 6.56510063e-01 6.56868224e-01
 6.57124838e-01 6.57737545e-01 6.60474272e-01 6.61650948e-01
 6.64321663e-01 6.66371550e-01 6.67381982e-01 6.68870365e-01
 6.70372727e-01 6.70690166e-01 6.71095458e-01 6.71224979e-01
 6.72059877e-01 6.72081665e-01 6.73617730e-01 6.73625244e-01
 6.73894424e-01 6.74747458e-01 6.74796322e-01 6.76743160e-01
 6.77211347e-01 6.77367199e-01 6.77369774e-01 6.78071978e-01
 6.79856852e-01 6.81898602e-01 6.82390699e-01 6.84344116e-01
 6.84753909e-01 6.84949467e-01 6.85469182e-01 6.86736798e-01
 6.88405833e-01 6.88599392e-01 6.88738735e-01 6.90093232e-01
 6.90878962e-01 6.92539908e-01 6.92781706e-01 6.92977929e-01
 6.94400502e-01 6.94544994e-01 6.94903777e-01 6.95293928e-01
 6.98305494e-01 6.98819132e-01 6.99459979e-01 7.00423412e-01
 7.02820676e-01 7.03184090e-01 7.03862490e-01 7.04991455e-01
 7.06933483e-01 7.07597031e-01 7.07938243e-01 7.09699471e-01
 7.11480609e-01 7.14209791e-01 7.14837341e-01 7.16642806e-01
 7.18083954e-01 7.21652657e-01 7.21681461e-01 7.23756331e-01
 7.23838222e-01 7.27348377e-01 7.27857748e-01 7.28183888e-01
 7.29256250e-01 7.29833805e-01 7.30077709e-01 7.30397220e-01
 7.31219365e-01 7.31835325e-01 7.32240522e-01 7.32563349e-01
 7.33156073e-01 7.33663783e-01 7.34026616e-01 7.35301455e-01
 7.36735213e-01 7.37024333e-01 7.37606914e-01 7.37635856e-01
 7.38900329e-01 7.41521495e-01 7.43893908e-01 7.45428345e-01
 7.47378877e-01 7.48628568e-01 7.49103753e-01 7.49460252e-01
 7.52042908e-01 7.52251134e-01 7.55259838e-01 7.55900359e-01
 7.56655125e-01 7.57517934e-01 7.57601402e-01 7.58272507e-01
 7.58919988e-01 7.62356408e-01 7.63268141e-01 7.63365571e-01
 7.63449843e-01 7.64460939e-01 7.64690036e-01 7.64947512e-01
 7.66731324e-01 7.67554276e-01 7.68756470e-01 7.68977904e-01
 7.69413455e-01 7.72631579e-01 7.74410450e-01 7.75811603e-01
 7.78348674e-01 7.78993285e-01 7.79527354e-01 7.79664718e-01
 7.80219884e-01 7.81686560e-01 7.82399579e-01 7.82730906e-01
 7.84727096e-01 7.85762300e-01 7.86430187e-01 7.86851525e-01
 7.88110382e-01 7.88187360e-01 7.89674834e-01 7.90620057e-01
 7.92689054e-01 7.93186472e-01 7.93599380e-01 7.94730844e-01
 7.97199429e-01 8.00188791e-01 8.00469917e-01 8.01131298e-01
 8.01198921e-01 8.02710250e-01 8.03132473e-01 8.03346855e-01
 8.03410900e-01 8.04086392e-01 8.05574884e-01 8.06960387e-01
 8.08168513e-01 8.09764296e-01 8.09899529e-01 8.12097163e-01
 8.14845584e-01 8.15909480e-01 8.16370271e-01 8.16564647e-01
 8.16756214e-01 8.18461655e-01 8.20635339e-01 8.22011589e-01
 8.23496160e-01 8.25182474e-01 8.26356085e-01 8.27562145e-01
 8.27726153e-01 8.28253340e-01 8.28256525e-01 8.31192034e-01
 8.33692962e-01 8.36499535e-01 8.38005259e-01 8.38404749e-01
 8.41711044e-01 8.42288909e-01 8.42353011e-01 8.42697817e-01
 8.43262447e-01 8.43488158e-01 8.43874217e-01 8.49821169e-01
 8.51854574e-01 8.52409012e-01 8.53479476e-01 8.54295814e-01
 8.54367740e-01 8.54589160e-01 8.54865401e-01 8.55592995e-01
 8.57014368e-01 8.57025330e-01 8.57068661e-01 8.57893444e-01
 8.60412340e-01 8.60427312e-01 8.60819385e-01 8.67122451e-01
 8.68274638e-01 8.68450275e-01 8.69864423e-01 8.69891700e-01
 8.70199489e-01 8.70895445e-01 8.72570961e-01 8.73102830e-01
 8.73393912e-01 8.74103180e-01 8.77125911e-01 8.77491747e-01
 8.77761562e-01 8.79318387e-01 8.80883212e-01 8.81011730e-01
 8.82581605e-01 8.83183843e-01 8.84640303e-01 8.86100179e-01
 8.86682924e-01 8.86807218e-01 8.88620810e-01 8.91063850e-01
 8.92058986e-01 8.94825058e-01 8.96676495e-01 8.97598888e-01
 8.97867359e-01 8.98002659e-01 8.99473091e-01 9.01378470e-01
 9.01660223e-01 9.03828371e-01 9.06068720e-01 9.07561074e-01
 9.09187657e-01 9.09572754e-01 9.09875856e-01 9.11282770e-01
 9.11947134e-01 9.13247534e-01 9.13713512e-01 9.16901817e-01
 9.17036764e-01 9.19730942e-01 9.20286454e-01 9.21882931e-01
 9.23344985e-01 9.25049038e-01 9.25539413e-01 9.26602298e-01
 9.26960888e-01 9.27900802e-01 9.27950093e-01 9.29297047e-01
 9.29654071e-01 9.30993124e-01 9.31026675e-01 9.32577991e-01
 9.33054401e-01 9.35318551e-01 9.35485700e-01 9.35890632e-01
 9.36373634e-01 9.36953123e-01 9.36996185e-01 9.37146033e-01
 9.38698940e-01 9.39475781e-01 9.39503607e-01 9.39956231e-01
 9.41882453e-01 9.42277567e-01 9.43276527e-01 9.43309370e-01
 9.49001532e-01 9.49817515e-01 9.51264405e-01 9.55971878e-01
 9.56343979e-01 9.57327543e-01 9.58189613e-01 9.59576598e-01
 9.59921782e-01 9.61905242e-01 9.62765129e-01 9.63584601e-01
 9.66102067e-01 9.68626783e-01 9.69464694e-01 9.70230447e-01
 9.71915408e-01 9.73090554e-01 9.75132464e-01 9.75469416e-01
 9.75525853e-01 9.76287603e-01 9.77634913e-01 9.77644464e-01
 9.77953845e-01 9.78695494e-01 9.79281821e-01 9.79502725e-01
 9.79795254e-01 9.80718441e-01 9.82431924e-01 9.84017909e-01
 9.86632828e-01 9.87339813e-01 9.87590841e-01 9.87908423e-01
 9.88074659e-01 9.90471541e-01 9.94701110e-01 9.98403189e-01]"
