project_key,usability_label,Model,feature_importance,accuracy,confusion_matrix,classification_report,area_under_pre_recall_curve,avg_precision,area_under_roc_curve,y_pred,precision,recall,thresholds
Hyperledger,is_change_text_num_words_10,RF,"len_description                           0.121051
num_words                                 0.114529
len_sum_desc                              0.086691
num_stopwords                             0.079551
num_sentences                             0.071075
ratio_unusable_issues_text_by_previous    0.065144
avg_word_len                              0.041948
2                                         0.041390
avg_num_word_in_sentence                  0.041189
12                                        0.036266
5                                         0.033351
8                                         0.030035
7                                         0.026728
3                                         0.024576
13                                        0.024146
14                                        0.021072
original_story_points_sprint              0.019204
4                                         0.017487
9                                         0.016564
num_issues_cretor_prev                    0.014962
6                                         0.014237
1                                         0.013362
0                                         0.013306
10                                        0.012437
11                                        0.011594
time_until_add_sprint                     0.004579
dominant_topic_1                          0.002043
has_url                                   0.000553
num_headlines                             0.000520
num_changes_text_before_sprint            0.000253
relates                                   0.000088
has_acceptance_criteria                   0.000071
num_comments_before_sprint                0.000000
num_question_marks                        0.000000
has_template                              0.000000
if_acceptance_empty_tbd                   0.000000
len_acceptance                            0.000000
has_tbd                                   0.000000
has_please                                0.000000
if_description_empty_tbd                  0.000000
priority                                  0.000000
pron_count                                0.000000
block                                     0.000000
num_changes_story_point_before_sprint     0.000000
noun_count                                0.000000
has_code                                  0.000000
adj_count                                 0.000000
adv_count                                 0.000000
duplicate_by                              0.000000
duplicate                                 0.000000
block_by                                  0.000000
verb_count                                0.000000
dtype: float64",0.6286307053941909,"[[293.77372263 188.22627737]
 [125.5915493  356.4084507 ]]","              precision    recall  f1-score   support

           0       0.70      0.61      0.65 482.00000000000455
           1       0.65      0.74      0.69 482.00000000000057

    accuracy                           0.67 964.0000000000051
   macro avg       0.68      0.67      0.67 964.0000000000051
weighted avg       0.68      0.67      0.67 964.0000000000051
",0.6735952483188441,0.6767079881783876,0.7143603714745896,"[1 0 1 1 0 1 1 0 1 1 0 1 1 1 0 0 1 1 1 0 0 0 0 0 0 0 0 0 0 0 0 0 0 0 0 0 0
 0 0 0 0 0 0 0 1 0 1 0 0 0 1 0 1 0 0 0 0 1 1 0 1 0 1 0 0 0 0 0 0 1 0 0 0 1
 0 1 1 1 0 0 0 1 0 0 0 1 1 1 1 1 0 0 1 1 1 0 0 0 0 0 0 0 0 1 1 0 0 1 0 0 0
 1 1 1 0 0 0 0 0 0 1 0 0 0 1 0 0 0 0 0 0 0 0 0 1 0 0 0 0 0 0 1 0 0 0 1 0 1
 1 0 0 0 0 0 1 1 1 0 0 0 0 0 0 1 0 0 0 0 0 1 0 0 0 1 1 1 1 1 0 0 1 0 0 0 0
 1 1 1 1 0 0 0 0 0 1 1 1 1 1 1 1 1 0 1 0 0 0 1 1 0 1 1 0 0 0 1 1 1 1 1 1 1
 0 1 0 1 0 1 0 0 0 0 1 1 0 1 1 0 1 0 0 1 0 0 0 1 1 1 0 0 1 1 1 0 0 0 0 1 1
 0 1 1 1 0 0 0 1 1 0 1 0 0 0 1 1 1 1 0 1 0 0 1 0 0 1 1 1 1 0 0 0 1 0 0 1 1
 1 1 0 1 1 1 0 1 0 1 0 0 0 0 0 0 0 1 1 1 1 0 0 0 0 1 1 1 1 0 1 1 1 0 0 0 0
 1 1 0 1 0 1 1 1 1 1 0 0 1 0 1 1 1 0 1 1 1 1 0 0 1 1 1 0 0 1 0 0 1 1 1 0 0
 0 0 0 0 1 1 1 1 1 1 1 0 1 1 1 0 1 1 0 1 0 0 0 0 0 0 0 1 1 0 0 0 1 0 1 1 1
 1 1 1 0 1 1 0 0 1 1 1 1 0 1 1 1 1 1 1 0 1 1 1 0 0 1 1 0 0 1 1 1 1 1 1 1 1
 1 1 0 1 1 1 1 1 1 0 1 1 1 0 0 0 0 1 1 0 0 0 1 0 1 1 0 0 0 0 1 1 1 0 1 0 0
 0 1 1 1 0 1 1 1 1 1 0 1 1 1 1 1 1 1 0 0 1 0 0 0 1 0 1 0 1 1 0 0 0 0 0 1 1
 0 1 1 1 0 1 0 1 0 0 1 1 1 0 0 0 1 0 0 1 1 0 1 0 1 1 1 0 0 1 0 1 1 1 1 0 0
 0 0 1 1 1 0 1 0 0 0 0 0 1 0 0 0 0 1 0 1 0 0 0 0 0 1 1 1 1 1 1 1 1 1 1 1 1
 1 1 1 1 0 0 0 0 1 0 0 0 0 1 0 0 1 1 1 1 1 1 1 1 1 0 1 0 0 0 0 1 1 1 1 1 1
 0 1 0 0 0 0 0 0 1 1 0 0 1 0 1 0 1 1 1 1 1 1 1 0 1 1 0 0 0 0 1 1 0 0 0 0 0
 0 0 1 1 0 1 1 1 0 0 1 1 0 1 0 0 0 0 0 1 0 0 1 1 0 0 1 0 0 0 0 0 0 0 1 1 0
 0 1 0 1 0 1 1 0 0 0 1 1 1 1 0 1 1 0 1 0 1 0 0 0 0 0 0 0 1 1 0 0 0 0 0 1 1
 1 0 0 1 0 0 1 1 1 1 0 0 0 0 0 0 0 1 0 0 1 0 0 1 0 0 0 0 0 1 1 1 1 1 0 0 0
 1 1 0 0 0 0 0 1 0 1 1 0 0 0 1 1 0 0 0 1 0 1 1 1 1 0 0 1 1 0 0 1 1 0 0 0 1
 1 1 1 0 0 1 1 1 0 0 0 0 0 0 0 0 0 0 0 0 0 0 0 0 1 0 0 0 0 0 0 1 1 0 1 0 0
 0 0 0 0 0 0 0 0 0 0 0 0 1 0 0 0 0 0 0 0 1 1 0 0 0 0 0 0 0 1 1 0 0 1 0 0 0
 0 1 0 0 0 0 0 0 0 1 0 0 0 1 1 0 0 0 0 1 0 0 1 0 1 1 0 0 0 1 1 0 0 1 0 0 1
 1 0 1 0 1 1 0 1 0 0 0 1 0 1 0 0 0 0 0 0 0 0 0 0 1 1 0 1 0 0 1 0 0 0 0 0 0
 0 0]","[0.5        0.50030432 0.50060901 0.50091408 0.50121951 0.50152532
 0.5018315  0.50213806 0.50244499 0.50275229 0.50305998 0.50336803
 0.50367647 0.50398529 0.50429448 0.50460405 0.504914   0.50522434
 0.50553506 0.50584615 0.50615764 0.5064695  0.50678175 0.50709439
 0.50740741 0.50772082 0.50803461 0.50834879 0.50866337 0.50897833
 0.50929368 0.50960942 0.50992556 0.51024209 0.51055901 0.51087632
 0.51119403 0.51151213 0.51183064 0.51214953 0.51246883 0.51278852
 0.51310861 0.51342911 0.51375    0.51407129 0.51439299 0.51471509
 0.51503759 0.5153605  0.51568381 0.51600753 0.51633166 0.51665619
 0.51698113 0.51730648 0.51763224 0.51795841 0.51828499 0.51861199
 0.51893939 0.51926721 0.51959545 0.5199241  0.52025316 0.52058265
 0.52091255 0.52124287 0.5215736  0.52190476 0.52223634 0.52256834
 0.52290076 0.5211374  0.52147035 0.52180373 0.52213753 0.52247176
 0.52280642 0.5231415  0.52347702 0.52381297 0.52414935 0.52448616
 0.5248234  0.52516108 0.52549919 0.52583774 0.52617673 0.52651615
 0.52685601 0.52719631 0.52753705 0.52787823 0.52821985 0.52856192
 0.52890442 0.52924738 0.52959077 0.52993462 0.53027891 0.53062364
 0.53096883 0.53131446 0.53166055 0.53200709 0.53235408 0.53270152
 0.53304941 0.53339776 0.53374657 0.53409583 0.53444555 0.53479573
 0.53514637 0.53549746 0.53584902 0.53620104 0.53655352 0.53690647
 0.53725988 0.53761376 0.5379681  0.53832291 0.53867819 0.53903394
 0.53939016 0.53974685 0.54010401 0.54046165 0.54081975 0.54117834
 0.5415374  0.54189693 0.54225695 0.54261744 0.54297841 0.54333987
 0.5437018  0.54406422 0.54442712 0.5447905  0.54515437 0.54551873
 0.54588357 0.5462489  0.54661473 0.54698104 0.54734784 0.54771514
 0.54808293 0.54631942 0.54668795 0.54705698 0.54742651 0.54779653
 0.54816706 0.54853809 0.54890962 0.54928166 0.5496542  0.54787912
 0.54825243 0.54862625 0.54900058 0.54937541 0.54975077 0.55012663
 0.55050301 0.5508799  0.55125731 0.55163524 0.55201368 0.55239265
 0.55277213 0.55315214 0.55353267 0.55391373 0.55429531 0.55467741
 0.55506004 0.55544321 0.55365963 0.55404363 0.55442815 0.55481321
 0.55519881 0.55558494 0.55597161 0.55635882 0.55674657 0.55713486
 0.55752369 0.55791306 0.55830298 0.55869345 0.55908446 0.55947602
 0.55986812 0.56026078 0.56065399 0.56104775 0.56144206 0.56183693
 0.56223236 0.56262834 0.56302488 0.56342198 0.56381963 0.56421786
 0.56461664 0.56501599 0.5654159  0.56581638 0.56621743 0.56661905
 0.56702123 0.56742399 0.56782732 0.56823123 0.56863571 0.56904076
 0.5694464  0.56985261 0.5702594  0.57066677 0.57107473 0.57148327
 0.57189239 0.5723021  0.5727124  0.57312329 0.57134305 0.57175496
 0.57216746 0.57258056 0.57299426 0.57340856 0.57382345 0.57203091
 0.57244685 0.57286339 0.57328055 0.57369831 0.57411668 0.57453566
 0.57495526 0.57537546 0.57579628 0.57621772 0.57663978 0.57706245
 0.57748574 0.57790966 0.5783342  0.57875936 0.57918515 0.57961156
 0.5800386  0.58046628 0.58089458 0.58132352 0.58175309 0.57995631
 0.58038703 0.58081839 0.58125039 0.58168304 0.58211633 0.58030662
 0.58074108 0.5811762  0.58161196 0.58204838 0.58248546 0.58292319
 0.58110091 0.58153984 0.58197943 0.58241969 0.58286062 0.58102449
 0.58146664 0.58190945 0.58235294 0.58050222 0.58094693 0.58139234
 0.58183842 0.58228519 0.58273264 0.58318079 0.58362962 0.58407915
 0.58452937 0.58498028 0.58543189 0.5858842  0.5863372  0.58679091
 0.58724532 0.5853867  0.58584242 0.58629884 0.58675599 0.58721384
 0.58767241 0.58813169 0.5885917  0.58905242 0.58951387 0.58997604
 0.59043893 0.58857029 0.58903455 0.58949955 0.58996528 0.59043175
 0.59089896 0.59136691 0.5918356  0.59230503 0.59277521 0.59324613
 0.59136691 0.59183926 0.59231237 0.59278624 0.59326086 0.59373625
 0.59421239 0.59468931 0.59516698 0.59564543 0.59612465 0.59660463
 0.5970854  0.59756693 0.59804925 0.59853234 0.59901621 0.59950087
 0.59998631 0.60047254 0.60095956 0.60144737 0.60193597 0.60242537
 0.60291556 0.60340655 0.60389834 0.60439093 0.60251408 0.60300828
 0.6035033  0.60399912 0.60449576 0.60499322 0.6054915  0.6059906
 0.60649052 0.60699127 0.60749284 0.60799525 0.60849848 0.60900256
 0.60950746 0.61001321 0.61051979 0.61102722 0.61153549 0.6120446
 0.61255457 0.61306539 0.61357705 0.61408958 0.6122145  0.6127288
 0.61324397 0.61376    0.6142769  0.61479468 0.61290592 0.61099855
 0.60907229 0.60959375 0.6101161  0.61063935 0.6111635  0.61168855
 0.60974779 0.6102747  0.60831539 0.60884416 0.60937385 0.60990446
 0.60792821 0.60846071 0.60899415 0.60952852 0.61006383 0.61060008
 0.61113727 0.61167541 0.6122145  0.61275454 0.61329553 0.61383748
 0.61185198 0.61239592 0.61294082 0.6134867  0.61403355 0.61458137
 0.61258052 0.61055879 0.6111097  0.6116616  0.6122145  0.6127684
 0.6133233  0.61387921 0.61443612 0.61499405 0.615553   0.61611295
 0.61667393 0.61723594 0.61779896 0.61836302 0.6189281  0.61949422
 0.62006138 0.62062957 0.62119881 0.62176909 0.62234043 0.62291281
 0.62348624 0.62406074 0.62463629 0.6252129  0.62319939 0.62377831
 0.6243583  0.62493938 0.62552153 0.62610477 0.6266891  0.62727452
 0.62786104 0.62844865 0.62903737 0.62962718 0.63021811 0.63081015
 0.62879151 0.62938599 0.62998161 0.63057835 0.63117622 0.62914076
 0.62708271 0.62768445 0.62828734 0.62889139 0.6294966  0.63010298
 0.63071052 0.63131924 0.63192914 0.63254021 0.63315247 0.63376591
 0.63438055 0.63499638 0.6356134  0.63623163 0.63685105 0.63747169
 0.63809354 0.6387166  0.63934088 0.63996638 0.6405931  0.63854402
 0.63917354 0.6398043  0.64043631 0.64106956 0.64170407 0.63963939
 0.64027676 0.64091541 0.64155534 0.63947156 0.6401144  0.64075854
 0.64140397 0.6420507  0.64269874 0.64059886 0.64124989 0.64190225
 0.64255594 0.64321096 0.64386731 0.64452501 0.64518405 0.64584445
 0.64650619 0.64716929 0.64783376 0.64849959 0.64916679 0.64983536
 0.65050531 0.65117665 0.65184937 0.65252349 0.653199   0.65387591
 0.65178703 0.65246726 0.65314891 0.65383199 0.65172352 0.65240999
 0.6530979  0.65378726 0.65447808 0.65517036 0.65586411 0.65655932
 0.65725602 0.65795419 0.65865385 0.65653963 0.65439905 0.65510436
 0.6558112  0.65651956 0.65435841 0.65507042 0.65578398 0.6564991
 0.65721578 0.65793403 0.65865385 0.65937524 0.66009822 0.66082278
 0.66154894 0.66227669 0.66011227 0.66084391 0.66157717 0.66231206
 0.66304859 0.66086545 0.65865385 0.65939669 0.66014122 0.66088742
 0.66163532 0.65940413 0.66015612 0.66090984 0.65865385 0.65941172
 0.66017133 0.6609327  0.66169583 0.65941946 0.66018685 0.65788214
 0.65865385 0.65942736 0.6602027  0.66097986 0.65865385 0.65943543
 0.65707987 0.6546915  0.65226962 0.64981354 0.65060738 0.65140317
 0.65220091 0.64971771 0.65052005 0.64800378 0.64881078 0.64961978
 0.65043081 0.65124386 0.64870185 0.64951968 0.64694308 0.64776574
 0.64859049 0.64941734 0.65024631 0.65107739 0.6519106  0.64931268
 0.64667569 0.64399875 0.64484273 0.64568894 0.64653737 0.64738803
 0.64824093 0.64909608 0.64995349 0.65081317 0.65167512 0.65253937
 0.6534059  0.65427474 0.6551459  0.65601938 0.65689519 0.65422296
 0.65510436 0.65598814 0.65687431 0.65776287 0.65506183 0.65595616
 0.65685293 0.65775215 0.65865385 0.6559234  0.65314891 0.65406
 0.65497364 0.65588983 0.65680859 0.65772992 0.65492789 0.65207961
 0.64918391 0.65011863 0.65105605 0.65199618 0.65293902 0.65388459
 0.65483291 0.65578398 0.65286545 0.65382311 0.65478358 0.65182279
 0.65278997 0.65376002 0.65075578 0.65173267 0.65271249 0.65369526
 0.654681   0.65566971 0.65666141 0.65765612 0.65462764 0.65562957
 0.65663457 0.65356046 0.65457282 0.65558833 0.65660699 0.65762883
 0.65865385 0.65968207 0.65657866 0.65761461 0.65865385 0.65550239
 0.65654952 0.6576     0.65865385 0.65971108 0.6607717  0.66183575
 0.66290323 0.66397415 0.66080206 0.66188143 0.66296433 0.66405078
 0.6651408  0.6662344  0.6673316  0.66843242 0.66953689 0.670645
 0.67175679 0.67287228 0.67399147 0.6751144  0.67624107 0.67308286
 0.66986242 0.6710043  0.67215007 0.67329977 0.6744534  0.67561099
 0.67677257 0.67793814 0.67910774 0.68028138 0.68145909 0.68264087
 0.68382677 0.68061494 0.68181143 0.67854016 0.67520093 0.67641474
 0.67763291 0.67885549 0.68008248 0.67669985 0.67793814 0.67918098
 0.67573986 0.67699427 0.67825335 0.67475175 0.6711731  0.66751482
 0.66880017 0.67009049 0.67138579 0.67268611 0.67399147 0.67028775
 0.67160583 0.66782463 0.66395533 0.66529407 0.6613413  0.66269327
 0.66405078 0.66541386 0.66139037 0.65726893 0.65865385 0.66004461
 0.66144126 0.66284383 0.66425236 0.6656669  0.66708747 0.66851411
 0.66994687 0.67138579 0.6728309  0.66870299 0.67016367 0.67163075
 0.66741615 0.66889925 0.67038896 0.66608408 0.66759029 0.66910333
 0.67062324 0.6662344  0.6677715  0.6693157  0.664829   0.66639092
 0.6679602  0.66953689 0.67112103 0.66655404 0.66815688 0.66347244
 0.66509434 0.66672419 0.66836205 0.67000798 0.66523575 0.66690183
 0.66857628 0.67025916 0.67195053 0.67365045 0.67535901 0.6705217
 0.67225211 0.67399147 0.67573986 0.67749734 0.67256769 0.67434836
 0.67613849 0.67793814 0.67974741 0.68156635 0.68339506 0.6852336
 0.68708207 0.68211818 0.68399257 0.68587728 0.68078561 0.68269725
 0.68461966 0.68655292 0.68849713 0.68330562 0.68527857 0.67992886
 0.68193131 0.67641474 0.67844747 0.68049246 0.67481853 0.67689507
 0.67898444 0.67314417 0.67526643 0.67740211 0.67955135 0.68171426
 0.67573986 0.67793814 0.68015078 0.6823779  0.68461966 0.68687619
 0.68914765 0.68308087 0.67677257 0.67910774 0.68145909 0.68382677
 0.68621096 0.67974741 0.68217483 0.68461966 0.67793814 0.6709674
 0.66368823 0.6560797  0.65865385 0.66124827 0.66386321 0.66649891
 0.66915563 0.67183361 0.67453311 0.67725439 0.67999772 0.68276336
 0.68555159 0.68836269 0.68078561 0.6836571  0.68655292 0.68947337
 0.69241877 0.69538945 0.69838573 0.70140794 0.70445642 0.70753151
 0.71063357 0.71376295 0.71692001 0.72010512 0.72331867 0.72656102
 0.72983257 0.73313372 0.73646487 0.73982642 0.74321881 0.74664244
 0.75009777 0.74321881 0.74676985 0.73956675 0.74321881 0.73566263
 0.73942142 0.74321881 0.73535113 0.73926403 0.74321881 0.74721612
 0.73909304 0.74321881 0.73464413 0.73890659 0.72983257 0.73424075
 0.7387025  0.72917591 0.73379754 0.73847812 0.74321881 0.74802075
 0.75288514 0.75781322 0.76280624 0.76786548 0.77299229 0.76386579
 0.76920804 0.77462553 0.78011988 0.78569273 0.79134576 0.79708074
 0.80289944 0.80880373 0.81479549 0.80649733 0.8127884  0.81917839
 0.82566964 0.8322646  0.83896575 0.83109314 0.83817179 0.82977918
 0.82046846 0.81008025 0.79841602 0.8069778  0.7942029  0.77961718
 0.76280624 0.77299229 0.75397472 0.73147942 0.74321881 0.75534114
 0.76786548 0.78081216 0.75710526 0.72764827 0.74321881 0.75947028
 0.77644836 0.7942029  0.8127884  0.78345406 0.74321881 0.76786548
 0.71271676 0.74321881 0.77644836 0.8127884  0.8526971  0.7942029
 0.8526971  0.92049272 0.8526971  1.         1.        ]","[1.         1.         1.         1.         1.         1.
 1.         1.         1.         1.         1.         1.
 1.         1.         1.         1.         1.         1.
 1.         1.         1.         1.         1.         1.
 1.         1.         1.         1.         1.         1.
 1.         1.         1.         1.         1.         1.
 1.         1.         1.         1.         1.         1.
 1.         1.         1.         1.         1.         1.
 1.         1.         1.         1.         1.         1.
 1.         1.         1.         1.         1.         1.
 1.         1.         1.         1.         1.         1.
 1.         1.         1.         1.         1.         1.
 1.         0.99295775 0.99295775 0.99295775 0.99295775 0.99295775
 0.99295775 0.99295775 0.99295775 0.99295775 0.99295775 0.99295775
 0.99295775 0.99295775 0.99295775 0.99295775 0.99295775 0.99295775
 0.99295775 0.99295775 0.99295775 0.99295775 0.99295775 0.99295775
 0.99295775 0.99295775 0.99295775 0.99295775 0.99295775 0.99295775
 0.99295775 0.99295775 0.99295775 0.99295775 0.99295775 0.99295775
 0.99295775 0.99295775 0.99295775 0.99295775 0.99295775 0.99295775
 0.99295775 0.99295775 0.99295775 0.99295775 0.99295775 0.99295775
 0.99295775 0.99295775 0.99295775 0.99295775 0.99295775 0.99295775
 0.99295775 0.99295775 0.99295775 0.99295775 0.99295775 0.99295775
 0.99295775 0.99295775 0.99295775 0.99295775 0.99295775 0.99295775
 0.99295775 0.99295775 0.99295775 0.99295775 0.99295775 0.99295775
 0.99295775 0.99295775 0.99295775 0.99295775 0.99295775 0.99295775
 0.99295775 0.98591549 0.98591549 0.98591549 0.98591549 0.98591549
 0.98591549 0.98591549 0.98591549 0.98591549 0.98591549 0.97887324
 0.97887324 0.97887324 0.97887324 0.97887324 0.97887324 0.97887324
 0.97887324 0.97887324 0.97887324 0.97887324 0.97887324 0.97887324
 0.97887324 0.97887324 0.97887324 0.97887324 0.97887324 0.97887324
 0.97887324 0.97887324 0.97183099 0.97183099 0.97183099 0.97183099
 0.97183099 0.97183099 0.97183099 0.97183099 0.97183099 0.97183099
 0.97183099 0.97183099 0.97183099 0.97183099 0.97183099 0.97183099
 0.97183099 0.97183099 0.97183099 0.97183099 0.97183099 0.97183099
 0.97183099 0.97183099 0.97183099 0.97183099 0.97183099 0.97183099
 0.97183099 0.97183099 0.97183099 0.97183099 0.97183099 0.97183099
 0.97183099 0.97183099 0.97183099 0.97183099 0.97183099 0.97183099
 0.97183099 0.97183099 0.97183099 0.97183099 0.97183099 0.97183099
 0.97183099 0.97183099 0.97183099 0.97183099 0.96478873 0.96478873
 0.96478873 0.96478873 0.96478873 0.96478873 0.96478873 0.95774648
 0.95774648 0.95774648 0.95774648 0.95774648 0.95774648 0.95774648
 0.95774648 0.95774648 0.95774648 0.95774648 0.95774648 0.95774648
 0.95774648 0.95774648 0.95774648 0.95774648 0.95774648 0.95774648
 0.95774648 0.95774648 0.95774648 0.95774648 0.95774648 0.95070423
 0.95070423 0.95070423 0.95070423 0.95070423 0.95070423 0.94366197
 0.94366197 0.94366197 0.94366197 0.94366197 0.94366197 0.94366197
 0.93661972 0.93661972 0.93661972 0.93661972 0.93661972 0.92957746
 0.92957746 0.92957746 0.92957746 0.92253521 0.92253521 0.92253521
 0.92253521 0.92253521 0.92253521 0.92253521 0.92253521 0.92253521
 0.92253521 0.92253521 0.92253521 0.92253521 0.92253521 0.92253521
 0.92253521 0.91549296 0.91549296 0.91549296 0.91549296 0.91549296
 0.91549296 0.91549296 0.91549296 0.91549296 0.91549296 0.91549296
 0.91549296 0.9084507  0.9084507  0.9084507  0.9084507  0.9084507
 0.9084507  0.9084507  0.9084507  0.9084507  0.9084507  0.9084507
 0.90140845 0.90140845 0.90140845 0.90140845 0.90140845 0.90140845
 0.90140845 0.90140845 0.90140845 0.90140845 0.90140845 0.90140845
 0.90140845 0.90140845 0.90140845 0.90140845 0.90140845 0.90140845
 0.90140845 0.90140845 0.90140845 0.90140845 0.90140845 0.90140845
 0.90140845 0.90140845 0.90140845 0.90140845 0.8943662  0.8943662
 0.8943662  0.8943662  0.8943662  0.8943662  0.8943662  0.8943662
 0.8943662  0.8943662  0.8943662  0.8943662  0.8943662  0.8943662
 0.8943662  0.8943662  0.8943662  0.8943662  0.8943662  0.8943662
 0.8943662  0.8943662  0.8943662  0.8943662  0.88732394 0.88732394
 0.88732394 0.88732394 0.88732394 0.88732394 0.88028169 0.87323944
 0.86619718 0.86619718 0.86619718 0.86619718 0.86619718 0.86619718
 0.85915493 0.85915493 0.85211268 0.85211268 0.85211268 0.85211268
 0.84507042 0.84507042 0.84507042 0.84507042 0.84507042 0.84507042
 0.84507042 0.84507042 0.84507042 0.84507042 0.84507042 0.84507042
 0.83802817 0.83802817 0.83802817 0.83802817 0.83802817 0.83802817
 0.83098592 0.82394366 0.82394366 0.82394366 0.82394366 0.82394366
 0.82394366 0.82394366 0.82394366 0.82394366 0.82394366 0.82394366
 0.82394366 0.82394366 0.82394366 0.82394366 0.82394366 0.82394366
 0.82394366 0.82394366 0.82394366 0.82394366 0.82394366 0.82394366
 0.82394366 0.82394366 0.82394366 0.82394366 0.81690141 0.81690141
 0.81690141 0.81690141 0.81690141 0.81690141 0.81690141 0.81690141
 0.81690141 0.81690141 0.81690141 0.81690141 0.81690141 0.81690141
 0.80985915 0.80985915 0.80985915 0.80985915 0.80985915 0.8028169
 0.79577465 0.79577465 0.79577465 0.79577465 0.79577465 0.79577465
 0.79577465 0.79577465 0.79577465 0.79577465 0.79577465 0.79577465
 0.79577465 0.79577465 0.79577465 0.79577465 0.79577465 0.79577465
 0.79577465 0.79577465 0.79577465 0.79577465 0.79577465 0.78873239
 0.78873239 0.78873239 0.78873239 0.78873239 0.78873239 0.78169014
 0.78169014 0.78169014 0.78169014 0.77464789 0.77464789 0.77464789
 0.77464789 0.77464789 0.77464789 0.76760563 0.76760563 0.76760563
 0.76760563 0.76760563 0.76760563 0.76760563 0.76760563 0.76760563
 0.76760563 0.76760563 0.76760563 0.76760563 0.76760563 0.76760563
 0.76760563 0.76760563 0.76760563 0.76760563 0.76760563 0.76760563
 0.76056338 0.76056338 0.76056338 0.76056338 0.75352113 0.75352113
 0.75352113 0.75352113 0.75352113 0.75352113 0.75352113 0.75352113
 0.75352113 0.75352113 0.75352113 0.74647887 0.73943662 0.73943662
 0.73943662 0.73943662 0.73239437 0.73239437 0.73239437 0.73239437
 0.73239437 0.73239437 0.73239437 0.73239437 0.73239437 0.73239437
 0.73239437 0.73239437 0.72535211 0.72535211 0.72535211 0.72535211
 0.72535211 0.71830986 0.71126761 0.71126761 0.71126761 0.71126761
 0.71126761 0.70422535 0.70422535 0.70422535 0.6971831  0.6971831
 0.6971831  0.6971831  0.6971831  0.69014085 0.69014085 0.68309859
 0.68309859 0.68309859 0.68309859 0.68309859 0.67605634 0.67605634
 0.66901408 0.66197183 0.65492958 0.64788732 0.64788732 0.64788732
 0.64788732 0.64084507 0.64084507 0.63380282 0.63380282 0.63380282
 0.63380282 0.63380282 0.62676056 0.62676056 0.61971831 0.61971831
 0.61971831 0.61971831 0.61971831 0.61971831 0.61971831 0.61267606
 0.6056338  0.59859155 0.59859155 0.59859155 0.59859155 0.59859155
 0.59859155 0.59859155 0.59859155 0.59859155 0.59859155 0.59859155
 0.59859155 0.59859155 0.59859155 0.59859155 0.59859155 0.5915493
 0.5915493  0.5915493  0.5915493  0.5915493  0.58450704 0.58450704
 0.58450704 0.58450704 0.58450704 0.57746479 0.57042254 0.57042254
 0.57042254 0.57042254 0.57042254 0.57042254 0.56338028 0.55633803
 0.54929577 0.54929577 0.54929577 0.54929577 0.54929577 0.54929577
 0.54929577 0.54929577 0.54225352 0.54225352 0.54225352 0.53521127
 0.53521127 0.53521127 0.52816901 0.52816901 0.52816901 0.52816901
 0.52816901 0.52816901 0.52816901 0.52816901 0.52112676 0.52112676
 0.52112676 0.51408451 0.51408451 0.51408451 0.51408451 0.51408451
 0.51408451 0.51408451 0.50704225 0.50704225 0.50704225 0.5
 0.5        0.5        0.5        0.5        0.5        0.5
 0.5        0.5        0.49295775 0.49295775 0.49295775 0.49295775
 0.49295775 0.49295775 0.49295775 0.49295775 0.49295775 0.49295775
 0.49295775 0.49295775 0.49295775 0.49295775 0.49295775 0.48591549
 0.47887324 0.47887324 0.47887324 0.47887324 0.47887324 0.47887324
 0.47887324 0.47887324 0.47887324 0.47887324 0.47887324 0.47887324
 0.47887324 0.47183099 0.47183099 0.46478873 0.45774648 0.45774648
 0.45774648 0.45774648 0.45774648 0.45070423 0.45070423 0.45070423
 0.44366197 0.44366197 0.44366197 0.43661972 0.42957746 0.42253521
 0.42253521 0.42253521 0.42253521 0.42253521 0.42253521 0.41549296
 0.41549296 0.4084507  0.40140845 0.40140845 0.3943662  0.3943662
 0.3943662  0.3943662  0.38732394 0.38028169 0.38028169 0.38028169
 0.38028169 0.38028169 0.38028169 0.38028169 0.38028169 0.38028169
 0.38028169 0.38028169 0.38028169 0.37323944 0.37323944 0.37323944
 0.36619718 0.36619718 0.36619718 0.35915493 0.35915493 0.35915493
 0.35915493 0.35211268 0.35211268 0.35211268 0.34507042 0.34507042
 0.34507042 0.34507042 0.34507042 0.33802817 0.33802817 0.33098592
 0.33098592 0.33098592 0.33098592 0.33098592 0.32394366 0.32394366
 0.32394366 0.32394366 0.32394366 0.32394366 0.32394366 0.31690141
 0.31690141 0.31690141 0.31690141 0.31690141 0.30985915 0.30985915
 0.30985915 0.30985915 0.30985915 0.30985915 0.30985915 0.30985915
 0.30985915 0.3028169  0.3028169  0.3028169  0.29577465 0.29577465
 0.29577465 0.29577465 0.29577465 0.28873239 0.28873239 0.28169014
 0.28169014 0.27464789 0.27464789 0.27464789 0.26760563 0.26760563
 0.26760563 0.26056338 0.26056338 0.26056338 0.26056338 0.26056338
 0.25352113 0.25352113 0.25352113 0.25352113 0.25352113 0.25352113
 0.25352113 0.24647887 0.23943662 0.23943662 0.23943662 0.23943662
 0.23943662 0.23239437 0.23239437 0.23239437 0.22535211 0.21830986
 0.21126761 0.20422535 0.20422535 0.20422535 0.20422535 0.20422535
 0.20422535 0.20422535 0.20422535 0.20422535 0.20422535 0.20422535
 0.20422535 0.20422535 0.1971831  0.1971831  0.1971831  0.1971831
 0.1971831  0.1971831  0.1971831  0.1971831  0.1971831  0.1971831
 0.1971831  0.1971831  0.1971831  0.1971831  0.1971831  0.1971831
 0.1971831  0.1971831  0.1971831  0.1971831  0.1971831  0.1971831
 0.1971831  0.19014085 0.19014085 0.18309859 0.18309859 0.17605634
 0.17605634 0.17605634 0.16901408 0.16901408 0.16901408 0.16901408
 0.16197183 0.16197183 0.15492958 0.15492958 0.14788732 0.14788732
 0.14788732 0.14084507 0.14084507 0.14084507 0.14084507 0.14084507
 0.14084507 0.14084507 0.14084507 0.14084507 0.14084507 0.13380282
 0.13380282 0.13380282 0.13380282 0.13380282 0.13380282 0.13380282
 0.13380282 0.13380282 0.13380282 0.12676056 0.12676056 0.12676056
 0.12676056 0.12676056 0.12676056 0.11971831 0.11971831 0.11267606
 0.1056338  0.09859155 0.0915493  0.0915493  0.08450704 0.07746479
 0.07042254 0.07042254 0.06338028 0.05633803 0.05633803 0.05633803
 0.05633803 0.05633803 0.04929577 0.04225352 0.04225352 0.04225352
 0.04225352 0.04225352 0.04225352 0.03521127 0.02816901 0.02816901
 0.02112676 0.02112676 0.02112676 0.02112676 0.02112676 0.01408451
 0.01408451 0.01408451 0.00704225 0.00704225 0.        ]","[0.0400222  0.04155333 0.04700822 0.04888735 0.04946785 0.04962691
 0.05257605 0.05521284 0.05806599 0.05904494 0.06001171 0.06053677
 0.06098871 0.06107131 0.06130845 0.06258106 0.06275113 0.06281824
 0.0628879  0.06417425 0.06476826 0.06521714 0.06604172 0.06817795
 0.06885004 0.07049849 0.07117011 0.07177762 0.0718275  0.0722371
 0.073688   0.07430558 0.0750811  0.07601617 0.07627869 0.07735757
 0.0776368  0.07921458 0.080534   0.08070595 0.08245131 0.08329853
 0.08367127 0.08412641 0.08441677 0.08530969 0.08564436 0.08609439
 0.08661691 0.08662211 0.08704473 0.08757858 0.08759089 0.0884747
 0.08863691 0.09013087 0.09049799 0.09061846 0.09079171 0.09131232
 0.09132469 0.09136476 0.09143451 0.09148134 0.09358678 0.09359137
 0.09435384 0.09599612 0.09608808 0.09636359 0.09638619 0.09872041
 0.09909491 0.09920433 0.10041139 0.10164269 0.10178249 0.10197203
 0.10267732 0.10276403 0.10279576 0.10359902 0.1039529  0.10501645
 0.10511408 0.10693173 0.10702933 0.10760288 0.10853717 0.10874082
 0.1095381  0.10959237 0.11079063 0.11095447 0.11100063 0.11196671
 0.11304341 0.11365387 0.11404757 0.11500651 0.11600917 0.11602229
 0.11659574 0.11669412 0.11705768 0.11726454 0.11757403 0.11769577
 0.11770602 0.11773391 0.11800145 0.11846033 0.11851878 0.12148072
 0.12236678 0.12325128 0.12391128 0.12391507 0.12453472 0.12506869
 0.12508202 0.12571313 0.12608731 0.12628138 0.1263603  0.12735424
 0.12760442 0.12776216 0.12800802 0.12834233 0.12860933 0.12942127
 0.1295893  0.12980973 0.13084632 0.1322583  0.13271583 0.13338405
 0.13519147 0.13594564 0.13601002 0.13607147 0.13619208 0.13668935
 0.13775833 0.13817089 0.13864038 0.13944357 0.13964324 0.14020079
 0.14200103 0.14442489 0.14520213 0.14528186 0.14583089 0.14637093
 0.14679456 0.14860587 0.14925365 0.14999119 0.15050626 0.15071082
 0.15135965 0.15349639 0.15531219 0.15591282 0.16218625 0.17029082
 0.17134765 0.17149527 0.17272314 0.17326061 0.17538644 0.17540178
 0.17680633 0.1769743  0.17742523 0.17930255 0.17946559 0.18300715
 0.18520221 0.18991768 0.19081517 0.19281248 0.20286351 0.20384273
 0.20830117 0.20964381 0.21359477 0.21406679 0.21653866 0.21725659
 0.21806548 0.21939591 0.23384692 0.23782562 0.23958038 0.24443086
 0.24884922 0.24889574 0.24937053 0.2510658  0.25204385 0.25376728
 0.25455287 0.25838457 0.26052471 0.26118819 0.26393387 0.26563944
 0.26608294 0.27132932 0.2727239  0.27548801 0.27685543 0.2798954
 0.28166506 0.28293693 0.2840372  0.28594937 0.28634506 0.28756087
 0.28982628 0.29309096 0.29352212 0.29498446 0.29547477 0.29645391
 0.29900517 0.29942658 0.3021469  0.30295176 0.3036805  0.30697621
 0.30946763 0.31100897 0.31206364 0.31405511 0.31632436 0.31659074
 0.32079387 0.32204386 0.32282529 0.32496418 0.33315325 0.33500179
 0.33552125 0.3372121  0.33788894 0.33810482 0.34028176 0.34227659
 0.35496483 0.35501041 0.35506137 0.3554855  0.35723401 0.36595443
 0.37354757 0.37416999 0.37566775 0.38156822 0.3821239  0.38313699
 0.38595092 0.38620167 0.38659033 0.38690634 0.38711955 0.38908085
 0.3913358  0.39160009 0.39368289 0.39641699 0.39643663 0.39687591
 0.39817918 0.39831848 0.39961269 0.3998724  0.40441715 0.40551593
 0.4075063  0.40895636 0.40948468 0.41053406 0.41109288 0.41507886
 0.41515609 0.41536228 0.41606658 0.4160677  0.4166121  0.41684616
 0.41734804 0.41815748 0.41944647 0.42007395 0.42025213 0.42025826
 0.42085458 0.42132069 0.4222285  0.42300949 0.42302379 0.4240656
 0.42451916 0.42713014 0.42746903 0.42827056 0.42858523 0.42893396
 0.42934856 0.43047424 0.43170804 0.431885   0.43273199 0.43284325
 0.43346145 0.43346859 0.43481831 0.43482368 0.43600906 0.43644192
 0.43728407 0.43766157 0.43771185 0.43803914 0.43822415 0.43830771
 0.43881001 0.43935967 0.44058215 0.44061466 0.44129654 0.44139416
 0.44172041 0.44207815 0.44262218 0.4428061  0.44304107 0.44315843
 0.44319592 0.44332193 0.4434157  0.44343802 0.44396303 0.44484083
 0.44540587 0.44585419 0.44587595 0.44618988 0.44632139 0.44667862
 0.44716293 0.44746529 0.44881577 0.44898765 0.44906427 0.44916307
 0.44918382 0.44918883 0.44945668 0.44958477 0.45009049 0.45026061
 0.45088276 0.45092782 0.45124752 0.45158851 0.45220625 0.45258195
 0.45284609 0.45298158 0.45299906 0.45320218 0.45324545 0.45479499
 0.4551634  0.45599589 0.45604989 0.45624065 0.45696328 0.45758503
 0.45787971 0.45809533 0.45812902 0.45832    0.45843229 0.45865301
 0.45916657 0.4592621  0.45943398 0.46003509 0.46067619 0.46104673
 0.4615397  0.46172242 0.46179128 0.46229411 0.46263899 0.46285368
 0.46318389 0.46366355 0.46368199 0.46371193 0.46445687 0.46472952
 0.46483242 0.46538682 0.46547366 0.46605863 0.4660956  0.46677316
 0.46748418 0.46855288 0.46874037 0.46878311 0.46891925 0.46894445
 0.46897816 0.46934492 0.46938427 0.46972817 0.46985012 0.47031539
 0.47033553 0.47044754 0.47081741 0.47123242 0.47134157 0.47150407
 0.47172332 0.47183992 0.47188927 0.4722646  0.47245421 0.4729024
 0.47300216 0.47315487 0.47322768 0.47332796 0.47352495 0.47355617
 0.47412614 0.47579441 0.47657036 0.47658051 0.47672254 0.47674555
 0.47703083 0.47703631 0.47711355 0.47727665 0.47751455 0.47762581
 0.47801298 0.47817707 0.47869776 0.479666   0.47982999 0.47988597
 0.47995708 0.48099509 0.48107755 0.48161348 0.48174117 0.48255129
 0.48268712 0.48343708 0.48364578 0.48379784 0.48386733 0.48395836
 0.48405798 0.48427092 0.48586073 0.48608087 0.48721581 0.48732306
 0.48740561 0.48780823 0.48802672 0.48809152 0.48874186 0.48934211
 0.48937685 0.4893883  0.48943014 0.4894791  0.48965266 0.4898237
 0.4900112  0.49035805 0.49046367 0.49069088 0.4907238  0.4908576
 0.49090892 0.49092078 0.49097729 0.49109316 0.49152708 0.49171517
 0.49175159 0.4926895  0.4927665  0.4927783  0.49289526 0.49299141
 0.49409731 0.49410516 0.49453331 0.4945468  0.49457262 0.49518993
 0.49575597 0.49581058 0.49593465 0.49610675 0.49620464 0.49645454
 0.49648011 0.49656233 0.49669779 0.49712031 0.49716281 0.49776131
 0.49785218 0.49818334 0.49844339 0.49850267 0.49857773 0.49872051
 0.49873907 0.4993728  0.499663   0.49972647 0.50014353 0.50022457
 0.500275   0.50034188 0.50034306 0.50078531 0.50088877 0.50090359
 0.50101031 0.50103205 0.50125679 0.50141846 0.50196757 0.50204555
 0.50289952 0.50296028 0.50304642 0.50347297 0.50347741 0.50382001
 0.50398728 0.5043574  0.50470081 0.50507913 0.50545452 0.50554479
 0.50566266 0.50574867 0.50607761 0.50631151 0.50657831 0.50676279
 0.50785599 0.5080329  0.50826403 0.50867115 0.50894831 0.50907755
 0.50922087 0.50926911 0.50953854 0.50987171 0.50997162 0.51065088
 0.51081333 0.51119656 0.51119994 0.51125084 0.51126428 0.51136983
 0.51155067 0.51165984 0.51173222 0.51199582 0.51234113 0.51254984
 0.51274785 0.51298964 0.51334063 0.51380725 0.51386866 0.51405608
 0.51463728 0.51474595 0.51493042 0.5157357  0.51613886 0.51617794
 0.51654618 0.51657383 0.51670787 0.51759563 0.51760329 0.5176893
 0.51783378 0.51846207 0.51920149 0.51952451 0.51980158 0.51983035
 0.51989777 0.52015568 0.52033319 0.52116708 0.52130555 0.52139706
 0.52152948 0.52202021 0.52230155 0.5223604  0.52298398 0.52301899
 0.52433758 0.5248404  0.52487955 0.52503638 0.52508192 0.52513344
 0.52549167 0.5259565  0.52613151 0.5263054  0.52633006 0.52666309
 0.52669179 0.52711142 0.52712029 0.5274942  0.52809463 0.52871417
 0.5290045  0.52909431 0.52938949 0.52966366 0.52975759 0.53000187
 0.53019565 0.53037241 0.53083505 0.53111313 0.53137878 0.53139221
 0.53149311 0.53178141 0.53194448 0.53213132 0.5321731  0.53217453
 0.53225476 0.53227521 0.53231795 0.53272834 0.53333643 0.53340965
 0.53380106 0.53400374 0.53416883 0.53418346 0.53424055 0.53479307
 0.53534349 0.53549886 0.53598638 0.53657706 0.53696456 0.53752371
 0.5377273  0.53804818 0.5381058  0.53862076 0.53968543 0.53974375
 0.54011849 0.54039977 0.54066429 0.54202423 0.54236663 0.54237594
 0.54258844 0.54271447 0.5427844  0.54288478 0.54293851 0.5433388
 0.54360086 0.54407829 0.54409106 0.54466231 0.54467234 0.54498718
 0.54607245 0.54663899 0.54796038 0.54825226 0.54835036 0.54855101
 0.54858625 0.54861486 0.54895623 0.54906527 0.54906978 0.54995657
 0.55029427 0.55093004 0.55175597 0.55193718 0.55327556 0.55329201
 0.5535285  0.55431935 0.55444235 0.55458996 0.55478072 0.55510109
 0.55529992 0.55533645 0.55551822 0.55649375 0.55655777 0.55717383
 0.55732418 0.55838339 0.55855886 0.55862476 0.55897355 0.55930467
 0.55931222 0.55993031 0.56000126 0.56021319 0.56067832 0.56092574
 0.56145495 0.5614673  0.5617149  0.56177085 0.56182459 0.56219333
 0.56287219 0.56328933 0.5634358  0.56370503 0.56459722 0.56472774
 0.56475902 0.56478421 0.56494146 0.56500912 0.56519482 0.56641907
 0.56686254 0.56704547 0.56778181 0.56786201 0.56801975 0.56804294
 0.56898727 0.56918461 0.5696524  0.56980428 0.56997329 0.5700997
 0.57043516 0.57083144 0.57113746 0.57126082 0.57130206 0.57132439
 0.57137569 0.57194005 0.57216057 0.57224906 0.57259328 0.57382999
 0.5743693  0.57442054 0.57528591 0.57572677 0.57574128 0.57699125
 0.57735038 0.57768073 0.57798663 0.57854888 0.57933731 0.57935649
 0.57944581 0.57974536 0.57996634 0.57998143 0.58172036 0.58182023
 0.58201226 0.58204887 0.58221208 0.58238016 0.58254343 0.58260809
 0.58269615 0.58436987 0.58553806 0.58554791 0.58587088 0.58735847
 0.58747445 0.58756867 0.5879778  0.58800003 0.58825162 0.5887347
 0.58911555 0.58959719 0.58978646 0.59008977 0.59009655 0.59026391
 0.59062266 0.59064233 0.59132635 0.59141505 0.59175405 0.59322606
 0.59379199 0.59437069 0.5949083  0.59501083 0.5951058  0.59512059
 0.59611484 0.59666172 0.59686106 0.59692127 0.59757988 0.59787627
 0.59811723 0.59830221 0.59844621 0.59859493 0.5992554  0.59964442
 0.60072797 0.60081719 0.60128721 0.60137585 0.60155231 0.60182018
 0.60192019 0.60194847 0.60238012 0.60310074 0.60360447 0.60363113
 0.60399802 0.60418514 0.60452768 0.60666978 0.60669906 0.60734212
 0.60792365 0.60808823 0.60886912 0.6095559  0.61094971 0.61113862
 0.61183534 0.6122071  0.61239334 0.61282276 0.61292593 0.61309656
 0.61337621 0.61359462 0.61432537 0.6147772  0.61547091 0.61550815
 0.61554431 0.61598114 0.61645281 0.61661347 0.61717905 0.61730431
 0.61736699 0.61853504 0.61888886 0.61935776 0.62134163 0.62159652
 0.62162745 0.62260821 0.62265801 0.62295779 0.62424153 0.62466199
 0.62490576 0.62503707 0.62642211 0.62700111 0.62814685 0.62816926
 0.62944477 0.62992174 0.63040166 0.6319662  0.63291352 0.63504074
 0.63561243 0.63643238 0.63656185 0.63660591 0.63779207 0.638076
 0.63965414 0.63979654 0.64012844 0.64083255 0.64162175 0.64232775
 0.64239244 0.64278294 0.64297615 0.64501494 0.6464554  0.64783197
 0.64941494 0.6497028  0.65284589 0.65329181 0.65400727 0.65720505
 0.657281   0.65779172 0.66510029 0.66561787 0.66581202 0.66590524
 0.66802558 0.66904144 0.67252049 0.67332927 0.67353538 0.67371762
 0.67466914 0.68009287 0.68161343 0.69624021]"
Hyperledger,is_change_text_num_words_10,XGboost,"len_sum_desc                              5.410169e-02
avg_word_len                              5.217824e-02
ratio_unusable_issues_text_by_previous    5.007368e-02
len_description                           4.951464e-02
num_words                                 4.819923e-02
8                                         4.429145e-02
13                                        4.144430e-02
2                                         4.142341e-02
12                                        4.138377e-02
3                                         3.900162e-02
7                                         3.866152e-02
num_issues_cretor_prev                    3.865169e-02
5                                         3.860179e-02
10                                        3.669933e-02
0                                         3.642731e-02
avg_num_word_in_sentence                  3.599738e-02
1                                         3.575858e-02
4                                         3.557014e-02
6                                         3.364584e-02
11                                        3.295575e-02
14                                        3.233621e-02
num_sentences                             3.195607e-02
9                                         3.049047e-02
num_stopwords                             2.796759e-02
original_story_points_sprint              2.131597e-02
time_until_add_sprint                     1.560937e-02
dominant_topic_1                          4.714305e-03
num_changes_text_before_sprint            3.150262e-03
has_url                                   1.736076e-03
num_headlines                             1.611584e-03
relates                                   1.165520e-03
has_acceptance_criteria                   1.016706e-03
num_question_marks                        7.715787e-04
block_by                                  6.709603e-04
block                                     6.455228e-04
num_changes_story_point_before_sprint     2.164892e-04
duplicate_by                              1.777957e-05
has_please                                1.594449e-05
duplicate                                 7.973356e-06
has_template                              2.267030e-06
has_tbd                                   4.823578e-09
if_acceptance_empty_tbd                   0.000000e+00
len_acceptance                            0.000000e+00
num_comments_before_sprint                0.000000e+00
if_description_empty_tbd                  0.000000e+00
priority                                  0.000000e+00
noun_count                                0.000000e+00
has_code                                  0.000000e+00
adj_count                                 0.000000e+00
adv_count                                 0.000000e+00
pron_count                                0.000000e+00
verb_count                                0.000000e+00
dtype: float64",0.8516597510373444,"[[479.06812652   2.93187348]
 [468.42253521  13.57746479]]","              precision    recall  f1-score   support

           0       0.51      0.99      0.67 482.00000000000455
           1       0.82      0.03      0.05 482.00000000000057

    accuracy                           0.51 964.0000000000051
   macro avg       0.66      0.51      0.36 964.0000000000051
weighted avg       0.66      0.51      0.36 964.0000000000051
",0.6407487738493532,0.6467404300897941,0.6748226585792125,"[0 0 0 0 0 0 0 0 0 0 0 0 0 0 0 0 0 0 0 0 0 0 0 0 0 0 0 0 0 0 0 0 0 0 0 0 0
 0 0 0 0 0 0 0 0 0 0 0 0 0 0 0 0 0 0 0 0 0 0 0 0 0 0 0 0 0 0 0 0 0 0 0 0 0
 0 1 0 0 0 0 0 0 0 0 0 0 0 0 0 0 0 0 0 0 0 0 0 0 0 0 0 0 0 0 1 0 0 0 0 0 0
 0 0 0 0 0 0 0 0 0 0 0 0 0 0 0 0 0 0 0 0 0 0 0 0 0 0 0 0 0 0 0 0 0 0 0 0 0
 0 0 0 0 0 0 0 0 0 0 0 0 0 0 0 0 0 0 0 0 0 0 0 0 0 0 0 0 0 0 0 0 0 0 0 0 0
 0 0 0 0 0 0 0 0 0 0 0 0 0 0 0 0 0 0 0 0 0 0 0 0 0 0 0 0 0 0 0 0 0 1 0 0 0
 0 0 0 0 0 1 0 0 0 0 0 0 0 0 0 0 0 0 0 0 0 0 0 0 0 0 0 0 0 0 0 0 0 0 0 0 0
 0 0 0 0 0 0 0 0 0 0 0 0 0 0 0 0 0 0 0 0 0 0 0 0 0 0 0 0 0 0 0 0 0 0 0 0 0
 0 0 0 0 0 0 0 0 0 0 0 0 0 0 0 0 0 0 0 0 0 0 0 0 0 0 0 0 0 0 0 0 0 0 0 0 0
 0 0 0 0 0 0 0 0 0 0 0 0 0 0 0 0 0 0 0 0 0 0 0 0 0 0 0 0 0 0 0 0 0 0 0 0 0
 0 0 0 0 0 0 0 0 0 0 0 0 0 0 0 0 0 0 0 0 0 0 0 0 0 0 0 0 0 0 0 0 0 0 0 0 0
 0 0 0 0 0 0 0 0 0 0 0 0 0 0 0 0 0 0 0 0 0 0 0 0 0 0 0 0 0 0 0 0 0 0 0 0 0
 0 1 0 0 0 0 0 0 0 0 0 0 0 0 0 0 0 0 0 0 0 0 0 0 0 0 0 0 0 0 0 0 0 0 0 0 0
 0 0 0 0 0 0 0 0 0 0 0 0 0 1 0 0 0 0 0 0 0 0 0 0 0 0 0 0 0 1 0 0 0 0 0 0 0
 0 0 0 0 0 0 0 1 0 0 0 0 0 0 0 0 0 0 0 0 0 0 0 0 0 0 0 0 0 0 0 0 0 1 0 0 0
 0 0 0 0 0 0 0 0 0 0 0 0 0 0 0 0 0 0 0 0 0 0 0 0 0 0 0 0 0 0 0 0 0 0 0 0 0
 0 0 0 0 0 0 0 0 0 0 0 0 0 0 0 0 0 0 0 0 0 0 0 0 0 0 0 0 0 0 0 0 0 0 0 0 0
 0 0 0 0 0 0 0 0 0 0 0 0 0 0 0 0 0 0 0 0 0 0 0 0 0 0 0 0 0 0 0 0 0 0 0 0 0
 0 0 0 0 0 0 0 0 0 0 0 0 0 0 0 0 0 0 0 0 0 0 0 0 0 0 0 0 0 0 0 0 0 0 0 0 0
 0 0 0 0 0 0 0 0 0 0 0 0 0 0 0 0 0 0 0 0 0 0 0 0 0 0 0 0 0 0 0 0 0 0 0 0 0
 0 0 0 0 0 0 0 0 0 0 0 0 0 0 0 0 0 0 0 0 0 0 0 0 0 0 0 0 0 0 0 0 0 0 0 0 0
 0 0 0 0 0 0 0 0 0 0 0 0 0 0 0 0 0 0 0 0 0 0 0 0 0 0 0 0 0 0 0 0 0 0 0 0 0
 0 0 0 0 0 0 0 0 0 0 0 0 0 0 0 0 0 0 0 0 0 0 0 0 0 0 0 0 0 0 0 0 0 0 0 0 0
 0 0 0 0 0 0 0 0 0 0 0 0 0 0 0 0 0 0 0 0 0 0 0 0 0 0 0 0 0 0 0 0 0 0 0 0 0
 0 0 0 0 0 0 0 0 0 0 0 0 0 0 0 0 0 0 0 0 0 0 0 0 0 0 0 0 0 0 0 0 0 0 0 0 0
 0 0 0 0 0 0 0 0 0 0 0 0 0 0 0 0 0 0 0 0 0 0 0 0 0 0 0 0 0 0 0 0 0 0 0 0 0
 0 0]","[0.5        0.50030432 0.50060901 0.50091408 0.50121951 0.50152532
 0.5018315  0.50213806 0.50244499 0.50275229 0.50305998 0.50336803
 0.50367647 0.50398529 0.50429448 0.50460405 0.504914   0.50522434
 0.50553506 0.50584615 0.50615764 0.5064695  0.50678175 0.50709439
 0.50740741 0.50772082 0.50803461 0.50834879 0.5065824  0.506897
 0.507212   0.50752739 0.50784317 0.50815935 0.50847591 0.50879288
 0.50911024 0.50942799 0.50974614 0.51006469 0.51038364 0.51070299
 0.51102273 0.51134288 0.51166343 0.51198438 0.51230573 0.51262749
 0.51294965 0.51327222 0.51359519 0.51391857 0.51424236 0.51456656
 0.51489116 0.51311319 0.51343827 0.51376376 0.51408967 0.51441598
 0.51474272 0.51506987 0.51539743 0.51572541 0.51605381 0.51638263
 0.51671187 0.51704152 0.5173716  0.5177021  0.51803302 0.51836437
 0.51869614 0.51902833 0.51936095 0.519694   0.52002747 0.52036138
 0.52069571 0.52103047 0.52136566 0.52170129 0.52203734 0.52237383
 0.52271076 0.52304811 0.52338591 0.52372414 0.52406281 0.52440191
 0.52474146 0.52508145 0.52542187 0.52576274 0.52610405 0.5264458
 0.526788   0.52713065 0.52747374 0.52781727 0.52816126 0.52850569
 0.52885057 0.52919591 0.52954169 0.52988793 0.53023462 0.52844867
 0.52879596 0.5291437  0.52949191 0.52984057 0.53018969 0.53053928
 0.53088932 0.53123983 0.5315908  0.53194223 0.53229413 0.5326465
 0.53299933 0.53335263 0.5337064  0.53406063 0.53441534 0.53477052
 0.53512617 0.5354823  0.5358389  0.53619597 0.53655352 0.53691155
 0.53727006 0.53762905 0.53798851 0.53834846 0.53870889 0.5390698
 0.53943119 0.53979307 0.54015544 0.54051829 0.54088163 0.54124546
 0.54160978 0.54197459 0.5423399  0.54270569 0.54307198 0.54343876
 0.54380604 0.54417382 0.54454209 0.54491087 0.54528014 0.54564991
 0.54602019 0.54639096 0.54676225 0.54713403 0.54750633 0.54787912
 0.54825243 0.54862625 0.54900058 0.54937541 0.54975077 0.55012663
 0.55050301 0.5508799  0.55125731 0.55163524 0.55201368 0.55239265
 0.55277213 0.55315214 0.55353267 0.55391373 0.55429531 0.55467741
 0.55506004 0.55544321 0.5558269  0.55621112 0.55659587 0.55698115
 0.55736697 0.55775333 0.55814022 0.55852764 0.55674657 0.55713486
 0.55752369 0.55791306 0.55830298 0.55869345 0.55908446 0.55947602
 0.55986812 0.56026078 0.56065399 0.56104775 0.56144206 0.55965054
 0.56004575 0.55823987 0.55863599 0.55903267 0.55942992 0.55982773
 0.56022611 0.56062506 0.56102457 0.56142465 0.56182531 0.56222654
 0.56262834 0.56303071 0.56343366 0.56383719 0.5642413  0.56464599
 0.56505125 0.5654571  0.56364283 0.56404965 0.56445706 0.56486506
 0.56527365 0.56568283 0.5660926  0.56426544 0.56467621 0.56508757
 0.56549954 0.5659121  0.56632527 0.56448465 0.56489883 0.56531361
 0.56572901 0.5638739  0.56429032 0.56470735 0.565125   0.56554327
 0.56596215 0.56638166 0.56680179 0.56493363 0.56535481 0.56347089
 0.56389311 0.56199319 0.56241646 0.56284037 0.56326492 0.5636901
 0.56411593 0.56220144 0.56262834 0.56305588 0.56348407 0.56391292
 0.56434242 0.56477257 0.56520338 0.56563484 0.56606697 0.56413942
 0.56457265 0.56500655 0.56544111 0.56587635 0.56631225 0.56674882
 0.56718607 0.567624   0.56568283 0.56372415 0.56416367 0.56460387
 0.56504476 0.56548635 0.56592862 0.56395445 0.56196225 0.56240613
 0.56285072 0.56329601 0.563742   0.5641887  0.56463611 0.56508423
 0.56553306 0.5659826  0.56643286 0.56688384 0.56733553 0.56778795
 0.56824109 0.56869495 0.56914954 0.56960485 0.57006089 0.57051767
 0.57097517 0.57143342 0.57189239 0.57235211 0.57281256 0.57327376
 0.5737357  0.57419838 0.57466182 0.575126   0.57559093 0.57605661
 0.57406178 0.57204808 0.57251566 0.572984   0.5734531  0.57392298
 0.57439362 0.57486504 0.57533724 0.57581021 0.57628395 0.57675848
 0.57723379 0.57770988 0.57818676 0.57616149 0.57663978 0.57711885
 0.57759873 0.5780794  0.57856087 0.57904315 0.57952623 0.58001011
 0.58049481 0.58098032 0.57894176 0.57942873 0.57991653 0.58040514
 0.58089458 0.58138484 0.58187594 0.58236786 0.58286062 0.58335421
 0.58384863 0.5843439  0.58484001 0.58533696 0.58328723 0.58378574
 0.58428509 0.58478531 0.58528638 0.58321912 0.58372178 0.5842253
 0.58472969 0.58523495 0.58574108 0.5862481  0.58675599 0.58726476
 0.58777441 0.58828495 0.58620435 0.58410262 0.58461557 0.58249313
 0.58300774 0.58086424 0.57869858 0.57921558 0.57973351 0.57754681
 0.5780664  0.57858692 0.57910838 0.57963078 0.57742413 0.57794823
 0.57847327 0.57899927 0.57952623 0.58005414 0.58058302 0.58111287
 0.58164368 0.58217546 0.57995236 0.58048591 0.58102044 0.58155596
 0.57931142 0.57984873 0.58038703 0.58092633 0.58146664 0.58200795
 0.58255027 0.5830936  0.58083049 0.58137567 0.58192188 0.58246911
 0.58301737 0.58356666 0.58411699 0.58183421 0.58238644 0.58293972
 0.58349405 0.58118864 0.5817449  0.58230222 0.58286062 0.58342008
 0.58398062 0.58454224 0.58510494 0.58278001 0.58334471 0.5839105
 0.58447738 0.58504537 0.58561447 0.58618467 0.58675599 0.58732841
 0.58790196 0.58847663 0.58905242 0.58962934 0.5902074  0.59078658
 0.59136691 0.59194837 0.59253098 0.59311474 0.59369965 0.59136691
 0.59195402 0.59254231 0.59313176 0.59372239 0.59431419 0.59490718
 0.59550135 0.59314911 0.59374557 0.59434323 0.5949421  0.59554217
 0.59316681 0.59376922 0.59437285 0.59497771 0.5955838  0.59619113
 0.5967997  0.59740951 0.59802057 0.59863288 0.59924645 0.59986127
 0.60047736 0.60109472 0.60171334 0.60233324 0.60295442 0.60357688
 0.60420063 0.60482567 0.60244496 0.60003539 0.6006643  0.60129454
 0.60192609 0.60255898 0.60319319 0.60382875 0.60446564 0.60510388
 0.60574346 0.60638441 0.6070267  0.60767037 0.60831539 0.60896179
 0.60960956 0.61025872 0.61090925 0.61156118 0.6122145  0.61286921
 0.61045771 0.61111533 0.61177436 0.61243481 0.61309669 0.61376
 0.61442475 0.61509094 0.61575858 0.61642766 0.61709821 0.61777021
 0.61844368 0.61911862 0.61979503 0.62047293 0.6211523  0.62183317
 0.62251553 0.62319939 0.62388476 0.62457163 0.62526002 0.62285375
 0.62354542 0.62423863 0.62493338 0.62562968 0.62632753 0.62702694
 0.62772792 0.6253031  0.62600749 0.62671347 0.62742105 0.62813022
 0.628841   0.6295534  0.6302674  0.63098303 0.63170029 0.62926075
 0.62998161 0.63070412 0.63142829 0.63215413 0.63288164 0.63361083
 0.63434169 0.63188368 0.63261831 0.63335465 0.6308675  0.62834638
 0.62579058 0.62653489 0.62728096 0.62802881 0.62877845 0.62952989
 0.63028311 0.63103815 0.63179499 0.62922075 0.62998161 0.6273733
 0.6281382  0.62890497 0.62967362 0.63044415 0.63121657 0.63199088
 0.63276709 0.63354521 0.63432525 0.63510721 0.63589111 0.63667694
 0.63746471 0.63484931 0.63564148 0.63643562 0.63723176 0.63458569
 0.63538631 0.63618895 0.63699362 0.63780033 0.63860909 0.6394199
 0.63675014 0.63404055 0.63129023 0.62849826 0.62932148 0.63014686
 0.6309744  0.63180412 0.63263603 0.63347013 0.63430643 0.63149019
 0.63233142 0.63317489 0.63402062 0.63486861 0.63571887 0.63657141
 0.63742624 0.63828337 0.6391428  0.63630803 0.63717271 0.63803975
 0.63890915 0.63978092 0.64065507 0.64153161 0.63866983 0.63955185
 0.64043631 0.64132322 0.63842463 0.63931715 0.63637446 0.63727264
 0.63817335 0.63518857 0.63609503 0.63700409 0.63791574 0.63489095
 0.6358085  0.6367287  0.63765157 0.63857712 0.63950536 0.64043631
 0.64136996 0.6383177  0.63521303 0.63615637 0.63710252 0.63805148
 0.63900328 0.63995792 0.64091541 0.64187578 0.64283903 0.64380517
 0.64477422 0.64574619 0.64262766 0.64360641 0.64043631 0.64142191
 0.64241056 0.64340226 0.64439702 0.64539487 0.6421875  0.64319249
 0.64420063 0.64094281 0.64195823 0.6386443  0.63966707 0.64069313
 0.64172248 0.64275515 0.64379115 0.64483049 0.64147999 0.64252707
 0.64357758 0.64463153 0.64568894 0.64674982 0.64781419 0.64888208
 0.64995349 0.65102844 0.65210696 0.64873843 0.64982537 0.64639581
 0.6428984  0.64399875 0.64510287 0.64621078 0.64732251 0.64377493
 0.64489556 0.64602009 0.64241056 0.64354418 0.6446818  0.64582346
 0.64696917 0.64811895 0.64446131 0.64562061 0.6467841  0.64306051
 0.63925757 0.64043631 0.6416194  0.64280687 0.64399875 0.64519505
 0.64639581 0.64760104 0.64881078 0.65002504 0.65124386 0.65246726
 0.65369526 0.65492789 0.65616519 0.65740716 0.65361186 0.65486511
 0.65612317 0.65738607 0.65865385 0.65480016 0.6560797  0.65214487
 0.64811895 0.64941734 0.64530403 0.64661461 0.64793052 0.6492518
 0.65057848 0.6519106  0.64773523 0.64908022 0.64481085 0.64616891
 0.6475327  0.64890226 0.65027763 0.65165884 0.64732251 0.64871756
 0.65011863 0.65152578 0.65293902 0.65435841 0.65578398 0.65721578
 0.65865385 0.66009822 0.66154894 0.66300605 0.66446959 0.6601266
 0.66160596 0.66309196 0.66458465 0.66015612 0.66166527 0.66318133
 0.66470436 0.6662344  0.6677715  0.6693157  0.67086707 0.67242564
 0.67399147 0.66953689 0.67112103 0.6727127  0.67431193 0.67591878
 0.67753331 0.67915557 0.68078561 0.67628809 0.67793814 0.67332427
 0.67499476 0.67025916 0.66538351 0.66036151 0.66207806 0.66380355
 0.65865385 0.66040133 0.66215811 0.66392426 0.66569986 0.66748499
 0.66927971 0.67108411 0.67289826 0.67472225 0.67655616 0.67840006
 0.68025404 0.68211818 0.67699427 0.67170248 0.67360889 0.67552616
 0.67009049 0.67203532 0.67399147 0.67595905 0.67793814 0.67992886
 0.68193131 0.67641474 0.67844747 0.68049246 0.68254982 0.67689507
 0.67898444 0.68108674 0.67526643 0.67740211 0.67138579 0.67355579
 0.67573986 0.66953689 0.66309196 0.65639065 0.65865385 0.6609327
 0.66322738 0.66553805 0.65865385 0.65148029 0.65385405 0.65624517
 0.64881078 0.65124386 0.65369526 0.65616519 0.65865385 0.66116146
 0.66368823 0.6662344  0.66880017 0.67138579 0.67399147 0.67661746
 0.67926399 0.68193131 0.67453311 0.67725439 0.66953689 0.67231407
 0.6751144  0.67793814 0.68078561 0.6728309  0.67573986 0.66741615
 0.67038896 0.67338837 0.67641474 0.67946843 0.68254982 0.68565929
 0.68879722 0.691964   0.69516003 0.69838573 0.7016415  0.70492777
 0.70824496 0.71159353 0.70347802 0.70691434 0.7103844  0.70191418
 0.70547847 0.70907915 0.71271676 0.71639189 0.70766582 0.69838573
 0.70223672 0.70613042 0.71006754 0.7140488  0.70445642 0.70856252
 0.71271676 0.71692001 0.72117313 0.72547701 0.72983257 0.73424075
 0.72461213 0.72917591 0.73379754 0.7236586  0.72845149 0.71762538
 0.72260207 0.72764827 0.71617466 0.72142488 0.72675265 0.7145496
 0.70120564 0.70691434 0.71271676 0.71861522 0.72461213 0.73070997
 0.73691131 0.74321881 0.74963521 0.73646487 0.72183194 0.70547847
 0.71271676 0.72010512 0.72764827 0.73535113 0.71807497 0.72626506
 0.73464413 0.74321881 0.75199601 0.73379754 0.71271676 0.72260207
 0.73276545 0.74321881 0.75397472 0.76504654 0.77644836 0.75534114
 0.76786548 0.74321881 0.75710526 0.77152051 0.74321881 0.75947028
 0.77644836 0.7942029  0.8127884  0.78345406 0.80525078 0.82829504
 0.7942029  0.82241121 0.8526971  0.8127884  0.74321881 0.7942029
 0.8526971  0.74321881 0.         0.         1.        ]","[1.         1.         1.         1.         1.         1.
 1.         1.         1.         1.         1.         1.
 1.         1.         1.         1.         1.         1.
 1.         1.         1.         1.         1.         1.
 1.         1.         1.         1.         0.99295775 0.99295775
 0.99295775 0.99295775 0.99295775 0.99295775 0.99295775 0.99295775
 0.99295775 0.99295775 0.99295775 0.99295775 0.99295775 0.99295775
 0.99295775 0.99295775 0.99295775 0.99295775 0.99295775 0.99295775
 0.99295775 0.99295775 0.99295775 0.99295775 0.99295775 0.99295775
 0.99295775 0.98591549 0.98591549 0.98591549 0.98591549 0.98591549
 0.98591549 0.98591549 0.98591549 0.98591549 0.98591549 0.98591549
 0.98591549 0.98591549 0.98591549 0.98591549 0.98591549 0.98591549
 0.98591549 0.98591549 0.98591549 0.98591549 0.98591549 0.98591549
 0.98591549 0.98591549 0.98591549 0.98591549 0.98591549 0.98591549
 0.98591549 0.98591549 0.98591549 0.98591549 0.98591549 0.98591549
 0.98591549 0.98591549 0.98591549 0.98591549 0.98591549 0.98591549
 0.98591549 0.98591549 0.98591549 0.98591549 0.98591549 0.98591549
 0.98591549 0.98591549 0.98591549 0.98591549 0.98591549 0.97887324
 0.97887324 0.97887324 0.97887324 0.97887324 0.97887324 0.97887324
 0.97887324 0.97887324 0.97887324 0.97887324 0.97887324 0.97887324
 0.97887324 0.97887324 0.97887324 0.97887324 0.97887324 0.97887324
 0.97887324 0.97887324 0.97887324 0.97887324 0.97887324 0.97887324
 0.97887324 0.97887324 0.97887324 0.97887324 0.97887324 0.97887324
 0.97887324 0.97887324 0.97887324 0.97887324 0.97887324 0.97887324
 0.97887324 0.97887324 0.97887324 0.97887324 0.97887324 0.97887324
 0.97887324 0.97887324 0.97887324 0.97887324 0.97887324 0.97887324
 0.97887324 0.97887324 0.97887324 0.97887324 0.97887324 0.97887324
 0.97887324 0.97887324 0.97887324 0.97887324 0.97887324 0.97887324
 0.97887324 0.97887324 0.97887324 0.97887324 0.97887324 0.97887324
 0.97887324 0.97887324 0.97887324 0.97887324 0.97887324 0.97887324
 0.97887324 0.97887324 0.97887324 0.97887324 0.97887324 0.97887324
 0.97887324 0.97887324 0.97887324 0.97887324 0.97183099 0.97183099
 0.97183099 0.97183099 0.97183099 0.97183099 0.97183099 0.97183099
 0.97183099 0.97183099 0.97183099 0.97183099 0.97183099 0.96478873
 0.96478873 0.95774648 0.95774648 0.95774648 0.95774648 0.95774648
 0.95774648 0.95774648 0.95774648 0.95774648 0.95774648 0.95774648
 0.95774648 0.95774648 0.95774648 0.95774648 0.95774648 0.95774648
 0.95774648 0.95774648 0.95070423 0.95070423 0.95070423 0.95070423
 0.95070423 0.95070423 0.95070423 0.94366197 0.94366197 0.94366197
 0.94366197 0.94366197 0.94366197 0.93661972 0.93661972 0.93661972
 0.93661972 0.92957746 0.92957746 0.92957746 0.92957746 0.92957746
 0.92957746 0.92957746 0.92957746 0.92253521 0.92253521 0.91549296
 0.91549296 0.9084507  0.9084507  0.9084507  0.9084507  0.9084507
 0.9084507  0.90140845 0.90140845 0.90140845 0.90140845 0.90140845
 0.90140845 0.90140845 0.90140845 0.90140845 0.90140845 0.8943662
 0.8943662  0.8943662  0.8943662  0.8943662  0.8943662  0.8943662
 0.8943662  0.8943662  0.88732394 0.88028169 0.88028169 0.88028169
 0.88028169 0.88028169 0.88028169 0.87323944 0.86619718 0.86619718
 0.86619718 0.86619718 0.86619718 0.86619718 0.86619718 0.86619718
 0.86619718 0.86619718 0.86619718 0.86619718 0.86619718 0.86619718
 0.86619718 0.86619718 0.86619718 0.86619718 0.86619718 0.86619718
 0.86619718 0.86619718 0.86619718 0.86619718 0.86619718 0.86619718
 0.86619718 0.86619718 0.86619718 0.86619718 0.86619718 0.86619718
 0.85915493 0.85211268 0.85211268 0.85211268 0.85211268 0.85211268
 0.85211268 0.85211268 0.85211268 0.85211268 0.85211268 0.85211268
 0.85211268 0.85211268 0.85211268 0.84507042 0.84507042 0.84507042
 0.84507042 0.84507042 0.84507042 0.84507042 0.84507042 0.84507042
 0.84507042 0.84507042 0.83802817 0.83802817 0.83802817 0.83802817
 0.83802817 0.83802817 0.83802817 0.83802817 0.83802817 0.83802817
 0.83802817 0.83802817 0.83802817 0.83802817 0.83098592 0.83098592
 0.83098592 0.83098592 0.83098592 0.82394366 0.82394366 0.82394366
 0.82394366 0.82394366 0.82394366 0.82394366 0.82394366 0.82394366
 0.82394366 0.82394366 0.81690141 0.80985915 0.80985915 0.8028169
 0.8028169  0.79577465 0.78873239 0.78873239 0.78873239 0.78169014
 0.78169014 0.78169014 0.78169014 0.78169014 0.77464789 0.77464789
 0.77464789 0.77464789 0.77464789 0.77464789 0.77464789 0.77464789
 0.77464789 0.77464789 0.76760563 0.76760563 0.76760563 0.76760563
 0.76056338 0.76056338 0.76056338 0.76056338 0.76056338 0.76056338
 0.76056338 0.76056338 0.75352113 0.75352113 0.75352113 0.75352113
 0.75352113 0.75352113 0.75352113 0.74647887 0.74647887 0.74647887
 0.74647887 0.73943662 0.73943662 0.73943662 0.73943662 0.73943662
 0.73943662 0.73943662 0.73943662 0.73239437 0.73239437 0.73239437
 0.73239437 0.73239437 0.73239437 0.73239437 0.73239437 0.73239437
 0.73239437 0.73239437 0.73239437 0.73239437 0.73239437 0.73239437
 0.73239437 0.73239437 0.73239437 0.73239437 0.73239437 0.72535211
 0.72535211 0.72535211 0.72535211 0.72535211 0.72535211 0.72535211
 0.72535211 0.71830986 0.71830986 0.71830986 0.71830986 0.71830986
 0.71126761 0.71126761 0.71126761 0.71126761 0.71126761 0.71126761
 0.71126761 0.71126761 0.71126761 0.71126761 0.71126761 0.71126761
 0.71126761 0.71126761 0.71126761 0.71126761 0.71126761 0.71126761
 0.71126761 0.71126761 0.70422535 0.6971831  0.6971831  0.6971831
 0.6971831  0.6971831  0.6971831  0.6971831  0.6971831  0.6971831
 0.6971831  0.6971831  0.6971831  0.6971831  0.6971831  0.6971831
 0.6971831  0.6971831  0.6971831  0.6971831  0.6971831  0.6971831
 0.69014085 0.69014085 0.69014085 0.69014085 0.69014085 0.69014085
 0.69014085 0.69014085 0.69014085 0.69014085 0.69014085 0.69014085
 0.69014085 0.69014085 0.69014085 0.69014085 0.69014085 0.69014085
 0.69014085 0.69014085 0.69014085 0.69014085 0.69014085 0.68309859
 0.68309859 0.68309859 0.68309859 0.68309859 0.68309859 0.68309859
 0.68309859 0.67605634 0.67605634 0.67605634 0.67605634 0.67605634
 0.67605634 0.67605634 0.67605634 0.67605634 0.67605634 0.66901408
 0.66901408 0.66901408 0.66901408 0.66901408 0.66901408 0.66901408
 0.66901408 0.66197183 0.66197183 0.66197183 0.65492958 0.64788732
 0.64084507 0.64084507 0.64084507 0.64084507 0.64084507 0.64084507
 0.64084507 0.64084507 0.64084507 0.63380282 0.63380282 0.62676056
 0.62676056 0.62676056 0.62676056 0.62676056 0.62676056 0.62676056
 0.62676056 0.62676056 0.62676056 0.62676056 0.62676056 0.62676056
 0.62676056 0.61971831 0.61971831 0.61971831 0.61971831 0.61267606
 0.61267606 0.61267606 0.61267606 0.61267606 0.61267606 0.61267606
 0.6056338  0.59859155 0.5915493  0.58450704 0.58450704 0.58450704
 0.58450704 0.58450704 0.58450704 0.58450704 0.58450704 0.57746479
 0.57746479 0.57746479 0.57746479 0.57746479 0.57746479 0.57746479
 0.57746479 0.57746479 0.57746479 0.57042254 0.57042254 0.57042254
 0.57042254 0.57042254 0.57042254 0.57042254 0.56338028 0.56338028
 0.56338028 0.56338028 0.55633803 0.55633803 0.54929577 0.54929577
 0.54929577 0.54225352 0.54225352 0.54225352 0.54225352 0.53521127
 0.53521127 0.53521127 0.53521127 0.53521127 0.53521127 0.53521127
 0.53521127 0.52816901 0.52112676 0.52112676 0.52112676 0.52112676
 0.52112676 0.52112676 0.52112676 0.52112676 0.52112676 0.52112676
 0.52112676 0.52112676 0.51408451 0.51408451 0.50704225 0.50704225
 0.50704225 0.50704225 0.50704225 0.50704225 0.5        0.5
 0.5        0.49295775 0.49295775 0.48591549 0.48591549 0.48591549
 0.48591549 0.48591549 0.48591549 0.48591549 0.47887324 0.47887324
 0.47887324 0.47887324 0.47887324 0.47887324 0.47887324 0.47887324
 0.47887324 0.47887324 0.47887324 0.47183099 0.47183099 0.46478873
 0.45774648 0.45774648 0.45774648 0.45774648 0.45774648 0.45070423
 0.45070423 0.45070423 0.44366197 0.44366197 0.44366197 0.44366197
 0.44366197 0.44366197 0.43661972 0.43661972 0.43661972 0.42957746
 0.42253521 0.42253521 0.42253521 0.42253521 0.42253521 0.42253521
 0.42253521 0.42253521 0.42253521 0.42253521 0.42253521 0.42253521
 0.42253521 0.42253521 0.42253521 0.42253521 0.41549296 0.41549296
 0.41549296 0.41549296 0.41549296 0.4084507  0.4084507  0.40140845
 0.3943662  0.3943662  0.38732394 0.38732394 0.38732394 0.38732394
 0.38732394 0.38732394 0.38028169 0.38028169 0.37323944 0.37323944
 0.37323944 0.37323944 0.37323944 0.37323944 0.36619718 0.36619718
 0.36619718 0.36619718 0.36619718 0.36619718 0.36619718 0.36619718
 0.36619718 0.36619718 0.36619718 0.36619718 0.36619718 0.35915493
 0.35915493 0.35915493 0.35915493 0.35211268 0.35211268 0.35211268
 0.35211268 0.35211268 0.35211268 0.35211268 0.35211268 0.35211268
 0.35211268 0.34507042 0.34507042 0.34507042 0.34507042 0.34507042
 0.34507042 0.34507042 0.34507042 0.33802817 0.33802817 0.33098592
 0.33098592 0.32394366 0.31690141 0.30985915 0.30985915 0.30985915
 0.3028169  0.3028169  0.3028169  0.3028169  0.3028169  0.3028169
 0.3028169  0.3028169  0.3028169  0.3028169  0.3028169  0.3028169
 0.3028169  0.3028169  0.29577465 0.28873239 0.28873239 0.28873239
 0.28169014 0.28169014 0.28169014 0.28169014 0.28169014 0.28169014
 0.28169014 0.27464789 0.27464789 0.27464789 0.27464789 0.26760563
 0.26760563 0.26760563 0.26056338 0.26056338 0.25352113 0.25352113
 0.25352113 0.24647887 0.23943662 0.23239437 0.23239437 0.23239437
 0.23239437 0.23239437 0.22535211 0.21830986 0.21830986 0.21830986
 0.21126761 0.21126761 0.21126761 0.21126761 0.21126761 0.21126761
 0.21126761 0.21126761 0.21126761 0.21126761 0.21126761 0.21126761
 0.21126761 0.21126761 0.20422535 0.20422535 0.1971831  0.1971831
 0.1971831  0.1971831  0.1971831  0.19014085 0.19014085 0.18309859
 0.18309859 0.18309859 0.18309859 0.18309859 0.18309859 0.18309859
 0.18309859 0.18309859 0.18309859 0.18309859 0.18309859 0.18309859
 0.18309859 0.18309859 0.17605634 0.17605634 0.17605634 0.16901408
 0.16901408 0.16901408 0.16901408 0.16901408 0.16197183 0.15492958
 0.15492958 0.15492958 0.15492958 0.15492958 0.14788732 0.14788732
 0.14788732 0.14788732 0.14788732 0.14788732 0.14788732 0.14788732
 0.14084507 0.14084507 0.14084507 0.13380282 0.13380282 0.12676056
 0.12676056 0.12676056 0.11971831 0.11971831 0.11971831 0.11267606
 0.1056338  0.1056338  0.1056338  0.1056338  0.1056338  0.1056338
 0.1056338  0.1056338  0.1056338  0.09859155 0.0915493  0.08450704
 0.08450704 0.08450704 0.08450704 0.08450704 0.07746479 0.07746479
 0.07746479 0.07746479 0.07746479 0.07042254 0.06338028 0.06338028
 0.06338028 0.06338028 0.06338028 0.06338028 0.06338028 0.05633803
 0.05633803 0.04929577 0.04929577 0.04929577 0.04225352 0.04225352
 0.04225352 0.04225352 0.04225352 0.03521127 0.03521127 0.03521127
 0.02816901 0.02816901 0.02816901 0.02112676 0.01408451 0.01408451
 0.01408451 0.00704225 0.         0.         0.        ]","[4.25892961e-08 4.50666332e-08 4.66868329e-08 4.75902881e-08
 4.94296720e-08 5.06558379e-08 5.14291435e-08 5.30980113e-08
 5.34755519e-08 5.78267102e-08 5.84347128e-08 6.08904662e-08
 6.13800888e-08 6.16799841e-08 6.40273090e-08 6.64943103e-08
 6.87008172e-08 6.98911882e-08 7.03149972e-08 7.20893412e-08
 7.49437386e-08 7.85388326e-08 8.40152474e-08 8.44960242e-08
 8.64835559e-08 8.72065831e-08 9.25785554e-08 9.29023899e-08
 9.40715159e-08 9.48240023e-08 9.58367753e-08 9.72503820e-08
 9.79866051e-08 9.86815678e-08 9.96575948e-08 1.03589674e-07
 1.07997623e-07 1.12262012e-07 1.50573611e-07 1.51368280e-07
 1.51669267e-07 1.56134225e-07 1.56284398e-07 1.66708943e-07
 1.72083684e-07 1.72634048e-07 1.79561335e-07 1.81765022e-07
 1.83387213e-07 1.83524238e-07 1.85201965e-07 1.89390470e-07
 1.89650548e-07 2.02979817e-07 2.04818526e-07 2.05544675e-07
 2.06444223e-07 2.12374872e-07 2.15449896e-07 2.26395194e-07
 2.34494398e-07 2.37574884e-07 2.38387858e-07 2.45728932e-07
 2.45791711e-07 2.55147967e-07 2.66347756e-07 2.72839914e-07
 2.87086396e-07 2.93786658e-07 2.97327917e-07 2.98838243e-07
 3.00676545e-07 3.03571774e-07 3.26078169e-07 3.28000084e-07
 3.38478492e-07 3.39944801e-07 3.47405891e-07 3.49550078e-07
 3.56171780e-07 3.64969440e-07 3.71086206e-07 3.77972999e-07
 3.80912869e-07 3.81765634e-07 3.82947380e-07 4.03756620e-07
 4.04118155e-07 4.07007205e-07 4.19769758e-07 4.23109833e-07
 4.41616392e-07 4.79849635e-07 5.01021157e-07 5.03218231e-07
 5.08628317e-07 5.26040593e-07 5.33356985e-07 5.34443008e-07
 5.52627934e-07 5.55883030e-07 5.71553962e-07 5.78797485e-07
 5.87971521e-07 5.98779000e-07 6.10881627e-07 6.16673652e-07
 6.21254739e-07 6.26480739e-07 6.28199220e-07 6.37010528e-07
 6.43407034e-07 6.52055563e-07 6.56535864e-07 6.63486926e-07
 6.69231311e-07 6.69479513e-07 7.28870192e-07 7.53829787e-07
 7.64038377e-07 8.24902935e-07 8.45945668e-07 8.47004211e-07
 8.61092598e-07 8.64753259e-07 9.13151408e-07 9.32887670e-07
 9.38246240e-07 9.62421356e-07 9.71808809e-07 9.95177344e-07
 1.08412023e-06 1.09614487e-06 1.10086401e-06 1.12566788e-06
 1.15010650e-06 1.16078776e-06 1.17114427e-06 1.17372960e-06
 1.19898754e-06 1.20509117e-06 1.21117032e-06 1.22201319e-06
 1.23924727e-06 1.27406513e-06 1.37893812e-06 1.38299117e-06
 1.41306059e-06 1.47608268e-06 1.49978789e-06 1.50336975e-06
 1.54289950e-06 1.54295200e-06 1.62014675e-06 1.67666869e-06
 1.67862997e-06 1.70583558e-06 1.73095615e-06 1.81331940e-06
 1.89453002e-06 1.95625413e-06 2.16755605e-06 2.25476740e-06
 2.32031169e-06 2.47225496e-06 2.48669428e-06 2.61423898e-06
 2.73597464e-06 2.80257431e-06 3.04849068e-06 3.10835678e-06
 3.14836573e-06 3.17018606e-06 3.37857904e-06 3.64279347e-06
 4.23609743e-06 4.31268129e-06 4.53687004e-06 4.77117588e-06
 4.87638122e-06 4.88321707e-06 5.29724083e-06 5.44069587e-06
 5.67542268e-06 5.71387686e-06 5.72424990e-06 5.75524941e-06
 5.81841446e-06 6.01569874e-06 6.39004613e-06 6.40565006e-06
 6.68448750e-06 7.03849979e-06 7.37694677e-06 7.54513957e-06
 7.82189172e-06 7.84184306e-06 8.00238050e-06 8.13771327e-06
 8.25763995e-06 8.27784012e-06 8.87457944e-06 9.69784070e-06
 9.72116655e-06 9.81037970e-06 1.12032223e-05 1.12906302e-05
 1.13893911e-05 1.23469439e-05 1.27865815e-05 1.28528592e-05
 1.28625550e-05 1.29577008e-05 1.30649377e-05 1.39973252e-05
 1.49094155e-05 1.55369288e-05 1.61628917e-05 1.66873615e-05
 1.69604376e-05 1.70667413e-05 1.89827813e-05 1.91266630e-05
 1.96538065e-05 2.00692239e-05 2.01656112e-05 2.15988053e-05
 2.20495999e-05 2.21407411e-05 2.22750753e-05 2.24850902e-05
 2.25269911e-05 2.36400212e-05 2.40855682e-05 2.43798500e-05
 2.63726194e-05 2.67959527e-05 2.71377104e-05 2.80623657e-05
 2.83777096e-05 2.89067992e-05 2.91064869e-05 2.93224285e-05
 2.98859808e-05 2.99178818e-05 3.17856166e-05 3.20223904e-05
 3.28927559e-05 3.31125614e-05 3.32526887e-05 3.42846209e-05
 3.44291431e-05 3.55526082e-05 3.56947982e-05 3.58228661e-05
 3.59892252e-05 3.61483560e-05 3.72491374e-05 3.75322575e-05
 3.86643461e-05 3.92305614e-05 3.99183289e-05 4.00410969e-05
 4.07067066e-05 4.15501451e-05 4.35132231e-05 4.39027081e-05
 4.41969880e-05 4.43293550e-05 4.45378203e-05 4.48097788e-05
 4.52991136e-05 4.53115194e-05 4.66360645e-05 4.70285000e-05
 4.88112487e-05 4.89495487e-05 4.93847998e-05 4.98485638e-05
 4.98854219e-05 5.10813174e-05 5.19085248e-05 5.22247565e-05
 5.25958221e-05 5.27490083e-05 5.27686527e-05 5.36826255e-05
 5.38000018e-05 5.42744741e-05 5.44487035e-05 5.55373391e-05
 5.56803886e-05 5.60991388e-05 5.66846714e-05 5.79957208e-05
 5.83468568e-05 5.88655468e-05 5.94618160e-05 6.06243743e-05
 6.19609898e-05 6.21419414e-05 6.43037481e-05 6.57910655e-05
 6.76659275e-05 6.79174206e-05 6.79503816e-05 6.88277359e-05
 6.90245418e-05 6.93983053e-05 7.15918272e-05 7.27685049e-05
 7.42915529e-05 7.57295841e-05 7.58598092e-05 7.66491995e-05
 7.66661208e-05 7.82756130e-05 8.04386994e-05 8.05276702e-05
 8.06778449e-05 8.08035676e-05 8.17366525e-05 8.50059439e-05
 8.79716615e-05 8.84188238e-05 8.91218204e-05 8.97710540e-05
 9.07503898e-05 9.09565048e-05 9.12906921e-05 9.26669734e-05
 9.32709583e-05 9.46303973e-05 9.52737401e-05 9.60378218e-05
 9.74483203e-05 1.00244105e-04 1.02212013e-04 1.02220822e-04
 1.03706661e-04 1.03885848e-04 1.04776520e-04 1.07163136e-04
 1.08550466e-04 1.11347112e-04 1.13928317e-04 1.14099474e-04
 1.15271760e-04 1.17317776e-04 1.17870963e-04 1.18414011e-04
 1.19804690e-04 1.19919456e-04 1.21777582e-04 1.25706648e-04
 1.26180834e-04 1.26328672e-04 1.29188104e-04 1.30643455e-04
 1.31887788e-04 1.33925006e-04 1.36050173e-04 1.37459549e-04
 1.38508486e-04 1.39893358e-04 1.40518319e-04 1.43099251e-04
 1.48301090e-04 1.51274001e-04 1.53631797e-04 1.54327535e-04
 1.56531111e-04 1.58552296e-04 1.59329279e-04 1.59826971e-04
 1.65227749e-04 1.65815112e-04 1.68026738e-04 1.69716417e-04
 1.70568538e-04 1.71776183e-04 1.73271418e-04 1.73925309e-04
 1.74932677e-04 1.76205646e-04 1.79371610e-04 1.80269267e-04
 1.80345741e-04 1.80857696e-04 1.83549525e-04 1.84034443e-04
 1.84628847e-04 1.85112642e-04 1.93934587e-04 2.05762945e-04
 2.08853465e-04 2.12066401e-04 2.12137401e-04 2.15362602e-04
 2.15397237e-04 2.17742119e-04 2.18593416e-04 2.19187528e-04
 2.24665242e-04 2.27181040e-04 2.28044518e-04 2.32861151e-04
 2.35030199e-04 2.35180106e-04 2.41882485e-04 2.45401992e-04
 2.45975080e-04 2.46422042e-04 2.46886069e-04 2.53427154e-04
 2.54770035e-04 2.55096354e-04 2.59154334e-04 2.59646732e-04
 2.60322092e-04 2.61997076e-04 2.67616213e-04 2.70194258e-04
 2.70326481e-04 2.74238933e-04 2.76860307e-04 2.77604076e-04
 2.83580302e-04 2.84613724e-04 2.91446811e-04 2.94671352e-04
 2.96472290e-04 3.00374232e-04 3.08402648e-04 3.10643769e-04
 3.12801328e-04 3.13576836e-04 3.15562472e-04 3.16748065e-04
 3.18187232e-04 3.18323163e-04 3.19197059e-04 3.21259646e-04
 3.21655146e-04 3.22430592e-04 3.26655709e-04 3.30398956e-04
 3.30489746e-04 3.32043304e-04 3.34087451e-04 3.34093875e-04
 3.35101030e-04 3.35510565e-04 3.35515961e-04 3.36545089e-04
 3.45704287e-04 3.46227439e-04 3.48344445e-04 3.50214446e-04
 3.54234952e-04 3.59086950e-04 3.59318260e-04 3.63297708e-04
 3.68797085e-04 3.69550517e-04 3.72004139e-04 3.76640637e-04
 3.79456057e-04 3.83125591e-04 3.83622597e-04 3.85107390e-04
 3.86596166e-04 3.90982155e-04 3.91876149e-04 3.96287962e-04
 4.02758342e-04 4.04413258e-04 4.22892925e-04 4.25424075e-04
 4.35869579e-04 4.36198604e-04 4.36978173e-04 4.39812057e-04
 4.39933301e-04 4.39951960e-04 4.45639778e-04 4.58530480e-04
 4.60596834e-04 4.63045391e-04 4.66838170e-04 4.69690599e-04
 4.70717295e-04 4.73131083e-04 4.75791895e-04 4.80497025e-04
 4.81220732e-04 4.89027446e-04 4.95506519e-04 4.98811618e-04
 5.00311566e-04 5.02648953e-04 5.03969287e-04 5.04887605e-04
 5.11896736e-04 5.12637521e-04 5.16344423e-04 5.18501774e-04
 5.20801015e-04 5.25692187e-04 5.31364374e-04 5.35798606e-04
 5.36716661e-04 5.37151456e-04 5.47055206e-04 5.60609489e-04
 5.71706546e-04 5.92645983e-04 6.00530846e-04 6.01987971e-04
 6.09874168e-04 6.12622359e-04 6.12916151e-04 6.16794439e-04
 6.17323032e-04 6.19530796e-04 6.19774383e-04 6.23003082e-04
 6.25845592e-04 6.28541932e-04 6.37471306e-04 6.42820282e-04
 6.50233562e-04 6.55522108e-04 6.60648959e-04 6.70378832e-04
 6.86006445e-04 6.86875149e-04 6.95020840e-04 7.01991203e-04
 7.09680099e-04 7.14295719e-04 7.16591190e-04 7.19026135e-04
 7.35617829e-04 7.37084233e-04 7.43801166e-04 7.46450287e-04
 7.46558970e-04 7.49568772e-04 7.59022095e-04 7.64796105e-04
 7.66224050e-04 7.73005228e-04 7.74971189e-04 7.82471947e-04
 7.96034973e-04 8.24357574e-04 8.35959516e-04 8.39372374e-04
 8.46985979e-04 8.51210287e-04 8.52767845e-04 8.55764110e-04
 8.56411692e-04 8.71460237e-04 8.75983071e-04 8.77343152e-04
 8.89509966e-04 8.92803410e-04 8.93085243e-04 8.99788960e-04
 9.03068301e-04 9.14195977e-04 9.15298176e-04 9.17248296e-04
 9.28987971e-04 9.36203613e-04 9.43089116e-04 9.43402244e-04
 9.54185632e-04 9.61473531e-04 9.61841480e-04 9.95699191e-04
 1.00151714e-03 1.00237158e-03 1.00925793e-03 1.01545452e-03
 1.02506597e-03 1.04566451e-03 1.05114381e-03 1.05497985e-03
 1.07168182e-03 1.07802171e-03 1.07970754e-03 1.08360967e-03
 1.08765562e-03 1.09055305e-03 1.11151477e-03 1.12013946e-03
 1.12502828e-03 1.12626942e-03 1.13249759e-03 1.14039705e-03
 1.15230914e-03 1.16372495e-03 1.16490447e-03 1.17503821e-03
 1.18933994e-03 1.21228002e-03 1.22034110e-03 1.27225051e-03
 1.28172252e-03 1.28882788e-03 1.29076947e-03 1.29950842e-03
 1.31089425e-03 1.32372190e-03 1.33009265e-03 1.35309188e-03
 1.35575669e-03 1.35945272e-03 1.36767643e-03 1.38715915e-03
 1.40373639e-03 1.41138828e-03 1.41556082e-03 1.41712816e-03
 1.42760247e-03 1.45128443e-03 1.47388222e-03 1.48156018e-03
 1.49501112e-03 1.50124689e-03 1.53019605e-03 1.56564291e-03
 1.58518696e-03 1.60880476e-03 1.63758258e-03 1.67008808e-03
 1.67033939e-03 1.70391795e-03 1.71595603e-03 1.72885885e-03
 1.73648885e-03 1.75291538e-03 1.76446326e-03 1.79483658e-03
 1.81526978e-03 1.82408010e-03 1.87733473e-03 1.88161291e-03
 1.88188107e-03 1.89525670e-03 1.90281684e-03 1.90520374e-03
 1.92960471e-03 1.93581332e-03 1.94454256e-03 1.94570664e-03
 1.95200120e-03 2.00475295e-03 2.02709561e-03 2.02882384e-03
 2.03954644e-03 2.07184500e-03 2.08680499e-03 2.09424384e-03
 2.18030565e-03 2.23285770e-03 2.27879248e-03 2.30431036e-03
 2.32409685e-03 2.36575975e-03 2.36778134e-03 2.36826751e-03
 2.37293721e-03 2.37464101e-03 2.38128156e-03 2.40947737e-03
 2.42801493e-03 2.48751792e-03 2.50058873e-03 2.50742194e-03
 2.53420560e-03 2.54701971e-03 2.58794565e-03 2.70275184e-03
 2.74085541e-03 2.75188252e-03 2.76672038e-03 2.79468244e-03
 2.90474003e-03 2.92250778e-03 3.00665767e-03 3.02844004e-03
 3.04325125e-03 3.11884737e-03 3.17067418e-03 3.18196196e-03
 3.22175705e-03 3.27484868e-03 3.28278692e-03 3.33248464e-03
 3.59888502e-03 3.73188334e-03 3.74517928e-03 3.82256257e-03
 3.86662614e-03 3.87554364e-03 3.94261862e-03 3.97287737e-03
 4.02199647e-03 4.03463419e-03 4.10339357e-03 4.14468278e-03
 4.20588088e-03 4.21580121e-03 4.29196570e-03 4.31202215e-03
 4.34484362e-03 4.35509613e-03 4.36303294e-03 4.38944222e-03
 4.46004056e-03 4.51485487e-03 4.69074340e-03 4.72146588e-03
 4.73252072e-03 4.76895969e-03 4.81761279e-03 4.88247487e-03
 5.03141256e-03 5.07685993e-03 5.13728695e-03 5.19348967e-03
 5.28599489e-03 5.31825339e-03 5.34441022e-03 5.43760437e-03
 5.49507402e-03 5.58938383e-03 5.59150968e-03 5.76269485e-03
 5.77193231e-03 5.78743978e-03 5.82546313e-03 5.83792985e-03
 5.85471326e-03 5.87500813e-03 5.87875468e-03 5.93194190e-03
 5.99291634e-03 6.01620322e-03 6.08248495e-03 6.16685285e-03
 6.22663287e-03 6.40008543e-03 6.54813195e-03 6.55071227e-03
 6.72753785e-03 6.76195283e-03 7.02373511e-03 7.02608420e-03
 7.13396878e-03 7.32109343e-03 7.63060239e-03 7.66846088e-03
 7.74632875e-03 7.85544740e-03 7.91602977e-03 8.07137219e-03
 8.08264652e-03 8.24510796e-03 8.40762467e-03 8.43068442e-03
 8.46071761e-03 8.54962494e-03 8.55219441e-03 8.80041236e-03
 8.91981093e-03 9.04093592e-03 9.13016865e-03 9.19938263e-03
 9.38854032e-03 9.43673178e-03 9.58934564e-03 9.70855812e-03
 9.77689040e-03 9.98690003e-03 1.02885433e-02 1.03123126e-02
 1.03207966e-02 1.03601060e-02 1.15662089e-02 1.16070964e-02
 1.16694420e-02 1.18748495e-02 1.25346192e-02 1.31662127e-02
 1.35631047e-02 1.37034246e-02 1.38665987e-02 1.40403087e-02
 1.42312588e-02 1.44069871e-02 1.49901905e-02 1.51267449e-02
 1.55788480e-02 1.56895524e-02 1.67005583e-02 1.67397214e-02
 1.76157036e-02 1.76260711e-02 1.80176965e-02 1.80490571e-02
 1.83878396e-02 1.83890777e-02 1.84272682e-02 1.86359839e-02
 1.86596567e-02 1.87007916e-02 1.89589717e-02 1.89835328e-02
 1.90730189e-02 2.05858466e-02 2.08020256e-02 2.12938246e-02
 2.13677570e-02 2.16237343e-02 2.21666313e-02 2.29578627e-02
 2.34429606e-02 2.39574741e-02 2.44618863e-02 2.47301937e-02
 2.52448045e-02 2.56432228e-02 2.57050605e-02 2.57900194e-02
 2.64797093e-02 2.66271230e-02 2.86560895e-02 2.98319449e-02
 2.99728177e-02 3.01398130e-02 3.03836813e-02 3.11714330e-02
 3.14524190e-02 3.18879708e-02 3.28031419e-02 3.35282404e-02
 3.43185310e-02 3.50678173e-02 3.55560888e-02 3.57719654e-02
 3.72787381e-02 3.83379678e-02 3.86182877e-02 3.92502687e-02
 3.96580970e-02 4.02109979e-02 4.03281458e-02 4.15849222e-02
 4.36751790e-02 4.50746155e-02 4.60345113e-02 4.69705788e-02
 4.73471817e-02 4.73867391e-02 4.80459575e-02 4.81399598e-02
 4.81934165e-02 4.88372431e-02 4.96991217e-02 5.24794113e-02
 5.53034326e-02 5.53769555e-02 5.77315572e-02 5.77597195e-02
 5.84767823e-02 5.92857113e-02 5.97504539e-02 6.10818902e-02
 6.15761646e-02 6.17857085e-02 6.20053695e-02 6.25862735e-02
 6.39342906e-02 6.45026108e-02 6.47917190e-02 6.48675153e-02
 6.67032327e-02 6.74443510e-02 6.88283587e-02 6.97934366e-02
 7.04038369e-02 7.05336455e-02 7.15133048e-02 7.25167825e-02
 7.35380754e-02 7.38555378e-02 7.40188698e-02 7.56686393e-02
 7.56817324e-02 7.58198706e-02 7.63917620e-02 7.84305928e-02
 7.91305265e-02 7.96491921e-02 8.17314508e-02 8.57554800e-02
 8.83671718e-02 9.13779393e-02 9.78879984e-02 1.02622791e-01
 1.05172601e-01 1.08899578e-01 1.10870693e-01 1.14716642e-01
 1.14978575e-01 1.15216337e-01 1.16026092e-01 1.24516778e-01
 1.25830610e-01 1.32247233e-01 1.40674550e-01 1.47857760e-01
 1.50696982e-01 1.51986329e-01 1.59230042e-01 1.79228665e-01
 1.83962588e-01 1.84477936e-01 1.88387423e-01 1.97769169e-01
 2.02487178e-01 2.02875632e-01 2.12545724e-01 2.22995612e-01
 2.25597736e-01 2.28290440e-01 2.51160171e-01 2.55565574e-01
 2.79282594e-01 2.83321434e-01 2.91514679e-01 3.04423627e-01
 3.11772857e-01 3.20078340e-01 3.66313681e-01 3.90874710e-01
 4.40345426e-01 4.87396645e-01 4.89801936e-01 6.02461168e-01
 6.43259295e-01 7.69173272e-01 7.90206329e-01 8.16478795e-01
 8.66441673e-01 9.19587409e-01 9.44752117e-01 9.91483050e-01]"
Hyperledger,is_change_text_num_words_10,NN,[],0.7593360995850622,"[[697 125]
 [107  35]]","              precision    recall  f1-score   support

           0       0.87      0.85      0.86       822
           1       0.22      0.25      0.23       142

    accuracy                           0.76       964
   macro avg       0.54      0.55      0.54       964
weighted avg       0.77      0.76      0.77       964
",0.19983448788549268,0.20443529822174206,0.5777732085946334,"[0 0 0 0 0 1 0 0 1 1 0 0 0 0 0 0 0 0 0 0 0 0 0 0 0 0 0 0 0 0 0 0 0 0 0 0 0
 1 0 0 0 0 0 0 0 0 0 0 0 0 0 0 0 0 0 0 0 1 0 0 1 0 0 0 0 0 0 0 0 0 0 0 0 1
 0 1 0 0 0 0 0 0 0 0 1 1 0 0 0 0 0 0 0 1 0 0 0 0 0 0 0 0 0 1 1 0 0 0 0 0 0
 0 0 0 0 1 0 0 0 0 0 0 0 0 1 0 1 0 0 0 0 0 0 0 0 0 0 0 0 0 0 0 0 0 0 0 0 1
 0 0 0 1 0 0 0 1 1 0 0 1 0 0 0 0 0 0 0 0 0 0 0 0 0 0 0 0 0 1 0 0 0 0 0 0 0
 0 0 0 0 0 0 0 0 0 1 0 0 0 0 0 1 0 0 0 0 0 0 0 1 0 0 0 1 0 0 1 0 0 0 0 0 1
 0 0 0 0 0 1 0 0 0 0 0 0 1 0 1 1 0 0 0 0 0 0 1 0 0 0 0 0 1 0 1 0 0 0 1 0 1
 0 0 0 0 0 0 0 0 0 0 0 0 0 0 0 0 0 0 0 0 0 0 1 0 0 1 0 0 0 0 0 0 1 0 0 0 0
 0 0 0 0 1 0 1 1 1 0 0 0 1 0 0 0 0 0 0 0 0 0 0 0 0 0 0 0 0 0 0 0 0 0 0 0 0
 0 0 0 0 0 1 0 1 0 1 0 0 0 0 0 0 1 0 0 0 0 0 0 0 0 0 1 0 1 0 0 0 1 1 1 0 0
 0 0 0 0 0 1 0 0 0 0 0 1 0 0 0 0 1 0 0 1 0 0 0 0 0 0 0 0 0 0 0 0 0 0 0 1 0
 1 0 0 0 0 0 0 0 1 0 0 0 0 0 0 0 0 0 0 0 0 1 1 0 0 0 0 0 0 0 0 0 0 0 1 0 0
 0 0 1 0 1 1 0 0 0 1 1 0 0 1 0 0 0 0 0 1 0 0 1 0 1 1 0 0 0 0 0 1 0 0 1 0 1
 0 1 0 1 0 0 0 0 1 1 0 0 0 1 1 0 1 0 0 0 0 0 0 0 0 0 0 0 1 1 0 0 0 0 0 0 0
 0 0 0 1 0 1 0 1 0 0 1 1 0 0 0 0 0 0 0 0 0 0 0 0 0 1 1 0 0 0 0 1 0 0 0 0 0
 0 1 1 0 0 0 0 0 0 0 0 0 0 0 0 1 1 1 0 0 0 0 0 0 1 0 0 0 0 0 0 0 0 0 0 0 0
 0 0 0 0 1 0 0 0 0 1 0 1 0 1 0 0 0 0 1 0 1 1 0 1 1 0 0 1 0 0 0 0 0 1 1 0 0
 0 0 0 0 0 0 0 0 0 1 0 0 1 0 1 0 0 0 0 0 1 0 1 1 1 0 0 0 0 0 0 0 0 0 0 0 0
 0 0 0 0 0 0 0 1 0 0 0 0 0 0 0 0 0 1 0 0 0 0 1 1 0 0 1 0 0 0 0 0 0 0 1 1 0
 0 0 1 0 0 0 0 0 1 0 0 0 0 0 0 1 0 1 0 0 0 0 0 0 0 0 0 0 0 0 0 0 0 0 0 0 0
 0 0 0 0 0 0 0 0 0 0 0 0 0 0 0 0 0 0 0 0 0 0 1 0 0 0 0 0 0 0 0 0 0 0 0 0 0
 0 1 0 0 0 0 0 0 0 0 0 0 0 0 0 0 1 0 1 0 1 0 0 0 0 0 0 0 1 1 0 0 0 1 0 0 0
 0 0 0 0 0 0 1 0 0 0 0 0 0 1 0 0 0 1 0 0 0 0 0 0 1 0 0 0 0 0 0 0 0 0 1 0 1
 0 0 0 1 0 0 0 0 0 0 0 1 0 0 1 1 0 0 0 0 0 0 1 0 0 0 0 0 0 0 1 0 0 0 1 0 0
 0 0 0 0 0 0 0 0 0 0 0 0 0 0 0 0 0 0 0 1 0 0 1 0 0 0 0 0 1 1 0 0 0 0 0 0 0
 0 0 1 0 1 1 0 1 0 0 0 0 0 0 0 0 0 0 0 0 0 0 0 1 0 0 0 0 0 0 0 0 0 0 0 0 0
 0 0]","[0.1473029  0.14745587 0.14656965 0.14672216 0.14583333 0.1459854
 0.14613779 0.14524556 0.14539749 0.14554974 0.14465409 0.14480588
 0.14390756 0.14405889 0.14421053 0.14436249 0.14451477 0.14466737
 0.1448203  0.14497354 0.14512712 0.14528102 0.14543524 0.1455898
 0.14574468 0.14589989 0.14605544 0.14514408 0.14529915 0.14545455
 0.14561028 0.14576635 0.14592275 0.14500537 0.14516129 0.14424112
 0.14439655 0.14455232 0.14470842 0.14378378 0.14393939 0.14409534
 0.14425163 0.14440825 0.14456522 0.14472252 0.14379085 0.14285714
 0.1430131  0.1431694  0.14332604 0.14348302 0.14364035 0.14270033
 0.14285714 0.1430143  0.14317181 0.14332966 0.14348786 0.14364641
 0.14380531 0.14396456 0.14412417 0.14317425 0.14333333 0.14349277
 0.14365256 0.14381271 0.14397321 0.14413408 0.1442953  0.14445689
 0.14461883 0.14478114 0.14494382 0.14510686 0.14527027 0.14543405
 0.14559819 0.14576271 0.1459276  0.14609287 0.1462585  0.14642452
 0.14659091 0.14675768 0.14692483 0.14709236 0.14726027 0.14742857
 0.14759725 0.14776632 0.14793578 0.14810563 0.14712644 0.14729574
 0.14746544 0.14763552 0.147806   0.14797688 0.14814815 0.14716107
 0.14733179 0.1475029  0.14767442 0.14784633 0.14801865 0.14819137
 0.14836449 0.14853801 0.14871194 0.14888628 0.14906103 0.14923619
 0.14941176 0.14958775 0.14976415 0.14994097 0.1501182  0.15029586
 0.15047393 0.15065243 0.15083135 0.1510107  0.15119048 0.15137068
 0.150358   0.15053763 0.1507177  0.1508982  0.15107914 0.1512605
 0.15144231 0.15042118 0.15060241 0.15078408 0.15096618 0.15114873
 0.15012107 0.15030303 0.15048544 0.15066829 0.15085158 0.15103532
 0.15121951 0.15140415 0.15158924 0.15177479 0.15196078 0.15214724
 0.15233415 0.15252153 0.15270936 0.15289766 0.15308642 0.15327565
 0.15346535 0.15365551 0.15384615 0.15403727 0.15422886 0.15442092
 0.15461347 0.15480649 0.155      0.15519399 0.15538847 0.15558344
 0.15577889 0.15597484 0.15617128 0.15636822 0.15656566 0.15676359
 0.15696203 0.15716096 0.15736041 0.15756036 0.15776081 0.15796178
 0.15816327 0.15836526 0.15856777 0.15877081 0.15897436 0.15917843
 0.15938303 0.15958816 0.15979381 0.16       0.16020672 0.16041397
 0.16062176 0.16083009 0.16103896 0.16124837 0.16145833 0.16166884
 0.1618799  0.16078431 0.15968586 0.15989515 0.15879265 0.15900131
 0.15921053 0.15810277 0.15831135 0.15852048 0.15873016 0.15761589
 0.15782493 0.15803453 0.15824468 0.15845539 0.15866667 0.1588785
 0.15909091 0.15796519 0.15683646 0.15704698 0.15725806 0.15746972
 0.15768194 0.15789474 0.15810811 0.15832206 0.15853659 0.1587517
 0.15896739 0.15918367 0.15940054 0.15961801 0.15983607 0.16005472
 0.15890411 0.15912209 0.15934066 0.15955983 0.15977961 0.16
 0.16022099 0.1604426  0.16066482 0.16088766 0.15972222 0.15994437
 0.16016713 0.15899582 0.15782123 0.15804196 0.15826331 0.15848527
 0.15870787 0.15893108 0.15915493 0.15937941 0.15960452 0.15983027
 0.16005666 0.16028369 0.16051136 0.16073969 0.16096866 0.16119829
 0.16142857 0.16165951 0.16189112 0.16212339 0.16235632 0.16258993
 0.16282421 0.16305916 0.1632948  0.16353111 0.16231884 0.16255443
 0.1627907  0.16302766 0.16326531 0.16350365 0.16374269 0.16398243
 0.16422287 0.16446402 0.16470588 0.16494845 0.16519174 0.16543575
 0.16568047 0.16444444 0.16468843 0.16493314 0.16369048 0.16393443
 0.1641791  0.16442451 0.16467066 0.16491754 0.16516517 0.16390977
 0.1626506  0.16138763 0.16163142 0.16187595 0.16212121 0.16084977
 0.16109422 0.16133942 0.16158537 0.16183206 0.16055046 0.16079632
 0.16104294 0.16129032 0.16153846 0.16178737 0.16203704 0.16228748
 0.1625387  0.1627907  0.16304348 0.16329705 0.1635514  0.16380655
 0.1640625  0.16431925 0.1645768  0.16483516 0.16509434 0.16535433
 0.16561514 0.16587678 0.16613924 0.16640254 0.16666667 0.16693164
 0.16719745 0.16746411 0.16773163 0.168      0.16826923 0.16853933
 0.16881029 0.16908213 0.16935484 0.16962843 0.16990291 0.17017828
 0.17045455 0.17073171 0.17100977 0.17128874 0.17156863 0.17184943
 0.17213115 0.17241379 0.17269737 0.17298188 0.17326733 0.17355372
 0.17384106 0.17412935 0.1744186  0.17470882 0.17333333 0.1736227
 0.17391304 0.17420436 0.17449664 0.17478992 0.17340067 0.17200675
 0.1722973  0.17258883 0.17288136 0.17317487 0.17176871 0.17206133
 0.17235495 0.17094017 0.16952055 0.16981132 0.17010309 0.1686747
 0.16896552 0.16925734 0.16955017 0.16984402 0.17013889 0.17043478
 0.17073171 0.17102967 0.17132867 0.17162872 0.17192982 0.17223199
 0.17253521 0.17283951 0.17314488 0.17345133 0.17375887 0.1740675
 0.17437722 0.17290553 0.17321429 0.17352415 0.17383513 0.17414722
 0.17446043 0.17477477 0.1732852  0.17359855 0.17391304 0.17422868
 0.17454545 0.17486339 0.17518248 0.17367459 0.17399267 0.17431193
 0.17463235 0.17495396 0.17527675 0.17560074 0.17592593 0.17439703
 0.17472119 0.17318436 0.17164179 0.17196262 0.17041199 0.17073171
 0.17105263 0.17137476 0.17169811 0.17013233 0.17045455 0.16888046
 0.16730038 0.16761905 0.16793893 0.16826004 0.16858238 0.16890595
 0.16730769 0.16763006 0.16602317 0.16441006 0.16472868 0.16504854
 0.16536965 0.16569201 0.16601562 0.16634051 0.16666667 0.16699411
 0.16732283 0.16765286 0.16798419 0.16633663 0.16468254 0.16500994
 0.16533865 0.16566866 0.166      0.16633267 0.16666667 0.16700201
 0.16733871 0.16565657 0.1659919  0.1663286  0.16666667 0.16700611
 0.16734694 0.16768916 0.16598361 0.16632444 0.16666667 0.16701031
 0.16735537 0.16770186 0.16804979 0.16839917 0.16875    0.1691023
 0.16945607 0.16981132 0.17016807 0.17052632 0.17088608 0.17124736
 0.17161017 0.17197452 0.17234043 0.17270789 0.17307692 0.17130621
 0.1695279  0.16989247 0.17025862 0.17062635 0.17099567 0.17136659
 0.17173913 0.17211329 0.17248908 0.17286652 0.17324561 0.17362637
 0.17400881 0.17439294 0.17477876 0.1751663  0.17555556 0.17594655
 0.17633929 0.17673378 0.17713004 0.17752809 0.17792793 0.17607223
 0.17420814 0.17460317 0.175      0.17539863 0.17579909 0.17620137
 0.1766055  0.17701149 0.17741935 0.1778291  0.17824074 0.17865429
 0.17906977 0.17715618 0.17757009 0.17798595 0.17840376 0.17882353
 0.17924528 0.17966903 0.17772512 0.17814727 0.17857143 0.17899761
 0.17942584 0.17985612 0.18028846 0.18072289 0.18115942 0.18159806
 0.18203883 0.18248175 0.18292683 0.18337408 0.18382353 0.18427518
 0.18472906 0.18271605 0.18316832 0.18362283 0.1840796  0.18453865
 0.185      0.18295739 0.18341709 0.18387909 0.18434343 0.18227848
 0.18274112 0.18320611 0.18367347 0.18414322 0.18461538 0.18508997
 0.18556701 0.18346253 0.18393782 0.18441558 0.18489583 0.18537859
 0.18586387 0.18635171 0.18684211 0.18733509 0.18783069 0.18832891
 0.18882979 0.18933333 0.18983957 0.19034853 0.19086022 0.19137466
 0.19189189 0.19241192 0.19293478 0.19346049 0.19398907 0.19452055
 0.19505495 0.19283747 0.19337017 0.19390582 0.19444444 0.19498607
 0.19553073 0.19607843 0.19662921 0.1971831  0.19774011 0.19546742
 0.19602273 0.19373219 0.19142857 0.18911175 0.18965517 0.19020173
 0.18786127 0.1884058  0.18604651 0.18658892 0.1871345  0.18768328
 0.18823529 0.18584071 0.18639053 0.18694362 0.1875     0.1880597
 0.18562874 0.18618619 0.18674699 0.18731118 0.18787879 0.18844985
 0.18902439 0.18960245 0.19018405 0.19076923 0.1882716  0.18885449
 0.18944099 0.19003115 0.190625   0.19122257 0.1918239  0.19242902
 0.19303797 0.19047619 0.1910828  0.19169329 0.19230769 0.19292605
 0.19032258 0.19093851 0.19155844 0.18892508 0.18954248 0.19016393
 0.19078947 0.18811881 0.18874172 0.18936877 0.19       0.18729097
 0.18791946 0.18855219 0.18918919 0.18644068 0.18367347 0.18430034
 0.18493151 0.18556701 0.1862069  0.18685121 0.1875     0.18815331
 0.18881119 0.18947368 0.19014085 0.19081272 0.19148936 0.19217082
 0.19285714 0.19354839 0.1942446  0.19494585 0.19565217 0.19636364
 0.19708029 0.1978022  0.19485294 0.19557196 0.1962963  0.19702602
 0.19776119 0.19850187 0.19548872 0.19622642 0.1969697  0.19771863
 0.19847328 0.19923372 0.2        0.2007722  0.19767442 0.19844358
 0.19921875 0.2        0.2007874  0.20158103 0.20238095 0.20318725
 0.204      0.20481928 0.20564516 0.20647773 0.20731707 0.20816327
 0.20901639 0.20987654 0.2107438  0.20746888 0.20833333 0.20920502
 0.20588235 0.20675105 0.20762712 0.20851064 0.20512821 0.20600858
 0.20689655 0.20779221 0.20869565 0.20960699 0.21052632 0.21145374
 0.21238938 0.20888889 0.20982143 0.21076233 0.21171171 0.21266968
 0.21363636 0.21461187 0.21100917 0.21198157 0.21296296 0.21395349
 0.21495327 0.21596244 0.21698113 0.21800948 0.21904762 0.22009569
 0.22115385 0.22222222 0.22330097 0.22439024 0.2254902  0.22660099
 0.22772277 0.22885572 0.23       0.23115578 0.23232323 0.23350254
 0.22959184 0.22564103 0.22164948 0.21761658 0.21354167 0.21465969
 0.21578947 0.21693122 0.21808511 0.21925134 0.22043011 0.22162162
 0.2173913  0.21857923 0.21428571 0.20994475 0.21111111 0.2122905
 0.20786517 0.20903955 0.21022727 0.21142857 0.21264368 0.21387283
 0.21511628 0.21052632 0.21176471 0.21301775 0.21428571 0.21556886
 0.21686747 0.21818182 0.2195122  0.2208589  0.21604938 0.2173913
 0.21875    0.22012579 0.22151899 0.21656051 0.21153846 0.21290323
 0.20779221 0.20915033 0.21052632 0.21192053 0.21333333 0.2147651
 0.20945946 0.21088435 0.21232877 0.2137931  0.21527778 0.21678322
 0.21830986 0.21985816 0.21428571 0.21582734 0.2173913  0.2189781
 0.22058824 0.22222222 0.2238806  0.22556391 0.22727273 0.22137405
 0.22307692 0.2248062  0.2265625  0.22834646 0.22222222 0.216
 0.21774194 0.2195122  0.22131148 0.2231405  0.21666667 0.21848739
 0.22033898 0.22222222 0.22413793 0.22608696 0.22807018 0.2300885
 0.23214286 0.23423423 0.23636364 0.23853211 0.23148148 0.23364486
 0.23584906 0.23809524 0.24038462 0.24271845 0.24509804 0.24752475
 0.25       0.25252525 0.25510204 0.24742268 0.25       0.25263158
 0.24468085 0.24731183 0.25       0.25274725 0.25555556 0.25842697
 0.26136364 0.25287356 0.25581395 0.25882353 0.26190476 0.25301205
 0.25609756 0.24691358 0.25       0.25316456 0.25641026 0.25974026
 0.26315789 0.26666667 0.27027027 0.2739726  0.27777778 0.28169014
 0.28571429 0.27536232 0.27941176 0.28358209 0.27272727 0.26153846
 0.265625   0.26984127 0.27419355 0.27868852 0.28333333 0.27118644
 0.27586207 0.28070175 0.28571429 0.29090909 0.27777778 0.28301887
 0.28846154 0.29411765 0.28       0.28571429 0.29166667 0.27659574
 0.2826087  0.26666667 0.27272727 0.27906977 0.26190476 0.24390244
 0.25       0.23076923 0.23684211 0.24324324 0.22222222 0.22857143
 0.23529412 0.24242424 0.25       0.22580645 0.23333333 0.24137931
 0.25       0.22222222 0.23076923 0.24       0.25       0.26086957
 0.27272727 0.28571429 0.3        0.31578947 0.33333333 0.35294118
 0.375      0.4        0.42857143 0.38461538 0.41666667 0.45454545
 0.5        0.55555556 0.5        0.42857143 0.33333333 0.4
 0.5        0.33333333 0.         0.         1.        ]","[1.         1.         0.99295775 0.99295775 0.98591549 0.98591549
 0.98591549 0.97887324 0.97887324 0.97887324 0.97183099 0.97183099
 0.96478873 0.96478873 0.96478873 0.96478873 0.96478873 0.96478873
 0.96478873 0.96478873 0.96478873 0.96478873 0.96478873 0.96478873
 0.96478873 0.96478873 0.96478873 0.95774648 0.95774648 0.95774648
 0.95774648 0.95774648 0.95774648 0.95070423 0.95070423 0.94366197
 0.94366197 0.94366197 0.94366197 0.93661972 0.93661972 0.93661972
 0.93661972 0.93661972 0.93661972 0.93661972 0.92957746 0.92253521
 0.92253521 0.92253521 0.92253521 0.92253521 0.92253521 0.91549296
 0.91549296 0.91549296 0.91549296 0.91549296 0.91549296 0.91549296
 0.91549296 0.91549296 0.91549296 0.9084507  0.9084507  0.9084507
 0.9084507  0.9084507  0.9084507  0.9084507  0.9084507  0.9084507
 0.9084507  0.9084507  0.9084507  0.9084507  0.9084507  0.9084507
 0.9084507  0.9084507  0.9084507  0.9084507  0.9084507  0.9084507
 0.9084507  0.9084507  0.9084507  0.9084507  0.9084507  0.9084507
 0.9084507  0.9084507  0.9084507  0.9084507  0.90140845 0.90140845
 0.90140845 0.90140845 0.90140845 0.90140845 0.90140845 0.8943662
 0.8943662  0.8943662  0.8943662  0.8943662  0.8943662  0.8943662
 0.8943662  0.8943662  0.8943662  0.8943662  0.8943662  0.8943662
 0.8943662  0.8943662  0.8943662  0.8943662  0.8943662  0.8943662
 0.8943662  0.8943662  0.8943662  0.8943662  0.8943662  0.8943662
 0.88732394 0.88732394 0.88732394 0.88732394 0.88732394 0.88732394
 0.88732394 0.88028169 0.88028169 0.88028169 0.88028169 0.88028169
 0.87323944 0.87323944 0.87323944 0.87323944 0.87323944 0.87323944
 0.87323944 0.87323944 0.87323944 0.87323944 0.87323944 0.87323944
 0.87323944 0.87323944 0.87323944 0.87323944 0.87323944 0.87323944
 0.87323944 0.87323944 0.87323944 0.87323944 0.87323944 0.87323944
 0.87323944 0.87323944 0.87323944 0.87323944 0.87323944 0.87323944
 0.87323944 0.87323944 0.87323944 0.87323944 0.87323944 0.87323944
 0.87323944 0.87323944 0.87323944 0.87323944 0.87323944 0.87323944
 0.87323944 0.87323944 0.87323944 0.87323944 0.87323944 0.87323944
 0.87323944 0.87323944 0.87323944 0.87323944 0.87323944 0.87323944
 0.87323944 0.87323944 0.87323944 0.87323944 0.87323944 0.87323944
 0.87323944 0.86619718 0.85915493 0.85915493 0.85211268 0.85211268
 0.85211268 0.84507042 0.84507042 0.84507042 0.84507042 0.83802817
 0.83802817 0.83802817 0.83802817 0.83802817 0.83802817 0.83802817
 0.83802817 0.83098592 0.82394366 0.82394366 0.82394366 0.82394366
 0.82394366 0.82394366 0.82394366 0.82394366 0.82394366 0.82394366
 0.82394366 0.82394366 0.82394366 0.82394366 0.82394366 0.82394366
 0.81690141 0.81690141 0.81690141 0.81690141 0.81690141 0.81690141
 0.81690141 0.81690141 0.81690141 0.81690141 0.80985915 0.80985915
 0.80985915 0.8028169  0.79577465 0.79577465 0.79577465 0.79577465
 0.79577465 0.79577465 0.79577465 0.79577465 0.79577465 0.79577465
 0.79577465 0.79577465 0.79577465 0.79577465 0.79577465 0.79577465
 0.79577465 0.79577465 0.79577465 0.79577465 0.79577465 0.79577465
 0.79577465 0.79577465 0.79577465 0.79577465 0.78873239 0.78873239
 0.78873239 0.78873239 0.78873239 0.78873239 0.78873239 0.78873239
 0.78873239 0.78873239 0.78873239 0.78873239 0.78873239 0.78873239
 0.78873239 0.78169014 0.78169014 0.78169014 0.77464789 0.77464789
 0.77464789 0.77464789 0.77464789 0.77464789 0.77464789 0.76760563
 0.76056338 0.75352113 0.75352113 0.75352113 0.75352113 0.74647887
 0.74647887 0.74647887 0.74647887 0.74647887 0.73943662 0.73943662
 0.73943662 0.73943662 0.73943662 0.73943662 0.73943662 0.73943662
 0.73943662 0.73943662 0.73943662 0.73943662 0.73943662 0.73943662
 0.73943662 0.73943662 0.73943662 0.73943662 0.73943662 0.73943662
 0.73943662 0.73943662 0.73943662 0.73943662 0.73943662 0.73943662
 0.73943662 0.73943662 0.73943662 0.73943662 0.73943662 0.73943662
 0.73943662 0.73943662 0.73943662 0.73943662 0.73943662 0.73943662
 0.73943662 0.73943662 0.73943662 0.73943662 0.73943662 0.73943662
 0.73943662 0.73943662 0.73943662 0.73943662 0.73943662 0.73943662
 0.73943662 0.73943662 0.73943662 0.73943662 0.73239437 0.73239437
 0.73239437 0.73239437 0.73239437 0.73239437 0.72535211 0.71830986
 0.71830986 0.71830986 0.71830986 0.71830986 0.71126761 0.71126761
 0.71126761 0.70422535 0.6971831  0.6971831  0.6971831  0.69014085
 0.69014085 0.69014085 0.69014085 0.69014085 0.69014085 0.69014085
 0.69014085 0.69014085 0.69014085 0.69014085 0.69014085 0.69014085
 0.69014085 0.69014085 0.69014085 0.69014085 0.69014085 0.69014085
 0.69014085 0.68309859 0.68309859 0.68309859 0.68309859 0.68309859
 0.68309859 0.68309859 0.67605634 0.67605634 0.67605634 0.67605634
 0.67605634 0.67605634 0.67605634 0.66901408 0.66901408 0.66901408
 0.66901408 0.66901408 0.66901408 0.66901408 0.66901408 0.66197183
 0.66197183 0.65492958 0.64788732 0.64788732 0.64084507 0.64084507
 0.64084507 0.64084507 0.64084507 0.63380282 0.63380282 0.62676056
 0.61971831 0.61971831 0.61971831 0.61971831 0.61971831 0.61971831
 0.61267606 0.61267606 0.6056338  0.59859155 0.59859155 0.59859155
 0.59859155 0.59859155 0.59859155 0.59859155 0.59859155 0.59859155
 0.59859155 0.59859155 0.59859155 0.5915493  0.58450704 0.58450704
 0.58450704 0.58450704 0.58450704 0.58450704 0.58450704 0.58450704
 0.58450704 0.57746479 0.57746479 0.57746479 0.57746479 0.57746479
 0.57746479 0.57746479 0.57042254 0.57042254 0.57042254 0.57042254
 0.57042254 0.57042254 0.57042254 0.57042254 0.57042254 0.57042254
 0.57042254 0.57042254 0.57042254 0.57042254 0.57042254 0.57042254
 0.57042254 0.57042254 0.57042254 0.57042254 0.57042254 0.56338028
 0.55633803 0.55633803 0.55633803 0.55633803 0.55633803 0.55633803
 0.55633803 0.55633803 0.55633803 0.55633803 0.55633803 0.55633803
 0.55633803 0.55633803 0.55633803 0.55633803 0.55633803 0.55633803
 0.55633803 0.55633803 0.55633803 0.55633803 0.55633803 0.54929577
 0.54225352 0.54225352 0.54225352 0.54225352 0.54225352 0.54225352
 0.54225352 0.54225352 0.54225352 0.54225352 0.54225352 0.54225352
 0.54225352 0.53521127 0.53521127 0.53521127 0.53521127 0.53521127
 0.53521127 0.53521127 0.52816901 0.52816901 0.52816901 0.52816901
 0.52816901 0.52816901 0.52816901 0.52816901 0.52816901 0.52816901
 0.52816901 0.52816901 0.52816901 0.52816901 0.52816901 0.52816901
 0.52816901 0.52112676 0.52112676 0.52112676 0.52112676 0.52112676
 0.52112676 0.51408451 0.51408451 0.51408451 0.51408451 0.50704225
 0.50704225 0.50704225 0.50704225 0.50704225 0.50704225 0.50704225
 0.50704225 0.5        0.5        0.5        0.5        0.5
 0.5        0.5        0.5        0.5        0.5        0.5
 0.5        0.5        0.5        0.5        0.5        0.5
 0.5        0.5        0.5        0.5        0.5        0.5
 0.5        0.49295775 0.49295775 0.49295775 0.49295775 0.49295775
 0.49295775 0.49295775 0.49295775 0.49295775 0.49295775 0.48591549
 0.48591549 0.47887324 0.47183099 0.46478873 0.46478873 0.46478873
 0.45774648 0.45774648 0.45070423 0.45070423 0.45070423 0.45070423
 0.45070423 0.44366197 0.44366197 0.44366197 0.44366197 0.44366197
 0.43661972 0.43661972 0.43661972 0.43661972 0.43661972 0.43661972
 0.43661972 0.43661972 0.43661972 0.43661972 0.42957746 0.42957746
 0.42957746 0.42957746 0.42957746 0.42957746 0.42957746 0.42957746
 0.42957746 0.42253521 0.42253521 0.42253521 0.42253521 0.42253521
 0.41549296 0.41549296 0.41549296 0.4084507  0.4084507  0.4084507
 0.4084507  0.40140845 0.40140845 0.40140845 0.40140845 0.3943662
 0.3943662  0.3943662  0.3943662  0.38732394 0.38028169 0.38028169
 0.38028169 0.38028169 0.38028169 0.38028169 0.38028169 0.38028169
 0.38028169 0.38028169 0.38028169 0.38028169 0.38028169 0.38028169
 0.38028169 0.38028169 0.38028169 0.38028169 0.38028169 0.38028169
 0.38028169 0.38028169 0.37323944 0.37323944 0.37323944 0.37323944
 0.37323944 0.37323944 0.36619718 0.36619718 0.36619718 0.36619718
 0.36619718 0.36619718 0.36619718 0.36619718 0.35915493 0.35915493
 0.35915493 0.35915493 0.35915493 0.35915493 0.35915493 0.35915493
 0.35915493 0.35915493 0.35915493 0.35915493 0.35915493 0.35915493
 0.35915493 0.35915493 0.35915493 0.35211268 0.35211268 0.35211268
 0.34507042 0.34507042 0.34507042 0.34507042 0.33802817 0.33802817
 0.33802817 0.33802817 0.33802817 0.33802817 0.33802817 0.33802817
 0.33802817 0.33098592 0.33098592 0.33098592 0.33098592 0.33098592
 0.33098592 0.33098592 0.32394366 0.32394366 0.32394366 0.32394366
 0.32394366 0.32394366 0.32394366 0.32394366 0.32394366 0.32394366
 0.32394366 0.32394366 0.32394366 0.32394366 0.32394366 0.32394366
 0.32394366 0.32394366 0.32394366 0.32394366 0.32394366 0.32394366
 0.31690141 0.30985915 0.3028169  0.29577465 0.28873239 0.28873239
 0.28873239 0.28873239 0.28873239 0.28873239 0.28873239 0.28873239
 0.28169014 0.28169014 0.27464789 0.26760563 0.26760563 0.26760563
 0.26056338 0.26056338 0.26056338 0.26056338 0.26056338 0.26056338
 0.26056338 0.25352113 0.25352113 0.25352113 0.25352113 0.25352113
 0.25352113 0.25352113 0.25352113 0.25352113 0.24647887 0.24647887
 0.24647887 0.24647887 0.24647887 0.23943662 0.23239437 0.23239437
 0.22535211 0.22535211 0.22535211 0.22535211 0.22535211 0.22535211
 0.21830986 0.21830986 0.21830986 0.21830986 0.21830986 0.21830986
 0.21830986 0.21830986 0.21126761 0.21126761 0.21126761 0.21126761
 0.21126761 0.21126761 0.21126761 0.21126761 0.21126761 0.20422535
 0.20422535 0.20422535 0.20422535 0.20422535 0.1971831  0.19014085
 0.19014085 0.19014085 0.19014085 0.19014085 0.18309859 0.18309859
 0.18309859 0.18309859 0.18309859 0.18309859 0.18309859 0.18309859
 0.18309859 0.18309859 0.18309859 0.18309859 0.17605634 0.17605634
 0.17605634 0.17605634 0.17605634 0.17605634 0.17605634 0.17605634
 0.17605634 0.17605634 0.17605634 0.16901408 0.16901408 0.16901408
 0.16197183 0.16197183 0.16197183 0.16197183 0.16197183 0.16197183
 0.16197183 0.15492958 0.15492958 0.15492958 0.15492958 0.14788732
 0.14788732 0.14084507 0.14084507 0.14084507 0.14084507 0.14084507
 0.14084507 0.14084507 0.14084507 0.14084507 0.14084507 0.14084507
 0.14084507 0.13380282 0.13380282 0.13380282 0.12676056 0.11971831
 0.11971831 0.11971831 0.11971831 0.11971831 0.11971831 0.11267606
 0.11267606 0.11267606 0.11267606 0.11267606 0.1056338  0.1056338
 0.1056338  0.1056338  0.09859155 0.09859155 0.09859155 0.0915493
 0.0915493  0.08450704 0.08450704 0.08450704 0.07746479 0.07042254
 0.07042254 0.06338028 0.06338028 0.06338028 0.05633803 0.05633803
 0.05633803 0.05633803 0.05633803 0.04929577 0.04929577 0.04929577
 0.04929577 0.04225352 0.04225352 0.04225352 0.04225352 0.04225352
 0.04225352 0.04225352 0.04225352 0.04225352 0.04225352 0.04225352
 0.04225352 0.04225352 0.04225352 0.03521127 0.03521127 0.03521127
 0.03521127 0.03521127 0.02816901 0.02112676 0.01408451 0.01408451
 0.01408451 0.00704225 0.         0.         0.        ]","[7.67504512e-11 7.01033080e-08 1.05685585e-07 1.47897285e-07
 3.81942099e-07 6.79467574e-07 8.20350989e-07 8.43541521e-07
 9.54567442e-07 1.03329852e-06 1.03353597e-06 1.06819078e-06
 1.57486135e-06 2.36175559e-06 2.67583627e-06 2.90045102e-06
 2.99252111e-06 3.75090540e-06 3.97243589e-06 4.39552079e-06
 4.58310219e-06 5.36868121e-06 6.00577787e-06 6.63885804e-06
 7.29403623e-06 8.06755124e-06 9.41100369e-06 9.67970499e-06
 1.00871915e-05 1.15606069e-05 1.23970290e-05 1.24304506e-05
 1.33069488e-05 1.34013149e-05 1.40911960e-05 1.46872559e-05
 1.63560486e-05 1.69267925e-05 1.80164689e-05 1.92303989e-05
 1.93457856e-05 2.01636116e-05 2.44877688e-05 2.58066009e-05
 3.27022604e-05 3.27262816e-05 4.46645624e-05 4.77648002e-05
 4.91729829e-05 5.08164282e-05 5.47417911e-05 5.54738971e-05
 5.60992747e-05 5.61379096e-05 5.74752379e-05 5.76667679e-05
 5.82769516e-05 6.18433124e-05 6.22983834e-05 6.26079873e-05
 8.10077295e-05 8.46752358e-05 8.88198082e-05 8.90185078e-05
 9.65343449e-05 9.70462498e-05 1.00096508e-04 1.06125737e-04
 1.06590110e-04 1.07191842e-04 1.12212007e-04 1.13067784e-04
 1.15874652e-04 1.20211115e-04 1.27746908e-04 1.28384470e-04
 1.28902191e-04 1.31196821e-04 1.37275593e-04 1.42678939e-04
 1.45571576e-04 1.46419605e-04 1.54605941e-04 1.55232300e-04
 1.58518488e-04 1.67286500e-04 1.75999797e-04 1.78164001e-04
 1.80095574e-04 1.81390393e-04 1.94258175e-04 1.96487077e-04
 2.00311215e-04 2.17455351e-04 2.19691236e-04 2.31780260e-04
 2.37196830e-04 2.43496614e-04 2.44135568e-04 2.49472697e-04
 2.49643798e-04 2.52811889e-04 2.57080782e-04 2.63030941e-04
 2.68608711e-04 2.68768766e-04 2.69893269e-04 2.81420480e-04
 2.81948857e-04 2.92109841e-04 3.02553138e-04 3.06557207e-04
 3.13784326e-04 3.15199311e-04 3.16007039e-04 3.16326618e-04
 3.20568207e-04 3.26311695e-04 3.41532849e-04 3.50875790e-04
 3.57667852e-04 3.61438950e-04 3.63482100e-04 3.67597473e-04
 3.84343474e-04 3.91970762e-04 4.06458549e-04 4.22294167e-04
 4.26281149e-04 4.26956264e-04 4.28095546e-04 4.28257477e-04
 4.34405817e-04 4.51495560e-04 4.71371768e-04 4.75136696e-04
 4.76907200e-04 4.95061276e-04 4.95702259e-04 5.18782439e-04
 5.43321412e-04 5.44707920e-04 5.45888078e-04 5.49850981e-04
 5.57268816e-04 5.81600770e-04 6.08154096e-04 6.25493312e-04
 6.27331645e-04 6.67667803e-04 6.77960596e-04 6.78070246e-04
 6.82476360e-04 6.85139330e-04 6.99282967e-04 7.13378964e-04
 7.16036467e-04 7.20775218e-04 7.25585164e-04 7.31232848e-04
 7.49328802e-04 7.70669275e-04 7.77084239e-04 7.81506699e-04
 7.92804642e-04 8.39053871e-04 8.49944424e-04 8.85685379e-04
 8.90293253e-04 9.11707096e-04 9.12089758e-04 9.13103097e-04
 9.13237564e-04 9.13567064e-04 9.24503562e-04 9.28008990e-04
 9.54548313e-04 9.71730838e-04 9.75735366e-04 9.80059850e-04
 1.00406171e-03 1.00491695e-03 1.02808779e-03 1.04265552e-03
 1.04327017e-03 1.06130660e-03 1.06502915e-03 1.07534296e-03
 1.07867375e-03 1.08410991e-03 1.08974755e-03 1.11599772e-03
 1.12283400e-03 1.14879673e-03 1.17003549e-03 1.18789577e-03
 1.19081766e-03 1.21043149e-03 1.22915111e-03 1.23744202e-03
 1.24463969e-03 1.27238240e-03 1.28448497e-03 1.33446914e-03
 1.37930634e-03 1.41270238e-03 1.41720464e-03 1.48821181e-03
 1.51816037e-03 1.52971001e-03 1.55635828e-03 1.56123220e-03
 1.57162046e-03 1.60876849e-03 1.67631992e-03 1.68238542e-03
 1.68715339e-03 1.70272898e-03 1.71975084e-03 1.72758384e-03
 1.73650081e-03 1.75679439e-03 1.77776955e-03 1.78336970e-03
 1.79439704e-03 1.80533189e-03 1.84267333e-03 1.85780264e-03
 1.86699795e-03 1.87154292e-03 1.87879575e-03 1.93040589e-03
 1.93060773e-03 1.97210616e-03 1.99856044e-03 2.01021473e-03
 2.06156321e-03 2.09438215e-03 2.12091392e-03 2.14613595e-03
 2.15729372e-03 2.20336861e-03 2.21238326e-03 2.22093433e-03
 2.22417840e-03 2.23953288e-03 2.25185375e-03 2.25538826e-03
 2.25808759e-03 2.27710100e-03 2.28225455e-03 2.28266112e-03
 2.29908656e-03 2.30018155e-03 2.31778776e-03 2.33856851e-03
 2.33944975e-03 2.37266010e-03 2.41021921e-03 2.47881496e-03
 2.49737815e-03 2.55650105e-03 2.55660626e-03 2.57103737e-03
 2.58963912e-03 2.60743947e-03 2.70529108e-03 2.70723353e-03
 2.75823823e-03 2.86034396e-03 2.88805743e-03 2.89445363e-03
 2.93071575e-03 2.98922431e-03 3.00034692e-03 3.03688423e-03
 3.05798630e-03 3.08047831e-03 3.11576754e-03 3.13874274e-03
 3.15630762e-03 3.16939492e-03 3.28817983e-03 3.40622801e-03
 3.41203367e-03 3.41276466e-03 3.41639861e-03 3.41703384e-03
 3.56218234e-03 3.57933631e-03 3.58594983e-03 3.63129227e-03
 3.67522102e-03 3.67776625e-03 3.71085464e-03 3.76550834e-03
 3.79658458e-03 3.80975875e-03 3.86163384e-03 3.87827688e-03
 4.02795289e-03 4.06936846e-03 4.10609576e-03 4.14017176e-03
 4.16521964e-03 4.20569673e-03 4.30569879e-03 4.30849321e-03
 4.36799960e-03 4.37000619e-03 4.43386463e-03 4.44108603e-03
 4.49569826e-03 4.50429643e-03 4.50541483e-03 4.51503928e-03
 4.52546468e-03 4.55697184e-03 4.61874003e-03 4.62227899e-03
 4.68844163e-03 4.69171277e-03 4.77147430e-03 4.77506572e-03
 4.97535506e-03 4.98473743e-03 4.98890915e-03 5.13764993e-03
 5.16734641e-03 5.24080864e-03 5.24930067e-03 5.24954521e-03
 5.25833867e-03 5.27188080e-03 5.27640559e-03 5.31120585e-03
 5.40928580e-03 5.41743085e-03 5.45465001e-03 5.46314585e-03
 5.58740774e-03 5.58837277e-03 5.60749563e-03 5.63283622e-03
 5.67344744e-03 5.69892176e-03 5.76051532e-03 5.78474187e-03
 5.79086643e-03 5.89949441e-03 6.03936274e-03 6.05449139e-03
 6.08870867e-03 6.09840703e-03 6.17557387e-03 6.21805664e-03
 6.23380340e-03 6.31874407e-03 6.45321469e-03 6.48180875e-03
 6.49610062e-03 6.74580714e-03 6.75209567e-03 6.94117023e-03
 7.13183338e-03 7.28160835e-03 7.34174584e-03 7.41636975e-03
 7.55038851e-03 7.57247342e-03 7.59354224e-03 7.77214266e-03
 7.92140556e-03 7.96352475e-03 8.12468727e-03 8.43102030e-03
 8.43202150e-03 8.44043354e-03 8.50470605e-03 8.54599229e-03
 8.56218291e-03 8.67995104e-03 8.91589811e-03 8.93724446e-03
 9.17709405e-03 9.25563215e-03 9.68102569e-03 9.96985836e-03
 9.97536889e-03 1.02358056e-02 1.02371479e-02 1.08877335e-02
 1.09148362e-02 1.13653190e-02 1.14430226e-02 1.16718754e-02
 1.18211596e-02 1.20948859e-02 1.22417476e-02 1.22621883e-02
 1.22961756e-02 1.25904655e-02 1.26442309e-02 1.26892032e-02
 1.27991685e-02 1.28933944e-02 1.32399123e-02 1.33221386e-02
 1.33606706e-02 1.33657244e-02 1.33770579e-02 1.40520990e-02
 1.41321253e-02 1.41355913e-02 1.44958154e-02 1.45382272e-02
 1.45948937e-02 1.51168483e-02 1.52431443e-02 1.52433795e-02
 1.52557554e-02 1.52660744e-02 1.52861224e-02 1.53740416e-02
 1.54075253e-02 1.55188983e-02 1.56664932e-02 1.60902225e-02
 1.60960754e-02 1.63548415e-02 1.65346980e-02 1.66310810e-02
 1.71567505e-02 1.75669879e-02 1.77324035e-02 1.77711539e-02
 1.78665456e-02 1.78841255e-02 1.82733611e-02 1.83883894e-02
 1.85220692e-02 1.86007341e-02 1.88681146e-02 1.92733129e-02
 1.95188550e-02 1.95770479e-02 1.96961643e-02 1.98005030e-02
 2.00073062e-02 2.01408792e-02 2.02847672e-02 2.03593910e-02
 2.09940955e-02 2.10928664e-02 2.11459432e-02 2.14204722e-02
 2.18079480e-02 2.18416964e-02 2.21883932e-02 2.26280262e-02
 2.26725554e-02 2.32769253e-02 2.35573081e-02 2.39443407e-02
 2.40529966e-02 2.40619689e-02 2.42034845e-02 2.44181941e-02
 2.47313050e-02 2.49175893e-02 2.51830787e-02 2.52011055e-02
 2.57384434e-02 2.58387923e-02 2.63991446e-02 2.70349365e-02
 2.70985434e-02 2.73957312e-02 2.80928320e-02 2.84528949e-02
 2.86138343e-02 2.86143768e-02 2.91304541e-02 2.92191730e-02
 2.95282424e-02 2.98532613e-02 3.08033366e-02 3.13579622e-02
 3.19487441e-02 3.21972771e-02 3.24395435e-02 3.30447700e-02
 3.33123711e-02 3.34391157e-02 3.37052953e-02 3.43857811e-02
 3.55591014e-02 3.60909647e-02 3.64745132e-02 3.75064149e-02
 3.75208512e-02 3.78928314e-02 3.79568614e-02 3.84062201e-02
 3.90611610e-02 3.92037544e-02 3.98758574e-02 4.00156189e-02
 4.04399774e-02 4.06427732e-02 4.11109542e-02 4.16598602e-02
 4.20834890e-02 4.25823149e-02 4.35148524e-02 4.35391129e-02
 4.40104428e-02 4.40937289e-02 4.42273933e-02 4.43900612e-02
 4.44944084e-02 4.45044211e-02 4.45054327e-02 4.47195642e-02
 4.58413833e-02 4.69896114e-02 4.74918895e-02 4.75262948e-02
 4.75952034e-02 4.81395509e-02 4.82568770e-02 4.95783324e-02
 4.98791726e-02 5.10528324e-02 5.20730881e-02 5.24444648e-02
 5.25667329e-02 5.32354777e-02 5.36940797e-02 5.40523726e-02
 5.40874731e-02 5.51316073e-02 5.53616180e-02 5.58737552e-02
 5.63133892e-02 5.74846811e-02 5.99350141e-02 6.02273327e-02
 6.03594494e-02 6.13998556e-02 6.15480478e-02 6.15598484e-02
 6.45826894e-02 6.50105446e-02 6.52213142e-02 6.55185321e-02
 6.65506540e-02 6.67516407e-02 6.75902434e-02 6.76268094e-02
 6.76480714e-02 6.83436415e-02 6.86972328e-02 7.00058158e-02
 7.00293717e-02 7.01905558e-02 7.05642374e-02 7.09177947e-02
 7.20119315e-02 7.22458889e-02 7.35422025e-02 7.40709023e-02
 7.40821188e-02 7.46303852e-02 7.61548188e-02 7.74343420e-02
 7.79441404e-02 7.91933850e-02 7.95095729e-02 7.96128681e-02
 8.13127546e-02 8.25599373e-02 8.29677623e-02 8.39378049e-02
 8.42515030e-02 8.45745816e-02 8.52321520e-02 8.69954296e-02
 8.71313362e-02 8.73268100e-02 8.77439404e-02 8.77602889e-02
 8.85403664e-02 8.85438384e-02 8.89196314e-02 8.94214763e-02
 9.15137399e-02 9.18790796e-02 9.27767983e-02 9.41953285e-02
 9.50839649e-02 9.87086780e-02 1.00676961e-01 1.00766857e-01
 1.00814391e-01 1.01971863e-01 1.03419277e-01 1.03422185e-01
 1.04034386e-01 1.04645627e-01 1.05085260e-01 1.07891418e-01
 1.07921568e-01 1.08982803e-01 1.10102174e-01 1.10529220e-01
 1.11096548e-01 1.11924621e-01 1.12190928e-01 1.14212515e-01
 1.14355428e-01 1.14978692e-01 1.16616408e-01 1.16817437e-01
 1.18519292e-01 1.19040540e-01 1.19841318e-01 1.22492363e-01
 1.23941017e-01 1.24329138e-01 1.24342877e-01 1.25975510e-01
 1.28701254e-01 1.29499325e-01 1.31524278e-01 1.32953106e-01
 1.34166573e-01 1.35281167e-01 1.35281760e-01 1.36856352e-01
 1.37797933e-01 1.38170188e-01 1.38459619e-01 1.39962635e-01
 1.42287922e-01 1.42918146e-01 1.43323094e-01 1.44611075e-01
 1.45203535e-01 1.46405382e-01 1.46759194e-01 1.47302391e-01
 1.48120730e-01 1.48270454e-01 1.48283692e-01 1.50095281e-01
 1.50176043e-01 1.51980359e-01 1.52809458e-01 1.54043700e-01
 1.54327645e-01 1.56704774e-01 1.57280348e-01 1.57595920e-01
 1.57854527e-01 1.63127909e-01 1.65975967e-01 1.67884426e-01
 1.68729849e-01 1.70478057e-01 1.70712378e-01 1.70821216e-01
 1.71256864e-01 1.73427392e-01 1.76706805e-01 1.77688162e-01
 1.77782770e-01 1.80642560e-01 1.82318852e-01 1.82527633e-01
 1.83703686e-01 1.83934555e-01 1.84508340e-01 1.86582062e-01
 1.87480454e-01 1.91149758e-01 1.91596337e-01 1.95569992e-01
 1.96002377e-01 1.96793415e-01 1.96981587e-01 1.97372509e-01
 2.00303439e-01 2.04050428e-01 2.05218768e-01 2.05838895e-01
 2.08132524e-01 2.08610582e-01 2.12691389e-01 2.13404724e-01
 2.14121947e-01 2.15743238e-01 2.17085981e-01 2.17662390e-01
 2.21361698e-01 2.22027061e-01 2.22905458e-01 2.25367362e-01
 2.27550069e-01 2.27917240e-01 2.29486983e-01 2.30633062e-01
 2.32494221e-01 2.32628277e-01 2.32666383e-01 2.33564319e-01
 2.35784400e-01 2.35945596e-01 2.36937025e-01 2.36982883e-01
 2.41042070e-01 2.42126275e-01 2.43170672e-01 2.48468359e-01
 2.49452097e-01 2.49581680e-01 2.49895213e-01 2.55846078e-01
 2.57013698e-01 2.60401719e-01 2.62206008e-01 2.62272738e-01
 2.64086847e-01 2.64885702e-01 2.65203018e-01 2.67218653e-01
 2.67938137e-01 2.69037023e-01 2.70023168e-01 2.71379665e-01
 2.74601753e-01 2.75123617e-01 2.75177771e-01 2.78859329e-01
 2.79460534e-01 2.79990064e-01 2.80966649e-01 2.89135985e-01
 2.92067391e-01 2.94938925e-01 2.97940113e-01 3.04245095e-01
 3.04388809e-01 3.05001004e-01 3.11339103e-01 3.11555469e-01
 3.12853006e-01 3.17437289e-01 3.24694149e-01 3.25531229e-01
 3.27254563e-01 3.27538616e-01 3.32113913e-01 3.48726750e-01
 3.49719167e-01 3.50337622e-01 3.51964929e-01 3.55332942e-01
 3.58798168e-01 3.61050020e-01 3.61485644e-01 3.64233263e-01
 3.65664127e-01 3.66567232e-01 3.70775704e-01 3.71476361e-01
 3.72396240e-01 3.76007040e-01 3.76851638e-01 3.79373288e-01
 3.88515697e-01 3.90121278e-01 3.94535974e-01 4.01778689e-01
 4.05589045e-01 4.09553859e-01 4.10552646e-01 4.14275404e-01
 4.22784549e-01 4.22981193e-01 4.36705015e-01 4.37909092e-01
 4.43277612e-01 4.43552304e-01 4.52611500e-01 4.62369966e-01
 4.65688330e-01 4.66441945e-01 4.67134750e-01 4.70772426e-01
 4.80753616e-01 4.83097751e-01 4.85721579e-01 4.96734678e-01
 5.03674054e-01 5.04596037e-01 5.16200402e-01 5.18684707e-01
 5.27156295e-01 5.31136142e-01 5.39374012e-01 5.39429284e-01
 5.41612640e-01 5.44335305e-01 5.45806508e-01 5.50449106e-01
 5.51386475e-01 5.60307414e-01 5.64981008e-01 5.67053358e-01
 5.67740644e-01 5.77047904e-01 5.79138761e-01 5.85788658e-01
 5.87397164e-01 5.90352312e-01 5.91211192e-01 5.92961322e-01
 5.97736699e-01 6.02913440e-01 6.04291484e-01 6.07023525e-01
 6.18375693e-01 6.30417719e-01 6.30857818e-01 6.31240825e-01
 6.32175161e-01 6.36150225e-01 6.37633556e-01 6.38537771e-01
 6.40745010e-01 6.42738929e-01 6.50746330e-01 6.55160390e-01
 6.63386109e-01 6.63426887e-01 6.65772305e-01 6.66323086e-01
 6.83000100e-01 6.86488635e-01 6.87067789e-01 6.95124141e-01
 6.99662547e-01 7.00844060e-01 7.14832573e-01 7.29264693e-01
 7.36741666e-01 7.36967071e-01 7.37464159e-01 7.41146019e-01
 7.46492200e-01 7.51108416e-01 7.52118370e-01 7.59622235e-01
 7.61628960e-01 7.70743762e-01 7.72053716e-01 7.74654543e-01
 7.75659703e-01 7.78820179e-01 7.80167137e-01 7.86200653e-01
 7.86318847e-01 7.88308462e-01 7.92962916e-01 8.03196301e-01
 8.11853268e-01 8.13877159e-01 8.19023314e-01 8.23385271e-01
 8.26889377e-01 8.27446289e-01 8.32165856e-01 8.33116761e-01
 8.39634697e-01 8.46823891e-01 8.50847351e-01 8.52105191e-01
 8.54542836e-01 8.55951503e-01 8.60424340e-01 8.64404411e-01
 8.64596833e-01 8.67057777e-01 8.67665776e-01 8.70712981e-01
 8.75663076e-01 8.75726257e-01 8.84592093e-01 8.90735360e-01
 8.92115382e-01 8.95738278e-01 8.95877301e-01 8.96475320e-01
 9.00040927e-01 9.05944257e-01 9.07185130e-01 9.13527054e-01
 9.15801730e-01 9.20304248e-01 9.20994866e-01 9.22743488e-01
 9.26617865e-01 9.32079261e-01 9.32947221e-01 9.33900755e-01
 9.34875657e-01 9.37841298e-01 9.38623316e-01 9.38721393e-01
 9.41521193e-01 9.43362889e-01 9.46716458e-01 9.49634870e-01
 9.50002226e-01 9.53403242e-01 9.56384775e-01 9.56570290e-01
 9.57660802e-01 9.62291184e-01 9.62371673e-01 9.64528793e-01
 9.66518864e-01 9.68149143e-01 9.68565740e-01 9.74544803e-01
 9.77358879e-01 9.80184865e-01 9.80960263e-01 9.81153266e-01
 9.85585705e-01 9.86045697e-01 9.86635751e-01 9.87058000e-01
 9.87210789e-01 9.87521631e-01 9.88014043e-01 9.89191482e-01
 9.89192623e-01 9.91279594e-01 9.91580691e-01 9.94220872e-01
 9.95515893e-01 9.95887083e-01 9.96415613e-01 9.96465217e-01
 9.99064075e-01 9.99156399e-01 9.99390161e-01 9.99636866e-01
 9.99868610e-01 9.99963332e-01 9.99991420e-01 9.99991572e-01]"
Hyperledger,is_change_text_num_words_10,Empty,[],0.8526970954356846,"[[822   0]
 [142   0]]","              precision    recall  f1-score   support

           0       0.85      1.00      0.92       822
           1       0.00      0.00      0.00       142

    accuracy                           0.85       964
   macro avg       0.43      0.50      0.46       964
weighted avg       0.73      0.85      0.78       964
",0.5736514522821576,0.14730290456431536,0.5,"0      0
1      0
2      0
3      0
4      0
      ..
959    0
960    0
961    0
962    0
963    0
Name: label_is_empty, Length: 964, dtype: int64",[0.1473029 1.       ],[1. 0.],[0.]
Hyperledger,is_change_text_num_words_10,Zero,[],0.8526970954356846,"[[822   0]
 [142   0]]","              precision    recall  f1-score   support

           0       0.85      1.00      0.92       822
           1       0.00      0.00      0.00       142

    accuracy                           0.85       964
   macro avg       0.43      0.50      0.46       964
weighted avg       0.73      0.85      0.78       964
",0.5736514522821576,0.14730290456431536,0.5,"0      0
1      0
2      0
3      0
4      0
      ..
959    0
960    0
961    0
962    0
963    0
Name: all, Length: 964, dtype: int64",[0.1473029 1.       ],[1. 0.],[0.]
Hyperledger,is_change_text_num_words_10,Random,[],0.5,"[[404 418]
 [ 64  78]]","              precision    recall  f1-score   support

           0       0.86      0.49      0.63       822
           1       0.16      0.55      0.24       142

    accuracy                           0.50       964
   macro avg       0.51      0.52      0.44       964
weighted avg       0.76      0.50      0.57       964
",0.16784558317650952,0.1705469433099092,0.5306963435111888,"0      0
1      1
2      1
3      1
4      0
      ..
959    0
960    0
961    1
962    1
963    1
Name: pred, Length: 964, dtype: int64","[0.1473029  0.14745587 0.14760915 0.14776275 0.14791667 0.14807091
 0.14822547 0.14838036 0.14853556 0.1486911  0.14779874 0.14795383
 0.14810924 0.14826498 0.14842105 0.14857745 0.14873418 0.14889124
 0.14904863 0.14920635 0.14936441 0.1495228  0.14968153 0.1498406
 0.14893617 0.14909478 0.14925373 0.14941302 0.14957265 0.14973262
 0.14989293 0.15005359 0.15021459 0.15037594 0.15053763 0.15069968
 0.15086207 0.15102481 0.15010799 0.15027027 0.1504329  0.15059588
 0.15075922 0.14983713 0.15       0.15016322 0.1503268  0.15049073
 0.15065502 0.15081967 0.15098468 0.15115005 0.15131579 0.15148189
 0.15164835 0.15181518 0.15198238 0.15104741 0.15121413 0.15138122
 0.15154867 0.15060908 0.15077605 0.1509434  0.15       0.15016685
 0.15033408 0.15050167 0.15066964 0.15083799 0.15100671 0.15117581
 0.15134529 0.15151515 0.15168539 0.15185602 0.15202703 0.15107103
 0.15124153 0.15141243 0.15158371 0.15175538 0.15192744 0.15209989
 0.15227273 0.15244596 0.15261959 0.15279361 0.15296804 0.15314286
 0.15331808 0.1534937  0.15366972 0.15384615 0.15402299 0.15304948
 0.15322581 0.15224913 0.15242494 0.15260116 0.15277778 0.15295481
 0.15313225 0.15214866 0.15232558 0.15250291 0.15268065 0.15285881
 0.15303738 0.15204678 0.15222482 0.15240328 0.15258216 0.15276146
 0.15294118 0.15312132 0.15330189 0.15348288 0.1536643  0.15384615
 0.15402844 0.15421115 0.1543943  0.15457788 0.15357143 0.15375447
 0.15393795 0.15412186 0.15430622 0.15329341 0.15347722 0.15366146
 0.15384615 0.15403129 0.15421687 0.1544029  0.15338164 0.15356711
 0.15375303 0.15393939 0.15412621 0.15431349 0.15450122 0.1546894
 0.15487805 0.15506716 0.15525672 0.15544676 0.15441176 0.15460123
 0.15479115 0.15498155 0.15517241 0.15536375 0.15555556 0.15451174
 0.15346535 0.15365551 0.15384615 0.15279503 0.15298507 0.15193026
 0.1521197  0.15230961 0.15125    0.1514393  0.15162907 0.15181932
 0.15201005 0.15220126 0.15239295 0.15258512 0.15277778 0.15297092
 0.15316456 0.15335868 0.1535533  0.15247776 0.15267176 0.15286624
 0.15306122 0.1532567  0.15345269 0.15364917 0.1525641  0.15275995
 0.1529563  0.15315315 0.15335052 0.15354839 0.15374677 0.15394567
 0.15414508 0.15434501 0.15454545 0.15474642 0.15494792 0.15514993
 0.15535248 0.15555556 0.15575916 0.1559633  0.15616798 0.15637319
 0.15657895 0.15678524 0.15699208 0.15719947 0.15740741 0.15761589
 0.15782493 0.15803453 0.15824468 0.15845539 0.15733333 0.15754339
 0.15775401 0.15796519 0.15817694 0.15838926 0.15860215 0.15881561
 0.15902965 0.15924426 0.15945946 0.15967524 0.1598916  0.16010855
 0.15896739 0.15918367 0.15940054 0.15961801 0.15846995 0.15868673
 0.15753425 0.15775034 0.15796703 0.15818432 0.1584022  0.15862069
 0.15883978 0.15905947 0.15927978 0.15950069 0.15972222 0.15994437
 0.16016713 0.16039052 0.16061453 0.16083916 0.16106443 0.16129032
 0.16011236 0.15893108 0.15774648 0.15796897 0.15819209 0.15841584
 0.1572238  0.15744681 0.15767045 0.15789474 0.15669516 0.15691869
 0.15714286 0.15736767 0.15759312 0.15781923 0.15804598 0.15827338
 0.15706052 0.15728716 0.15751445 0.1577424  0.15797101 0.15820029
 0.15843023 0.15866084 0.15889213 0.15912409 0.15789474 0.15812592
 0.1568915  0.15712188 0.15735294 0.15758468 0.15781711 0.15805022
 0.15828402 0.15703704 0.15727003 0.15750371 0.1577381  0.15797317
 0.15820896 0.15844544 0.15868263 0.15892054 0.15765766 0.15789474
 0.15813253 0.15837104 0.15861027 0.15885023 0.15909091 0.15933232
 0.15957447 0.15981735 0.16006098 0.16030534 0.16055046 0.16079632
 0.16104294 0.16129032 0.16153846 0.16178737 0.16203704 0.16074189
 0.15944272 0.15968992 0.15993789 0.16018663 0.16043614 0.16068643
 0.1609375  0.16118936 0.16144201 0.16169545 0.16194969 0.16220472
 0.16246057 0.16271722 0.16297468 0.16323296 0.16349206 0.16216216
 0.16242038 0.16267943 0.1629393  0.1632     0.16346154 0.16372392
 0.16398714 0.16425121 0.16451613 0.1631664  0.1618123  0.16207455
 0.16233766 0.16260163 0.16123779 0.16150082 0.16176471 0.16202946
 0.16229508 0.16256158 0.16118421 0.15980231 0.16006601 0.16033058
 0.16059603 0.16086235 0.16112957 0.16139767 0.16166667 0.16193656
 0.16220736 0.16247906 0.16275168 0.16302521 0.16329966 0.16357504
 0.16216216 0.16243655 0.16101695 0.16129032 0.16156463 0.16183986
 0.16211604 0.16068376 0.1609589  0.16123499 0.15979381 0.15834768
 0.15862069 0.15889465 0.15916955 0.15944541 0.15972222 0.16
 0.16027875 0.16055846 0.16083916 0.15936953 0.15964912 0.15817223
 0.1584507  0.15873016 0.1590106  0.15929204 0.15957447 0.1598579
 0.16014235 0.16042781 0.16071429 0.16100179 0.16129032 0.16157989
 0.1618705  0.16216216 0.16245487 0.16274864 0.16123188 0.1615245
 0.16181818 0.16211293 0.16240876 0.16270567 0.16117216 0.16146789
 0.16176471 0.16022099 0.16051661 0.16081331 0.15925926 0.15955473
 0.1598513  0.15828678 0.15858209 0.1588785  0.15917603 0.15947467
 0.15977444 0.16007533 0.15849057 0.15879017 0.15909091 0.15939279
 0.15969582 0.16       0.16030534 0.16061185 0.16091954 0.16122841
 0.15961538 0.15992293 0.15830116 0.15667311 0.15503876 0.15533981
 0.15564202 0.15594542 0.15429688 0.15459883 0.15490196 0.15520629
 0.15551181 0.15581854 0.15612648 0.15643564 0.15674603 0.15705765
 0.15737052 0.15568862 0.156      0.15631263 0.15662651 0.15694165
 0.15725806 0.15757576 0.15789474 0.15618661 0.15447154 0.15274949
 0.15306122 0.15132924 0.14959016 0.14989733 0.15020576 0.15051546
 0.15082645 0.15113872 0.15145228 0.15176715 0.15208333 0.15240084
 0.15062762 0.14884696 0.14915966 0.14947368 0.14978903 0.15010571
 0.15042373 0.1507431  0.15106383 0.15138593 0.1517094  0.14989293
 0.15021459 0.15053763 0.1487069  0.14902808 0.14935065 0.14967462
 0.14782609 0.1459695  0.14628821 0.14442013 0.14473684 0.14505495
 0.14537445 0.14348786 0.14380531 0.14412417 0.14444444 0.14476615
 0.14508929 0.14541387 0.14573991 0.14606742 0.1463964  0.14672686
 0.14705882 0.14739229 0.14772727 0.14806378 0.14611872 0.14645309
 0.14449541 0.14482759 0.14516129 0.14318707 0.14351852 0.14385151
 0.14186047 0.14219114 0.14252336 0.14051522 0.14084507 0.14117647
 0.14150943 0.14184397 0.14218009 0.14251781 0.14285714 0.14319809
 0.14354067 0.14388489 0.14423077 0.14457831 0.14492754 0.14527845
 0.14320388 0.14355231 0.14390244 0.14425428 0.14460784 0.14496314
 0.1453202  0.14567901 0.1460396  0.14640199 0.14676617 0.14713217
 0.1475     0.14786967 0.14824121 0.14861461 0.1489899  0.14936709
 0.14974619 0.1475827  0.14795918 0.1483376  0.14615385 0.14652956
 0.14690722 0.14728682 0.14766839 0.14805195 0.1484375  0.14882507
 0.14921466 0.1496063  0.15       0.15039578 0.15079365 0.15119363
 0.15159574 0.152      0.14973262 0.15013405 0.15053763 0.14824798
 0.14864865 0.14905149 0.14945652 0.14713896 0.14754098 0.14794521
 0.14835165 0.14876033 0.14917127 0.14958449 0.15       0.15041783
 0.14804469 0.14845938 0.1488764  0.14929577 0.14689266 0.14730878
 0.14772727 0.14814815 0.14857143 0.14899713 0.14942529 0.14985591
 0.15028902 0.14782609 0.14825581 0.14868805 0.14912281 0.14956012
 0.15       0.15044248 0.15088757 0.15133531 0.15178571 0.15223881
 0.15269461 0.15315315 0.15361446 0.15407855 0.15454545 0.15197568
 0.15243902 0.1529052  0.15337423 0.15384615 0.15432099 0.15479876
 0.1552795  0.15576324 0.15625    0.15673981 0.1572327  0.15772871
 0.15822785 0.15873016 0.15923567 0.15974441 0.16025641 0.1607717
 0.16129032 0.1618123  0.15909091 0.15635179 0.15686275 0.15737705
 0.15789474 0.15841584 0.1589404  0.15946844 0.16       0.16053512
 0.15771812 0.15824916 0.15878378 0.15932203 0.15986395 0.15699659
 0.15753425 0.1580756  0.15862069 0.15916955 0.15625    0.15679443
 0.15734266 0.15789474 0.1584507  0.15547703 0.15248227 0.14946619
 0.15       0.15053763 0.15107914 0.15162455 0.14855072 0.14545455
 0.1459854  0.14652015 0.14705882 0.14760148 0.14814815 0.14498141
 0.14552239 0.14606742 0.14661654 0.14716981 0.14772727 0.14828897
 0.14885496 0.14942529 0.15       0.15057915 0.15116279 0.15175097
 0.15234375 0.15294118 0.15354331 0.1541502  0.1547619  0.15537849
 0.156      0.15662651 0.15725806 0.15789474 0.15853659 0.15918367
 0.15983607 0.16049383 0.16115702 0.16182573 0.1625     0.16317992
 0.16386555 0.16033755 0.16101695 0.15744681 0.15811966 0.15450644
 0.15517241 0.15584416 0.15652174 0.15720524 0.15789474 0.15418502
 0.15486726 0.15111111 0.15178571 0.15246637 0.15315315 0.14932127
 0.14545455 0.14611872 0.14678899 0.14746544 0.14814815 0.14883721
 0.14953271 0.15023474 0.1509434  0.15165877 0.15238095 0.14832536
 0.14903846 0.14975845 0.15048544 0.15121951 0.15196078 0.15270936
 0.14851485 0.14925373 0.15       0.15075377 0.15151515 0.15228426
 0.14795918 0.14871795 0.1443299  0.14507772 0.140625   0.14136126
 0.14210526 0.14285714 0.14361702 0.14438503 0.14516129 0.14594595
 0.14673913 0.14754098 0.14835165 0.14917127 0.15       0.15083799
 0.15168539 0.14689266 0.14772727 0.14857143 0.14942529 0.15028902
 0.15116279 0.15204678 0.15294118 0.15384615 0.1547619  0.15568862
 0.15662651 0.15757576 0.15243902 0.15337423 0.15432099 0.1552795
 0.15625    0.1509434  0.15189873 0.15286624 0.15384615 0.15483871
 0.15584416 0.15686275 0.15789474 0.1589404  0.15333333 0.15436242
 0.15540541 0.15646259 0.15753425 0.15862069 0.15277778 0.15384615
 0.15492958 0.15602837 0.15714286 0.15827338 0.15942029 0.16058394
 0.16176471 0.16296296 0.1641791  0.15789474 0.15909091 0.16030534
 0.16153846 0.1627907  0.1640625  0.16535433 0.16666667 0.168
 0.16935484 0.17073171 0.17213115 0.16528926 0.16666667 0.16806723
 0.16101695 0.16239316 0.1637931  0.16521739 0.16666667 0.16814159
 0.16964286 0.17117117 0.17272727 0.17431193 0.17592593 0.17757009
 0.17924528 0.18095238 0.18269231 0.18446602 0.18627451 0.18811881
 0.18       0.18181818 0.18367347 0.18556701 0.1875     0.18947368
 0.19148936 0.19354839 0.19565217 0.1978022  0.2        0.20224719
 0.20454545 0.20689655 0.20930233 0.21176471 0.21428571 0.20481928
 0.20731707 0.20987654 0.2125     0.20253165 0.20512821 0.20779221
 0.21052632 0.21333333 0.21621622 0.20547945 0.20833333 0.21126761
 0.2        0.20289855 0.20588235 0.20895522 0.21212121 0.21538462
 0.21875    0.22222222 0.20967742 0.19672131 0.2        0.20338983
 0.20689655 0.21052632 0.21428571 0.21818182 0.22222222 0.20754717
 0.21153846 0.21568627 0.2        0.20408163 0.20833333 0.21276596
 0.2173913  0.22222222 0.22727273 0.20930233 0.19047619 0.17073171
 0.175      0.15384615 0.15789474 0.16216216 0.16666667 0.17142857
 0.17647059 0.18181818 0.1875     0.19354839 0.2        0.20689655
 0.21428571 0.22222222 0.23076923 0.24       0.25       0.2173913
 0.22727273 0.19047619 0.2        0.21052632 0.22222222 0.23529412
 0.25       0.26666667 0.28571429 0.30769231 0.33333333 0.27272727
 0.2        0.22222222 0.25       0.28571429 0.16666667 0.2
 0.25       0.33333333 0.5        1.         1.        ]","[1.         1.         1.         1.         1.         1.
 1.         1.         1.         1.         0.99295775 0.99295775
 0.99295775 0.99295775 0.99295775 0.99295775 0.99295775 0.99295775
 0.99295775 0.99295775 0.99295775 0.99295775 0.99295775 0.99295775
 0.98591549 0.98591549 0.98591549 0.98591549 0.98591549 0.98591549
 0.98591549 0.98591549 0.98591549 0.98591549 0.98591549 0.98591549
 0.98591549 0.98591549 0.97887324 0.97887324 0.97887324 0.97887324
 0.97887324 0.97183099 0.97183099 0.97183099 0.97183099 0.97183099
 0.97183099 0.97183099 0.97183099 0.97183099 0.97183099 0.97183099
 0.97183099 0.97183099 0.97183099 0.96478873 0.96478873 0.96478873
 0.96478873 0.95774648 0.95774648 0.95774648 0.95070423 0.95070423
 0.95070423 0.95070423 0.95070423 0.95070423 0.95070423 0.95070423
 0.95070423 0.95070423 0.95070423 0.95070423 0.95070423 0.94366197
 0.94366197 0.94366197 0.94366197 0.94366197 0.94366197 0.94366197
 0.94366197 0.94366197 0.94366197 0.94366197 0.94366197 0.94366197
 0.94366197 0.94366197 0.94366197 0.94366197 0.94366197 0.93661972
 0.93661972 0.92957746 0.92957746 0.92957746 0.92957746 0.92957746
 0.92957746 0.92253521 0.92253521 0.92253521 0.92253521 0.92253521
 0.92253521 0.91549296 0.91549296 0.91549296 0.91549296 0.91549296
 0.91549296 0.91549296 0.91549296 0.91549296 0.91549296 0.91549296
 0.91549296 0.91549296 0.91549296 0.91549296 0.9084507  0.9084507
 0.9084507  0.9084507  0.9084507  0.90140845 0.90140845 0.90140845
 0.90140845 0.90140845 0.90140845 0.90140845 0.8943662  0.8943662
 0.8943662  0.8943662  0.8943662  0.8943662  0.8943662  0.8943662
 0.8943662  0.8943662  0.8943662  0.8943662  0.88732394 0.88732394
 0.88732394 0.88732394 0.88732394 0.88732394 0.88732394 0.88028169
 0.87323944 0.87323944 0.87323944 0.86619718 0.86619718 0.85915493
 0.85915493 0.85915493 0.85211268 0.85211268 0.85211268 0.85211268
 0.85211268 0.85211268 0.85211268 0.85211268 0.85211268 0.85211268
 0.85211268 0.85211268 0.85211268 0.84507042 0.84507042 0.84507042
 0.84507042 0.84507042 0.84507042 0.84507042 0.83802817 0.83802817
 0.83802817 0.83802817 0.83802817 0.83802817 0.83802817 0.83802817
 0.83802817 0.83802817 0.83802817 0.83802817 0.83802817 0.83802817
 0.83802817 0.83802817 0.83802817 0.83802817 0.83802817 0.83802817
 0.83802817 0.83802817 0.83802817 0.83802817 0.83802817 0.83802817
 0.83802817 0.83802817 0.83802817 0.83802817 0.83098592 0.83098592
 0.83098592 0.83098592 0.83098592 0.83098592 0.83098592 0.83098592
 0.83098592 0.83098592 0.83098592 0.83098592 0.83098592 0.83098592
 0.82394366 0.82394366 0.82394366 0.82394366 0.81690141 0.81690141
 0.80985915 0.80985915 0.80985915 0.80985915 0.80985915 0.80985915
 0.80985915 0.80985915 0.80985915 0.80985915 0.80985915 0.80985915
 0.80985915 0.80985915 0.80985915 0.80985915 0.80985915 0.80985915
 0.8028169  0.79577465 0.78873239 0.78873239 0.78873239 0.78873239
 0.78169014 0.78169014 0.78169014 0.78169014 0.77464789 0.77464789
 0.77464789 0.77464789 0.77464789 0.77464789 0.77464789 0.77464789
 0.76760563 0.76760563 0.76760563 0.76760563 0.76760563 0.76760563
 0.76760563 0.76760563 0.76760563 0.76760563 0.76056338 0.76056338
 0.75352113 0.75352113 0.75352113 0.75352113 0.75352113 0.75352113
 0.75352113 0.74647887 0.74647887 0.74647887 0.74647887 0.74647887
 0.74647887 0.74647887 0.74647887 0.74647887 0.73943662 0.73943662
 0.73943662 0.73943662 0.73943662 0.73943662 0.73943662 0.73943662
 0.73943662 0.73943662 0.73943662 0.73943662 0.73943662 0.73943662
 0.73943662 0.73943662 0.73943662 0.73943662 0.73943662 0.73239437
 0.72535211 0.72535211 0.72535211 0.72535211 0.72535211 0.72535211
 0.72535211 0.72535211 0.72535211 0.72535211 0.72535211 0.72535211
 0.72535211 0.72535211 0.72535211 0.72535211 0.72535211 0.71830986
 0.71830986 0.71830986 0.71830986 0.71830986 0.71830986 0.71830986
 0.71830986 0.71830986 0.71830986 0.71126761 0.70422535 0.70422535
 0.70422535 0.70422535 0.6971831  0.6971831  0.6971831  0.6971831
 0.6971831  0.6971831  0.69014085 0.68309859 0.68309859 0.68309859
 0.68309859 0.68309859 0.68309859 0.68309859 0.68309859 0.68309859
 0.68309859 0.68309859 0.68309859 0.68309859 0.68309859 0.68309859
 0.67605634 0.67605634 0.66901408 0.66901408 0.66901408 0.66901408
 0.66901408 0.66197183 0.66197183 0.66197183 0.65492958 0.64788732
 0.64788732 0.64788732 0.64788732 0.64788732 0.64788732 0.64788732
 0.64788732 0.64788732 0.64788732 0.64084507 0.64084507 0.63380282
 0.63380282 0.63380282 0.63380282 0.63380282 0.63380282 0.63380282
 0.63380282 0.63380282 0.63380282 0.63380282 0.63380282 0.63380282
 0.63380282 0.63380282 0.63380282 0.63380282 0.62676056 0.62676056
 0.62676056 0.62676056 0.62676056 0.62676056 0.61971831 0.61971831
 0.61971831 0.61267606 0.61267606 0.61267606 0.6056338  0.6056338
 0.6056338  0.59859155 0.59859155 0.59859155 0.59859155 0.59859155
 0.59859155 0.59859155 0.5915493  0.5915493  0.5915493  0.5915493
 0.5915493  0.5915493  0.5915493  0.5915493  0.5915493  0.5915493
 0.58450704 0.58450704 0.57746479 0.57042254 0.56338028 0.56338028
 0.56338028 0.56338028 0.55633803 0.55633803 0.55633803 0.55633803
 0.55633803 0.55633803 0.55633803 0.55633803 0.55633803 0.55633803
 0.55633803 0.54929577 0.54929577 0.54929577 0.54929577 0.54929577
 0.54929577 0.54929577 0.54929577 0.54225352 0.53521127 0.52816901
 0.52816901 0.52112676 0.51408451 0.51408451 0.51408451 0.51408451
 0.51408451 0.51408451 0.51408451 0.51408451 0.51408451 0.51408451
 0.50704225 0.5        0.5        0.5        0.5        0.5
 0.5        0.5        0.5        0.5        0.5        0.49295775
 0.49295775 0.49295775 0.48591549 0.48591549 0.48591549 0.48591549
 0.47887324 0.47183099 0.47183099 0.46478873 0.46478873 0.46478873
 0.46478873 0.45774648 0.45774648 0.45774648 0.45774648 0.45774648
 0.45774648 0.45774648 0.45774648 0.45774648 0.45774648 0.45774648
 0.45774648 0.45774648 0.45774648 0.45774648 0.45070423 0.45070423
 0.44366197 0.44366197 0.44366197 0.43661972 0.43661972 0.43661972
 0.42957746 0.42957746 0.42957746 0.42253521 0.42253521 0.42253521
 0.42253521 0.42253521 0.42253521 0.42253521 0.42253521 0.42253521
 0.42253521 0.42253521 0.42253521 0.42253521 0.42253521 0.42253521
 0.41549296 0.41549296 0.41549296 0.41549296 0.41549296 0.41549296
 0.41549296 0.41549296 0.41549296 0.41549296 0.41549296 0.41549296
 0.41549296 0.41549296 0.41549296 0.41549296 0.41549296 0.41549296
 0.41549296 0.4084507  0.4084507  0.4084507  0.40140845 0.40140845
 0.40140845 0.40140845 0.40140845 0.40140845 0.40140845 0.40140845
 0.40140845 0.40140845 0.40140845 0.40140845 0.40140845 0.40140845
 0.40140845 0.40140845 0.3943662  0.3943662  0.3943662  0.38732394
 0.38732394 0.38732394 0.38732394 0.38028169 0.38028169 0.38028169
 0.38028169 0.38028169 0.38028169 0.38028169 0.38028169 0.38028169
 0.37323944 0.37323944 0.37323944 0.37323944 0.36619718 0.36619718
 0.36619718 0.36619718 0.36619718 0.36619718 0.36619718 0.36619718
 0.36619718 0.35915493 0.35915493 0.35915493 0.35915493 0.35915493
 0.35915493 0.35915493 0.35915493 0.35915493 0.35915493 0.35915493
 0.35915493 0.35915493 0.35915493 0.35915493 0.35915493 0.35211268
 0.35211268 0.35211268 0.35211268 0.35211268 0.35211268 0.35211268
 0.35211268 0.35211268 0.35211268 0.35211268 0.35211268 0.35211268
 0.35211268 0.35211268 0.35211268 0.35211268 0.35211268 0.35211268
 0.35211268 0.35211268 0.34507042 0.33802817 0.33802817 0.33802817
 0.33802817 0.33802817 0.33802817 0.33802817 0.33802817 0.33802817
 0.33098592 0.33098592 0.33098592 0.33098592 0.33098592 0.32394366
 0.32394366 0.32394366 0.32394366 0.32394366 0.31690141 0.31690141
 0.31690141 0.31690141 0.31690141 0.30985915 0.3028169  0.29577465
 0.29577465 0.29577465 0.29577465 0.29577465 0.28873239 0.28169014
 0.28169014 0.28169014 0.28169014 0.28169014 0.28169014 0.27464789
 0.27464789 0.27464789 0.27464789 0.27464789 0.27464789 0.27464789
 0.27464789 0.27464789 0.27464789 0.27464789 0.27464789 0.27464789
 0.27464789 0.27464789 0.27464789 0.27464789 0.27464789 0.27464789
 0.27464789 0.27464789 0.27464789 0.27464789 0.27464789 0.27464789
 0.27464789 0.27464789 0.27464789 0.27464789 0.27464789 0.27464789
 0.27464789 0.26760563 0.26760563 0.26056338 0.26056338 0.25352113
 0.25352113 0.25352113 0.25352113 0.25352113 0.25352113 0.24647887
 0.24647887 0.23943662 0.23943662 0.23943662 0.23943662 0.23239437
 0.22535211 0.22535211 0.22535211 0.22535211 0.22535211 0.22535211
 0.22535211 0.22535211 0.22535211 0.22535211 0.22535211 0.21830986
 0.21830986 0.21830986 0.21830986 0.21830986 0.21830986 0.21830986
 0.21126761 0.21126761 0.21126761 0.21126761 0.21126761 0.21126761
 0.20422535 0.20422535 0.1971831  0.1971831  0.19014085 0.19014085
 0.19014085 0.19014085 0.19014085 0.19014085 0.19014085 0.19014085
 0.19014085 0.19014085 0.19014085 0.19014085 0.19014085 0.19014085
 0.19014085 0.18309859 0.18309859 0.18309859 0.18309859 0.18309859
 0.18309859 0.18309859 0.18309859 0.18309859 0.18309859 0.18309859
 0.18309859 0.18309859 0.17605634 0.17605634 0.17605634 0.17605634
 0.17605634 0.16901408 0.16901408 0.16901408 0.16901408 0.16901408
 0.16901408 0.16901408 0.16901408 0.16901408 0.16197183 0.16197183
 0.16197183 0.16197183 0.16197183 0.16197183 0.15492958 0.15492958
 0.15492958 0.15492958 0.15492958 0.15492958 0.15492958 0.15492958
 0.15492958 0.15492958 0.15492958 0.14788732 0.14788732 0.14788732
 0.14788732 0.14788732 0.14788732 0.14788732 0.14788732 0.14788732
 0.14788732 0.14788732 0.14788732 0.14084507 0.14084507 0.14084507
 0.13380282 0.13380282 0.13380282 0.13380282 0.13380282 0.13380282
 0.13380282 0.13380282 0.13380282 0.13380282 0.13380282 0.13380282
 0.13380282 0.13380282 0.13380282 0.13380282 0.13380282 0.13380282
 0.12676056 0.12676056 0.12676056 0.12676056 0.12676056 0.12676056
 0.12676056 0.12676056 0.12676056 0.12676056 0.12676056 0.12676056
 0.12676056 0.12676056 0.12676056 0.12676056 0.12676056 0.11971831
 0.11971831 0.11971831 0.11971831 0.11267606 0.11267606 0.11267606
 0.11267606 0.11267606 0.11267606 0.1056338  0.1056338  0.1056338
 0.09859155 0.09859155 0.09859155 0.09859155 0.09859155 0.09859155
 0.09859155 0.09859155 0.0915493  0.08450704 0.08450704 0.08450704
 0.08450704 0.08450704 0.08450704 0.08450704 0.08450704 0.07746479
 0.07746479 0.07746479 0.07042254 0.07042254 0.07042254 0.07042254
 0.07042254 0.07042254 0.07042254 0.06338028 0.05633803 0.04929577
 0.04929577 0.04225352 0.04225352 0.04225352 0.04225352 0.04225352
 0.04225352 0.04225352 0.04225352 0.04225352 0.04225352 0.04225352
 0.04225352 0.04225352 0.04225352 0.04225352 0.04225352 0.03521127
 0.03521127 0.02816901 0.02816901 0.02816901 0.02816901 0.02816901
 0.02816901 0.02816901 0.02816901 0.02816901 0.02816901 0.02112676
 0.01408451 0.01408451 0.01408451 0.01408451 0.00704225 0.00704225
 0.00704225 0.00704225 0.00704225 0.00704225 0.        ]","[0.00122813 0.00294736 0.00321593 0.00361558 0.00407904 0.00441791
 0.0054122  0.00554316 0.00831922 0.0083413  0.00883823 0.0100709
 0.01060744 0.01104095 0.0121521  0.01485969 0.01571646 0.02099476
 0.02116092 0.02172315 0.02348484 0.02769106 0.0307676  0.03109895
 0.03143648 0.03156117 0.03487909 0.03491107 0.03576666 0.0360493
 0.03660977 0.03681436 0.0380471  0.03965566 0.04214371 0.0441784
 0.04419574 0.04520339 0.04560143 0.04676387 0.04769782 0.04988532
 0.0499359  0.05021964 0.05052026 0.05225735 0.05229709 0.05306448
 0.05447817 0.05456076 0.05606051 0.0565802  0.05825959 0.05880692
 0.06263885 0.06351015 0.0638548  0.06406156 0.06458651 0.06527813
 0.06539197 0.06814965 0.06878059 0.06912067 0.06943454 0.06980071
 0.0703163  0.07038972 0.07223651 0.0730868  0.07479584 0.07492984
 0.07574303 0.07621652 0.07785043 0.0786645  0.07895021 0.0790694
 0.07990343 0.08026479 0.0807582  0.08077953 0.08098706 0.08134938
 0.08400395 0.08520563 0.08566822 0.08688314 0.08727592 0.08820857
 0.08905623 0.0901296  0.09353211 0.09394232 0.09416116 0.09527305
 0.09618265 0.09660599 0.09783494 0.09907476 0.09963773 0.09977291
 0.10143431 0.10231003 0.10241803 0.10244987 0.10254864 0.10364846
 0.10465627 0.10729359 0.10864718 0.11038638 0.1118014  0.1119356
 0.11254766 0.11487869 0.11532788 0.1161784  0.11639117 0.1165535
 0.11982739 0.11982749 0.11994573 0.12101721 0.12117991 0.12377812
 0.12404497 0.12442081 0.1245475  0.12483467 0.12865673 0.12908131
 0.13183369 0.13280109 0.13297361 0.13336028 0.13496021 0.13670507
 0.13920639 0.13972421 0.14184672 0.14501977 0.14513792 0.14517695
 0.14747532 0.14944669 0.14993424 0.15158622 0.1521112  0.15219837
 0.15220042 0.15284565 0.15308306 0.15369086 0.15419267 0.15549353
 0.15676826 0.16156542 0.16176803 0.16290978 0.16373584 0.1663976
 0.16658766 0.16759702 0.16924398 0.16936114 0.16977036 0.17062132
 0.17125551 0.17212796 0.17309877 0.17364056 0.17412776 0.17453473
 0.17483675 0.17517553 0.17727111 0.17750056 0.17890964 0.18124056
 0.18210438 0.18223594 0.18228788 0.18295531 0.18340299 0.18486027
 0.18511426 0.18554189 0.18745674 0.18771095 0.18776012 0.18907835
 0.19038243 0.19144437 0.19339755 0.19410748 0.1941529  0.19566022
 0.19637985 0.19667303 0.19733309 0.20029244 0.20105057 0.20129062
 0.20166766 0.20205494 0.20389206 0.20686691 0.20769586 0.20913619
 0.20963633 0.21019458 0.21206093 0.21370913 0.21611292 0.21676188
 0.21722754 0.21812538 0.21826071 0.2190238  0.21972726 0.22273761
 0.224917   0.22495158 0.22500078 0.22538868 0.22551086 0.22762076
 0.22770148 0.22928069 0.22936255 0.22973845 0.23139232 0.2326026
 0.23494218 0.23547906 0.23550425 0.23558233 0.23808377 0.23842625
 0.24204133 0.24208098 0.24489535 0.2461872  0.24801614 0.24869599
 0.24960262 0.25149649 0.25344192 0.25435753 0.25570069 0.25705582
 0.25788216 0.2582433  0.25843669 0.25858009 0.25881169 0.25993523
 0.26069798 0.26185615 0.2619432  0.26427535 0.26734266 0.26821401
 0.2692689  0.27005313 0.27114231 0.27188051 0.27493553 0.27986807
 0.28033277 0.28077258 0.2811195  0.28188525 0.28224956 0.28296339
 0.28312755 0.283353   0.28409935 0.28801396 0.28809193 0.28880285
 0.29073703 0.29108826 0.29113468 0.29358167 0.29398344 0.29505525
 0.29505573 0.29567543 0.29656462 0.29727566 0.29738595 0.29745205
 0.29811897 0.29883876 0.30178492 0.30255687 0.30397612 0.30423203
 0.30611162 0.30677752 0.30711675 0.30715474 0.30750469 0.30877276
 0.31046582 0.3121529  0.31351055 0.31455619 0.31481456 0.31519008
 0.3180203  0.31830934 0.31875801 0.32153009 0.32186232 0.32566435
 0.32719336 0.32778114 0.32858658 0.33030988 0.33319844 0.33566606
 0.33659391 0.33940823 0.33957039 0.33965775 0.34129749 0.34219348
 0.34270219 0.34657027 0.34956119 0.35131914 0.35341487 0.35527118
 0.35684999 0.36102456 0.36176765 0.3623454  0.36283312 0.36448393
 0.36595976 0.36720155 0.37110193 0.3720275  0.37236363 0.37425455
 0.37553856 0.37655685 0.37725199 0.3788751  0.37938072 0.37944572
 0.38071509 0.38077777 0.38152088 0.38157195 0.38169228 0.38339106
 0.38394138 0.38586751 0.38629305 0.38640112 0.38720874 0.38733763
 0.38753478 0.39032767 0.39060975 0.39069295 0.39122409 0.39168228
 0.39464411 0.39504113 0.39733114 0.39742506 0.39801156 0.3980821
 0.39883576 0.40006661 0.4001343  0.40032257 0.40047079 0.40088684
 0.40229048 0.40238947 0.40287906 0.40348288 0.40362348 0.40427748
 0.40622622 0.40654738 0.40780825 0.40910735 0.413529   0.41450819
 0.41525078 0.41718859 0.41797774 0.41888705 0.41902353 0.4193315
 0.4201541  0.42055534 0.42364258 0.42473803 0.42569931 0.42570472
 0.42712535 0.43080707 0.43179267 0.43389793 0.43527235 0.43539288
 0.43569579 0.43573062 0.43640328 0.43770965 0.43773205 0.44011057
 0.44076952 0.44194097 0.44239493 0.44282258 0.44687014 0.44759914
 0.4476933  0.44904655 0.44919937 0.45132134 0.45175868 0.45180114
 0.45353417 0.4538422  0.45454859 0.45525777 0.45797158 0.45845183
 0.45981575 0.46059324 0.4619877  0.46244184 0.46658452 0.47076614
 0.47448847 0.47448904 0.47464789 0.47822354 0.47974323 0.48093479
 0.48160895 0.48262246 0.48340252 0.48447989 0.48507742 0.48509793
 0.48621674 0.48752672 0.48765738 0.48861453 0.49065909 0.49168307
 0.49380407 0.49432697 0.49582646 0.49758042 0.49780739 0.49849617
 0.50036478 0.50110294 0.50320642 0.50371073 0.50505435 0.50581237
 0.50711858 0.50729104 0.50820887 0.50904926 0.50968606 0.51108461
 0.51217709 0.51218164 0.51488764 0.5157588  0.51753308 0.51828115
 0.51938223 0.52012414 0.52369965 0.52400864 0.52470405 0.52488557
 0.52592591 0.52596633 0.5260635  0.52631798 0.52675697 0.52759395
 0.52771136 0.5281108  0.52950899 0.53289052 0.53355224 0.53584411
 0.53687995 0.53862491 0.53910343 0.53917676 0.54062186 0.54155729
 0.54226511 0.54344756 0.54564517 0.54627864 0.54672844 0.54741885
 0.5476943  0.54788414 0.54806952 0.54871324 0.5488709  0.54917772
 0.54968996 0.54981412 0.54993374 0.55323851 0.55428557 0.55685052
 0.55687327 0.55768228 0.55879279 0.56217067 0.56446859 0.56491938
 0.56707781 0.56758005 0.56796414 0.56905943 0.56981233 0.56991882
 0.5703281  0.57089078 0.57143495 0.57301189 0.57762312 0.57775682
 0.57777513 0.57933057 0.58135859 0.58209637 0.5824525  0.58303411
 0.58471573 0.58531479 0.58581063 0.58675715 0.58702541 0.58715095
 0.58749386 0.58810935 0.58867281 0.59119976 0.59152298 0.59221063
 0.59367398 0.59438394 0.59461875 0.59589789 0.59771766 0.59842523
 0.59939416 0.59943975 0.59952046 0.59985525 0.60207165 0.6026578
 0.60343636 0.60359759 0.6054307  0.60563955 0.60895461 0.60931813
 0.60936501 0.60936638 0.6127983  0.6159275  0.6175002  0.61776607
 0.6201973  0.62061201 0.62104968 0.62205759 0.62472752 0.62690849
 0.62719666 0.62882426 0.6289961  0.63162352 0.63166453 0.63169839
 0.63190274 0.63575627 0.63646325 0.63817129 0.63851367 0.63894628
 0.63898228 0.64055615 0.64151822 0.64247592 0.6448515  0.64576457
 0.64697801 0.64798553 0.64860622 0.64898357 0.64900269 0.64935422
 0.64967472 0.64970943 0.65051355 0.6510492  0.65210266 0.65490526
 0.65582839 0.65662391 0.65664446 0.65803026 0.65901904 0.65942172
 0.66007524 0.66108539 0.66127875 0.66275376 0.6632536  0.6648272
 0.66595827 0.66680071 0.66767375 0.66777001 0.66777404 0.66879052
 0.66944858 0.66984102 0.67014004 0.67211357 0.67282813 0.67399432
 0.67418177 0.67422748 0.67688255 0.67885176 0.67962399 0.68018464
 0.68055498 0.68295509 0.68520476 0.68756111 0.68838477 0.68890291
 0.69298746 0.6950849  0.69564674 0.69670455 0.69883417 0.69952871
 0.70102612 0.70103519 0.70187513 0.70211049 0.70219137 0.70256958
 0.70369524 0.7044288  0.70451448 0.70587538 0.70925477 0.7098606
 0.70990734 0.71112331 0.71340468 0.71430175 0.71478472 0.71677601
 0.71684768 0.71871852 0.71957781 0.72094683 0.7210857  0.72267002
 0.72284903 0.72677241 0.7280873  0.72812459 0.72905321 0.73000054
 0.73188487 0.73256154 0.73345332 0.73397795 0.73459593 0.73506838
 0.73828471 0.73923387 0.74035666 0.74571004 0.74761805 0.74983654
 0.75080059 0.7514991  0.75458518 0.75599818 0.75611769 0.75673541
 0.75812981 0.7598604  0.76120426 0.76240752 0.76375469 0.76402521
 0.76407399 0.76496546 0.76500672 0.76681861 0.76698023 0.76741457
 0.7682856  0.77129486 0.77198836 0.77261845 0.77268724 0.77309675
 0.77534061 0.77567089 0.7763729  0.77674681 0.77677272 0.77799889
 0.77832238 0.77864046 0.77871725 0.77949508 0.77963233 0.78004224
 0.78380672 0.78468517 0.78515881 0.78556444 0.78584567 0.78737229
 0.78882118 0.79001363 0.79017299 0.79188953 0.79337311 0.79345127
 0.7942885  0.79455664 0.79496199 0.79667091 0.79672496 0.79763759
 0.7979704  0.79842134 0.79855538 0.79988878 0.80059329 0.80099787
 0.80251156 0.80315574 0.80534974 0.80707075 0.80809636 0.80825501
 0.80932507 0.80943836 0.80947105 0.80950607 0.81054596 0.81106942
 0.8110905  0.81216283 0.81321732 0.81353654 0.81356079 0.81602258
 0.81721054 0.81871152 0.81912303 0.81923161 0.8200435  0.82136101
 0.82178291 0.8223989  0.82283587 0.82293317 0.82407799 0.82427661
 0.82495381 0.8257921  0.82583641 0.82814267 0.82912615 0.82972053
 0.83063952 0.83091508 0.83392347 0.83421228 0.83473647 0.83595254
 0.83643778 0.83757448 0.83810896 0.84012959 0.841492   0.84369321
 0.84482635 0.84651177 0.84664808 0.84681895 0.84699773 0.84750298
 0.84760133 0.84821836 0.84826009 0.84881716 0.84935828 0.84935996
 0.84992647 0.85105998 0.85130469 0.85154864 0.85364491 0.85602443
 0.85853641 0.86131173 0.86160413 0.8667556  0.86745525 0.87006547
 0.87018682 0.87020539 0.87046864 0.87132989 0.87242166 0.87265516
 0.87522176 0.87575    0.87583901 0.87642276 0.87806628 0.87815096
 0.87877466 0.87918975 0.88022246 0.88077149 0.8819716  0.88206128
 0.88259767 0.88475315 0.88703639 0.88815666 0.88862279 0.88949598
 0.89050837 0.89183674 0.89193857 0.89196827 0.89255584 0.89461253
 0.89667502 0.89739149 0.89771427 0.89952204 0.9007386  0.90118027
 0.90323969 0.90333967 0.90352227 0.90357677 0.90405635 0.90514774
 0.90539008 0.90736939 0.91114759 0.91147502 0.91193719 0.91258896
 0.91301808 0.91331194 0.9133715  0.91448268 0.9152584  0.91656712
 0.91697954 0.92020372 0.92100395 0.92111282 0.9225243  0.92321209
 0.92469892 0.92560355 0.9264918  0.9277689  0.92800077 0.92886955
 0.92904533 0.93010951 0.9306159  0.93170141 0.9359472  0.93670109
 0.93858404 0.93941048 0.94006926 0.94025072 0.94137259 0.94255065
 0.94340188 0.9477576  0.94883362 0.94977975 0.95013787 0.95016167
 0.95121571 0.9526825  0.95353135 0.95705404 0.95785898 0.96143689
 0.96433582 0.96461495 0.96528211 0.96564392 0.96785111 0.96863553
 0.97109424 0.97168037 0.97224347 0.97229548 0.9723339  0.97416491
 0.97526083 0.97593567 0.97596785 0.97647235 0.97841468 0.98041062
 0.98059723 0.98106729 0.98125106 0.98302651 0.98393036 0.9844246
 0.98677811 0.98743857 0.98928768 0.99299902 0.99422059 0.9949656
 0.9949922  0.99571021 0.99601386 0.9979931 ]"
