project_key,usability_label,accuracy_nn,confusion_matrix_nn,classification_report_nn,area_under_pre_recall_curve_nn,avg_precision_nn,area_under_roc_curve_nn,y_pred_nn,num_units_hidden_layer,max_iterations,solver,num_batches_size,activation,alpha,learning_rate
Jira,is_change_text_num_words_15,0.7003154574132492,"[[143  22]
 [ 73  79]]","              precision    recall  f1-score   support

           0       0.66      0.87      0.75       165
           1       0.78      0.52      0.62       152

    accuracy                           0.70       317
   macro avg       0.72      0.69      0.69       317
weighted avg       0.72      0.70      0.69       317
",0.7192358550852604,0.721492068163846,0.7655103668261563,"[0 0 0 0 0 0 1 0 0 0 0 0 0 0 0 0 0 0 1 0 0 1 1 1 1 1 1 1 0 0 0 0 0 1 0 0 0
 0 1 0 0 0 0 0 0 1 0 0 1 0 1 0 0 0 0 0 0 0 1 0 0 0 1 1 0 0 0 0 0 0 0 0 0 0
 1 1 1 0 0 0 1 0 0 0 0 0 1 0 0 0 0 0 0 1 0 0 1 0 0 0 0 0 0 0 0 0 0 1 0 0 0
 1 0 1 1 0 1 0 0 1 0 1 1 1 0 1 1 0 0 0 0 1 1 0 0 0 1 1 0 0 1 0 0 1 0 0 1 0
 1 1 0 0 0 0 0 0 0 0 0 0 1 1 0 0 0 0 0 1 1 1 0 1 0 0 0 0 1 0 1 0 1 0 0 0 0
 1 1 0 0 0 0 1 0 0 0 0 0 0 0 0 0 1 0 1 0 0 0 1 0 0 0 0 0 0 0 0 0 0 1 0 1 0
 1 0 1 0 1 1 0 0 0 1 1 1 1 0 0 1 1 1 1 0 1 0 1 0 0 0 0 1 0 1 0 0 0 1 0 0 0
 0 0 0 1 0 0 0 0 0 1 1 1 0 0 0 1 1 1 1 0 1 0 0 0 0 0 0 0 1 0 1 1 1 0 0 1 1
 0 1 0 1 0 0 1 1 0 0 1 1 0 0 0 1 0 0 1 0 0]","(70,)",1500,adam,50,tanh,0.0001,adaptive
