project_key,usability_label,accuracy_nn,confusion_matrix_nn,classification_report_nn,area_under_pre_recall_curve_nn,avg_precision_nn,area_under_roc_curve_nn,y_pred_nn,num_units_hidden_layer,max_iterations,solver,num_batches_size,activation,alpha,learning_rate
Jira,is_change_text_num_words_10,0.7129337539432177,"[[140  16]
 [ 75  86]]","              precision    recall  f1-score   support

           0       0.65      0.90      0.75       156
           1       0.84      0.53      0.65       161

    accuracy                           0.71       317
   macro avg       0.75      0.72      0.70       317
weighted avg       0.75      0.71      0.70       317
",0.793165015919872,0.7942852738815744,0.7720178372352285,"[0 1 1 0 1 0 1 0 0 0 0 0 0 0 0 0 0 0 1 0 0 1 1 0 0 0 0 1 1 0 0 0 1 1 0 0 0
 1 1 0 0 0 0 0 0 1 0 0 1 0 1 0 0 0 1 0 0 0 1 0 0 0 1 0 0 0 1 0 0 1 0 0 0 0
 0 1 1 1 0 0 1 0 0 0 0 0 1 0 0 0 0 0 0 0 0 0 0 0 0 0 0 0 0 0 0 0 0 1 1 0 1
 0 0 1 1 0 0 0 0 1 0 1 1 1 1 1 1 0 0 0 0 1 0 0 0 0 0 1 0 1 0 0 0 1 0 0 1 0
 1 1 0 0 0 0 0 1 0 0 0 0 1 1 0 0 0 0 0 1 0 1 0 1 0 1 0 0 1 0 1 0 0 0 0 0 0
 1 1 0 0 0 0 0 0 0 0 0 1 0 0 0 0 1 0 1 0 0 1 1 0 0 0 0 0 0 0 0 0 0 1 0 1 1
 1 0 1 0 1 0 0 1 1 1 1 0 0 0 0 0 1 1 1 0 1 0 0 0 1 0 0 0 0 1 0 0 0 1 0 0 0
 0 0 0 0 0 0 1 1 1 0 1 1 1 0 1 1 0 1 1 0 0 0 0 0 1 0 0 0 1 1 1 0 1 0 1 0 1
 0 0 0 0 0 0 1 1 0 1 0 1 0 0 0 0 1 0 1 1 0]","(100, 50, 100)",400,adam,50,relu,0.05,adaptive
